[2025-12-11T11:29:01]
Strategy: greedy_ig
Pairwise: equal
News mode: BM
Num agents: 2
Iteration: 0
Error margin: None
Gaussian radius 5 
Grid info: range: 0-50-50, cell_size:0.125, map shape: (400, 400), center:True
init UAV positions: [(25.0, 25.0, 5.4), (-25.0, 25.0, 5.4)]
mcts_params: {}
Step	Entropy	MSE	Coverage	Heights	Actions	IGs
------------------------------------------------------------------------------------------------------------------------
0    	158826.13   	0.405   	0.0078  	[5.4, 5.4]	[up, up]	[807.8971, 807.8971]
1    	155956.52   	0.409   	0.0312  	[10.8, 10.8]	[up, up]	[1049.1203, 1047.0929]
2    	152541.47   	0.419   	0.0703  	[16.2, 16.2]	[back, back]	[1218.5389, 1211.2301]
3    	149897.95   	0.414   	0.0938  	[16.2, 16.2]	[left, right]	[1511.4821, 1513.2401]
4    	146213.46   	0.412   	0.1250  	[16.2, 16.2]	[back, back]	[1730.0320, 1721.0269]
5    	142346.55   	0.399   	0.1562  	[16.2, 16.2]	[left, right]	[2049.3394, 2033.8366]
6    	137601.98   	0.393   	0.1953  	[16.2, 16.2]	[left, back]	[2284.4989, 2271.1261]
7    	132625.41   	0.388   	0.2344  	[16.2, 16.2]	[back, right]	[2618.9421, 2608.5872]
8    	126712.33   	0.365   	0.2812  	[16.2, 16.2]	[left, right]	[2640.3586, 2662.6611]
9    	121260.59   	0.362   	0.3281  	[16.2, 16.2]	[left, right]	[2690.2499, 2740.7310]
10   	115694.19   	0.359   	0.3750  	[16.2, 16.2]	[back, back]	[2617.9365, 2629.9455]
11   	110760.26   	0.335   	0.4219  	[16.2, 16.2]	[up, up]	[2750.5603, 2757.7026]
12   	105738.45   	0.305   	0.4844  	[21.7, 21.7]	[back, back]	[2800.8142, 2810.6333]
13   	100017.32   	0.271   	0.5391  	[21.7, 21.7]	[back, back]	[2906.6145, 2896.5401]
14   	94131.41    	0.243   	0.5938  	[21.7, 21.7]	[back, back]	[3018.8504, 3000.3773]
15   	88073.21    	0.210   	0.6484  	[21.7, 21.7]	[back, back]	[3131.3672, 3106.0494]
16   	81962.06    	0.188   	0.7031  	[21.7, 21.7]	[back, back]	[3234.4900, 3208.1794]
17   	75772.95    	0.165   	0.7578  	[21.7, 21.7]	[back, back]	[3314.7517, 3313.0284]
18   	69325.52    	0.153   	0.8125  	[21.7, 21.7]	[back, back]	[3328.4420, 3322.8989]
19   	62997.45    	0.151   	0.8672  	[21.7, 21.7]	[back, back]	[3320.3045, 3327.2619]
20   	56806.79    	0.155   	0.9219  	[21.7, 21.7]	[right, left]	[3214.5989, 3211.2783]
21   	49968.15    	0.125   	0.9844  	[21.7, 21.7]	[hover, hover]	[2753.1243, 2743.5155]
22   	47087.68    	0.114   	0.9844  	[21.7, 21.7]	[hover, hover]	[2342.8636, 2333.0811]
23   	44388.40    	0.105   	0.9844  	[21.7, 21.7]	[hover, hover]	[2013.7558, 1997.5935]
24   	41696.33    	0.095   	0.9844  	[21.7, 21.7]	[hover, hover]	[1734.1619, 1717.1954]
25   	39341.43    	0.089   	0.9844  	[21.7, 21.7]	[left, hover]	[1502.4279, 1480.1570]
26   	37652.37    	0.082   	0.9844  	[21.7, 21.7]	[left, right]	[1752.0419, 1307.6003]
27   	36302.87    	0.079   	0.9844  	[21.7, 21.7]	[left, right]	[1946.5173, 1583.4941]
28   	35023.56    	0.075   	0.9844  	[21.7, 21.7]	[left, right]	[2135.4819, 1829.0804]
29   	34044.55    	0.073   	0.9844  	[21.7, 21.7]	[front, front]	[1956.3405, 1651.9222]
30   	32994.34    	0.071   	0.9844  	[21.7, 21.7]	[front, up]	[1781.9912, 1585.0455]
31   	32044.90    	0.069   	0.9844  	[21.7, 27.1]	[left, right]	[2156.8188, 1883.8133]
32   	31222.22    	0.068   	0.9844  	[21.7, 27.1]	[left, right]	[2500.2925, 2213.3374]
33   	30384.39    	0.065   	0.9844  	[21.7, 27.1]	[left, right]	[2821.0093, 2500.7426]
34   	29444.77    	0.064   	0.9844  	[21.7, 27.1]	[left, right]	[3070.6773, 2758.2148]
35   	27074.97    	0.051   	1.0000  	[21.7, 27.1]	[front, down]	[2952.5406, 2878.5972]
36   	26534.73    	0.048   	1.0000  	[21.7, 21.7]	[front, right]	[2912.0697, 3046.3997]
37   	24991.93    	0.046   	1.0000  	[21.7, 21.7]	[front, front]	[2925.8595, 2726.9898]
38   	23763.20    	0.042   	1.0000  	[21.7, 21.7]	[front, front]	[2960.4192, 2727.4001]
39   	22495.92    	0.041   	1.0000  	[21.7, 21.7]	[front, front]	[3039.4698, 2762.6499]
40   	21386.50    	0.036   	1.0000  	[21.7, 21.7]	[front, front]	[3125.2446, 2804.0893]
41   	20147.07    	0.036   	1.0000  	[21.7, 21.7]	[hover, front]	[2639.0859, 2900.9578]
42   	19162.95    	0.032   	1.0000  	[21.7, 21.7]	[hover, front]	[2255.3851, 3000.6905]
43   	18038.32    	0.031   	1.0000  	[21.7, 21.7]	[hover, front]	[1925.5248, 3112.7425]
44   	17063.72    	0.029   	1.0000  	[21.7, 21.7]	[hover, hover]	[1655.0732, 2617.2219]
45   	16239.53    	0.026   	1.0000  	[21.7, 21.7]	[hover, hover]	[1436.6756, 2231.3954]
46   	15377.38    	0.025   	1.0000  	[21.7, 21.7]	[right, hover]	[1259.5725, 1907.0799]
47   	14815.97    	0.023   	1.0000  	[21.7, 21.7]	[left, hover]	[1113.6288, 1628.1489]
48   	14264.25    	0.022   	1.0000  	[21.7, 21.7]	[right, hover]	[979.2565, 1432.2646]
49   	13788.32    	0.021   	1.0000  	[21.7, 21.7]	[right, left]	[892.6705, 1259.8102]
50   	13296.89    	0.020   	1.0000  	[21.7, 21.7]	[right, left]	[784.9806, 1083.0421]
51   	12944.79    	0.019   	1.0000  	[21.7, 21.7]	[right, right]	[695.6413, 932.4220]
52   	12610.19    	0.019   	1.0000  	[21.7, 21.7]	[right, right]	[636.3517, 846.3853]
53   	12311.44    	0.018   	1.0000  	[21.7, 21.7]	[right, hover]	[569.4520, 730.2553]
54   	12087.87    	0.018   	1.0000  	[21.7, 21.7]	[right, back]	[549.8884, 639.2232]
55   	11901.29    	0.017   	1.0000  	[21.7, 21.7]	[right, back]	[733.0656, 611.1018]
56   	11671.41    	0.017   	1.0000  	[21.7, 21.7]	[back, back]	[649.1770, 628.0847]
57   	11454.48    	0.016   	1.0000  	[21.7, 21.7]	[back, back]	[605.3420, 696.0339]
58   	11304.61    	0.016   	1.0000  	[21.7, 21.7]	[back, back]	[576.1523, 790.3411]
59   	11015.00    	0.016   	1.0000  	[21.7, 21.7]	[back, back]	[561.1121, 917.1153]
60   	10725.19    	0.015   	1.0000  	[21.7, 21.7]	[back, back]	[568.5724, 1080.7045]
61   	10333.80    	0.015   	1.0000  	[21.7, 21.7]	[back, back]	[560.7227, 1359.1002]
62   	9826.61     	0.014   	1.0000  	[21.7, 21.7]	[back, hover]	[582.9238, 1149.5819]
63   	9396.56     	0.013   	1.0000  	[21.7, 21.7]	[hover, hover]	[504.2301, 965.3095]
64   	9065.77     	0.012   	1.0000  	[21.7, 21.7]	[hover, hover]	[449.7346, 839.6686]
65   	8842.69     	0.012   	1.0000  	[21.7, 21.7]	[up, hover]	[400.8030, 732.2502]
66   	8641.23     	0.011   	1.0000  	[27.1, 21.7]	[left, hover]	[485.1020, 650.2882]
67   	8429.35     	0.011   	1.0000  	[27.1, 21.7]	[left, hover]	[490.2289, 568.2682]
68   	8250.96     	0.011   	1.0000  	[27.1, 21.7]	[left, hover]	[560.8603, 505.0941]
69   	8094.47     	0.010   	1.0000  	[27.1, 21.7]	[left, hover]	[693.6221, 450.5724]
70   	7927.69     	0.010   	1.0000  	[27.1, 21.7]	[left, hover]	[842.5131, 402.9066]
71   	7733.81     	0.010   	1.0000  	[27.1, 21.7]	[left, hover]	[1006.3857, 358.0214]
72   	7481.60     	0.009   	1.0000  	[27.1, 21.7]	[left, hover]	[1191.2108, 317.1689]
73   	7082.64     	0.010   	1.0000  	[27.1, 21.7]	[down, left]	[1125.0280, 289.2148]
74   	6973.70     	0.009   	1.0000  	[21.7, 21.7]	[left, left]	[1331.5017, 275.2097]
75   	6519.12     	0.009   	1.0000  	[21.7, 21.7]	[back, left]	[1522.4250, 276.6731]
76   	6129.96     	0.008   	1.0000  	[21.7, 21.7]	[hover, left]	[1286.2784, 269.7142]
77   	5868.55     	0.007   	1.0000  	[21.7, 21.7]	[hover, left]	[1105.1142, 278.3950]
78   	5572.44     	0.007   	1.0000  	[21.7, 21.7]	[hover, left]	[943.7296, 320.5746]
79   	5315.30     	0.006   	1.0000  	[21.7, 21.7]	[hover, left]	[796.3373, 380.0729]
80   	5073.48     	0.006   	1.0000  	[21.7, 21.7]	[hover, up]	[685.8464, 433.1680]
81   	4828.99     	0.005   	1.0000  	[21.7, 27.1]	[hover, front]	[609.3589, 518.3536]
82   	4663.50     	0.005   	1.0000  	[21.7, 27.1]	[hover, front]	[528.7392, 510.6204]
83   	4548.05     	0.005   	1.0000  	[21.7, 27.1]	[hover, front]	[483.1149, 501.4384]
84   	4391.78     	0.004   	1.0000  	[21.7, 27.1]	[hover, front]	[427.2768, 495.1069]
85   	4277.77     	0.004   	1.0000  	[21.7, 27.1]	[hover, front]	[379.0682, 499.4711]
86   	4166.62     	0.004   	1.0000  	[21.7, 27.1]	[hover, front]	[335.7156, 508.2326]
87   	4056.57     	0.004   	1.0000  	[21.7, 27.1]	[hover, front]	[298.3543, 550.6106]
88   	3947.46     	0.004   	1.0000  	[21.7, 27.1]	[hover, down]	[264.2691, 520.0216]
89   	3860.67     	0.003   	1.0000  	[21.7, 21.7]	[hover, left]	[237.5881, 620.7763]
90   	3779.90     	0.003   	1.0000  	[21.7, 21.7]	[hover, front]	[207.3739, 657.4544]
91   	3650.27     	0.003   	1.0000  	[21.7, 21.7]	[hover, hover]	[185.9549, 576.3882]
92   	3540.11     	0.003   	1.0000  	[21.7, 21.7]	[hover, hover]	[165.8670, 510.8128]
93   	3445.32     	0.003   	1.0000  	[21.7, 21.7]	[hover, hover]	[150.7972, 445.4604]
94   	3360.82     	0.003   	1.0000  	[21.7, 21.7]	[hover, hover]	[135.6697, 394.7335]
95   	3301.59     	0.002   	1.0000  	[21.7, 21.7]	[front, hover]	[125.2163, 347.7054]
96   	3251.54     	0.002   	1.0000  	[21.7, 21.7]	[front, hover]	[126.6166, 303.4608]
97   	3183.33     	0.002   	1.0000  	[21.7, 21.7]	[front, hover]	[166.0306, 264.3647]
98   	3137.76     	0.002   	1.0000  	[21.7, 21.7]	[front, hover]	[201.6916, 234.0688]
99   	3093.18     	0.002   	1.0000  	[21.7, 21.7]	[front, hover]	[243.7582, 206.8328]
[2025-12-11T11:29:06]
Strategy: greedy_ig
Pairwise: equal
News mode: BM
Num agents: 2
Iteration: 1
Error margin: None
Gaussian radius 5 
Grid info: range: 0-50-50, cell_size:0.125, map shape: (400, 400), center:True
init UAV positions: [(25.0, -25.0, 5.4), (-25.0, 25.0, 5.4)]
mcts_params: {}
Step	Entropy	MSE	Coverage	Heights	Actions	IGs
------------------------------------------------------------------------------------------------------------------------
0    	158826.13   	0.405   	0.0078  	[5.4, 5.4]	[up, up]	[807.8971, 807.8971]
1    	155964.66   	0.409   	0.0312  	[10.8, 10.8]	[up, up]	[1051.1477, 1047.0929]
2    	152524.87   	0.410   	0.0703  	[16.2, 16.2]	[front, back]	[1218.2969, 1211.2301]
3    	149888.35   	0.400   	0.0938  	[16.2, 16.2]	[left, right]	[1511.8357, 1513.2401]
4    	146240.63   	0.394   	0.1250  	[16.2, 16.2]	[left, back]	[1731.2276, 1721.0269]
5    	142347.72   	0.388   	0.1562  	[16.2, 16.2]	[front, right]	[2047.6025, 2033.8366]
6    	137580.93   	0.371   	0.1953  	[16.2, 16.2]	[front, back]	[2272.2707, 2271.1261]
7    	132600.41   	0.351   	0.2344  	[16.2, 16.2]	[left, right]	[2610.4086, 2608.5872]
8    	126683.18   	0.343   	0.2812  	[16.2, 16.2]	[left, right]	[2647.5100, 2662.6611]
9    	121238.04   	0.338   	0.3281  	[16.2, 16.2]	[left, right]	[2713.4628, 2740.7310]
10   	115571.88   	0.329   	0.3750  	[16.2, 16.2]	[left, right]	[2789.1099, 2807.4724]
11   	109798.79   	0.320   	0.4219  	[16.2, 16.2]	[left, right]	[2855.0253, 2882.3509]
12   	103937.07   	0.312   	0.4688  	[16.2, 16.2]	[left, right]	[2921.6969, 2914.4344]
13   	98041.22    	0.304   	0.5156  	[16.2, 16.2]	[left, right]	[2918.2589, 2914.3902]
14   	92189.89    	0.294   	0.5625  	[16.2, 16.2]	[left, right]	[2918.0995, 2912.2133]
15   	86349.67    	0.284   	0.6094  	[16.2, 16.2]	[left, right]	[2914.9629, 2906.6958]
16   	80582.42    	0.273   	0.6562  	[16.2, 16.2]	[left, right]	[2931.8914, 2903.3602]
17   	74798.24    	0.262   	0.7031  	[16.2, 16.2]	[left, right]	[2926.5707, 2915.0904]
18   	68942.00    	0.249   	0.7500  	[16.2, 16.2]	[front, back]	[2747.8401, 2718.2232]
19   	64105.83    	0.213   	0.7969  	[16.2, 16.2]	[front, back]	[2679.1779, 2666.6585]
20   	58776.18    	0.179   	0.8438  	[16.2, 16.2]	[front, back]	[2690.3604, 2682.9836]
21   	53436.73    	0.150   	0.8906  	[16.2, 16.2]	[front, back]	[2751.4939, 2750.4925]
22   	47859.04    	0.122   	0.9375  	[16.2, 16.2]	[front, back]	[2849.8094, 2829.4458]
23   	45802.32    	0.114   	0.9375  	[16.2, 16.2]	[front, back]	[2925.0965, 2930.4923]
24   	43643.90    	0.104   	0.9375  	[16.2, 16.2]	[front, back]	[2915.8164, 2919.5038]
25   	42186.23    	0.098   	0.9375  	[16.2, 16.2]	[front, back]	[2908.6021, 2915.3153]
26   	41036.09    	0.094   	0.9375  	[16.2, 16.2]	[front, back]	[2903.3205, 2922.5966]
27   	40130.74    	0.092   	0.9375  	[16.2, 16.2]	[front, back]	[2898.3346, 2912.3853]
28   	39449.79    	0.091   	0.9375  	[16.2, 16.2]	[right, left]	[2698.2336, 2733.6072]
29   	38501.46    	0.089   	0.9375  	[16.2, 16.2]	[right, left]	[2653.7270, 2660.6394]
30   	37506.76    	0.089   	0.9375  	[16.2, 16.2]	[right, left]	[2679.7807, 2673.3768]
31   	36463.81    	0.087   	0.9375  	[16.2, 16.2]	[right, left]	[2741.8879, 2735.7003]
32   	35298.85    	0.086   	0.9375  	[16.2, 16.2]	[right, left]	[2818.7621, 2823.3404]
33   	34435.43    	0.085   	0.9375  	[16.2, 16.2]	[right, left]	[2924.7337, 2909.3377]
34   	33446.28    	0.083   	0.9375  	[16.2, 16.2]	[right, left]	[2913.9981, 2931.0198]
35   	32372.00    	0.082   	0.9375  	[16.2, 16.2]	[right, left]	[2910.1728, 2929.2335]
36   	31054.97    	0.080   	0.9375  	[16.2, 16.2]	[right, left]	[2904.9622, 2920.1880]
37   	29459.14    	0.078   	0.9375  	[16.2, 16.2]	[right, left]	[2906.2239, 2931.2672]
38   	27294.73    	0.077   	0.9375  	[16.2, 16.2]	[back, front]	[2723.1343, 2739.5880]
39   	26550.88    	0.072   	0.9375  	[16.2, 16.2]	[back, front]	[2678.5218, 2666.9826]
40   	25671.54    	0.067   	0.9375  	[16.2, 16.2]	[back, front]	[2694.7884, 2681.4164]
41   	24604.64    	0.064   	0.9375  	[16.2, 16.2]	[back, front]	[2746.0126, 2744.6711]
42   	23519.42    	0.061   	0.9375  	[16.2, 16.2]	[left, right]	[2325.6844, 2343.5851]
43   	19780.24    	0.050   	0.9688  	[16.2, 16.2]	[left, right]	[2151.3495, 2166.1543]
44   	16177.71    	0.030   	1.0000  	[16.2, 16.2]	[left, right]	[1886.9818, 1899.7496]
45   	15367.83    	0.025   	1.0000  	[16.2, 16.2]	[left, right]	[1705.3576, 1703.5132]
46   	14101.34    	0.021   	1.0000  	[16.2, 16.2]	[back, front]	[1338.2454, 1327.9296]
47   	13381.60    	0.019   	1.0000  	[16.2, 16.2]	[back, front]	[1154.1955, 1142.2636]
48   	12873.71    	0.017   	1.0000  	[16.2, 16.2]	[back, right]	[926.8599, 923.2963]
49   	12488.29    	0.016   	1.0000  	[16.2, 16.2]	[up, right]	[836.2097, 796.3112]
50   	12182.54    	0.015   	1.0000  	[21.7, 16.2]	[right, right]	[825.0308, 704.7319]
51   	11887.06    	0.014   	1.0000  	[21.7, 16.2]	[right, up]	[822.6448, 631.4675]
52   	11626.82    	0.013   	1.0000  	[21.7, 21.7]	[right, front]	[921.5678, 644.5371]
53   	11266.80    	0.013   	1.0000  	[21.7, 21.7]	[back, front]	[821.6882, 649.8220]
54   	10963.82    	0.012   	1.0000  	[21.7, 21.7]	[back, front]	[736.1266, 683.0326]
55   	10600.29    	0.012   	1.0000  	[21.7, 21.7]	[front, right]	[655.3330, 736.7423]
56   	10298.84    	0.012   	1.0000  	[21.7, 21.7]	[front, right]	[586.7184, 824.1678]
57   	9844.09     	0.012   	1.0000  	[21.7, 21.7]	[front, hover]	[523.9615, 714.4147]
58   	9505.00     	0.012   	1.0000  	[21.7, 21.7]	[front, hover]	[483.2330, 617.3522]
59   	9286.74     	0.011   	1.0000  	[21.7, 21.7]	[front, hover]	[506.2349, 539.4868]
60   	9037.47     	0.011   	1.0000  	[21.7, 21.7]	[front, hover]	[532.8411, 461.7553]
61   	8822.53     	0.010   	1.0000  	[21.7, 21.7]	[front, hover]	[583.8591, 405.4364]
62   	8624.38     	0.010   	1.0000  	[21.7, 21.7]	[hover, hover]	[511.7843, 343.6198]
63   	8471.92     	0.009   	1.0000  	[21.7, 21.7]	[up, hover]	[477.0515, 304.2220]
64   	8343.88     	0.009   	1.0000  	[27.1, 21.7]	[left, hover]	[545.7150, 275.7198]
65   	8215.03     	0.009   	1.0000  	[27.1, 21.7]	[hover, back]	[510.4028, 271.8229]
66   	8153.93     	0.009   	1.0000  	[27.1, 21.7]	[hover, back]	[488.9320, 298.4261]
67   	8057.68     	0.009   	1.0000  	[27.1, 21.7]	[hover, back]	[462.8708, 311.3578]
68   	7980.84     	0.008   	1.0000  	[27.1, 21.7]	[hover, back]	[439.0656, 356.8112]
69   	7902.56     	0.008   	1.0000  	[27.1, 21.7]	[hover, back]	[410.8266, 437.9087]
70   	7832.83     	0.008   	1.0000  	[27.1, 21.7]	[left, back]	[386.0474, 528.9487]
71   	7776.25     	0.008   	1.0000  	[27.1, 21.7]	[left, back]	[399.5735, 653.4859]
72   	7685.37     	0.008   	1.0000  	[27.1, 21.7]	[left, back]	[435.7304, 813.1092]
73   	7526.17     	0.008   	1.0000  	[27.1, 21.7]	[left, hover]	[492.2401, 710.1443]
74   	7394.76     	0.008   	1.0000  	[27.1, 21.7]	[left, hover]	[566.1424, 620.1807]
75   	7236.52     	0.008   	1.0000  	[27.1, 21.7]	[left, hover]	[667.9375, 543.0438]
76   	7018.01     	0.007   	1.0000  	[27.1, 21.7]	[down, hover]	[628.1643, 480.3617]
77   	6841.22     	0.007   	1.0000  	[21.7, 21.7]	[left, left]	[714.0402, 432.4366]
78   	6614.68     	0.007   	1.0000  	[21.7, 21.7]	[front, left]	[741.0339, 406.9684]
79   	6473.42     	0.006   	1.0000  	[21.7, 21.7]	[hover, left]	[648.9734, 381.8725]
80   	6272.83     	0.006   	1.0000  	[21.7, 21.7]	[hover, left]	[568.9149, 389.6956]
81   	6129.59     	0.006   	1.0000  	[21.7, 21.7]	[hover, left]	[501.9430, 444.9821]
82   	5891.41     	0.006   	1.0000  	[21.7, 21.7]	[hover, left]	[439.5085, 538.3878]
83   	5713.08     	0.005   	1.0000  	[21.7, 21.7]	[hover, left]	[387.4230, 657.8721]
84   	5438.66     	0.006   	1.0000  	[21.7, 21.7]	[hover, left]	[344.8489, 837.9999]
85   	4993.78     	0.006   	1.0000  	[21.7, 21.7]	[hover, hover]	[305.5278, 729.2930]
86   	4755.06     	0.006   	1.0000  	[21.7, 21.7]	[back, front]	[274.6919, 648.6422]
87   	4594.08     	0.005   	1.0000  	[21.7, 21.7]	[back, front]	[284.7888, 644.8235]
88   	4497.71     	0.004   	1.0000  	[21.7, 21.7]	[back, front]	[292.7567, 632.6164]
89   	4391.27     	0.004   	1.0000  	[21.7, 21.7]	[back, front]	[323.7355, 593.8698]
90   	4309.03     	0.004   	1.0000  	[21.7, 21.7]	[back, front]	[398.1473, 596.4383]
91   	4239.82     	0.004   	1.0000  	[21.7, 21.7]	[back, front]	[497.0978, 618.4744]
92   	4139.01     	0.004   	1.0000  	[21.7, 21.7]	[back, front]	[627.2146, 615.1410]
93   	4022.80     	0.003   	1.0000  	[21.7, 21.7]	[back, front]	[789.4457, 615.0995]
94   	3753.73     	0.003   	1.0000  	[21.7, 21.7]	[hover, hover]	[690.5400, 549.8665]
95   	3636.52     	0.003   	1.0000  	[21.7, 21.7]	[hover, hover]	[602.1465, 488.4872]
96   	3512.74     	0.003   	1.0000  	[21.7, 21.7]	[hover, hover]	[526.6986, 431.0877]
97   	3393.11     	0.003   	1.0000  	[21.7, 21.7]	[hover, hover]	[465.1381, 380.8097]
98   	3289.51     	0.002   	1.0000  	[21.7, 21.7]	[hover, hover]	[406.1983, 334.8627]
99   	3201.86     	0.002   	1.0000  	[21.7, 21.7]	[hover, hover]	[361.5838, 296.2241]
[2025-12-11T11:29:12]
Strategy: greedy_ig
Pairwise: equal
News mode: BM
Num agents: 2
Iteration: 2
Error margin: None
Gaussian radius 5 
Grid info: range: 0-50-50, cell_size:0.125, map shape: (400, 400), center:True
init UAV positions: [(25.0, -25.0, 5.4), (-25.0, -25.0, 5.4)]
mcts_params: {}
Step	Entropy	MSE	Coverage	Heights	Actions	IGs
------------------------------------------------------------------------------------------------------------------------
0    	158826.13   	0.405   	0.0078  	[5.4, 5.4]	[up, up]	[807.8971, 807.8971]
1    	155957.34   	0.409   	0.0312  	[10.8, 10.8]	[up, up]	[1051.1477, 1045.2682]
2    	152544.40   	0.409   	0.0703  	[16.2, 16.2]	[front, front]	[1218.2969, 1211.1633]
3    	149870.03   	0.400   	0.0938  	[16.2, 16.2]	[left, right]	[1511.8357, 1502.6331]
4    	146239.10   	0.394   	0.1250  	[16.2, 16.2]	[left, front]	[1731.2276, 1715.3999]
5    	142340.97   	0.388   	0.1562  	[16.2, 16.2]	[front, right]	[2047.6025, 2030.3312]
6    	137570.67   	0.371   	0.1953  	[16.2, 16.2]	[front, front]	[2272.2707, 2270.6766]
7    	132630.76   	0.345   	0.2344  	[16.2, 16.2]	[left, right]	[2610.4086, 2614.8251]
8    	126648.96   	0.338   	0.2812  	[16.2, 16.2]	[left, right]	[2647.5100, 2663.7193]
9    	121178.34   	0.333   	0.3281  	[16.2, 16.2]	[left, right]	[2713.4628, 2737.8499]
10   	115529.25   	0.318   	0.3750  	[16.2, 16.2]	[front, front]	[2617.6554, 2623.8871]
11   	110722.40   	0.287   	0.4219  	[16.2, 16.2]	[up, up]	[2760.0029, 2754.1680]
12   	105466.41   	0.257   	0.4844  	[21.7, 21.7]	[front, front]	[2801.7432, 2799.4193]
13   	99976.74    	0.224   	0.5391  	[21.7, 21.7]	[front, front]	[2900.9646, 2902.6060]
14   	94039.68    	0.201   	0.5938  	[21.7, 21.7]	[front, front]	[3025.5991, 2999.0707]
15   	88094.72    	0.175   	0.6484  	[21.7, 21.7]	[front, front]	[3145.2042, 3117.1687]
16   	81869.60    	0.157   	0.7031  	[21.7, 21.7]	[front, front]	[3225.7799, 3214.0487]
17   	75733.39    	0.139   	0.7578  	[21.7, 21.7]	[front, front]	[3321.2447, 3307.5508]
18   	69118.34    	0.144   	0.8125  	[21.7, 21.7]	[front, front]	[3327.3831, 3307.9974]
19   	62934.85    	0.145   	0.8672  	[21.7, 21.7]	[front, front]	[3328.1787, 3320.8455]
20   	56712.22    	0.147   	0.9219  	[21.7, 21.7]	[right, left]	[3216.7054, 3202.7877]
21   	49783.31    	0.123   	0.9844  	[21.7, 21.7]	[hover, hover]	[2748.2816, 2736.2919]
22   	47067.13    	0.113   	0.9844  	[21.7, 21.7]	[hover, hover]	[2340.7779, 2333.0285]
23   	44323.22    	0.103   	0.9844  	[21.7, 21.7]	[hover, hover]	[2005.1684, 2005.5116]
24   	41767.43    	0.094   	0.9844  	[21.7, 21.7]	[hover, hover]	[1740.2398, 1729.4962]
25   	39169.58    	0.088   	0.9844  	[21.7, 21.7]	[hover, right]	[1498.8124, 1488.4587]
26   	37571.80    	0.081   	0.9844  	[21.7, 21.7]	[left, right]	[1318.6722, 1741.3782]
27   	36328.19    	0.078   	0.9844  	[21.7, 21.7]	[left, right]	[1604.1329, 1947.9086]
28   	35012.37    	0.074   	0.9844  	[21.7, 21.7]	[left, right]	[1838.9767, 2133.1910]
29   	34057.43    	0.072   	0.9844  	[21.7, 21.7]	[back, back]	[1663.8338, 1947.8707]
30   	32902.71    	0.069   	0.9844  	[21.7, 21.7]	[up, back]	[1594.2849, 1779.3363]
31   	31943.62    	0.068   	0.9844  	[27.1, 21.7]	[left, right]	[1880.6900, 2161.1983]
32   	31080.75    	0.066   	0.9844  	[27.1, 21.7]	[left, right]	[2217.1416, 2489.9042]
33   	30265.58    	0.064   	0.9844  	[27.1, 21.7]	[left, right]	[2501.5702, 2819.4980]
34   	29257.28    	0.063   	0.9844  	[27.1, 21.7]	[left, right]	[2755.8298, 3085.0697]
35   	26940.05    	0.050   	1.0000  	[27.1, 21.7]	[down, back]	[2886.5440, 2963.9477]
36   	26431.37    	0.046   	1.0000  	[21.7, 21.7]	[left, back]	[3057.2610, 2931.8625]
37   	24737.20    	0.046   	1.0000  	[21.7, 21.7]	[back, back]	[2731.9181, 2936.6678]
38   	23519.75    	0.041   	1.0000  	[21.7, 21.7]	[back, back]	[2738.4736, 2963.8436]
39   	22389.54    	0.039   	1.0000  	[21.7, 21.7]	[back, back]	[2761.8549, 3032.6759]
40   	21290.49    	0.035   	1.0000  	[21.7, 21.7]	[back, back]	[2813.7356, 3132.1654]
41   	20130.77    	0.034   	1.0000  	[21.7, 21.7]	[back, hover]	[2897.3920, 2633.6613]
42   	19115.70    	0.032   	1.0000  	[21.7, 21.7]	[back, hover]	[3001.2836, 2237.7412]
43   	18101.95    	0.030   	1.0000  	[21.7, 21.7]	[back, hover]	[3124.2378, 1921.2979]
44   	17060.02    	0.028   	1.0000  	[21.7, 21.7]	[hover, hover]	[2625.3706, 1653.4102]
45   	16195.79    	0.026   	1.0000  	[21.7, 21.7]	[hover, hover]	[2233.3303, 1434.1068]
46   	15483.40    	0.024   	1.0000  	[21.7, 21.7]	[hover, left]	[1918.0382, 1257.8833]
47   	14844.91    	0.022   	1.0000  	[21.7, 21.7]	[hover, right]	[1632.9327, 1100.0865]
48   	14289.87    	0.022   	1.0000  	[21.7, 21.7]	[right, left]	[1423.4414, 982.2551]
49   	13815.19    	0.020   	1.0000  	[21.7, 21.7]	[left, left]	[1249.3591, 887.1918]
50   	13293.81    	0.020   	1.0000  	[21.7, 21.7]	[right, left]	[1069.7610, 810.2897]
51   	12897.28    	0.019   	1.0000  	[21.7, 21.7]	[right, left]	[938.2571, 706.4798]
52   	12589.61    	0.018   	1.0000  	[21.7, 21.7]	[right, left]	[823.5373, 626.0633]
53   	12340.00    	0.017   	1.0000  	[21.7, 21.7]	[right, left]	[716.6958, 575.9311]
54   	12131.00    	0.017   	1.0000  	[21.7, 21.7]	[right, left]	[664.1640, 571.6270]
55   	11967.43    	0.016   	1.0000  	[21.7, 21.7]	[right, left]	[618.2791, 788.4622]
56   	11775.87    	0.016   	1.0000  	[21.7, 21.7]	[right, front]	[604.8871, 698.1920]
57   	11591.42    	0.016   	1.0000  	[21.7, 21.7]	[right, front]	[812.0877, 654.2502]
58   	11301.19    	0.015   	1.0000  	[21.7, 21.7]	[front, front]	[703.6866, 634.2650]
59   	11068.03    	0.015   	1.0000  	[21.7, 21.7]	[front, front]	[644.3753, 622.7664]
60   	10808.25    	0.014   	1.0000  	[21.7, 21.7]	[front, front]	[598.3747, 619.1015]
61   	10452.73    	0.014   	1.0000  	[21.7, 21.7]	[front, front]	[583.9839, 630.1104]
62   	10058.08    	0.014   	1.0000  	[21.7, 21.7]	[front, front]	[563.2986, 648.4414]
63   	9535.26     	0.013   	1.0000  	[21.7, 21.7]	[front, front]	[558.3835, 694.1644]
64   	8899.20     	0.012   	1.0000  	[21.7, 21.7]	[front, hover]	[559.7173, 606.8748]
65   	8305.17     	0.011   	1.0000  	[21.7, 21.7]	[front, hover]	[588.8497, 536.0914]
66   	7652.77     	0.011   	1.0000  	[21.7, 21.7]	[hover, hover]	[516.0080, 472.3011]
67   	7128.63     	0.010   	1.0000  	[21.7, 21.7]	[hover, hover]	[451.1800, 418.0361]
68   	6709.99     	0.009   	1.0000  	[21.7, 21.7]	[hover, hover]	[396.5458, 367.1253]
69   	6384.73     	0.008   	1.0000  	[21.7, 21.7]	[hover, right]	[352.6218, 333.6476]
70   	6054.03     	0.007   	1.0000  	[21.7, 21.7]	[hover, right]	[312.6779, 416.0073]
71   	5787.19     	0.007   	1.0000  	[21.7, 21.7]	[left, right]	[281.3267, 521.2383]
72   	5650.94     	0.006   	1.0000  	[21.7, 21.7]	[left, right]	[343.7949, 647.5498]
73   	5554.39     	0.006   	1.0000  	[21.7, 21.7]	[left, right]	[443.0916, 864.3064]
74   	5459.69     	0.006   	1.0000  	[21.7, 21.7]	[left, right]	[622.6956, 1128.9749]
75   	5361.39     	0.006   	1.0000  	[21.7, 21.7]	[left, right]	[814.9131, 1435.3066]
76   	5255.10     	0.005   	1.0000  	[21.7, 21.7]	[left, right]	[1003.1040, 1727.8861]
77   	5018.25     	0.005   	1.0000  	[21.7, 21.7]	[left, hover]	[1185.1508, 1478.6299]
78   	4865.29     	0.005   	1.0000  	[21.7, 21.7]	[left, hover]	[1405.0480, 1277.2465]
79   	4640.91     	0.005   	1.0000  	[21.7, 21.7]	[hover, hover]	[1213.4942, 1106.0504]
80   	4485.60     	0.004   	1.0000  	[21.7, 21.7]	[hover, hover]	[1053.9695, 963.7154]
81   	4337.05     	0.004   	1.0000  	[21.7, 21.7]	[hover, hover]	[918.3306, 842.7837]
82   	4190.05     	0.004   	1.0000  	[21.7, 21.7]	[hover, hover]	[804.0324, 728.9732]
83   	4067.89     	0.004   	1.0000  	[21.7, 21.7]	[hover, hover]	[699.7304, 635.8898]
84   	3967.80     	0.004   	1.0000  	[21.7, 21.7]	[hover, hover]	[613.8860, 559.6199]
85   	3872.87     	0.003   	1.0000  	[21.7, 21.7]	[hover, hover]	[537.3064, 486.2975]
86   	3773.82     	0.003   	1.0000  	[21.7, 21.7]	[hover, hover]	[473.1039, 423.9815]
87   	3709.63     	0.003   	1.0000  	[21.7, 21.7]	[hover, hover]	[416.7687, 375.7755]
88   	3639.89     	0.003   	1.0000  	[21.7, 21.7]	[hover, hover]	[366.4062, 328.3533]
89   	3571.34     	0.003   	1.0000  	[21.7, 21.7]	[hover, hover]	[325.5431, 291.1408]
90   	3528.88     	0.003   	1.0000  	[21.7, 21.7]	[hover, hover]	[290.9615, 259.6865]
91   	3490.63     	0.003   	1.0000  	[21.7, 21.7]	[hover, hover]	[260.6560, 237.2446]
92   	3458.89     	0.003   	1.0000  	[21.7, 21.7]	[hover, back]	[232.8493, 210.3299]
93   	3415.13     	0.002   	1.0000  	[21.7, 21.7]	[back, back]	[205.2197, 195.1645]
94   	3376.71     	0.002   	1.0000  	[21.7, 21.7]	[back, back]	[210.1264, 219.1124]
95   	3324.87     	0.002   	1.0000  	[21.7, 21.7]	[back, back]	[239.1037, 252.9448]
96   	3263.79     	0.002   	1.0000  	[21.7, 21.7]	[back, back]	[280.3832, 303.2386]
97   	3212.79     	0.002   	1.0000  	[21.7, 21.7]	[back, back]	[322.0615, 354.2322]
98   	3168.34     	0.002   	1.0000  	[21.7, 21.7]	[back, back]	[393.8168, 418.8106]
99   	3087.61     	0.002   	1.0000  	[21.7, 21.7]	[back, back]	[460.3405, 494.5065]
[2025-12-11T11:29:18]
Strategy: greedy_ig
Pairwise: equal
News mode: BM
Num agents: 2
Iteration: 3
Error margin: None
Gaussian radius 5 
Grid info: range: 0-50-50, cell_size:0.125, map shape: (400, 400), center:True
init UAV positions: [(-25.0, 25.0, 5.4), (25.0, 25.0, 5.4)]
mcts_params: {}
Step	Entropy	MSE	Coverage	Heights	Actions	IGs
------------------------------------------------------------------------------------------------------------------------
0    	158826.13   	0.405   	0.0078  	[5.4, 5.4]	[up, up]	[807.8971, 807.8971]
1    	155982.55   	0.409   	0.0312  	[10.8, 10.8]	[up, up]	[1054.7971, 1047.9038]
2    	152567.93   	0.418   	0.0703  	[16.2, 16.2]	[back, back]	[1216.9217, 1217.4506]
3    	149872.18   	0.414   	0.0938  	[16.2, 16.2]	[right, left]	[1508.5186, 1511.4962]
4    	146200.98   	0.412   	0.1250  	[16.2, 16.2]	[back, back]	[1731.0915, 1714.0178]
5    	142371.72   	0.398   	0.1562  	[16.2, 16.2]	[right, left]	[2045.6554, 2036.4962]
6    	137625.72   	0.393   	0.1953  	[16.2, 16.2]	[back, back]	[2291.3885, 2273.2519]
7    	132534.25   	0.375   	0.2344  	[16.2, 16.2]	[right, left]	[2607.7770, 2608.2215]
8    	126627.46   	0.364   	0.2812  	[16.2, 16.2]	[right, left]	[2659.4057, 2642.7560]
9    	121198.99   	0.364   	0.3281  	[16.2, 16.2]	[right, left]	[2721.9916, 2727.9030]
10   	115580.32   	0.356   	0.3750  	[16.2, 16.2]	[back, back]	[2620.9045, 2624.7392]
11   	110679.26   	0.335   	0.4219  	[16.2, 16.2]	[up, up]	[2757.1329, 2748.0052]
12   	105562.80   	0.306   	0.4844  	[21.7, 21.7]	[back, back]	[2803.5859, 2799.0120]
13   	99977.42    	0.272   	0.5391  	[21.7, 21.7]	[back, back]	[2909.7111, 2900.0880]
14   	94111.15    	0.243   	0.5938  	[21.7, 21.7]	[back, back]	[3012.2754, 3001.1519]
15   	88116.51    	0.210   	0.6484  	[21.7, 21.7]	[back, back]	[3122.0313, 3111.5307]
16   	81958.09    	0.188   	0.7031  	[21.7, 21.7]	[back, back]	[3226.3186, 3213.2471]
17   	75704.77    	0.165   	0.7578  	[21.7, 21.7]	[back, back]	[3313.5998, 3309.2998]
18   	69261.67    	0.153   	0.8125  	[21.7, 21.7]	[back, back]	[3326.3731, 3318.4689]
19   	62940.62    	0.151   	0.8672  	[21.7, 21.7]	[back, back]	[3320.8097, 3326.0683]
20   	56777.71    	0.154   	0.9219  	[21.7, 21.7]	[left, right]	[3208.3223, 3207.4799]
21   	49838.46    	0.125   	0.9844  	[21.7, 21.7]	[hover, hover]	[2747.6182, 2740.1209]
22   	47129.08    	0.114   	0.9844  	[21.7, 21.7]	[hover, hover]	[2343.7891, 2329.2231]
23   	44315.13    	0.105   	0.9844  	[21.7, 21.7]	[hover, hover]	[2012.3023, 1986.8956]
24   	41759.63    	0.095   	0.9844  	[21.7, 21.7]	[hover, hover]	[1734.5389, 1717.7236]
25   	39281.31    	0.089   	0.9844  	[21.7, 21.7]	[hover, hover]	[1505.0960, 1475.6982]
26   	37076.09    	0.082   	0.9844  	[21.7, 21.7]	[right, left]	[1345.6184, 1318.8631]
27   	36029.40    	0.079   	0.9844  	[21.7, 21.7]	[right, left]	[1623.0451, 1603.9221]
28   	34655.28    	0.075   	0.9844  	[21.7, 21.7]	[right, left]	[1857.7013, 1847.7067]
29   	33518.71    	0.073   	0.9844  	[21.7, 21.7]	[right, left]	[2083.6048, 2066.0884]
30   	32693.25    	0.070   	0.9844  	[21.7, 21.7]	[right, left]	[2416.1831, 2415.2897]
31   	31935.60    	0.069   	0.9844  	[21.7, 21.7]	[right, left]	[2794.5222, 2785.1139]
32   	31034.21    	0.067   	0.9844  	[21.7, 21.7]	[right, left]	[3089.2506, 3071.6387]
33   	30119.30    	0.066   	0.9844  	[21.7, 21.7]	[right, left]	[3319.0141, 3302.6899]
34   	28461.58    	0.064   	0.9844  	[21.7, 21.7]	[front, front]	[3116.2924, 3110.6888]
35   	26639.26    	0.054   	0.9922  	[21.7, 21.7]	[front, front]	[2996.6324, 3004.7715]
36   	24898.89    	0.046   	1.0000  	[21.7, 21.7]	[front, front]	[2949.1431, 2949.6678]
37   	23720.97    	0.042   	1.0000  	[21.7, 21.7]	[front, front]	[2950.2407, 2952.7014]
38   	22512.92    	0.040   	1.0000  	[21.7, 21.7]	[front, front]	[3004.2577, 2989.2470]
39   	21377.08    	0.037   	1.0000  	[21.7, 21.7]	[front, front]	[3061.5270, 3054.1854]
40   	20211.99    	0.035   	1.0000  	[21.7, 21.7]	[front, front]	[3145.1913, 3154.0042]
41   	18922.94    	0.032   	1.0000  	[21.7, 21.7]	[front, front]	[3243.2609, 3249.3089]
42   	17416.95    	0.031   	1.0000  	[21.7, 21.7]	[hover, hover]	[2732.4677, 2736.7556]
43   	16329.35    	0.027   	1.0000  	[21.7, 21.7]	[hover, hover]	[2327.5027, 2338.6493]
44   	15418.56    	0.026   	1.0000  	[21.7, 21.7]	[hover, hover]	[1996.1570, 2004.5605]
45   	14596.85    	0.024   	1.0000  	[21.7, 21.7]	[hover, hover]	[1726.4341, 1717.6545]
46   	13883.82    	0.022   	1.0000  	[21.7, 21.7]	[hover, right]	[1497.2706, 1499.0282]
47   	13208.07    	0.020   	1.0000  	[21.7, 21.7]	[left, left]	[1308.9793, 1320.0277]
48   	12654.63    	0.019   	1.0000  	[21.7, 21.7]	[left, right]	[1166.4267, 1138.4974]
49   	12195.82    	0.018   	1.0000  	[21.7, 21.7]	[left, right]	[1034.2335, 1018.8285]
50   	11750.42    	0.017   	1.0000  	[21.7, 21.7]	[hover, right]	[885.0139, 908.8353]
51   	11379.08    	0.016   	1.0000  	[21.7, 21.7]	[right, right]	[778.8629, 796.0386]
52   	11120.75    	0.016   	1.0000  	[21.7, 21.7]	[right, left]	[721.0265, 717.0194]
53   	10841.76    	0.015   	1.0000  	[21.7, 21.7]	[right, left]	[724.2047, 654.7329]
54   	10597.56    	0.015   	1.0000  	[21.7, 21.7]	[hover, left]	[649.1221, 623.1400]
55   	10355.87    	0.014   	1.0000  	[21.7, 21.7]	[back, left]	[593.0437, 646.0870]
56   	10075.98    	0.014   	1.0000  	[21.7, 21.7]	[back, back]	[579.8412, 584.8133]
57   	9890.56     	0.013   	1.0000  	[21.7, 21.7]	[back, back]	[603.6138, 567.3302]
58   	9592.73     	0.013   	1.0000  	[21.7, 21.7]	[back, back]	[656.7057, 605.1167]
59   	9352.38     	0.012   	1.0000  	[21.7, 21.7]	[back, back]	[762.3155, 671.1124]
60   	9019.22     	0.012   	1.0000  	[21.7, 21.7]	[back, back]	[895.4337, 763.2948]
61   	8661.50     	0.011   	1.0000  	[21.7, 21.7]	[back, back]	[1051.3523, 894.6698]
62   	8229.15     	0.011   	1.0000  	[21.7, 21.7]	[back, back]	[1245.8082, 1046.5812]
63   	7618.28     	0.010   	1.0000  	[21.7, 21.7]	[hover, back]	[1076.1462, 1247.7815]
64   	7103.20     	0.009   	1.0000  	[21.7, 21.7]	[hover, hover]	[934.9440, 1074.4919]
65   	6662.85     	0.009   	1.0000  	[21.7, 21.7]	[hover, hover]	[814.7978, 934.6632]
66   	6272.36     	0.008   	1.0000  	[21.7, 21.7]	[hover, hover]	[709.5483, 814.2732]
67   	5974.66     	0.007   	1.0000  	[21.7, 21.7]	[hover, hover]	[624.0116, 713.6287]
68   	5657.79     	0.007   	1.0000  	[21.7, 21.7]	[hover, hover]	[547.0883, 624.4845]
69   	5412.78     	0.006   	1.0000  	[21.7, 21.7]	[hover, hover]	[480.3035, 547.6106]
70   	5183.19     	0.006   	1.0000  	[21.7, 21.7]	[hover, hover]	[424.0700, 481.7085]
71   	4973.82     	0.005   	1.0000  	[21.7, 21.7]	[hover, hover]	[370.7365, 424.0313]
72   	4787.47     	0.005   	1.0000  	[21.7, 21.7]	[hover, hover]	[324.1642, 372.6244]
73   	4622.10     	0.005   	1.0000  	[21.7, 21.7]	[hover, hover]	[287.3479, 327.9976]
74   	4481.85     	0.004   	1.0000  	[21.7, 21.7]	[left, hover]	[260.2019, 290.5779]
75   	4403.15     	0.004   	1.0000  	[21.7, 21.7]	[left, right]	[254.1112, 264.4037]
76   	4329.54     	0.004   	1.0000  	[21.7, 21.7]	[left, right]	[263.9916, 253.4318]
77   	4277.49     	0.004   	1.0000  	[21.7, 21.7]	[left, right]	[280.2975, 256.9597]
78   	4233.32     	0.004   	1.0000  	[21.7, 21.7]	[front, hover]	[278.1857, 227.0189]
79   	4207.89     	0.004   	1.0000  	[21.7, 21.7]	[left, right]	[323.1149, 259.2723]
80   	4182.34     	0.004   	1.0000  	[21.7, 21.7]	[left, right]	[399.0983, 315.8462]
81   	4149.47     	0.004   	1.0000  	[21.7, 21.7]	[left, right]	[477.2149, 387.2425]
82   	4109.97     	0.004   	1.0000  	[21.7, 21.7]	[left, right]	[740.6612, 461.1908]
83   	4052.82     	0.004   	1.0000  	[21.7, 21.7]	[front, right]	[778.7425, 663.8275]
84   	3965.21     	0.003   	1.0000  	[21.7, 21.7]	[front, front]	[725.4317, 708.0366]
85   	3906.14     	0.003   	1.0000  	[21.7, 21.7]	[front, front]	[672.8272, 759.0111]
86   	3841.99     	0.003   	1.0000  	[21.7, 21.7]	[front, front]	[622.5815, 711.5566]
87   	3757.12     	0.003   	1.0000  	[21.7, 21.7]	[front, front]	[590.7661, 658.4109]
88   	3675.21     	0.003   	1.0000  	[21.7, 21.7]	[front, front]	[573.7493, 605.5089]
89   	3600.06     	0.003   	1.0000  	[21.7, 21.7]	[front, front]	[600.2745, 574.1952]
90   	3519.93     	0.003   	1.0000  	[21.7, 21.7]	[hover, front]	[525.8522, 550.8989]
91   	3421.18     	0.002   	1.0000  	[21.7, 21.7]	[hover, front]	[460.0009, 560.8091]
92   	3311.90     	0.002   	1.0000  	[21.7, 21.7]	[hover, hover]	[404.7044, 492.1479]
93   	3221.90     	0.002   	1.0000  	[21.7, 21.7]	[hover, hover]	[354.7929, 433.3535]
94   	3147.22     	0.002   	1.0000  	[21.7, 21.7]	[hover, hover]	[313.4347, 383.0537]
95   	3067.06     	0.002   	1.0000  	[21.7, 21.7]	[hover, hover]	[275.5154, 338.5147]
96   	2997.06     	0.002   	1.0000  	[21.7, 21.7]	[hover, hover]	[244.7555, 299.7943]
97   	2956.19     	0.002   	1.0000  	[21.7, 21.7]	[hover, hover]	[217.1659, 265.0036]
98   	2925.72     	0.002   	1.0000  	[21.7, 21.7]	[hover, hover]	[194.8362, 239.1357]
99   	2869.46     	0.002   	1.0000  	[21.7, 21.7]	[hover, hover]	[177.8241, 211.5758]
[2025-12-11T11:29:24]
Strategy: greedy_ig
Pairwise: equal
News mode: BM
Num agents: 2
Iteration: 4
Error margin: None
Gaussian radius 5 
Grid info: range: 0-50-50, cell_size:0.125, map shape: (400, 400), center:True
init UAV positions: [(-25.0, -25.0, 5.4), (25.0, -25.0, 5.4)]
mcts_params: {}
Step	Entropy	MSE	Coverage	Heights	Actions	IGs
------------------------------------------------------------------------------------------------------------------------
0    	158826.13   	0.405   	0.0078  	[5.4, 5.4]	[up, up]	[807.8971, 807.8971]
1    	155966.29   	0.409   	0.0312  	[10.8, 10.8]	[up, up]	[1050.1340, 1048.5120]
2    	152542.01   	0.409   	0.0703  	[16.2, 16.2]	[front, front]	[1216.1145, 1212.3794]
3    	149834.24   	0.400   	0.0938  	[16.2, 16.2]	[right, left]	[1508.8933, 1496.4769]
4    	146220.31   	0.394   	0.1250  	[16.2, 16.2]	[front, front]	[1728.8258, 1709.6865]
5    	142365.08   	0.380   	0.1562  	[16.2, 16.2]	[right, left]	[2046.8140, 2032.1094]
6    	137598.84   	0.371   	0.1953  	[16.2, 16.2]	[front, front]	[2276.4362, 2274.2492]
7    	132604.48   	0.346   	0.2344  	[16.2, 16.2]	[right, left]	[2608.6940, 2612.8121]
8    	126671.79   	0.336   	0.2812  	[16.2, 16.2]	[right, left]	[2667.4813, 2647.9472]
9    	121140.44   	0.335   	0.3281  	[16.2, 16.2]	[right, left]	[2731.0174, 2715.7957]
10   	115544.75   	0.318   	0.3750  	[16.2, 16.2]	[front, front]	[2624.4140, 2620.3575]
11   	110614.85   	0.288   	0.4219  	[16.2, 16.2]	[up, up]	[2749.9757, 2750.2860]
12   	105428.24   	0.257   	0.4844  	[21.7, 21.7]	[front, front]	[2790.3770, 2800.6754]
13   	99864.07    	0.224   	0.5391  	[21.7, 21.7]	[front, front]	[2891.9718, 2899.4993]
14   	94087.26    	0.202   	0.5938  	[21.7, 21.7]	[front, front]	[3014.7234, 3011.6058]
15   	88057.81    	0.176   	0.6484  	[21.7, 21.7]	[front, front]	[3127.5429, 3119.7488]
16   	81896.17    	0.157   	0.7031  	[21.7, 21.7]	[front, front]	[3224.4215, 3224.6797]
17   	75652.89    	0.140   	0.7578  	[21.7, 21.7]	[front, front]	[3323.4417, 3312.0643]
18   	69114.51    	0.145   	0.8125  	[21.7, 21.7]	[front, front]	[3330.5982, 3311.3791]
19   	62885.82    	0.146   	0.8672  	[21.7, 21.7]	[front, front]	[3326.4264, 3319.4332]
20   	56695.12    	0.148   	0.9219  	[21.7, 21.7]	[left, right]	[3205.3660, 3208.6763]
21   	49659.85    	0.124   	0.9844  	[21.7, 21.7]	[hover, hover]	[2731.6611, 2733.4035]
22   	46960.71    	0.113   	0.9844  	[21.7, 21.7]	[hover, hover]	[2326.9559, 2327.2198]
23   	44213.75    	0.105   	0.9844  	[21.7, 21.7]	[hover, hover]	[1999.5100, 1995.5588]
24   	41631.15    	0.094   	0.9844  	[21.7, 21.7]	[hover, hover]	[1723.1269, 1719.4898]
25   	39258.53    	0.089   	0.9844  	[21.7, 21.7]	[right, left]	[1494.6740, 1484.9387]
26   	38063.85    	0.082   	0.9844  	[21.7, 21.7]	[right, left]	[1729.5116, 1717.8115]
27   	36554.93    	0.079   	0.9844  	[21.7, 21.7]	[right, left]	[1935.4709, 1926.5242]
28   	35396.34    	0.075   	0.9844  	[21.7, 21.7]	[right, left]	[2125.0384, 2117.7572]
29   	34414.48    	0.073   	0.9844  	[21.7, 21.7]	[right, left]	[2458.2546, 2437.8391]
30   	33542.47    	0.071   	0.9844  	[21.7, 21.7]	[right, left]	[2809.3297, 2800.4747]
31   	32579.55    	0.070   	0.9844  	[21.7, 21.7]	[right, left]	[3095.3836, 3074.5293]
32   	31402.65    	0.068   	0.9844  	[21.7, 21.7]	[right, left]	[3327.1411, 3298.4314]
33   	29481.31    	0.066   	0.9844  	[21.7, 21.7]	[back, back]	[3128.5080, 3099.4370]
34   	27631.07    	0.057   	0.9922  	[21.7, 21.7]	[back, back]	[3008.3124, 2995.8167]
35   	25786.81    	0.048   	1.0000  	[21.7, 21.7]	[back, back]	[2948.9457, 2937.4541]
36   	24369.79    	0.046   	1.0000  	[21.7, 21.7]	[back, back]	[2955.7874, 2944.5130]
37   	23232.45    	0.041   	1.0000  	[21.7, 21.7]	[back, back]	[2981.3534, 2980.6561]
38   	22029.98    	0.039   	1.0000  	[21.7, 21.7]	[back, back]	[3054.1442, 3055.2426]
39   	20968.23    	0.036   	1.0000  	[21.7, 21.7]	[back, back]	[3140.9657, 3137.8791]
40   	19647.31    	0.034   	1.0000  	[21.7, 21.7]	[back, back]	[3245.0157, 3235.7013]
41   	18211.56    	0.032   	1.0000  	[21.7, 21.7]	[hover, hover]	[2737.3199, 2720.3134]
42   	17157.98    	0.029   	1.0000  	[21.7, 21.7]	[hover, hover]	[2329.0538, 2316.0289]
43   	16222.66    	0.027   	1.0000  	[21.7, 21.7]	[hover, hover]	[1990.4618, 1992.4898]
44   	15397.05    	0.025   	1.0000  	[21.7, 21.7]	[hover, hover]	[1716.5407, 1725.5155]
45   	14685.51    	0.023   	1.0000  	[21.7, 21.7]	[left, right]	[1495.7345, 1502.6953]
46   	14162.30    	0.022   	1.0000  	[21.7, 21.7]	[right, left]	[1309.5551, 1317.7823]
47   	13565.86    	0.021   	1.0000  	[21.7, 21.7]	[left, right]	[1159.0245, 1156.3872]
48   	13049.31    	0.020   	1.0000  	[21.7, 21.7]	[left, right]	[1027.9217, 1047.5176]
49   	12643.72    	0.019   	1.0000  	[21.7, 21.7]	[left, right]	[923.1161, 923.0017]
50   	12275.21    	0.018   	1.0000  	[21.7, 21.7]	[left, right]	[800.7870, 793.4840]
51   	12017.41    	0.017   	1.0000  	[21.7, 21.7]	[left, right]	[712.4426, 705.1442]
52   	11737.35    	0.017   	1.0000  	[21.7, 21.7]	[left, right]	[657.6340, 642.8117]
53   	11529.29    	0.016   	1.0000  	[21.7, 21.7]	[left, right]	[631.2322, 621.0599]
54   	11304.75    	0.016   	1.0000  	[21.7, 21.7]	[left, right]	[830.2516, 823.6678]
55   	11049.16    	0.016   	1.0000  	[21.7, 21.7]	[front, front]	[740.0536, 738.5847]
56   	10791.54    	0.015   	1.0000  	[21.7, 21.7]	[front, front]	[695.4239, 688.5206]
57   	10543.82    	0.015   	1.0000  	[21.7, 21.7]	[front, front]	[675.4981, 665.5229]
58   	10272.56    	0.014   	1.0000  	[21.7, 21.7]	[front, front]	[674.9716, 662.7380]
59   	9952.02     	0.014   	1.0000  	[21.7, 21.7]	[front, front]	[676.2256, 668.7016]
60   	9583.56     	0.013   	1.0000  	[21.7, 21.7]	[front, front]	[685.8992, 684.3722]
61   	9141.76     	0.012   	1.0000  	[21.7, 21.7]	[front, front]	[695.1432, 676.0989]
62   	8558.08     	0.011   	1.0000  	[21.7, 21.7]	[front, front]	[724.7443, 707.6034]
63   	7779.93     	0.010   	1.0000  	[21.7, 21.7]	[hover, hover]	[632.6886, 618.3804]
64   	7274.16     	0.009   	1.0000  	[21.7, 21.7]	[hover, hover]	[555.3202, 537.7157]
65   	6864.06     	0.008   	1.0000  	[21.7, 21.7]	[hover, hover]	[487.8344, 472.9710]
66   	6442.48     	0.008   	1.0000  	[21.7, 21.7]	[hover, hover]	[426.5312, 418.3578]
67   	6118.71     	0.007   	1.0000  	[21.7, 21.7]	[hover, hover]	[378.9868, 369.7081]
68   	5799.19     	0.006   	1.0000  	[21.7, 21.7]	[hover, hover]	[334.6942, 328.2124]
69   	5546.77     	0.006   	1.0000  	[21.7, 21.7]	[hover, hover]	[296.3645, 291.6009]
70   	5334.07     	0.006   	1.0000  	[21.7, 21.7]	[back, hover]	[266.1949, 262.6681]
71   	5103.94     	0.005   	1.0000  	[21.7, 21.7]	[back, left]	[255.9778, 240.4138]
72   	5051.30     	0.005   	1.0000  	[21.7, 21.7]	[back, left]	[248.9906, 321.4673]
73   	4934.51     	0.005   	1.0000  	[21.7, 21.7]	[back, left]	[242.4949, 417.7681]
74   	4870.07     	0.005   	1.0000  	[21.7, 21.7]	[back, left]	[236.1016, 548.1747]
75   	4783.20     	0.004   	1.0000  	[21.7, 21.7]	[back, left]	[244.4468, 694.0966]
76   	4709.63     	0.004   	1.0000  	[21.7, 21.7]	[back, left]	[255.6798, 858.9691]
77   	4642.39     	0.004   	1.0000  	[21.7, 21.7]	[back, left]	[290.2482, 1041.0484]
78   	4506.62     	0.004   	1.0000  	[21.7, 21.7]	[hover, left]	[258.2437, 1262.7454]
79   	4388.45     	0.004   	1.0000  	[21.7, 21.7]	[hover, hover]	[228.4584, 1091.2109]
80   	4315.58     	0.004   	1.0000  	[21.7, 21.7]	[hover, hover]	[206.6728, 953.7074]
81   	4195.80     	0.003   	1.0000  	[21.7, 21.7]	[hover, hover]	[185.4164, 831.9666]
82   	4114.29     	0.003   	1.0000  	[21.7, 21.7]	[right, hover]	[169.5404, 724.0061]
83   	4023.45     	0.003   	1.0000  	[21.7, 21.7]	[right, hover]	[203.9925, 631.7547]
84   	3957.02     	0.003   	1.0000  	[21.7, 21.7]	[right, hover]	[246.0988, 550.6800]
85   	3898.68     	0.003   	1.0000  	[21.7, 21.7]	[right, hover]	[296.8404, 483.0695]
86   	3838.25     	0.003   	1.0000  	[21.7, 21.7]	[right, hover]	[351.5725, 425.1965]
87   	3770.49     	0.003   	1.0000  	[21.7, 21.7]	[right, hover]	[404.2788, 374.3286]
88   	3706.66     	0.003   	1.0000  	[21.7, 21.7]	[right, hover]	[472.6002, 334.9547]
89   	3659.81     	0.003   	1.0000  	[21.7, 21.7]	[right, back]	[574.2890, 297.5494]
90   	3578.45     	0.002   	1.0000  	[21.7, 21.7]	[front, back]	[529.8275, 294.1503]
91   	3509.82     	0.002   	1.0000  	[21.7, 21.7]	[front, back]	[533.4671, 297.5649]
92   	3466.51     	0.002   	1.0000  	[21.7, 21.7]	[front, back]	[575.9712, 321.1031]
93   	3410.79     	0.002   	1.0000  	[21.7, 21.7]	[front, back]	[656.7104, 362.1214]
94   	3367.53     	0.002   	1.0000  	[21.7, 21.7]	[front, back]	[758.3716, 414.9236]
95   	3344.43     	0.002   	1.0000  	[21.7, 21.7]	[front, back]	[891.1327, 483.3368]
96   	3271.61     	0.002   	1.0000  	[21.7, 21.7]	[front, back]	[1051.9689, 563.5265]
97   	3205.56     	0.002   	1.0000  	[21.7, 21.7]	[front, hover]	[1243.3356, 498.8463]
98   	3114.53     	0.002   	1.0000  	[21.7, 21.7]	[hover, hover]	[1079.9963, 438.8804]
99   	3025.17     	0.002   	1.0000  	[21.7, 21.7]	[hover, hover]	[941.5719, 380.0877]
[2025-12-11T11:29:30]
Strategy: greedy_ig
Pairwise: equal
News mode: BM
Num agents: 2
Iteration: 5
Error margin: None
Gaussian radius 5 
Grid info: range: 0-50-50, cell_size:0.125, map shape: (400, 400), center:True
init UAV positions: [(-25.0, -25.0, 5.4), (25.0, 25.0, 5.4)]
mcts_params: {}
Step	Entropy	MSE	Coverage	Heights	Actions	IGs
------------------------------------------------------------------------------------------------------------------------
0    	158826.13   	0.405   	0.0078  	[5.4, 5.4]	[up, up]	[807.8971, 807.8971]
1    	155963.84   	0.409   	0.0312  	[10.8, 10.8]	[up, up]	[1050.1340, 1047.9038]
2    	152561.41   	0.418   	0.0703  	[16.2, 16.2]	[front, back]	[1216.1145, 1217.4506]
3    	149871.65   	0.414   	0.0938  	[16.2, 16.2]	[right, left]	[1508.8933, 1511.4962]
4    	146212.17   	0.412   	0.1250  	[16.2, 16.2]	[front, back]	[1728.8258, 1714.0178]
5    	142383.00   	0.398   	0.1562  	[16.2, 16.2]	[right, left]	[2046.8140, 2036.4962]
6    	137580.88   	0.393   	0.1953  	[16.2, 16.2]	[front, back]	[2276.4362, 2273.2519]
7    	132598.87   	0.370   	0.2344  	[16.2, 16.2]	[right, left]	[2608.6940, 2608.2215]
8    	126654.46   	0.359   	0.2812  	[16.2, 16.2]	[right, left]	[2667.4813, 2642.7560]
9    	121164.28   	0.360   	0.3281  	[16.2, 16.2]	[right, left]	[2731.0174, 2727.9030]
10   	115532.65   	0.346   	0.3750  	[16.2, 16.2]	[right, left]	[2808.9806, 2803.1454]
11   	109673.75   	0.340   	0.4219  	[16.2, 16.2]	[right, left]	[2870.4948, 2869.7468]
12   	103775.05   	0.330   	0.4688  	[16.2, 16.2]	[right, left]	[2906.8262, 2902.7596]
13   	97998.55    	0.321   	0.5156  	[16.2, 16.2]	[right, left]	[2900.3672, 2918.2741]
14   	92122.37    	0.308   	0.5625  	[16.2, 16.2]	[right, left]	[2909.3922, 2910.0379]
15   	86248.11    	0.292   	0.6094  	[16.2, 16.2]	[right, left]	[2884.8235, 2919.0201]
16   	80574.31    	0.278   	0.6562  	[16.2, 16.2]	[right, left]	[2920.2611, 2911.5616]
17   	74595.25    	0.264   	0.7031  	[16.2, 16.2]	[right, left]	[2910.2680, 2905.8853]
18   	68842.88    	0.248   	0.7500  	[16.2, 16.2]	[front, back]	[2732.9868, 2713.6791]
19   	63831.13    	0.218   	0.7969  	[16.2, 16.2]	[front, back]	[2659.1346, 2654.2465]
20   	58579.76    	0.186   	0.8438  	[16.2, 16.2]	[front, back]	[2678.7330, 2677.7685]
21   	53211.60    	0.154   	0.8906  	[16.2, 16.2]	[front, back]	[2743.9904, 2745.7799]
22   	47603.95    	0.122   	0.9375  	[16.2, 16.2]	[front, back]	[2852.8365, 2827.5185]
23   	45558.61    	0.113   	0.9375  	[16.2, 16.2]	[front, back]	[2925.0965, 2930.4923]
24   	43502.73    	0.104   	0.9375  	[16.2, 16.2]	[front, back]	[2915.8164, 2919.5038]
25   	42026.17    	0.097   	0.9375  	[16.2, 16.2]	[front, back]	[2908.6021, 2915.3153]
26   	40922.36    	0.094   	0.9375  	[16.2, 16.2]	[front, back]	[2903.3205, 2922.5966]
27   	40002.09    	0.091   	0.9375  	[16.2, 16.2]	[front, back]	[2898.3346, 2912.3853]
28   	39335.24    	0.091   	0.9375  	[16.2, 16.2]	[left, right]	[2704.0211, 2735.5966]
29   	38335.27    	0.090   	0.9375  	[16.2, 16.2]	[left, right]	[2662.7934, 2673.1509]
30   	37368.01    	0.089   	0.9375  	[16.2, 16.2]	[left, right]	[2688.3647, 2692.6498]
31   	36225.42    	0.087   	0.9375  	[16.2, 16.2]	[left, right]	[2746.5007, 2744.4615]
32   	35128.11    	0.086   	0.9375  	[16.2, 16.2]	[left, right]	[2818.7333, 2819.1290]
33   	34190.45    	0.085   	0.9375  	[16.2, 16.2]	[left, right]	[2899.8312, 2907.4936]
34   	33222.35    	0.083   	0.9375  	[16.2, 16.2]	[left, right]	[2898.5982, 2922.5301]
35   	32236.65    	0.082   	0.9375  	[16.2, 16.2]	[left, right]	[2903.6287, 2928.2051]
36   	30838.67    	0.080   	0.9375  	[16.2, 16.2]	[left, right]	[2914.7252, 2910.6624]
37   	29241.51    	0.078   	0.9375  	[16.2, 16.2]	[left, right]	[2916.9729, 2896.8312]
38   	27156.95    	0.077   	0.9375  	[16.2, 16.2]	[back, front]	[2726.9674, 2707.2174]
39   	26415.95    	0.072   	0.9375  	[16.2, 16.2]	[back, front]	[2668.2549, 2656.4613]
40   	25508.47    	0.067   	0.9375  	[16.2, 16.2]	[back, front]	[2677.8109, 2679.8691]
41   	24420.88    	0.064   	0.9375  	[16.2, 16.2]	[back, front]	[2741.6553, 2742.1726]
42   	23346.85    	0.061   	0.9375  	[16.2, 16.2]	[right, left]	[2321.2672, 2341.1487]
43   	19696.89    	0.050   	0.9688  	[16.2, 16.2]	[right, left]	[2135.4612, 2147.2540]
44   	16032.53    	0.031   	1.0000  	[16.2, 16.2]	[right, left]	[1864.9785, 1881.2954]
45   	15249.60    	0.025   	1.0000  	[16.2, 16.2]	[right, left]	[1684.5674, 1692.2327]
46   	13937.19    	0.021   	1.0000  	[16.2, 16.2]	[back, front]	[1317.1008, 1335.0173]
47   	13229.09    	0.019   	1.0000  	[16.2, 16.2]	[back, front]	[1131.7811, 1145.8218]
48   	12745.68    	0.017   	1.0000  	[16.2, 16.2]	[right, left]	[918.9389, 919.8696]
49   	12304.48    	0.016   	1.0000  	[16.2, 16.2]	[right, left]	[787.9287, 781.9507]
50   	12043.63    	0.015   	1.0000  	[16.2, 16.2]	[right, left]	[705.0702, 696.1866]
51   	11821.49    	0.015   	1.0000  	[16.2, 16.2]	[right, up]	[670.0908, 660.0889]
52   	11560.28    	0.014   	1.0000  	[16.2, 21.7]	[up, front]	[650.4214, 668.4973]
53   	11294.24    	0.013   	1.0000  	[21.7, 21.7]	[right, left]	[661.8804, 669.0565]
54   	10905.91    	0.012   	1.0000  	[21.7, 21.7]	[back, left]	[680.2702, 699.0438]
55   	10501.01    	0.012   	1.0000  	[21.7, 21.7]	[back, front]	[722.8820, 738.2192]
56   	10091.29    	0.012   	1.0000  	[21.7, 21.7]	[back, front]	[820.0251, 822.0313]
57   	9417.54     	0.013   	1.0000  	[21.7, 21.7]	[hover, hover]	[716.0024, 716.0189]
58   	8964.22     	0.013   	1.0000  	[21.7, 21.7]	[hover, hover]	[625.3789, 627.6271]
59   	8557.36     	0.011   	1.0000  	[21.7, 21.7]	[hover, hover]	[546.8178, 552.1392]
60   	8228.85     	0.011   	1.0000  	[21.7, 21.7]	[hover, hover]	[480.1699, 490.4122]
61   	7873.97     	0.010   	1.0000  	[21.7, 21.7]	[left, hover]	[421.1786, 429.5009]
62   	7699.32     	0.010   	1.0000  	[21.7, 21.7]	[left, hover]	[412.8808, 379.2824]
63   	7515.99     	0.009   	1.0000  	[21.7, 21.7]	[left, hover]	[428.1815, 337.0370]
64   	7328.96     	0.009   	1.0000  	[21.7, 21.7]	[left, right]	[447.7810, 303.7863]
65   	7172.81     	0.009   	1.0000  	[21.7, 21.7]	[left, right]	[504.9908, 311.7306]
66   	7041.98     	0.009   	1.0000  	[21.7, 21.7]	[left, right]	[570.2050, 354.7239]
67   	6902.46     	0.008   	1.0000  	[21.7, 21.7]	[left, right]	[666.4092, 384.9149]
68   	6693.39     	0.008   	1.0000  	[21.7, 21.7]	[left, right]	[795.8040, 452.5734]
69   	6466.69     	0.008   	1.0000  	[21.7, 21.7]	[front, right]	[779.0321, 539.3516]
70   	6262.40     	0.008   	1.0000  	[21.7, 21.7]	[front, right]	[742.6418, 636.9904]
71   	6032.99     	0.007   	1.0000  	[21.7, 21.7]	[front, right]	[668.9627, 773.5437]
72   	5783.36     	0.007   	1.0000  	[21.7, 21.7]	[front, back]	[612.4352, 772.3432]
73   	5594.47     	0.006   	1.0000  	[21.7, 21.7]	[front, back]	[623.4328, 741.8147]
74   	5467.81     	0.006   	1.0000  	[21.7, 21.7]	[front, back]	[655.9867, 666.4458]
75   	5335.34     	0.006   	1.0000  	[21.7, 21.7]	[front, back]	[710.0864, 611.8880]
76   	5216.29     	0.006   	1.0000  	[21.7, 21.7]	[front, back]	[821.6381, 626.5756]
77   	5102.03     	0.005   	1.0000  	[21.7, 21.7]	[hover, back]	[715.1501, 650.0689]
78   	4971.55     	0.005   	1.0000  	[21.7, 21.7]	[hover, back]	[624.9634, 696.7841]
79   	4845.53     	0.005   	1.0000  	[21.7, 21.7]	[hover, back]	[541.6545, 812.2866]
80   	4678.14     	0.005   	1.0000  	[21.7, 21.7]	[hover, hover]	[477.9237, 708.1711]
81   	4541.57     	0.004   	1.0000  	[21.7, 21.7]	[hover, hover]	[419.4394, 626.4503]
82   	4408.34     	0.004   	1.0000  	[21.7, 21.7]	[right, hover]	[379.5469, 548.1370]
83   	4321.08     	0.004   	1.0000  	[21.7, 21.7]	[right, hover]	[382.5584, 480.6959]
84   	4256.01     	0.004   	1.0000  	[21.7, 21.7]	[right, left]	[367.2188, 426.3472]
85   	4211.78     	0.004   	1.0000  	[21.7, 21.7]	[right, left]	[385.3737, 418.0107]
86   	4151.88     	0.004   	1.0000  	[21.7, 21.7]	[right, left]	[430.0347, 401.6972]
87   	4088.73     	0.004   	1.0000  	[21.7, 21.7]	[right, left]	[511.0718, 410.2180]
88   	4035.40     	0.004   	1.0000  	[21.7, 21.7]	[right, left]	[610.4349, 449.3668]
89   	3961.50     	0.003   	1.0000  	[21.7, 21.7]	[right, left]	[754.3127, 525.9248]
90   	3836.16     	0.003   	1.0000  	[21.7, 21.7]	[hover, left]	[658.0564, 626.7128]
91   	3728.07     	0.003   	1.0000  	[21.7, 21.7]	[hover, left]	[580.1502, 769.5355]
92   	3591.23     	0.003   	1.0000  	[21.7, 21.7]	[hover, hover]	[507.7345, 671.8154]
93   	3465.46     	0.003   	1.0000  	[21.7, 21.7]	[hover, hover]	[448.9447, 583.8533]
94   	3383.25     	0.002   	1.0000  	[21.7, 21.7]	[hover, hover]	[398.4772, 515.7891]
95   	3291.31     	0.002   	1.0000  	[21.7, 21.7]	[hover, hover]	[349.0564, 454.3618]
96   	3231.22     	0.002   	1.0000  	[21.7, 21.7]	[hover, hover]	[309.0866, 397.2172]
97   	3131.24     	0.002   	1.0000  	[21.7, 21.7]	[hover, hover]	[272.4540, 352.0918]
98   	3077.69     	0.002   	1.0000  	[21.7, 21.7]	[hover, hover]	[245.4856, 316.1868]
99   	3016.34     	0.002   	1.0000  	[21.7, 21.7]	[hover, hover]	[217.0671, 281.3452]
[2025-12-11T11:29:35]
Strategy: greedy_ig
Pairwise: equal
News mode: BM
Num agents: 2
Iteration: 6
Error margin: None
Gaussian radius 5 
Grid info: range: 0-50-50, cell_size:0.125, map shape: (400, 400), center:True
init UAV positions: [(25.0, 25.0, 5.4), (-25.0, 25.0, 5.4)]
mcts_params: {}
Step	Entropy	MSE	Coverage	Heights	Actions	IGs
------------------------------------------------------------------------------------------------------------------------
0    	158826.13   	0.405   	0.0078  	[5.4, 5.4]	[up, up]	[807.8971, 807.8971]
1    	155956.52   	0.409   	0.0312  	[10.8, 10.8]	[up, up]	[1049.1203, 1047.0929]
2    	152541.47   	0.419   	0.0703  	[16.2, 16.2]	[back, back]	[1218.5389, 1211.2301]
3    	149897.95   	0.414   	0.0938  	[16.2, 16.2]	[left, right]	[1511.4821, 1513.2401]
4    	146213.46   	0.412   	0.1250  	[16.2, 16.2]	[back, back]	[1730.0320, 1721.0269]
5    	142346.55   	0.399   	0.1562  	[16.2, 16.2]	[left, right]	[2049.3394, 2033.8366]
6    	137601.98   	0.393   	0.1953  	[16.2, 16.2]	[left, back]	[2284.4989, 2271.1261]
7    	132625.41   	0.388   	0.2344  	[16.2, 16.2]	[back, right]	[2618.9421, 2608.5872]
8    	126712.33   	0.365   	0.2812  	[16.2, 16.2]	[left, right]	[2640.3586, 2662.6611]
9    	121260.59   	0.362   	0.3281  	[16.2, 16.2]	[left, right]	[2690.2499, 2740.7310]
10   	115694.19   	0.359   	0.3750  	[16.2, 16.2]	[back, back]	[2617.9365, 2629.9455]
11   	110760.26   	0.335   	0.4219  	[16.2, 16.2]	[up, up]	[2750.5603, 2757.7026]
12   	105738.45   	0.305   	0.4844  	[21.7, 21.7]	[back, back]	[2800.8142, 2810.6333]
13   	100017.32   	0.271   	0.5391  	[21.7, 21.7]	[back, back]	[2906.6145, 2896.5401]
14   	94131.41    	0.243   	0.5938  	[21.7, 21.7]	[back, back]	[3018.8504, 3000.3773]
15   	88073.21    	0.210   	0.6484  	[21.7, 21.7]	[back, back]	[3131.3672, 3106.0494]
16   	81962.06    	0.188   	0.7031  	[21.7, 21.7]	[back, back]	[3234.4900, 3208.1794]
17   	75772.95    	0.165   	0.7578  	[21.7, 21.7]	[back, back]	[3314.7517, 3313.0284]
18   	69325.52    	0.153   	0.8125  	[21.7, 21.7]	[back, back]	[3328.4420, 3322.8989]
19   	62997.45    	0.151   	0.8672  	[21.7, 21.7]	[back, back]	[3320.3045, 3327.2619]
20   	56806.79    	0.155   	0.9219  	[21.7, 21.7]	[right, left]	[3214.5989, 3211.2783]
21   	49968.15    	0.125   	0.9844  	[21.7, 21.7]	[hover, hover]	[2753.1243, 2743.5155]
22   	47087.68    	0.114   	0.9844  	[21.7, 21.7]	[hover, hover]	[2342.8636, 2333.0811]
23   	44388.40    	0.105   	0.9844  	[21.7, 21.7]	[hover, hover]	[2013.7558, 1997.5935]
24   	41696.33    	0.095   	0.9844  	[21.7, 21.7]	[hover, hover]	[1734.1619, 1717.1954]
25   	39341.43    	0.089   	0.9844  	[21.7, 21.7]	[left, hover]	[1502.4279, 1480.1570]
26   	37652.37    	0.082   	0.9844  	[21.7, 21.7]	[left, right]	[1752.0419, 1307.6003]
27   	36302.87    	0.079   	0.9844  	[21.7, 21.7]	[left, right]	[1946.5173, 1583.4941]
28   	35023.56    	0.075   	0.9844  	[21.7, 21.7]	[left, right]	[2135.4819, 1829.0804]
29   	34044.55    	0.073   	0.9844  	[21.7, 21.7]	[front, front]	[1956.3405, 1651.9222]
30   	32994.34    	0.071   	0.9844  	[21.7, 21.7]	[front, up]	[1781.9912, 1585.0455]
31   	32044.90    	0.069   	0.9844  	[21.7, 27.1]	[left, right]	[2156.8188, 1883.8133]
32   	31222.22    	0.068   	0.9844  	[21.7, 27.1]	[left, right]	[2500.2925, 2213.3374]
33   	30384.39    	0.065   	0.9844  	[21.7, 27.1]	[left, right]	[2821.0093, 2500.7426]
34   	29444.77    	0.064   	0.9844  	[21.7, 27.1]	[left, right]	[3070.6773, 2758.2148]
35   	27074.97    	0.051   	1.0000  	[21.7, 27.1]	[front, down]	[2952.5406, 2878.5972]
36   	26534.73    	0.048   	1.0000  	[21.7, 21.7]	[front, right]	[2912.0697, 3046.3997]
37   	24991.93    	0.046   	1.0000  	[21.7, 21.7]	[front, front]	[2925.8595, 2726.9898]
38   	23763.20    	0.042   	1.0000  	[21.7, 21.7]	[front, front]	[2960.4192, 2727.4001]
39   	22495.92    	0.041   	1.0000  	[21.7, 21.7]	[front, front]	[3039.4698, 2762.6499]
40   	21386.50    	0.036   	1.0000  	[21.7, 21.7]	[front, front]	[3125.2446, 2804.0893]
41   	20147.07    	0.036   	1.0000  	[21.7, 21.7]	[hover, front]	[2639.0859, 2900.9578]
42   	19162.95    	0.032   	1.0000  	[21.7, 21.7]	[hover, front]	[2255.3851, 3000.6905]
43   	18038.32    	0.031   	1.0000  	[21.7, 21.7]	[hover, front]	[1925.5248, 3112.7425]
44   	17063.72    	0.029   	1.0000  	[21.7, 21.7]	[hover, hover]	[1655.0732, 2617.2219]
45   	16239.53    	0.026   	1.0000  	[21.7, 21.7]	[hover, hover]	[1436.6756, 2231.3954]
46   	15377.38    	0.025   	1.0000  	[21.7, 21.7]	[right, hover]	[1259.5725, 1907.0799]
47   	14815.97    	0.023   	1.0000  	[21.7, 21.7]	[left, hover]	[1113.6288, 1628.1489]
48   	14264.25    	0.022   	1.0000  	[21.7, 21.7]	[right, hover]	[979.2565, 1432.2646]
49   	13788.32    	0.021   	1.0000  	[21.7, 21.7]	[right, left]	[892.6705, 1259.8102]
50   	13296.89    	0.020   	1.0000  	[21.7, 21.7]	[right, left]	[784.9806, 1083.0421]
51   	12944.79    	0.019   	1.0000  	[21.7, 21.7]	[right, right]	[695.6413, 932.4220]
52   	12610.19    	0.019   	1.0000  	[21.7, 21.7]	[right, right]	[636.3517, 846.3853]
53   	12311.44    	0.018   	1.0000  	[21.7, 21.7]	[right, hover]	[569.4520, 730.2553]
54   	12087.87    	0.018   	1.0000  	[21.7, 21.7]	[right, back]	[549.8884, 639.2232]
55   	11901.29    	0.017   	1.0000  	[21.7, 21.7]	[right, back]	[733.0656, 611.1018]
56   	11671.41    	0.017   	1.0000  	[21.7, 21.7]	[back, back]	[649.1770, 628.0847]
57   	11454.48    	0.016   	1.0000  	[21.7, 21.7]	[back, back]	[605.3420, 696.0339]
58   	11304.61    	0.016   	1.0000  	[21.7, 21.7]	[back, back]	[576.1523, 790.3411]
59   	11015.00    	0.016   	1.0000  	[21.7, 21.7]	[back, back]	[561.1121, 917.1153]
60   	10725.19    	0.015   	1.0000  	[21.7, 21.7]	[back, back]	[568.5724, 1080.7045]
61   	10333.80    	0.015   	1.0000  	[21.7, 21.7]	[back, back]	[560.7227, 1359.1002]
62   	9826.61     	0.014   	1.0000  	[21.7, 21.7]	[back, hover]	[582.9238, 1149.5819]
63   	9396.56     	0.013   	1.0000  	[21.7, 21.7]	[hover, hover]	[504.2301, 965.3095]
64   	9065.77     	0.012   	1.0000  	[21.7, 21.7]	[hover, hover]	[449.7346, 839.6686]
65   	8842.69     	0.012   	1.0000  	[21.7, 21.7]	[up, hover]	[400.8030, 732.2502]
66   	8641.23     	0.011   	1.0000  	[27.1, 21.7]	[left, hover]	[485.1020, 650.2882]
67   	8429.35     	0.011   	1.0000  	[27.1, 21.7]	[left, hover]	[490.2289, 568.2682]
68   	8250.96     	0.011   	1.0000  	[27.1, 21.7]	[left, hover]	[560.8603, 505.0941]
69   	8094.47     	0.010   	1.0000  	[27.1, 21.7]	[left, hover]	[693.6221, 450.5724]
70   	7927.69     	0.010   	1.0000  	[27.1, 21.7]	[left, hover]	[842.5131, 402.9066]
71   	7733.81     	0.010   	1.0000  	[27.1, 21.7]	[left, hover]	[1006.3857, 358.0214]
72   	7481.60     	0.009   	1.0000  	[27.1, 21.7]	[left, hover]	[1191.2108, 317.1689]
73   	7082.64     	0.010   	1.0000  	[27.1, 21.7]	[down, left]	[1125.0280, 289.2148]
74   	6973.70     	0.009   	1.0000  	[21.7, 21.7]	[left, left]	[1331.5017, 275.2097]
75   	6519.12     	0.009   	1.0000  	[21.7, 21.7]	[back, left]	[1522.4250, 276.6731]
76   	6129.96     	0.008   	1.0000  	[21.7, 21.7]	[hover, left]	[1286.2784, 269.7142]
77   	5868.55     	0.007   	1.0000  	[21.7, 21.7]	[hover, left]	[1105.1142, 278.3950]
78   	5572.44     	0.007   	1.0000  	[21.7, 21.7]	[hover, left]	[943.7296, 320.5746]
79   	5315.30     	0.006   	1.0000  	[21.7, 21.7]	[hover, left]	[796.3373, 380.0729]
80   	5073.48     	0.006   	1.0000  	[21.7, 21.7]	[hover, up]	[685.8464, 433.1680]
81   	4828.99     	0.005   	1.0000  	[21.7, 27.1]	[hover, front]	[609.3589, 518.3536]
82   	4663.50     	0.005   	1.0000  	[21.7, 27.1]	[hover, front]	[528.7392, 510.6204]
83   	4548.05     	0.005   	1.0000  	[21.7, 27.1]	[hover, front]	[483.1149, 501.4384]
84   	4391.78     	0.004   	1.0000  	[21.7, 27.1]	[hover, front]	[427.2768, 495.1069]
85   	4277.77     	0.004   	1.0000  	[21.7, 27.1]	[hover, front]	[379.0682, 499.4711]
86   	4166.62     	0.004   	1.0000  	[21.7, 27.1]	[hover, front]	[335.7156, 508.2326]
87   	4056.57     	0.004   	1.0000  	[21.7, 27.1]	[hover, front]	[298.3543, 550.6106]
88   	3947.46     	0.004   	1.0000  	[21.7, 27.1]	[hover, down]	[264.2691, 520.0216]
89   	3860.67     	0.003   	1.0000  	[21.7, 21.7]	[hover, left]	[237.5881, 620.7763]
90   	3779.90     	0.003   	1.0000  	[21.7, 21.7]	[hover, front]	[207.3739, 657.4544]
91   	3650.27     	0.003   	1.0000  	[21.7, 21.7]	[hover, hover]	[185.9549, 576.3882]
92   	3540.11     	0.003   	1.0000  	[21.7, 21.7]	[hover, hover]	[165.8670, 510.8128]
93   	3445.32     	0.003   	1.0000  	[21.7, 21.7]	[hover, hover]	[150.7972, 445.4604]
94   	3360.82     	0.003   	1.0000  	[21.7, 21.7]	[hover, hover]	[135.6697, 394.7335]
95   	3301.59     	0.002   	1.0000  	[21.7, 21.7]	[front, hover]	[125.2163, 347.7054]
96   	3251.54     	0.002   	1.0000  	[21.7, 21.7]	[front, hover]	[126.6166, 303.4608]
97   	3183.33     	0.002   	1.0000  	[21.7, 21.7]	[front, hover]	[166.0306, 264.3647]
98   	3137.76     	0.002   	1.0000  	[21.7, 21.7]	[front, hover]	[201.6916, 234.0688]
99   	3093.18     	0.002   	1.0000  	[21.7, 21.7]	[front, hover]	[243.7582, 206.8328]
[2025-12-11T11:29:41]
Strategy: greedy_ig
Pairwise: equal
News mode: BM
Num agents: 2
Iteration: 7
Error margin: None
Gaussian radius 5 
Grid info: range: 0-50-50, cell_size:0.125, map shape: (400, 400), center:True
init UAV positions: [(-25.0, 25.0, 5.4), (25.0, 25.0, 5.4)]
mcts_params: {}
Step	Entropy	MSE	Coverage	Heights	Actions	IGs
------------------------------------------------------------------------------------------------------------------------
0    	158826.13   	0.405   	0.0078  	[5.4, 5.4]	[up, up]	[807.8971, 807.8971]
1    	155982.55   	0.409   	0.0312  	[10.8, 10.8]	[up, up]	[1054.7971, 1047.9038]
2    	152567.93   	0.418   	0.0703  	[16.2, 16.2]	[back, back]	[1216.9217, 1217.4506]
3    	149872.18   	0.414   	0.0938  	[16.2, 16.2]	[right, left]	[1508.5186, 1511.4962]
4    	146200.98   	0.412   	0.1250  	[16.2, 16.2]	[back, back]	[1731.0915, 1714.0178]
5    	142371.72   	0.398   	0.1562  	[16.2, 16.2]	[right, left]	[2045.6554, 2036.4962]
6    	137625.72   	0.393   	0.1953  	[16.2, 16.2]	[back, back]	[2291.3885, 2273.2519]
7    	132534.25   	0.375   	0.2344  	[16.2, 16.2]	[right, left]	[2607.7770, 2608.2215]
8    	126627.46   	0.364   	0.2812  	[16.2, 16.2]	[right, left]	[2659.4057, 2642.7560]
9    	121198.99   	0.364   	0.3281  	[16.2, 16.2]	[right, left]	[2721.9916, 2727.9030]
10   	115580.32   	0.356   	0.3750  	[16.2, 16.2]	[back, back]	[2620.9045, 2624.7392]
11   	110679.26   	0.335   	0.4219  	[16.2, 16.2]	[up, up]	[2757.1329, 2748.0052]
12   	105562.80   	0.306   	0.4844  	[21.7, 21.7]	[back, back]	[2803.5859, 2799.0120]
13   	99977.42    	0.272   	0.5391  	[21.7, 21.7]	[back, back]	[2909.7111, 2900.0880]
14   	94111.15    	0.243   	0.5938  	[21.7, 21.7]	[back, back]	[3012.2754, 3001.1519]
15   	88116.51    	0.210   	0.6484  	[21.7, 21.7]	[back, back]	[3122.0313, 3111.5307]
16   	81958.09    	0.188   	0.7031  	[21.7, 21.7]	[back, back]	[3226.3186, 3213.2471]
17   	75704.77    	0.165   	0.7578  	[21.7, 21.7]	[back, back]	[3313.5998, 3309.2998]
18   	69261.67    	0.153   	0.8125  	[21.7, 21.7]	[back, back]	[3326.3731, 3318.4689]
19   	62940.62    	0.151   	0.8672  	[21.7, 21.7]	[back, back]	[3320.8097, 3326.0683]
20   	56777.71    	0.154   	0.9219  	[21.7, 21.7]	[left, right]	[3208.3223, 3207.4799]
21   	49838.46    	0.125   	0.9844  	[21.7, 21.7]	[hover, hover]	[2747.6182, 2740.1209]
22   	47129.08    	0.114   	0.9844  	[21.7, 21.7]	[hover, hover]	[2343.7891, 2329.2231]
23   	44315.13    	0.105   	0.9844  	[21.7, 21.7]	[hover, hover]	[2012.3023, 1986.8956]
24   	41759.63    	0.095   	0.9844  	[21.7, 21.7]	[hover, hover]	[1734.5389, 1717.7236]
25   	39281.31    	0.089   	0.9844  	[21.7, 21.7]	[hover, hover]	[1505.0960, 1475.6982]
26   	37076.09    	0.082   	0.9844  	[21.7, 21.7]	[right, left]	[1345.6184, 1318.8631]
27   	36029.40    	0.079   	0.9844  	[21.7, 21.7]	[right, left]	[1623.0451, 1603.9221]
28   	34655.28    	0.075   	0.9844  	[21.7, 21.7]	[right, left]	[1857.7013, 1847.7067]
29   	33518.71    	0.073   	0.9844  	[21.7, 21.7]	[right, left]	[2083.6048, 2066.0884]
30   	32693.25    	0.070   	0.9844  	[21.7, 21.7]	[right, left]	[2416.1831, 2415.2897]
31   	31935.60    	0.069   	0.9844  	[21.7, 21.7]	[right, left]	[2794.5222, 2785.1139]
32   	31034.21    	0.067   	0.9844  	[21.7, 21.7]	[right, left]	[3089.2506, 3071.6387]
33   	30119.30    	0.066   	0.9844  	[21.7, 21.7]	[right, left]	[3319.0141, 3302.6899]
34   	28461.58    	0.064   	0.9844  	[21.7, 21.7]	[front, front]	[3116.2924, 3110.6888]
35   	26639.26    	0.054   	0.9922  	[21.7, 21.7]	[front, front]	[2996.6324, 3004.7715]
36   	24898.89    	0.046   	1.0000  	[21.7, 21.7]	[front, front]	[2949.1431, 2949.6678]
37   	23720.97    	0.042   	1.0000  	[21.7, 21.7]	[front, front]	[2950.2407, 2952.7014]
38   	22512.92    	0.040   	1.0000  	[21.7, 21.7]	[front, front]	[3004.2577, 2989.2470]
39   	21377.08    	0.037   	1.0000  	[21.7, 21.7]	[front, front]	[3061.5270, 3054.1854]
40   	20211.99    	0.035   	1.0000  	[21.7, 21.7]	[front, front]	[3145.1913, 3154.0042]
41   	18922.94    	0.032   	1.0000  	[21.7, 21.7]	[front, front]	[3243.2609, 3249.3089]
42   	17416.95    	0.031   	1.0000  	[21.7, 21.7]	[hover, hover]	[2732.4677, 2736.7556]
43   	16329.35    	0.027   	1.0000  	[21.7, 21.7]	[hover, hover]	[2327.5027, 2338.6493]
44   	15418.56    	0.026   	1.0000  	[21.7, 21.7]	[hover, hover]	[1996.1570, 2004.5605]
45   	14596.85    	0.024   	1.0000  	[21.7, 21.7]	[hover, hover]	[1726.4341, 1717.6545]
46   	13883.82    	0.022   	1.0000  	[21.7, 21.7]	[hover, right]	[1497.2706, 1499.0282]
47   	13208.07    	0.020   	1.0000  	[21.7, 21.7]	[left, left]	[1308.9793, 1320.0277]
48   	12654.63    	0.019   	1.0000  	[21.7, 21.7]	[left, right]	[1166.4267, 1138.4974]
49   	12195.82    	0.018   	1.0000  	[21.7, 21.7]	[left, right]	[1034.2335, 1018.8285]
50   	11750.42    	0.017   	1.0000  	[21.7, 21.7]	[hover, right]	[885.0139, 908.8353]
51   	11379.08    	0.016   	1.0000  	[21.7, 21.7]	[right, right]	[778.8629, 796.0386]
52   	11120.75    	0.016   	1.0000  	[21.7, 21.7]	[right, left]	[721.0265, 717.0194]
53   	10841.76    	0.015   	1.0000  	[21.7, 21.7]	[right, left]	[724.2047, 654.7329]
54   	10597.56    	0.015   	1.0000  	[21.7, 21.7]	[hover, left]	[649.1221, 623.1400]
55   	10355.87    	0.014   	1.0000  	[21.7, 21.7]	[back, left]	[593.0437, 646.0870]
56   	10075.98    	0.014   	1.0000  	[21.7, 21.7]	[back, back]	[579.8412, 584.8133]
57   	9890.56     	0.013   	1.0000  	[21.7, 21.7]	[back, back]	[603.6138, 567.3302]
58   	9592.73     	0.013   	1.0000  	[21.7, 21.7]	[back, back]	[656.7057, 605.1167]
59   	9352.38     	0.012   	1.0000  	[21.7, 21.7]	[back, back]	[762.3155, 671.1124]
60   	9019.22     	0.012   	1.0000  	[21.7, 21.7]	[back, back]	[895.4337, 763.2948]
61   	8661.50     	0.011   	1.0000  	[21.7, 21.7]	[back, back]	[1051.3523, 894.6698]
62   	8229.15     	0.011   	1.0000  	[21.7, 21.7]	[back, back]	[1245.8082, 1046.5812]
63   	7618.28     	0.010   	1.0000  	[21.7, 21.7]	[hover, back]	[1076.1462, 1247.7815]
64   	7103.20     	0.009   	1.0000  	[21.7, 21.7]	[hover, hover]	[934.9440, 1074.4919]
65   	6662.85     	0.009   	1.0000  	[21.7, 21.7]	[hover, hover]	[814.7978, 934.6632]
66   	6272.36     	0.008   	1.0000  	[21.7, 21.7]	[hover, hover]	[709.5483, 814.2732]
67   	5974.66     	0.007   	1.0000  	[21.7, 21.7]	[hover, hover]	[624.0116, 713.6287]
68   	5657.79     	0.007   	1.0000  	[21.7, 21.7]	[hover, hover]	[547.0883, 624.4845]
69   	5412.78     	0.006   	1.0000  	[21.7, 21.7]	[hover, hover]	[480.3035, 547.6106]
70   	5183.19     	0.006   	1.0000  	[21.7, 21.7]	[hover, hover]	[424.0700, 481.7085]
71   	4973.82     	0.005   	1.0000  	[21.7, 21.7]	[hover, hover]	[370.7365, 424.0313]
72   	4787.47     	0.005   	1.0000  	[21.7, 21.7]	[hover, hover]	[324.1642, 372.6244]
73   	4622.10     	0.005   	1.0000  	[21.7, 21.7]	[hover, hover]	[287.3479, 327.9976]
74   	4481.85     	0.004   	1.0000  	[21.7, 21.7]	[left, hover]	[260.2019, 290.5779]
75   	4403.15     	0.004   	1.0000  	[21.7, 21.7]	[left, right]	[254.1112, 264.4037]
76   	4329.54     	0.004   	1.0000  	[21.7, 21.7]	[left, right]	[263.9916, 253.4318]
77   	4277.49     	0.004   	1.0000  	[21.7, 21.7]	[left, right]	[280.2975, 256.9597]
78   	4233.32     	0.004   	1.0000  	[21.7, 21.7]	[front, hover]	[278.1857, 227.0189]
79   	4207.89     	0.004   	1.0000  	[21.7, 21.7]	[left, right]	[323.1149, 259.2723]
80   	4182.34     	0.004   	1.0000  	[21.7, 21.7]	[left, right]	[399.0983, 315.8462]
81   	4149.47     	0.004   	1.0000  	[21.7, 21.7]	[left, right]	[477.2149, 387.2425]
82   	4109.97     	0.004   	1.0000  	[21.7, 21.7]	[left, right]	[740.6612, 461.1908]
83   	4052.82     	0.004   	1.0000  	[21.7, 21.7]	[front, right]	[778.7425, 663.8275]
84   	3965.21     	0.003   	1.0000  	[21.7, 21.7]	[front, front]	[725.4317, 708.0366]
85   	3906.14     	0.003   	1.0000  	[21.7, 21.7]	[front, front]	[672.8272, 759.0111]
86   	3841.99     	0.003   	1.0000  	[21.7, 21.7]	[front, front]	[622.5815, 711.5566]
87   	3757.12     	0.003   	1.0000  	[21.7, 21.7]	[front, front]	[590.7661, 658.4109]
88   	3675.21     	0.003   	1.0000  	[21.7, 21.7]	[front, front]	[573.7493, 605.5089]
89   	3600.06     	0.003   	1.0000  	[21.7, 21.7]	[front, front]	[600.2745, 574.1952]
90   	3519.93     	0.003   	1.0000  	[21.7, 21.7]	[hover, front]	[525.8522, 550.8989]
91   	3421.18     	0.002   	1.0000  	[21.7, 21.7]	[hover, front]	[460.0009, 560.8091]
92   	3311.90     	0.002   	1.0000  	[21.7, 21.7]	[hover, hover]	[404.7044, 492.1479]
93   	3221.90     	0.002   	1.0000  	[21.7, 21.7]	[hover, hover]	[354.7929, 433.3535]
94   	3147.22     	0.002   	1.0000  	[21.7, 21.7]	[hover, hover]	[313.4347, 383.0537]
95   	3067.06     	0.002   	1.0000  	[21.7, 21.7]	[hover, hover]	[275.5154, 338.5147]
96   	2997.06     	0.002   	1.0000  	[21.7, 21.7]	[hover, hover]	[244.7555, 299.7943]
97   	2956.19     	0.002   	1.0000  	[21.7, 21.7]	[hover, hover]	[217.1659, 265.0036]
98   	2925.72     	0.002   	1.0000  	[21.7, 21.7]	[hover, hover]	[194.8362, 239.1357]
99   	2869.46     	0.002   	1.0000  	[21.7, 21.7]	[hover, hover]	[177.8241, 211.5758]
[2025-12-11T11:29:47]
Strategy: greedy_ig
Pairwise: equal
News mode: BM
Num agents: 2
Iteration: 8
Error margin: None
Gaussian radius 5 
Grid info: range: 0-50-50, cell_size:0.125, map shape: (400, 400), center:True
init UAV positions: [(-25.0, 25.0, 5.4), (-25.0, -25.0, 5.4)]
mcts_params: {}
Step	Entropy	MSE	Coverage	Heights	Actions	IGs
------------------------------------------------------------------------------------------------------------------------
0    	158826.13   	0.405   	0.0078  	[5.4, 5.4]	[up, up]	[807.8971, 807.8971]
1    	155971.98   	0.409   	0.0312  	[10.8, 10.8]	[up, up]	[1054.7971, 1045.2682]
2    	152553.84   	0.418   	0.0703  	[16.2, 16.2]	[back, front]	[1216.9217, 1211.1633]
3    	149864.02   	0.420   	0.0938  	[16.2, 16.2]	[right, right]	[1508.5186, 1502.6331]
4    	146226.22   	0.422   	0.1250  	[16.2, 16.2]	[back, front]	[1731.0915, 1715.3999]
5    	142330.79   	0.420   	0.1562  	[16.2, 16.2]	[right, right]	[2045.6554, 2030.3312]
6    	137624.91   	0.423   	0.1953  	[16.2, 16.2]	[back, front]	[2291.3885, 2270.6766]
7    	132575.42   	0.411   	0.2344  	[16.2, 16.2]	[right, right]	[2607.7770, 2614.8251]
8    	126673.38   	0.413   	0.2812  	[16.2, 16.2]	[right, right]	[2659.4057, 2663.7193]
9    	121155.62   	0.422   	0.3281  	[16.2, 16.2]	[right, right]	[2721.9916, 2737.8499]
10   	115560.43   	0.415   	0.3750  	[16.2, 16.2]	[right, right]	[2802.4411, 2809.5300]
11   	109733.71   	0.402   	0.4219  	[16.2, 16.2]	[right, right]	[2863.8856, 2882.4150]
12   	103822.96   	0.382   	0.4688  	[16.2, 16.2]	[right, right]	[2906.8262, 2914.4344]
13   	97985.27    	0.363   	0.5156  	[16.2, 16.2]	[right, right]	[2900.3672, 2914.3902]
14   	92143.16    	0.339   	0.5625  	[16.2, 16.2]	[right, right]	[2909.3922, 2912.2133]
15   	86224.65    	0.313   	0.6094  	[16.2, 16.2]	[right, right]	[2884.8235, 2906.6958]
16   	80551.52    	0.287   	0.6562  	[16.2, 16.2]	[right, right]	[2920.2611, 2903.3602]
17   	74658.75    	0.265   	0.7031  	[16.2, 16.2]	[right, right]	[2910.2680, 2915.0904]
18   	68868.88    	0.248   	0.7500  	[16.2, 16.2]	[back, front]	[2727.2363, 2724.0615]
19   	63882.29    	0.203   	0.7969  	[16.2, 16.2]	[back, front]	[2653.9340, 2660.7095]
20   	58708.97    	0.159   	0.8438  	[16.2, 16.2]	[back, front]	[2385.1122, 2409.1821]
21   	57527.08    	0.152   	0.8438  	[16.2, 16.2]	[back, front]	[2191.5938, 2198.3018]
22   	55790.99    	0.141   	0.8438  	[16.2, 16.2]	[back, front]	[2142.7071, 2126.9764]
23   	54586.57    	0.137   	0.8438  	[16.2, 16.2]	[back, front]	[2453.4121, 2450.3244]
24   	53598.55    	0.133   	0.8438  	[16.2, 16.2]	[back, front]	[2731.9390, 2724.2894]
25   	52561.46    	0.131   	0.8438  	[16.2, 16.2]	[back, front]	[2843.6150, 2867.3148]
26   	51345.23    	0.129   	0.8438  	[16.2, 16.2]	[back, front]	[2901.0001, 2916.3882]
27   	49663.32    	0.128   	0.8438  	[16.2, 16.2]	[back, front]	[2901.3945, 2912.6882]
28   	47475.84    	0.127   	0.8438  	[16.2, 16.2]	[left, left]	[2711.5763, 2713.4135]
29   	46766.06    	0.122   	0.8438  	[16.2, 16.2]	[left, left]	[2659.2341, 2667.7520]
30   	45867.83    	0.120   	0.8438  	[16.2, 16.2]	[left, left]	[2686.4718, 2693.0209]
31   	44851.24    	0.118   	0.8438  	[16.2, 16.2]	[left, left]	[2753.0965, 2747.8015]
32   	43738.16    	0.117   	0.8438  	[16.2, 16.2]	[left, left]	[2817.6656, 2830.6089]
33   	42631.24    	0.117   	0.8438  	[16.2, 16.2]	[left, left]	[2899.8312, 2909.3377]
34   	41535.22    	0.116   	0.8438  	[16.2, 16.2]	[left, left]	[2898.5982, 2931.0198]
35   	40573.78    	0.114   	0.8438  	[16.2, 16.2]	[left, left]	[2903.6287, 2929.2335]
36   	39525.08    	0.113   	0.8438  	[16.2, 16.2]	[left, left]	[2914.7252, 2920.1880]
37   	38382.47    	0.111   	0.8438  	[16.2, 16.2]	[left, left]	[2916.9729, 2931.2672]
38   	37204.15    	0.109   	0.8438  	[16.2, 16.2]	[front, back]	[2732.6806, 2729.2418]
39   	31744.61    	0.092   	0.8906  	[16.2, 16.2]	[front, back]	[2671.9430, 2666.8850]
40   	26507.82    	0.077   	0.9375  	[16.2, 16.2]	[front, back]	[2414.4088, 2399.2924]
41   	25362.58    	0.069   	0.9375  	[16.2, 16.2]	[front, back]	[2193.0664, 2184.9849]
42   	23588.22    	0.063   	0.9375  	[16.2, 16.2]	[right, right]	[1995.6370, 1981.0968]
43   	21396.29    	0.060   	0.9531  	[16.2, 16.2]	[right, right]	[1837.6925, 1844.3039]
44   	19037.35    	0.053   	0.9688  	[16.2, 16.2]	[right, right]	[1765.6220, 1785.6049]
45   	16755.63    	0.041   	0.9844  	[16.2, 16.2]	[right, right]	[1781.5289, 1782.5645]
46   	14404.64    	0.027   	1.0000  	[16.2, 16.2]	[front, back]	[1276.3542, 1287.6825]
47   	13545.41    	0.021   	1.0000  	[16.2, 16.2]	[front, back]	[1091.2253, 1106.5260]
48   	13005.81    	0.018   	1.0000  	[16.2, 16.2]	[right, right]	[938.4800, 935.7655]
49   	12594.24    	0.017   	1.0000  	[16.2, 16.2]	[right, right]	[765.6208, 778.1850]
50   	12279.65    	0.016   	1.0000  	[16.2, 16.2]	[right, right]	[667.8461, 677.4190]
51   	12018.00    	0.015   	1.0000  	[16.2, 16.2]	[up, up]	[632.7278, 625.0716]
52   	11801.23    	0.014   	1.0000  	[21.7, 21.7]	[front, back]	[640.6139, 637.2520]
53   	11561.47    	0.014   	1.0000  	[21.7, 21.7]	[front, right]	[648.6759, 650.9454]
54   	11291.56    	0.013   	1.0000  	[21.7, 21.7]	[front, right]	[674.9640, 696.2214]
55   	10979.13    	0.012   	1.0000  	[21.7, 21.7]	[right, back]	[723.8167, 749.9847]
56   	10533.71    	0.013   	1.0000  	[21.7, 21.7]	[right, back]	[825.5719, 828.6938]
57   	9851.57     	0.014   	1.0000  	[21.7, 21.7]	[hover, hover]	[730.7422, 719.4474]
58   	9421.59     	0.013   	1.0000  	[21.7, 21.7]	[hover, hover]	[637.5014, 625.8838]
59   	9086.44     	0.012   	1.0000  	[21.7, 21.7]	[hover, hover]	[555.4840, 547.4301]
60   	8759.68     	0.012   	1.0000  	[21.7, 21.7]	[hover, hover]	[487.0132, 482.1153]
61   	8464.44     	0.011   	1.0000  	[21.7, 21.7]	[hover, hover]	[427.1907, 425.4314]
62   	8191.50     	0.010   	1.0000  	[21.7, 21.7]	[hover, hover]	[377.3355, 374.1535]
63   	8013.70     	0.010   	1.0000  	[21.7, 21.7]	[hover, left]	[329.7849, 334.7536]
64   	7810.60     	0.009   	1.0000  	[21.7, 21.7]	[back, left]	[306.7664, 330.4647]
65   	7757.60     	0.009   	1.0000  	[21.7, 21.7]	[back, left]	[314.8446, 368.4639]
66   	7611.17     	0.009   	1.0000  	[21.7, 21.7]	[back, left]	[320.5228, 397.4092]
67   	7523.31     	0.009   	1.0000  	[21.7, 21.7]	[back, left]	[355.7878, 461.0563]
68   	7445.61     	0.008   	1.0000  	[21.7, 21.7]	[back, left]	[420.3875, 538.2386]
69   	7285.31     	0.008   	1.0000  	[21.7, 21.7]	[back, left]	[525.8379, 639.8537]
70   	7107.24     	0.008   	1.0000  	[21.7, 21.7]	[back, left]	[645.7688, 767.3998]
71   	6813.66     	0.008   	1.0000  	[21.7, 21.7]	[back, front]	[799.3229, 757.4583]
72   	6575.80     	0.008   	1.0000  	[21.7, 21.7]	[hover, front]	[694.0524, 728.7363]
73   	6263.18     	0.007   	1.0000  	[21.7, 21.7]	[hover, front]	[608.0366, 658.9831]
74   	6020.12     	0.007   	1.0000  	[21.7, 21.7]	[hover, front]	[534.1812, 603.1599]
75   	5830.58     	0.006   	1.0000  	[21.7, 21.7]	[hover, front]	[466.9065, 614.5104]
76   	5563.81     	0.006   	1.0000  	[21.7, 21.7]	[left, front]	[417.7091, 643.5725]
77   	5384.49     	0.006   	1.0000  	[21.7, 21.7]	[left, front]	[402.5527, 690.9135]
78   	5209.26     	0.006   	1.0000  	[21.7, 21.7]	[left, front]	[375.7785, 816.6814]
79   	5095.04     	0.005   	1.0000  	[21.7, 21.7]	[left, hover]	[387.7582, 715.1472]
80   	4894.22     	0.005   	1.0000  	[21.7, 21.7]	[left, hover]	[440.2875, 622.6190]
81   	4764.28     	0.005   	1.0000  	[21.7, 21.7]	[left, hover]	[528.8264, 545.1500]
82   	4631.89     	0.005   	1.0000  	[21.7, 21.7]	[left, hover]	[657.5116, 478.1700]
83   	4465.37     	0.004   	1.0000  	[21.7, 21.7]	[left, right]	[842.5759, 420.2412]
84   	4308.02     	0.004   	1.0000  	[21.7, 21.7]	[hover, right]	[734.9650, 416.1232]
85   	4171.06     	0.004   	1.0000  	[21.7, 21.7]	[front, right]	[656.1300, 392.4975]
86   	4083.32     	0.004   	1.0000  	[21.7, 21.7]	[front, right]	[689.1543, 405.5956]
87   	3981.95     	0.003   	1.0000  	[21.7, 21.7]	[front, right]	[691.8482, 450.6783]
88   	3900.15     	0.003   	1.0000  	[21.7, 21.7]	[front, right]	[661.9170, 523.4364]
89   	3825.45     	0.003   	1.0000  	[21.7, 21.7]	[front, right]	[658.0249, 634.2078]
90   	3738.68     	0.003   	1.0000  	[21.7, 21.7]	[front, right]	[649.8910, 783.5103]
91   	3623.14     	0.003   	1.0000  	[21.7, 21.7]	[front, hover]	[633.0541, 679.3417]
92   	3493.10     	0.003   	1.0000  	[21.7, 21.7]	[front, hover]	[612.5208, 591.0103]
93   	3423.50     	0.003   	1.0000  	[21.7, 21.7]	[hover, hover]	[538.7220, 518.9175]
94   	3311.66     	0.002   	1.0000  	[21.7, 21.7]	[hover, hover]	[470.8309, 456.7769]
95   	3231.89     	0.002   	1.0000  	[21.7, 21.7]	[hover, hover]	[415.7529, 402.8943]
96   	3162.58     	0.002   	1.0000  	[21.7, 21.7]	[hover, hover]	[368.8126, 354.9270]
97   	3103.75     	0.002   	1.0000  	[21.7, 21.7]	[hover, hover]	[326.2142, 315.7355]
98   	3051.17     	0.002   	1.0000  	[21.7, 21.7]	[hover, hover]	[288.9017, 280.6093]
99   	3007.52     	0.002   	1.0000  	[21.7, 21.7]	[hover, hover]	[255.5044, 251.7850]
[2025-12-11T11:29:53]
Strategy: greedy_ig
Pairwise: equal
News mode: BM
Num agents: 2
Iteration: 9
Error margin: None
Gaussian radius 5 
Grid info: range: 0-50-50, cell_size:0.125, map shape: (400, 400), center:True
init UAV positions: [(25.0, -25.0, 5.4), (-25.0, 25.0, 5.4)]
mcts_params: {}
Step	Entropy	MSE	Coverage	Heights	Actions	IGs
------------------------------------------------------------------------------------------------------------------------
0    	158826.13   	0.405   	0.0078  	[5.4, 5.4]	[up, up]	[807.8971, 807.8971]
1    	155964.66   	0.409   	0.0312  	[10.8, 10.8]	[up, up]	[1051.1477, 1047.0929]
2    	152524.87   	0.410   	0.0703  	[16.2, 16.2]	[front, back]	[1218.2969, 1211.2301]
3    	149888.35   	0.400   	0.0938  	[16.2, 16.2]	[left, right]	[1511.8357, 1513.2401]
4    	146240.63   	0.394   	0.1250  	[16.2, 16.2]	[left, back]	[1731.2276, 1721.0269]
5    	142347.72   	0.388   	0.1562  	[16.2, 16.2]	[front, right]	[2047.6025, 2033.8366]
6    	137580.93   	0.371   	0.1953  	[16.2, 16.2]	[front, back]	[2272.2707, 2271.1261]
7    	132600.41   	0.351   	0.2344  	[16.2, 16.2]	[left, right]	[2610.4086, 2608.5872]
8    	126683.18   	0.343   	0.2812  	[16.2, 16.2]	[left, right]	[2647.5100, 2662.6611]
9    	121238.04   	0.338   	0.3281  	[16.2, 16.2]	[left, right]	[2713.4628, 2740.7310]
10   	115571.88   	0.329   	0.3750  	[16.2, 16.2]	[left, right]	[2789.1099, 2807.4724]
11   	109798.79   	0.320   	0.4219  	[16.2, 16.2]	[left, right]	[2855.0253, 2882.3509]
12   	103937.07   	0.312   	0.4688  	[16.2, 16.2]	[left, right]	[2921.6969, 2914.4344]
13   	98041.22    	0.304   	0.5156  	[16.2, 16.2]	[left, right]	[2918.2589, 2914.3902]
14   	92189.89    	0.294   	0.5625  	[16.2, 16.2]	[left, right]	[2918.0995, 2912.2133]
15   	86349.67    	0.284   	0.6094  	[16.2, 16.2]	[left, right]	[2914.9629, 2906.6958]
16   	80582.42    	0.273   	0.6562  	[16.2, 16.2]	[left, right]	[2931.8914, 2903.3602]
17   	74798.24    	0.262   	0.7031  	[16.2, 16.2]	[left, right]	[2926.5707, 2915.0904]
18   	68942.00    	0.249   	0.7500  	[16.2, 16.2]	[front, back]	[2747.8401, 2718.2232]
19   	64105.83    	0.213   	0.7969  	[16.2, 16.2]	[front, back]	[2679.1779, 2666.6585]
20   	58776.18    	0.179   	0.8438  	[16.2, 16.2]	[front, back]	[2690.3604, 2682.9836]
21   	53436.73    	0.150   	0.8906  	[16.2, 16.2]	[front, back]	[2751.4939, 2750.4925]
22   	47859.04    	0.122   	0.9375  	[16.2, 16.2]	[front, back]	[2849.8094, 2829.4458]
23   	45802.32    	0.114   	0.9375  	[16.2, 16.2]	[front, back]	[2925.0965, 2930.4923]
24   	43643.90    	0.104   	0.9375  	[16.2, 16.2]	[front, back]	[2915.8164, 2919.5038]
25   	42186.23    	0.098   	0.9375  	[16.2, 16.2]	[front, back]	[2908.6021, 2915.3153]
26   	41036.09    	0.094   	0.9375  	[16.2, 16.2]	[front, back]	[2903.3205, 2922.5966]
27   	40130.74    	0.092   	0.9375  	[16.2, 16.2]	[front, back]	[2898.3346, 2912.3853]
28   	39449.79    	0.091   	0.9375  	[16.2, 16.2]	[right, left]	[2698.2336, 2733.6072]
29   	38501.46    	0.089   	0.9375  	[16.2, 16.2]	[right, left]	[2653.7270, 2660.6394]
30   	37506.76    	0.089   	0.9375  	[16.2, 16.2]	[right, left]	[2679.7807, 2673.3768]
31   	36463.81    	0.087   	0.9375  	[16.2, 16.2]	[right, left]	[2741.8879, 2735.7003]
32   	35298.85    	0.086   	0.9375  	[16.2, 16.2]	[right, left]	[2818.7621, 2823.3404]
33   	34435.43    	0.085   	0.9375  	[16.2, 16.2]	[right, left]	[2924.7337, 2909.3377]
34   	33446.28    	0.083   	0.9375  	[16.2, 16.2]	[right, left]	[2913.9981, 2931.0198]
35   	32372.00    	0.082   	0.9375  	[16.2, 16.2]	[right, left]	[2910.1728, 2929.2335]
36   	31054.97    	0.080   	0.9375  	[16.2, 16.2]	[right, left]	[2904.9622, 2920.1880]
37   	29459.14    	0.078   	0.9375  	[16.2, 16.2]	[right, left]	[2906.2239, 2931.2672]
38   	27294.73    	0.077   	0.9375  	[16.2, 16.2]	[back, front]	[2723.1343, 2739.5880]
39   	26550.88    	0.072   	0.9375  	[16.2, 16.2]	[back, front]	[2678.5218, 2666.9826]
40   	25671.54    	0.067   	0.9375  	[16.2, 16.2]	[back, front]	[2694.7884, 2681.4164]
41   	24604.64    	0.064   	0.9375  	[16.2, 16.2]	[back, front]	[2746.0126, 2744.6711]
42   	23519.42    	0.061   	0.9375  	[16.2, 16.2]	[left, right]	[2325.6844, 2343.5851]
43   	19780.24    	0.050   	0.9688  	[16.2, 16.2]	[left, right]	[2151.3495, 2166.1543]
44   	16177.71    	0.030   	1.0000  	[16.2, 16.2]	[left, right]	[1886.9818, 1899.7496]
45   	15367.83    	0.025   	1.0000  	[16.2, 16.2]	[left, right]	[1705.3576, 1703.5132]
46   	14101.34    	0.021   	1.0000  	[16.2, 16.2]	[back, front]	[1338.2454, 1327.9296]
47   	13381.60    	0.019   	1.0000  	[16.2, 16.2]	[back, front]	[1154.1955, 1142.2636]
48   	12873.71    	0.017   	1.0000  	[16.2, 16.2]	[back, right]	[926.8599, 923.2963]
49   	12488.29    	0.016   	1.0000  	[16.2, 16.2]	[up, right]	[836.2097, 796.3112]
50   	12182.54    	0.015   	1.0000  	[21.7, 16.2]	[right, right]	[825.0308, 704.7319]
51   	11887.06    	0.014   	1.0000  	[21.7, 16.2]	[right, up]	[822.6448, 631.4675]
52   	11626.82    	0.013   	1.0000  	[21.7, 21.7]	[right, front]	[921.5678, 644.5371]
53   	11266.80    	0.013   	1.0000  	[21.7, 21.7]	[back, front]	[821.6882, 649.8220]
54   	10963.82    	0.012   	1.0000  	[21.7, 21.7]	[back, front]	[736.1266, 683.0326]
55   	10600.29    	0.012   	1.0000  	[21.7, 21.7]	[front, right]	[655.3330, 736.7423]
56   	10298.84    	0.012   	1.0000  	[21.7, 21.7]	[front, right]	[586.7184, 824.1678]
57   	9844.09     	0.012   	1.0000  	[21.7, 21.7]	[front, hover]	[523.9615, 714.4147]
58   	9505.00     	0.012   	1.0000  	[21.7, 21.7]	[front, hover]	[483.2330, 617.3522]
59   	9286.74     	0.011   	1.0000  	[21.7, 21.7]	[front, hover]	[506.2349, 539.4868]
60   	9037.47     	0.011   	1.0000  	[21.7, 21.7]	[front, hover]	[532.8411, 461.7553]
61   	8822.53     	0.010   	1.0000  	[21.7, 21.7]	[front, hover]	[583.8591, 405.4364]
62   	8624.38     	0.010   	1.0000  	[21.7, 21.7]	[hover, hover]	[511.7843, 343.6198]
63   	8471.92     	0.009   	1.0000  	[21.7, 21.7]	[up, hover]	[477.0515, 304.2220]
64   	8343.88     	0.009   	1.0000  	[27.1, 21.7]	[left, hover]	[545.7150, 275.7198]
65   	8215.03     	0.009   	1.0000  	[27.1, 21.7]	[hover, back]	[510.4028, 271.8229]
66   	8153.93     	0.009   	1.0000  	[27.1, 21.7]	[hover, back]	[488.9320, 298.4261]
67   	8057.68     	0.009   	1.0000  	[27.1, 21.7]	[hover, back]	[462.8708, 311.3578]
68   	7980.84     	0.008   	1.0000  	[27.1, 21.7]	[hover, back]	[439.0656, 356.8112]
69   	7902.56     	0.008   	1.0000  	[27.1, 21.7]	[hover, back]	[410.8266, 437.9087]
70   	7832.83     	0.008   	1.0000  	[27.1, 21.7]	[left, back]	[386.0474, 528.9487]
71   	7776.25     	0.008   	1.0000  	[27.1, 21.7]	[left, back]	[399.5735, 653.4859]
72   	7685.37     	0.008   	1.0000  	[27.1, 21.7]	[left, back]	[435.7304, 813.1092]
73   	7526.17     	0.008   	1.0000  	[27.1, 21.7]	[left, hover]	[492.2401, 710.1443]
74   	7394.76     	0.008   	1.0000  	[27.1, 21.7]	[left, hover]	[566.1424, 620.1807]
75   	7236.52     	0.008   	1.0000  	[27.1, 21.7]	[left, hover]	[667.9375, 543.0438]
76   	7018.01     	0.007   	1.0000  	[27.1, 21.7]	[down, hover]	[628.1643, 480.3617]
77   	6841.22     	0.007   	1.0000  	[21.7, 21.7]	[left, left]	[714.0402, 432.4366]
78   	6614.68     	0.007   	1.0000  	[21.7, 21.7]	[front, left]	[741.0339, 406.9684]
79   	6473.42     	0.006   	1.0000  	[21.7, 21.7]	[hover, left]	[648.9734, 381.8725]
80   	6272.83     	0.006   	1.0000  	[21.7, 21.7]	[hover, left]	[568.9149, 389.6956]
81   	6129.59     	0.006   	1.0000  	[21.7, 21.7]	[hover, left]	[501.9430, 444.9821]
82   	5891.41     	0.006   	1.0000  	[21.7, 21.7]	[hover, left]	[439.5085, 538.3878]
83   	5713.08     	0.005   	1.0000  	[21.7, 21.7]	[hover, left]	[387.4230, 657.8721]
84   	5438.66     	0.006   	1.0000  	[21.7, 21.7]	[hover, left]	[344.8489, 837.9999]
85   	4993.78     	0.006   	1.0000  	[21.7, 21.7]	[hover, hover]	[305.5278, 729.2930]
86   	4755.06     	0.006   	1.0000  	[21.7, 21.7]	[back, front]	[274.6919, 648.6422]
87   	4594.08     	0.005   	1.0000  	[21.7, 21.7]	[back, front]	[284.7888, 644.8235]
88   	4497.71     	0.004   	1.0000  	[21.7, 21.7]	[back, front]	[292.7567, 632.6164]
89   	4391.27     	0.004   	1.0000  	[21.7, 21.7]	[back, front]	[323.7355, 593.8698]
90   	4309.03     	0.004   	1.0000  	[21.7, 21.7]	[back, front]	[398.1473, 596.4383]
91   	4239.82     	0.004   	1.0000  	[21.7, 21.7]	[back, front]	[497.0978, 618.4744]
92   	4139.01     	0.004   	1.0000  	[21.7, 21.7]	[back, front]	[627.2146, 615.1410]
93   	4022.80     	0.003   	1.0000  	[21.7, 21.7]	[back, front]	[789.4457, 615.0995]
94   	3753.73     	0.003   	1.0000  	[21.7, 21.7]	[hover, hover]	[690.5400, 549.8665]
95   	3636.52     	0.003   	1.0000  	[21.7, 21.7]	[hover, hover]	[602.1465, 488.4872]
96   	3512.74     	0.003   	1.0000  	[21.7, 21.7]	[hover, hover]	[526.6986, 431.0877]
97   	3393.11     	0.003   	1.0000  	[21.7, 21.7]	[hover, hover]	[465.1381, 380.8097]
98   	3289.51     	0.002   	1.0000  	[21.7, 21.7]	[hover, hover]	[406.1983, 334.8627]
99   	3201.86     	0.002   	1.0000  	[21.7, 21.7]	[hover, hover]	[361.5838, 296.2241]
[2025-12-11T11:29:59]
Strategy: greedy_ig
Pairwise: equal
News mode: BM
Num agents: 2
Iteration: 10
Error margin: None
Gaussian radius 5 
Grid info: range: 0-50-50, cell_size:0.125, map shape: (400, 400), center:True
init UAV positions: [(-25.0, 25.0, 5.4), (25.0, -25.0, 5.4)]
mcts_params: {}
Step	Entropy	MSE	Coverage	Heights	Actions	IGs
------------------------------------------------------------------------------------------------------------------------
0    	158826.13   	0.405   	0.0078  	[5.4, 5.4]	[up, up]	[807.8971, 807.8971]
1    	155984.99   	0.409   	0.0312  	[10.8, 10.8]	[up, up]	[1054.7971, 1048.5120]
2    	152548.54   	0.409   	0.0703  	[16.2, 16.2]	[back, front]	[1216.9217, 1212.3794]
3    	149834.77   	0.401   	0.0938  	[16.2, 16.2]	[right, left]	[1508.5186, 1496.4769]
4    	146209.12   	0.394   	0.1250  	[16.2, 16.2]	[back, front]	[1731.0915, 1709.6865]
5    	142353.80   	0.380   	0.1562  	[16.2, 16.2]	[right, left]	[2045.6554, 2032.1094]
6    	137643.69   	0.371   	0.1953  	[16.2, 16.2]	[back, front]	[2291.3885, 2274.2492]
7    	132539.86   	0.352   	0.2344  	[16.2, 16.2]	[right, left]	[2607.7770, 2612.8121]
8    	126644.79   	0.341   	0.2812  	[16.2, 16.2]	[right, left]	[2659.4057, 2647.9472]
9    	121175.15   	0.339   	0.3281  	[16.2, 16.2]	[right, left]	[2721.9916, 2715.7957]
10   	115592.42   	0.328   	0.3750  	[16.2, 16.2]	[right, left]	[2802.4411, 2797.7360]
11   	109726.42   	0.320   	0.4219  	[16.2, 16.2]	[right, left]	[2863.8856, 2866.4031]
12   	103827.72   	0.311   	0.4688  	[16.2, 16.2]	[right, left]	[2906.8262, 2902.7596]
13   	98029.94    	0.303   	0.5156  	[16.2, 16.2]	[right, left]	[2900.3672, 2918.2741]
14   	92153.76    	0.294   	0.5625  	[16.2, 16.2]	[right, left]	[2909.3922, 2910.0379]
15   	86279.50    	0.283   	0.6094  	[16.2, 16.2]	[right, left]	[2884.8235, 2919.0201]
16   	80605.70    	0.272   	0.6562  	[16.2, 16.2]	[right, left]	[2920.2611, 2911.5616]
17   	74626.64    	0.261   	0.7031  	[16.2, 16.2]	[right, left]	[2910.2680, 2905.8853]
18   	68874.27    	0.247   	0.7500  	[16.2, 16.2]	[back, front]	[2727.2363, 2720.1528]
19   	63868.09    	0.211   	0.7969  	[16.2, 16.2]	[back, front]	[2653.9340, 2653.9715]
20   	58656.62    	0.177   	0.8438  	[16.2, 16.2]	[back, front]	[2671.0514, 2677.9368]
21   	53216.32    	0.149   	0.8906  	[16.2, 16.2]	[back, front]	[2744.8282, 2737.1620]
22   	47754.13    	0.120   	0.9375  	[16.2, 16.2]	[back, front]	[2852.0511, 2840.9769]
23   	45472.79    	0.112   	0.9375  	[16.2, 16.2]	[back, front]	[2934.3940, 2916.7044]
24   	43523.96    	0.103   	0.9375  	[16.2, 16.2]	[back, front]	[2925.5915, 2915.6866]
25   	42033.81    	0.096   	0.9375  	[16.2, 16.2]	[back, front]	[2891.5119, 2914.9800]
26   	40908.43    	0.093   	0.9375  	[16.2, 16.2]	[back, front]	[2901.0001, 2916.3882]
27   	39979.77    	0.091   	0.9375  	[16.2, 16.2]	[back, front]	[2901.3945, 2912.6882]
28   	39317.13    	0.090   	0.9375  	[16.2, 16.2]	[left, right]	[2711.5763, 2717.1346]
29   	38292.42    	0.089   	0.9375  	[16.2, 16.2]	[left, right]	[2659.2341, 2664.9168]
30   	37379.01    	0.087   	0.9375  	[16.2, 16.2]	[left, right]	[2686.4718, 2682.6185]
31   	36229.19    	0.086   	0.9375  	[16.2, 16.2]	[left, right]	[2753.0965, 2735.5004]
32   	35131.49    	0.084   	0.9375  	[16.2, 16.2]	[left, right]	[2817.6656, 2813.7701]
33   	34211.65    	0.083   	0.9375  	[16.2, 16.2]	[left, right]	[2899.8312, 2907.4936]
34   	33236.50    	0.081   	0.9375  	[16.2, 16.2]	[left, right]	[2898.5982, 2922.5301]
35   	32221.03    	0.080   	0.9375  	[16.2, 16.2]	[left, right]	[2903.6287, 2928.2051]
36   	30801.56    	0.079   	0.9375  	[16.2, 16.2]	[left, right]	[2914.7252, 2910.6624]
37   	29237.37    	0.077   	0.9375  	[16.2, 16.2]	[left, right]	[2916.9729, 2896.8312]
38   	27169.99    	0.076   	0.9375  	[16.2, 16.2]	[front, back]	[2732.6806, 2706.7204]
39   	26386.73    	0.071   	0.9375  	[16.2, 16.2]	[front, back]	[2671.9430, 2664.0590]
40   	25483.81    	0.067   	0.9375  	[16.2, 16.2]	[front, back]	[2700.3481, 2681.0107]
41   	24460.16    	0.063   	0.9375  	[16.2, 16.2]	[front, back]	[2757.8220, 2741.4986]
42   	23359.41    	0.060   	0.9375  	[16.2, 16.2]	[right, left]	[2350.2769, 2335.3510]
43   	19643.52    	0.049   	0.9688  	[16.2, 16.2]	[right, left]	[2152.5490, 2141.3624]
44   	16036.40    	0.029   	1.0000  	[16.2, 16.2]	[right, left]	[1876.8709, 1898.2612]
45   	15221.95    	0.024   	1.0000  	[16.2, 16.2]	[right, left]	[1691.2048, 1697.7761]
46   	13965.22    	0.020   	1.0000  	[16.2, 16.2]	[front, back]	[1326.2053, 1338.1760]
47   	13271.78    	0.018   	1.0000  	[16.2, 16.2]	[front, back]	[1134.8295, 1151.8800]
48   	12766.62    	0.016   	1.0000  	[16.2, 16.2]	[right, left]	[915.2397, 944.7285]
49   	12358.62    	0.015   	1.0000  	[16.2, 16.2]	[right, left]	[765.6208, 784.0474]
50   	12076.00    	0.014   	1.0000  	[16.2, 16.2]	[right, left]	[694.5429, 711.4309]
51   	11862.46    	0.014   	1.0000  	[16.2, 16.2]	[up, up]	[666.5670, 669.5896]
52   	11589.60    	0.013   	1.0000  	[21.7, 21.7]	[front, back]	[663.5979, 660.9173]
53   	11339.90    	0.013   	1.0000  	[21.7, 21.7]	[right, left]	[663.1518, 661.5406]
54   	10985.37    	0.013   	1.0000  	[21.7, 21.7]	[right, left]	[693.1839, 701.6042]
55   	10567.25    	0.012   	1.0000  	[21.7, 21.7]	[front, back]	[743.2696, 743.8837]
56   	10090.92    	0.012   	1.0000  	[21.7, 21.7]	[front, back]	[827.1371, 829.8449]
57   	9444.85     	0.014   	1.0000  	[21.7, 21.7]	[hover, hover]	[725.5647, 723.2008]
58   	8969.12     	0.013   	1.0000  	[21.7, 21.7]	[hover, hover]	[633.5658, 631.2783]
59   	8549.88     	0.012   	1.0000  	[21.7, 21.7]	[hover, hover]	[550.5597, 550.7397]
60   	8217.68     	0.012   	1.0000  	[21.7, 21.7]	[hover, hover]	[486.1367, 480.3117]
61   	7897.40     	0.011   	1.0000  	[21.7, 21.7]	[hover, hover]	[425.5195, 420.8009]
62   	7652.48     	0.010   	1.0000  	[21.7, 21.7]	[hover, hover]	[374.2660, 373.0459]
63   	7416.91     	0.010   	1.0000  	[21.7, 21.7]	[left, hover]	[331.7657, 330.6636]
64   	7263.78     	0.009   	1.0000  	[21.7, 21.7]	[left, right]	[335.7511, 302.3207]
65   	7147.32     	0.009   	1.0000  	[21.7, 21.7]	[left, right]	[374.0672, 311.5817]
66   	7014.22     	0.009   	1.0000  	[21.7, 21.7]	[left, right]	[394.5150, 357.2994]
67   	6903.52     	0.009   	1.0000  	[21.7, 21.7]	[left, right]	[461.6203, 384.9004]
68   	6761.83     	0.009   	1.0000  	[21.7, 21.7]	[left, right]	[539.6910, 455.7408]
69   	6591.82     	0.008   	1.0000  	[21.7, 21.7]	[left, right]	[645.6277, 530.8172]
70   	6375.35     	0.008   	1.0000  	[21.7, 21.7]	[left, right]	[782.4648, 635.0895]
71   	6090.41     	0.007   	1.0000  	[21.7, 21.7]	[back, right]	[759.2417, 776.3405]
72   	5762.53     	0.007   	1.0000  	[21.7, 21.7]	[back, front]	[724.4671, 766.5433]
73   	5583.28     	0.007   	1.0000  	[21.7, 21.7]	[back, front]	[650.9914, 735.3744]
74   	5400.25     	0.006   	1.0000  	[21.7, 21.7]	[back, front]	[602.6848, 667.1867]
75   	5247.59     	0.006   	1.0000  	[21.7, 21.7]	[back, front]	[616.7667, 606.6162]
76   	5142.39     	0.005   	1.0000  	[21.7, 21.7]	[back, front]	[644.0826, 622.2760]
77   	5067.04     	0.005   	1.0000  	[21.7, 21.7]	[back, front]	[693.7384, 649.6434]
78   	4937.68     	0.005   	1.0000  	[21.7, 21.7]	[back, front]	[810.1941, 699.9187]
79   	4803.46     	0.005   	1.0000  	[21.7, 21.7]	[hover, front]	[709.1610, 821.1000]
80   	4665.90     	0.005   	1.0000  	[21.7, 21.7]	[hover, hover]	[622.7173, 715.4282]
81   	4557.94     	0.004   	1.0000  	[21.7, 21.7]	[hover, hover]	[549.4837, 630.5513]
82   	4430.02     	0.004   	1.0000  	[21.7, 21.7]	[hover, hover]	[482.6091, 550.5642]
83   	4334.17     	0.004   	1.0000  	[21.7, 21.7]	[hover, hover]	[427.2003, 480.6246]
84   	4246.25     	0.004   	1.0000  	[21.7, 21.7]	[right, left]	[383.4045, 433.0147]
85   	4202.23     	0.004   	1.0000  	[21.7, 21.7]	[right, left]	[387.6633, 419.2289]
86   	4156.59     	0.004   	1.0000  	[21.7, 21.7]	[right, left]	[376.6897, 396.3261]
87   	4123.66     	0.004   	1.0000  	[21.7, 21.7]	[right, left]	[392.7812, 402.9909]
88   	4065.26     	0.004   	1.0000  	[21.7, 21.7]	[right, left]	[440.0225, 450.5906]
89   	4018.51     	0.004   	1.0000  	[21.7, 21.7]	[right, left]	[514.4234, 531.3825]
90   	3945.00     	0.003   	1.0000  	[21.7, 21.7]	[right, left]	[619.0483, 633.6511]
91   	3813.37     	0.003   	1.0000  	[21.7, 21.7]	[right, left]	[770.0237, 772.6158]
92   	3687.20     	0.003   	1.0000  	[21.7, 21.7]	[hover, hover]	[677.6636, 674.6871]
93   	3547.27     	0.003   	1.0000  	[21.7, 21.7]	[hover, hover]	[591.1475, 592.5454]
94   	3414.71     	0.003   	1.0000  	[21.7, 21.7]	[hover, hover]	[516.4232, 518.9818]
95   	3330.34     	0.002   	1.0000  	[21.7, 21.7]	[hover, hover]	[454.9854, 456.0671]
96   	3240.35     	0.002   	1.0000  	[21.7, 21.7]	[hover, hover]	[403.3743, 400.5793]
97   	3150.53     	0.002   	1.0000  	[21.7, 21.7]	[hover, hover]	[358.3811, 354.1465]
98   	3100.25     	0.002   	1.0000  	[21.7, 21.7]	[hover, hover]	[317.2253, 316.9959]
99   	3033.82     	0.002   	1.0000  	[21.7, 21.7]	[hover, hover]	[280.3489, 278.8176]
[2025-12-11T11:30:04]
Strategy: greedy_ig
Pairwise: equal
News mode: BM
Num agents: 2
Iteration: 11
Error margin: None
Gaussian radius 5 
Grid info: range: 0-50-50, cell_size:0.125, map shape: (400, 400), center:True
init UAV positions: [(-25.0, -25.0, 5.4), (-25.0, 25.0, 5.4)]
mcts_params: {}
Step	Entropy	MSE	Coverage	Heights	Actions	IGs
------------------------------------------------------------------------------------------------------------------------
0    	158826.13   	0.405   	0.0078  	[5.4, 5.4]	[up, up]	[807.8971, 807.8971]
1    	155960.59   	0.409   	0.0312  	[10.8, 10.8]	[up, up]	[1050.1340, 1047.0929]
2    	152527.78   	0.419   	0.0703  	[16.2, 16.2]	[front, back]	[1216.1145, 1211.2301]
3    	149881.81   	0.420   	0.0938  	[16.2, 16.2]	[right, right]	[1508.8933, 1513.2401]
4    	146238.94   	0.422   	0.1250  	[16.2, 16.2]	[front, back]	[1728.8258, 1721.0269]
5    	142348.82   	0.420   	0.1562  	[16.2, 16.2]	[right, right]	[2046.8140, 2033.8366]
6    	137590.33   	0.423   	0.1953  	[16.2, 16.2]	[front, back]	[2276.4362, 2271.1261]
7    	132609.69   	0.411   	0.2344  	[16.2, 16.2]	[right, right]	[2608.6940, 2608.5872]
8    	126734.61   	0.413   	0.2812  	[16.2, 16.2]	[right, right]	[2667.4813, 2662.6611]
9    	121180.60   	0.422   	0.3281  	[16.2, 16.2]	[right, right]	[2731.0174, 2740.7310]
10   	115555.39   	0.416   	0.3750  	[16.2, 16.2]	[right, right]	[2808.9806, 2807.4724]
11   	109749.34   	0.402   	0.4219  	[16.2, 16.2]	[right, right]	[2870.4948, 2882.3509]
12   	103836.25   	0.382   	0.4688  	[16.2, 16.2]	[right, right]	[2906.8262, 2914.4344]
13   	98011.68    	0.363   	0.5156  	[16.2, 16.2]	[right, right]	[2900.3672, 2914.3902]
14   	92169.57    	0.339   	0.5625  	[16.2, 16.2]	[right, right]	[2909.3922, 2912.2133]
15   	86251.07    	0.313   	0.6094  	[16.2, 16.2]	[right, right]	[2884.8235, 2906.6958]
16   	80577.94    	0.287   	0.6562  	[16.2, 16.2]	[right, right]	[2920.2611, 2903.3602]
17   	74685.17    	0.266   	0.7031  	[16.2, 16.2]	[right, right]	[2910.2680, 2915.0904]
18   	68895.30    	0.248   	0.7500  	[16.2, 16.2]	[front, back]	[2732.9868, 2718.2232]
19   	63975.11    	0.204   	0.7969  	[16.2, 16.2]	[front, back]	[2659.1346, 2666.6585]
20   	58672.77    	0.159   	0.8438  	[16.2, 16.2]	[front, back]	[2392.7937, 2397.0444]
21   	57611.38    	0.153   	0.8438  	[16.2, 16.2]	[front, back]	[2193.2251, 2192.5188]
22   	55850.23    	0.141   	0.8438  	[16.2, 16.2]	[front, back]	[2145.4231, 2146.4767]
23   	54637.19    	0.137   	0.8438  	[16.2, 16.2]	[front, back]	[2471.3092, 2455.9834]
24   	53606.27    	0.134   	0.8438  	[16.2, 16.2]	[front, back]	[2725.1419, 2719.8472]
25   	52642.99    	0.132   	0.8438  	[16.2, 16.2]	[front, back]	[2857.6935, 2870.5074]
26   	51380.37    	0.130   	0.8438  	[16.2, 16.2]	[front, back]	[2903.3205, 2922.5966]
27   	49798.72    	0.128   	0.8438  	[16.2, 16.2]	[front, back]	[2898.3346, 2912.3853]
28   	47642.50    	0.127   	0.8438  	[16.2, 16.2]	[left, left]	[2704.0211, 2733.6072]
29   	46853.44    	0.122   	0.8438  	[16.2, 16.2]	[left, left]	[2662.7934, 2660.6394]
30   	45961.12    	0.120   	0.8438  	[16.2, 16.2]	[left, left]	[2688.3647, 2673.3768]
31   	44891.19    	0.118   	0.8438  	[16.2, 16.2]	[left, left]	[2746.5007, 2735.7003]
32   	43828.83    	0.118   	0.8438  	[16.2, 16.2]	[left, left]	[2818.7333, 2823.3404]
33   	42693.07    	0.117   	0.8438  	[16.2, 16.2]	[left, left]	[2899.8312, 2909.3377]
34   	41593.94    	0.116   	0.8438  	[16.2, 16.2]	[left, left]	[2898.5982, 2931.0198]
35   	40617.57    	0.114   	0.8438  	[16.2, 16.2]	[left, left]	[2903.6287, 2929.2335]
36   	39537.29    	0.113   	0.8438  	[16.2, 16.2]	[left, left]	[2914.7252, 2920.1880]
37   	38470.26    	0.111   	0.8438  	[16.2, 16.2]	[left, left]	[2916.9729, 2931.2672]
38   	37289.13    	0.109   	0.8438  	[16.2, 16.2]	[back, front]	[2726.9674, 2739.5880]
39   	31898.75    	0.092   	0.8906  	[16.2, 16.2]	[back, front]	[2668.2549, 2666.9826]
40   	26540.49    	0.077   	0.9375  	[16.2, 16.2]	[back, front]	[2391.8717, 2395.4772]
41   	25425.64    	0.068   	0.9375  	[16.2, 16.2]	[back, front]	[2185.9724, 2190.0670]
42   	23663.25    	0.063   	0.9375  	[16.2, 16.2]	[right, right]	[1975.6287, 1995.5237]
43   	21471.58    	0.060   	0.9531  	[16.2, 16.2]	[right, right]	[1830.1116, 1856.8361]
44   	19136.65    	0.053   	0.9688  	[16.2, 16.2]	[right, right]	[1748.0755, 1780.7303]
45   	16872.38    	0.040   	0.9844  	[16.2, 16.2]	[right, right]	[1764.5523, 1783.5456]
46   	14495.99    	0.026   	1.0000  	[16.2, 16.2]	[back, front]	[1272.4510, 1283.6712]
47   	13664.21    	0.021   	1.0000  	[16.2, 16.2]	[back, front]	[1099.8244, 1097.4419]
48   	13154.80    	0.019   	1.0000  	[16.2, 16.2]	[right, right]	[929.5365, 932.3348]
49   	12662.39    	0.017   	1.0000  	[16.2, 16.2]	[right, right]	[787.9287, 776.9870]
50   	12368.47    	0.016   	1.0000  	[16.2, 16.2]	[right, right]	[678.6737, 673.3612]
51   	12095.14    	0.015   	1.0000  	[16.2, 16.2]	[up, up]	[625.9361, 622.3288]
52   	11868.94    	0.014   	1.0000  	[21.7, 21.7]	[back, front]	[640.5387, 636.6049]
53   	11631.27    	0.013   	1.0000  	[21.7, 21.7]	[right, right]	[645.7474, 647.5950]
54   	11360.87    	0.013   	1.0000  	[21.7, 21.7]	[right, right]	[667.5802, 680.0750]
55   	11069.50    	0.012   	1.0000  	[21.7, 21.7]	[back, front]	[708.9147, 724.9736]
56   	10658.93    	0.012   	1.0000  	[21.7, 21.7]	[back, front]	[817.6470, 830.4232]
57   	9949.08     	0.014   	1.0000  	[21.7, 21.7]	[hover, hover]	[714.1757, 736.0378]
58   	9550.23     	0.013   	1.0000  	[21.7, 21.7]	[hover, hover]	[625.9399, 642.6600]
59   	9162.34     	0.012   	1.0000  	[21.7, 21.7]	[hover, hover]	[549.2548, 567.2517]
60   	8841.84     	0.011   	1.0000  	[21.7, 21.7]	[hover, hover]	[486.0685, 489.0534]
61   	8542.39     	0.011   	1.0000  	[21.7, 21.7]	[hover, hover]	[427.4042, 429.2963]
62   	8295.66     	0.011   	1.0000  	[21.7, 21.7]	[hover, hover]	[377.9279, 378.4287]
63   	8148.30     	0.010   	1.0000  	[21.7, 21.7]	[left, left]	[343.5714, 335.0679]
64   	8016.37     	0.010   	1.0000  	[21.7, 21.7]	[left, left]	[339.7619, 329.1561]
65   	7888.52     	0.010   	1.0000  	[21.7, 21.7]	[left, left]	[371.4331, 369.8688]
66   	7782.08     	0.009   	1.0000  	[21.7, 21.7]	[left, left]	[405.4478, 400.5194]
67   	7642.75     	0.009   	1.0000  	[21.7, 21.7]	[left, left]	[469.2375, 466.6203]
68   	7494.71     	0.009   	1.0000  	[21.7, 21.7]	[left, left]	[542.7857, 551.5923]
69   	7298.03     	0.009   	1.0000  	[21.7, 21.7]	[left, left]	[641.0920, 646.7907]
70   	6974.42     	0.009   	1.0000  	[21.7, 21.7]	[left, left]	[773.1550, 780.9221]
71   	6496.49     	0.009   	1.0000  	[21.7, 21.7]	[front, back]	[735.6332, 753.9211]
72   	6150.32     	0.007   	1.0000  	[21.7, 21.7]	[front, back]	[675.1839, 683.9208]
73   	5813.06     	0.007   	1.0000  	[21.7, 21.7]	[front, back]	[591.6849, 592.5892]
74   	5575.19     	0.006   	1.0000  	[21.7, 21.7]	[front, back]	[530.9527, 534.5734]
75   	5348.51     	0.006   	1.0000  	[21.7, 21.7]	[front, back]	[551.2083, 557.0838]
76   	5188.14     	0.006   	1.0000  	[21.7, 21.7]	[front, back]	[601.6656, 604.3889]
77   	5039.20     	0.005   	1.0000  	[21.7, 21.7]	[front, back]	[678.3182, 682.2880]
78   	4892.64     	0.005   	1.0000  	[21.7, 21.7]	[front, back]	[812.6217, 806.5729]
79   	4771.00     	0.005   	1.0000  	[21.7, 21.7]	[hover, hover]	[712.1307, 708.7163]
80   	4647.34     	0.005   	1.0000  	[21.7, 21.7]	[hover, hover]	[622.1944, 615.2952]
81   	4524.35     	0.004   	1.0000  	[21.7, 21.7]	[hover, hover]	[549.1966, 544.1484]
82   	4443.46     	0.004   	1.0000  	[21.7, 21.7]	[hover, hover]	[484.0335, 477.6234]
83   	4338.44     	0.004   	1.0000  	[21.7, 21.7]	[hover, right]	[425.9320, 419.8559]
84   	4266.32     	0.004   	1.0000  	[21.7, 21.7]	[right, right]	[391.7830, 412.6362]
85   	4208.89     	0.004   	1.0000  	[21.7, 21.7]	[right, right]	[396.6434, 386.1973]
86   	4160.88     	0.004   	1.0000  	[21.7, 21.7]	[right, right]	[377.4892, 399.8755]
87   	4124.32     	0.004   	1.0000  	[21.7, 21.7]	[right, right]	[389.0259, 441.6686]
88   	4080.72     	0.004   	1.0000  	[21.7, 21.7]	[right, right]	[432.3982, 523.5233]
89   	4040.46     	0.003   	1.0000  	[21.7, 21.7]	[right, right]	[513.1614, 634.2850]
90   	3963.98     	0.003   	1.0000  	[21.7, 21.7]	[right, right]	[616.2857, 779.5615]
91   	3794.76     	0.003   	1.0000  	[21.7, 21.7]	[right, hover]	[764.8619, 680.5037]
92   	3627.01     	0.003   	1.0000  	[21.7, 21.7]	[hover, hover]	[673.9474, 599.4098]
93   	3530.12     	0.003   	1.0000  	[21.7, 21.7]	[hover, hover]	[590.6936, 524.8733]
94   	3376.62     	0.003   	1.0000  	[21.7, 21.7]	[hover, hover]	[520.0495, 460.9031]
95   	3319.64     	0.003   	1.0000  	[21.7, 21.7]	[hover, hover]	[460.3807, 407.7192]
96   	3219.66     	0.002   	1.0000  	[21.7, 21.7]	[hover, hover]	[405.1411, 361.4112]
97   	3136.11     	0.002   	1.0000  	[21.7, 21.7]	[hover, hover]	[357.0143, 320.7673]
98   	3062.78     	0.002   	1.0000  	[21.7, 21.7]	[hover, hover]	[313.4804, 280.2077]
99   	3019.29     	0.002   	1.0000  	[21.7, 21.7]	[hover, hover]	[275.6110, 249.4511]
[2025-12-11T11:30:10]
Strategy: greedy_ig
Pairwise: equal
News mode: BM
Num agents: 2
Iteration: 12
Error margin: None
Gaussian radius 5 
Grid info: range: 0-50-50, cell_size:0.125, map shape: (400, 400), center:True
init UAV positions: [(-25.0, -25.0, 5.4), (-25.0, 25.0, 5.4)]
mcts_params: {}
Step	Entropy	MSE	Coverage	Heights	Actions	IGs
------------------------------------------------------------------------------------------------------------------------
0    	158826.13   	0.405   	0.0078  	[5.4, 5.4]	[up, up]	[807.8971, 807.8971]
1    	155960.59   	0.409   	0.0312  	[10.8, 10.8]	[up, up]	[1050.1340, 1047.0929]
2    	152527.78   	0.419   	0.0703  	[16.2, 16.2]	[front, back]	[1216.1145, 1211.2301]
3    	149881.81   	0.420   	0.0938  	[16.2, 16.2]	[right, right]	[1508.8933, 1513.2401]
4    	146238.94   	0.422   	0.1250  	[16.2, 16.2]	[front, back]	[1728.8258, 1721.0269]
5    	142348.82   	0.420   	0.1562  	[16.2, 16.2]	[right, right]	[2046.8140, 2033.8366]
6    	137590.33   	0.423   	0.1953  	[16.2, 16.2]	[front, back]	[2276.4362, 2271.1261]
7    	132609.69   	0.411   	0.2344  	[16.2, 16.2]	[right, right]	[2608.6940, 2608.5872]
8    	126734.61   	0.413   	0.2812  	[16.2, 16.2]	[right, right]	[2667.4813, 2662.6611]
9    	121180.60   	0.422   	0.3281  	[16.2, 16.2]	[right, right]	[2731.0174, 2740.7310]
10   	115555.39   	0.416   	0.3750  	[16.2, 16.2]	[right, right]	[2808.9806, 2807.4724]
11   	109749.34   	0.402   	0.4219  	[16.2, 16.2]	[right, right]	[2870.4948, 2882.3509]
12   	103836.25   	0.382   	0.4688  	[16.2, 16.2]	[right, right]	[2906.8262, 2914.4344]
13   	98011.68    	0.363   	0.5156  	[16.2, 16.2]	[right, right]	[2900.3672, 2914.3902]
14   	92169.57    	0.339   	0.5625  	[16.2, 16.2]	[right, right]	[2909.3922, 2912.2133]
15   	86251.07    	0.313   	0.6094  	[16.2, 16.2]	[right, right]	[2884.8235, 2906.6958]
16   	80577.94    	0.287   	0.6562  	[16.2, 16.2]	[right, right]	[2920.2611, 2903.3602]
17   	74685.17    	0.266   	0.7031  	[16.2, 16.2]	[right, right]	[2910.2680, 2915.0904]
18   	68895.30    	0.248   	0.7500  	[16.2, 16.2]	[front, back]	[2732.9868, 2718.2232]
19   	63975.11    	0.204   	0.7969  	[16.2, 16.2]	[front, back]	[2659.1346, 2666.6585]
20   	58672.77    	0.159   	0.8438  	[16.2, 16.2]	[front, back]	[2392.7937, 2397.0444]
21   	57611.38    	0.153   	0.8438  	[16.2, 16.2]	[front, back]	[2193.2251, 2192.5188]
22   	55850.23    	0.141   	0.8438  	[16.2, 16.2]	[front, back]	[2145.4231, 2146.4767]
23   	54637.19    	0.137   	0.8438  	[16.2, 16.2]	[front, back]	[2471.3092, 2455.9834]
24   	53606.27    	0.134   	0.8438  	[16.2, 16.2]	[front, back]	[2725.1419, 2719.8472]
25   	52642.99    	0.132   	0.8438  	[16.2, 16.2]	[front, back]	[2857.6935, 2870.5074]
26   	51380.37    	0.130   	0.8438  	[16.2, 16.2]	[front, back]	[2903.3205, 2922.5966]
27   	49798.72    	0.128   	0.8438  	[16.2, 16.2]	[front, back]	[2898.3346, 2912.3853]
28   	47642.50    	0.127   	0.8438  	[16.2, 16.2]	[left, left]	[2704.0211, 2733.6072]
29   	46853.44    	0.122   	0.8438  	[16.2, 16.2]	[left, left]	[2662.7934, 2660.6394]
30   	45961.12    	0.120   	0.8438  	[16.2, 16.2]	[left, left]	[2688.3647, 2673.3768]
31   	44891.19    	0.118   	0.8438  	[16.2, 16.2]	[left, left]	[2746.5007, 2735.7003]
32   	43828.83    	0.118   	0.8438  	[16.2, 16.2]	[left, left]	[2818.7333, 2823.3404]
33   	42693.07    	0.117   	0.8438  	[16.2, 16.2]	[left, left]	[2899.8312, 2909.3377]
34   	41593.94    	0.116   	0.8438  	[16.2, 16.2]	[left, left]	[2898.5982, 2931.0198]
35   	40617.57    	0.114   	0.8438  	[16.2, 16.2]	[left, left]	[2903.6287, 2929.2335]
36   	39537.29    	0.113   	0.8438  	[16.2, 16.2]	[left, left]	[2914.7252, 2920.1880]
37   	38470.26    	0.111   	0.8438  	[16.2, 16.2]	[left, left]	[2916.9729, 2931.2672]
38   	37289.13    	0.109   	0.8438  	[16.2, 16.2]	[back, front]	[2726.9674, 2739.5880]
39   	31898.75    	0.092   	0.8906  	[16.2, 16.2]	[back, front]	[2668.2549, 2666.9826]
40   	26540.49    	0.077   	0.9375  	[16.2, 16.2]	[back, front]	[2391.8717, 2395.4772]
41   	25425.64    	0.068   	0.9375  	[16.2, 16.2]	[back, front]	[2185.9724, 2190.0670]
42   	23663.25    	0.063   	0.9375  	[16.2, 16.2]	[right, right]	[1975.6287, 1995.5237]
43   	21471.58    	0.060   	0.9531  	[16.2, 16.2]	[right, right]	[1830.1116, 1856.8361]
44   	19136.65    	0.053   	0.9688  	[16.2, 16.2]	[right, right]	[1748.0755, 1780.7303]
45   	16872.38    	0.040   	0.9844  	[16.2, 16.2]	[right, right]	[1764.5523, 1783.5456]
46   	14495.99    	0.026   	1.0000  	[16.2, 16.2]	[back, front]	[1272.4510, 1283.6712]
47   	13664.21    	0.021   	1.0000  	[16.2, 16.2]	[back, front]	[1099.8244, 1097.4419]
48   	13154.80    	0.019   	1.0000  	[16.2, 16.2]	[right, right]	[929.5365, 932.3348]
49   	12662.39    	0.017   	1.0000  	[16.2, 16.2]	[right, right]	[787.9287, 776.9870]
50   	12368.47    	0.016   	1.0000  	[16.2, 16.2]	[right, right]	[678.6737, 673.3612]
51   	12095.14    	0.015   	1.0000  	[16.2, 16.2]	[up, up]	[625.9361, 622.3288]
52   	11868.94    	0.014   	1.0000  	[21.7, 21.7]	[back, front]	[640.5387, 636.6049]
53   	11631.27    	0.013   	1.0000  	[21.7, 21.7]	[right, right]	[645.7474, 647.5950]
54   	11360.87    	0.013   	1.0000  	[21.7, 21.7]	[right, right]	[667.5802, 680.0750]
55   	11069.50    	0.012   	1.0000  	[21.7, 21.7]	[back, front]	[708.9147, 724.9736]
56   	10658.93    	0.012   	1.0000  	[21.7, 21.7]	[back, front]	[817.6470, 830.4232]
57   	9949.08     	0.014   	1.0000  	[21.7, 21.7]	[hover, hover]	[714.1757, 736.0378]
58   	9550.23     	0.013   	1.0000  	[21.7, 21.7]	[hover, hover]	[625.9399, 642.6600]
59   	9162.34     	0.012   	1.0000  	[21.7, 21.7]	[hover, hover]	[549.2548, 567.2517]
60   	8841.84     	0.011   	1.0000  	[21.7, 21.7]	[hover, hover]	[486.0685, 489.0534]
61   	8542.39     	0.011   	1.0000  	[21.7, 21.7]	[hover, hover]	[427.4042, 429.2963]
62   	8295.66     	0.011   	1.0000  	[21.7, 21.7]	[hover, hover]	[377.9279, 378.4287]
63   	8148.30     	0.010   	1.0000  	[21.7, 21.7]	[left, left]	[343.5714, 335.0679]
64   	8016.37     	0.010   	1.0000  	[21.7, 21.7]	[left, left]	[339.7619, 329.1561]
65   	7888.52     	0.010   	1.0000  	[21.7, 21.7]	[left, left]	[371.4331, 369.8688]
66   	7782.08     	0.009   	1.0000  	[21.7, 21.7]	[left, left]	[405.4478, 400.5194]
67   	7642.75     	0.009   	1.0000  	[21.7, 21.7]	[left, left]	[469.2375, 466.6203]
68   	7494.71     	0.009   	1.0000  	[21.7, 21.7]	[left, left]	[542.7857, 551.5923]
69   	7298.03     	0.009   	1.0000  	[21.7, 21.7]	[left, left]	[641.0920, 646.7907]
70   	6974.42     	0.009   	1.0000  	[21.7, 21.7]	[left, left]	[773.1550, 780.9221]
71   	6496.49     	0.009   	1.0000  	[21.7, 21.7]	[front, back]	[735.6332, 753.9211]
72   	6150.32     	0.007   	1.0000  	[21.7, 21.7]	[front, back]	[675.1839, 683.9208]
73   	5813.06     	0.007   	1.0000  	[21.7, 21.7]	[front, back]	[591.6849, 592.5892]
74   	5575.19     	0.006   	1.0000  	[21.7, 21.7]	[front, back]	[530.9527, 534.5734]
75   	5348.51     	0.006   	1.0000  	[21.7, 21.7]	[front, back]	[551.2083, 557.0838]
76   	5188.14     	0.006   	1.0000  	[21.7, 21.7]	[front, back]	[601.6656, 604.3889]
77   	5039.20     	0.005   	1.0000  	[21.7, 21.7]	[front, back]	[678.3182, 682.2880]
78   	4892.64     	0.005   	1.0000  	[21.7, 21.7]	[front, back]	[812.6217, 806.5729]
79   	4771.00     	0.005   	1.0000  	[21.7, 21.7]	[hover, hover]	[712.1307, 708.7163]
80   	4647.34     	0.005   	1.0000  	[21.7, 21.7]	[hover, hover]	[622.1944, 615.2952]
81   	4524.35     	0.004   	1.0000  	[21.7, 21.7]	[hover, hover]	[549.1966, 544.1484]
82   	4443.46     	0.004   	1.0000  	[21.7, 21.7]	[hover, hover]	[484.0335, 477.6234]
83   	4338.44     	0.004   	1.0000  	[21.7, 21.7]	[hover, right]	[425.9320, 419.8559]
84   	4266.32     	0.004   	1.0000  	[21.7, 21.7]	[right, right]	[391.7830, 412.6362]
85   	4208.89     	0.004   	1.0000  	[21.7, 21.7]	[right, right]	[396.6434, 386.1973]
86   	4160.88     	0.004   	1.0000  	[21.7, 21.7]	[right, right]	[377.4892, 399.8755]
87   	4124.32     	0.004   	1.0000  	[21.7, 21.7]	[right, right]	[389.0259, 441.6686]
88   	4080.72     	0.004   	1.0000  	[21.7, 21.7]	[right, right]	[432.3982, 523.5233]
89   	4040.46     	0.003   	1.0000  	[21.7, 21.7]	[right, right]	[513.1614, 634.2850]
90   	3963.98     	0.003   	1.0000  	[21.7, 21.7]	[right, right]	[616.2857, 779.5615]
91   	3794.76     	0.003   	1.0000  	[21.7, 21.7]	[right, hover]	[764.8619, 680.5037]
92   	3627.01     	0.003   	1.0000  	[21.7, 21.7]	[hover, hover]	[673.9474, 599.4098]
93   	3530.12     	0.003   	1.0000  	[21.7, 21.7]	[hover, hover]	[590.6936, 524.8733]
94   	3376.62     	0.003   	1.0000  	[21.7, 21.7]	[hover, hover]	[520.0495, 460.9031]
95   	3319.64     	0.003   	1.0000  	[21.7, 21.7]	[hover, hover]	[460.3807, 407.7192]
96   	3219.66     	0.002   	1.0000  	[21.7, 21.7]	[hover, hover]	[405.1411, 361.4112]
97   	3136.11     	0.002   	1.0000  	[21.7, 21.7]	[hover, hover]	[357.0143, 320.7673]
98   	3062.78     	0.002   	1.0000  	[21.7, 21.7]	[hover, hover]	[313.4804, 280.2077]
99   	3019.29     	0.002   	1.0000  	[21.7, 21.7]	[hover, hover]	[275.6110, 249.4511]
[2025-12-11T11:30:16]
Strategy: greedy_ig
Pairwise: equal
News mode: BM
Num agents: 2
Iteration: 13
Error margin: None
Gaussian radius 5 
Grid info: range: 0-50-50, cell_size:0.125, map shape: (400, 400), center:True
init UAV positions: [(25.0, 25.0, 5.4), (-25.0, -25.0, 5.4)]
mcts_params: {}
Step	Entropy	MSE	Coverage	Heights	Actions	IGs
------------------------------------------------------------------------------------------------------------------------
0    	158826.13   	0.405   	0.0078  	[5.4, 5.4]	[up, up]	[807.8971, 807.8971]
1    	155949.20   	0.409   	0.0312  	[10.8, 10.8]	[up, up]	[1049.1203, 1045.2682]
2    	152561.00   	0.418   	0.0703  	[16.2, 16.2]	[back, front]	[1218.5389, 1211.1633]
3    	149879.63   	0.414   	0.0938  	[16.2, 16.2]	[left, right]	[1511.4821, 1502.6331]
4    	146211.93   	0.412   	0.1250  	[16.2, 16.2]	[back, front]	[1730.0320, 1715.3999]
5    	142339.80   	0.399   	0.1562  	[16.2, 16.2]	[left, right]	[2049.3394, 2030.3312]
6    	137591.71   	0.393   	0.1953  	[16.2, 16.2]	[left, front]	[2284.4989, 2270.6766]
7    	132655.76   	0.382   	0.2344  	[16.2, 16.2]	[back, right]	[2618.9421, 2614.8251]
8    	126678.10   	0.359   	0.2812  	[16.2, 16.2]	[left, right]	[2640.3586, 2663.7193]
9    	121200.89   	0.357   	0.3281  	[16.2, 16.2]	[left, right]	[2690.2499, 2737.8499]
10   	115651.56   	0.348   	0.3750  	[16.2, 16.2]	[left, right]	[2778.0608, 2809.5300]
11   	109819.34   	0.340   	0.4219  	[16.2, 16.2]	[left, right]	[2836.4371, 2882.4150]
12   	103978.08   	0.331   	0.4688  	[16.2, 16.2]	[left, right]	[2883.5294, 2914.4344]
13   	98127.74    	0.322   	0.5156  	[16.2, 16.2]	[left, right]	[2918.2589, 2914.3902]
14   	92232.14    	0.308   	0.5625  	[16.2, 16.2]	[left, right]	[2918.0995, 2912.2133]
15   	86391.92    	0.294   	0.6094  	[16.2, 16.2]	[left, right]	[2914.9629, 2906.6958]
16   	80624.67    	0.280   	0.6562  	[16.2, 16.2]	[left, right]	[2931.8914, 2903.3602]
17   	74840.49    	0.265   	0.7031  	[16.2, 16.2]	[left, right]	[2926.5707, 2915.0904]
18   	68984.25    	0.250   	0.7500  	[16.2, 16.2]	[back, front]	[2738.3506, 2724.0615]
19   	64139.63    	0.220   	0.7969  	[16.2, 16.2]	[back, front]	[2683.1977, 2660.7095]
20   	58875.56    	0.187   	0.8438  	[16.2, 16.2]	[back, front]	[2682.0892, 2695.1214]
21   	53397.97    	0.156   	0.8906  	[16.2, 16.2]	[back, front]	[2745.1506, 2746.2925]
22   	48007.27    	0.122   	0.9375  	[16.2, 16.2]	[back, front]	[2854.7906, 2844.3065]
23   	45510.86    	0.114   	0.9375  	[16.2, 16.2]	[back, front]	[2934.3940, 2916.7044]
24   	43675.46    	0.107   	0.9375  	[16.2, 16.2]	[back, front]	[2925.5915, 2915.6866]
25   	42097.79    	0.098   	0.9375  	[16.2, 16.2]	[back, front]	[2891.5119, 2914.9800]
26   	40963.85    	0.096   	0.9375  	[16.2, 16.2]	[back, front]	[2901.0001, 2916.3882]
27   	40080.31    	0.093   	0.9375  	[16.2, 16.2]	[back, front]	[2901.3945, 2912.6882]
28   	39433.03    	0.093   	0.9375  	[16.2, 16.2]	[right, left]	[2710.4336, 2713.4135]
29   	38434.77    	0.090   	0.9375  	[16.2, 16.2]	[right, left]	[2651.6232, 2667.7520]
30   	37462.04    	0.090   	0.9375  	[16.2, 16.2]	[right, left]	[2681.7434, 2693.0209]
31   	36399.75    	0.088   	0.9375  	[16.2, 16.2]	[right, left]	[2750.5277, 2747.8015]
32   	35217.83    	0.086   	0.9375  	[16.2, 16.2]	[right, left]	[2825.4102, 2830.6089]
33   	34374.58    	0.085   	0.9375  	[16.2, 16.2]	[right, left]	[2924.7337, 2909.3377]
34   	33343.67    	0.084   	0.9375  	[16.2, 16.2]	[right, left]	[2913.9981, 2931.0198]
35   	32298.59    	0.082   	0.9375  	[16.2, 16.2]	[right, left]	[2910.1728, 2929.2335]
36   	30989.26    	0.081   	0.9375  	[16.2, 16.2]	[right, left]	[2904.9622, 2920.1880]
37   	29338.06    	0.078   	0.9375  	[16.2, 16.2]	[right, left]	[2906.2239, 2931.2672]
38   	27278.68    	0.077   	0.9375  	[16.2, 16.2]	[front, back]	[2715.2626, 2729.2418]
39   	26392.04    	0.072   	0.9375  	[16.2, 16.2]	[front, back]	[2668.1000, 2666.8850]
40   	25581.39    	0.067   	0.9375  	[16.2, 16.2]	[front, back]	[2696.2645, 2685.2317]
41   	24496.14    	0.064   	0.9375  	[16.2, 16.2]	[front, back]	[2755.7509, 2746.4325]
42   	23431.31    	0.061   	0.9375  	[16.2, 16.2]	[left, right]	[2343.6114, 2343.2125]
43   	19708.34    	0.050   	0.9688  	[16.2, 16.2]	[left, right]	[2155.9544, 2158.3934]
44   	16066.38    	0.030   	1.0000  	[16.2, 16.2]	[left, right]	[1895.1921, 1900.2253]
45   	15262.47    	0.025   	1.0000  	[16.2, 16.2]	[left, right]	[1701.2285, 1705.5463]
46   	14011.28    	0.021   	1.0000  	[16.2, 16.2]	[front, back]	[1340.0817, 1341.0599]
47   	13330.69    	0.019   	1.0000  	[16.2, 16.2]	[front, back]	[1142.7167, 1148.8044]
48   	12742.05    	0.017   	1.0000  	[16.2, 16.2]	[left, right]	[911.2216, 927.4764]
49   	12347.53    	0.016   	1.0000  	[16.2, 16.2]	[left, right]	[788.0399, 778.1850]
50   	12099.97    	0.015   	1.0000  	[16.2, 16.2]	[left, right]	[699.2693, 709.1372]
51   	11848.16    	0.015   	1.0000  	[16.2, 16.2]	[up, up]	[668.3336, 660.8313]
52   	11626.11    	0.014   	1.0000  	[21.7, 21.7]	[front, back]	[666.4142, 659.3593]
53   	11320.73    	0.013   	1.0000  	[21.7, 21.7]	[front, right]	[662.8310, 670.6249]
54   	11037.92    	0.013   	1.0000  	[21.7, 21.7]	[front, right]	[691.6349, 708.5890]
55   	10617.81    	0.012   	1.0000  	[21.7, 21.7]	[left, back]	[746.2080, 751.9232]
56   	10217.28    	0.013   	1.0000  	[21.7, 21.7]	[left, back]	[848.0032, 828.6938]
57   	9470.44     	0.013   	1.0000  	[21.7, 21.7]	[hover, hover]	[744.9532, 719.4474]
58   	8991.70     	0.013   	1.0000  	[21.7, 21.7]	[hover, hover]	[647.9597, 625.8838]
59   	8594.01     	0.012   	1.0000  	[21.7, 21.7]	[hover, hover]	[565.9018, 547.4301]
60   	8299.72     	0.011   	1.0000  	[21.7, 21.7]	[hover, hover]	[493.9199, 482.1153]
61   	7922.00     	0.011   	1.0000  	[21.7, 21.7]	[hover, hover]	[435.1772, 425.4314]
62   	7702.34     	0.010   	1.0000  	[21.7, 21.7]	[hover, hover]	[386.5692, 374.1535]
63   	7450.79     	0.009   	1.0000  	[21.7, 21.7]	[back, left]	[351.1237, 334.7536]
64   	7300.07     	0.009   	1.0000  	[21.7, 21.7]	[back, left]	[351.3335, 329.0466]
65   	7119.91     	0.009   	1.0000  	[21.7, 21.7]	[back, left]	[347.1294, 366.0605]
66   	6979.09     	0.008   	1.0000  	[21.7, 21.7]	[back, left]	[376.8616, 390.9892]
67   	6822.97     	0.008   	1.0000  	[21.7, 21.7]	[back, left]	[437.4848, 437.4523]
68   	6631.28     	0.008   	1.0000  	[21.7, 21.7]	[back, left]	[515.9150, 499.7208]
69   	6451.13     	0.007   	1.0000  	[21.7, 21.7]	[back, left]	[613.2269, 579.0967]
70   	6246.06     	0.007   	1.0000  	[21.7, 21.7]	[back, left]	[732.3489, 677.9777]
71   	6017.99     	0.007   	1.0000  	[21.7, 21.7]	[back, front]	[585.1612, 678.5581]
72   	5889.12     	0.006   	1.0000  	[21.7, 21.7]	[down, front]	[568.6924, 675.3069]
73   	5781.29     	0.006   	1.0000  	[16.2, 21.7]	[left, front]	[602.0850, 628.1337]
74   	5718.01     	0.006   	1.0000  	[16.2, 21.7]	[hover, front]	[495.3610, 576.1259]
75   	5625.91     	0.006   	1.0000  	[16.2, 21.7]	[hover, front]	[398.8782, 601.4344]
76   	5534.70     	0.006   	1.0000  	[16.2, 21.7]	[hover, front]	[326.1516, 644.9959]
77   	5470.16     	0.006   	1.0000  	[16.2, 21.7]	[hover, front]	[268.2366, 698.2434]
78   	5390.21     	0.006   	1.0000  	[16.2, 21.7]	[right, front]	[219.4618, 817.8624]
79   	5270.67     	0.006   	1.0000  	[16.2, 21.7]	[right, hover]	[234.8697, 713.9501]
80   	5208.90     	0.005   	1.0000  	[16.2, 21.7]	[right, hover]	[305.1254, 632.9289]
81   	5106.88     	0.005   	1.0000  	[16.2, 21.7]	[right, hover]	[363.4991, 549.4138]
82   	5067.46     	0.005   	1.0000  	[16.2, 21.7]	[right, hover]	[377.2211, 482.1900]
83   	4986.66     	0.005   	1.0000  	[16.2, 21.7]	[right, right]	[406.1197, 427.0495]
84   	4921.29     	0.005   	1.0000  	[16.2, 21.7]	[right, right]	[467.3560, 418.3939]
85   	4864.77     	0.005   	1.0000  	[16.2, 21.7]	[right, right]	[548.9316, 397.4211]
86   	4811.20     	0.005   	1.0000  	[16.2, 21.7]	[right, right]	[668.8166, 405.6694]
87   	4718.73     	0.005   	1.0000  	[16.2, 21.7]	[right, right]	[854.3843, 454.9233]
88   	4523.78     	0.004   	1.0000  	[16.2, 21.7]	[hover, right]	[670.9647, 526.0473]
89   	4380.27     	0.004   	1.0000  	[16.2, 21.7]	[front, right]	[538.3401, 636.2767]
90   	4162.98     	0.004   	1.0000  	[16.2, 21.7]	[front, right]	[525.4303, 782.7385]
91   	3981.83     	0.004   	1.0000  	[16.2, 21.7]	[front, hover]	[578.9895, 680.1597]
92   	3833.90     	0.003   	1.0000  	[16.2, 21.7]	[front, hover]	[714.0167, 590.5634]
93   	3636.49     	0.003   	1.0000  	[16.2, 21.7]	[front, hover]	[816.9000, 511.5609]
94   	3511.54     	0.003   	1.0000  	[16.2, 21.7]	[front, hover]	[780.3869, 445.2089]
95   	3334.25     	0.002   	1.0000  	[16.2, 21.7]	[front, hover]	[700.0560, 380.0500]
96   	3215.10     	0.002   	1.0000  	[16.2, 21.7]	[front, hover]	[599.9076, 329.8635]
97   	3121.33     	0.002   	1.0000  	[16.2, 21.7]	[front, hover]	[515.6150, 280.5221]
98   	3050.10     	0.002   	1.0000  	[16.2, 21.7]	[front, hover]	[438.7113, 244.0087]
99   	2965.38     	0.002   	1.0000  	[16.2, 21.7]	[left, hover]	[366.8699, 212.0748]
[2025-12-11T11:30:21]
Strategy: greedy_ig
Pairwise: equal
News mode: BM
Num agents: 2
Iteration: 14
Error margin: None
Gaussian radius 5 
Grid info: range: 0-50-50, cell_size:0.125, map shape: (400, 400), center:True
init UAV positions: [(-25.0, -25.0, 5.4), (25.0, 25.0, 5.4)]
mcts_params: {}
Step	Entropy	MSE	Coverage	Heights	Actions	IGs
------------------------------------------------------------------------------------------------------------------------
0    	158826.13   	0.405   	0.0078  	[5.4, 5.4]	[up, up]	[807.8971, 807.8971]
1    	155963.84   	0.409   	0.0312  	[10.8, 10.8]	[up, up]	[1050.1340, 1047.9038]
2    	152561.41   	0.418   	0.0703  	[16.2, 16.2]	[front, back]	[1216.1145, 1217.4506]
3    	149871.65   	0.414   	0.0938  	[16.2, 16.2]	[right, left]	[1508.8933, 1511.4962]
4    	146212.17   	0.412   	0.1250  	[16.2, 16.2]	[front, back]	[1728.8258, 1714.0178]
5    	142383.00   	0.398   	0.1562  	[16.2, 16.2]	[right, left]	[2046.8140, 2036.4962]
6    	137580.88   	0.393   	0.1953  	[16.2, 16.2]	[front, back]	[2276.4362, 2273.2519]
7    	132598.87   	0.370   	0.2344  	[16.2, 16.2]	[right, left]	[2608.6940, 2608.2215]
8    	126654.46   	0.359   	0.2812  	[16.2, 16.2]	[right, left]	[2667.4813, 2642.7560]
9    	121164.28   	0.360   	0.3281  	[16.2, 16.2]	[right, left]	[2731.0174, 2727.9030]
10   	115532.65   	0.346   	0.3750  	[16.2, 16.2]	[right, left]	[2808.9806, 2803.1454]
11   	109673.75   	0.340   	0.4219  	[16.2, 16.2]	[right, left]	[2870.4948, 2869.7468]
12   	103775.05   	0.330   	0.4688  	[16.2, 16.2]	[right, left]	[2906.8262, 2902.7596]
13   	97998.55    	0.321   	0.5156  	[16.2, 16.2]	[right, left]	[2900.3672, 2918.2741]
14   	92122.37    	0.308   	0.5625  	[16.2, 16.2]	[right, left]	[2909.3922, 2910.0379]
15   	86248.11    	0.292   	0.6094  	[16.2, 16.2]	[right, left]	[2884.8235, 2919.0201]
16   	80574.31    	0.278   	0.6562  	[16.2, 16.2]	[right, left]	[2920.2611, 2911.5616]
17   	74595.25    	0.264   	0.7031  	[16.2, 16.2]	[right, left]	[2910.2680, 2905.8853]
18   	68842.88    	0.248   	0.7500  	[16.2, 16.2]	[front, back]	[2732.9868, 2713.6791]
19   	63831.13    	0.218   	0.7969  	[16.2, 16.2]	[front, back]	[2659.1346, 2654.2465]
20   	58579.76    	0.186   	0.8438  	[16.2, 16.2]	[front, back]	[2678.7330, 2677.7685]
21   	53211.60    	0.154   	0.8906  	[16.2, 16.2]	[front, back]	[2743.9904, 2745.7799]
22   	47603.95    	0.122   	0.9375  	[16.2, 16.2]	[front, back]	[2852.8365, 2827.5185]
23   	45558.61    	0.113   	0.9375  	[16.2, 16.2]	[front, back]	[2925.0965, 2930.4923]
24   	43502.73    	0.104   	0.9375  	[16.2, 16.2]	[front, back]	[2915.8164, 2919.5038]
25   	42026.17    	0.097   	0.9375  	[16.2, 16.2]	[front, back]	[2908.6021, 2915.3153]
26   	40922.36    	0.094   	0.9375  	[16.2, 16.2]	[front, back]	[2903.3205, 2922.5966]
27   	40002.09    	0.091   	0.9375  	[16.2, 16.2]	[front, back]	[2898.3346, 2912.3853]
28   	39335.24    	0.091   	0.9375  	[16.2, 16.2]	[left, right]	[2704.0211, 2735.5966]
29   	38335.27    	0.090   	0.9375  	[16.2, 16.2]	[left, right]	[2662.7934, 2673.1509]
30   	37368.01    	0.089   	0.9375  	[16.2, 16.2]	[left, right]	[2688.3647, 2692.6498]
31   	36225.42    	0.087   	0.9375  	[16.2, 16.2]	[left, right]	[2746.5007, 2744.4615]
32   	35128.11    	0.086   	0.9375  	[16.2, 16.2]	[left, right]	[2818.7333, 2819.1290]
33   	34190.45    	0.085   	0.9375  	[16.2, 16.2]	[left, right]	[2899.8312, 2907.4936]
34   	33222.35    	0.083   	0.9375  	[16.2, 16.2]	[left, right]	[2898.5982, 2922.5301]
35   	32236.65    	0.082   	0.9375  	[16.2, 16.2]	[left, right]	[2903.6287, 2928.2051]
36   	30838.67    	0.080   	0.9375  	[16.2, 16.2]	[left, right]	[2914.7252, 2910.6624]
37   	29241.51    	0.078   	0.9375  	[16.2, 16.2]	[left, right]	[2916.9729, 2896.8312]
38   	27156.95    	0.077   	0.9375  	[16.2, 16.2]	[back, front]	[2726.9674, 2707.2174]
39   	26415.95    	0.072   	0.9375  	[16.2, 16.2]	[back, front]	[2668.2549, 2656.4613]
40   	25508.47    	0.067   	0.9375  	[16.2, 16.2]	[back, front]	[2677.8109, 2679.8691]
41   	24420.88    	0.064   	0.9375  	[16.2, 16.2]	[back, front]	[2741.6553, 2742.1726]
42   	23346.85    	0.061   	0.9375  	[16.2, 16.2]	[right, left]	[2321.2672, 2341.1487]
43   	19696.89    	0.050   	0.9688  	[16.2, 16.2]	[right, left]	[2135.4612, 2147.2540]
44   	16032.53    	0.031   	1.0000  	[16.2, 16.2]	[right, left]	[1864.9785, 1881.2954]
45   	15249.60    	0.025   	1.0000  	[16.2, 16.2]	[right, left]	[1684.5674, 1692.2327]
46   	13937.19    	0.021   	1.0000  	[16.2, 16.2]	[back, front]	[1317.1008, 1335.0173]
47   	13229.09    	0.019   	1.0000  	[16.2, 16.2]	[back, front]	[1131.7811, 1145.8218]
48   	12745.68    	0.017   	1.0000  	[16.2, 16.2]	[right, left]	[918.9389, 919.8696]
49   	12304.48    	0.016   	1.0000  	[16.2, 16.2]	[right, left]	[787.9287, 781.9507]
50   	12043.63    	0.015   	1.0000  	[16.2, 16.2]	[right, left]	[705.0702, 696.1866]
51   	11821.49    	0.015   	1.0000  	[16.2, 16.2]	[right, up]	[670.0908, 660.0889]
52   	11560.28    	0.014   	1.0000  	[16.2, 21.7]	[up, front]	[650.4214, 668.4973]
53   	11294.24    	0.013   	1.0000  	[21.7, 21.7]	[right, left]	[661.8804, 669.0565]
54   	10905.91    	0.012   	1.0000  	[21.7, 21.7]	[back, left]	[680.2702, 699.0438]
55   	10501.01    	0.012   	1.0000  	[21.7, 21.7]	[back, front]	[722.8820, 738.2192]
56   	10091.29    	0.012   	1.0000  	[21.7, 21.7]	[back, front]	[820.0251, 822.0313]
57   	9417.54     	0.013   	1.0000  	[21.7, 21.7]	[hover, hover]	[716.0024, 716.0189]
58   	8964.22     	0.013   	1.0000  	[21.7, 21.7]	[hover, hover]	[625.3789, 627.6271]
59   	8557.36     	0.011   	1.0000  	[21.7, 21.7]	[hover, hover]	[546.8178, 552.1392]
60   	8228.85     	0.011   	1.0000  	[21.7, 21.7]	[hover, hover]	[480.1699, 490.4122]
61   	7873.97     	0.010   	1.0000  	[21.7, 21.7]	[left, hover]	[421.1786, 429.5009]
62   	7699.32     	0.010   	1.0000  	[21.7, 21.7]	[left, hover]	[412.8808, 379.2824]
63   	7515.99     	0.009   	1.0000  	[21.7, 21.7]	[left, hover]	[428.1815, 337.0370]
64   	7328.96     	0.009   	1.0000  	[21.7, 21.7]	[left, right]	[447.7810, 303.7863]
65   	7172.81     	0.009   	1.0000  	[21.7, 21.7]	[left, right]	[504.9908, 311.7306]
66   	7041.98     	0.009   	1.0000  	[21.7, 21.7]	[left, right]	[570.2050, 354.7239]
67   	6902.46     	0.008   	1.0000  	[21.7, 21.7]	[left, right]	[666.4092, 384.9149]
68   	6693.39     	0.008   	1.0000  	[21.7, 21.7]	[left, right]	[795.8040, 452.5734]
69   	6466.69     	0.008   	1.0000  	[21.7, 21.7]	[front, right]	[779.0321, 539.3516]
70   	6262.40     	0.008   	1.0000  	[21.7, 21.7]	[front, right]	[742.6418, 636.9904]
71   	6032.99     	0.007   	1.0000  	[21.7, 21.7]	[front, right]	[668.9627, 773.5437]
72   	5783.36     	0.007   	1.0000  	[21.7, 21.7]	[front, back]	[612.4352, 772.3432]
73   	5594.47     	0.006   	1.0000  	[21.7, 21.7]	[front, back]	[623.4328, 741.8147]
74   	5467.81     	0.006   	1.0000  	[21.7, 21.7]	[front, back]	[655.9867, 666.4458]
75   	5335.34     	0.006   	1.0000  	[21.7, 21.7]	[front, back]	[710.0864, 611.8880]
76   	5216.29     	0.006   	1.0000  	[21.7, 21.7]	[front, back]	[821.6381, 626.5756]
77   	5102.03     	0.005   	1.0000  	[21.7, 21.7]	[hover, back]	[715.1501, 650.0689]
78   	4971.55     	0.005   	1.0000  	[21.7, 21.7]	[hover, back]	[624.9634, 696.7841]
79   	4845.53     	0.005   	1.0000  	[21.7, 21.7]	[hover, back]	[541.6545, 812.2866]
80   	4678.14     	0.005   	1.0000  	[21.7, 21.7]	[hover, hover]	[477.9237, 708.1711]
81   	4541.57     	0.004   	1.0000  	[21.7, 21.7]	[hover, hover]	[419.4394, 626.4503]
82   	4408.34     	0.004   	1.0000  	[21.7, 21.7]	[right, hover]	[379.5469, 548.1370]
83   	4321.08     	0.004   	1.0000  	[21.7, 21.7]	[right, hover]	[382.5584, 480.6959]
84   	4256.01     	0.004   	1.0000  	[21.7, 21.7]	[right, left]	[367.2188, 426.3472]
85   	4211.78     	0.004   	1.0000  	[21.7, 21.7]	[right, left]	[385.3737, 418.0107]
86   	4151.88     	0.004   	1.0000  	[21.7, 21.7]	[right, left]	[430.0347, 401.6972]
87   	4088.73     	0.004   	1.0000  	[21.7, 21.7]	[right, left]	[511.0718, 410.2180]
88   	4035.40     	0.004   	1.0000  	[21.7, 21.7]	[right, left]	[610.4349, 449.3668]
89   	3961.50     	0.003   	1.0000  	[21.7, 21.7]	[right, left]	[754.3127, 525.9248]
90   	3836.16     	0.003   	1.0000  	[21.7, 21.7]	[hover, left]	[658.0564, 626.7128]
91   	3728.07     	0.003   	1.0000  	[21.7, 21.7]	[hover, left]	[580.1502, 769.5355]
92   	3591.23     	0.003   	1.0000  	[21.7, 21.7]	[hover, hover]	[507.7345, 671.8154]
93   	3465.46     	0.003   	1.0000  	[21.7, 21.7]	[hover, hover]	[448.9447, 583.8533]
94   	3383.25     	0.002   	1.0000  	[21.7, 21.7]	[hover, hover]	[398.4772, 515.7891]
95   	3291.31     	0.002   	1.0000  	[21.7, 21.7]	[hover, hover]	[349.0564, 454.3618]
96   	3231.22     	0.002   	1.0000  	[21.7, 21.7]	[hover, hover]	[309.0866, 397.2172]
97   	3131.24     	0.002   	1.0000  	[21.7, 21.7]	[hover, hover]	[272.4540, 352.0918]
98   	3077.69     	0.002   	1.0000  	[21.7, 21.7]	[hover, hover]	[245.4856, 316.1868]
99   	3016.34     	0.002   	1.0000  	[21.7, 21.7]	[hover, hover]	[217.0671, 281.3452]
[2025-12-11T11:30:27]
Strategy: greedy_ig
Pairwise: equal
News mode: BM
Num agents: 2
Iteration: 15
Error margin: None
Gaussian radius 5 
Grid info: range: 0-50-50, cell_size:0.125, map shape: (400, 400), center:True
init UAV positions: [(25.0, 25.0, 5.4), (-25.0, 25.0, 5.4)]
mcts_params: {}
Step	Entropy	MSE	Coverage	Heights	Actions	IGs
------------------------------------------------------------------------------------------------------------------------
0    	158826.13   	0.405   	0.0078  	[5.4, 5.4]	[up, up]	[807.8971, 807.8971]
1    	155956.52   	0.409   	0.0312  	[10.8, 10.8]	[up, up]	[1049.1203, 1047.0929]
2    	152541.47   	0.419   	0.0703  	[16.2, 16.2]	[back, back]	[1218.5389, 1211.2301]
3    	149897.95   	0.414   	0.0938  	[16.2, 16.2]	[left, right]	[1511.4821, 1513.2401]
4    	146213.46   	0.412   	0.1250  	[16.2, 16.2]	[back, back]	[1730.0320, 1721.0269]
5    	142346.55   	0.399   	0.1562  	[16.2, 16.2]	[left, right]	[2049.3394, 2033.8366]
6    	137601.98   	0.393   	0.1953  	[16.2, 16.2]	[left, back]	[2284.4989, 2271.1261]
7    	132625.41   	0.388   	0.2344  	[16.2, 16.2]	[back, right]	[2618.9421, 2608.5872]
8    	126712.33   	0.365   	0.2812  	[16.2, 16.2]	[left, right]	[2640.3586, 2662.6611]
9    	121260.59   	0.362   	0.3281  	[16.2, 16.2]	[left, right]	[2690.2499, 2740.7310]
10   	115694.19   	0.359   	0.3750  	[16.2, 16.2]	[back, back]	[2617.9365, 2629.9455]
11   	110760.26   	0.335   	0.4219  	[16.2, 16.2]	[up, up]	[2750.5603, 2757.7026]
12   	105738.45   	0.305   	0.4844  	[21.7, 21.7]	[back, back]	[2800.8142, 2810.6333]
13   	100017.32   	0.271   	0.5391  	[21.7, 21.7]	[back, back]	[2906.6145, 2896.5401]
14   	94131.41    	0.243   	0.5938  	[21.7, 21.7]	[back, back]	[3018.8504, 3000.3773]
15   	88073.21    	0.210   	0.6484  	[21.7, 21.7]	[back, back]	[3131.3672, 3106.0494]
16   	81962.06    	0.188   	0.7031  	[21.7, 21.7]	[back, back]	[3234.4900, 3208.1794]
17   	75772.95    	0.165   	0.7578  	[21.7, 21.7]	[back, back]	[3314.7517, 3313.0284]
18   	69325.52    	0.153   	0.8125  	[21.7, 21.7]	[back, back]	[3328.4420, 3322.8989]
19   	62997.45    	0.151   	0.8672  	[21.7, 21.7]	[back, back]	[3320.3045, 3327.2619]
20   	56806.79    	0.155   	0.9219  	[21.7, 21.7]	[right, left]	[3214.5989, 3211.2783]
21   	49968.15    	0.125   	0.9844  	[21.7, 21.7]	[hover, hover]	[2753.1243, 2743.5155]
22   	47087.68    	0.114   	0.9844  	[21.7, 21.7]	[hover, hover]	[2342.8636, 2333.0811]
23   	44388.40    	0.105   	0.9844  	[21.7, 21.7]	[hover, hover]	[2013.7558, 1997.5935]
24   	41696.33    	0.095   	0.9844  	[21.7, 21.7]	[hover, hover]	[1734.1619, 1717.1954]
25   	39341.43    	0.089   	0.9844  	[21.7, 21.7]	[left, hover]	[1502.4279, 1480.1570]
26   	37652.37    	0.082   	0.9844  	[21.7, 21.7]	[left, right]	[1752.0419, 1307.6003]
27   	36302.87    	0.079   	0.9844  	[21.7, 21.7]	[left, right]	[1946.5173, 1583.4941]
28   	35023.56    	0.075   	0.9844  	[21.7, 21.7]	[left, right]	[2135.4819, 1829.0804]
29   	34044.55    	0.073   	0.9844  	[21.7, 21.7]	[front, front]	[1956.3405, 1651.9222]
30   	32994.34    	0.071   	0.9844  	[21.7, 21.7]	[front, up]	[1781.9912, 1585.0455]
31   	32044.90    	0.069   	0.9844  	[21.7, 27.1]	[left, right]	[2156.8188, 1883.8133]
32   	31222.22    	0.068   	0.9844  	[21.7, 27.1]	[left, right]	[2500.2925, 2213.3374]
33   	30384.39    	0.065   	0.9844  	[21.7, 27.1]	[left, right]	[2821.0093, 2500.7426]
34   	29444.77    	0.064   	0.9844  	[21.7, 27.1]	[left, right]	[3070.6773, 2758.2148]
35   	27074.97    	0.051   	1.0000  	[21.7, 27.1]	[front, down]	[2952.5406, 2878.5972]
36   	26534.73    	0.048   	1.0000  	[21.7, 21.7]	[front, right]	[2912.0697, 3046.3997]
37   	24991.93    	0.046   	1.0000  	[21.7, 21.7]	[front, front]	[2925.8595, 2726.9898]
38   	23763.20    	0.042   	1.0000  	[21.7, 21.7]	[front, front]	[2960.4192, 2727.4001]
39   	22495.92    	0.041   	1.0000  	[21.7, 21.7]	[front, front]	[3039.4698, 2762.6499]
40   	21386.50    	0.036   	1.0000  	[21.7, 21.7]	[front, front]	[3125.2446, 2804.0893]
41   	20147.07    	0.036   	1.0000  	[21.7, 21.7]	[hover, front]	[2639.0859, 2900.9578]
42   	19162.95    	0.032   	1.0000  	[21.7, 21.7]	[hover, front]	[2255.3851, 3000.6905]
43   	18038.32    	0.031   	1.0000  	[21.7, 21.7]	[hover, front]	[1925.5248, 3112.7425]
44   	17063.72    	0.029   	1.0000  	[21.7, 21.7]	[hover, hover]	[1655.0732, 2617.2219]
45   	16239.53    	0.026   	1.0000  	[21.7, 21.7]	[hover, hover]	[1436.6756, 2231.3954]
46   	15377.38    	0.025   	1.0000  	[21.7, 21.7]	[right, hover]	[1259.5725, 1907.0799]
47   	14815.97    	0.023   	1.0000  	[21.7, 21.7]	[left, hover]	[1113.6288, 1628.1489]
48   	14264.25    	0.022   	1.0000  	[21.7, 21.7]	[right, hover]	[979.2565, 1432.2646]
49   	13788.32    	0.021   	1.0000  	[21.7, 21.7]	[right, left]	[892.6705, 1259.8102]
50   	13296.89    	0.020   	1.0000  	[21.7, 21.7]	[right, left]	[784.9806, 1083.0421]
51   	12944.79    	0.019   	1.0000  	[21.7, 21.7]	[right, right]	[695.6413, 932.4220]
52   	12610.19    	0.019   	1.0000  	[21.7, 21.7]	[right, right]	[636.3517, 846.3853]
53   	12311.44    	0.018   	1.0000  	[21.7, 21.7]	[right, hover]	[569.4520, 730.2553]
54   	12087.87    	0.018   	1.0000  	[21.7, 21.7]	[right, back]	[549.8884, 639.2232]
55   	11901.29    	0.017   	1.0000  	[21.7, 21.7]	[right, back]	[733.0656, 611.1018]
56   	11671.41    	0.017   	1.0000  	[21.7, 21.7]	[back, back]	[649.1770, 628.0847]
57   	11454.48    	0.016   	1.0000  	[21.7, 21.7]	[back, back]	[605.3420, 696.0339]
58   	11304.61    	0.016   	1.0000  	[21.7, 21.7]	[back, back]	[576.1523, 790.3411]
59   	11015.00    	0.016   	1.0000  	[21.7, 21.7]	[back, back]	[561.1121, 917.1153]
60   	10725.19    	0.015   	1.0000  	[21.7, 21.7]	[back, back]	[568.5724, 1080.7045]
61   	10333.80    	0.015   	1.0000  	[21.7, 21.7]	[back, back]	[560.7227, 1359.1002]
62   	9826.61     	0.014   	1.0000  	[21.7, 21.7]	[back, hover]	[582.9238, 1149.5819]
63   	9396.56     	0.013   	1.0000  	[21.7, 21.7]	[hover, hover]	[504.2301, 965.3095]
64   	9065.77     	0.012   	1.0000  	[21.7, 21.7]	[hover, hover]	[449.7346, 839.6686]
65   	8842.69     	0.012   	1.0000  	[21.7, 21.7]	[up, hover]	[400.8030, 732.2502]
66   	8641.23     	0.011   	1.0000  	[27.1, 21.7]	[left, hover]	[485.1020, 650.2882]
67   	8429.35     	0.011   	1.0000  	[27.1, 21.7]	[left, hover]	[490.2289, 568.2682]
68   	8250.96     	0.011   	1.0000  	[27.1, 21.7]	[left, hover]	[560.8603, 505.0941]
69   	8094.47     	0.010   	1.0000  	[27.1, 21.7]	[left, hover]	[693.6221, 450.5724]
70   	7927.69     	0.010   	1.0000  	[27.1, 21.7]	[left, hover]	[842.5131, 402.9066]
71   	7733.81     	0.010   	1.0000  	[27.1, 21.7]	[left, hover]	[1006.3857, 358.0214]
72   	7481.60     	0.009   	1.0000  	[27.1, 21.7]	[left, hover]	[1191.2108, 317.1689]
73   	7082.64     	0.010   	1.0000  	[27.1, 21.7]	[down, left]	[1125.0280, 289.2148]
74   	6973.70     	0.009   	1.0000  	[21.7, 21.7]	[left, left]	[1331.5017, 275.2097]
75   	6519.12     	0.009   	1.0000  	[21.7, 21.7]	[back, left]	[1522.4250, 276.6731]
76   	6129.96     	0.008   	1.0000  	[21.7, 21.7]	[hover, left]	[1286.2784, 269.7142]
77   	5868.55     	0.007   	1.0000  	[21.7, 21.7]	[hover, left]	[1105.1142, 278.3950]
78   	5572.44     	0.007   	1.0000  	[21.7, 21.7]	[hover, left]	[943.7296, 320.5746]
79   	5315.30     	0.006   	1.0000  	[21.7, 21.7]	[hover, left]	[796.3373, 380.0729]
80   	5073.48     	0.006   	1.0000  	[21.7, 21.7]	[hover, up]	[685.8464, 433.1680]
81   	4828.99     	0.005   	1.0000  	[21.7, 27.1]	[hover, front]	[609.3589, 518.3536]
82   	4663.50     	0.005   	1.0000  	[21.7, 27.1]	[hover, front]	[528.7392, 510.6204]
83   	4548.05     	0.005   	1.0000  	[21.7, 27.1]	[hover, front]	[483.1149, 501.4384]
84   	4391.78     	0.004   	1.0000  	[21.7, 27.1]	[hover, front]	[427.2768, 495.1069]
85   	4277.77     	0.004   	1.0000  	[21.7, 27.1]	[hover, front]	[379.0682, 499.4711]
86   	4166.62     	0.004   	1.0000  	[21.7, 27.1]	[hover, front]	[335.7156, 508.2326]
87   	4056.57     	0.004   	1.0000  	[21.7, 27.1]	[hover, front]	[298.3543, 550.6106]
88   	3947.46     	0.004   	1.0000  	[21.7, 27.1]	[hover, down]	[264.2691, 520.0216]
89   	3860.67     	0.003   	1.0000  	[21.7, 21.7]	[hover, left]	[237.5881, 620.7763]
90   	3779.90     	0.003   	1.0000  	[21.7, 21.7]	[hover, front]	[207.3739, 657.4544]
91   	3650.27     	0.003   	1.0000  	[21.7, 21.7]	[hover, hover]	[185.9549, 576.3882]
92   	3540.11     	0.003   	1.0000  	[21.7, 21.7]	[hover, hover]	[165.8670, 510.8128]
93   	3445.32     	0.003   	1.0000  	[21.7, 21.7]	[hover, hover]	[150.7972, 445.4604]
94   	3360.82     	0.003   	1.0000  	[21.7, 21.7]	[hover, hover]	[135.6697, 394.7335]
95   	3301.59     	0.002   	1.0000  	[21.7, 21.7]	[front, hover]	[125.2163, 347.7054]
96   	3251.54     	0.002   	1.0000  	[21.7, 21.7]	[front, hover]	[126.6166, 303.4608]
97   	3183.33     	0.002   	1.0000  	[21.7, 21.7]	[front, hover]	[166.0306, 264.3647]
98   	3137.76     	0.002   	1.0000  	[21.7, 21.7]	[front, hover]	[201.6916, 234.0688]
99   	3093.18     	0.002   	1.0000  	[21.7, 21.7]	[front, hover]	[243.7582, 206.8328]
[2025-12-11T11:30:33]
Strategy: greedy_ig
Pairwise: equal
News mode: BM
Num agents: 2
Iteration: 16
Error margin: None
Gaussian radius 5 
Grid info: range: 0-50-50, cell_size:0.125, map shape: (400, 400), center:True
init UAV positions: [(-25.0, -25.0, 5.4), (-25.0, 25.0, 5.4)]
mcts_params: {}
Step	Entropy	MSE	Coverage	Heights	Actions	IGs
------------------------------------------------------------------------------------------------------------------------
0    	158826.13   	0.405   	0.0078  	[5.4, 5.4]	[up, up]	[807.8971, 807.8971]
1    	155960.59   	0.409   	0.0312  	[10.8, 10.8]	[up, up]	[1050.1340, 1047.0929]
2    	152527.78   	0.419   	0.0703  	[16.2, 16.2]	[front, back]	[1216.1145, 1211.2301]
3    	149881.81   	0.420   	0.0938  	[16.2, 16.2]	[right, right]	[1508.8933, 1513.2401]
4    	146238.94   	0.422   	0.1250  	[16.2, 16.2]	[front, back]	[1728.8258, 1721.0269]
5    	142348.82   	0.420   	0.1562  	[16.2, 16.2]	[right, right]	[2046.8140, 2033.8366]
6    	137590.33   	0.423   	0.1953  	[16.2, 16.2]	[front, back]	[2276.4362, 2271.1261]
7    	132609.69   	0.411   	0.2344  	[16.2, 16.2]	[right, right]	[2608.6940, 2608.5872]
8    	126734.61   	0.413   	0.2812  	[16.2, 16.2]	[right, right]	[2667.4813, 2662.6611]
9    	121180.60   	0.422   	0.3281  	[16.2, 16.2]	[right, right]	[2731.0174, 2740.7310]
10   	115555.39   	0.416   	0.3750  	[16.2, 16.2]	[right, right]	[2808.9806, 2807.4724]
11   	109749.34   	0.402   	0.4219  	[16.2, 16.2]	[right, right]	[2870.4948, 2882.3509]
12   	103836.25   	0.382   	0.4688  	[16.2, 16.2]	[right, right]	[2906.8262, 2914.4344]
13   	98011.68    	0.363   	0.5156  	[16.2, 16.2]	[right, right]	[2900.3672, 2914.3902]
14   	92169.57    	0.339   	0.5625  	[16.2, 16.2]	[right, right]	[2909.3922, 2912.2133]
15   	86251.07    	0.313   	0.6094  	[16.2, 16.2]	[right, right]	[2884.8235, 2906.6958]
16   	80577.94    	0.287   	0.6562  	[16.2, 16.2]	[right, right]	[2920.2611, 2903.3602]
17   	74685.17    	0.266   	0.7031  	[16.2, 16.2]	[right, right]	[2910.2680, 2915.0904]
18   	68895.30    	0.248   	0.7500  	[16.2, 16.2]	[front, back]	[2732.9868, 2718.2232]
19   	63975.11    	0.204   	0.7969  	[16.2, 16.2]	[front, back]	[2659.1346, 2666.6585]
20   	58672.77    	0.159   	0.8438  	[16.2, 16.2]	[front, back]	[2392.7937, 2397.0444]
21   	57611.38    	0.153   	0.8438  	[16.2, 16.2]	[front, back]	[2193.2251, 2192.5188]
22   	55850.23    	0.141   	0.8438  	[16.2, 16.2]	[front, back]	[2145.4231, 2146.4767]
23   	54637.19    	0.137   	0.8438  	[16.2, 16.2]	[front, back]	[2471.3092, 2455.9834]
24   	53606.27    	0.134   	0.8438  	[16.2, 16.2]	[front, back]	[2725.1419, 2719.8472]
25   	52642.99    	0.132   	0.8438  	[16.2, 16.2]	[front, back]	[2857.6935, 2870.5074]
26   	51380.37    	0.130   	0.8438  	[16.2, 16.2]	[front, back]	[2903.3205, 2922.5966]
27   	49798.72    	0.128   	0.8438  	[16.2, 16.2]	[front, back]	[2898.3346, 2912.3853]
28   	47642.50    	0.127   	0.8438  	[16.2, 16.2]	[left, left]	[2704.0211, 2733.6072]
29   	46853.44    	0.122   	0.8438  	[16.2, 16.2]	[left, left]	[2662.7934, 2660.6394]
30   	45961.12    	0.120   	0.8438  	[16.2, 16.2]	[left, left]	[2688.3647, 2673.3768]
31   	44891.19    	0.118   	0.8438  	[16.2, 16.2]	[left, left]	[2746.5007, 2735.7003]
32   	43828.83    	0.118   	0.8438  	[16.2, 16.2]	[left, left]	[2818.7333, 2823.3404]
33   	42693.07    	0.117   	0.8438  	[16.2, 16.2]	[left, left]	[2899.8312, 2909.3377]
34   	41593.94    	0.116   	0.8438  	[16.2, 16.2]	[left, left]	[2898.5982, 2931.0198]
35   	40617.57    	0.114   	0.8438  	[16.2, 16.2]	[left, left]	[2903.6287, 2929.2335]
36   	39537.29    	0.113   	0.8438  	[16.2, 16.2]	[left, left]	[2914.7252, 2920.1880]
37   	38470.26    	0.111   	0.8438  	[16.2, 16.2]	[left, left]	[2916.9729, 2931.2672]
38   	37289.13    	0.109   	0.8438  	[16.2, 16.2]	[back, front]	[2726.9674, 2739.5880]
39   	31898.75    	0.092   	0.8906  	[16.2, 16.2]	[back, front]	[2668.2549, 2666.9826]
40   	26540.49    	0.077   	0.9375  	[16.2, 16.2]	[back, front]	[2391.8717, 2395.4772]
41   	25425.64    	0.068   	0.9375  	[16.2, 16.2]	[back, front]	[2185.9724, 2190.0670]
42   	23663.25    	0.063   	0.9375  	[16.2, 16.2]	[right, right]	[1975.6287, 1995.5237]
43   	21471.58    	0.060   	0.9531  	[16.2, 16.2]	[right, right]	[1830.1116, 1856.8361]
44   	19136.65    	0.053   	0.9688  	[16.2, 16.2]	[right, right]	[1748.0755, 1780.7303]
45   	16872.38    	0.040   	0.9844  	[16.2, 16.2]	[right, right]	[1764.5523, 1783.5456]
46   	14495.99    	0.026   	1.0000  	[16.2, 16.2]	[back, front]	[1272.4510, 1283.6712]
47   	13664.21    	0.021   	1.0000  	[16.2, 16.2]	[back, front]	[1099.8244, 1097.4419]
48   	13154.80    	0.019   	1.0000  	[16.2, 16.2]	[right, right]	[929.5365, 932.3348]
49   	12662.39    	0.017   	1.0000  	[16.2, 16.2]	[right, right]	[787.9287, 776.9870]
50   	12368.47    	0.016   	1.0000  	[16.2, 16.2]	[right, right]	[678.6737, 673.3612]
51   	12095.14    	0.015   	1.0000  	[16.2, 16.2]	[up, up]	[625.9361, 622.3288]
52   	11868.94    	0.014   	1.0000  	[21.7, 21.7]	[back, front]	[640.5387, 636.6049]
53   	11631.27    	0.013   	1.0000  	[21.7, 21.7]	[right, right]	[645.7474, 647.5950]
54   	11360.87    	0.013   	1.0000  	[21.7, 21.7]	[right, right]	[667.5802, 680.0750]
55   	11069.50    	0.012   	1.0000  	[21.7, 21.7]	[back, front]	[708.9147, 724.9736]
56   	10658.93    	0.012   	1.0000  	[21.7, 21.7]	[back, front]	[817.6470, 830.4232]
57   	9949.08     	0.014   	1.0000  	[21.7, 21.7]	[hover, hover]	[714.1757, 736.0378]
58   	9550.23     	0.013   	1.0000  	[21.7, 21.7]	[hover, hover]	[625.9399, 642.6600]
59   	9162.34     	0.012   	1.0000  	[21.7, 21.7]	[hover, hover]	[549.2548, 567.2517]
60   	8841.84     	0.011   	1.0000  	[21.7, 21.7]	[hover, hover]	[486.0685, 489.0534]
61   	8542.39     	0.011   	1.0000  	[21.7, 21.7]	[hover, hover]	[427.4042, 429.2963]
62   	8295.66     	0.011   	1.0000  	[21.7, 21.7]	[hover, hover]	[377.9279, 378.4287]
63   	8148.30     	0.010   	1.0000  	[21.7, 21.7]	[left, left]	[343.5714, 335.0679]
64   	8016.37     	0.010   	1.0000  	[21.7, 21.7]	[left, left]	[339.7619, 329.1561]
65   	7888.52     	0.010   	1.0000  	[21.7, 21.7]	[left, left]	[371.4331, 369.8688]
66   	7782.08     	0.009   	1.0000  	[21.7, 21.7]	[left, left]	[405.4478, 400.5194]
67   	7642.75     	0.009   	1.0000  	[21.7, 21.7]	[left, left]	[469.2375, 466.6203]
68   	7494.71     	0.009   	1.0000  	[21.7, 21.7]	[left, left]	[542.7857, 551.5923]
69   	7298.03     	0.009   	1.0000  	[21.7, 21.7]	[left, left]	[641.0920, 646.7907]
70   	6974.42     	0.009   	1.0000  	[21.7, 21.7]	[left, left]	[773.1550, 780.9221]
71   	6496.49     	0.009   	1.0000  	[21.7, 21.7]	[front, back]	[735.6332, 753.9211]
72   	6150.32     	0.007   	1.0000  	[21.7, 21.7]	[front, back]	[675.1839, 683.9208]
73   	5813.06     	0.007   	1.0000  	[21.7, 21.7]	[front, back]	[591.6849, 592.5892]
74   	5575.19     	0.006   	1.0000  	[21.7, 21.7]	[front, back]	[530.9527, 534.5734]
75   	5348.51     	0.006   	1.0000  	[21.7, 21.7]	[front, back]	[551.2083, 557.0838]
76   	5188.14     	0.006   	1.0000  	[21.7, 21.7]	[front, back]	[601.6656, 604.3889]
77   	5039.20     	0.005   	1.0000  	[21.7, 21.7]	[front, back]	[678.3182, 682.2880]
78   	4892.64     	0.005   	1.0000  	[21.7, 21.7]	[front, back]	[812.6217, 806.5729]
79   	4771.00     	0.005   	1.0000  	[21.7, 21.7]	[hover, hover]	[712.1307, 708.7163]
80   	4647.34     	0.005   	1.0000  	[21.7, 21.7]	[hover, hover]	[622.1944, 615.2952]
81   	4524.35     	0.004   	1.0000  	[21.7, 21.7]	[hover, hover]	[549.1966, 544.1484]
82   	4443.46     	0.004   	1.0000  	[21.7, 21.7]	[hover, hover]	[484.0335, 477.6234]
83   	4338.44     	0.004   	1.0000  	[21.7, 21.7]	[hover, right]	[425.9320, 419.8559]
84   	4266.32     	0.004   	1.0000  	[21.7, 21.7]	[right, right]	[391.7830, 412.6362]
85   	4208.89     	0.004   	1.0000  	[21.7, 21.7]	[right, right]	[396.6434, 386.1973]
86   	4160.88     	0.004   	1.0000  	[21.7, 21.7]	[right, right]	[377.4892, 399.8755]
87   	4124.32     	0.004   	1.0000  	[21.7, 21.7]	[right, right]	[389.0259, 441.6686]
88   	4080.72     	0.004   	1.0000  	[21.7, 21.7]	[right, right]	[432.3982, 523.5233]
89   	4040.46     	0.003   	1.0000  	[21.7, 21.7]	[right, right]	[513.1614, 634.2850]
90   	3963.98     	0.003   	1.0000  	[21.7, 21.7]	[right, right]	[616.2857, 779.5615]
91   	3794.76     	0.003   	1.0000  	[21.7, 21.7]	[right, hover]	[764.8619, 680.5037]
92   	3627.01     	0.003   	1.0000  	[21.7, 21.7]	[hover, hover]	[673.9474, 599.4098]
93   	3530.12     	0.003   	1.0000  	[21.7, 21.7]	[hover, hover]	[590.6936, 524.8733]
94   	3376.62     	0.003   	1.0000  	[21.7, 21.7]	[hover, hover]	[520.0495, 460.9031]
95   	3319.64     	0.003   	1.0000  	[21.7, 21.7]	[hover, hover]	[460.3807, 407.7192]
96   	3219.66     	0.002   	1.0000  	[21.7, 21.7]	[hover, hover]	[405.1411, 361.4112]
97   	3136.11     	0.002   	1.0000  	[21.7, 21.7]	[hover, hover]	[357.0143, 320.7673]
98   	3062.78     	0.002   	1.0000  	[21.7, 21.7]	[hover, hover]	[313.4804, 280.2077]
99   	3019.29     	0.002   	1.0000  	[21.7, 21.7]	[hover, hover]	[275.6110, 249.4511]
[2025-12-11T11:30:38]
Strategy: greedy_ig
Pairwise: equal
News mode: BM
Num agents: 2
Iteration: 17
Error margin: None
Gaussian radius 5 
Grid info: range: 0-50-50, cell_size:0.125, map shape: (400, 400), center:True
init UAV positions: [(-25.0, 25.0, 5.4), (25.0, 25.0, 5.4)]
mcts_params: {}
Step	Entropy	MSE	Coverage	Heights	Actions	IGs
------------------------------------------------------------------------------------------------------------------------
0    	158826.13   	0.405   	0.0078  	[5.4, 5.4]	[up, up]	[807.8971, 807.8971]
1    	155982.55   	0.409   	0.0312  	[10.8, 10.8]	[up, up]	[1054.7971, 1047.9038]
2    	152567.93   	0.418   	0.0703  	[16.2, 16.2]	[back, back]	[1216.9217, 1217.4506]
3    	149872.18   	0.414   	0.0938  	[16.2, 16.2]	[right, left]	[1508.5186, 1511.4962]
4    	146200.98   	0.412   	0.1250  	[16.2, 16.2]	[back, back]	[1731.0915, 1714.0178]
5    	142371.72   	0.398   	0.1562  	[16.2, 16.2]	[right, left]	[2045.6554, 2036.4962]
6    	137625.72   	0.393   	0.1953  	[16.2, 16.2]	[back, back]	[2291.3885, 2273.2519]
7    	132534.25   	0.375   	0.2344  	[16.2, 16.2]	[right, left]	[2607.7770, 2608.2215]
8    	126627.46   	0.364   	0.2812  	[16.2, 16.2]	[right, left]	[2659.4057, 2642.7560]
9    	121198.99   	0.364   	0.3281  	[16.2, 16.2]	[right, left]	[2721.9916, 2727.9030]
10   	115580.32   	0.356   	0.3750  	[16.2, 16.2]	[back, back]	[2620.9045, 2624.7392]
11   	110679.26   	0.335   	0.4219  	[16.2, 16.2]	[up, up]	[2757.1329, 2748.0052]
12   	105562.80   	0.306   	0.4844  	[21.7, 21.7]	[back, back]	[2803.5859, 2799.0120]
13   	99977.42    	0.272   	0.5391  	[21.7, 21.7]	[back, back]	[2909.7111, 2900.0880]
14   	94111.15    	0.243   	0.5938  	[21.7, 21.7]	[back, back]	[3012.2754, 3001.1519]
15   	88116.51    	0.210   	0.6484  	[21.7, 21.7]	[back, back]	[3122.0313, 3111.5307]
16   	81958.09    	0.188   	0.7031  	[21.7, 21.7]	[back, back]	[3226.3186, 3213.2471]
17   	75704.77    	0.165   	0.7578  	[21.7, 21.7]	[back, back]	[3313.5998, 3309.2998]
18   	69261.67    	0.153   	0.8125  	[21.7, 21.7]	[back, back]	[3326.3731, 3318.4689]
19   	62940.62    	0.151   	0.8672  	[21.7, 21.7]	[back, back]	[3320.8097, 3326.0683]
20   	56777.71    	0.154   	0.9219  	[21.7, 21.7]	[left, right]	[3208.3223, 3207.4799]
21   	49838.46    	0.125   	0.9844  	[21.7, 21.7]	[hover, hover]	[2747.6182, 2740.1209]
22   	47129.08    	0.114   	0.9844  	[21.7, 21.7]	[hover, hover]	[2343.7891, 2329.2231]
23   	44315.13    	0.105   	0.9844  	[21.7, 21.7]	[hover, hover]	[2012.3023, 1986.8956]
24   	41759.63    	0.095   	0.9844  	[21.7, 21.7]	[hover, hover]	[1734.5389, 1717.7236]
25   	39281.31    	0.089   	0.9844  	[21.7, 21.7]	[hover, hover]	[1505.0960, 1475.6982]
26   	37076.09    	0.082   	0.9844  	[21.7, 21.7]	[right, left]	[1345.6184, 1318.8631]
27   	36029.40    	0.079   	0.9844  	[21.7, 21.7]	[right, left]	[1623.0451, 1603.9221]
28   	34655.28    	0.075   	0.9844  	[21.7, 21.7]	[right, left]	[1857.7013, 1847.7067]
29   	33518.71    	0.073   	0.9844  	[21.7, 21.7]	[right, left]	[2083.6048, 2066.0884]
30   	32693.25    	0.070   	0.9844  	[21.7, 21.7]	[right, left]	[2416.1831, 2415.2897]
31   	31935.60    	0.069   	0.9844  	[21.7, 21.7]	[right, left]	[2794.5222, 2785.1139]
32   	31034.21    	0.067   	0.9844  	[21.7, 21.7]	[right, left]	[3089.2506, 3071.6387]
33   	30119.30    	0.066   	0.9844  	[21.7, 21.7]	[right, left]	[3319.0141, 3302.6899]
34   	28461.58    	0.064   	0.9844  	[21.7, 21.7]	[front, front]	[3116.2924, 3110.6888]
35   	26639.26    	0.054   	0.9922  	[21.7, 21.7]	[front, front]	[2996.6324, 3004.7715]
36   	24898.89    	0.046   	1.0000  	[21.7, 21.7]	[front, front]	[2949.1431, 2949.6678]
37   	23720.97    	0.042   	1.0000  	[21.7, 21.7]	[front, front]	[2950.2407, 2952.7014]
38   	22512.92    	0.040   	1.0000  	[21.7, 21.7]	[front, front]	[3004.2577, 2989.2470]
39   	21377.08    	0.037   	1.0000  	[21.7, 21.7]	[front, front]	[3061.5270, 3054.1854]
40   	20211.99    	0.035   	1.0000  	[21.7, 21.7]	[front, front]	[3145.1913, 3154.0042]
41   	18922.94    	0.032   	1.0000  	[21.7, 21.7]	[front, front]	[3243.2609, 3249.3089]
42   	17416.95    	0.031   	1.0000  	[21.7, 21.7]	[hover, hover]	[2732.4677, 2736.7556]
43   	16329.35    	0.027   	1.0000  	[21.7, 21.7]	[hover, hover]	[2327.5027, 2338.6493]
44   	15418.56    	0.026   	1.0000  	[21.7, 21.7]	[hover, hover]	[1996.1570, 2004.5605]
45   	14596.85    	0.024   	1.0000  	[21.7, 21.7]	[hover, hover]	[1726.4341, 1717.6545]
46   	13883.82    	0.022   	1.0000  	[21.7, 21.7]	[hover, right]	[1497.2706, 1499.0282]
47   	13208.07    	0.020   	1.0000  	[21.7, 21.7]	[left, left]	[1308.9793, 1320.0277]
48   	12654.63    	0.019   	1.0000  	[21.7, 21.7]	[left, right]	[1166.4267, 1138.4974]
49   	12195.82    	0.018   	1.0000  	[21.7, 21.7]	[left, right]	[1034.2335, 1018.8285]
50   	11750.42    	0.017   	1.0000  	[21.7, 21.7]	[hover, right]	[885.0139, 908.8353]
51   	11379.08    	0.016   	1.0000  	[21.7, 21.7]	[right, right]	[778.8629, 796.0386]
52   	11120.75    	0.016   	1.0000  	[21.7, 21.7]	[right, left]	[721.0265, 717.0194]
53   	10841.76    	0.015   	1.0000  	[21.7, 21.7]	[right, left]	[724.2047, 654.7329]
54   	10597.56    	0.015   	1.0000  	[21.7, 21.7]	[hover, left]	[649.1221, 623.1400]
55   	10355.87    	0.014   	1.0000  	[21.7, 21.7]	[back, left]	[593.0437, 646.0870]
56   	10075.98    	0.014   	1.0000  	[21.7, 21.7]	[back, back]	[579.8412, 584.8133]
57   	9890.56     	0.013   	1.0000  	[21.7, 21.7]	[back, back]	[603.6138, 567.3302]
58   	9592.73     	0.013   	1.0000  	[21.7, 21.7]	[back, back]	[656.7057, 605.1167]
59   	9352.38     	0.012   	1.0000  	[21.7, 21.7]	[back, back]	[762.3155, 671.1124]
60   	9019.22     	0.012   	1.0000  	[21.7, 21.7]	[back, back]	[895.4337, 763.2948]
61   	8661.50     	0.011   	1.0000  	[21.7, 21.7]	[back, back]	[1051.3523, 894.6698]
62   	8229.15     	0.011   	1.0000  	[21.7, 21.7]	[back, back]	[1245.8082, 1046.5812]
63   	7618.28     	0.010   	1.0000  	[21.7, 21.7]	[hover, back]	[1076.1462, 1247.7815]
64   	7103.20     	0.009   	1.0000  	[21.7, 21.7]	[hover, hover]	[934.9440, 1074.4919]
65   	6662.85     	0.009   	1.0000  	[21.7, 21.7]	[hover, hover]	[814.7978, 934.6632]
66   	6272.36     	0.008   	1.0000  	[21.7, 21.7]	[hover, hover]	[709.5483, 814.2732]
67   	5974.66     	0.007   	1.0000  	[21.7, 21.7]	[hover, hover]	[624.0116, 713.6287]
68   	5657.79     	0.007   	1.0000  	[21.7, 21.7]	[hover, hover]	[547.0883, 624.4845]
69   	5412.78     	0.006   	1.0000  	[21.7, 21.7]	[hover, hover]	[480.3035, 547.6106]
70   	5183.19     	0.006   	1.0000  	[21.7, 21.7]	[hover, hover]	[424.0700, 481.7085]
71   	4973.82     	0.005   	1.0000  	[21.7, 21.7]	[hover, hover]	[370.7365, 424.0313]
72   	4787.47     	0.005   	1.0000  	[21.7, 21.7]	[hover, hover]	[324.1642, 372.6244]
73   	4622.10     	0.005   	1.0000  	[21.7, 21.7]	[hover, hover]	[287.3479, 327.9976]
74   	4481.85     	0.004   	1.0000  	[21.7, 21.7]	[left, hover]	[260.2019, 290.5779]
75   	4403.15     	0.004   	1.0000  	[21.7, 21.7]	[left, right]	[254.1112, 264.4037]
76   	4329.54     	0.004   	1.0000  	[21.7, 21.7]	[left, right]	[263.9916, 253.4318]
77   	4277.49     	0.004   	1.0000  	[21.7, 21.7]	[left, right]	[280.2975, 256.9597]
78   	4233.32     	0.004   	1.0000  	[21.7, 21.7]	[front, hover]	[278.1857, 227.0189]
79   	4207.89     	0.004   	1.0000  	[21.7, 21.7]	[left, right]	[323.1149, 259.2723]
80   	4182.34     	0.004   	1.0000  	[21.7, 21.7]	[left, right]	[399.0983, 315.8462]
81   	4149.47     	0.004   	1.0000  	[21.7, 21.7]	[left, right]	[477.2149, 387.2425]
82   	4109.97     	0.004   	1.0000  	[21.7, 21.7]	[left, right]	[740.6612, 461.1908]
83   	4052.82     	0.004   	1.0000  	[21.7, 21.7]	[front, right]	[778.7425, 663.8275]
84   	3965.21     	0.003   	1.0000  	[21.7, 21.7]	[front, front]	[725.4317, 708.0366]
85   	3906.14     	0.003   	1.0000  	[21.7, 21.7]	[front, front]	[672.8272, 759.0111]
86   	3841.99     	0.003   	1.0000  	[21.7, 21.7]	[front, front]	[622.5815, 711.5566]
87   	3757.12     	0.003   	1.0000  	[21.7, 21.7]	[front, front]	[590.7661, 658.4109]
88   	3675.21     	0.003   	1.0000  	[21.7, 21.7]	[front, front]	[573.7493, 605.5089]
89   	3600.06     	0.003   	1.0000  	[21.7, 21.7]	[front, front]	[600.2745, 574.1952]
90   	3519.93     	0.003   	1.0000  	[21.7, 21.7]	[hover, front]	[525.8522, 550.8989]
91   	3421.18     	0.002   	1.0000  	[21.7, 21.7]	[hover, front]	[460.0009, 560.8091]
92   	3311.90     	0.002   	1.0000  	[21.7, 21.7]	[hover, hover]	[404.7044, 492.1479]
93   	3221.90     	0.002   	1.0000  	[21.7, 21.7]	[hover, hover]	[354.7929, 433.3535]
94   	3147.22     	0.002   	1.0000  	[21.7, 21.7]	[hover, hover]	[313.4347, 383.0537]
95   	3067.06     	0.002   	1.0000  	[21.7, 21.7]	[hover, hover]	[275.5154, 338.5147]
96   	2997.06     	0.002   	1.0000  	[21.7, 21.7]	[hover, hover]	[244.7555, 299.7943]
97   	2956.19     	0.002   	1.0000  	[21.7, 21.7]	[hover, hover]	[217.1659, 265.0036]
98   	2925.72     	0.002   	1.0000  	[21.7, 21.7]	[hover, hover]	[194.8362, 239.1357]
99   	2869.46     	0.002   	1.0000  	[21.7, 21.7]	[hover, hover]	[177.8241, 211.5758]
[2025-12-11T11:30:44]
Strategy: greedy_ig
Pairwise: equal
News mode: BM
Num agents: 2
Iteration: 18
Error margin: None
Gaussian radius 5 
Grid info: range: 0-50-50, cell_size:0.125, map shape: (400, 400), center:True
init UAV positions: [(-25.0, -25.0, 5.4), (25.0, 25.0, 5.4)]
mcts_params: {}
Step	Entropy	MSE	Coverage	Heights	Actions	IGs
------------------------------------------------------------------------------------------------------------------------
0    	158826.13   	0.405   	0.0078  	[5.4, 5.4]	[up, up]	[807.8971, 807.8971]
1    	155963.84   	0.409   	0.0312  	[10.8, 10.8]	[up, up]	[1050.1340, 1047.9038]
2    	152561.41   	0.418   	0.0703  	[16.2, 16.2]	[front, back]	[1216.1145, 1217.4506]
3    	149871.65   	0.414   	0.0938  	[16.2, 16.2]	[right, left]	[1508.8933, 1511.4962]
4    	146212.17   	0.412   	0.1250  	[16.2, 16.2]	[front, back]	[1728.8258, 1714.0178]
5    	142383.00   	0.398   	0.1562  	[16.2, 16.2]	[right, left]	[2046.8140, 2036.4962]
6    	137580.88   	0.393   	0.1953  	[16.2, 16.2]	[front, back]	[2276.4362, 2273.2519]
7    	132598.87   	0.370   	0.2344  	[16.2, 16.2]	[right, left]	[2608.6940, 2608.2215]
8    	126654.46   	0.359   	0.2812  	[16.2, 16.2]	[right, left]	[2667.4813, 2642.7560]
9    	121164.28   	0.360   	0.3281  	[16.2, 16.2]	[right, left]	[2731.0174, 2727.9030]
10   	115532.65   	0.346   	0.3750  	[16.2, 16.2]	[right, left]	[2808.9806, 2803.1454]
11   	109673.75   	0.340   	0.4219  	[16.2, 16.2]	[right, left]	[2870.4948, 2869.7468]
12   	103775.05   	0.330   	0.4688  	[16.2, 16.2]	[right, left]	[2906.8262, 2902.7596]
13   	97998.55    	0.321   	0.5156  	[16.2, 16.2]	[right, left]	[2900.3672, 2918.2741]
14   	92122.37    	0.308   	0.5625  	[16.2, 16.2]	[right, left]	[2909.3922, 2910.0379]
15   	86248.11    	0.292   	0.6094  	[16.2, 16.2]	[right, left]	[2884.8235, 2919.0201]
16   	80574.31    	0.278   	0.6562  	[16.2, 16.2]	[right, left]	[2920.2611, 2911.5616]
17   	74595.25    	0.264   	0.7031  	[16.2, 16.2]	[right, left]	[2910.2680, 2905.8853]
18   	68842.88    	0.248   	0.7500  	[16.2, 16.2]	[front, back]	[2732.9868, 2713.6791]
19   	63831.13    	0.218   	0.7969  	[16.2, 16.2]	[front, back]	[2659.1346, 2654.2465]
20   	58579.76    	0.186   	0.8438  	[16.2, 16.2]	[front, back]	[2678.7330, 2677.7685]
21   	53211.60    	0.154   	0.8906  	[16.2, 16.2]	[front, back]	[2743.9904, 2745.7799]
22   	47603.95    	0.122   	0.9375  	[16.2, 16.2]	[front, back]	[2852.8365, 2827.5185]
23   	45558.61    	0.113   	0.9375  	[16.2, 16.2]	[front, back]	[2925.0965, 2930.4923]
24   	43502.73    	0.104   	0.9375  	[16.2, 16.2]	[front, back]	[2915.8164, 2919.5038]
25   	42026.17    	0.097   	0.9375  	[16.2, 16.2]	[front, back]	[2908.6021, 2915.3153]
26   	40922.36    	0.094   	0.9375  	[16.2, 16.2]	[front, back]	[2903.3205, 2922.5966]
27   	40002.09    	0.091   	0.9375  	[16.2, 16.2]	[front, back]	[2898.3346, 2912.3853]
28   	39335.24    	0.091   	0.9375  	[16.2, 16.2]	[left, right]	[2704.0211, 2735.5966]
29   	38335.27    	0.090   	0.9375  	[16.2, 16.2]	[left, right]	[2662.7934, 2673.1509]
30   	37368.01    	0.089   	0.9375  	[16.2, 16.2]	[left, right]	[2688.3647, 2692.6498]
31   	36225.42    	0.087   	0.9375  	[16.2, 16.2]	[left, right]	[2746.5007, 2744.4615]
32   	35128.11    	0.086   	0.9375  	[16.2, 16.2]	[left, right]	[2818.7333, 2819.1290]
33   	34190.45    	0.085   	0.9375  	[16.2, 16.2]	[left, right]	[2899.8312, 2907.4936]
34   	33222.35    	0.083   	0.9375  	[16.2, 16.2]	[left, right]	[2898.5982, 2922.5301]
35   	32236.65    	0.082   	0.9375  	[16.2, 16.2]	[left, right]	[2903.6287, 2928.2051]
36   	30838.67    	0.080   	0.9375  	[16.2, 16.2]	[left, right]	[2914.7252, 2910.6624]
37   	29241.51    	0.078   	0.9375  	[16.2, 16.2]	[left, right]	[2916.9729, 2896.8312]
38   	27156.95    	0.077   	0.9375  	[16.2, 16.2]	[back, front]	[2726.9674, 2707.2174]
39   	26415.95    	0.072   	0.9375  	[16.2, 16.2]	[back, front]	[2668.2549, 2656.4613]
40   	25508.47    	0.067   	0.9375  	[16.2, 16.2]	[back, front]	[2677.8109, 2679.8691]
41   	24420.88    	0.064   	0.9375  	[16.2, 16.2]	[back, front]	[2741.6553, 2742.1726]
42   	23346.85    	0.061   	0.9375  	[16.2, 16.2]	[right, left]	[2321.2672, 2341.1487]
43   	19696.89    	0.050   	0.9688  	[16.2, 16.2]	[right, left]	[2135.4612, 2147.2540]
44   	16032.53    	0.031   	1.0000  	[16.2, 16.2]	[right, left]	[1864.9785, 1881.2954]
45   	15249.60    	0.025   	1.0000  	[16.2, 16.2]	[right, left]	[1684.5674, 1692.2327]
46   	13937.19    	0.021   	1.0000  	[16.2, 16.2]	[back, front]	[1317.1008, 1335.0173]
47   	13229.09    	0.019   	1.0000  	[16.2, 16.2]	[back, front]	[1131.7811, 1145.8218]
48   	12745.68    	0.017   	1.0000  	[16.2, 16.2]	[right, left]	[918.9389, 919.8696]
49   	12304.48    	0.016   	1.0000  	[16.2, 16.2]	[right, left]	[787.9287, 781.9507]
50   	12043.63    	0.015   	1.0000  	[16.2, 16.2]	[right, left]	[705.0702, 696.1866]
51   	11821.49    	0.015   	1.0000  	[16.2, 16.2]	[right, up]	[670.0908, 660.0889]
52   	11560.28    	0.014   	1.0000  	[16.2, 21.7]	[up, front]	[650.4214, 668.4973]
53   	11294.24    	0.013   	1.0000  	[21.7, 21.7]	[right, left]	[661.8804, 669.0565]
54   	10905.91    	0.012   	1.0000  	[21.7, 21.7]	[back, left]	[680.2702, 699.0438]
55   	10501.01    	0.012   	1.0000  	[21.7, 21.7]	[back, front]	[722.8820, 738.2192]
56   	10091.29    	0.012   	1.0000  	[21.7, 21.7]	[back, front]	[820.0251, 822.0313]
57   	9417.54     	0.013   	1.0000  	[21.7, 21.7]	[hover, hover]	[716.0024, 716.0189]
58   	8964.22     	0.013   	1.0000  	[21.7, 21.7]	[hover, hover]	[625.3789, 627.6271]
59   	8557.36     	0.011   	1.0000  	[21.7, 21.7]	[hover, hover]	[546.8178, 552.1392]
60   	8228.85     	0.011   	1.0000  	[21.7, 21.7]	[hover, hover]	[480.1699, 490.4122]
61   	7873.97     	0.010   	1.0000  	[21.7, 21.7]	[left, hover]	[421.1786, 429.5009]
62   	7699.32     	0.010   	1.0000  	[21.7, 21.7]	[left, hover]	[412.8808, 379.2824]
63   	7515.99     	0.009   	1.0000  	[21.7, 21.7]	[left, hover]	[428.1815, 337.0370]
64   	7328.96     	0.009   	1.0000  	[21.7, 21.7]	[left, right]	[447.7810, 303.7863]
65   	7172.81     	0.009   	1.0000  	[21.7, 21.7]	[left, right]	[504.9908, 311.7306]
66   	7041.98     	0.009   	1.0000  	[21.7, 21.7]	[left, right]	[570.2050, 354.7239]
67   	6902.46     	0.008   	1.0000  	[21.7, 21.7]	[left, right]	[666.4092, 384.9149]
68   	6693.39     	0.008   	1.0000  	[21.7, 21.7]	[left, right]	[795.8040, 452.5734]
69   	6466.69     	0.008   	1.0000  	[21.7, 21.7]	[front, right]	[779.0321, 539.3516]
70   	6262.40     	0.008   	1.0000  	[21.7, 21.7]	[front, right]	[742.6418, 636.9904]
71   	6032.99     	0.007   	1.0000  	[21.7, 21.7]	[front, right]	[668.9627, 773.5437]
72   	5783.36     	0.007   	1.0000  	[21.7, 21.7]	[front, back]	[612.4352, 772.3432]
73   	5594.47     	0.006   	1.0000  	[21.7, 21.7]	[front, back]	[623.4328, 741.8147]
74   	5467.81     	0.006   	1.0000  	[21.7, 21.7]	[front, back]	[655.9867, 666.4458]
75   	5335.34     	0.006   	1.0000  	[21.7, 21.7]	[front, back]	[710.0864, 611.8880]
76   	5216.29     	0.006   	1.0000  	[21.7, 21.7]	[front, back]	[821.6381, 626.5756]
77   	5102.03     	0.005   	1.0000  	[21.7, 21.7]	[hover, back]	[715.1501, 650.0689]
78   	4971.55     	0.005   	1.0000  	[21.7, 21.7]	[hover, back]	[624.9634, 696.7841]
79   	4845.53     	0.005   	1.0000  	[21.7, 21.7]	[hover, back]	[541.6545, 812.2866]
80   	4678.14     	0.005   	1.0000  	[21.7, 21.7]	[hover, hover]	[477.9237, 708.1711]
81   	4541.57     	0.004   	1.0000  	[21.7, 21.7]	[hover, hover]	[419.4394, 626.4503]
82   	4408.34     	0.004   	1.0000  	[21.7, 21.7]	[right, hover]	[379.5469, 548.1370]
83   	4321.08     	0.004   	1.0000  	[21.7, 21.7]	[right, hover]	[382.5584, 480.6959]
84   	4256.01     	0.004   	1.0000  	[21.7, 21.7]	[right, left]	[367.2188, 426.3472]
85   	4211.78     	0.004   	1.0000  	[21.7, 21.7]	[right, left]	[385.3737, 418.0107]
86   	4151.88     	0.004   	1.0000  	[21.7, 21.7]	[right, left]	[430.0347, 401.6972]
87   	4088.73     	0.004   	1.0000  	[21.7, 21.7]	[right, left]	[511.0718, 410.2180]
88   	4035.40     	0.004   	1.0000  	[21.7, 21.7]	[right, left]	[610.4349, 449.3668]
89   	3961.50     	0.003   	1.0000  	[21.7, 21.7]	[right, left]	[754.3127, 525.9248]
90   	3836.16     	0.003   	1.0000  	[21.7, 21.7]	[hover, left]	[658.0564, 626.7128]
91   	3728.07     	0.003   	1.0000  	[21.7, 21.7]	[hover, left]	[580.1502, 769.5355]
92   	3591.23     	0.003   	1.0000  	[21.7, 21.7]	[hover, hover]	[507.7345, 671.8154]
93   	3465.46     	0.003   	1.0000  	[21.7, 21.7]	[hover, hover]	[448.9447, 583.8533]
94   	3383.25     	0.002   	1.0000  	[21.7, 21.7]	[hover, hover]	[398.4772, 515.7891]
95   	3291.31     	0.002   	1.0000  	[21.7, 21.7]	[hover, hover]	[349.0564, 454.3618]
96   	3231.22     	0.002   	1.0000  	[21.7, 21.7]	[hover, hover]	[309.0866, 397.2172]
97   	3131.24     	0.002   	1.0000  	[21.7, 21.7]	[hover, hover]	[272.4540, 352.0918]
98   	3077.69     	0.002   	1.0000  	[21.7, 21.7]	[hover, hover]	[245.4856, 316.1868]
99   	3016.34     	0.002   	1.0000  	[21.7, 21.7]	[hover, hover]	[217.0671, 281.3452]
[2025-12-11T11:30:50]
Strategy: greedy_ig
Pairwise: equal
News mode: BM
Num agents: 2
Iteration: 19
Error margin: None
Gaussian radius 5 
Grid info: range: 0-50-50, cell_size:0.125, map shape: (400, 400), center:True
init UAV positions: [(-25.0, -25.0, 5.4), (-25.0, 25.0, 5.4)]
mcts_params: {}
Step	Entropy	MSE	Coverage	Heights	Actions	IGs
------------------------------------------------------------------------------------------------------------------------
0    	158826.13   	0.405   	0.0078  	[5.4, 5.4]	[up, up]	[807.8971, 807.8971]
1    	155960.59   	0.409   	0.0312  	[10.8, 10.8]	[up, up]	[1050.1340, 1047.0929]
2    	152527.78   	0.419   	0.0703  	[16.2, 16.2]	[front, back]	[1216.1145, 1211.2301]
3    	149881.81   	0.420   	0.0938  	[16.2, 16.2]	[right, right]	[1508.8933, 1513.2401]
4    	146238.94   	0.422   	0.1250  	[16.2, 16.2]	[front, back]	[1728.8258, 1721.0269]
5    	142348.82   	0.420   	0.1562  	[16.2, 16.2]	[right, right]	[2046.8140, 2033.8366]
6    	137590.33   	0.423   	0.1953  	[16.2, 16.2]	[front, back]	[2276.4362, 2271.1261]
7    	132609.69   	0.411   	0.2344  	[16.2, 16.2]	[right, right]	[2608.6940, 2608.5872]
8    	126734.61   	0.413   	0.2812  	[16.2, 16.2]	[right, right]	[2667.4813, 2662.6611]
9    	121180.60   	0.422   	0.3281  	[16.2, 16.2]	[right, right]	[2731.0174, 2740.7310]
10   	115555.39   	0.416   	0.3750  	[16.2, 16.2]	[right, right]	[2808.9806, 2807.4724]
11   	109749.34   	0.402   	0.4219  	[16.2, 16.2]	[right, right]	[2870.4948, 2882.3509]
12   	103836.25   	0.382   	0.4688  	[16.2, 16.2]	[right, right]	[2906.8262, 2914.4344]
13   	98011.68    	0.363   	0.5156  	[16.2, 16.2]	[right, right]	[2900.3672, 2914.3902]
14   	92169.57    	0.339   	0.5625  	[16.2, 16.2]	[right, right]	[2909.3922, 2912.2133]
15   	86251.07    	0.313   	0.6094  	[16.2, 16.2]	[right, right]	[2884.8235, 2906.6958]
16   	80577.94    	0.287   	0.6562  	[16.2, 16.2]	[right, right]	[2920.2611, 2903.3602]
17   	74685.17    	0.266   	0.7031  	[16.2, 16.2]	[right, right]	[2910.2680, 2915.0904]
18   	68895.30    	0.248   	0.7500  	[16.2, 16.2]	[front, back]	[2732.9868, 2718.2232]
19   	63975.11    	0.204   	0.7969  	[16.2, 16.2]	[front, back]	[2659.1346, 2666.6585]
20   	58672.77    	0.159   	0.8438  	[16.2, 16.2]	[front, back]	[2392.7937, 2397.0444]
21   	57611.38    	0.153   	0.8438  	[16.2, 16.2]	[front, back]	[2193.2251, 2192.5188]
22   	55850.23    	0.141   	0.8438  	[16.2, 16.2]	[front, back]	[2145.4231, 2146.4767]
23   	54637.19    	0.137   	0.8438  	[16.2, 16.2]	[front, back]	[2471.3092, 2455.9834]
24   	53606.27    	0.134   	0.8438  	[16.2, 16.2]	[front, back]	[2725.1419, 2719.8472]
25   	52642.99    	0.132   	0.8438  	[16.2, 16.2]	[front, back]	[2857.6935, 2870.5074]
26   	51380.37    	0.130   	0.8438  	[16.2, 16.2]	[front, back]	[2903.3205, 2922.5966]
27   	49798.72    	0.128   	0.8438  	[16.2, 16.2]	[front, back]	[2898.3346, 2912.3853]
28   	47642.50    	0.127   	0.8438  	[16.2, 16.2]	[left, left]	[2704.0211, 2733.6072]
29   	46853.44    	0.122   	0.8438  	[16.2, 16.2]	[left, left]	[2662.7934, 2660.6394]
30   	45961.12    	0.120   	0.8438  	[16.2, 16.2]	[left, left]	[2688.3647, 2673.3768]
31   	44891.19    	0.118   	0.8438  	[16.2, 16.2]	[left, left]	[2746.5007, 2735.7003]
32   	43828.83    	0.118   	0.8438  	[16.2, 16.2]	[left, left]	[2818.7333, 2823.3404]
33   	42693.07    	0.117   	0.8438  	[16.2, 16.2]	[left, left]	[2899.8312, 2909.3377]
34   	41593.94    	0.116   	0.8438  	[16.2, 16.2]	[left, left]	[2898.5982, 2931.0198]
35   	40617.57    	0.114   	0.8438  	[16.2, 16.2]	[left, left]	[2903.6287, 2929.2335]
36   	39537.29    	0.113   	0.8438  	[16.2, 16.2]	[left, left]	[2914.7252, 2920.1880]
37   	38470.26    	0.111   	0.8438  	[16.2, 16.2]	[left, left]	[2916.9729, 2931.2672]
38   	37289.13    	0.109   	0.8438  	[16.2, 16.2]	[back, front]	[2726.9674, 2739.5880]
39   	31898.75    	0.092   	0.8906  	[16.2, 16.2]	[back, front]	[2668.2549, 2666.9826]
40   	26540.49    	0.077   	0.9375  	[16.2, 16.2]	[back, front]	[2391.8717, 2395.4772]
41   	25425.64    	0.068   	0.9375  	[16.2, 16.2]	[back, front]	[2185.9724, 2190.0670]
42   	23663.25    	0.063   	0.9375  	[16.2, 16.2]	[right, right]	[1975.6287, 1995.5237]
43   	21471.58    	0.060   	0.9531  	[16.2, 16.2]	[right, right]	[1830.1116, 1856.8361]
44   	19136.65    	0.053   	0.9688  	[16.2, 16.2]	[right, right]	[1748.0755, 1780.7303]
45   	16872.38    	0.040   	0.9844  	[16.2, 16.2]	[right, right]	[1764.5523, 1783.5456]
46   	14495.99    	0.026   	1.0000  	[16.2, 16.2]	[back, front]	[1272.4510, 1283.6712]
47   	13664.21    	0.021   	1.0000  	[16.2, 16.2]	[back, front]	[1099.8244, 1097.4419]
48   	13154.80    	0.019   	1.0000  	[16.2, 16.2]	[right, right]	[929.5365, 932.3348]
49   	12662.39    	0.017   	1.0000  	[16.2, 16.2]	[right, right]	[787.9287, 776.9870]
50   	12368.47    	0.016   	1.0000  	[16.2, 16.2]	[right, right]	[678.6737, 673.3612]
51   	12095.14    	0.015   	1.0000  	[16.2, 16.2]	[up, up]	[625.9361, 622.3288]
52   	11868.94    	0.014   	1.0000  	[21.7, 21.7]	[back, front]	[640.5387, 636.6049]
53   	11631.27    	0.013   	1.0000  	[21.7, 21.7]	[right, right]	[645.7474, 647.5950]
54   	11360.87    	0.013   	1.0000  	[21.7, 21.7]	[right, right]	[667.5802, 680.0750]
55   	11069.50    	0.012   	1.0000  	[21.7, 21.7]	[back, front]	[708.9147, 724.9736]
56   	10658.93    	0.012   	1.0000  	[21.7, 21.7]	[back, front]	[817.6470, 830.4232]
57   	9949.08     	0.014   	1.0000  	[21.7, 21.7]	[hover, hover]	[714.1757, 736.0378]
58   	9550.23     	0.013   	1.0000  	[21.7, 21.7]	[hover, hover]	[625.9399, 642.6600]
59   	9162.34     	0.012   	1.0000  	[21.7, 21.7]	[hover, hover]	[549.2548, 567.2517]
60   	8841.84     	0.011   	1.0000  	[21.7, 21.7]	[hover, hover]	[486.0685, 489.0534]
61   	8542.39     	0.011   	1.0000  	[21.7, 21.7]	[hover, hover]	[427.4042, 429.2963]
62   	8295.66     	0.011   	1.0000  	[21.7, 21.7]	[hover, hover]	[377.9279, 378.4287]
63   	8148.30     	0.010   	1.0000  	[21.7, 21.7]	[left, left]	[343.5714, 335.0679]
64   	8016.37     	0.010   	1.0000  	[21.7, 21.7]	[left, left]	[339.7619, 329.1561]
65   	7888.52     	0.010   	1.0000  	[21.7, 21.7]	[left, left]	[371.4331, 369.8688]
66   	7782.08     	0.009   	1.0000  	[21.7, 21.7]	[left, left]	[405.4478, 400.5194]
67   	7642.75     	0.009   	1.0000  	[21.7, 21.7]	[left, left]	[469.2375, 466.6203]
68   	7494.71     	0.009   	1.0000  	[21.7, 21.7]	[left, left]	[542.7857, 551.5923]
69   	7298.03     	0.009   	1.0000  	[21.7, 21.7]	[left, left]	[641.0920, 646.7907]
70   	6974.42     	0.009   	1.0000  	[21.7, 21.7]	[left, left]	[773.1550, 780.9221]
71   	6496.49     	0.009   	1.0000  	[21.7, 21.7]	[front, back]	[735.6332, 753.9211]
72   	6150.32     	0.007   	1.0000  	[21.7, 21.7]	[front, back]	[675.1839, 683.9208]
73   	5813.06     	0.007   	1.0000  	[21.7, 21.7]	[front, back]	[591.6849, 592.5892]
74   	5575.19     	0.006   	1.0000  	[21.7, 21.7]	[front, back]	[530.9527, 534.5734]
75   	5348.51     	0.006   	1.0000  	[21.7, 21.7]	[front, back]	[551.2083, 557.0838]
76   	5188.14     	0.006   	1.0000  	[21.7, 21.7]	[front, back]	[601.6656, 604.3889]
77   	5039.20     	0.005   	1.0000  	[21.7, 21.7]	[front, back]	[678.3182, 682.2880]
78   	4892.64     	0.005   	1.0000  	[21.7, 21.7]	[front, back]	[812.6217, 806.5729]
79   	4771.00     	0.005   	1.0000  	[21.7, 21.7]	[hover, hover]	[712.1307, 708.7163]
80   	4647.34     	0.005   	1.0000  	[21.7, 21.7]	[hover, hover]	[622.1944, 615.2952]
81   	4524.35     	0.004   	1.0000  	[21.7, 21.7]	[hover, hover]	[549.1966, 544.1484]
82   	4443.46     	0.004   	1.0000  	[21.7, 21.7]	[hover, hover]	[484.0335, 477.6234]
83   	4338.44     	0.004   	1.0000  	[21.7, 21.7]	[hover, right]	[425.9320, 419.8559]
84   	4266.32     	0.004   	1.0000  	[21.7, 21.7]	[right, right]	[391.7830, 412.6362]
85   	4208.89     	0.004   	1.0000  	[21.7, 21.7]	[right, right]	[396.6434, 386.1973]
86   	4160.88     	0.004   	1.0000  	[21.7, 21.7]	[right, right]	[377.4892, 399.8755]
87   	4124.32     	0.004   	1.0000  	[21.7, 21.7]	[right, right]	[389.0259, 441.6686]
88   	4080.72     	0.004   	1.0000  	[21.7, 21.7]	[right, right]	[432.3982, 523.5233]
89   	4040.46     	0.003   	1.0000  	[21.7, 21.7]	[right, right]	[513.1614, 634.2850]
90   	3963.98     	0.003   	1.0000  	[21.7, 21.7]	[right, right]	[616.2857, 779.5615]
91   	3794.76     	0.003   	1.0000  	[21.7, 21.7]	[right, hover]	[764.8619, 680.5037]
92   	3627.01     	0.003   	1.0000  	[21.7, 21.7]	[hover, hover]	[673.9474, 599.4098]
93   	3530.12     	0.003   	1.0000  	[21.7, 21.7]	[hover, hover]	[590.6936, 524.8733]
94   	3376.62     	0.003   	1.0000  	[21.7, 21.7]	[hover, hover]	[520.0495, 460.9031]
95   	3319.64     	0.003   	1.0000  	[21.7, 21.7]	[hover, hover]	[460.3807, 407.7192]
96   	3219.66     	0.002   	1.0000  	[21.7, 21.7]	[hover, hover]	[405.1411, 361.4112]
97   	3136.11     	0.002   	1.0000  	[21.7, 21.7]	[hover, hover]	[357.0143, 320.7673]
98   	3062.78     	0.002   	1.0000  	[21.7, 21.7]	[hover, hover]	[313.4804, 280.2077]
99   	3019.29     	0.002   	1.0000  	[21.7, 21.7]	[hover, hover]	[275.6110, 249.4511]
[2025-12-11T11:30:56]
Strategy: greedy_ig
Pairwise: biased
News mode: BM
Num agents: 2
Iteration: 0
Error margin: None
Gaussian radius 5 
Grid info: range: 0-50-50, cell_size:0.125, map shape: (400, 400), center:True
init UAV positions: [(25.0, 25.0, 5.4), (-25.0, 25.0, 5.4)]
mcts_params: {}
Step	Entropy	MSE	Coverage	Heights	Actions	IGs
------------------------------------------------------------------------------------------------------------------------
0    	158805.66   	0.405   	0.0078  	[5.4, 5.4]	[up, up]	[762.1469, 759.8292]
1    	155592.99   	0.408   	0.0312  	[10.8, 10.8]	[up, up]	[912.7656, 896.6945]
2    	151046.79   	0.414   	0.0703  	[16.2, 16.2]	[up, up]	[887.1871, 895.2033]
3    	145702.13   	0.412   	0.1250  	[21.7, 21.7]	[left, right]	[886.3040, 885.0756]
4    	140599.87   	0.405   	0.1562  	[21.7, 21.7]	[back, back]	[928.7657, 908.3061]
5    	134587.78   	0.384   	0.1953  	[21.7, 21.7]	[back, back]	[955.1087, 934.2459]
6    	128564.42   	0.359   	0.2344  	[21.7, 21.7]	[left, right]	[1051.8427, 1046.6658]
7    	121917.83   	0.351   	0.2812  	[21.7, 21.7]	[back, right]	[1118.6422, 1122.2374]
8    	114847.81   	0.328   	0.3281  	[21.7, 21.7]	[left, back]	[1232.3232, 1244.5371]
9    	107066.33   	0.308   	0.3828  	[21.7, 21.7]	[back, right]	[1313.7792, 1324.6750]
10   	98819.29    	0.279   	0.4375  	[21.7, 21.7]	[left, back]	[1442.0230, 1440.1554]
11   	89630.37    	0.252   	0.5000  	[21.7, 21.7]	[back, back]	[1437.5365, 1470.1165]
12   	80550.38    	0.207   	0.5625  	[21.7, 21.7]	[back, back]	[1469.2476, 1517.7644]
13   	71205.37    	0.158   	0.6250  	[21.7, 21.7]	[back, back]	[1508.7180, 1539.9118]
14   	61480.54    	0.113   	0.6875  	[21.7, 21.7]	[back, back]	[1510.9816, 1549.0919]
15   	51779.98    	0.077   	0.7500  	[21.7, 21.7]	[back, back]	[1524.9600, 1559.3306]
16   	41933.54    	0.047   	0.8125  	[21.7, 21.7]	[back, back]	[1532.8162, 1550.2575]
17   	32057.53    	0.032   	0.8750  	[21.7, 21.7]	[back, back]	[1548.7172, 1536.8538]
18   	22360.86    	0.029   	0.9375  	[21.7, 21.7]	[back, back]	[1561.6691, 1545.6440]
19   	12382.13    	0.029   	1.0000  	[21.7, 21.7]	[left, right]	[1315.6673, 1296.6968]
20   	8280.01     	0.012   	1.0000  	[21.7, 21.7]	[left, right]	[1231.3161, 1244.8003]
21   	6251.91     	0.008   	1.0000  	[21.7, 21.7]	[left, right]	[1247.3481, 1257.1244]
22   	5701.22     	0.007   	1.0000  	[21.7, 21.7]	[left, right]	[1267.4508, 1269.4209]
23   	5521.96     	0.007   	1.0000  	[21.7, 21.7]	[left, right]	[1409.2307, 1422.0165]
24   	5494.07     	0.007   	1.0000  	[21.7, 21.7]	[left, right]	[1528.7789, 1525.9285]
25   	5432.91     	0.007   	1.0000  	[21.7, 21.7]	[left, right]	[1533.7328, 1541.0893]
26   	5165.34     	0.007   	1.0000  	[21.7, 21.7]	[left, right]	[1547.5155, 1544.5198]
27   	4345.05     	0.005   	1.0000  	[21.7, 21.7]	[front, front]	[1453.5452, 1443.7220]
28   	4221.33     	0.004   	1.0000  	[21.7, 21.7]	[front, front]	[1476.6586, 1453.0588]
29   	4171.82     	0.004   	1.0000  	[21.7, 21.7]	[front, front]	[1509.1450, 1509.9529]
30   	4169.76     	0.004   	1.0000  	[21.7, 21.7]	[front, front]	[1538.0858, 1535.8943]
31   	4170.03     	0.004   	1.0000  	[21.7, 21.7]	[front, front]	[1541.7689, 1539.3818]
32   	4179.54     	0.004   	1.0000  	[21.7, 21.7]	[front, front]	[1550.5331, 1539.4574]
33   	4157.08     	0.004   	1.0000  	[21.7, 21.7]	[front, front]	[1545.3022, 1543.1751]
34   	4031.47     	0.004   	1.0000  	[21.7, 21.7]	[front, front]	[1533.2616, 1566.4191]
35   	3613.65     	0.003   	1.0000  	[21.7, 21.7]	[hover, hover]	[793.5315, 812.9368]
36   	3317.06     	0.002   	1.0000  	[21.7, 21.7]	[right, left]	[354.8508, 313.9713]
37   	3092.82     	0.002   	1.0000  	[21.7, 21.7]	[left, right]	[143.4657, 130.6426]
38   	3050.03     	0.002   	1.0000  	[21.7, 21.7]	[right, left]	[80.3052, 60.4117]
39   	3040.15     	0.002   	1.0000  	[21.7, 21.7]	[right, right]	[56.4697, 44.7810]
40   	3027.16     	0.002   	1.0000  	[21.7, 21.7]	[right, hover]	[39.3293, 34.1801]
41   	3023.58     	0.002   	1.0000  	[21.7, 21.7]	[left, left]	[33.2339, 31.6708]
42   	3019.70     	0.002   	1.0000  	[21.7, 21.7]	[back, left]	[31.2405, 32.9207]
43   	3010.70     	0.002   	1.0000  	[21.7, 21.7]	[back, left]	[31.6227, 31.7600]
44   	3009.28     	0.002   	1.0000  	[21.7, 21.7]	[back, hover]	[31.5120, 29.9280]
45   	3007.34     	0.002   	1.0000  	[21.7, 21.7]	[left, left]	[31.8635, 28.7698]
46   	3004.16     	0.002   	1.0000  	[21.7, 21.7]	[left, left]	[32.2171, 29.5629]
47   	2999.66     	0.002   	1.0000  	[21.7, 21.7]	[back, left]	[33.4562, 29.1289]
48   	2994.39     	0.002   	1.0000  	[21.7, 21.7]	[back, left]	[35.8134, 29.6669]
49   	2993.88     	0.002   	1.0000  	[21.7, 21.7]	[back, back]	[42.8249, 28.8877]
50   	2982.06     	0.002   	1.0000  	[21.7, 21.7]	[back, back]	[70.3981, 29.3928]
51   	2935.86     	0.002   	1.0000  	[21.7, 21.7]	[back, back]	[135.6976, 31.6242]
52   	2696.63     	0.002   	1.0000  	[21.7, 21.7]	[hover, left]	[65.4334, 32.2103]
53   	2598.76     	0.002   	1.0000  	[21.7, 21.7]	[hover, back]	[39.2444, 33.5993]
54   	2564.70     	0.001   	1.0000  	[21.7, 21.7]	[hover, back]	[32.0131, 34.9748]
55   	2548.05     	0.001   	1.0000  	[21.7, 21.7]	[hover, back]	[29.7572, 41.5971]
56   	2541.57     	0.001   	1.0000  	[21.7, 21.7]	[hover, back]	[28.7172, 62.2442]
57   	2538.91     	0.001   	1.0000  	[21.7, 21.7]	[hover, up]	[28.2074, 70.7702]
58   	2533.06     	0.001   	1.0000  	[21.7, 27.1]	[hover, right]	[28.4835, 44.7503]
59   	2535.26     	0.001   	1.0000  	[21.7, 27.1]	[hover, hover]	[27.8316, 32.5333]
60   	2534.90     	0.001   	1.0000  	[21.7, 27.1]	[hover, down]	[27.6913, 29.4368]
61   	2532.61     	0.001   	1.0000  	[21.7, 21.7]	[hover, back]	[27.2586, 29.7338]
62   	2531.94     	0.001   	1.0000  	[21.7, 21.7]	[hover, hover]	[27.1154, 28.4456]
63   	2534.20     	0.001   	1.0000  	[21.7, 21.7]	[front, front]	[26.5212, 27.5522]
64   	2534.58     	0.001   	1.0000  	[21.7, 21.7]	[front, front]	[27.4369, 27.5337]
65   	2531.85     	0.001   	1.0000  	[21.7, 21.7]	[front, hover]	[27.5471, 27.7106]
66   	2531.62     	0.001   	1.0000  	[21.7, 21.7]	[front, left]	[28.2214, 27.9200]
67   	2532.76     	0.001   	1.0000  	[21.7, 21.7]	[hover, front]	[27.8517, 27.6257]
68   	2528.04     	0.001   	1.0000  	[21.7, 21.7]	[hover, hover]	[27.7686, 27.2944]
69   	2530.00     	0.001   	1.0000  	[21.7, 21.7]	[hover, hover]	[27.4729, 26.9611]
70   	2529.01     	0.001   	1.0000  	[21.7, 21.7]	[right, back]	[27.1117, 26.6964]
71   	2529.82     	0.001   	1.0000  	[21.7, 21.7]	[left, back]	[26.7821, 26.4096]
72   	2528.03     	0.001   	1.0000  	[21.7, 21.7]	[hover, back]	[26.9476, 30.1513]
73   	2528.90     	0.001   	1.0000  	[21.7, 21.7]	[hover, hover]	[26.6998, 27.2820]
74   	2526.07     	0.001   	1.0000  	[21.7, 21.7]	[hover, hover]	[26.9594, 26.5692]
75   	2528.49     	0.001   	1.0000  	[21.7, 21.7]	[hover, hover]	[26.8620, 26.0967]
76   	2526.63     	0.001   	1.0000  	[21.7, 21.7]	[back, hover]	[26.8730, 26.0219]
77   	2523.96     	0.001   	1.0000  	[21.7, 21.7]	[front, hover]	[26.5980, 25.8423]
78   	2524.35     	0.001   	1.0000  	[21.7, 21.7]	[back, hover]	[26.6280, 25.7470]
79   	2524.68     	0.001   	1.0000  	[21.7, 21.7]	[hover, hover]	[26.3341, 25.6850]
80   	2524.39     	0.001   	1.0000  	[21.7, 21.7]	[front, front]	[26.1476, 25.5880]
81   	2521.08     	0.001   	1.0000  	[21.7, 21.7]	[hover, front]	[26.2868, 26.1431]
82   	2521.44     	0.001   	1.0000  	[21.7, 21.7]	[front, front]	[25.9937, 25.9783]
83   	2520.97     	0.001   	1.0000  	[21.7, 21.7]	[front, front]	[27.4790, 25.9438]
84   	2522.82     	0.001   	1.0000  	[21.7, 21.7]	[front, hover]	[28.2967, 25.7177]
85   	2520.38     	0.001   	1.0000  	[21.7, 21.7]	[front, hover]	[34.2228, 25.6196]
86   	2518.74     	0.001   	1.0000  	[21.7, 21.7]	[hover, hover]	[28.2674, 25.7103]
87   	2516.86     	0.001   	1.0000  	[21.7, 21.7]	[right, hover]	[26.0540, 25.6012]
88   	2516.66     	0.001   	1.0000  	[21.7, 21.7]	[right, hover]	[27.3519, 25.6732]
89   	2515.27     	0.001   	1.0000  	[21.7, 21.7]	[right, hover]	[28.1162, 25.7026]
90   	2512.72     	0.001   	1.0000  	[21.7, 21.7]	[right, hover]	[27.1292, 25.6651]
91   	2514.90     	0.001   	1.0000  	[21.7, 21.7]	[right, hover]	[27.2521, 25.8755]
92   	2511.50     	0.001   	1.0000  	[21.7, 21.7]	[right, hover]	[27.0540, 25.9371]
93   	2508.78     	0.001   	1.0000  	[21.7, 21.7]	[right, hover]	[27.4347, 25.8936]
94   	2506.60     	0.001   	1.0000  	[21.7, 21.7]	[right, hover]	[27.0140, 25.5656]
95   	2506.98     	0.001   	1.0000  	[21.7, 21.7]	[back, hover]	[26.8845, 25.3478]
96   	2504.80     	0.001   	1.0000  	[21.7, 21.7]	[back, hover]	[26.9455, 25.2811]
97   	2500.53     	0.001   	1.0000  	[21.7, 21.7]	[back, hover]	[27.1877, 25.2586]
98   	2500.70     	0.001   	1.0000  	[21.7, 21.7]	[hover, hover]	[26.4860, 25.3735]
99   	2499.68     	0.001   	1.0000  	[21.7, 21.7]	[hover, hover]	[26.1293, 25.2384]
[2025-12-11T11:31:02]
Strategy: greedy_ig
Pairwise: biased
News mode: BM
Num agents: 2
Iteration: 1
Error margin: None
Gaussian radius 5 
Grid info: range: 0-50-50, cell_size:0.125, map shape: (400, 400), center:True
init UAV positions: [(25.0, -25.0, 5.4), (-25.0, 25.0, 5.4)]
mcts_params: {}
Step	Entropy	MSE	Coverage	Heights	Actions	IGs
------------------------------------------------------------------------------------------------------------------------
0    	158805.66   	0.405   	0.0078  	[5.4, 5.4]	[up, up]	[762.1469, 759.8292]
1    	155595.48   	0.408   	0.0312  	[10.8, 10.8]	[up, up]	[911.6763, 896.6945]
2    	151063.76   	0.404   	0.0703  	[16.2, 16.2]	[up, up]	[888.8833, 895.2033]
3    	145728.65   	0.392   	0.1250  	[21.7, 21.7]	[left, right]	[890.5463, 885.0756]
4    	140612.79   	0.381   	0.1562  	[21.7, 21.7]	[front, back]	[929.4916, 908.3061]
5    	134563.51   	0.360   	0.1953  	[21.7, 21.7]	[front, back]	[952.0081, 934.2459]
6    	128626.50   	0.336   	0.2344  	[21.7, 21.7]	[left, right]	[1061.1545, 1046.6658]
7    	121968.03   	0.326   	0.2812  	[21.7, 21.7]	[front, right]	[1129.8733, 1122.2374]
8    	114924.25   	0.303   	0.3281  	[21.7, 21.7]	[left, back]	[1243.8767, 1244.5371]
9    	107104.62   	0.282   	0.3828  	[21.7, 21.7]	[left, right]	[1319.4662, 1324.6750]
10   	98748.46    	0.266   	0.4375  	[21.7, 21.7]	[front, back]	[1435.9603, 1440.1554]
11   	89580.29    	0.223   	0.5000  	[21.7, 21.7]	[front, back]	[1464.0214, 1470.1165]
12   	80485.80    	0.177   	0.5625  	[21.7, 21.7]	[front, back]	[1508.2537, 1517.7644]
13   	70913.06    	0.128   	0.6250  	[21.7, 21.7]	[front, back]	[1521.4139, 1539.9118]
14   	61233.43    	0.083   	0.6875  	[21.7, 21.7]	[front, back]	[1533.4705, 1549.0919]
15   	51471.74    	0.049   	0.7500  	[21.7, 21.7]	[front, back]	[1536.0903, 1559.3306]
16   	41577.27    	0.028   	0.8125  	[21.7, 21.7]	[front, back]	[1541.4109, 1550.2575]
17   	31707.44    	0.028   	0.8750  	[21.7, 21.7]	[front, back]	[1554.0828, 1536.8538]
18   	21865.16    	0.028   	0.9375  	[21.7, 21.7]	[front, back]	[1545.4174, 1545.6440]
19   	11883.77    	0.028   	1.0000  	[21.7, 21.7]	[left, right]	[1447.2647, 1439.5892]
20   	7954.97     	0.012   	1.0000  	[21.7, 21.7]	[left, right]	[1473.1159, 1476.0167]
21   	5597.74     	0.007   	1.0000  	[21.7, 21.7]	[left, right]	[1506.8390, 1522.1293]
22   	4853.55     	0.006   	1.0000  	[21.7, 21.7]	[left, right]	[1528.9028, 1539.1167]
23   	4606.76     	0.005   	1.0000  	[21.7, 21.7]	[left, right]	[1531.0508, 1544.5853]
24   	4510.84     	0.005   	1.0000  	[21.7, 21.7]	[left, right]	[1532.6226, 1536.3947]
25   	4456.22     	0.005   	1.0000  	[21.7, 21.7]	[left, right]	[1528.5310, 1541.5954]
26   	4409.14     	0.005   	1.0000  	[21.7, 21.7]	[left, right]	[1543.8388, 1544.6763]
27   	4368.59     	0.005   	1.0000  	[21.7, 21.7]	[back, front]	[1451.6401, 1443.7220]
28   	4377.06     	0.005   	1.0000  	[21.7, 21.7]	[back, front]	[1477.2394, 1453.0588]
29   	4372.18     	0.005   	1.0000  	[21.7, 21.7]	[back, front]	[1522.8393, 1509.9529]
30   	4369.40     	0.005   	1.0000  	[21.7, 21.7]	[back, front]	[1535.5291, 1535.8943]
31   	4359.82     	0.005   	1.0000  	[21.7, 21.7]	[back, front]	[1543.0449, 1539.3818]
32   	4329.79     	0.004   	1.0000  	[21.7, 21.7]	[back, front]	[1551.0737, 1539.4574]
33   	4266.02     	0.004   	1.0000  	[21.7, 21.7]	[back, front]	[1537.8654, 1543.1751]
34   	4023.91     	0.004   	1.0000  	[21.7, 21.7]	[back, front]	[1526.8096, 1566.4191]
35   	3145.72     	0.003   	1.0000  	[21.7, 21.7]	[hover, hover]	[785.5883, 812.9368]
36   	2577.21     	0.001   	1.0000  	[21.7, 21.7]	[hover, left]	[300.7819, 318.1319]
37   	2378.60     	0.001   	1.0000  	[21.7, 21.7]	[right, right]	[130.5621, 132.4917]
38   	2208.63     	0.001   	1.0000  	[21.7, 21.7]	[right, left]	[70.6400, 60.9332]
39   	2193.61     	0.001   	1.0000  	[21.7, 21.7]	[right, right]	[45.6641, 45.0132]
40   	2155.09     	0.001   	1.0000  	[21.7, 21.7]	[hover, hover]	[35.6385, 34.4148]
41   	2141.65     	0.001   	1.0000  	[21.7, 21.7]	[left, left]	[31.8446, 32.1752]
42   	2135.83     	0.001   	1.0000  	[21.7, 21.7]	[left, left]	[31.8249, 33.5359]
43   	2129.28     	0.001   	1.0000  	[21.7, 21.7]	[left, left]	[41.3787, 31.7828]
44   	2092.61     	0.001   	1.0000  	[21.7, 21.7]	[front, hover]	[33.0932, 29.6099]
45   	2092.99     	0.001   	1.0000  	[21.7, 21.7]	[front, left]	[31.4116, 28.8975]
46   	2087.17     	0.001   	1.0000  	[21.7, 21.7]	[front, left]	[32.6492, 29.4766]
47   	2077.52     	0.001   	1.0000  	[21.7, 21.7]	[front, left]	[35.8998, 28.8880]
48   	2075.58     	0.001   	1.0000  	[21.7, 21.7]	[front, left]	[35.6794, 29.6669]
49   	2072.26     	0.001   	1.0000  	[21.7, 21.7]	[front, back]	[43.3844, 29.0042]
50   	2071.86     	0.001   	1.0000  	[21.7, 21.7]	[front, back]	[69.1150, 29.8882]
51   	2067.48     	0.001   	1.0000  	[21.7, 21.7]	[front, back]	[138.6226, 31.7684]
52   	2063.27     	0.001   	1.0000  	[21.7, 21.7]	[hover, left]	[70.1771, 32.3751]
53   	2056.66     	0.001   	1.0000  	[21.7, 21.7]	[hover, back]	[40.2775, 33.2544]
54   	2053.11     	0.001   	1.0000  	[21.7, 21.7]	[hover, back]	[32.1865, 36.0751]
55   	2048.13     	0.001   	1.0000  	[21.7, 21.7]	[hover, back]	[29.5425, 42.7784]
56   	2044.26     	0.001   	1.0000  	[21.7, 21.7]	[hover, back]	[28.6675, 68.6487]
57   	2041.22     	0.001   	1.0000  	[21.7, 21.7]	[right, back]	[27.9893, 137.4647]
58   	2032.93     	0.001   	1.0000  	[21.7, 21.7]	[right, hover]	[27.9375, 69.8219]
59   	2026.77     	0.001   	1.0000  	[21.7, 21.7]	[right, hover]	[27.9419, 40.5263]
60   	2022.94     	0.001   	1.0000  	[21.7, 21.7]	[right, hover]	[28.5712, 31.9296]
61   	2022.89     	0.001   	1.0000  	[21.7, 21.7]	[right, hover]	[29.2490, 29.1597]
62   	2023.98     	0.001   	1.0000  	[21.7, 21.7]	[right, hover]	[39.0036, 28.5565]
63   	2020.03     	0.001   	1.0000  	[21.7, 21.7]	[right, hover]	[63.8003, 28.1720]
64   	2014.68     	0.001   	1.0000  	[21.7, 21.7]	[right, hover]	[134.2370, 27.5938]
65   	2010.75     	0.001   	1.0000  	[21.7, 21.7]	[hover, hover]	[65.4408, 27.3370]
66   	2010.10     	0.001   	1.0000  	[21.7, 21.7]	[hover, front]	[38.3782, 26.7997]
67   	2008.78     	0.001   	1.0000  	[21.7, 21.7]	[hover, front]	[31.0225, 27.5441]
68   	2005.36     	0.001   	1.0000  	[21.7, 21.7]	[hover, right]	[28.9825, 27.6915]
69   	2006.63     	0.001   	1.0000  	[21.7, 21.7]	[hover, front]	[27.6017, 27.6525]
70   	2004.64     	0.001   	1.0000  	[21.7, 21.7]	[hover, hover]	[27.1048, 27.7594]
71   	2001.32     	0.001   	1.0000  	[21.7, 21.7]	[back, hover]	[26.7917, 27.5939]
72   	2003.81     	0.001   	1.0000  	[21.7, 21.7]	[left, hover]	[26.5484, 27.4779]
73   	2001.83     	0.001   	1.0000  	[21.7, 21.7]	[right, hover]	[26.0532, 27.5075]
74   	2001.34     	0.001   	1.0000  	[21.7, 21.7]	[front, hover]	[26.0661, 27.3155]
75   	2002.03     	0.001   	1.0000  	[21.7, 21.7]	[back, left]	[25.7661, 26.7284]
76   	1998.24     	0.001   	1.0000  	[21.7, 21.7]	[front, front]	[25.9073, 27.0432]
77   	1996.21     	0.001   	1.0000  	[21.7, 21.7]	[back, hover]	[25.9987, 27.0103]
78   	1995.20     	0.001   	1.0000  	[21.7, 21.7]	[back, hover]	[26.0313, 26.6726]
79   	1994.30     	0.001   	1.0000  	[21.7, 21.7]	[back, hover]	[26.2138, 26.3960]
80   	1992.41     	0.001   	1.0000  	[21.7, 21.7]	[hover, hover]	[26.4715, 25.9869]
81   	1995.08     	0.001   	1.0000  	[21.7, 21.7]	[hover, hover]	[26.4349, 25.8853]
82   	1994.45     	0.001   	1.0000  	[21.7, 21.7]	[hover, hover]	[26.2782, 25.8724]
83   	1992.49     	0.001   	1.0000  	[21.7, 21.7]	[hover, hover]	[26.3229, 25.9590]
84   	1993.62     	0.001   	1.0000  	[21.7, 21.7]	[left, hover]	[26.3757, 25.7133]
85   	1992.02     	0.001   	1.0000  	[21.7, 21.7]	[right, hover]	[26.2552, 25.6509]
86   	1992.89     	0.001   	1.0000  	[21.7, 21.7]	[left, hover]	[26.1006, 25.7378]
87   	1992.02     	0.001   	1.0000  	[21.7, 21.7]	[hover, hover]	[26.0298, 25.5168]
88   	1991.77     	0.001   	1.0000  	[21.7, 21.7]	[hover, hover]	[25.9390, 25.4390]
89   	1993.03     	0.001   	1.0000  	[21.7, 21.7]	[hover, hover]	[26.0644, 25.2457]
90   	1990.21     	0.001   	1.0000  	[21.7, 21.7]	[hover, hover]	[25.9995, 25.1657]
91   	1989.13     	0.001   	1.0000  	[21.7, 21.7]	[back, hover]	[25.6445, 25.0939]
92   	1991.19     	0.001   	1.0000  	[21.7, 21.7]	[back, hover]	[27.3057, 25.1602]
93   	1990.96     	0.001   	1.0000  	[21.7, 21.7]	[back, front]	[28.2137, 25.1083]
94   	1986.30     	0.001   	1.0000  	[21.7, 21.7]	[back, hover]	[29.9734, 25.0329]
95   	1982.67     	0.001   	1.0000  	[21.7, 21.7]	[back, hover]	[29.9544, 25.1244]
96   	1978.89     	0.001   	1.0000  	[21.7, 21.7]	[hover, hover]	[28.9949, 25.0625]
97   	1976.66     	0.001   	1.0000  	[21.7, 21.7]	[hover, hover]	[27.9190, 24.9436]
98   	1974.64     	0.001   	1.0000  	[21.7, 21.7]	[hover, back]	[27.8768, 24.9582]
99   	1973.86     	0.001   	1.0000  	[21.7, 21.7]	[hover, back]	[28.1671, 24.8806]
[2025-12-11T11:31:08]
Strategy: greedy_ig
Pairwise: biased
News mode: BM
Num agents: 2
Iteration: 2
Error margin: None
Gaussian radius 5 
Grid info: range: 0-50-50, cell_size:0.125, map shape: (400, 400), center:True
init UAV positions: [(25.0, -25.0, 5.4), (-25.0, -25.0, 5.4)]
mcts_params: {}
Step	Entropy	MSE	Coverage	Heights	Actions	IGs
------------------------------------------------------------------------------------------------------------------------
0    	158805.66   	0.405   	0.0078  	[5.4, 5.4]	[up, up]	[762.1469, 759.8292]
1    	155600.17   	0.408   	0.0312  	[10.8, 10.8]	[up, up]	[911.6763, 898.9347]
2    	151031.64   	0.404   	0.0703  	[16.2, 16.2]	[up, up]	[888.8833, 884.3327]
3    	145674.93   	0.392   	0.1250  	[21.7, 21.7]	[left, right]	[890.5463, 873.5710]
4    	140584.36   	0.381   	0.1562  	[21.7, 21.7]	[front, front]	[929.4916, 905.2356]
5    	134504.31   	0.360   	0.1953  	[21.7, 21.7]	[front, right]	[952.0081, 925.9794]
6    	128607.69   	0.341   	0.2344  	[21.7, 21.7]	[left, front]	[1061.1545, 1042.0001]
7    	121928.96   	0.321   	0.2812  	[21.7, 21.7]	[front, right]	[1129.8733, 1116.3215]
8    	114922.21   	0.298   	0.3281  	[21.7, 21.7]	[left, front]	[1243.8767, 1247.9647]
9    	107114.56   	0.271   	0.3828  	[21.7, 21.7]	[left, front]	[1319.4662, 1327.5151]
10   	98800.96    	0.243   	0.4375  	[21.7, 21.7]	[front, right]	[1435.9603, 1449.3382]
11   	89609.63    	0.202   	0.5000  	[21.7, 21.7]	[front, front]	[1464.0214, 1442.6647]
12   	80587.97    	0.157   	0.5625  	[21.7, 21.7]	[front, front]	[1508.2537, 1476.4858]
13   	71130.97    	0.118   	0.6250  	[21.7, 21.7]	[front, front]	[1521.4139, 1518.5744]
14   	61566.55    	0.081   	0.6875  	[21.7, 21.7]	[front, front]	[1533.4705, 1537.3097]
15   	51758.62    	0.049   	0.7500  	[21.7, 21.7]	[front, front]	[1536.0903, 1547.9919]
16   	41994.58    	0.029   	0.8125  	[21.7, 21.7]	[front, front]	[1541.4109, 1553.0235]
17   	32138.54    	0.029   	0.8750  	[21.7, 21.7]	[front, front]	[1554.0828, 1537.3722]
18   	22188.18    	0.029   	0.9375  	[21.7, 21.7]	[front, front]	[1545.4174, 1530.5953]
19   	12290.14    	0.029   	1.0000  	[21.7, 21.7]	[left, right]	[1304.3723, 1293.7596]
20   	8249.53     	0.012   	1.0000  	[21.7, 21.7]	[left, right]	[1239.9637, 1237.5632]
21   	6184.01     	0.008   	1.0000  	[21.7, 21.7]	[left, right]	[1246.2575, 1256.0803]
22   	5608.01     	0.007   	1.0000  	[21.7, 21.7]	[left, right]	[1262.0293, 1265.7874]
23   	5452.94     	0.007   	1.0000  	[21.7, 21.7]	[left, right]	[1405.6145, 1419.6923]
24   	5430.25     	0.007   	1.0000  	[21.7, 21.7]	[left, right]	[1524.5627, 1525.1033]
25   	5373.29     	0.007   	1.0000  	[21.7, 21.7]	[left, right]	[1527.6928, 1538.8661]
26   	5152.65     	0.006   	1.0000  	[21.7, 21.7]	[left, right]	[1543.7029, 1541.9062]
27   	4274.63     	0.005   	1.0000  	[21.7, 21.7]	[back, back]	[1451.6401, 1448.6814]
28   	4201.35     	0.004   	1.0000  	[21.7, 21.7]	[back, back]	[1477.2394, 1475.0699]
29   	4152.66     	0.004   	1.0000  	[21.7, 21.7]	[back, back]	[1522.8393, 1512.3087]
30   	4137.17     	0.004   	1.0000  	[21.7, 21.7]	[back, back]	[1535.5291, 1522.8041]
31   	4132.48     	0.004   	1.0000  	[21.7, 21.7]	[back, back]	[1543.0449, 1527.0624]
32   	4122.54     	0.004   	1.0000  	[21.7, 21.7]	[back, back]	[1551.0737, 1523.8700]
33   	4079.64     	0.004   	1.0000  	[21.7, 21.7]	[back, back]	[1537.8654, 1525.5410]
34   	3956.93     	0.004   	1.0000  	[21.7, 21.7]	[back, back]	[1526.8096, 1528.3247]
35   	3554.89     	0.003   	1.0000  	[21.7, 21.7]	[hover, hover]	[785.5883, 807.4458]
36   	3255.56     	0.002   	1.0000  	[21.7, 21.7]	[hover, left]	[300.7819, 363.6447]
37   	3052.39     	0.002   	1.0000  	[21.7, 21.7]	[right, right]	[124.8988, 146.2045]
38   	3011.53     	0.002   	1.0000  	[21.7, 21.7]	[right, left]	[67.7798, 82.6078]
39   	2991.45     	0.002   	1.0000  	[21.7, 21.7]	[right, right]	[44.1445, 51.0145]
40   	2971.94     	0.002   	1.0000  	[21.7, 21.7]	[left, left]	[35.3512, 43.3521]
41   	2971.26     	0.002   	1.0000  	[21.7, 21.7]	[left, left]	[33.8420, 36.7679]
42   	2971.34     	0.002   	1.0000  	[21.7, 21.7]	[left, right]	[42.2054, 32.4723]
43   	2968.90     	0.002   	1.0000  	[21.7, 21.7]	[front, right]	[33.2597, 34.5089]
44   	2965.47     	0.002   	1.0000  	[21.7, 21.7]	[back, hover]	[31.9295, 31.0103]
45   	2964.48     	0.002   	1.0000  	[21.7, 21.7]	[front, hover]	[30.3124, 29.0615]
46   	2956.33     	0.002   	1.0000  	[21.7, 21.7]	[front, left]	[30.2683, 28.6993]
47   	2959.08     	0.002   	1.0000  	[21.7, 21.7]	[front, left]	[32.9961, 29.0947]
48   	2957.14     	0.002   	1.0000  	[21.7, 21.7]	[front, left]	[35.4603, 28.8478]
49   	2950.82     	0.002   	1.0000  	[21.7, 21.7]	[front, left]	[34.8169, 28.8423]
50   	2944.14     	0.002   	1.0000  	[21.7, 21.7]	[front, left]	[42.7935, 30.2459]
51   	2940.09     	0.002   	1.0000  	[21.7, 21.7]	[front, left]	[71.1308, 30.1458]
52   	2902.02     	0.002   	1.0000  	[21.7, 21.7]	[front, left]	[138.5351, 29.9920]
53   	2635.63     	0.001   	1.0000  	[21.7, 21.7]	[hover, left]	[67.8418, 30.3873]
54   	2537.27     	0.001   	1.0000  	[21.7, 21.7]	[hover, front]	[39.3280, 29.8235]
55   	2507.83     	0.001   	1.0000  	[21.7, 21.7]	[hover, front]	[31.7730, 31.2350]
56   	2495.32     	0.001   	1.0000  	[21.7, 21.7]	[right, front]	[28.6189, 31.6150]
57   	2487.00     	0.001   	1.0000  	[21.7, 21.7]	[left, front]	[27.9992, 33.7757]
58   	2485.83     	0.001   	1.0000  	[21.7, 21.7]	[right, front]	[27.1624, 33.2570]
59   	2483.65     	0.001   	1.0000  	[21.7, 21.7]	[back, front]	[26.7279, 39.3363]
60   	2481.37     	0.001   	1.0000  	[21.7, 21.7]	[back, front]	[27.0039, 66.6491]
61   	2480.68     	0.001   	1.0000  	[21.7, 21.7]	[back, front]	[27.2548, 132.7786]
62   	2473.25     	0.001   	1.0000  	[21.7, 21.7]	[hover, hover]	[27.2730, 68.4172]
63   	2468.62     	0.001   	1.0000  	[21.7, 21.7]	[hover, hover]	[27.0201, 39.8794]
64   	2468.18     	0.001   	1.0000  	[21.7, 21.7]	[right, hover]	[26.6344, 29.7789]
65   	2466.95     	0.001   	1.0000  	[21.7, 21.7]	[right, right]	[26.8465, 27.9376]
66   	2467.37     	0.001   	1.0000  	[21.7, 21.7]	[right, back]	[26.1660, 27.3271]
67   	2464.24     	0.001   	1.0000  	[21.7, 21.7]	[right, back]	[26.4795, 27.4944]
68   	2464.59     	0.001   	1.0000  	[21.7, 21.7]	[right, back]	[26.4083, 28.1513]
69   	2462.15     	0.001   	1.0000  	[21.7, 21.7]	[right, back]	[29.9424, 28.4866]
70   	2457.99     	0.001   	1.0000  	[21.7, 21.7]	[right, left]	[34.3349, 28.1211]
71   	2458.29     	0.001   	1.0000  	[21.7, 21.7]	[front, hover]	[37.4067, 27.5929]
72   	2444.37     	0.001   	1.0000  	[21.7, 21.7]	[front, back]	[59.7171, 27.6467]
73   	2390.65     	0.001   	1.0000  	[21.7, 21.7]	[front, front]	[134.0918, 27.6125]
74   	2155.19     	0.001   	1.0000  	[21.7, 21.7]	[hover, back]	[66.3879, 27.1272]
75   	2064.48     	0.001   	1.0000  	[21.7, 21.7]	[hover, hover]	[39.7918, 27.3137]
76   	2033.84     	0.001   	1.0000  	[21.7, 21.7]	[hover, hover]	[31.1793, 27.0593]
77   	2015.95     	0.001   	1.0000  	[21.7, 21.7]	[hover, hover]	[28.2247, 26.9414]
78   	2008.97     	0.001   	1.0000  	[21.7, 21.7]	[hover, front]	[27.5300, 26.5358]
79   	2003.05     	0.001   	1.0000  	[21.7, 21.7]	[hover, hover]	[26.7165, 26.4111]
80   	2005.74     	0.001   	1.0000  	[21.7, 21.7]	[hover, right]	[26.3466, 26.1981]
81   	2001.70     	0.000   	1.0000  	[21.7, 21.7]	[hover, left]	[26.1787, 26.0843]
82   	2003.04     	0.000   	1.0000  	[21.7, 21.7]	[hover, hover]	[26.3420, 26.0331]
83   	1999.26     	0.000   	1.0000  	[21.7, 21.7]	[hover, back]	[26.2129, 26.1006]
84   	1999.27     	0.000   	1.0000  	[21.7, 21.7]	[back, hover]	[25.9489, 26.0366]
85   	2000.90     	0.000   	1.0000  	[21.7, 21.7]	[back, hover]	[25.9926, 25.9115]
86   	1998.47     	0.000   	1.0000  	[21.7, 21.7]	[left, hover]	[25.7344, 25.8535]
87   	1997.87     	0.000   	1.0000  	[21.7, 21.7]	[back, hover]	[25.7417, 25.9338]
88   	1998.80     	0.000   	1.0000  	[21.7, 21.7]	[hover, front]	[25.5876, 25.8588]
89   	1996.99     	0.000   	1.0000  	[21.7, 21.7]	[hover, right]	[25.3034, 25.8603]
90   	1996.75     	0.000   	1.0000  	[21.7, 21.7]	[back, left]	[25.3599, 25.8925]
91   	1995.97     	0.000   	1.0000  	[21.7, 21.7]	[back, hover]	[26.8417, 25.5902]
92   	1996.24     	0.000   	1.0000  	[21.7, 21.7]	[back, hover]	[27.7113, 25.8267]
93   	1992.59     	0.000   	1.0000  	[21.7, 21.7]	[back, hover]	[29.4172, 25.7928]
94   	1988.63     	0.000   	1.0000  	[21.7, 21.7]	[back, hover]	[30.0387, 25.8117]
95   	1984.28     	0.000   	1.0000  	[21.7, 21.7]	[right, hover]	[28.5413, 25.5647]
96   	1984.44     	0.000   	1.0000  	[21.7, 21.7]	[hover, hover]	[27.8639, 25.6496]
97   	1981.27     	0.000   	1.0000  	[21.7, 21.7]	[hover, back]	[27.5733, 25.5699]
98   	1978.79     	0.000   	1.0000  	[21.7, 21.7]	[hover, hover]	[27.3208, 25.4762]
99   	1977.86     	0.000   	1.0000  	[21.7, 21.7]	[hover, hover]	[26.8034, 25.3647]
[2025-12-11T11:31:14]
Strategy: greedy_ig
Pairwise: biased
News mode: BM
Num agents: 2
Iteration: 3
Error margin: None
Gaussian radius 5 
Grid info: range: 0-50-50, cell_size:0.125, map shape: (400, 400), center:True
init UAV positions: [(-25.0, 25.0, 5.4), (25.0, 25.0, 5.4)]
mcts_params: {}
Step	Entropy	MSE	Coverage	Heights	Actions	IGs
------------------------------------------------------------------------------------------------------------------------
0    	158805.66   	0.405   	0.0078  	[5.4, 5.4]	[up, up]	[762.1469, 759.8292]
1    	155574.86   	0.408   	0.0312  	[10.8, 10.8]	[up, up]	[903.5517, 896.1341]
2    	150998.93   	0.413   	0.0703  	[16.2, 16.2]	[up, up]	[885.6158, 886.2037]
3    	145653.35   	0.411   	0.1250  	[21.7, 21.7]	[right, left]	[883.8615, 878.3418]
4    	140539.88   	0.405   	0.1562  	[21.7, 21.7]	[back, back]	[913.8929, 917.2261]
5    	134533.81   	0.384   	0.1953  	[21.7, 21.7]	[back, left]	[938.5925, 945.3976]
6    	128563.04   	0.371   	0.2344  	[21.7, 21.7]	[right, back]	[1050.2971, 1048.0822]
7    	121849.97   	0.350   	0.2812  	[21.7, 21.7]	[back, back]	[1116.6036, 1112.8878]
8    	114786.94   	0.319   	0.3281  	[21.7, 21.7]	[right, left]	[1221.2608, 1242.5251]
9    	106964.70   	0.307   	0.3828  	[21.7, 21.7]	[back, left]	[1303.6500, 1315.9620]
10   	98694.63    	0.285   	0.4375  	[21.7, 21.7]	[right, back]	[1428.6437, 1432.7427]
11   	89555.08    	0.252   	0.5000  	[21.7, 21.7]	[back, back]	[1433.4867, 1463.1460]
12   	80613.07    	0.207   	0.5625  	[21.7, 21.7]	[back, back]	[1486.8909, 1510.4913]
13   	71259.84    	0.158   	0.6250  	[21.7, 21.7]	[back, back]	[1519.9148, 1534.1687]
14   	61535.70    	0.113   	0.6875  	[21.7, 21.7]	[back, back]	[1527.3601, 1535.0086]
15   	51814.31    	0.077   	0.7500  	[21.7, 21.7]	[back, back]	[1544.2700, 1537.5653]
16   	41968.30    	0.047   	0.8125  	[21.7, 21.7]	[back, back]	[1551.7946, 1527.8415]
17   	32086.89    	0.032   	0.8750  	[21.7, 21.7]	[back, back]	[1560.4049, 1522.6494]
18   	22391.24    	0.029   	0.9375  	[21.7, 21.7]	[back, back]	[1563.8023, 1541.2498]
19   	12395.77    	0.029   	1.0000  	[21.7, 21.7]	[right, left]	[1311.4645, 1293.8898]
20   	8378.12     	0.013   	1.0000  	[21.7, 21.7]	[right, left]	[1234.3735, 1235.3306]
21   	6268.67     	0.008   	1.0000  	[21.7, 21.7]	[right, left]	[1243.0603, 1248.1226]
22   	5743.59     	0.007   	1.0000  	[21.7, 21.7]	[right, left]	[1252.0832, 1266.4943]
23   	5615.64     	0.007   	1.0000  	[21.7, 21.7]	[right, left]	[1407.0129, 1406.5232]
24   	5589.92     	0.007   	1.0000  	[21.7, 21.7]	[right, left]	[1533.4700, 1539.2046]
25   	5517.95     	0.007   	1.0000  	[21.7, 21.7]	[right, left]	[1555.0213, 1558.6251]
26   	5245.80     	0.006   	1.0000  	[21.7, 21.7]	[right, left]	[1540.6920, 1559.3090]
27   	4392.97     	0.006   	1.0000  	[21.7, 21.7]	[front, front]	[1440.8126, 1461.7758]
28   	4297.73     	0.004   	1.0000  	[21.7, 21.7]	[front, front]	[1460.7603, 1484.3255]
29   	4253.19     	0.004   	1.0000  	[21.7, 21.7]	[front, front]	[1479.7534, 1525.6871]
30   	4243.65     	0.004   	1.0000  	[21.7, 21.7]	[front, front]	[1517.0275, 1551.1013]
31   	4242.18     	0.004   	1.0000  	[21.7, 21.7]	[front, front]	[1525.5310, 1556.1035]
32   	4239.52     	0.004   	1.0000  	[21.7, 21.7]	[front, front]	[1544.3238, 1551.8110]
33   	4220.92     	0.004   	1.0000  	[21.7, 21.7]	[front, front]	[1549.5419, 1544.5094]
34   	4090.30     	0.003   	1.0000  	[21.7, 21.7]	[front, front]	[1538.7075, 1562.0869]
35   	3654.14     	0.003   	1.0000  	[21.7, 21.7]	[hover, hover]	[796.4300, 809.4277]
36   	3328.52     	0.002   	1.0000  	[21.7, 21.7]	[left, hover]	[363.6913, 308.8481]
37   	3132.69     	0.002   	1.0000  	[21.7, 21.7]	[right, right]	[144.6978, 122.1934]
38   	3076.22     	0.002   	1.0000  	[21.7, 21.7]	[left, right]	[85.1092, 61.0016]
39   	3057.30     	0.002   	1.0000  	[21.7, 21.7]	[left, left]	[55.2832, 39.5541]
40   	3044.58     	0.002   	1.0000  	[21.7, 21.7]	[right, left]	[37.3707, 43.0142]
41   	3040.60     	0.002   	1.0000  	[21.7, 21.7]	[right, hover]	[43.1410, 31.7634]
42   	3040.20     	0.002   	1.0000  	[21.7, 21.7]	[hover, right]	[32.8824, 31.1483]
43   	3036.20     	0.002   	1.0000  	[21.7, 21.7]	[left, right]	[29.8066, 32.1202]
44   	3029.97     	0.002   	1.0000  	[21.7, 21.7]	[left, right]	[30.4496, 29.4976]
45   	3030.32     	0.002   	1.0000  	[21.7, 21.7]	[left, right]	[29.2027, 29.2234]
46   	3028.00     	0.002   	1.0000  	[21.7, 21.7]	[hover, hover]	[27.4299, 28.1570]
47   	3023.46     	0.002   	1.0000  	[21.7, 21.7]	[hover, hover]	[26.9821, 27.6744]
48   	3021.66     	0.002   	1.0000  	[21.7, 21.7]	[back, back]	[26.5123, 27.2875]
49   	3020.27     	0.002   	1.0000  	[21.7, 21.7]	[back, left]	[26.3165, 26.7075]
50   	3018.36     	0.002   	1.0000  	[21.7, 21.7]	[left, back]	[26.3920, 28.0743]
51   	3020.43     	0.002   	1.0000  	[21.7, 21.7]	[back, back]	[26.5738, 29.7591]
52   	3019.04     	0.002   	1.0000  	[21.7, 21.7]	[hover, left]	[26.6324, 30.1309]
53   	3013.48     	0.002   	1.0000  	[21.7, 21.7]	[left, left]	[29.2869, 31.0939]
54   	3008.37     	0.002   	1.0000  	[21.7, 21.7]	[left, back]	[30.1909, 30.4274]
55   	3009.08     	0.002   	1.0000  	[21.7, 21.7]	[left, back]	[31.8487, 32.6025]
56   	3004.86     	0.002   	1.0000  	[21.7, 21.7]	[left, left]	[32.9838, 34.1365]
57   	3002.66     	0.002   	1.0000  	[21.7, 21.7]	[back, back]	[33.5454, 41.8363]
58   	2991.47     	0.002   	1.0000  	[21.7, 21.7]	[back, back]	[36.4841, 71.8114]
59   	2949.86     	0.002   	1.0000  	[21.7, 21.7]	[back, back]	[42.8026, 143.3155]
60   	2714.78     	0.002   	1.0000  	[21.7, 21.7]	[back, hover]	[61.3621, 76.6055]
61   	2595.67     	0.001   	1.0000  	[21.7, 21.7]	[up, hover]	[69.7080, 45.9735]
62   	2530.51     	0.001   	1.0000  	[27.1, 21.7]	[right, hover]	[41.6742, 32.7543]
63   	2519.61     	0.001   	1.0000  	[27.1, 21.7]	[down, right]	[29.0180, 28.3397]
64   	2517.12     	0.001   	1.0000  	[21.7, 21.7]	[left, left]	[30.8644, 27.9264]
65   	2515.22     	0.001   	1.0000  	[21.7, 21.7]	[hover, hover]	[29.7852, 27.2595]
66   	2512.34     	0.001   	1.0000  	[21.7, 21.7]	[hover, hover]	[29.0976, 27.2338]
67   	2511.09     	0.001   	1.0000  	[21.7, 21.7]	[front, right]	[28.1565, 26.8874]
68   	2510.84     	0.001   	1.0000  	[21.7, 21.7]	[front, right]	[28.7182, 26.7489]
69   	2507.23     	0.001   	1.0000  	[21.7, 21.7]	[front, right]	[28.2118, 27.2289]
70   	2502.24     	0.001   	1.0000  	[21.7, 21.7]	[back, right]	[28.1967, 29.2286]
71   	2500.85     	0.001   	1.0000  	[21.7, 21.7]	[front, right]	[28.3016, 32.3193]
72   	2495.90     	0.001   	1.0000  	[21.7, 21.7]	[back, right]	[28.0669, 40.5272]
73   	2485.44     	0.001   	1.0000  	[21.7, 21.7]	[hover, right]	[28.0349, 70.4618]
74   	2428.82     	0.001   	1.0000  	[21.7, 21.7]	[hover, right]	[27.8469, 146.0962]
75   	2182.48     	0.001   	1.0000  	[21.7, 21.7]	[hover, hover]	[27.7757, 72.5374]
76   	2062.49     	0.001   	1.0000  	[21.7, 21.7]	[hover, hover]	[26.8628, 42.8855]
77   	2027.40     	0.001   	1.0000  	[21.7, 21.7]	[hover, hover]	[26.5261, 34.4959]
78   	2009.12     	0.001   	1.0000  	[21.7, 21.7]	[hover, hover]	[26.5359, 31.4522]
79   	1999.41     	0.001   	1.0000  	[21.7, 21.7]	[hover, front]	[26.8678, 30.2850]
80   	2002.47     	0.001   	1.0000  	[21.7, 21.7]	[hover, back]	[26.8117, 29.3659]
81   	1996.90     	0.001   	1.0000  	[21.7, 21.7]	[hover, front]	[26.5730, 28.9559]
82   	1997.48     	0.001   	1.0000  	[21.7, 21.7]	[front, back]	[26.2860, 28.5874]
83   	1995.57     	0.001   	1.0000  	[21.7, 21.7]	[hover, hover]	[26.0086, 28.2771]
84   	1990.08     	0.001   	1.0000  	[21.7, 21.7]	[hover, hover]	[26.0726, 27.9578]
85   	1993.91     	0.001   	1.0000  	[21.7, 21.7]	[hover, hover]	[26.0017, 27.9147]
86   	1993.65     	0.001   	1.0000  	[21.7, 21.7]	[hover, hover]	[25.8160, 27.6088]
87   	1986.68     	0.001   	1.0000  	[21.7, 21.7]	[hover, left]	[25.6858, 27.2197]
88   	1985.32     	0.001   	1.0000  	[21.7, 21.7]	[hover, hover]	[25.5284, 27.0349]
89   	1983.59     	0.001   	1.0000  	[21.7, 21.7]	[hover, hover]	[25.4288, 26.6274]
90   	1983.48     	0.001   	1.0000  	[21.7, 21.7]	[front, hover]	[25.1807, 26.6394]
91   	1982.97     	0.001   	1.0000  	[21.7, 21.7]	[back, hover]	[25.2012, 26.7162]
92   	1981.46     	0.001   	1.0000  	[21.7, 21.7]	[back, right]	[25.2148, 26.5894]
93   	1980.75     	0.001   	1.0000  	[21.7, 21.7]	[right, hover]	[25.1868, 26.1251]
94   	1979.43     	0.001   	1.0000  	[21.7, 21.7]	[left, left]	[25.1630, 26.3614]
95   	1979.50     	0.001   	1.0000  	[21.7, 21.7]	[right, hover]	[25.1190, 26.2871]
96   	1982.73     	0.001   	1.0000  	[21.7, 21.7]	[front, hover]	[25.0493, 26.3874]
97   	1976.51     	0.001   	1.0000  	[21.7, 21.7]	[back, hover]	[25.0423, 26.0611]
98   	1978.49     	0.001   	1.0000  	[21.7, 21.7]	[left, right]	[25.0336, 25.6665]
99   	1976.77     	0.001   	1.0000  	[21.7, 21.7]	[front, left]	[24.9868, 25.5547]
[2025-12-11T11:31:21]
Strategy: greedy_ig
Pairwise: biased
News mode: BM
Num agents: 2
Iteration: 4
Error margin: None
Gaussian radius 5 
Grid info: range: 0-50-50, cell_size:0.125, map shape: (400, 400), center:True
init UAV positions: [(-25.0, -25.0, 5.4), (25.0, -25.0, 5.4)]
mcts_params: {}
Step	Entropy	MSE	Coverage	Heights	Actions	IGs
------------------------------------------------------------------------------------------------------------------------
0    	158805.66   	0.405   	0.0078  	[5.4, 5.4]	[up, up]	[762.1469, 759.8292]
1    	155597.15   	0.408   	0.0312  	[10.8, 10.8]	[up, up]	[909.4220, 895.3701]
2    	151048.12   	0.404   	0.0703  	[16.2, 16.2]	[up, up]	[887.3741, 888.5734]
3    	145718.05   	0.391   	0.1250  	[21.7, 21.7]	[front, front]	[889.3742, 879.8666]
4    	140593.29   	0.370   	0.1562  	[21.7, 21.7]	[right, left]	[927.2698, 906.6808]
5    	134581.17   	0.360   	0.1953  	[21.7, 21.7]	[right, front]	[953.5119, 935.1139]
6    	128583.24   	0.341   	0.2344  	[21.7, 21.7]	[front, left]	[1058.8368, 1041.7882]
7    	121785.73   	0.320   	0.2812  	[21.7, 21.7]	[front, front]	[1111.1211, 1111.1337]
8    	114814.67   	0.283   	0.3281  	[21.7, 21.7]	[right, left]	[1231.2347, 1243.1519]
9    	106990.25   	0.270   	0.3828  	[21.7, 21.7]	[front, left]	[1305.9383, 1321.3918]
10   	98793.87    	0.242   	0.4375  	[21.7, 21.7]	[right, front]	[1431.3019, 1444.8830]
11   	89629.37    	0.201   	0.5000  	[21.7, 21.7]	[front, front]	[1435.7390, 1467.1361]
12   	80603.99    	0.157   	0.5625  	[21.7, 21.7]	[front, front]	[1474.4052, 1503.1372]
13   	71198.20    	0.118   	0.6250  	[21.7, 21.7]	[front, front]	[1517.6284, 1517.4286]
14   	61613.22    	0.081   	0.6875  	[21.7, 21.7]	[front, front]	[1546.2239, 1520.6094]
15   	51841.05    	0.048   	0.7500  	[21.7, 21.7]	[front, front]	[1554.5597, 1532.1716]
16   	42067.46    	0.028   	0.8125  	[21.7, 21.7]	[front, front]	[1552.9373, 1544.0845]
17   	32193.40    	0.028   	0.8750  	[21.7, 21.7]	[front, front]	[1552.8939, 1536.4689]
18   	22233.70    	0.028   	0.9375  	[21.7, 21.7]	[front, front]	[1540.2198, 1532.9777]
19   	12322.91    	0.028   	1.0000  	[21.7, 21.7]	[right, left]	[1294.4586, 1294.2206]
20   	8355.88     	0.012   	1.0000  	[21.7, 21.7]	[right, left]	[1225.4751, 1230.8492]
21   	6269.90     	0.008   	1.0000  	[21.7, 21.7]	[right, left]	[1241.0054, 1246.1722]
22   	5713.86     	0.007   	1.0000  	[21.7, 21.7]	[right, left]	[1251.4909, 1262.2103]
23   	5577.94     	0.007   	1.0000  	[21.7, 21.7]	[right, left]	[1404.4980, 1403.3379]
24   	5560.49     	0.007   	1.0000  	[21.7, 21.7]	[right, left]	[1529.0824, 1535.2672]
25   	5508.41     	0.007   	1.0000  	[21.7, 21.7]	[right, left]	[1552.7769, 1554.6035]
26   	5243.27     	0.006   	1.0000  	[21.7, 21.7]	[right, left]	[1540.4326, 1556.0999]
27   	4365.51     	0.005   	1.0000  	[21.7, 21.7]	[back, back]	[1440.6710, 1458.4913]
28   	4253.92     	0.004   	1.0000  	[21.7, 21.7]	[back, back]	[1477.6244, 1497.4411]
29   	4190.85     	0.004   	1.0000  	[21.7, 21.7]	[back, back]	[1524.1189, 1525.2069]
30   	4182.97     	0.004   	1.0000  	[21.7, 21.7]	[back, back]	[1521.1631, 1540.4624]
31   	4178.48     	0.004   	1.0000  	[21.7, 21.7]	[back, back]	[1523.5651, 1546.6517]
32   	4173.15     	0.004   	1.0000  	[21.7, 21.7]	[back, back]	[1533.0488, 1543.1630]
33   	4132.60     	0.003   	1.0000  	[21.7, 21.7]	[back, back]	[1526.4964, 1538.5042]
34   	3999.95     	0.003   	1.0000  	[21.7, 21.7]	[back, back]	[1526.8129, 1532.7151]
35   	3549.78     	0.003   	1.0000  	[21.7, 21.7]	[hover, hover]	[791.1129, 804.3550]
36   	3242.73     	0.002   	1.0000  	[21.7, 21.7]	[left, hover]	[350.7642, 320.1033]
37   	3020.49     	0.002   	1.0000  	[21.7, 21.7]	[right, right]	[136.7435, 137.3258]
38   	2961.96     	0.002   	1.0000  	[21.7, 21.7]	[left, right]	[82.9587, 69.2130]
39   	2938.91     	0.002   	1.0000  	[21.7, 21.7]	[left, left]	[53.2810, 41.9819]
40   	2930.23     	0.002   	1.0000  	[21.7, 21.7]	[right, left]	[39.4956, 42.9705]
41   	2923.07     	0.002   	1.0000  	[21.7, 21.7]	[right, hover]	[46.3819, 33.8054]
42   	2920.97     	0.002   	1.0000  	[21.7, 21.7]	[hover, front]	[37.4606, 31.6623]
43   	2917.79     	0.002   	1.0000  	[21.7, 21.7]	[hover, front]	[33.4981, 32.0283]
44   	2912.01     	0.002   	1.0000  	[21.7, 21.7]	[left, front]	[31.6589, 32.9938]
45   	2906.23     	0.002   	1.0000  	[21.7, 21.7]	[left, front]	[31.8323, 33.8573]
46   	2902.49     	0.002   	1.0000  	[21.7, 21.7]	[left, front]	[30.1347, 36.5310]
47   	2899.94     	0.002   	1.0000  	[21.7, 21.7]	[front, front]	[28.6185, 44.9551]
48   	2885.96     	0.002   	1.0000  	[21.7, 21.7]	[right, front]	[28.1503, 67.1706]
49   	2842.67     	0.001   	1.0000  	[21.7, 21.7]	[right, front]	[28.4798, 139.2828]
50   	2582.98     	0.001   	1.0000  	[21.7, 21.7]	[right, hover]	[28.1557, 65.5496]
51   	2474.77     	0.001   	1.0000  	[21.7, 21.7]	[back, hover]	[28.8528, 38.6734]
52   	2436.62     	0.001   	1.0000  	[21.7, 21.7]	[hover, hover]	[28.4747, 31.1042]
53   	2423.70     	0.001   	1.0000  	[21.7, 21.7]	[hover, hover]	[28.2214, 28.3988]
54   	2418.37     	0.001   	1.0000  	[21.7, 21.7]	[hover, right]	[27.5339, 27.6805]
55   	2421.43     	0.001   	1.0000  	[21.7, 21.7]	[hover, right]	[27.2079, 26.8678]
56   	2418.45     	0.001   	1.0000  	[21.7, 21.7]	[front, left]	[27.1377, 26.4355]
57   	2416.27     	0.001   	1.0000  	[21.7, 21.7]	[left, left]	[26.9690, 26.9043]
58   	2415.26     	0.001   	1.0000  	[21.7, 21.7]	[front, back]	[27.3050, 26.8750]
59   	2409.63     	0.001   	1.0000  	[21.7, 21.7]	[front, back]	[26.9554, 27.3035]
60   	2407.73     	0.001   	1.0000  	[21.7, 21.7]	[front, back]	[27.9795, 27.8311]
61   	2406.36     	0.001   	1.0000  	[21.7, 21.7]	[front, back]	[32.5752, 28.4060]
62   	2403.61     	0.001   	1.0000  	[21.7, 21.7]	[right, hover]	[33.6695, 28.1496]
63   	2400.09     	0.001   	1.0000  	[21.7, 21.7]	[front, hover]	[39.1209, 27.9090]
64   	2396.80     	0.001   	1.0000  	[21.7, 21.7]	[front, hover]	[61.9567, 27.5081]
65   	2358.12     	0.001   	1.0000  	[21.7, 21.7]	[front, hover]	[132.1333, 27.2584]
66   	2104.10     	0.001   	1.0000  	[21.7, 21.7]	[hover, hover]	[61.0651, 27.6361]
67   	2013.13     	0.001   	1.0000  	[21.7, 21.7]	[hover, hover]	[36.0177, 27.3703]
68   	1988.55     	0.001   	1.0000  	[21.7, 21.7]	[hover, hover]	[30.7477, 27.1889]
69   	1985.88     	0.001   	1.0000  	[21.7, 21.7]	[hover, hover]	[28.6895, 26.9414]
70   	1975.08     	0.001   	1.0000  	[21.7, 21.7]	[hover, back]	[27.6273, 26.7572]
71   	1979.19     	0.000   	1.0000  	[21.7, 21.7]	[hover, right]	[27.1433, 26.4528]
72   	1973.93     	0.000   	1.0000  	[21.7, 21.7]	[left, hover]	[26.9946, 26.6120]
73   	1970.85     	0.000   	1.0000  	[21.7, 21.7]	[back, right]	[26.9751, 26.6675]
74   	1974.72     	0.000   	1.0000  	[21.7, 21.7]	[back, back]	[27.0513, 27.1005]
75   	1973.30     	0.000   	1.0000  	[21.7, 21.7]	[hover, right]	[26.9826, 28.0173]
76   	1969.08     	0.000   	1.0000  	[21.7, 21.7]	[hover, back]	[26.4436, 29.2937]
77   	1966.53     	0.000   	1.0000  	[21.7, 21.7]	[hover, back]	[26.6238, 32.9787]
78   	1965.84     	0.000   	1.0000  	[21.7, 21.7]	[back, right]	[26.2232, 30.7809]
79   	1961.66     	0.000   	1.0000  	[21.7, 21.7]	[hover, right]	[26.0956, 29.3957]
80   	1959.83     	0.000   	1.0000  	[21.7, 21.7]	[hover, right]	[26.0157, 28.3579]
81   	1962.02     	0.000   	1.0000  	[21.7, 21.7]	[hover, right]	[26.0901, 28.5798]
82   	1958.63     	0.000   	1.0000  	[21.7, 21.7]	[back, right]	[25.7991, 28.5066]
83   	1957.01     	0.000   	1.0000  	[21.7, 21.7]	[back, front]	[25.8457, 27.7844]
84   	1955.68     	0.000   	1.0000  	[21.7, 21.7]	[back, hover]	[26.0352, 27.0935]
85   	1953.88     	0.000   	1.0000  	[21.7, 21.7]	[back, hover]	[26.2098, 26.8371]
86   	1953.24     	0.000   	1.0000  	[21.7, 21.7]	[back, hover]	[26.2919, 26.6788]
87   	1953.83     	0.000   	1.0000  	[21.7, 21.7]	[right, hover]	[25.7658, 26.4482]
88   	1952.54     	0.000   	1.0000  	[21.7, 21.7]	[hover, hover]	[25.9928, 26.4706]
89   	1952.59     	0.000   	1.0000  	[21.7, 21.7]	[hover, hover]	[25.8977, 26.4455]
90   	1951.82     	0.000   	1.0000  	[21.7, 21.7]	[left, hover]	[25.7236, 26.5011]
91   	1950.53     	0.000   	1.0000  	[21.7, 21.7]	[right, hover]	[25.8510, 26.1563]
92   	1951.47     	0.000   	1.0000  	[21.7, 21.7]	[hover, hover]	[25.4146, 26.1065]
93   	1949.78     	0.000   	1.0000  	[21.7, 21.7]	[left, left]	[25.0752, 26.0094]
94   	1950.87     	0.000   	1.0000  	[21.7, 21.7]	[right, hover]	[25.0555, 25.7281]
95   	1950.10     	0.000   	1.0000  	[21.7, 21.7]	[front, hover]	[25.2150, 25.4780]
96   	1949.99     	0.000   	1.0000  	[21.7, 21.7]	[hover, hover]	[25.1366, 25.5906]
97   	1950.02     	0.000   	1.0000  	[21.7, 21.7]	[hover, hover]	[25.1830, 25.4714]
98   	1949.99     	0.000   	1.0000  	[21.7, 21.7]	[hover, hover]	[25.0470, 25.3098]
99   	1949.84     	0.000   	1.0000  	[21.7, 21.7]	[hover, hover]	[25.0174, 25.5122]
[2025-12-11T11:31:27]
Strategy: greedy_ig
Pairwise: biased
News mode: BM
Num agents: 2
Iteration: 5
Error margin: None
Gaussian radius 5 
Grid info: range: 0-50-50, cell_size:0.125, map shape: (400, 400), center:True
init UAV positions: [(-25.0, -25.0, 5.4), (25.0, 25.0, 5.4)]
mcts_params: {}
Step	Entropy	MSE	Coverage	Heights	Actions	IGs
------------------------------------------------------------------------------------------------------------------------
0    	158805.66   	0.405   	0.0078  	[5.4, 5.4]	[up, up]	[762.1469, 759.8292]
1    	155590.45   	0.408   	0.0312  	[10.8, 10.8]	[up, up]	[909.4220, 896.1341]
2    	151023.03   	0.413   	0.0703  	[16.2, 16.2]	[up, up]	[887.3741, 886.2037]
3    	145700.30   	0.411   	0.1250  	[21.7, 21.7]	[front, left]	[889.3742, 878.3418]
4    	140630.97   	0.402   	0.1562  	[21.7, 21.7]	[right, back]	[927.2698, 917.2261]
5    	134636.17   	0.384   	0.1953  	[21.7, 21.7]	[right, left]	[953.5119, 945.3976]
6    	128618.01   	0.377   	0.2344  	[21.7, 21.7]	[front, back]	[1058.8368, 1048.0822]
7    	121789.53   	0.345   	0.2812  	[21.7, 21.7]	[front, back]	[1111.1211, 1112.8878]
8    	114818.40   	0.307   	0.3281  	[21.7, 21.7]	[right, left]	[1231.2347, 1242.5251]
9    	106975.39   	0.296   	0.3828  	[21.7, 21.7]	[front, left]	[1305.9383, 1315.9620]
10   	98709.24    	0.271   	0.4375  	[21.7, 21.7]	[right, back]	[1431.3019, 1432.7427]
11   	89547.63    	0.231   	0.5000  	[21.7, 21.7]	[right, back]	[1472.1708, 1463.1460]
12   	80598.83    	0.185   	0.5586  	[21.7, 21.7]	[right, back]	[1480.9887, 1481.9870]
13   	71848.52    	0.143   	0.6094  	[21.7, 21.7]	[right, back]	[1459.6894, 1469.8198]
14   	64013.68    	0.109   	0.6523  	[21.7, 21.7]	[right, back]	[1430.1314, 1433.2846]
15   	57357.61    	0.078   	0.6875  	[21.7, 21.7]	[right, back]	[1389.7627, 1407.6312]
16   	51926.77    	0.055   	0.7148  	[21.7, 21.7]	[right, back]	[1367.8904, 1364.4454]
17   	47711.46    	0.043   	0.7344  	[21.7, 21.7]	[right, back]	[1343.8816, 1322.8646]
18   	44708.55    	0.040   	0.7461  	[21.7, 21.7]	[right, back]	[1313.6117, 1309.7899]
19   	42951.27    	0.036   	0.7500  	[21.7, 21.7]	[front, left]	[1334.9133, 1330.8019]
20   	42757.09    	0.036   	0.7500  	[21.7, 21.7]	[front, left]	[1455.7325, 1454.6029]
21   	42712.87    	0.035   	0.7500  	[21.7, 21.7]	[front, left]	[1507.7294, 1506.2727]
22   	42717.26    	0.035   	0.7500  	[21.7, 21.7]	[front, left]	[1520.0819, 1527.3082]
23   	42723.50    	0.035   	0.7500  	[21.7, 21.7]	[front, left]	[1531.5987, 1532.4467]
24   	42722.53    	0.035   	0.7500  	[21.7, 21.7]	[front, left]	[1537.4939, 1546.3837]
25   	42706.99    	0.035   	0.7500  	[21.7, 21.7]	[front, left]	[1538.2140, 1560.1236]
26   	42655.13    	0.035   	0.7500  	[21.7, 21.7]	[front, left]	[1533.6208, 1559.3998]
27   	42465.79    	0.035   	0.7500  	[21.7, 21.7]	[left, front]	[1429.2070, 1461.7758]
28   	37405.20    	0.034   	0.8086  	[21.7, 21.7]	[left, front]	[1435.6643, 1454.3090]
29   	31030.12    	0.028   	0.8594  	[21.7, 21.7]	[left, front]	[1435.5857, 1460.6558]
30   	24051.81    	0.021   	0.9023  	[21.7, 21.7]	[left, front]	[1424.4086, 1451.5015]
31   	17597.73    	0.015   	0.9375  	[21.7, 21.7]	[left, front]	[1403.8936, 1417.4066]
32   	12289.89    	0.013   	0.9648  	[21.7, 21.7]	[left, front]	[1375.8566, 1386.7268]
33   	8075.33     	0.009   	0.9844  	[21.7, 21.7]	[left, front]	[1339.4309, 1344.8996]
34   	5121.11     	0.006   	0.9961  	[21.7, 21.7]	[left, front]	[1303.2461, 1317.2829]
35   	3336.22     	0.003   	1.0000  	[21.7, 21.7]	[left, front]	[663.2390, 676.5840]
36   	2761.05     	0.002   	1.0000  	[21.7, 21.7]	[down, down]	[335.5419, 333.0636]
37   	2692.57     	0.002   	1.0000  	[16.2, 16.2]	[back, left]	[161.2554, 154.3031]
38   	2621.16     	0.001   	1.0000  	[16.2, 16.2]	[back, hover]	[116.9647, 57.2315]
39   	2594.45     	0.001   	1.0000  	[16.2, 16.2]	[back, right]	[57.7179, 39.9908]
40   	2592.07     	0.001   	1.0000  	[16.2, 16.2]	[back, right]	[40.1424, 80.7930]
41   	2586.80     	0.001   	1.0000  	[16.2, 16.2]	[back, right]	[35.8488, 91.8276]
42   	2585.46     	0.001   	1.0000  	[16.2, 16.2]	[hover, right]	[31.6402, 57.5700]
43   	2580.25     	0.001   	1.0000  	[16.2, 16.2]	[back, right]	[30.5800, 36.7587]
44   	2577.87     	0.001   	1.0000  	[16.2, 16.2]	[front, right]	[29.8222, 29.8173]
45   	2574.68     	0.001   	1.0000  	[16.2, 16.2]	[back, back]	[28.8457, 29.5224]
46   	2573.47     	0.001   	1.0000  	[16.2, 16.2]	[front, back]	[27.8885, 31.5661]
47   	2565.65     	0.001   	1.0000  	[16.2, 16.2]	[front, back]	[27.6452, 32.2737]
48   	2559.35     	0.001   	1.0000  	[16.2, 16.2]	[front, hover]	[28.6274, 29.9777]
49   	2557.91     	0.001   	1.0000  	[16.2, 16.2]	[front, right]	[29.1685, 28.7494]
50   	2556.07     	0.001   	1.0000  	[16.2, 16.2]	[front, up]	[31.5151, 28.5133]
51   	2555.00     	0.001   	1.0000  	[16.2, 21.7]	[front, back]	[39.5373, 28.2632]
52   	2549.71     	0.001   	1.0000  	[16.2, 21.7]	[front, right]	[94.7333, 28.9543]
53   	2541.36     	0.001   	1.0000  	[16.2, 21.7]	[hover, right]	[44.3786, 28.9234]
54   	2541.42     	0.001   	1.0000  	[16.2, 21.7]	[hover, left]	[29.6751, 28.2327]
55   	2535.25     	0.001   	1.0000  	[16.2, 21.7]	[right, hover]	[25.6512, 27.8695]
56   	2533.92     	0.001   	1.0000  	[16.2, 21.7]	[right, right]	[26.1717, 27.2835]
57   	2533.62     	0.001   	1.0000  	[16.2, 21.7]	[right, left]	[26.5163, 27.0063]
58   	2532.17     	0.001   	1.0000  	[16.2, 21.7]	[right, hover]	[27.6806, 26.7161]
59   	2529.58     	0.001   	1.0000  	[16.2, 21.7]	[back, hover]	[27.4703, 26.3538]
60   	2529.01     	0.001   	1.0000  	[16.2, 21.7]	[up, hover]	[27.2105, 26.1751]
61   	2528.04     	0.001   	1.0000  	[21.7, 21.7]	[right, hover]	[29.0765, 26.2722]
62   	2527.89     	0.001   	1.0000  	[21.7, 21.7]	[right, right]	[31.1148, 25.9406]
63   	2526.03     	0.001   	1.0000  	[21.7, 21.7]	[right, left]	[38.5968, 25.6730]
64   	2524.52     	0.001   	1.0000  	[21.7, 21.7]	[right, back]	[62.8453, 25.9748]
65   	2522.73     	0.001   	1.0000  	[21.7, 21.7]	[right, back]	[134.6712, 28.8992]
66   	2520.61     	0.001   	1.0000  	[21.7, 21.7]	[hover, back]	[65.1015, 33.6417]
67   	2518.11     	0.001   	1.0000  	[21.7, 21.7]	[hover, up]	[37.7390, 54.9411]
68   	2464.53     	0.001   	1.0000  	[21.7, 27.1]	[hover, back]	[30.1368, 89.7977]
69   	2241.99     	0.001   	1.0000  	[21.7, 27.1]	[hover, hover]	[28.1681, 51.3787]
70   	2116.33     	0.001   	1.0000  	[21.7, 27.1]	[hover, hover]	[26.9482, 34.5032]
71   	2065.35     	0.001   	1.0000  	[21.7, 27.1]	[back, down]	[26.7327, 30.8498]
72   	2062.74     	0.001   	1.0000  	[21.7, 21.7]	[back, back]	[27.4955, 32.4403]
73   	2052.09     	0.001   	1.0000  	[21.7, 21.7]	[back, right]	[27.5990, 34.6227]
74   	2037.52     	0.001   	1.0000  	[21.7, 21.7]	[left, hover]	[28.0225, 30.7568]
75   	2035.58     	0.001   	1.0000  	[21.7, 21.7]	[back, hover]	[28.2242, 29.2992]
76   	2033.27     	0.001   	1.0000  	[21.7, 21.7]	[back, left]	[29.0821, 29.0128]
77   	2028.88     	0.001   	1.0000  	[21.7, 21.7]	[back, right]	[33.2743, 28.2176]
78   	2028.65     	0.001   	1.0000  	[21.7, 21.7]	[up, left]	[49.7529, 27.6434]
79   	2025.02     	0.001   	1.0000  	[27.1, 21.7]	[back, hover]	[87.3935, 27.3755]
80   	2024.95     	0.001   	1.0000  	[27.1, 21.7]	[hover, right]	[52.6641, 27.8126]
81   	2022.19     	0.001   	1.0000  	[27.1, 21.7]	[hover, left]	[34.3917, 27.2782]
82   	2017.72     	0.001   	1.0000  	[27.1, 21.7]	[down, hover]	[31.4796, 27.0577]
83   	2015.81     	0.001   	1.0000  	[21.7, 21.7]	[right, right]	[31.9266, 26.9011]
84   	2014.43     	0.001   	1.0000  	[21.7, 21.7]	[left, left]	[30.6183, 26.6588]
85   	2007.66     	0.001   	1.0000  	[21.7, 21.7]	[right, left]	[29.4420, 26.5462]
86   	2005.08     	0.001   	1.0000  	[21.7, 21.7]	[back, left]	[34.4636, 26.8815]
87   	2002.66     	0.001   	1.0000  	[21.7, 21.7]	[hover, left]	[31.3224, 27.2352]
88   	1999.39     	0.001   	1.0000  	[21.7, 21.7]	[hover, left]	[29.9490, 32.9961]
89   	1995.80     	0.001   	1.0000  	[21.7, 21.7]	[hover, left]	[29.2008, 40.8483]
90   	1993.71     	0.001   	1.0000  	[21.7, 21.7]	[left, left]	[28.0951, 69.6632]
91   	1988.49     	0.001   	1.0000  	[21.7, 21.7]	[right, left]	[27.7337, 144.8795]
92   	1982.01     	0.001   	1.0000  	[21.7, 21.7]	[front, hover]	[27.8513, 77.4808]
93   	1978.43     	0.001   	1.0000  	[21.7, 21.7]	[left, hover]	[27.5503, 46.3216]
94   	1977.16     	0.001   	1.0000  	[21.7, 21.7]	[right, hover]	[27.3076, 35.6553]
95   	1972.44     	0.001   	1.0000  	[21.7, 21.7]	[left, hover]	[26.9000, 31.0828]
96   	1970.73     	0.001   	1.0000  	[21.7, 21.7]	[hover, front]	[27.3137, 29.0953]
97   	1968.64     	0.001   	1.0000  	[21.7, 21.7]	[hover, front]	[26.6763, 30.7591]
98   	1966.21     	0.001   	1.0000  	[21.7, 21.7]	[hover, front]	[26.8433, 29.8661]
99   	1967.14     	0.001   	1.0000  	[21.7, 21.7]	[right, front]	[26.1701, 29.6112]
[2025-12-11T11:31:33]
Strategy: greedy_ig
Pairwise: biased
News mode: BM
Num agents: 2
Iteration: 6
Error margin: None
Gaussian radius 5 
Grid info: range: 0-50-50, cell_size:0.125, map shape: (400, 400), center:True
init UAV positions: [(25.0, 25.0, 5.4), (-25.0, 25.0, 5.4)]
mcts_params: {}
Step	Entropy	MSE	Coverage	Heights	Actions	IGs
------------------------------------------------------------------------------------------------------------------------
0    	158805.66   	0.405   	0.0078  	[5.4, 5.4]	[up, up]	[762.1469, 759.8292]
1    	155592.99   	0.408   	0.0312  	[10.8, 10.8]	[up, up]	[912.7656, 896.6945]
2    	151046.79   	0.414   	0.0703  	[16.2, 16.2]	[up, up]	[887.1871, 895.2033]
3    	145702.13   	0.412   	0.1250  	[21.7, 21.7]	[left, right]	[886.3040, 885.0756]
4    	140599.87   	0.405   	0.1562  	[21.7, 21.7]	[back, back]	[928.7657, 908.3061]
5    	134587.78   	0.384   	0.1953  	[21.7, 21.7]	[back, back]	[955.1087, 934.2459]
6    	128564.42   	0.359   	0.2344  	[21.7, 21.7]	[left, right]	[1051.8427, 1046.6658]
7    	121917.83   	0.351   	0.2812  	[21.7, 21.7]	[back, right]	[1118.6422, 1122.2374]
8    	114847.81   	0.328   	0.3281  	[21.7, 21.7]	[left, back]	[1232.3232, 1244.5371]
9    	107066.33   	0.308   	0.3828  	[21.7, 21.7]	[back, right]	[1313.7792, 1324.6750]
10   	98819.29    	0.279   	0.4375  	[21.7, 21.7]	[left, back]	[1442.0230, 1440.1554]
11   	89630.37    	0.252   	0.5000  	[21.7, 21.7]	[back, back]	[1437.5365, 1470.1165]
12   	80550.38    	0.207   	0.5625  	[21.7, 21.7]	[back, back]	[1469.2476, 1517.7644]
13   	71205.37    	0.158   	0.6250  	[21.7, 21.7]	[back, back]	[1508.7180, 1539.9118]
14   	61480.54    	0.113   	0.6875  	[21.7, 21.7]	[back, back]	[1510.9816, 1549.0919]
15   	51779.98    	0.077   	0.7500  	[21.7, 21.7]	[back, back]	[1524.9600, 1559.3306]
16   	41933.54    	0.047   	0.8125  	[21.7, 21.7]	[back, back]	[1532.8162, 1550.2575]
17   	32057.53    	0.032   	0.8750  	[21.7, 21.7]	[back, back]	[1548.7172, 1536.8538]
18   	22360.86    	0.029   	0.9375  	[21.7, 21.7]	[back, back]	[1561.6691, 1545.6440]
19   	12382.13    	0.029   	1.0000  	[21.7, 21.7]	[left, right]	[1315.6673, 1296.6968]
20   	8280.01     	0.012   	1.0000  	[21.7, 21.7]	[left, right]	[1231.3161, 1244.8003]
21   	6251.91     	0.008   	1.0000  	[21.7, 21.7]	[left, right]	[1247.3481, 1257.1244]
22   	5701.22     	0.007   	1.0000  	[21.7, 21.7]	[left, right]	[1267.4508, 1269.4209]
23   	5521.96     	0.007   	1.0000  	[21.7, 21.7]	[left, right]	[1409.2307, 1422.0165]
24   	5494.07     	0.007   	1.0000  	[21.7, 21.7]	[left, right]	[1528.7789, 1525.9285]
25   	5432.91     	0.007   	1.0000  	[21.7, 21.7]	[left, right]	[1533.7328, 1541.0893]
26   	5165.34     	0.007   	1.0000  	[21.7, 21.7]	[left, right]	[1547.5155, 1544.5198]
27   	4345.05     	0.005   	1.0000  	[21.7, 21.7]	[front, front]	[1453.5452, 1443.7220]
28   	4221.33     	0.004   	1.0000  	[21.7, 21.7]	[front, front]	[1476.6586, 1453.0588]
29   	4171.82     	0.004   	1.0000  	[21.7, 21.7]	[front, front]	[1509.1450, 1509.9529]
30   	4169.76     	0.004   	1.0000  	[21.7, 21.7]	[front, front]	[1538.0858, 1535.8943]
31   	4170.03     	0.004   	1.0000  	[21.7, 21.7]	[front, front]	[1541.7689, 1539.3818]
32   	4179.54     	0.004   	1.0000  	[21.7, 21.7]	[front, front]	[1550.5331, 1539.4574]
33   	4157.08     	0.004   	1.0000  	[21.7, 21.7]	[front, front]	[1545.3022, 1543.1751]
34   	4031.47     	0.004   	1.0000  	[21.7, 21.7]	[front, front]	[1533.2616, 1566.4191]
35   	3613.65     	0.003   	1.0000  	[21.7, 21.7]	[hover, hover]	[793.5315, 812.9368]
36   	3317.06     	0.002   	1.0000  	[21.7, 21.7]	[right, left]	[354.8508, 313.9713]
37   	3092.82     	0.002   	1.0000  	[21.7, 21.7]	[left, right]	[143.4657, 130.6426]
38   	3050.03     	0.002   	1.0000  	[21.7, 21.7]	[right, left]	[80.3052, 60.4117]
39   	3040.15     	0.002   	1.0000  	[21.7, 21.7]	[right, right]	[56.4697, 44.7810]
40   	3027.16     	0.002   	1.0000  	[21.7, 21.7]	[right, hover]	[39.3293, 34.1801]
41   	3023.58     	0.002   	1.0000  	[21.7, 21.7]	[left, left]	[33.2339, 31.6708]
42   	3019.70     	0.002   	1.0000  	[21.7, 21.7]	[back, left]	[31.2405, 32.9207]
43   	3010.70     	0.002   	1.0000  	[21.7, 21.7]	[back, left]	[31.6227, 31.7600]
44   	3009.28     	0.002   	1.0000  	[21.7, 21.7]	[back, hover]	[31.5120, 29.9280]
45   	3007.34     	0.002   	1.0000  	[21.7, 21.7]	[left, left]	[31.8635, 28.7698]
46   	3004.16     	0.002   	1.0000  	[21.7, 21.7]	[left, left]	[32.2171, 29.5629]
47   	2999.66     	0.002   	1.0000  	[21.7, 21.7]	[back, left]	[33.4562, 29.1289]
48   	2994.39     	0.002   	1.0000  	[21.7, 21.7]	[back, left]	[35.8134, 29.6669]
49   	2993.88     	0.002   	1.0000  	[21.7, 21.7]	[back, back]	[42.8249, 28.8877]
50   	2982.06     	0.002   	1.0000  	[21.7, 21.7]	[back, back]	[70.3981, 29.3928]
51   	2935.86     	0.002   	1.0000  	[21.7, 21.7]	[back, back]	[135.6976, 31.6242]
52   	2696.63     	0.002   	1.0000  	[21.7, 21.7]	[hover, left]	[65.4334, 32.2103]
53   	2598.76     	0.002   	1.0000  	[21.7, 21.7]	[hover, back]	[39.2444, 33.5993]
54   	2564.70     	0.001   	1.0000  	[21.7, 21.7]	[hover, back]	[32.0131, 34.9748]
55   	2548.05     	0.001   	1.0000  	[21.7, 21.7]	[hover, back]	[29.7572, 41.5971]
56   	2541.57     	0.001   	1.0000  	[21.7, 21.7]	[hover, back]	[28.7172, 62.2442]
57   	2538.91     	0.001   	1.0000  	[21.7, 21.7]	[hover, up]	[28.2074, 70.7702]
58   	2533.06     	0.001   	1.0000  	[21.7, 27.1]	[hover, right]	[28.4835, 44.7503]
59   	2535.26     	0.001   	1.0000  	[21.7, 27.1]	[hover, hover]	[27.8316, 32.5333]
60   	2534.90     	0.001   	1.0000  	[21.7, 27.1]	[hover, down]	[27.6913, 29.4368]
61   	2532.61     	0.001   	1.0000  	[21.7, 21.7]	[hover, back]	[27.2586, 29.7338]
62   	2531.94     	0.001   	1.0000  	[21.7, 21.7]	[hover, hover]	[27.1154, 28.4456]
63   	2534.20     	0.001   	1.0000  	[21.7, 21.7]	[front, front]	[26.5212, 27.5522]
64   	2534.58     	0.001   	1.0000  	[21.7, 21.7]	[front, front]	[27.4369, 27.5337]
65   	2531.85     	0.001   	1.0000  	[21.7, 21.7]	[front, hover]	[27.5471, 27.7106]
66   	2531.62     	0.001   	1.0000  	[21.7, 21.7]	[front, left]	[28.2214, 27.9200]
67   	2532.76     	0.001   	1.0000  	[21.7, 21.7]	[hover, front]	[27.8517, 27.6257]
68   	2528.04     	0.001   	1.0000  	[21.7, 21.7]	[hover, hover]	[27.7686, 27.2944]
69   	2530.00     	0.001   	1.0000  	[21.7, 21.7]	[hover, hover]	[27.4729, 26.9611]
70   	2529.01     	0.001   	1.0000  	[21.7, 21.7]	[right, back]	[27.1117, 26.6964]
71   	2529.82     	0.001   	1.0000  	[21.7, 21.7]	[left, back]	[26.7821, 26.4096]
72   	2528.03     	0.001   	1.0000  	[21.7, 21.7]	[hover, back]	[26.9476, 30.1513]
73   	2528.90     	0.001   	1.0000  	[21.7, 21.7]	[hover, hover]	[26.6998, 27.2820]
74   	2526.07     	0.001   	1.0000  	[21.7, 21.7]	[hover, hover]	[26.9594, 26.5692]
75   	2528.49     	0.001   	1.0000  	[21.7, 21.7]	[hover, hover]	[26.8620, 26.0967]
76   	2526.63     	0.001   	1.0000  	[21.7, 21.7]	[back, hover]	[26.8730, 26.0219]
77   	2523.96     	0.001   	1.0000  	[21.7, 21.7]	[front, hover]	[26.5980, 25.8423]
78   	2524.35     	0.001   	1.0000  	[21.7, 21.7]	[back, hover]	[26.6280, 25.7470]
79   	2524.68     	0.001   	1.0000  	[21.7, 21.7]	[hover, hover]	[26.3341, 25.6850]
80   	2524.39     	0.001   	1.0000  	[21.7, 21.7]	[front, front]	[26.1476, 25.5880]
81   	2521.08     	0.001   	1.0000  	[21.7, 21.7]	[hover, front]	[26.2868, 26.1431]
82   	2521.44     	0.001   	1.0000  	[21.7, 21.7]	[front, front]	[25.9937, 25.9783]
83   	2520.97     	0.001   	1.0000  	[21.7, 21.7]	[front, front]	[27.4790, 25.9438]
84   	2522.82     	0.001   	1.0000  	[21.7, 21.7]	[front, hover]	[28.2967, 25.7177]
85   	2520.38     	0.001   	1.0000  	[21.7, 21.7]	[front, hover]	[34.2228, 25.6196]
86   	2518.74     	0.001   	1.0000  	[21.7, 21.7]	[hover, hover]	[28.2674, 25.7103]
87   	2516.86     	0.001   	1.0000  	[21.7, 21.7]	[right, hover]	[26.0540, 25.6012]
88   	2516.66     	0.001   	1.0000  	[21.7, 21.7]	[right, hover]	[27.3519, 25.6732]
89   	2515.27     	0.001   	1.0000  	[21.7, 21.7]	[right, hover]	[28.1162, 25.7026]
90   	2512.72     	0.001   	1.0000  	[21.7, 21.7]	[right, hover]	[27.1292, 25.6651]
91   	2514.90     	0.001   	1.0000  	[21.7, 21.7]	[right, hover]	[27.2521, 25.8755]
92   	2511.50     	0.001   	1.0000  	[21.7, 21.7]	[right, hover]	[27.0540, 25.9371]
93   	2508.78     	0.001   	1.0000  	[21.7, 21.7]	[right, hover]	[27.4347, 25.8936]
94   	2506.60     	0.001   	1.0000  	[21.7, 21.7]	[right, hover]	[27.0140, 25.5656]
95   	2506.98     	0.001   	1.0000  	[21.7, 21.7]	[back, hover]	[26.8845, 25.3478]
96   	2504.80     	0.001   	1.0000  	[21.7, 21.7]	[back, hover]	[26.9455, 25.2811]
97   	2500.53     	0.001   	1.0000  	[21.7, 21.7]	[back, hover]	[27.1877, 25.2586]
98   	2500.70     	0.001   	1.0000  	[21.7, 21.7]	[hover, hover]	[26.4860, 25.3735]
99   	2499.68     	0.001   	1.0000  	[21.7, 21.7]	[hover, hover]	[26.1293, 25.2384]
[2025-12-11T11:31:39]
Strategy: greedy_ig
Pairwise: biased
News mode: BM
Num agents: 2
Iteration: 7
Error margin: None
Gaussian radius 5 
Grid info: range: 0-50-50, cell_size:0.125, map shape: (400, 400), center:True
init UAV positions: [(-25.0, 25.0, 5.4), (25.0, 25.0, 5.4)]
mcts_params: {}
Step	Entropy	MSE	Coverage	Heights	Actions	IGs
------------------------------------------------------------------------------------------------------------------------
0    	158805.66   	0.405   	0.0078  	[5.4, 5.4]	[up, up]	[762.1469, 759.8292]
1    	155574.86   	0.408   	0.0312  	[10.8, 10.8]	[up, up]	[903.5517, 896.1341]
2    	150998.93   	0.413   	0.0703  	[16.2, 16.2]	[up, up]	[885.6158, 886.2037]
3    	145653.35   	0.411   	0.1250  	[21.7, 21.7]	[right, left]	[883.8615, 878.3418]
4    	140539.88   	0.405   	0.1562  	[21.7, 21.7]	[back, back]	[913.8929, 917.2261]
5    	134533.81   	0.384   	0.1953  	[21.7, 21.7]	[back, left]	[938.5925, 945.3976]
6    	128563.04   	0.371   	0.2344  	[21.7, 21.7]	[right, back]	[1050.2971, 1048.0822]
7    	121849.97   	0.350   	0.2812  	[21.7, 21.7]	[back, back]	[1116.6036, 1112.8878]
8    	114786.94   	0.319   	0.3281  	[21.7, 21.7]	[right, left]	[1221.2608, 1242.5251]
9    	106964.70   	0.307   	0.3828  	[21.7, 21.7]	[back, left]	[1303.6500, 1315.9620]
10   	98694.63    	0.285   	0.4375  	[21.7, 21.7]	[right, back]	[1428.6437, 1432.7427]
11   	89555.08    	0.252   	0.5000  	[21.7, 21.7]	[back, back]	[1433.4867, 1463.1460]
12   	80613.07    	0.207   	0.5625  	[21.7, 21.7]	[back, back]	[1486.8909, 1510.4913]
13   	71259.84    	0.158   	0.6250  	[21.7, 21.7]	[back, back]	[1519.9148, 1534.1687]
14   	61535.70    	0.113   	0.6875  	[21.7, 21.7]	[back, back]	[1527.3601, 1535.0086]
15   	51814.31    	0.077   	0.7500  	[21.7, 21.7]	[back, back]	[1544.2700, 1537.5653]
16   	41968.30    	0.047   	0.8125  	[21.7, 21.7]	[back, back]	[1551.7946, 1527.8415]
17   	32086.89    	0.032   	0.8750  	[21.7, 21.7]	[back, back]	[1560.4049, 1522.6494]
18   	22391.24    	0.029   	0.9375  	[21.7, 21.7]	[back, back]	[1563.8023, 1541.2498]
19   	12395.77    	0.029   	1.0000  	[21.7, 21.7]	[right, left]	[1311.4645, 1293.8898]
20   	8378.12     	0.013   	1.0000  	[21.7, 21.7]	[right, left]	[1234.3735, 1235.3306]
21   	6268.67     	0.008   	1.0000  	[21.7, 21.7]	[right, left]	[1243.0603, 1248.1226]
22   	5743.59     	0.007   	1.0000  	[21.7, 21.7]	[right, left]	[1252.0832, 1266.4943]
23   	5615.64     	0.007   	1.0000  	[21.7, 21.7]	[right, left]	[1407.0129, 1406.5232]
24   	5589.92     	0.007   	1.0000  	[21.7, 21.7]	[right, left]	[1533.4700, 1539.2046]
25   	5517.95     	0.007   	1.0000  	[21.7, 21.7]	[right, left]	[1555.0213, 1558.6251]
26   	5245.80     	0.006   	1.0000  	[21.7, 21.7]	[right, left]	[1540.6920, 1559.3090]
27   	4392.97     	0.006   	1.0000  	[21.7, 21.7]	[front, front]	[1440.8126, 1461.7758]
28   	4297.73     	0.004   	1.0000  	[21.7, 21.7]	[front, front]	[1460.7603, 1484.3255]
29   	4253.19     	0.004   	1.0000  	[21.7, 21.7]	[front, front]	[1479.7534, 1525.6871]
30   	4243.65     	0.004   	1.0000  	[21.7, 21.7]	[front, front]	[1517.0275, 1551.1013]
31   	4242.18     	0.004   	1.0000  	[21.7, 21.7]	[front, front]	[1525.5310, 1556.1035]
32   	4239.52     	0.004   	1.0000  	[21.7, 21.7]	[front, front]	[1544.3238, 1551.8110]
33   	4220.92     	0.004   	1.0000  	[21.7, 21.7]	[front, front]	[1549.5419, 1544.5094]
34   	4090.30     	0.003   	1.0000  	[21.7, 21.7]	[front, front]	[1538.7075, 1562.0869]
35   	3654.14     	0.003   	1.0000  	[21.7, 21.7]	[hover, hover]	[796.4300, 809.4277]
36   	3328.52     	0.002   	1.0000  	[21.7, 21.7]	[left, hover]	[363.6913, 308.8481]
37   	3132.69     	0.002   	1.0000  	[21.7, 21.7]	[right, right]	[144.6978, 122.1934]
38   	3076.22     	0.002   	1.0000  	[21.7, 21.7]	[left, right]	[85.1092, 61.0016]
39   	3057.30     	0.002   	1.0000  	[21.7, 21.7]	[left, left]	[55.2832, 39.5541]
40   	3044.58     	0.002   	1.0000  	[21.7, 21.7]	[right, left]	[37.3707, 43.0142]
41   	3040.60     	0.002   	1.0000  	[21.7, 21.7]	[right, hover]	[43.1410, 31.7634]
42   	3040.20     	0.002   	1.0000  	[21.7, 21.7]	[hover, right]	[32.8824, 31.1483]
43   	3036.20     	0.002   	1.0000  	[21.7, 21.7]	[left, right]	[29.8066, 32.1202]
44   	3029.97     	0.002   	1.0000  	[21.7, 21.7]	[left, right]	[30.4496, 29.4976]
45   	3030.32     	0.002   	1.0000  	[21.7, 21.7]	[left, right]	[29.2027, 29.2234]
46   	3028.00     	0.002   	1.0000  	[21.7, 21.7]	[hover, hover]	[27.4299, 28.1570]
47   	3023.46     	0.002   	1.0000  	[21.7, 21.7]	[hover, hover]	[26.9821, 27.6744]
48   	3021.66     	0.002   	1.0000  	[21.7, 21.7]	[back, back]	[26.5123, 27.2875]
49   	3020.27     	0.002   	1.0000  	[21.7, 21.7]	[back, left]	[26.3165, 26.7075]
50   	3018.36     	0.002   	1.0000  	[21.7, 21.7]	[left, back]	[26.3920, 28.0743]
51   	3020.43     	0.002   	1.0000  	[21.7, 21.7]	[back, back]	[26.5738, 29.7591]
52   	3019.04     	0.002   	1.0000  	[21.7, 21.7]	[hover, left]	[26.6324, 30.1309]
53   	3013.48     	0.002   	1.0000  	[21.7, 21.7]	[left, left]	[29.2869, 31.0939]
54   	3008.37     	0.002   	1.0000  	[21.7, 21.7]	[left, back]	[30.1909, 30.4274]
55   	3009.08     	0.002   	1.0000  	[21.7, 21.7]	[left, back]	[31.8487, 32.6025]
56   	3004.86     	0.002   	1.0000  	[21.7, 21.7]	[left, left]	[32.9838, 34.1365]
57   	3002.66     	0.002   	1.0000  	[21.7, 21.7]	[back, back]	[33.5454, 41.8363]
58   	2991.47     	0.002   	1.0000  	[21.7, 21.7]	[back, back]	[36.4841, 71.8114]
59   	2949.86     	0.002   	1.0000  	[21.7, 21.7]	[back, back]	[42.8026, 143.3155]
60   	2714.78     	0.002   	1.0000  	[21.7, 21.7]	[back, hover]	[61.3621, 76.6055]
61   	2595.67     	0.001   	1.0000  	[21.7, 21.7]	[up, hover]	[69.7080, 45.9735]
62   	2530.51     	0.001   	1.0000  	[27.1, 21.7]	[right, hover]	[41.6742, 32.7543]
63   	2519.61     	0.001   	1.0000  	[27.1, 21.7]	[down, right]	[29.0180, 28.3397]
64   	2517.12     	0.001   	1.0000  	[21.7, 21.7]	[left, left]	[30.8644, 27.9264]
65   	2515.22     	0.001   	1.0000  	[21.7, 21.7]	[hover, hover]	[29.7852, 27.2595]
66   	2512.34     	0.001   	1.0000  	[21.7, 21.7]	[hover, hover]	[29.0976, 27.2338]
67   	2511.09     	0.001   	1.0000  	[21.7, 21.7]	[front, right]	[28.1565, 26.8874]
68   	2510.84     	0.001   	1.0000  	[21.7, 21.7]	[front, right]	[28.7182, 26.7489]
69   	2507.23     	0.001   	1.0000  	[21.7, 21.7]	[front, right]	[28.2118, 27.2289]
70   	2502.24     	0.001   	1.0000  	[21.7, 21.7]	[back, right]	[28.1967, 29.2286]
71   	2500.85     	0.001   	1.0000  	[21.7, 21.7]	[front, right]	[28.3016, 32.3193]
72   	2495.90     	0.001   	1.0000  	[21.7, 21.7]	[back, right]	[28.0669, 40.5272]
73   	2485.44     	0.001   	1.0000  	[21.7, 21.7]	[hover, right]	[28.0349, 70.4618]
74   	2428.82     	0.001   	1.0000  	[21.7, 21.7]	[hover, right]	[27.8469, 146.0962]
75   	2182.48     	0.001   	1.0000  	[21.7, 21.7]	[hover, hover]	[27.7757, 72.5374]
76   	2062.49     	0.001   	1.0000  	[21.7, 21.7]	[hover, hover]	[26.8628, 42.8855]
77   	2027.40     	0.001   	1.0000  	[21.7, 21.7]	[hover, hover]	[26.5261, 34.4959]
78   	2009.12     	0.001   	1.0000  	[21.7, 21.7]	[hover, hover]	[26.5359, 31.4522]
79   	1999.41     	0.001   	1.0000  	[21.7, 21.7]	[hover, front]	[26.8678, 30.2850]
80   	2002.47     	0.001   	1.0000  	[21.7, 21.7]	[hover, back]	[26.8117, 29.3659]
81   	1996.90     	0.001   	1.0000  	[21.7, 21.7]	[hover, front]	[26.5730, 28.9559]
82   	1997.48     	0.001   	1.0000  	[21.7, 21.7]	[front, back]	[26.2860, 28.5874]
83   	1995.57     	0.001   	1.0000  	[21.7, 21.7]	[hover, hover]	[26.0086, 28.2771]
84   	1990.08     	0.001   	1.0000  	[21.7, 21.7]	[hover, hover]	[26.0726, 27.9578]
85   	1993.91     	0.001   	1.0000  	[21.7, 21.7]	[hover, hover]	[26.0017, 27.9147]
86   	1993.65     	0.001   	1.0000  	[21.7, 21.7]	[hover, hover]	[25.8160, 27.6088]
87   	1986.68     	0.001   	1.0000  	[21.7, 21.7]	[hover, left]	[25.6858, 27.2197]
88   	1985.32     	0.001   	1.0000  	[21.7, 21.7]	[hover, hover]	[25.5284, 27.0349]
89   	1983.59     	0.001   	1.0000  	[21.7, 21.7]	[hover, hover]	[25.4288, 26.6274]
90   	1983.48     	0.001   	1.0000  	[21.7, 21.7]	[front, hover]	[25.1807, 26.6394]
91   	1982.97     	0.001   	1.0000  	[21.7, 21.7]	[back, hover]	[25.2012, 26.7162]
92   	1981.46     	0.001   	1.0000  	[21.7, 21.7]	[back, right]	[25.2148, 26.5894]
93   	1980.75     	0.001   	1.0000  	[21.7, 21.7]	[right, hover]	[25.1868, 26.1251]
94   	1979.43     	0.001   	1.0000  	[21.7, 21.7]	[left, left]	[25.1630, 26.3614]
95   	1979.50     	0.001   	1.0000  	[21.7, 21.7]	[right, hover]	[25.1190, 26.2871]
96   	1982.73     	0.001   	1.0000  	[21.7, 21.7]	[front, hover]	[25.0493, 26.3874]
97   	1976.51     	0.001   	1.0000  	[21.7, 21.7]	[back, hover]	[25.0423, 26.0611]
98   	1978.49     	0.001   	1.0000  	[21.7, 21.7]	[left, right]	[25.0336, 25.6665]
99   	1976.77     	0.001   	1.0000  	[21.7, 21.7]	[front, left]	[24.9868, 25.5547]
[2025-12-11T11:31:46]
Strategy: greedy_ig
Pairwise: biased
News mode: BM
Num agents: 2
Iteration: 8
Error margin: None
Gaussian radius 5 
Grid info: range: 0-50-50, cell_size:0.125, map shape: (400, 400), center:True
init UAV positions: [(-25.0, 25.0, 5.4), (-25.0, -25.0, 5.4)]
mcts_params: {}
Step	Entropy	MSE	Coverage	Heights	Actions	IGs
------------------------------------------------------------------------------------------------------------------------
0    	158805.66   	0.405   	0.0078  	[5.4, 5.4]	[up, up]	[762.1469, 759.8292]
1    	155583.69   	0.408   	0.0312  	[10.8, 10.8]	[up, up]	[903.5517, 898.9347]
2    	151002.18   	0.413   	0.0703  	[16.2, 16.2]	[up, up]	[885.6158, 884.3327]
3    	145639.38   	0.421   	0.1250  	[21.7, 21.7]	[right, right]	[883.8615, 873.5710]
4    	140473.89   	0.418   	0.1562  	[21.7, 21.7]	[back, front]	[913.8929, 905.2356]
5    	134400.58   	0.414   	0.1953  	[21.7, 21.7]	[back, right]	[938.5925, 925.9794]
6    	128542.89   	0.409   	0.2344  	[21.7, 21.7]	[right, front]	[1050.2971, 1042.0001]
7    	121874.06   	0.401   	0.2812  	[21.7, 21.7]	[back, right]	[1116.6036, 1116.3215]
8    	114799.33   	0.393   	0.3281  	[21.7, 21.7]	[right, front]	[1221.2608, 1247.9647]
9    	107005.45   	0.381   	0.3828  	[21.7, 21.7]	[back, front]	[1303.6500, 1327.5151]
10   	98773.06    	0.356   	0.4375  	[21.7, 21.7]	[right, right]	[1428.6437, 1449.3382]
11   	89630.92    	0.342   	0.5000  	[21.7, 21.7]	[right, right]	[1476.5139, 1472.2418]
12   	80506.02    	0.310   	0.5625  	[21.7, 21.7]	[right, right]	[1516.5610, 1516.4642]
13   	70899.99    	0.273   	0.6250  	[21.7, 21.7]	[right, right]	[1527.6303, 1528.4865]
14   	61109.18    	0.234   	0.6875  	[21.7, 21.7]	[right, right]	[1533.8294, 1524.3033]
15   	51217.50    	0.192   	0.7500  	[21.7, 21.7]	[right, right]	[1523.1262, 1530.5923]
16   	41483.54    	0.149   	0.8125  	[21.7, 21.7]	[right, right]	[1534.2462, 1547.1129]
17   	31710.13    	0.105   	0.8750  	[21.7, 21.7]	[right, right]	[1542.2528, 1557.3320]
18   	21947.47    	0.065   	0.9375  	[21.7, 21.7]	[right, right]	[1541.8344, 1570.4133]
19   	11983.42    	0.028   	1.0000  	[21.7, 21.7]	[back, front]	[1308.8300, 1315.7058]
20   	7929.38     	0.012   	1.0000  	[21.7, 21.7]	[back, front]	[1222.7465, 1236.8873]
21   	5839.27     	0.008   	1.0000  	[21.7, 21.7]	[back, front]	[1224.7089, 1241.9768]
22   	5295.70     	0.007   	1.0000  	[21.7, 21.7]	[back, front]	[1240.3585, 1251.8111]
23   	5145.23     	0.007   	1.0000  	[21.7, 21.7]	[back, front]	[1405.7420, 1395.1204]
24   	5095.72     	0.006   	1.0000  	[21.7, 21.7]	[back, front]	[1517.1045, 1515.8840]
25   	5013.13     	0.006   	1.0000  	[21.7, 21.7]	[back, front]	[1533.4766, 1539.2746]
26   	4729.94     	0.006   	1.0000  	[21.7, 21.7]	[back, front]	[1547.7147, 1547.0779]
27   	3853.84     	0.005   	1.0000  	[21.7, 21.7]	[left, left]	[1443.3811, 1447.2744]
28   	3792.69     	0.004   	1.0000  	[21.7, 21.7]	[left, left]	[1475.1218, 1465.4354]
29   	3760.59     	0.004   	1.0000  	[21.7, 21.7]	[left, left]	[1504.2811, 1522.6011]
30   	3754.53     	0.003   	1.0000  	[21.7, 21.7]	[left, left]	[1528.2835, 1540.0279]
31   	3754.86     	0.003   	1.0000  	[21.7, 21.7]	[left, left]	[1537.1891, 1535.7995]
32   	3754.83     	0.003   	1.0000  	[21.7, 21.7]	[left, left]	[1549.3205, 1529.3917]
33   	3709.18     	0.003   	1.0000  	[21.7, 21.7]	[left, left]	[1544.9012, 1544.1982]
34   	3634.20     	0.003   	1.0000  	[21.7, 21.7]	[left, left]	[1540.7750, 1532.2769]
35   	3411.69     	0.003   	1.0000  	[21.7, 21.7]	[hover, hover]	[794.6372, 789.8605]
36   	3208.62     	0.002   	1.0000  	[21.7, 21.7]	[hover, hover]	[315.2947, 313.2709]
37   	3086.91     	0.002   	1.0000  	[21.7, 21.7]	[front, back]	[137.0727, 133.4130]
38   	3041.97     	0.002   	1.0000  	[21.7, 21.7]	[front, back]	[67.3381, 66.9406]
39   	3025.77     	0.002   	1.0000  	[21.7, 21.7]	[front, back]	[47.2505, 47.6784]
40   	3019.38     	0.002   	1.0000  	[21.7, 21.7]	[front, back]	[39.8702, 38.4476]
41   	3017.55     	0.002   	1.0000  	[21.7, 21.7]	[back, back]	[35.2306, 34.6034]
42   	3019.24     	0.002   	1.0000  	[21.7, 21.7]	[front, front]	[34.2910, 34.0764]
43   	3010.92     	0.002   	1.0000  	[21.7, 21.7]	[front, back]	[32.8533, 32.4232]
44   	3013.51     	0.002   	1.0000  	[21.7, 21.7]	[back, front]	[32.0868, 32.3433]
45   	3008.94     	0.002   	1.0000  	[21.7, 21.7]	[back, back]	[30.8280, 31.0332]
46   	3001.06     	0.002   	1.0000  	[21.7, 21.7]	[front, front]	[30.7098, 31.3269]
47   	3001.92     	0.002   	1.0000  	[21.7, 21.7]	[back, back]	[30.0691, 30.5658]
48   	2998.61     	0.002   	1.0000  	[21.7, 21.7]	[front, front]	[30.2973, 30.3937]
49   	2998.31     	0.002   	1.0000  	[21.7, 21.7]	[front, back]	[29.0946, 29.2679]
50   	2993.44     	0.002   	1.0000  	[21.7, 21.7]	[back, front]	[28.9679, 29.1679]
51   	2991.62     	0.002   	1.0000  	[21.7, 21.7]	[right, front]	[28.4806, 28.9924]
52   	2991.10     	0.002   	1.0000  	[21.7, 21.7]	[hover, back]	[28.7246, 28.5318]
53   	2989.83     	0.002   	1.0000  	[21.7, 21.7]	[hover, hover]	[28.6491, 28.9323]
54   	2988.14     	0.002   	1.0000  	[21.7, 21.7]	[hover, hover]	[28.2226, 28.5921]
55   	2983.86     	0.002   	1.0000  	[21.7, 21.7]	[hover, hover]	[27.9825, 28.2490]
56   	2982.80     	0.002   	1.0000  	[21.7, 21.7]	[hover, back]	[27.3532, 28.2487]
57   	2979.35     	0.002   	1.0000  	[21.7, 21.7]	[left, hover]	[27.4854, 27.7398]
58   	2978.88     	0.002   	1.0000  	[21.7, 21.7]	[hover, hover]	[27.5439, 27.6422]
59   	2978.85     	0.002   	1.0000  	[21.7, 21.7]	[hover, hover]	[27.2166, 27.1432]
60   	2975.40     	0.002   	1.0000  	[21.7, 21.7]	[hover, hover]	[27.4264, 27.3086]
61   	2975.26     	0.002   	1.0000  	[21.7, 21.7]	[hover, hover]	[26.8410, 26.8394]
62   	2973.70     	0.002   	1.0000  	[21.7, 21.7]	[front, hover]	[26.8766, 26.9046]
63   	2973.13     	0.002   	1.0000  	[21.7, 21.7]	[front, hover]	[27.1220, 26.7057]
64   	2974.62     	0.002   	1.0000  	[21.7, 21.7]	[front, front]	[26.6843, 27.0123]
65   	2973.42     	0.002   	1.0000  	[21.7, 21.7]	[front, hover]	[26.0952, 27.1586]
66   	2971.29     	0.002   	1.0000  	[21.7, 21.7]	[right, front]	[25.8326, 26.6054]
67   	2970.25     	0.002   	1.0000  	[21.7, 21.7]	[right, right]	[26.0938, 26.5331]
68   	2971.23     	0.002   	1.0000  	[21.7, 21.7]	[right, right]	[26.1847, 26.6112]
69   	2970.92     	0.002   	1.0000  	[21.7, 21.7]	[right, right]	[28.1102, 26.7682]
70   	2970.61     	0.002   	1.0000  	[21.7, 21.7]	[right, front]	[30.6411, 26.7900]
71   	2965.60     	0.002   	1.0000  	[21.7, 21.7]	[right, right]	[38.2691, 26.5937]
72   	2955.83     	0.002   	1.0000  	[21.7, 21.7]	[right, right]	[59.4428, 27.6708]
73   	2908.27     	0.002   	1.0000  	[21.7, 21.7]	[right, right]	[141.8653, 28.8784]
74   	2668.63     	0.001   	1.0000  	[21.7, 21.7]	[hover, front]	[69.5371, 30.7125]
75   	2573.62     	0.001   	1.0000  	[21.7, 21.7]	[hover, up]	[40.8940, 45.6851]
76   	2533.94     	0.001   	1.0000  	[21.7, 27.1]	[hover, right]	[31.5989, 76.1169]
77   	2510.73     	0.001   	1.0000  	[21.7, 27.1]	[hover, hover]	[29.3095, 44.3907]
78   	2502.95     	0.001   	1.0000  	[21.7, 27.1]	[hover, hover]	[28.3380, 30.8633]
79   	2498.90     	0.001   	1.0000  	[21.7, 27.1]	[hover, down]	[27.5664, 26.7268]
80   	2496.51     	0.001   	1.0000  	[21.7, 21.7]	[hover, right]	[27.0298, 29.8573]
81   	2494.02     	0.001   	1.0000  	[21.7, 21.7]	[hover, hover]	[26.4999, 27.7023]
82   	2493.02     	0.001   	1.0000  	[21.7, 21.7]	[hover, back]	[26.6932, 27.2695]
83   	2490.06     	0.001   	1.0000  	[21.7, 21.7]	[hover, back]	[26.5841, 27.8138]
84   	2489.52     	0.001   	1.0000  	[21.7, 21.7]	[hover, back]	[26.7082, 26.8180]
85   	2487.49     	0.001   	1.0000  	[21.7, 21.7]	[hover, back]	[26.3799, 34.1331]
86   	2483.15     	0.001   	1.0000  	[21.7, 21.7]	[back, back]	[26.2871, 44.2096]
87   	2469.83     	0.001   	1.0000  	[21.7, 21.7]	[hover, back]	[26.2525, 74.4543]
88   	2412.53     	0.001   	1.0000  	[21.7, 21.7]	[hover, back]	[26.0384, 143.4811]
89   	2169.17     	0.001   	1.0000  	[21.7, 21.7]	[hover, hover]	[25.5969, 73.1849]
90   	2058.40     	0.001   	1.0000  	[21.7, 21.7]	[hover, hover]	[25.5793, 45.4552]
91   	2007.38     	0.001   	1.0000  	[21.7, 21.7]	[hover, hover]	[25.4908, 35.3488]
92   	1997.90     	0.001   	1.0000  	[21.7, 21.7]	[back, hover]	[25.2691, 32.0249]
93   	1990.78     	0.001   	1.0000  	[21.7, 21.7]	[back, hover]	[25.9931, 30.8546]
94   	1981.31     	0.001   	1.0000  	[21.7, 21.7]	[back, hover]	[26.7032, 28.3795]
95   	1982.19     	0.000   	1.0000  	[21.7, 21.7]	[back, hover]	[32.0072, 28.1198]
96   	1979.39     	0.000   	1.0000  	[21.7, 21.7]	[back, hover]	[43.6689, 27.5881]
97   	1980.45     	0.000   	1.0000  	[21.7, 21.7]	[back, hover]	[68.3940, 26.9993]
98   	1976.02     	0.000   	1.0000  	[21.7, 21.7]	[up, hover]	[76.1435, 26.4187]
99   	1971.93     	0.000   	1.0000  	[27.1, 21.7]	[left, hover]	[48.7721, 26.5385]
[2025-12-11T11:31:52]
Strategy: greedy_ig
Pairwise: biased
News mode: BM
Num agents: 2
Iteration: 9
Error margin: None
Gaussian radius 5 
Grid info: range: 0-50-50, cell_size:0.125, map shape: (400, 400), center:True
init UAV positions: [(25.0, -25.0, 5.4), (-25.0, 25.0, 5.4)]
mcts_params: {}
Step	Entropy	MSE	Coverage	Heights	Actions	IGs
------------------------------------------------------------------------------------------------------------------------
0    	158805.66   	0.405   	0.0078  	[5.4, 5.4]	[up, up]	[762.1469, 759.8292]
1    	155595.48   	0.408   	0.0312  	[10.8, 10.8]	[up, up]	[911.6763, 896.6945]
2    	151063.76   	0.404   	0.0703  	[16.2, 16.2]	[up, up]	[888.8833, 895.2033]
3    	145728.65   	0.392   	0.1250  	[21.7, 21.7]	[left, right]	[890.5463, 885.0756]
4    	140612.79   	0.381   	0.1562  	[21.7, 21.7]	[front, back]	[929.4916, 908.3061]
5    	134563.51   	0.360   	0.1953  	[21.7, 21.7]	[front, back]	[952.0081, 934.2459]
6    	128626.50   	0.336   	0.2344  	[21.7, 21.7]	[left, right]	[1061.1545, 1046.6658]
7    	121968.03   	0.326   	0.2812  	[21.7, 21.7]	[front, right]	[1129.8733, 1122.2374]
8    	114924.25   	0.303   	0.3281  	[21.7, 21.7]	[left, back]	[1243.8767, 1244.5371]
9    	107104.62   	0.282   	0.3828  	[21.7, 21.7]	[left, right]	[1319.4662, 1324.6750]
10   	98748.46    	0.266   	0.4375  	[21.7, 21.7]	[front, back]	[1435.9603, 1440.1554]
11   	89580.29    	0.223   	0.5000  	[21.7, 21.7]	[front, back]	[1464.0214, 1470.1165]
12   	80485.80    	0.177   	0.5625  	[21.7, 21.7]	[front, back]	[1508.2537, 1517.7644]
13   	70913.06    	0.128   	0.6250  	[21.7, 21.7]	[front, back]	[1521.4139, 1539.9118]
14   	61233.43    	0.083   	0.6875  	[21.7, 21.7]	[front, back]	[1533.4705, 1549.0919]
15   	51471.74    	0.049   	0.7500  	[21.7, 21.7]	[front, back]	[1536.0903, 1559.3306]
16   	41577.27    	0.028   	0.8125  	[21.7, 21.7]	[front, back]	[1541.4109, 1550.2575]
17   	31707.44    	0.028   	0.8750  	[21.7, 21.7]	[front, back]	[1554.0828, 1536.8538]
18   	21865.16    	0.028   	0.9375  	[21.7, 21.7]	[front, back]	[1545.4174, 1545.6440]
19   	11883.77    	0.028   	1.0000  	[21.7, 21.7]	[left, right]	[1447.2647, 1439.5892]
20   	7954.97     	0.012   	1.0000  	[21.7, 21.7]	[left, right]	[1473.1159, 1476.0167]
21   	5597.74     	0.007   	1.0000  	[21.7, 21.7]	[left, right]	[1506.8390, 1522.1293]
22   	4853.55     	0.006   	1.0000  	[21.7, 21.7]	[left, right]	[1528.9028, 1539.1167]
23   	4606.76     	0.005   	1.0000  	[21.7, 21.7]	[left, right]	[1531.0508, 1544.5853]
24   	4510.84     	0.005   	1.0000  	[21.7, 21.7]	[left, right]	[1532.6226, 1536.3947]
25   	4456.22     	0.005   	1.0000  	[21.7, 21.7]	[left, right]	[1528.5310, 1541.5954]
26   	4409.14     	0.005   	1.0000  	[21.7, 21.7]	[left, right]	[1543.8388, 1544.6763]
27   	4368.59     	0.005   	1.0000  	[21.7, 21.7]	[back, front]	[1451.6401, 1443.7220]
28   	4377.06     	0.005   	1.0000  	[21.7, 21.7]	[back, front]	[1477.2394, 1453.0588]
29   	4372.18     	0.005   	1.0000  	[21.7, 21.7]	[back, front]	[1522.8393, 1509.9529]
30   	4369.40     	0.005   	1.0000  	[21.7, 21.7]	[back, front]	[1535.5291, 1535.8943]
31   	4359.82     	0.005   	1.0000  	[21.7, 21.7]	[back, front]	[1543.0449, 1539.3818]
32   	4329.79     	0.004   	1.0000  	[21.7, 21.7]	[back, front]	[1551.0737, 1539.4574]
33   	4266.02     	0.004   	1.0000  	[21.7, 21.7]	[back, front]	[1537.8654, 1543.1751]
34   	4023.91     	0.004   	1.0000  	[21.7, 21.7]	[back, front]	[1526.8096, 1566.4191]
35   	3145.72     	0.003   	1.0000  	[21.7, 21.7]	[hover, hover]	[785.5883, 812.9368]
36   	2577.21     	0.001   	1.0000  	[21.7, 21.7]	[hover, left]	[300.7819, 318.1319]
37   	2378.60     	0.001   	1.0000  	[21.7, 21.7]	[right, right]	[130.5621, 132.4917]
38   	2208.63     	0.001   	1.0000  	[21.7, 21.7]	[right, left]	[70.6400, 60.9332]
39   	2193.61     	0.001   	1.0000  	[21.7, 21.7]	[right, right]	[45.6641, 45.0132]
40   	2155.09     	0.001   	1.0000  	[21.7, 21.7]	[hover, hover]	[35.6385, 34.4148]
41   	2141.65     	0.001   	1.0000  	[21.7, 21.7]	[left, left]	[31.8446, 32.1752]
42   	2135.83     	0.001   	1.0000  	[21.7, 21.7]	[left, left]	[31.8249, 33.5359]
43   	2129.28     	0.001   	1.0000  	[21.7, 21.7]	[left, left]	[41.3787, 31.7828]
44   	2092.61     	0.001   	1.0000  	[21.7, 21.7]	[front, hover]	[33.0932, 29.6099]
45   	2092.99     	0.001   	1.0000  	[21.7, 21.7]	[front, left]	[31.4116, 28.8975]
46   	2087.17     	0.001   	1.0000  	[21.7, 21.7]	[front, left]	[32.6492, 29.4766]
47   	2077.52     	0.001   	1.0000  	[21.7, 21.7]	[front, left]	[35.8998, 28.8880]
48   	2075.58     	0.001   	1.0000  	[21.7, 21.7]	[front, left]	[35.6794, 29.6669]
49   	2072.26     	0.001   	1.0000  	[21.7, 21.7]	[front, back]	[43.3844, 29.0042]
50   	2071.86     	0.001   	1.0000  	[21.7, 21.7]	[front, back]	[69.1150, 29.8882]
51   	2067.48     	0.001   	1.0000  	[21.7, 21.7]	[front, back]	[138.6226, 31.7684]
52   	2063.27     	0.001   	1.0000  	[21.7, 21.7]	[hover, left]	[70.1771, 32.3751]
53   	2056.66     	0.001   	1.0000  	[21.7, 21.7]	[hover, back]	[40.2775, 33.2544]
54   	2053.11     	0.001   	1.0000  	[21.7, 21.7]	[hover, back]	[32.1865, 36.0751]
55   	2048.13     	0.001   	1.0000  	[21.7, 21.7]	[hover, back]	[29.5425, 42.7784]
56   	2044.26     	0.001   	1.0000  	[21.7, 21.7]	[hover, back]	[28.6675, 68.6487]
57   	2041.22     	0.001   	1.0000  	[21.7, 21.7]	[right, back]	[27.9893, 137.4647]
58   	2032.93     	0.001   	1.0000  	[21.7, 21.7]	[right, hover]	[27.9375, 69.8219]
59   	2026.77     	0.001   	1.0000  	[21.7, 21.7]	[right, hover]	[27.9419, 40.5263]
60   	2022.94     	0.001   	1.0000  	[21.7, 21.7]	[right, hover]	[28.5712, 31.9296]
61   	2022.89     	0.001   	1.0000  	[21.7, 21.7]	[right, hover]	[29.2490, 29.1597]
62   	2023.98     	0.001   	1.0000  	[21.7, 21.7]	[right, hover]	[39.0036, 28.5565]
63   	2020.03     	0.001   	1.0000  	[21.7, 21.7]	[right, hover]	[63.8003, 28.1720]
64   	2014.68     	0.001   	1.0000  	[21.7, 21.7]	[right, hover]	[134.2370, 27.5938]
65   	2010.75     	0.001   	1.0000  	[21.7, 21.7]	[hover, hover]	[65.4408, 27.3370]
66   	2010.10     	0.001   	1.0000  	[21.7, 21.7]	[hover, front]	[38.3782, 26.7997]
67   	2008.78     	0.001   	1.0000  	[21.7, 21.7]	[hover, front]	[31.0225, 27.5441]
68   	2005.36     	0.001   	1.0000  	[21.7, 21.7]	[hover, right]	[28.9825, 27.6915]
69   	2006.63     	0.001   	1.0000  	[21.7, 21.7]	[hover, front]	[27.6017, 27.6525]
70   	2004.64     	0.001   	1.0000  	[21.7, 21.7]	[hover, hover]	[27.1048, 27.7594]
71   	2001.32     	0.001   	1.0000  	[21.7, 21.7]	[back, hover]	[26.7917, 27.5939]
72   	2003.81     	0.001   	1.0000  	[21.7, 21.7]	[left, hover]	[26.5484, 27.4779]
73   	2001.83     	0.001   	1.0000  	[21.7, 21.7]	[right, hover]	[26.0532, 27.5075]
74   	2001.34     	0.001   	1.0000  	[21.7, 21.7]	[front, hover]	[26.0661, 27.3155]
75   	2002.03     	0.001   	1.0000  	[21.7, 21.7]	[back, left]	[25.7661, 26.7284]
76   	1998.24     	0.001   	1.0000  	[21.7, 21.7]	[front, front]	[25.9073, 27.0432]
77   	1996.21     	0.001   	1.0000  	[21.7, 21.7]	[back, hover]	[25.9987, 27.0103]
78   	1995.20     	0.001   	1.0000  	[21.7, 21.7]	[back, hover]	[26.0313, 26.6726]
79   	1994.30     	0.001   	1.0000  	[21.7, 21.7]	[back, hover]	[26.2138, 26.3960]
80   	1992.41     	0.001   	1.0000  	[21.7, 21.7]	[hover, hover]	[26.4715, 25.9869]
81   	1995.08     	0.001   	1.0000  	[21.7, 21.7]	[hover, hover]	[26.4349, 25.8853]
82   	1994.45     	0.001   	1.0000  	[21.7, 21.7]	[hover, hover]	[26.2782, 25.8724]
83   	1992.49     	0.001   	1.0000  	[21.7, 21.7]	[hover, hover]	[26.3229, 25.9590]
84   	1993.62     	0.001   	1.0000  	[21.7, 21.7]	[left, hover]	[26.3757, 25.7133]
85   	1992.02     	0.001   	1.0000  	[21.7, 21.7]	[right, hover]	[26.2552, 25.6509]
86   	1992.89     	0.001   	1.0000  	[21.7, 21.7]	[left, hover]	[26.1006, 25.7378]
87   	1992.02     	0.001   	1.0000  	[21.7, 21.7]	[hover, hover]	[26.0298, 25.5168]
88   	1991.77     	0.001   	1.0000  	[21.7, 21.7]	[hover, hover]	[25.9390, 25.4390]
89   	1993.03     	0.001   	1.0000  	[21.7, 21.7]	[hover, hover]	[26.0644, 25.2457]
90   	1990.21     	0.001   	1.0000  	[21.7, 21.7]	[hover, hover]	[25.9995, 25.1657]
91   	1989.13     	0.001   	1.0000  	[21.7, 21.7]	[back, hover]	[25.6445, 25.0939]
92   	1991.19     	0.001   	1.0000  	[21.7, 21.7]	[back, hover]	[27.3057, 25.1602]
93   	1990.96     	0.001   	1.0000  	[21.7, 21.7]	[back, front]	[28.2137, 25.1083]
94   	1986.30     	0.001   	1.0000  	[21.7, 21.7]	[back, hover]	[29.9734, 25.0329]
95   	1982.67     	0.001   	1.0000  	[21.7, 21.7]	[back, hover]	[29.9544, 25.1244]
96   	1978.89     	0.001   	1.0000  	[21.7, 21.7]	[hover, hover]	[28.9949, 25.0625]
97   	1976.66     	0.001   	1.0000  	[21.7, 21.7]	[hover, hover]	[27.9190, 24.9436]
98   	1974.64     	0.001   	1.0000  	[21.7, 21.7]	[hover, back]	[27.8768, 24.9582]
99   	1973.86     	0.001   	1.0000  	[21.7, 21.7]	[hover, back]	[28.1671, 24.8806]
[2025-12-11T11:31:58]
Strategy: greedy_ig
Pairwise: biased
News mode: BM
Num agents: 2
Iteration: 10
Error margin: None
Gaussian radius 5 
Grid info: range: 0-50-50, cell_size:0.125, map shape: (400, 400), center:True
init UAV positions: [(-25.0, 25.0, 5.4), (25.0, -25.0, 5.4)]
mcts_params: {}
Step	Entropy	MSE	Coverage	Heights	Actions	IGs
------------------------------------------------------------------------------------------------------------------------
0    	158805.66   	0.405   	0.0078  	[5.4, 5.4]	[up, up]	[762.1469, 759.8292]
1    	155581.57   	0.408   	0.0312  	[10.8, 10.8]	[up, up]	[903.5517, 895.3701]
2    	151024.02   	0.404   	0.0703  	[16.2, 16.2]	[up, up]	[885.6158, 888.5734]
3    	145671.11   	0.392   	0.1250  	[21.7, 21.7]	[right, front]	[883.8615, 879.8666]
4    	140502.20   	0.373   	0.1562  	[21.7, 21.7]	[back, left]	[913.8929, 906.6808]
5    	134478.82   	0.360   	0.1953  	[21.7, 21.7]	[back, front]	[938.5925, 935.1139]
6    	128528.27   	0.336   	0.2344  	[21.7, 21.7]	[right, left]	[1050.2971, 1041.7882]
7    	121846.17   	0.326   	0.2812  	[21.7, 21.7]	[back, front]	[1116.6036, 1111.1337]
8    	114783.21   	0.295   	0.3281  	[21.7, 21.7]	[right, left]	[1221.2608, 1243.1519]
9    	106979.55   	0.282   	0.3828  	[21.7, 21.7]	[back, left]	[1303.6500, 1321.3918]
10   	98779.27    	0.255   	0.4375  	[21.7, 21.7]	[right, front]	[1428.6437, 1444.8830]
11   	89636.83    	0.223   	0.5000  	[21.7, 21.7]	[right, front]	[1476.5139, 1467.1361]
12   	80667.77    	0.180   	0.5586  	[21.7, 21.7]	[right, front]	[1488.8680, 1474.9244]
13   	71919.85    	0.140   	0.6094  	[21.7, 21.7]	[right, front]	[1464.4844, 1453.4459]
14   	64083.39    	0.106   	0.6523  	[21.7, 21.7]	[right, front]	[1433.4105, 1421.4248]
15   	57401.79    	0.081   	0.6875  	[21.7, 21.7]	[right, front]	[1391.5415, 1396.9884]
16   	52032.75    	0.067   	0.7148  	[21.7, 21.7]	[right, front]	[1367.1525, 1379.1873]
17   	47755.42    	0.064   	0.7344  	[21.7, 21.7]	[right, front]	[1341.2217, 1333.5797]
18   	44741.99    	0.061   	0.7461  	[21.7, 21.7]	[right, front]	[1305.4049, 1300.3250]
19   	42966.81    	0.058   	0.7500  	[21.7, 21.7]	[back, left]	[1337.4804, 1326.5973]
20   	42809.99    	0.057   	0.7500  	[21.7, 21.7]	[back, left]	[1450.0061, 1450.0933]
21   	42740.42    	0.057   	0.7500  	[21.7, 21.7]	[back, left]	[1476.9887, 1503.8362]
22   	42738.08    	0.057   	0.7500  	[21.7, 21.7]	[back, left]	[1503.6587, 1523.7911]
23   	42741.73    	0.057   	0.7500  	[21.7, 21.7]	[back, left]	[1530.7751, 1529.4988]
24   	42731.23    	0.057   	0.7500  	[21.7, 21.7]	[back, left]	[1525.8997, 1542.0445]
25   	42699.88    	0.056   	0.7500  	[21.7, 21.7]	[back, left]	[1534.8290, 1555.8261]
26   	42633.95    	0.056   	0.7500  	[21.7, 21.7]	[back, left]	[1547.6465, 1556.4152]
27   	42397.30    	0.056   	0.7500  	[21.7, 21.7]	[left, back]	[1443.3811, 1458.4913]
28   	37398.75    	0.046   	0.8086  	[21.7, 21.7]	[left, back]	[1447.2669, 1470.7322]
29   	30939.99    	0.033   	0.8594  	[21.7, 21.7]	[left, back]	[1440.3465, 1457.8411]
30   	23913.63    	0.021   	0.9023  	[21.7, 21.7]	[left, back]	[1427.0525, 1444.0282]
31   	17513.81    	0.016   	0.9375  	[21.7, 21.7]	[left, back]	[1407.4411, 1414.1363]
32   	12153.74    	0.012   	0.9648  	[21.7, 21.7]	[left, back]	[1381.9010, 1382.5323]
33   	7913.71     	0.009   	0.9844  	[21.7, 21.7]	[left, back]	[1344.5524, 1343.2546]
34   	4949.77     	0.006   	0.9961  	[21.7, 21.7]	[left, back]	[1305.6671, 1301.5115]
35   	3212.80     	0.003   	1.0000  	[21.7, 21.7]	[left, back]	[665.2387, 669.9802]
36   	2677.76     	0.002   	1.0000  	[21.7, 21.7]	[down, down]	[335.5671, 338.7096]
37   	2605.39     	0.002   	1.0000  	[16.2, 16.2]	[front, right]	[165.4410, 162.6006]
38   	2588.40     	0.001   	1.0000  	[16.2, 16.2]	[front, right]	[121.2921, 119.2074]
39   	2581.80     	0.001   	1.0000  	[16.2, 16.2]	[front, right]	[63.1079, 67.4352]
40   	2571.09     	0.001   	1.0000  	[16.2, 16.2]	[hover, right]	[43.8882, 41.3278]
41   	2556.85     	0.001   	1.0000  	[16.2, 16.2]	[back, right]	[36.8997, 36.7644]
42   	2552.68     	0.001   	1.0000  	[16.2, 16.2]	[front, right]	[33.4038, 34.6849]
43   	2552.61     	0.001   	1.0000  	[16.2, 16.2]	[front, front]	[33.2822, 30.7317]
44   	2545.24     	0.001   	1.0000  	[16.2, 16.2]	[right, up]	[33.7355, 29.5508]
45   	2548.24     	0.001   	1.0000  	[16.2, 21.7]	[up, right]	[35.0691, 28.9357]
46   	2543.99     	0.001   	1.0000  	[21.7, 21.7]	[hover, front]	[33.5300, 28.0382]
47   	2540.38     	0.001   	1.0000  	[21.7, 21.7]	[hover, left]	[32.9201, 27.4016]
48   	2537.28     	0.001   	1.0000  	[21.7, 21.7]	[hover, hover]	[31.9867, 26.9272]
49   	2539.08     	0.001   	1.0000  	[21.7, 21.7]	[hover, hover]	[31.1368, 26.7637]
50   	2531.52     	0.001   	1.0000  	[21.7, 21.7]	[back, hover]	[30.5095, 26.3342]
51   	2535.63     	0.001   	1.0000  	[21.7, 21.7]	[back, hover]	[30.2457, 26.3324]
52   	2533.38     	0.001   	1.0000  	[21.7, 21.7]	[back, hover]	[38.3857, 26.3235]
53   	2527.34     	0.001   	1.0000  	[21.7, 21.7]	[back, hover]	[63.5440, 26.0556]
54   	2483.45     	0.001   	1.0000  	[21.7, 21.7]	[hover, hover]	[36.1268, 25.9558]
55   	2469.32     	0.001   	1.0000  	[21.7, 21.7]	[hover, hover]	[30.0734, 25.5452]
56   	2464.64     	0.001   	1.0000  	[21.7, 21.7]	[hover, right]	[28.8725, 25.5254]
57   	2462.97     	0.001   	1.0000  	[21.7, 21.7]	[hover, right]	[27.8918, 26.2336]
58   	2457.47     	0.001   	1.0000  	[21.7, 21.7]	[hover, hover]	[27.5046, 26.2276]
59   	2455.94     	0.001   	1.0000  	[21.7, 21.7]	[right, hover]	[27.0585, 26.0012]
60   	2454.57     	0.001   	1.0000  	[21.7, 21.7]	[right, hover]	[26.9959, 25.8824]
61   	2456.01     	0.001   	1.0000  	[21.7, 21.7]	[right, back]	[28.4290, 26.2165]
62   	2452.39     	0.001   	1.0000  	[21.7, 21.7]	[right, front]	[29.7328, 25.9700]
63   	2452.80     	0.001   	1.0000  	[21.7, 21.7]	[right, hover]	[31.6114, 25.9598]
64   	2449.08     	0.001   	1.0000  	[21.7, 21.7]	[right, hover]	[40.5273, 26.0631]
65   	2447.30     	0.001   	1.0000  	[21.7, 21.7]	[right, front]	[72.5699, 25.9615]
66   	2445.34     	0.001   	1.0000  	[21.7, 21.7]	[right, front]	[145.2093, 25.8863]
67   	2439.39     	0.001   	1.0000  	[21.7, 21.7]	[hover, front]	[74.2289, 28.2411]
68   	2436.84     	0.001   	1.0000  	[21.7, 21.7]	[hover, front]	[42.8441, 32.7511]
69   	2429.30     	0.001   	1.0000  	[21.7, 21.7]	[hover, front]	[32.6964, 42.1337]
70   	2420.02     	0.001   	1.0000  	[21.7, 21.7]	[hover, front]	[30.7727, 67.8301]
71   	2369.40     	0.001   	1.0000  	[21.7, 21.7]	[hover, front]	[29.6779, 133.4030]
72   	2154.46     	0.001   	1.0000  	[21.7, 21.7]	[front, hover]	[28.5733, 66.5702]
73   	2034.61     	0.001   	1.0000  	[21.7, 21.7]	[hover, hover]	[28.1904, 39.9161]
74   	2001.90     	0.001   	1.0000  	[21.7, 21.7]	[back, hover]	[27.7079, 32.0590]
75   	1987.53     	0.001   	1.0000  	[21.7, 21.7]	[front, hover]	[27.6750, 28.6530]
76   	1981.89     	0.001   	1.0000  	[21.7, 21.7]	[back, hover]	[27.2550, 27.4799]
77   	1979.02     	0.001   	1.0000  	[21.7, 21.7]	[hover, left]	[26.9322, 26.6560]
78   	1976.34     	0.001   	1.0000  	[21.7, 21.7]	[hover, hover]	[26.9140, 26.3062]
79   	1975.45     	0.001   	1.0000  	[21.7, 21.7]	[hover, back]	[26.6117, 26.3761]
80   	1972.69     	0.001   	1.0000  	[21.7, 21.7]	[left, back]	[26.4443, 26.1573]
81   	1972.34     	0.001   	1.0000  	[21.7, 21.7]	[hover, back]	[26.1532, 26.1096]
82   	1973.09     	0.001   	1.0000  	[21.7, 21.7]	[hover, hover]	[25.9613, 25.8010]
83   	1971.86     	0.001   	1.0000  	[21.7, 21.7]	[front, hover]	[26.0670, 25.8595]
84   	1972.62     	0.001   	1.0000  	[21.7, 21.7]	[back, left]	[26.0859, 25.9905]
85   	1971.91     	0.001   	1.0000  	[21.7, 21.7]	[hover, hover]	[26.1603, 25.7461]
86   	1972.46     	0.001   	1.0000  	[21.7, 21.7]	[front, hover]	[26.0581, 25.5815]
87   	1973.78     	0.001   	1.0000  	[21.7, 21.7]	[hover, hover]	[26.0221, 25.5408]
88   	1971.37     	0.001   	1.0000  	[21.7, 21.7]	[hover, hover]	[25.8664, 25.6253]
89   	1971.91     	0.001   	1.0000  	[21.7, 21.7]	[hover, right]	[25.9925, 25.2712]
90   	1969.39     	0.001   	1.0000  	[21.7, 21.7]	[hover, left]	[25.6948, 25.4815]
91   	1969.06     	0.000   	1.0000  	[21.7, 21.7]	[front, left]	[25.6168, 25.3933]
92   	1968.30     	0.000   	1.0000  	[21.7, 21.7]	[back, left]	[25.6382, 26.3485]
93   	1968.23     	0.000   	1.0000  	[21.7, 21.7]	[hover, left]	[25.6220, 30.2676]
94   	1967.59     	0.000   	1.0000  	[21.7, 21.7]	[hover, left]	[25.7524, 30.1607]
95   	1967.09     	0.000   	1.0000  	[21.7, 21.7]	[front, left]	[25.5064, 32.8144]
96   	1965.91     	0.000   	1.0000  	[21.7, 21.7]	[right, left]	[25.4058, 38.4405]
97   	1962.56     	0.000   	1.0000  	[21.7, 21.7]	[left, front]	[25.4246, 44.9972]
98   	1960.86     	0.000   	1.0000  	[21.7, 21.7]	[back, front]	[25.5019, 66.9721]
99   	1958.16     	0.000   	1.0000  	[21.7, 21.7]	[front, front]	[25.4639, 138.3713]
[2025-12-11T11:32:05]
Strategy: greedy_ig
Pairwise: biased
News mode: BM
Num agents: 2
Iteration: 11
Error margin: None
Gaussian radius 5 
Grid info: range: 0-50-50, cell_size:0.125, map shape: (400, 400), center:True
init UAV positions: [(-25.0, -25.0, 5.4), (-25.0, 25.0, 5.4)]
mcts_params: {}
Step	Entropy	MSE	Coverage	Heights	Actions	IGs
------------------------------------------------------------------------------------------------------------------------
0    	158805.66   	0.405   	0.0078  	[5.4, 5.4]	[up, up]	[762.1469, 759.8292]
1    	155594.58   	0.408   	0.0312  	[10.8, 10.8]	[up, up]	[909.4220, 896.6945]
2    	151058.41   	0.413   	0.0703  	[16.2, 16.2]	[up, up]	[887.3741, 895.2033]
3    	145740.04   	0.421   	0.1250  	[21.7, 21.7]	[front, right]	[889.3742, 885.0756]
4    	140593.40   	0.416   	0.1562  	[21.7, 21.7]	[right, back]	[927.2698, 908.3061]
5    	134562.14   	0.414   	0.1953  	[21.7, 21.7]	[right, back]	[953.5119, 934.2459]
6    	128616.67   	0.409   	0.2344  	[21.7, 21.7]	[front, right]	[1058.8368, 1046.6658]
7    	121852.69   	0.401   	0.2812  	[21.7, 21.7]	[front, right]	[1111.1211, 1122.2374]
8    	114832.83   	0.386   	0.3281  	[21.7, 21.7]	[right, back]	[1231.2347, 1244.5371]
9    	107006.20   	0.380   	0.3828  	[21.7, 21.7]	[front, right]	[1305.9383, 1324.6750]
10   	98735.16    	0.366   	0.4375  	[21.7, 21.7]	[right, back]	[1431.3019, 1440.1554]
11   	89594.12    	0.342   	0.5000  	[21.7, 21.7]	[right, right]	[1472.1708, 1432.7723]
12   	80607.64    	0.310   	0.5625  	[21.7, 21.7]	[right, right]	[1509.1133, 1481.9799]
13   	71189.35    	0.273   	0.6250  	[21.7, 21.7]	[right, right]	[1523.3696, 1516.4520]
14   	61485.45    	0.234   	0.6875  	[21.7, 21.7]	[right, right]	[1528.9506, 1520.3297]
15   	51644.67    	0.192   	0.7500  	[21.7, 21.7]	[right, right]	[1522.8877, 1529.7406]
16   	41894.27    	0.149   	0.8125  	[21.7, 21.7]	[right, right]	[1533.9424, 1543.8803]
17   	32139.02    	0.106   	0.8750  	[21.7, 21.7]	[right, right]	[1543.4806, 1554.7281]
18   	22352.33    	0.065   	0.9375  	[21.7, 21.7]	[right, right]	[1541.2878, 1568.1702]
19   	12394.71    	0.029   	1.0000  	[21.7, 21.7]	[front, back]	[1307.0712, 1311.3537]
20   	8399.62     	0.013   	1.0000  	[21.7, 21.7]	[front, back]	[1231.4304, 1253.3447]
21   	6284.64     	0.008   	1.0000  	[21.7, 21.7]	[front, back]	[1242.8647, 1255.8984]
22   	5712.68     	0.007   	1.0000  	[21.7, 21.7]	[front, back]	[1263.1149, 1264.8092]
23   	5562.03     	0.007   	1.0000  	[21.7, 21.7]	[front, back]	[1404.4747, 1414.7648]
24   	5522.54     	0.007   	1.0000  	[21.7, 21.7]	[front, back]	[1527.8354, 1534.5440]
25   	5460.77     	0.007   	1.0000  	[21.7, 21.7]	[front, back]	[1537.2863, 1550.0776]
26   	5158.26     	0.006   	1.0000  	[21.7, 21.7]	[front, back]	[1533.4614, 1562.9892]
27   	4316.39     	0.005   	1.0000  	[21.7, 21.7]	[left, left]	[1429.2070, 1446.2039]
28   	4206.41     	0.004   	1.0000  	[21.7, 21.7]	[left, left]	[1464.8047, 1468.7366]
29   	4171.80     	0.004   	1.0000  	[21.7, 21.7]	[left, left]	[1497.7231, 1528.1759]
30   	4173.38     	0.004   	1.0000  	[21.7, 21.7]	[left, left]	[1523.3590, 1545.4243]
31   	4172.75     	0.004   	1.0000  	[21.7, 21.7]	[left, left]	[1534.5634, 1538.6044]
32   	4160.27     	0.004   	1.0000  	[21.7, 21.7]	[left, left]	[1546.6744, 1532.5712]
33   	4111.82     	0.004   	1.0000  	[21.7, 21.7]	[left, left]	[1539.4842, 1550.0206]
34   	3978.87     	0.004   	1.0000  	[21.7, 21.7]	[left, left]	[1536.8490, 1537.8630]
35   	3568.91     	0.003   	1.0000  	[21.7, 21.7]	[hover, hover]	[792.3324, 792.4674]
36   	3249.34     	0.002   	1.0000  	[21.7, 21.7]	[hover, front]	[315.4255, 360.5672]
37   	3061.58     	0.002   	1.0000  	[21.7, 21.7]	[back, back]	[135.3475, 136.1485]
38   	3009.72     	0.002   	1.0000  	[21.7, 21.7]	[front, front]	[66.3262, 84.0637]
39   	2994.55     	0.002   	1.0000  	[21.7, 21.7]	[back, front]	[47.0119, 59.2260]
40   	2986.85     	0.002   	1.0000  	[21.7, 21.7]	[back, front]	[39.6586, 43.7072]
41   	2980.22     	0.002   	1.0000  	[21.7, 21.7]	[back, front]	[37.5853, 36.2273]
42   	2974.77     	0.002   	1.0000  	[21.7, 21.7]	[hover, back]	[33.9907, 34.6666]
43   	2974.16     	0.002   	1.0000  	[21.7, 21.7]	[back, front]	[34.0692, 33.1475]
44   	2970.75     	0.002   	1.0000  	[21.7, 21.7]	[back, right]	[32.6869, 31.5918]
45   	2970.70     	0.002   	1.0000  	[21.7, 21.7]	[back, front]	[32.3367, 30.7213]
46   	2964.88     	0.002   	1.0000  	[21.7, 21.7]	[front, back]	[31.3614, 29.9285]
47   	2965.80     	0.002   	1.0000  	[21.7, 21.7]	[front, left]	[31.1279, 30.0993]
48   	2963.40     	0.002   	1.0000  	[21.7, 21.7]	[back, back]	[30.8371, 29.7225]
49   	2964.24     	0.002   	1.0000  	[21.7, 21.7]	[front, back]	[29.5697, 28.9893]
50   	2963.99     	0.002   	1.0000  	[21.7, 21.7]	[hover, back]	[28.9752, 28.9908]
51   	2963.29     	0.002   	1.0000  	[21.7, 21.7]	[hover, back]	[28.8382, 36.3007]
52   	2960.98     	0.002   	1.0000  	[21.7, 21.7]	[hover, hover]	[28.0197, 29.0576]
53   	2959.41     	0.002   	1.0000  	[21.7, 21.7]	[hover, hover]	[27.9310, 27.2928]
54   	2957.10     	0.002   	1.0000  	[21.7, 21.7]	[back, front]	[27.8649, 26.7582]
55   	2957.33     	0.002   	1.0000  	[21.7, 21.7]	[front, front]	[27.6158, 26.8179]
56   	2957.23     	0.002   	1.0000  	[21.7, 21.7]	[hover, front]	[27.4965, 26.9225]
57   	2956.51     	0.002   	1.0000  	[21.7, 21.7]	[right, right]	[27.1446, 26.9501]
58   	2959.36     	0.002   	1.0000  	[21.7, 21.7]	[left, hover]	[27.1516, 26.2231]
59   	2956.41     	0.002   	1.0000  	[21.7, 21.7]	[back, front]	[27.0126, 26.3196]
60   	2955.63     	0.002   	1.0000  	[21.7, 21.7]	[hover, left]	[26.9120, 26.6209]
61   	2953.28     	0.002   	1.0000  	[21.7, 21.7]	[hover, hover]	[26.8917, 26.6476]
62   	2953.56     	0.002   	1.0000  	[21.7, 21.7]	[right, hover]	[26.3891, 26.7313]
63   	2952.66     	0.002   	1.0000  	[21.7, 21.7]	[hover, hover]	[26.7115, 26.5167]
64   	2951.95     	0.002   	1.0000  	[21.7, 21.7]	[hover, hover]	[26.7362, 26.3255]
65   	2952.31     	0.002   	1.0000  	[21.7, 21.7]	[left, hover]	[26.4026, 26.0854]
66   	2953.04     	0.002   	1.0000  	[21.7, 21.7]	[hover, hover]	[26.6438, 26.0645]
67   	2949.74     	0.002   	1.0000  	[21.7, 21.7]	[right, hover]	[26.5994, 25.9550]
68   	2950.37     	0.002   	1.0000  	[21.7, 21.7]	[right, hover]	[26.2877, 26.1521]
69   	2949.40     	0.002   	1.0000  	[21.7, 21.7]	[right, front]	[26.3344, 25.9623]
70   	2949.84     	0.002   	1.0000  	[21.7, 21.7]	[back, right]	[26.6800, 25.7715]
71   	2946.60     	0.002   	1.0000  	[21.7, 21.7]	[right, right]	[27.9229, 26.2281]
72   	2948.83     	0.002   	1.0000  	[21.7, 21.7]	[back, hover]	[28.6115, 26.1518]
73   	2945.40     	0.002   	1.0000  	[21.7, 21.7]	[right, hover]	[30.6390, 26.0791]
74   	2940.68     	0.002   	1.0000  	[21.7, 21.7]	[right, hover]	[34.9866, 26.1765]
75   	2934.41     	0.002   	1.0000  	[21.7, 21.7]	[up, right]	[50.5482, 25.9461]
76   	2883.82     	0.001   	1.0000  	[27.1, 21.7]	[right, right]	[87.1945, 26.7375]
77   	2652.81     	0.001   	1.0000  	[27.1, 21.7]	[hover, right]	[51.0765, 27.1657]
78   	2530.72     	0.001   	1.0000  	[27.1, 21.7]	[hover, right]	[34.1879, 27.7632]
79   	2476.35     	0.001   	1.0000  	[27.1, 21.7]	[down, right]	[28.7324, 29.8826]
80   	2474.50     	0.001   	1.0000  	[21.7, 21.7]	[right, right]	[31.3489, 33.4244]
81   	2472.28     	0.001   	1.0000  	[21.7, 21.7]	[back, front]	[36.0688, 37.7012]
82   	2439.65     	0.001   	1.0000  	[21.7, 21.7]	[hover, front]	[30.8701, 65.1409]
83   	2390.99     	0.001   	1.0000  	[21.7, 21.7]	[hover, front]	[29.3536, 136.6692]
84   	2143.68     	0.001   	1.0000  	[21.7, 21.7]	[hover, hover]	[28.9093, 65.8238]
85   	2043.41     	0.001   	1.0000  	[21.7, 21.7]	[hover, hover]	[28.9580, 36.9533]
86   	2005.27     	0.001   	1.0000  	[21.7, 21.7]	[hover, hover]	[28.6070, 29.2054]
87   	1995.27     	0.001   	1.0000  	[21.7, 21.7]	[hover, hover]	[27.9471, 27.2553]
88   	1988.96     	0.001   	1.0000  	[21.7, 21.7]	[front, hover]	[27.6740, 26.5623]
89   	1985.53     	0.001   	1.0000  	[21.7, 21.7]	[hover, hover]	[27.6306, 26.0529]
90   	1983.69     	0.001   	1.0000  	[21.7, 21.7]	[hover, back]	[27.6379, 25.8645]
91   	1984.05     	0.001   	1.0000  	[21.7, 21.7]	[hover, back]	[27.0883, 25.9201]
92   	1984.88     	0.001   	1.0000  	[21.7, 21.7]	[hover, hover]	[27.1394, 25.9915]
93   	1985.98     	0.001   	1.0000  	[21.7, 21.7]	[hover, back]	[26.8595, 25.7903]
94   	1985.95     	0.001   	1.0000  	[21.7, 21.7]	[hover, back]	[26.4044, 26.7507]
95   	1986.63     	0.001   	1.0000  	[21.7, 21.7]	[hover, back]	[26.4380, 29.2833]
96   	1985.80     	0.001   	1.0000  	[21.7, 21.7]	[hover, back]	[26.3247, 40.6818]
97   	1985.35     	0.001   	1.0000  	[21.7, 21.7]	[hover, up]	[26.0828, 41.9295]
98   	1986.54     	0.001   	1.0000  	[21.7, 27.1]	[hover, up]	[25.9102, 40.9332]
99   	1986.63     	0.001   	1.0000  	[21.7, 32.5]	[back, left]	[25.8756, 28.1343]
[2025-12-11T11:32:12]
Strategy: greedy_ig
Pairwise: biased
News mode: BM
Num agents: 2
Iteration: 12
Error margin: None
Gaussian radius 5 
Grid info: range: 0-50-50, cell_size:0.125, map shape: (400, 400), center:True
init UAV positions: [(-25.0, -25.0, 5.4), (-25.0, 25.0, 5.4)]
mcts_params: {}
Step	Entropy	MSE	Coverage	Heights	Actions	IGs
------------------------------------------------------------------------------------------------------------------------
0    	158805.66   	0.405   	0.0078  	[5.4, 5.4]	[up, up]	[762.1469, 759.8292]
1    	155594.58   	0.408   	0.0312  	[10.8, 10.8]	[up, up]	[909.4220, 896.6945]
2    	151058.41   	0.413   	0.0703  	[16.2, 16.2]	[up, up]	[887.3741, 895.2033]
3    	145740.04   	0.421   	0.1250  	[21.7, 21.7]	[front, right]	[889.3742, 885.0756]
4    	140593.40   	0.416   	0.1562  	[21.7, 21.7]	[right, back]	[927.2698, 908.3061]
5    	134562.14   	0.414   	0.1953  	[21.7, 21.7]	[right, back]	[953.5119, 934.2459]
6    	128616.67   	0.409   	0.2344  	[21.7, 21.7]	[front, right]	[1058.8368, 1046.6658]
7    	121852.69   	0.401   	0.2812  	[21.7, 21.7]	[front, right]	[1111.1211, 1122.2374]
8    	114832.83   	0.386   	0.3281  	[21.7, 21.7]	[right, back]	[1231.2347, 1244.5371]
9    	107006.20   	0.380   	0.3828  	[21.7, 21.7]	[front, right]	[1305.9383, 1324.6750]
10   	98735.16    	0.366   	0.4375  	[21.7, 21.7]	[right, back]	[1431.3019, 1440.1554]
11   	89594.12    	0.342   	0.5000  	[21.7, 21.7]	[right, right]	[1472.1708, 1432.7723]
12   	80607.64    	0.310   	0.5625  	[21.7, 21.7]	[right, right]	[1509.1133, 1481.9799]
13   	71189.35    	0.273   	0.6250  	[21.7, 21.7]	[right, right]	[1523.3696, 1516.4520]
14   	61485.45    	0.234   	0.6875  	[21.7, 21.7]	[right, right]	[1528.9506, 1520.3297]
15   	51644.67    	0.192   	0.7500  	[21.7, 21.7]	[right, right]	[1522.8877, 1529.7406]
16   	41894.27    	0.149   	0.8125  	[21.7, 21.7]	[right, right]	[1533.9424, 1543.8803]
17   	32139.02    	0.106   	0.8750  	[21.7, 21.7]	[right, right]	[1543.4806, 1554.7281]
18   	22352.33    	0.065   	0.9375  	[21.7, 21.7]	[right, right]	[1541.2878, 1568.1702]
19   	12394.71    	0.029   	1.0000  	[21.7, 21.7]	[front, back]	[1307.0712, 1311.3537]
20   	8399.62     	0.013   	1.0000  	[21.7, 21.7]	[front, back]	[1231.4304, 1253.3447]
21   	6284.64     	0.008   	1.0000  	[21.7, 21.7]	[front, back]	[1242.8647, 1255.8984]
22   	5712.68     	0.007   	1.0000  	[21.7, 21.7]	[front, back]	[1263.1149, 1264.8092]
23   	5562.03     	0.007   	1.0000  	[21.7, 21.7]	[front, back]	[1404.4747, 1414.7648]
24   	5522.54     	0.007   	1.0000  	[21.7, 21.7]	[front, back]	[1527.8354, 1534.5440]
25   	5460.77     	0.007   	1.0000  	[21.7, 21.7]	[front, back]	[1537.2863, 1550.0776]
26   	5158.26     	0.006   	1.0000  	[21.7, 21.7]	[front, back]	[1533.4614, 1562.9892]
27   	4316.39     	0.005   	1.0000  	[21.7, 21.7]	[left, left]	[1429.2070, 1446.2039]
28   	4206.41     	0.004   	1.0000  	[21.7, 21.7]	[left, left]	[1464.8047, 1468.7366]
29   	4171.80     	0.004   	1.0000  	[21.7, 21.7]	[left, left]	[1497.7231, 1528.1759]
30   	4173.38     	0.004   	1.0000  	[21.7, 21.7]	[left, left]	[1523.3590, 1545.4243]
31   	4172.75     	0.004   	1.0000  	[21.7, 21.7]	[left, left]	[1534.5634, 1538.6044]
32   	4160.27     	0.004   	1.0000  	[21.7, 21.7]	[left, left]	[1546.6744, 1532.5712]
33   	4111.82     	0.004   	1.0000  	[21.7, 21.7]	[left, left]	[1539.4842, 1550.0206]
34   	3978.87     	0.004   	1.0000  	[21.7, 21.7]	[left, left]	[1536.8490, 1537.8630]
35   	3568.91     	0.003   	1.0000  	[21.7, 21.7]	[hover, hover]	[792.3324, 792.4674]
36   	3249.34     	0.002   	1.0000  	[21.7, 21.7]	[hover, front]	[315.4255, 360.5672]
37   	3061.58     	0.002   	1.0000  	[21.7, 21.7]	[back, back]	[135.3475, 136.1485]
38   	3009.72     	0.002   	1.0000  	[21.7, 21.7]	[front, front]	[66.3262, 84.0637]
39   	2994.55     	0.002   	1.0000  	[21.7, 21.7]	[back, front]	[47.0119, 59.2260]
40   	2986.85     	0.002   	1.0000  	[21.7, 21.7]	[back, front]	[39.6586, 43.7072]
41   	2980.22     	0.002   	1.0000  	[21.7, 21.7]	[back, front]	[37.5853, 36.2273]
42   	2974.77     	0.002   	1.0000  	[21.7, 21.7]	[hover, back]	[33.9907, 34.6666]
43   	2974.16     	0.002   	1.0000  	[21.7, 21.7]	[back, front]	[34.0692, 33.1475]
44   	2970.75     	0.002   	1.0000  	[21.7, 21.7]	[back, right]	[32.6869, 31.5918]
45   	2970.70     	0.002   	1.0000  	[21.7, 21.7]	[back, front]	[32.3367, 30.7213]
46   	2964.88     	0.002   	1.0000  	[21.7, 21.7]	[front, back]	[31.3614, 29.9285]
47   	2965.80     	0.002   	1.0000  	[21.7, 21.7]	[front, left]	[31.1279, 30.0993]
48   	2963.40     	0.002   	1.0000  	[21.7, 21.7]	[back, back]	[30.8371, 29.7225]
49   	2964.24     	0.002   	1.0000  	[21.7, 21.7]	[front, back]	[29.5697, 28.9893]
50   	2963.99     	0.002   	1.0000  	[21.7, 21.7]	[hover, back]	[28.9752, 28.9908]
51   	2963.29     	0.002   	1.0000  	[21.7, 21.7]	[hover, back]	[28.8382, 36.3007]
52   	2960.98     	0.002   	1.0000  	[21.7, 21.7]	[hover, hover]	[28.0197, 29.0576]
53   	2959.41     	0.002   	1.0000  	[21.7, 21.7]	[hover, hover]	[27.9310, 27.2928]
54   	2957.10     	0.002   	1.0000  	[21.7, 21.7]	[back, front]	[27.8649, 26.7582]
55   	2957.33     	0.002   	1.0000  	[21.7, 21.7]	[front, front]	[27.6158, 26.8179]
56   	2957.23     	0.002   	1.0000  	[21.7, 21.7]	[hover, front]	[27.4965, 26.9225]
57   	2956.51     	0.002   	1.0000  	[21.7, 21.7]	[right, right]	[27.1446, 26.9501]
58   	2959.36     	0.002   	1.0000  	[21.7, 21.7]	[left, hover]	[27.1516, 26.2231]
59   	2956.41     	0.002   	1.0000  	[21.7, 21.7]	[back, front]	[27.0126, 26.3196]
60   	2955.63     	0.002   	1.0000  	[21.7, 21.7]	[hover, left]	[26.9120, 26.6209]
61   	2953.28     	0.002   	1.0000  	[21.7, 21.7]	[hover, hover]	[26.8917, 26.6476]
62   	2953.56     	0.002   	1.0000  	[21.7, 21.7]	[right, hover]	[26.3891, 26.7313]
63   	2952.66     	0.002   	1.0000  	[21.7, 21.7]	[hover, hover]	[26.7115, 26.5167]
64   	2951.95     	0.002   	1.0000  	[21.7, 21.7]	[hover, hover]	[26.7362, 26.3255]
65   	2952.31     	0.002   	1.0000  	[21.7, 21.7]	[left, hover]	[26.4026, 26.0854]
66   	2953.04     	0.002   	1.0000  	[21.7, 21.7]	[hover, hover]	[26.6438, 26.0645]
67   	2949.74     	0.002   	1.0000  	[21.7, 21.7]	[right, hover]	[26.5994, 25.9550]
68   	2950.37     	0.002   	1.0000  	[21.7, 21.7]	[right, hover]	[26.2877, 26.1521]
69   	2949.40     	0.002   	1.0000  	[21.7, 21.7]	[right, front]	[26.3344, 25.9623]
70   	2949.84     	0.002   	1.0000  	[21.7, 21.7]	[back, right]	[26.6800, 25.7715]
71   	2946.60     	0.002   	1.0000  	[21.7, 21.7]	[right, right]	[27.9229, 26.2281]
72   	2948.83     	0.002   	1.0000  	[21.7, 21.7]	[back, hover]	[28.6115, 26.1518]
73   	2945.40     	0.002   	1.0000  	[21.7, 21.7]	[right, hover]	[30.6390, 26.0791]
74   	2940.68     	0.002   	1.0000  	[21.7, 21.7]	[right, hover]	[34.9866, 26.1765]
75   	2934.41     	0.002   	1.0000  	[21.7, 21.7]	[up, right]	[50.5482, 25.9461]
76   	2883.82     	0.001   	1.0000  	[27.1, 21.7]	[right, right]	[87.1945, 26.7375]
77   	2652.81     	0.001   	1.0000  	[27.1, 21.7]	[hover, right]	[51.0765, 27.1657]
78   	2530.72     	0.001   	1.0000  	[27.1, 21.7]	[hover, right]	[34.1879, 27.7632]
79   	2476.35     	0.001   	1.0000  	[27.1, 21.7]	[down, right]	[28.7324, 29.8826]
80   	2474.50     	0.001   	1.0000  	[21.7, 21.7]	[right, right]	[31.3489, 33.4244]
81   	2472.28     	0.001   	1.0000  	[21.7, 21.7]	[back, front]	[36.0688, 37.7012]
82   	2439.65     	0.001   	1.0000  	[21.7, 21.7]	[hover, front]	[30.8701, 65.1409]
83   	2390.99     	0.001   	1.0000  	[21.7, 21.7]	[hover, front]	[29.3536, 136.6692]
84   	2143.68     	0.001   	1.0000  	[21.7, 21.7]	[hover, hover]	[28.9093, 65.8238]
85   	2043.41     	0.001   	1.0000  	[21.7, 21.7]	[hover, hover]	[28.9580, 36.9533]
86   	2005.27     	0.001   	1.0000  	[21.7, 21.7]	[hover, hover]	[28.6070, 29.2054]
87   	1995.27     	0.001   	1.0000  	[21.7, 21.7]	[hover, hover]	[27.9471, 27.2553]
88   	1988.96     	0.001   	1.0000  	[21.7, 21.7]	[front, hover]	[27.6740, 26.5623]
89   	1985.53     	0.001   	1.0000  	[21.7, 21.7]	[hover, hover]	[27.6306, 26.0529]
90   	1983.69     	0.001   	1.0000  	[21.7, 21.7]	[hover, back]	[27.6379, 25.8645]
91   	1984.05     	0.001   	1.0000  	[21.7, 21.7]	[hover, back]	[27.0883, 25.9201]
92   	1984.88     	0.001   	1.0000  	[21.7, 21.7]	[hover, hover]	[27.1394, 25.9915]
93   	1985.98     	0.001   	1.0000  	[21.7, 21.7]	[hover, back]	[26.8595, 25.7903]
94   	1985.95     	0.001   	1.0000  	[21.7, 21.7]	[hover, back]	[26.4044, 26.7507]
95   	1986.63     	0.001   	1.0000  	[21.7, 21.7]	[hover, back]	[26.4380, 29.2833]
96   	1985.80     	0.001   	1.0000  	[21.7, 21.7]	[hover, back]	[26.3247, 40.6818]
97   	1985.35     	0.001   	1.0000  	[21.7, 21.7]	[hover, up]	[26.0828, 41.9295]
98   	1986.54     	0.001   	1.0000  	[21.7, 27.1]	[hover, up]	[25.9102, 40.9332]
99   	1986.63     	0.001   	1.0000  	[21.7, 32.5]	[back, left]	[25.8756, 28.1343]
[2025-12-11T11:32:18]
Strategy: greedy_ig
Pairwise: biased
News mode: BM
Num agents: 2
Iteration: 13
Error margin: None
Gaussian radius 5 
Grid info: range: 0-50-50, cell_size:0.125, map shape: (400, 400), center:True
init UAV positions: [(25.0, 25.0, 5.4), (-25.0, -25.0, 5.4)]
mcts_params: {}
Step	Entropy	MSE	Coverage	Heights	Actions	IGs
------------------------------------------------------------------------------------------------------------------------
0    	158805.66   	0.405   	0.0078  	[5.4, 5.4]	[up, up]	[762.1469, 759.8292]
1    	155597.68   	0.408   	0.0312  	[10.8, 10.8]	[up, up]	[912.7656, 898.9347]
2    	151014.67   	0.413   	0.0703  	[16.2, 16.2]	[up, up]	[887.1871, 884.3327]
3    	145648.41   	0.411   	0.1250  	[21.7, 21.7]	[left, right]	[886.3040, 873.5710]
4    	140571.44   	0.405   	0.1562  	[21.7, 21.7]	[back, front]	[928.7657, 905.2356]
5    	134528.58   	0.384   	0.1953  	[21.7, 21.7]	[back, right]	[955.1087, 925.9794]
6    	128545.61   	0.364   	0.2344  	[21.7, 21.7]	[left, front]	[1051.8427, 1042.0001]
7    	121878.76   	0.345   	0.2812  	[21.7, 21.7]	[back, right]	[1118.6422, 1116.3215]
8    	114845.77   	0.323   	0.3281  	[21.7, 21.7]	[left, front]	[1232.3232, 1247.9647]
9    	107076.27   	0.297   	0.3828  	[21.7, 21.7]	[back, front]	[1313.7792, 1327.5151]
10   	98871.79    	0.256   	0.4375  	[21.7, 21.7]	[left, right]	[1442.0230, 1449.3382]
11   	89659.72    	0.231   	0.5000  	[21.7, 21.7]	[left, right]	[1476.6378, 1472.2418]
12   	80442.22    	0.210   	0.5625  	[21.7, 21.7]	[left, right]	[1501.3500, 1516.4642]
13   	70855.32    	0.191   	0.6250  	[21.7, 21.7]	[left, right]	[1517.1685, 1528.4865]
14   	61131.46    	0.172   	0.6875  	[21.7, 21.7]	[left, right]	[1537.5320, 1524.3033]
15   	51251.41    	0.149   	0.7500  	[21.7, 21.7]	[left, right]	[1535.1409, 1530.5923]
16   	41506.65    	0.124   	0.8125  	[21.7, 21.7]	[left, right]	[1543.1916, 1547.1129]
17   	31699.65    	0.094   	0.8750  	[21.7, 21.7]	[left, right]	[1546.1984, 1557.3320]
18   	21979.04    	0.063   	0.9375  	[21.7, 21.7]	[left, right]	[1549.0292, 1570.4133]
19   	11938.71    	0.028   	1.0000  	[21.7, 21.7]	[back, front]	[1446.7276, 1458.5982]
20   	7929.03     	0.012   	1.0000  	[21.7, 21.7]	[back, front]	[1458.6197, 1468.3161]
21   	5711.00     	0.007   	1.0000  	[21.7, 21.7]	[back, front]	[1488.5691, 1502.0642]
22   	4951.21     	0.006   	1.0000  	[21.7, 21.7]	[back, front]	[1518.7882, 1514.3606]
23   	4713.23     	0.006   	1.0000  	[21.7, 21.7]	[back, front]	[1550.0681, 1522.0139]
24   	4614.96     	0.005   	1.0000  	[21.7, 21.7]	[back, front]	[1540.8543, 1524.0471]
25   	4557.83     	0.005   	1.0000  	[21.7, 21.7]	[back, front]	[1540.0600, 1540.6706]
26   	4521.22     	0.005   	1.0000  	[21.7, 21.7]	[back, front]	[1548.2563, 1547.2488]
27   	4484.13     	0.005   	1.0000  	[21.7, 21.7]	[right, left]	[1446.9826, 1447.2744]
28   	4493.70     	0.005   	1.0000  	[21.7, 21.7]	[right, left]	[1477.0175, 1465.4354]
29   	4502.98     	0.005   	1.0000  	[21.7, 21.7]	[right, left]	[1502.7074, 1522.6011]
30   	4507.12     	0.005   	1.0000  	[21.7, 21.7]	[right, left]	[1514.7471, 1540.0279]
31   	4503.72     	0.005   	1.0000  	[21.7, 21.7]	[right, left]	[1526.0726, 1535.7995]
32   	4490.52     	0.005   	1.0000  	[21.7, 21.7]	[right, left]	[1531.1752, 1529.3917]
33   	4416.98     	0.005   	1.0000  	[21.7, 21.7]	[right, left]	[1540.3580, 1544.1982]
34   	4133.33     	0.004   	1.0000  	[21.7, 21.7]	[right, left]	[1541.2207, 1532.2769]
35   	3255.75     	0.003   	1.0000  	[21.7, 21.7]	[hover, hover]	[791.2201, 789.8605]
36   	2649.06     	0.002   	1.0000  	[21.7, 21.7]	[hover, back]	[310.4904, 313.4540]
37   	2418.24     	0.001   	1.0000  	[21.7, 21.7]	[front, front]	[142.2102, 137.6806]
38   	2241.64     	0.001   	1.0000  	[21.7, 21.7]	[back, back]	[70.2000, 63.6546]
39   	2176.65     	0.001   	1.0000  	[21.7, 21.7]	[front, back]	[51.6374, 52.6120]
40   	2164.33     	0.001   	1.0000  	[21.7, 21.7]	[front, back]	[40.1361, 43.5177]
41   	2160.09     	0.001   	1.0000  	[21.7, 21.7]	[hover, back]	[34.1034, 39.0960]
42   	2147.32     	0.001   	1.0000  	[21.7, 21.7]	[left, hover]	[32.5344, 36.4624]
43   	2146.93     	0.001   	1.0000  	[21.7, 21.7]	[back, hover]	[31.3232, 34.8182]
44   	2146.38     	0.001   	1.0000  	[21.7, 21.7]	[back, back]	[31.2896, 32.3839]
45   	2137.92     	0.001   	1.0000  	[21.7, 21.7]	[right, front]	[32.4491, 32.2463]
46   	2124.89     	0.001   	1.0000  	[21.7, 21.7]	[hover, back]	[29.0869, 31.5835]
47   	2112.95     	0.001   	1.0000  	[21.7, 21.7]	[left, front]	[28.1954, 30.7103]
48   	2119.85     	0.001   	1.0000  	[21.7, 21.7]	[right, hover]	[28.0789, 30.3592]
49   	2112.97     	0.001   	1.0000  	[21.7, 21.7]	[left, back]	[28.0569, 30.0146]
50   	2110.37     	0.001   	1.0000  	[21.7, 21.7]	[hover, front]	[28.2020, 29.7752]
51   	2102.11     	0.001   	1.0000  	[21.7, 21.7]	[hover, hover]	[27.8827, 29.0890]
52   	2105.55     	0.001   	1.0000  	[21.7, 21.7]	[right, back]	[27.3180, 28.6449]
53   	2104.56     	0.001   	1.0000  	[21.7, 21.7]	[front, hover]	[26.8533, 28.5436]
54   	2100.40     	0.001   	1.0000  	[21.7, 21.7]	[front, hover]	[26.5124, 28.5572]
55   	2096.15     	0.001   	1.0000  	[21.7, 21.7]	[left, front]	[26.5209, 28.0488]
56   	2095.05     	0.001   	1.0000  	[21.7, 21.7]	[back, right]	[26.1404, 27.8358]
57   	2091.16     	0.001   	1.0000  	[21.7, 21.7]	[front, front]	[26.5032, 27.8232]
58   	2090.69     	0.001   	1.0000  	[21.7, 21.7]	[back, right]	[26.4242, 27.5049]
59   	2092.08     	0.001   	1.0000  	[21.7, 21.7]	[hover, left]	[26.7242, 27.3867]
60   	2094.27     	0.001   	1.0000  	[21.7, 21.7]	[front, right]	[26.7171, 27.1149]
61   	2089.97     	0.001   	1.0000  	[21.7, 21.7]	[hover, right]	[26.3559, 26.9381]
62   	2087.18     	0.001   	1.0000  	[21.7, 21.7]	[hover, front]	[26.0715, 26.7879]
63   	2084.79     	0.001   	1.0000  	[21.7, 21.7]	[hover, right]	[26.2859, 26.9747]
64   	2084.32     	0.001   	1.0000  	[21.7, 21.7]	[hover, right]	[26.3084, 28.0952]
65   	2082.81     	0.001   	1.0000  	[21.7, 21.7]	[hover, right]	[26.2249, 29.0999]
66   	2080.46     	0.001   	1.0000  	[21.7, 21.7]	[right, right]	[26.0130, 30.7010]
67   	2076.17     	0.001   	1.0000  	[21.7, 21.7]	[left, up]	[25.9888, 49.6604]
68   	2072.93     	0.001   	1.0000  	[21.7, 27.1]	[back, front]	[25.6543, 84.7819]
69   	2065.17     	0.001   	1.0000  	[21.7, 27.1]	[front, hover]	[25.7318, 47.8256]
70   	2062.93     	0.001   	1.0000  	[21.7, 27.1]	[hover, hover]	[25.6276, 31.3656]
71   	2063.90     	0.001   	1.0000  	[21.7, 27.1]	[hover, down]	[25.5186, 26.6232]
72   	2063.76     	0.001   	1.0000  	[21.7, 21.7]	[hover, front]	[25.3484, 28.2461]
73   	2062.07     	0.001   	1.0000  	[21.7, 21.7]	[back, right]	[25.4022, 32.4830]
74   	2058.70     	0.001   	1.0000  	[21.7, 21.7]	[back, hover]	[25.3445, 29.6387]
75   	2057.12     	0.001   	1.0000  	[21.7, 21.7]	[right, hover]	[25.2625, 27.7008]
76   	2057.77     	0.001   	1.0000  	[21.7, 21.7]	[hover, hover]	[25.3005, 26.7942]
77   	2053.95     	0.001   	1.0000  	[21.7, 21.7]	[hover, back]	[25.2173, 26.5666]
78   	2053.98     	0.001   	1.0000  	[21.7, 21.7]	[hover, back]	[25.3141, 26.3846]
79   	2050.80     	0.001   	1.0000  	[21.7, 21.7]	[hover, back]	[25.3958, 26.6384]
80   	2053.11     	0.001   	1.0000  	[21.7, 21.7]	[left, back]	[25.3135, 26.8333]
81   	2051.47     	0.001   	1.0000  	[21.7, 21.7]	[hover, back]	[25.3382, 33.6671]
82   	2049.71     	0.001   	1.0000  	[21.7, 21.7]	[hover, back]	[25.2518, 43.6827]
83   	2048.30     	0.001   	1.0000  	[21.7, 21.7]	[hover, back]	[25.2118, 72.3050]
84   	2048.55     	0.001   	1.0000  	[21.7, 21.7]	[front, back]	[25.3474, 137.7256]
85   	2045.00     	0.001   	1.0000  	[21.7, 21.7]	[hover, hover]	[25.2532, 71.5410]
86   	2042.80     	0.001   	1.0000  	[21.7, 21.7]	[hover, hover]	[25.4149, 41.5583]
87   	2039.13     	0.001   	1.0000  	[21.7, 21.7]	[hover, hover]	[25.3956, 33.3254]
88   	2039.69     	0.001   	1.0000  	[21.7, 21.7]	[hover, hover]	[25.3017, 30.8434]
89   	2040.45     	0.001   	1.0000  	[21.7, 21.7]	[hover, hover]	[25.2870, 29.0020]
90   	2039.78     	0.001   	1.0000  	[21.7, 21.7]	[hover, hover]	[25.3427, 28.9250]
91   	2040.03     	0.001   	1.0000  	[21.7, 21.7]	[front, hover]	[25.1742, 28.3827]
92   	2038.13     	0.001   	1.0000  	[21.7, 21.7]	[front, hover]	[25.1165, 28.3735]
93   	2037.97     	0.001   	1.0000  	[21.7, 21.7]	[front, hover]	[25.5858, 27.9637]
94   	2036.92     	0.001   	1.0000  	[21.7, 21.7]	[front, hover]	[28.2360, 27.4511]
95   	2035.07     	0.001   	1.0000  	[21.7, 21.7]	[right, hover]	[28.7239, 27.3605]
96   	2034.81     	0.001   	1.0000  	[21.7, 21.7]	[front, hover]	[28.6530, 27.0439]
97   	2033.33     	0.001   	1.0000  	[21.7, 21.7]	[front, front]	[28.4522, 26.8479]
98   	2032.58     	0.001   	1.0000  	[21.7, 21.7]	[front, hover]	[27.3573, 26.5620]
99   	2030.71     	0.001   	1.0000  	[21.7, 21.7]	[left, hover]	[26.6535, 26.6311]
[2025-12-11T11:32:25]
Strategy: greedy_ig
Pairwise: biased
News mode: BM
Num agents: 2
Iteration: 14
Error margin: None
Gaussian radius 5 
Grid info: range: 0-50-50, cell_size:0.125, map shape: (400, 400), center:True
init UAV positions: [(-25.0, -25.0, 5.4), (25.0, 25.0, 5.4)]
mcts_params: {}
Step	Entropy	MSE	Coverage	Heights	Actions	IGs
------------------------------------------------------------------------------------------------------------------------
0    	158805.66   	0.405   	0.0078  	[5.4, 5.4]	[up, up]	[762.1469, 759.8292]
1    	155590.45   	0.408   	0.0312  	[10.8, 10.8]	[up, up]	[909.4220, 896.1341]
2    	151023.03   	0.413   	0.0703  	[16.2, 16.2]	[up, up]	[887.3741, 886.2037]
3    	145700.30   	0.411   	0.1250  	[21.7, 21.7]	[front, left]	[889.3742, 878.3418]
4    	140630.97   	0.402   	0.1562  	[21.7, 21.7]	[right, back]	[927.2698, 917.2261]
5    	134636.17   	0.384   	0.1953  	[21.7, 21.7]	[right, left]	[953.5119, 945.3976]
6    	128618.01   	0.377   	0.2344  	[21.7, 21.7]	[front, back]	[1058.8368, 1048.0822]
7    	121789.53   	0.345   	0.2812  	[21.7, 21.7]	[front, back]	[1111.1211, 1112.8878]
8    	114818.40   	0.307   	0.3281  	[21.7, 21.7]	[right, left]	[1231.2347, 1242.5251]
9    	106975.39   	0.296   	0.3828  	[21.7, 21.7]	[front, left]	[1305.9383, 1315.9620]
10   	98709.24    	0.271   	0.4375  	[21.7, 21.7]	[right, back]	[1431.3019, 1432.7427]
11   	89547.63    	0.231   	0.5000  	[21.7, 21.7]	[right, back]	[1472.1708, 1463.1460]
12   	80598.83    	0.185   	0.5586  	[21.7, 21.7]	[right, back]	[1480.9887, 1481.9870]
13   	71848.52    	0.143   	0.6094  	[21.7, 21.7]	[right, back]	[1459.6894, 1469.8198]
14   	64013.68    	0.109   	0.6523  	[21.7, 21.7]	[right, back]	[1430.1314, 1433.2846]
15   	57357.61    	0.078   	0.6875  	[21.7, 21.7]	[right, back]	[1389.7627, 1407.6312]
16   	51926.77    	0.055   	0.7148  	[21.7, 21.7]	[right, back]	[1367.8904, 1364.4454]
17   	47711.46    	0.043   	0.7344  	[21.7, 21.7]	[right, back]	[1343.8816, 1322.8646]
18   	44708.55    	0.040   	0.7461  	[21.7, 21.7]	[right, back]	[1313.6117, 1309.7899]
19   	42951.27    	0.036   	0.7500  	[21.7, 21.7]	[front, left]	[1334.9133, 1330.8019]
20   	42757.09    	0.036   	0.7500  	[21.7, 21.7]	[front, left]	[1455.7325, 1454.6029]
21   	42712.87    	0.035   	0.7500  	[21.7, 21.7]	[front, left]	[1507.7294, 1506.2727]
22   	42717.26    	0.035   	0.7500  	[21.7, 21.7]	[front, left]	[1520.0819, 1527.3082]
23   	42723.50    	0.035   	0.7500  	[21.7, 21.7]	[front, left]	[1531.5987, 1532.4467]
24   	42722.53    	0.035   	0.7500  	[21.7, 21.7]	[front, left]	[1537.4939, 1546.3837]
25   	42706.99    	0.035   	0.7500  	[21.7, 21.7]	[front, left]	[1538.2140, 1560.1236]
26   	42655.13    	0.035   	0.7500  	[21.7, 21.7]	[front, left]	[1533.6208, 1559.3998]
27   	42465.79    	0.035   	0.7500  	[21.7, 21.7]	[left, front]	[1429.2070, 1461.7758]
28   	37405.20    	0.034   	0.8086  	[21.7, 21.7]	[left, front]	[1435.6643, 1454.3090]
29   	31030.12    	0.028   	0.8594  	[21.7, 21.7]	[left, front]	[1435.5857, 1460.6558]
30   	24051.81    	0.021   	0.9023  	[21.7, 21.7]	[left, front]	[1424.4086, 1451.5015]
31   	17597.73    	0.015   	0.9375  	[21.7, 21.7]	[left, front]	[1403.8936, 1417.4066]
32   	12289.89    	0.013   	0.9648  	[21.7, 21.7]	[left, front]	[1375.8566, 1386.7268]
33   	8075.33     	0.009   	0.9844  	[21.7, 21.7]	[left, front]	[1339.4309, 1344.8996]
34   	5121.11     	0.006   	0.9961  	[21.7, 21.7]	[left, front]	[1303.2461, 1317.2829]
35   	3336.22     	0.003   	1.0000  	[21.7, 21.7]	[left, front]	[663.2390, 676.5840]
36   	2761.05     	0.002   	1.0000  	[21.7, 21.7]	[down, down]	[335.5419, 333.0636]
37   	2692.57     	0.002   	1.0000  	[16.2, 16.2]	[back, left]	[161.2554, 154.3031]
38   	2621.16     	0.001   	1.0000  	[16.2, 16.2]	[back, hover]	[116.9647, 57.2315]
39   	2594.45     	0.001   	1.0000  	[16.2, 16.2]	[back, right]	[57.7179, 39.9908]
40   	2592.07     	0.001   	1.0000  	[16.2, 16.2]	[back, right]	[40.1424, 80.7930]
41   	2586.80     	0.001   	1.0000  	[16.2, 16.2]	[back, right]	[35.8488, 91.8276]
42   	2585.46     	0.001   	1.0000  	[16.2, 16.2]	[hover, right]	[31.6402, 57.5700]
43   	2580.25     	0.001   	1.0000  	[16.2, 16.2]	[back, right]	[30.5800, 36.7587]
44   	2577.87     	0.001   	1.0000  	[16.2, 16.2]	[front, right]	[29.8222, 29.8173]
45   	2574.68     	0.001   	1.0000  	[16.2, 16.2]	[back, back]	[28.8457, 29.5224]
46   	2573.47     	0.001   	1.0000  	[16.2, 16.2]	[front, back]	[27.8885, 31.5661]
47   	2565.65     	0.001   	1.0000  	[16.2, 16.2]	[front, back]	[27.6452, 32.2737]
48   	2559.35     	0.001   	1.0000  	[16.2, 16.2]	[front, hover]	[28.6274, 29.9777]
49   	2557.91     	0.001   	1.0000  	[16.2, 16.2]	[front, right]	[29.1685, 28.7494]
50   	2556.07     	0.001   	1.0000  	[16.2, 16.2]	[front, up]	[31.5151, 28.5133]
51   	2555.00     	0.001   	1.0000  	[16.2, 21.7]	[front, back]	[39.5373, 28.2632]
52   	2549.71     	0.001   	1.0000  	[16.2, 21.7]	[front, right]	[94.7333, 28.9543]
53   	2541.36     	0.001   	1.0000  	[16.2, 21.7]	[hover, right]	[44.3786, 28.9234]
54   	2541.42     	0.001   	1.0000  	[16.2, 21.7]	[hover, left]	[29.6751, 28.2327]
55   	2535.25     	0.001   	1.0000  	[16.2, 21.7]	[right, hover]	[25.6512, 27.8695]
56   	2533.92     	0.001   	1.0000  	[16.2, 21.7]	[right, right]	[26.1717, 27.2835]
57   	2533.62     	0.001   	1.0000  	[16.2, 21.7]	[right, left]	[26.5163, 27.0063]
58   	2532.17     	0.001   	1.0000  	[16.2, 21.7]	[right, hover]	[27.6806, 26.7161]
59   	2529.58     	0.001   	1.0000  	[16.2, 21.7]	[back, hover]	[27.4703, 26.3538]
60   	2529.01     	0.001   	1.0000  	[16.2, 21.7]	[up, hover]	[27.2105, 26.1751]
61   	2528.04     	0.001   	1.0000  	[21.7, 21.7]	[right, hover]	[29.0765, 26.2722]
62   	2527.89     	0.001   	1.0000  	[21.7, 21.7]	[right, right]	[31.1148, 25.9406]
63   	2526.03     	0.001   	1.0000  	[21.7, 21.7]	[right, left]	[38.5968, 25.6730]
64   	2524.52     	0.001   	1.0000  	[21.7, 21.7]	[right, back]	[62.8453, 25.9748]
65   	2522.73     	0.001   	1.0000  	[21.7, 21.7]	[right, back]	[134.6712, 28.8992]
66   	2520.61     	0.001   	1.0000  	[21.7, 21.7]	[hover, back]	[65.1015, 33.6417]
67   	2518.11     	0.001   	1.0000  	[21.7, 21.7]	[hover, up]	[37.7390, 54.9411]
68   	2464.53     	0.001   	1.0000  	[21.7, 27.1]	[hover, back]	[30.1368, 89.7977]
69   	2241.99     	0.001   	1.0000  	[21.7, 27.1]	[hover, hover]	[28.1681, 51.3787]
70   	2116.33     	0.001   	1.0000  	[21.7, 27.1]	[hover, hover]	[26.9482, 34.5032]
71   	2065.35     	0.001   	1.0000  	[21.7, 27.1]	[back, down]	[26.7327, 30.8498]
72   	2062.74     	0.001   	1.0000  	[21.7, 21.7]	[back, back]	[27.4955, 32.4403]
73   	2052.09     	0.001   	1.0000  	[21.7, 21.7]	[back, right]	[27.5990, 34.6227]
74   	2037.52     	0.001   	1.0000  	[21.7, 21.7]	[left, hover]	[28.0225, 30.7568]
75   	2035.58     	0.001   	1.0000  	[21.7, 21.7]	[back, hover]	[28.2242, 29.2992]
76   	2033.27     	0.001   	1.0000  	[21.7, 21.7]	[back, left]	[29.0821, 29.0128]
77   	2028.88     	0.001   	1.0000  	[21.7, 21.7]	[back, right]	[33.2743, 28.2176]
78   	2028.65     	0.001   	1.0000  	[21.7, 21.7]	[up, left]	[49.7529, 27.6434]
79   	2025.02     	0.001   	1.0000  	[27.1, 21.7]	[back, hover]	[87.3935, 27.3755]
80   	2024.95     	0.001   	1.0000  	[27.1, 21.7]	[hover, right]	[52.6641, 27.8126]
81   	2022.19     	0.001   	1.0000  	[27.1, 21.7]	[hover, left]	[34.3917, 27.2782]
82   	2017.72     	0.001   	1.0000  	[27.1, 21.7]	[down, hover]	[31.4796, 27.0577]
83   	2015.81     	0.001   	1.0000  	[21.7, 21.7]	[right, right]	[31.9266, 26.9011]
84   	2014.43     	0.001   	1.0000  	[21.7, 21.7]	[left, left]	[30.6183, 26.6588]
85   	2007.66     	0.001   	1.0000  	[21.7, 21.7]	[right, left]	[29.4420, 26.5462]
86   	2005.08     	0.001   	1.0000  	[21.7, 21.7]	[back, left]	[34.4636, 26.8815]
87   	2002.66     	0.001   	1.0000  	[21.7, 21.7]	[hover, left]	[31.3224, 27.2352]
88   	1999.39     	0.001   	1.0000  	[21.7, 21.7]	[hover, left]	[29.9490, 32.9961]
89   	1995.80     	0.001   	1.0000  	[21.7, 21.7]	[hover, left]	[29.2008, 40.8483]
90   	1993.71     	0.001   	1.0000  	[21.7, 21.7]	[left, left]	[28.0951, 69.6632]
91   	1988.49     	0.001   	1.0000  	[21.7, 21.7]	[right, left]	[27.7337, 144.8795]
92   	1982.01     	0.001   	1.0000  	[21.7, 21.7]	[front, hover]	[27.8513, 77.4808]
93   	1978.43     	0.001   	1.0000  	[21.7, 21.7]	[left, hover]	[27.5503, 46.3216]
94   	1977.16     	0.001   	1.0000  	[21.7, 21.7]	[right, hover]	[27.3076, 35.6553]
95   	1972.44     	0.001   	1.0000  	[21.7, 21.7]	[left, hover]	[26.9000, 31.0828]
96   	1970.73     	0.001   	1.0000  	[21.7, 21.7]	[hover, front]	[27.3137, 29.0953]
97   	1968.64     	0.001   	1.0000  	[21.7, 21.7]	[hover, front]	[26.6763, 30.7591]
98   	1966.21     	0.001   	1.0000  	[21.7, 21.7]	[hover, front]	[26.8433, 29.8661]
99   	1967.14     	0.001   	1.0000  	[21.7, 21.7]	[right, front]	[26.1701, 29.6112]
[2025-12-11T11:32:31]
Strategy: greedy_ig
Pairwise: biased
News mode: BM
Num agents: 2
Iteration: 15
Error margin: None
Gaussian radius 5 
Grid info: range: 0-50-50, cell_size:0.125, map shape: (400, 400), center:True
init UAV positions: [(25.0, 25.0, 5.4), (-25.0, 25.0, 5.4)]
mcts_params: {}
Step	Entropy	MSE	Coverage	Heights	Actions	IGs
------------------------------------------------------------------------------------------------------------------------
0    	158805.66   	0.405   	0.0078  	[5.4, 5.4]	[up, up]	[762.1469, 759.8292]
1    	155592.99   	0.408   	0.0312  	[10.8, 10.8]	[up, up]	[912.7656, 896.6945]
2    	151046.79   	0.414   	0.0703  	[16.2, 16.2]	[up, up]	[887.1871, 895.2033]
3    	145702.13   	0.412   	0.1250  	[21.7, 21.7]	[left, right]	[886.3040, 885.0756]
4    	140599.87   	0.405   	0.1562  	[21.7, 21.7]	[back, back]	[928.7657, 908.3061]
5    	134587.78   	0.384   	0.1953  	[21.7, 21.7]	[back, back]	[955.1087, 934.2459]
6    	128564.42   	0.359   	0.2344  	[21.7, 21.7]	[left, right]	[1051.8427, 1046.6658]
7    	121917.83   	0.351   	0.2812  	[21.7, 21.7]	[back, right]	[1118.6422, 1122.2374]
8    	114847.81   	0.328   	0.3281  	[21.7, 21.7]	[left, back]	[1232.3232, 1244.5371]
9    	107066.33   	0.308   	0.3828  	[21.7, 21.7]	[back, right]	[1313.7792, 1324.6750]
10   	98819.29    	0.279   	0.4375  	[21.7, 21.7]	[left, back]	[1442.0230, 1440.1554]
11   	89630.37    	0.252   	0.5000  	[21.7, 21.7]	[back, back]	[1437.5365, 1470.1165]
12   	80550.38    	0.207   	0.5625  	[21.7, 21.7]	[back, back]	[1469.2476, 1517.7644]
13   	71205.37    	0.158   	0.6250  	[21.7, 21.7]	[back, back]	[1508.7180, 1539.9118]
14   	61480.54    	0.113   	0.6875  	[21.7, 21.7]	[back, back]	[1510.9816, 1549.0919]
15   	51779.98    	0.077   	0.7500  	[21.7, 21.7]	[back, back]	[1524.9600, 1559.3306]
16   	41933.54    	0.047   	0.8125  	[21.7, 21.7]	[back, back]	[1532.8162, 1550.2575]
17   	32057.53    	0.032   	0.8750  	[21.7, 21.7]	[back, back]	[1548.7172, 1536.8538]
18   	22360.86    	0.029   	0.9375  	[21.7, 21.7]	[back, back]	[1561.6691, 1545.6440]
19   	12382.13    	0.029   	1.0000  	[21.7, 21.7]	[left, right]	[1315.6673, 1296.6968]
20   	8280.01     	0.012   	1.0000  	[21.7, 21.7]	[left, right]	[1231.3161, 1244.8003]
21   	6251.91     	0.008   	1.0000  	[21.7, 21.7]	[left, right]	[1247.3481, 1257.1244]
22   	5701.22     	0.007   	1.0000  	[21.7, 21.7]	[left, right]	[1267.4508, 1269.4209]
23   	5521.96     	0.007   	1.0000  	[21.7, 21.7]	[left, right]	[1409.2307, 1422.0165]
24   	5494.07     	0.007   	1.0000  	[21.7, 21.7]	[left, right]	[1528.7789, 1525.9285]
25   	5432.91     	0.007   	1.0000  	[21.7, 21.7]	[left, right]	[1533.7328, 1541.0893]
26   	5165.34     	0.007   	1.0000  	[21.7, 21.7]	[left, right]	[1547.5155, 1544.5198]
27   	4345.05     	0.005   	1.0000  	[21.7, 21.7]	[front, front]	[1453.5452, 1443.7220]
28   	4221.33     	0.004   	1.0000  	[21.7, 21.7]	[front, front]	[1476.6586, 1453.0588]
29   	4171.82     	0.004   	1.0000  	[21.7, 21.7]	[front, front]	[1509.1450, 1509.9529]
30   	4169.76     	0.004   	1.0000  	[21.7, 21.7]	[front, front]	[1538.0858, 1535.8943]
31   	4170.03     	0.004   	1.0000  	[21.7, 21.7]	[front, front]	[1541.7689, 1539.3818]
32   	4179.54     	0.004   	1.0000  	[21.7, 21.7]	[front, front]	[1550.5331, 1539.4574]
33   	4157.08     	0.004   	1.0000  	[21.7, 21.7]	[front, front]	[1545.3022, 1543.1751]
34   	4031.47     	0.004   	1.0000  	[21.7, 21.7]	[front, front]	[1533.2616, 1566.4191]
35   	3613.65     	0.003   	1.0000  	[21.7, 21.7]	[hover, hover]	[793.5315, 812.9368]
36   	3317.06     	0.002   	1.0000  	[21.7, 21.7]	[right, left]	[354.8508, 313.9713]
37   	3092.82     	0.002   	1.0000  	[21.7, 21.7]	[left, right]	[143.4657, 130.6426]
38   	3050.03     	0.002   	1.0000  	[21.7, 21.7]	[right, left]	[80.3052, 60.4117]
39   	3040.15     	0.002   	1.0000  	[21.7, 21.7]	[right, right]	[56.4697, 44.7810]
40   	3027.16     	0.002   	1.0000  	[21.7, 21.7]	[right, hover]	[39.3293, 34.1801]
41   	3023.58     	0.002   	1.0000  	[21.7, 21.7]	[left, left]	[33.2339, 31.6708]
42   	3019.70     	0.002   	1.0000  	[21.7, 21.7]	[back, left]	[31.2405, 32.9207]
43   	3010.70     	0.002   	1.0000  	[21.7, 21.7]	[back, left]	[31.6227, 31.7600]
44   	3009.28     	0.002   	1.0000  	[21.7, 21.7]	[back, hover]	[31.5120, 29.9280]
45   	3007.34     	0.002   	1.0000  	[21.7, 21.7]	[left, left]	[31.8635, 28.7698]
46   	3004.16     	0.002   	1.0000  	[21.7, 21.7]	[left, left]	[32.2171, 29.5629]
47   	2999.66     	0.002   	1.0000  	[21.7, 21.7]	[back, left]	[33.4562, 29.1289]
48   	2994.39     	0.002   	1.0000  	[21.7, 21.7]	[back, left]	[35.8134, 29.6669]
49   	2993.88     	0.002   	1.0000  	[21.7, 21.7]	[back, back]	[42.8249, 28.8877]
50   	2982.06     	0.002   	1.0000  	[21.7, 21.7]	[back, back]	[70.3981, 29.3928]
51   	2935.86     	0.002   	1.0000  	[21.7, 21.7]	[back, back]	[135.6976, 31.6242]
52   	2696.63     	0.002   	1.0000  	[21.7, 21.7]	[hover, left]	[65.4334, 32.2103]
53   	2598.76     	0.002   	1.0000  	[21.7, 21.7]	[hover, back]	[39.2444, 33.5993]
54   	2564.70     	0.001   	1.0000  	[21.7, 21.7]	[hover, back]	[32.0131, 34.9748]
55   	2548.05     	0.001   	1.0000  	[21.7, 21.7]	[hover, back]	[29.7572, 41.5971]
56   	2541.57     	0.001   	1.0000  	[21.7, 21.7]	[hover, back]	[28.7172, 62.2442]
57   	2538.91     	0.001   	1.0000  	[21.7, 21.7]	[hover, up]	[28.2074, 70.7702]
58   	2533.06     	0.001   	1.0000  	[21.7, 27.1]	[hover, right]	[28.4835, 44.7503]
59   	2535.26     	0.001   	1.0000  	[21.7, 27.1]	[hover, hover]	[27.8316, 32.5333]
60   	2534.90     	0.001   	1.0000  	[21.7, 27.1]	[hover, down]	[27.6913, 29.4368]
61   	2532.61     	0.001   	1.0000  	[21.7, 21.7]	[hover, back]	[27.2586, 29.7338]
62   	2531.94     	0.001   	1.0000  	[21.7, 21.7]	[hover, hover]	[27.1154, 28.4456]
63   	2534.20     	0.001   	1.0000  	[21.7, 21.7]	[front, front]	[26.5212, 27.5522]
64   	2534.58     	0.001   	1.0000  	[21.7, 21.7]	[front, front]	[27.4369, 27.5337]
65   	2531.85     	0.001   	1.0000  	[21.7, 21.7]	[front, hover]	[27.5471, 27.7106]
66   	2531.62     	0.001   	1.0000  	[21.7, 21.7]	[front, left]	[28.2214, 27.9200]
67   	2532.76     	0.001   	1.0000  	[21.7, 21.7]	[hover, front]	[27.8517, 27.6257]
68   	2528.04     	0.001   	1.0000  	[21.7, 21.7]	[hover, hover]	[27.7686, 27.2944]
69   	2530.00     	0.001   	1.0000  	[21.7, 21.7]	[hover, hover]	[27.4729, 26.9611]
70   	2529.01     	0.001   	1.0000  	[21.7, 21.7]	[right, back]	[27.1117, 26.6964]
71   	2529.82     	0.001   	1.0000  	[21.7, 21.7]	[left, back]	[26.7821, 26.4096]
72   	2528.03     	0.001   	1.0000  	[21.7, 21.7]	[hover, back]	[26.9476, 30.1513]
73   	2528.90     	0.001   	1.0000  	[21.7, 21.7]	[hover, hover]	[26.6998, 27.2820]
74   	2526.07     	0.001   	1.0000  	[21.7, 21.7]	[hover, hover]	[26.9594, 26.5692]
75   	2528.49     	0.001   	1.0000  	[21.7, 21.7]	[hover, hover]	[26.8620, 26.0967]
76   	2526.63     	0.001   	1.0000  	[21.7, 21.7]	[back, hover]	[26.8730, 26.0219]
77   	2523.96     	0.001   	1.0000  	[21.7, 21.7]	[front, hover]	[26.5980, 25.8423]
78   	2524.35     	0.001   	1.0000  	[21.7, 21.7]	[back, hover]	[26.6280, 25.7470]
79   	2524.68     	0.001   	1.0000  	[21.7, 21.7]	[hover, hover]	[26.3341, 25.6850]
80   	2524.39     	0.001   	1.0000  	[21.7, 21.7]	[front, front]	[26.1476, 25.5880]
81   	2521.08     	0.001   	1.0000  	[21.7, 21.7]	[hover, front]	[26.2868, 26.1431]
82   	2521.44     	0.001   	1.0000  	[21.7, 21.7]	[front, front]	[25.9937, 25.9783]
83   	2520.97     	0.001   	1.0000  	[21.7, 21.7]	[front, front]	[27.4790, 25.9438]
84   	2522.82     	0.001   	1.0000  	[21.7, 21.7]	[front, hover]	[28.2967, 25.7177]
85   	2520.38     	0.001   	1.0000  	[21.7, 21.7]	[front, hover]	[34.2228, 25.6196]
86   	2518.74     	0.001   	1.0000  	[21.7, 21.7]	[hover, hover]	[28.2674, 25.7103]
87   	2516.86     	0.001   	1.0000  	[21.7, 21.7]	[right, hover]	[26.0540, 25.6012]
88   	2516.66     	0.001   	1.0000  	[21.7, 21.7]	[right, hover]	[27.3519, 25.6732]
89   	2515.27     	0.001   	1.0000  	[21.7, 21.7]	[right, hover]	[28.1162, 25.7026]
90   	2512.72     	0.001   	1.0000  	[21.7, 21.7]	[right, hover]	[27.1292, 25.6651]
91   	2514.90     	0.001   	1.0000  	[21.7, 21.7]	[right, hover]	[27.2521, 25.8755]
92   	2511.50     	0.001   	1.0000  	[21.7, 21.7]	[right, hover]	[27.0540, 25.9371]
93   	2508.78     	0.001   	1.0000  	[21.7, 21.7]	[right, hover]	[27.4347, 25.8936]
94   	2506.60     	0.001   	1.0000  	[21.7, 21.7]	[right, hover]	[27.0140, 25.5656]
95   	2506.98     	0.001   	1.0000  	[21.7, 21.7]	[back, hover]	[26.8845, 25.3478]
96   	2504.80     	0.001   	1.0000  	[21.7, 21.7]	[back, hover]	[26.9455, 25.2811]
97   	2500.53     	0.001   	1.0000  	[21.7, 21.7]	[back, hover]	[27.1877, 25.2586]
98   	2500.70     	0.001   	1.0000  	[21.7, 21.7]	[hover, hover]	[26.4860, 25.3735]
99   	2499.68     	0.001   	1.0000  	[21.7, 21.7]	[hover, hover]	[26.1293, 25.2384]
[2025-12-11T11:32:38]
Strategy: greedy_ig
Pairwise: biased
News mode: BM
Num agents: 2
Iteration: 16
Error margin: None
Gaussian radius 5 
Grid info: range: 0-50-50, cell_size:0.125, map shape: (400, 400), center:True
init UAV positions: [(-25.0, -25.0, 5.4), (-25.0, 25.0, 5.4)]
mcts_params: {}
Step	Entropy	MSE	Coverage	Heights	Actions	IGs
------------------------------------------------------------------------------------------------------------------------
0    	158805.66   	0.405   	0.0078  	[5.4, 5.4]	[up, up]	[762.1469, 759.8292]
1    	155594.58   	0.408   	0.0312  	[10.8, 10.8]	[up, up]	[909.4220, 896.6945]
2    	151058.41   	0.413   	0.0703  	[16.2, 16.2]	[up, up]	[887.3741, 895.2033]
3    	145740.04   	0.421   	0.1250  	[21.7, 21.7]	[front, right]	[889.3742, 885.0756]
4    	140593.40   	0.416   	0.1562  	[21.7, 21.7]	[right, back]	[927.2698, 908.3061]
5    	134562.14   	0.414   	0.1953  	[21.7, 21.7]	[right, back]	[953.5119, 934.2459]
6    	128616.67   	0.409   	0.2344  	[21.7, 21.7]	[front, right]	[1058.8368, 1046.6658]
7    	121852.69   	0.401   	0.2812  	[21.7, 21.7]	[front, right]	[1111.1211, 1122.2374]
8    	114832.83   	0.386   	0.3281  	[21.7, 21.7]	[right, back]	[1231.2347, 1244.5371]
9    	107006.20   	0.380   	0.3828  	[21.7, 21.7]	[front, right]	[1305.9383, 1324.6750]
10   	98735.16    	0.366   	0.4375  	[21.7, 21.7]	[right, back]	[1431.3019, 1440.1554]
11   	89594.12    	0.342   	0.5000  	[21.7, 21.7]	[right, right]	[1472.1708, 1432.7723]
12   	80607.64    	0.310   	0.5625  	[21.7, 21.7]	[right, right]	[1509.1133, 1481.9799]
13   	71189.35    	0.273   	0.6250  	[21.7, 21.7]	[right, right]	[1523.3696, 1516.4520]
14   	61485.45    	0.234   	0.6875  	[21.7, 21.7]	[right, right]	[1528.9506, 1520.3297]
15   	51644.67    	0.192   	0.7500  	[21.7, 21.7]	[right, right]	[1522.8877, 1529.7406]
16   	41894.27    	0.149   	0.8125  	[21.7, 21.7]	[right, right]	[1533.9424, 1543.8803]
17   	32139.02    	0.106   	0.8750  	[21.7, 21.7]	[right, right]	[1543.4806, 1554.7281]
18   	22352.33    	0.065   	0.9375  	[21.7, 21.7]	[right, right]	[1541.2878, 1568.1702]
19   	12394.71    	0.029   	1.0000  	[21.7, 21.7]	[front, back]	[1307.0712, 1311.3537]
20   	8399.62     	0.013   	1.0000  	[21.7, 21.7]	[front, back]	[1231.4304, 1253.3447]
21   	6284.64     	0.008   	1.0000  	[21.7, 21.7]	[front, back]	[1242.8647, 1255.8984]
22   	5712.68     	0.007   	1.0000  	[21.7, 21.7]	[front, back]	[1263.1149, 1264.8092]
23   	5562.03     	0.007   	1.0000  	[21.7, 21.7]	[front, back]	[1404.4747, 1414.7648]
24   	5522.54     	0.007   	1.0000  	[21.7, 21.7]	[front, back]	[1527.8354, 1534.5440]
25   	5460.77     	0.007   	1.0000  	[21.7, 21.7]	[front, back]	[1537.2863, 1550.0776]
26   	5158.26     	0.006   	1.0000  	[21.7, 21.7]	[front, back]	[1533.4614, 1562.9892]
27   	4316.39     	0.005   	1.0000  	[21.7, 21.7]	[left, left]	[1429.2070, 1446.2039]
28   	4206.41     	0.004   	1.0000  	[21.7, 21.7]	[left, left]	[1464.8047, 1468.7366]
29   	4171.80     	0.004   	1.0000  	[21.7, 21.7]	[left, left]	[1497.7231, 1528.1759]
30   	4173.38     	0.004   	1.0000  	[21.7, 21.7]	[left, left]	[1523.3590, 1545.4243]
31   	4172.75     	0.004   	1.0000  	[21.7, 21.7]	[left, left]	[1534.5634, 1538.6044]
32   	4160.27     	0.004   	1.0000  	[21.7, 21.7]	[left, left]	[1546.6744, 1532.5712]
33   	4111.82     	0.004   	1.0000  	[21.7, 21.7]	[left, left]	[1539.4842, 1550.0206]
34   	3978.87     	0.004   	1.0000  	[21.7, 21.7]	[left, left]	[1536.8490, 1537.8630]
35   	3568.91     	0.003   	1.0000  	[21.7, 21.7]	[hover, hover]	[792.3324, 792.4674]
36   	3249.34     	0.002   	1.0000  	[21.7, 21.7]	[hover, front]	[315.4255, 360.5672]
37   	3061.58     	0.002   	1.0000  	[21.7, 21.7]	[back, back]	[135.3475, 136.1485]
38   	3009.72     	0.002   	1.0000  	[21.7, 21.7]	[front, front]	[66.3262, 84.0637]
39   	2994.55     	0.002   	1.0000  	[21.7, 21.7]	[back, front]	[47.0119, 59.2260]
40   	2986.85     	0.002   	1.0000  	[21.7, 21.7]	[back, front]	[39.6586, 43.7072]
41   	2980.22     	0.002   	1.0000  	[21.7, 21.7]	[back, front]	[37.5853, 36.2273]
42   	2974.77     	0.002   	1.0000  	[21.7, 21.7]	[hover, back]	[33.9907, 34.6666]
43   	2974.16     	0.002   	1.0000  	[21.7, 21.7]	[back, front]	[34.0692, 33.1475]
44   	2970.75     	0.002   	1.0000  	[21.7, 21.7]	[back, right]	[32.6869, 31.5918]
45   	2970.70     	0.002   	1.0000  	[21.7, 21.7]	[back, front]	[32.3367, 30.7213]
46   	2964.88     	0.002   	1.0000  	[21.7, 21.7]	[front, back]	[31.3614, 29.9285]
47   	2965.80     	0.002   	1.0000  	[21.7, 21.7]	[front, left]	[31.1279, 30.0993]
48   	2963.40     	0.002   	1.0000  	[21.7, 21.7]	[back, back]	[30.8371, 29.7225]
49   	2964.24     	0.002   	1.0000  	[21.7, 21.7]	[front, back]	[29.5697, 28.9893]
50   	2963.99     	0.002   	1.0000  	[21.7, 21.7]	[hover, back]	[28.9752, 28.9908]
51   	2963.29     	0.002   	1.0000  	[21.7, 21.7]	[hover, back]	[28.8382, 36.3007]
52   	2960.98     	0.002   	1.0000  	[21.7, 21.7]	[hover, hover]	[28.0197, 29.0576]
53   	2959.41     	0.002   	1.0000  	[21.7, 21.7]	[hover, hover]	[27.9310, 27.2928]
54   	2957.10     	0.002   	1.0000  	[21.7, 21.7]	[back, front]	[27.8649, 26.7582]
55   	2957.33     	0.002   	1.0000  	[21.7, 21.7]	[front, front]	[27.6158, 26.8179]
56   	2957.23     	0.002   	1.0000  	[21.7, 21.7]	[hover, front]	[27.4965, 26.9225]
57   	2956.51     	0.002   	1.0000  	[21.7, 21.7]	[right, right]	[27.1446, 26.9501]
58   	2959.36     	0.002   	1.0000  	[21.7, 21.7]	[left, hover]	[27.1516, 26.2231]
59   	2956.41     	0.002   	1.0000  	[21.7, 21.7]	[back, front]	[27.0126, 26.3196]
60   	2955.63     	0.002   	1.0000  	[21.7, 21.7]	[hover, left]	[26.9120, 26.6209]
61   	2953.28     	0.002   	1.0000  	[21.7, 21.7]	[hover, hover]	[26.8917, 26.6476]
62   	2953.56     	0.002   	1.0000  	[21.7, 21.7]	[right, hover]	[26.3891, 26.7313]
63   	2952.66     	0.002   	1.0000  	[21.7, 21.7]	[hover, hover]	[26.7115, 26.5167]
64   	2951.95     	0.002   	1.0000  	[21.7, 21.7]	[hover, hover]	[26.7362, 26.3255]
65   	2952.31     	0.002   	1.0000  	[21.7, 21.7]	[left, hover]	[26.4026, 26.0854]
66   	2953.04     	0.002   	1.0000  	[21.7, 21.7]	[hover, hover]	[26.6438, 26.0645]
67   	2949.74     	0.002   	1.0000  	[21.7, 21.7]	[right, hover]	[26.5994, 25.9550]
68   	2950.37     	0.002   	1.0000  	[21.7, 21.7]	[right, hover]	[26.2877, 26.1521]
69   	2949.40     	0.002   	1.0000  	[21.7, 21.7]	[right, front]	[26.3344, 25.9623]
70   	2949.84     	0.002   	1.0000  	[21.7, 21.7]	[back, right]	[26.6800, 25.7715]
71   	2946.60     	0.002   	1.0000  	[21.7, 21.7]	[right, right]	[27.9229, 26.2281]
72   	2948.83     	0.002   	1.0000  	[21.7, 21.7]	[back, hover]	[28.6115, 26.1518]
73   	2945.40     	0.002   	1.0000  	[21.7, 21.7]	[right, hover]	[30.6390, 26.0791]
74   	2940.68     	0.002   	1.0000  	[21.7, 21.7]	[right, hover]	[34.9866, 26.1765]
75   	2934.41     	0.002   	1.0000  	[21.7, 21.7]	[up, right]	[50.5482, 25.9461]
76   	2883.82     	0.001   	1.0000  	[27.1, 21.7]	[right, right]	[87.1945, 26.7375]
77   	2652.81     	0.001   	1.0000  	[27.1, 21.7]	[hover, right]	[51.0765, 27.1657]
78   	2530.72     	0.001   	1.0000  	[27.1, 21.7]	[hover, right]	[34.1879, 27.7632]
79   	2476.35     	0.001   	1.0000  	[27.1, 21.7]	[down, right]	[28.7324, 29.8826]
80   	2474.50     	0.001   	1.0000  	[21.7, 21.7]	[right, right]	[31.3489, 33.4244]
81   	2472.28     	0.001   	1.0000  	[21.7, 21.7]	[back, front]	[36.0688, 37.7012]
82   	2439.65     	0.001   	1.0000  	[21.7, 21.7]	[hover, front]	[30.8701, 65.1409]
83   	2390.99     	0.001   	1.0000  	[21.7, 21.7]	[hover, front]	[29.3536, 136.6692]
84   	2143.68     	0.001   	1.0000  	[21.7, 21.7]	[hover, hover]	[28.9093, 65.8238]
85   	2043.41     	0.001   	1.0000  	[21.7, 21.7]	[hover, hover]	[28.9580, 36.9533]
86   	2005.27     	0.001   	1.0000  	[21.7, 21.7]	[hover, hover]	[28.6070, 29.2054]
87   	1995.27     	0.001   	1.0000  	[21.7, 21.7]	[hover, hover]	[27.9471, 27.2553]
88   	1988.96     	0.001   	1.0000  	[21.7, 21.7]	[front, hover]	[27.6740, 26.5623]
89   	1985.53     	0.001   	1.0000  	[21.7, 21.7]	[hover, hover]	[27.6306, 26.0529]
90   	1983.69     	0.001   	1.0000  	[21.7, 21.7]	[hover, back]	[27.6379, 25.8645]
91   	1984.05     	0.001   	1.0000  	[21.7, 21.7]	[hover, back]	[27.0883, 25.9201]
92   	1984.88     	0.001   	1.0000  	[21.7, 21.7]	[hover, hover]	[27.1394, 25.9915]
93   	1985.98     	0.001   	1.0000  	[21.7, 21.7]	[hover, back]	[26.8595, 25.7903]
94   	1985.95     	0.001   	1.0000  	[21.7, 21.7]	[hover, back]	[26.4044, 26.7507]
95   	1986.63     	0.001   	1.0000  	[21.7, 21.7]	[hover, back]	[26.4380, 29.2833]
96   	1985.80     	0.001   	1.0000  	[21.7, 21.7]	[hover, back]	[26.3247, 40.6818]
97   	1985.35     	0.001   	1.0000  	[21.7, 21.7]	[hover, up]	[26.0828, 41.9295]
98   	1986.54     	0.001   	1.0000  	[21.7, 27.1]	[hover, up]	[25.9102, 40.9332]
99   	1986.63     	0.001   	1.0000  	[21.7, 32.5]	[back, left]	[25.8756, 28.1343]
[2025-12-11T11:32:44]
Strategy: greedy_ig
Pairwise: biased
News mode: BM
Num agents: 2
Iteration: 17
Error margin: None
Gaussian radius 5 
Grid info: range: 0-50-50, cell_size:0.125, map shape: (400, 400), center:True
init UAV positions: [(-25.0, 25.0, 5.4), (25.0, 25.0, 5.4)]
mcts_params: {}
Step	Entropy	MSE	Coverage	Heights	Actions	IGs
------------------------------------------------------------------------------------------------------------------------
0    	158805.66   	0.405   	0.0078  	[5.4, 5.4]	[up, up]	[762.1469, 759.8292]
1    	155574.86   	0.408   	0.0312  	[10.8, 10.8]	[up, up]	[903.5517, 896.1341]
2    	150998.93   	0.413   	0.0703  	[16.2, 16.2]	[up, up]	[885.6158, 886.2037]
3    	145653.35   	0.411   	0.1250  	[21.7, 21.7]	[right, left]	[883.8615, 878.3418]
4    	140539.88   	0.405   	0.1562  	[21.7, 21.7]	[back, back]	[913.8929, 917.2261]
5    	134533.81   	0.384   	0.1953  	[21.7, 21.7]	[back, left]	[938.5925, 945.3976]
6    	128563.04   	0.371   	0.2344  	[21.7, 21.7]	[right, back]	[1050.2971, 1048.0822]
7    	121849.97   	0.350   	0.2812  	[21.7, 21.7]	[back, back]	[1116.6036, 1112.8878]
8    	114786.94   	0.319   	0.3281  	[21.7, 21.7]	[right, left]	[1221.2608, 1242.5251]
9    	106964.70   	0.307   	0.3828  	[21.7, 21.7]	[back, left]	[1303.6500, 1315.9620]
10   	98694.63    	0.285   	0.4375  	[21.7, 21.7]	[right, back]	[1428.6437, 1432.7427]
11   	89555.08    	0.252   	0.5000  	[21.7, 21.7]	[back, back]	[1433.4867, 1463.1460]
12   	80613.07    	0.207   	0.5625  	[21.7, 21.7]	[back, back]	[1486.8909, 1510.4913]
13   	71259.84    	0.158   	0.6250  	[21.7, 21.7]	[back, back]	[1519.9148, 1534.1687]
14   	61535.70    	0.113   	0.6875  	[21.7, 21.7]	[back, back]	[1527.3601, 1535.0086]
15   	51814.31    	0.077   	0.7500  	[21.7, 21.7]	[back, back]	[1544.2700, 1537.5653]
16   	41968.30    	0.047   	0.8125  	[21.7, 21.7]	[back, back]	[1551.7946, 1527.8415]
17   	32086.89    	0.032   	0.8750  	[21.7, 21.7]	[back, back]	[1560.4049, 1522.6494]
18   	22391.24    	0.029   	0.9375  	[21.7, 21.7]	[back, back]	[1563.8023, 1541.2498]
19   	12395.77    	0.029   	1.0000  	[21.7, 21.7]	[right, left]	[1311.4645, 1293.8898]
20   	8378.12     	0.013   	1.0000  	[21.7, 21.7]	[right, left]	[1234.3735, 1235.3306]
21   	6268.67     	0.008   	1.0000  	[21.7, 21.7]	[right, left]	[1243.0603, 1248.1226]
22   	5743.59     	0.007   	1.0000  	[21.7, 21.7]	[right, left]	[1252.0832, 1266.4943]
23   	5615.64     	0.007   	1.0000  	[21.7, 21.7]	[right, left]	[1407.0129, 1406.5232]
24   	5589.92     	0.007   	1.0000  	[21.7, 21.7]	[right, left]	[1533.4700, 1539.2046]
25   	5517.95     	0.007   	1.0000  	[21.7, 21.7]	[right, left]	[1555.0213, 1558.6251]
26   	5245.80     	0.006   	1.0000  	[21.7, 21.7]	[right, left]	[1540.6920, 1559.3090]
27   	4392.97     	0.006   	1.0000  	[21.7, 21.7]	[front, front]	[1440.8126, 1461.7758]
28   	4297.73     	0.004   	1.0000  	[21.7, 21.7]	[front, front]	[1460.7603, 1484.3255]
29   	4253.19     	0.004   	1.0000  	[21.7, 21.7]	[front, front]	[1479.7534, 1525.6871]
30   	4243.65     	0.004   	1.0000  	[21.7, 21.7]	[front, front]	[1517.0275, 1551.1013]
31   	4242.18     	0.004   	1.0000  	[21.7, 21.7]	[front, front]	[1525.5310, 1556.1035]
32   	4239.52     	0.004   	1.0000  	[21.7, 21.7]	[front, front]	[1544.3238, 1551.8110]
33   	4220.92     	0.004   	1.0000  	[21.7, 21.7]	[front, front]	[1549.5419, 1544.5094]
34   	4090.30     	0.003   	1.0000  	[21.7, 21.7]	[front, front]	[1538.7075, 1562.0869]
35   	3654.14     	0.003   	1.0000  	[21.7, 21.7]	[hover, hover]	[796.4300, 809.4277]
36   	3328.52     	0.002   	1.0000  	[21.7, 21.7]	[left, hover]	[363.6913, 308.8481]
37   	3132.69     	0.002   	1.0000  	[21.7, 21.7]	[right, right]	[144.6978, 122.1934]
38   	3076.22     	0.002   	1.0000  	[21.7, 21.7]	[left, right]	[85.1092, 61.0016]
39   	3057.30     	0.002   	1.0000  	[21.7, 21.7]	[left, left]	[55.2832, 39.5541]
40   	3044.58     	0.002   	1.0000  	[21.7, 21.7]	[right, left]	[37.3707, 43.0142]
41   	3040.60     	0.002   	1.0000  	[21.7, 21.7]	[right, hover]	[43.1410, 31.7634]
42   	3040.20     	0.002   	1.0000  	[21.7, 21.7]	[hover, right]	[32.8824, 31.1483]
43   	3036.20     	0.002   	1.0000  	[21.7, 21.7]	[left, right]	[29.8066, 32.1202]
44   	3029.97     	0.002   	1.0000  	[21.7, 21.7]	[left, right]	[30.4496, 29.4976]
45   	3030.32     	0.002   	1.0000  	[21.7, 21.7]	[left, right]	[29.2027, 29.2234]
46   	3028.00     	0.002   	1.0000  	[21.7, 21.7]	[hover, hover]	[27.4299, 28.1570]
47   	3023.46     	0.002   	1.0000  	[21.7, 21.7]	[hover, hover]	[26.9821, 27.6744]
48   	3021.66     	0.002   	1.0000  	[21.7, 21.7]	[back, back]	[26.5123, 27.2875]
49   	3020.27     	0.002   	1.0000  	[21.7, 21.7]	[back, left]	[26.3165, 26.7075]
50   	3018.36     	0.002   	1.0000  	[21.7, 21.7]	[left, back]	[26.3920, 28.0743]
51   	3020.43     	0.002   	1.0000  	[21.7, 21.7]	[back, back]	[26.5738, 29.7591]
52   	3019.04     	0.002   	1.0000  	[21.7, 21.7]	[hover, left]	[26.6324, 30.1309]
53   	3013.48     	0.002   	1.0000  	[21.7, 21.7]	[left, left]	[29.2869, 31.0939]
54   	3008.37     	0.002   	1.0000  	[21.7, 21.7]	[left, back]	[30.1909, 30.4274]
55   	3009.08     	0.002   	1.0000  	[21.7, 21.7]	[left, back]	[31.8487, 32.6025]
56   	3004.86     	0.002   	1.0000  	[21.7, 21.7]	[left, left]	[32.9838, 34.1365]
57   	3002.66     	0.002   	1.0000  	[21.7, 21.7]	[back, back]	[33.5454, 41.8363]
58   	2991.47     	0.002   	1.0000  	[21.7, 21.7]	[back, back]	[36.4841, 71.8114]
59   	2949.86     	0.002   	1.0000  	[21.7, 21.7]	[back, back]	[42.8026, 143.3155]
60   	2714.78     	0.002   	1.0000  	[21.7, 21.7]	[back, hover]	[61.3621, 76.6055]
61   	2595.67     	0.001   	1.0000  	[21.7, 21.7]	[up, hover]	[69.7080, 45.9735]
62   	2530.51     	0.001   	1.0000  	[27.1, 21.7]	[right, hover]	[41.6742, 32.7543]
63   	2519.61     	0.001   	1.0000  	[27.1, 21.7]	[down, right]	[29.0180, 28.3397]
64   	2517.12     	0.001   	1.0000  	[21.7, 21.7]	[left, left]	[30.8644, 27.9264]
65   	2515.22     	0.001   	1.0000  	[21.7, 21.7]	[hover, hover]	[29.7852, 27.2595]
66   	2512.34     	0.001   	1.0000  	[21.7, 21.7]	[hover, hover]	[29.0976, 27.2338]
67   	2511.09     	0.001   	1.0000  	[21.7, 21.7]	[front, right]	[28.1565, 26.8874]
68   	2510.84     	0.001   	1.0000  	[21.7, 21.7]	[front, right]	[28.7182, 26.7489]
69   	2507.23     	0.001   	1.0000  	[21.7, 21.7]	[front, right]	[28.2118, 27.2289]
70   	2502.24     	0.001   	1.0000  	[21.7, 21.7]	[back, right]	[28.1967, 29.2286]
71   	2500.85     	0.001   	1.0000  	[21.7, 21.7]	[front, right]	[28.3016, 32.3193]
72   	2495.90     	0.001   	1.0000  	[21.7, 21.7]	[back, right]	[28.0669, 40.5272]
73   	2485.44     	0.001   	1.0000  	[21.7, 21.7]	[hover, right]	[28.0349, 70.4618]
74   	2428.82     	0.001   	1.0000  	[21.7, 21.7]	[hover, right]	[27.8469, 146.0962]
75   	2182.48     	0.001   	1.0000  	[21.7, 21.7]	[hover, hover]	[27.7757, 72.5374]
76   	2062.49     	0.001   	1.0000  	[21.7, 21.7]	[hover, hover]	[26.8628, 42.8855]
77   	2027.40     	0.001   	1.0000  	[21.7, 21.7]	[hover, hover]	[26.5261, 34.4959]
78   	2009.12     	0.001   	1.0000  	[21.7, 21.7]	[hover, hover]	[26.5359, 31.4522]
79   	1999.41     	0.001   	1.0000  	[21.7, 21.7]	[hover, front]	[26.8678, 30.2850]
80   	2002.47     	0.001   	1.0000  	[21.7, 21.7]	[hover, back]	[26.8117, 29.3659]
81   	1996.90     	0.001   	1.0000  	[21.7, 21.7]	[hover, front]	[26.5730, 28.9559]
82   	1997.48     	0.001   	1.0000  	[21.7, 21.7]	[front, back]	[26.2860, 28.5874]
83   	1995.57     	0.001   	1.0000  	[21.7, 21.7]	[hover, hover]	[26.0086, 28.2771]
84   	1990.08     	0.001   	1.0000  	[21.7, 21.7]	[hover, hover]	[26.0726, 27.9578]
85   	1993.91     	0.001   	1.0000  	[21.7, 21.7]	[hover, hover]	[26.0017, 27.9147]
86   	1993.65     	0.001   	1.0000  	[21.7, 21.7]	[hover, hover]	[25.8160, 27.6088]
87   	1986.68     	0.001   	1.0000  	[21.7, 21.7]	[hover, left]	[25.6858, 27.2197]
88   	1985.32     	0.001   	1.0000  	[21.7, 21.7]	[hover, hover]	[25.5284, 27.0349]
89   	1983.59     	0.001   	1.0000  	[21.7, 21.7]	[hover, hover]	[25.4288, 26.6274]
90   	1983.48     	0.001   	1.0000  	[21.7, 21.7]	[front, hover]	[25.1807, 26.6394]
91   	1982.97     	0.001   	1.0000  	[21.7, 21.7]	[back, hover]	[25.2012, 26.7162]
92   	1981.46     	0.001   	1.0000  	[21.7, 21.7]	[back, right]	[25.2148, 26.5894]
93   	1980.75     	0.001   	1.0000  	[21.7, 21.7]	[right, hover]	[25.1868, 26.1251]
94   	1979.43     	0.001   	1.0000  	[21.7, 21.7]	[left, left]	[25.1630, 26.3614]
95   	1979.50     	0.001   	1.0000  	[21.7, 21.7]	[right, hover]	[25.1190, 26.2871]
96   	1982.73     	0.001   	1.0000  	[21.7, 21.7]	[front, hover]	[25.0493, 26.3874]
97   	1976.51     	0.001   	1.0000  	[21.7, 21.7]	[back, hover]	[25.0423, 26.0611]
98   	1978.49     	0.001   	1.0000  	[21.7, 21.7]	[left, right]	[25.0336, 25.6665]
99   	1976.77     	0.001   	1.0000  	[21.7, 21.7]	[front, left]	[24.9868, 25.5547]
[2025-12-11T11:32:51]
Strategy: greedy_ig
Pairwise: biased
News mode: BM
Num agents: 2
Iteration: 18
Error margin: None
Gaussian radius 5 
Grid info: range: 0-50-50, cell_size:0.125, map shape: (400, 400), center:True
init UAV positions: [(-25.0, -25.0, 5.4), (25.0, 25.0, 5.4)]
mcts_params: {}
Step	Entropy	MSE	Coverage	Heights	Actions	IGs
------------------------------------------------------------------------------------------------------------------------
0    	158805.66   	0.405   	0.0078  	[5.4, 5.4]	[up, up]	[762.1469, 759.8292]
1    	155590.45   	0.408   	0.0312  	[10.8, 10.8]	[up, up]	[909.4220, 896.1341]
2    	151023.03   	0.413   	0.0703  	[16.2, 16.2]	[up, up]	[887.3741, 886.2037]
3    	145700.30   	0.411   	0.1250  	[21.7, 21.7]	[front, left]	[889.3742, 878.3418]
4    	140630.97   	0.402   	0.1562  	[21.7, 21.7]	[right, back]	[927.2698, 917.2261]
5    	134636.17   	0.384   	0.1953  	[21.7, 21.7]	[right, left]	[953.5119, 945.3976]
6    	128618.01   	0.377   	0.2344  	[21.7, 21.7]	[front, back]	[1058.8368, 1048.0822]
7    	121789.53   	0.345   	0.2812  	[21.7, 21.7]	[front, back]	[1111.1211, 1112.8878]
8    	114818.40   	0.307   	0.3281  	[21.7, 21.7]	[right, left]	[1231.2347, 1242.5251]
9    	106975.39   	0.296   	0.3828  	[21.7, 21.7]	[front, left]	[1305.9383, 1315.9620]
10   	98709.24    	0.271   	0.4375  	[21.7, 21.7]	[right, back]	[1431.3019, 1432.7427]
11   	89547.63    	0.231   	0.5000  	[21.7, 21.7]	[right, back]	[1472.1708, 1463.1460]
12   	80598.83    	0.185   	0.5586  	[21.7, 21.7]	[right, back]	[1480.9887, 1481.9870]
13   	71848.52    	0.143   	0.6094  	[21.7, 21.7]	[right, back]	[1459.6894, 1469.8198]
14   	64013.68    	0.109   	0.6523  	[21.7, 21.7]	[right, back]	[1430.1314, 1433.2846]
15   	57357.61    	0.078   	0.6875  	[21.7, 21.7]	[right, back]	[1389.7627, 1407.6312]
16   	51926.77    	0.055   	0.7148  	[21.7, 21.7]	[right, back]	[1367.8904, 1364.4454]
17   	47711.46    	0.043   	0.7344  	[21.7, 21.7]	[right, back]	[1343.8816, 1322.8646]
18   	44708.55    	0.040   	0.7461  	[21.7, 21.7]	[right, back]	[1313.6117, 1309.7899]
19   	42951.27    	0.036   	0.7500  	[21.7, 21.7]	[front, left]	[1334.9133, 1330.8019]
20   	42757.09    	0.036   	0.7500  	[21.7, 21.7]	[front, left]	[1455.7325, 1454.6029]
21   	42712.87    	0.035   	0.7500  	[21.7, 21.7]	[front, left]	[1507.7294, 1506.2727]
22   	42717.26    	0.035   	0.7500  	[21.7, 21.7]	[front, left]	[1520.0819, 1527.3082]
23   	42723.50    	0.035   	0.7500  	[21.7, 21.7]	[front, left]	[1531.5987, 1532.4467]
24   	42722.53    	0.035   	0.7500  	[21.7, 21.7]	[front, left]	[1537.4939, 1546.3837]
25   	42706.99    	0.035   	0.7500  	[21.7, 21.7]	[front, left]	[1538.2140, 1560.1236]
26   	42655.13    	0.035   	0.7500  	[21.7, 21.7]	[front, left]	[1533.6208, 1559.3998]
27   	42465.79    	0.035   	0.7500  	[21.7, 21.7]	[left, front]	[1429.2070, 1461.7758]
28   	37405.20    	0.034   	0.8086  	[21.7, 21.7]	[left, front]	[1435.6643, 1454.3090]
29   	31030.12    	0.028   	0.8594  	[21.7, 21.7]	[left, front]	[1435.5857, 1460.6558]
30   	24051.81    	0.021   	0.9023  	[21.7, 21.7]	[left, front]	[1424.4086, 1451.5015]
31   	17597.73    	0.015   	0.9375  	[21.7, 21.7]	[left, front]	[1403.8936, 1417.4066]
32   	12289.89    	0.013   	0.9648  	[21.7, 21.7]	[left, front]	[1375.8566, 1386.7268]
33   	8075.33     	0.009   	0.9844  	[21.7, 21.7]	[left, front]	[1339.4309, 1344.8996]
34   	5121.11     	0.006   	0.9961  	[21.7, 21.7]	[left, front]	[1303.2461, 1317.2829]
35   	3336.22     	0.003   	1.0000  	[21.7, 21.7]	[left, front]	[663.2390, 676.5840]
36   	2761.05     	0.002   	1.0000  	[21.7, 21.7]	[down, down]	[335.5419, 333.0636]
37   	2692.57     	0.002   	1.0000  	[16.2, 16.2]	[back, left]	[161.2554, 154.3031]
38   	2621.16     	0.001   	1.0000  	[16.2, 16.2]	[back, hover]	[116.9647, 57.2315]
39   	2594.45     	0.001   	1.0000  	[16.2, 16.2]	[back, right]	[57.7179, 39.9908]
40   	2592.07     	0.001   	1.0000  	[16.2, 16.2]	[back, right]	[40.1424, 80.7930]
41   	2586.80     	0.001   	1.0000  	[16.2, 16.2]	[back, right]	[35.8488, 91.8276]
42   	2585.46     	0.001   	1.0000  	[16.2, 16.2]	[hover, right]	[31.6402, 57.5700]
43   	2580.25     	0.001   	1.0000  	[16.2, 16.2]	[back, right]	[30.5800, 36.7587]
44   	2577.87     	0.001   	1.0000  	[16.2, 16.2]	[front, right]	[29.8222, 29.8173]
45   	2574.68     	0.001   	1.0000  	[16.2, 16.2]	[back, back]	[28.8457, 29.5224]
46   	2573.47     	0.001   	1.0000  	[16.2, 16.2]	[front, back]	[27.8885, 31.5661]
47   	2565.65     	0.001   	1.0000  	[16.2, 16.2]	[front, back]	[27.6452, 32.2737]
48   	2559.35     	0.001   	1.0000  	[16.2, 16.2]	[front, hover]	[28.6274, 29.9777]
49   	2557.91     	0.001   	1.0000  	[16.2, 16.2]	[front, right]	[29.1685, 28.7494]
50   	2556.07     	0.001   	1.0000  	[16.2, 16.2]	[front, up]	[31.5151, 28.5133]
51   	2555.00     	0.001   	1.0000  	[16.2, 21.7]	[front, back]	[39.5373, 28.2632]
52   	2549.71     	0.001   	1.0000  	[16.2, 21.7]	[front, right]	[94.7333, 28.9543]
53   	2541.36     	0.001   	1.0000  	[16.2, 21.7]	[hover, right]	[44.3786, 28.9234]
54   	2541.42     	0.001   	1.0000  	[16.2, 21.7]	[hover, left]	[29.6751, 28.2327]
55   	2535.25     	0.001   	1.0000  	[16.2, 21.7]	[right, hover]	[25.6512, 27.8695]
56   	2533.92     	0.001   	1.0000  	[16.2, 21.7]	[right, right]	[26.1717, 27.2835]
57   	2533.62     	0.001   	1.0000  	[16.2, 21.7]	[right, left]	[26.5163, 27.0063]
58   	2532.17     	0.001   	1.0000  	[16.2, 21.7]	[right, hover]	[27.6806, 26.7161]
59   	2529.58     	0.001   	1.0000  	[16.2, 21.7]	[back, hover]	[27.4703, 26.3538]
60   	2529.01     	0.001   	1.0000  	[16.2, 21.7]	[up, hover]	[27.2105, 26.1751]
61   	2528.04     	0.001   	1.0000  	[21.7, 21.7]	[right, hover]	[29.0765, 26.2722]
62   	2527.89     	0.001   	1.0000  	[21.7, 21.7]	[right, right]	[31.1148, 25.9406]
63   	2526.03     	0.001   	1.0000  	[21.7, 21.7]	[right, left]	[38.5968, 25.6730]
64   	2524.52     	0.001   	1.0000  	[21.7, 21.7]	[right, back]	[62.8453, 25.9748]
65   	2522.73     	0.001   	1.0000  	[21.7, 21.7]	[right, back]	[134.6712, 28.8992]
66   	2520.61     	0.001   	1.0000  	[21.7, 21.7]	[hover, back]	[65.1015, 33.6417]
67   	2518.11     	0.001   	1.0000  	[21.7, 21.7]	[hover, up]	[37.7390, 54.9411]
68   	2464.53     	0.001   	1.0000  	[21.7, 27.1]	[hover, back]	[30.1368, 89.7977]
69   	2241.99     	0.001   	1.0000  	[21.7, 27.1]	[hover, hover]	[28.1681, 51.3787]
70   	2116.33     	0.001   	1.0000  	[21.7, 27.1]	[hover, hover]	[26.9482, 34.5032]
71   	2065.35     	0.001   	1.0000  	[21.7, 27.1]	[back, down]	[26.7327, 30.8498]
72   	2062.74     	0.001   	1.0000  	[21.7, 21.7]	[back, back]	[27.4955, 32.4403]
73   	2052.09     	0.001   	1.0000  	[21.7, 21.7]	[back, right]	[27.5990, 34.6227]
74   	2037.52     	0.001   	1.0000  	[21.7, 21.7]	[left, hover]	[28.0225, 30.7568]
75   	2035.58     	0.001   	1.0000  	[21.7, 21.7]	[back, hover]	[28.2242, 29.2992]
76   	2033.27     	0.001   	1.0000  	[21.7, 21.7]	[back, left]	[29.0821, 29.0128]
77   	2028.88     	0.001   	1.0000  	[21.7, 21.7]	[back, right]	[33.2743, 28.2176]
78   	2028.65     	0.001   	1.0000  	[21.7, 21.7]	[up, left]	[49.7529, 27.6434]
79   	2025.02     	0.001   	1.0000  	[27.1, 21.7]	[back, hover]	[87.3935, 27.3755]
80   	2024.95     	0.001   	1.0000  	[27.1, 21.7]	[hover, right]	[52.6641, 27.8126]
81   	2022.19     	0.001   	1.0000  	[27.1, 21.7]	[hover, left]	[34.3917, 27.2782]
82   	2017.72     	0.001   	1.0000  	[27.1, 21.7]	[down, hover]	[31.4796, 27.0577]
83   	2015.81     	0.001   	1.0000  	[21.7, 21.7]	[right, right]	[31.9266, 26.9011]
84   	2014.43     	0.001   	1.0000  	[21.7, 21.7]	[left, left]	[30.6183, 26.6588]
85   	2007.66     	0.001   	1.0000  	[21.7, 21.7]	[right, left]	[29.4420, 26.5462]
86   	2005.08     	0.001   	1.0000  	[21.7, 21.7]	[back, left]	[34.4636, 26.8815]
87   	2002.66     	0.001   	1.0000  	[21.7, 21.7]	[hover, left]	[31.3224, 27.2352]
88   	1999.39     	0.001   	1.0000  	[21.7, 21.7]	[hover, left]	[29.9490, 32.9961]
89   	1995.80     	0.001   	1.0000  	[21.7, 21.7]	[hover, left]	[29.2008, 40.8483]
90   	1993.71     	0.001   	1.0000  	[21.7, 21.7]	[left, left]	[28.0951, 69.6632]
91   	1988.49     	0.001   	1.0000  	[21.7, 21.7]	[right, left]	[27.7337, 144.8795]
92   	1982.01     	0.001   	1.0000  	[21.7, 21.7]	[front, hover]	[27.8513, 77.4808]
93   	1978.43     	0.001   	1.0000  	[21.7, 21.7]	[left, hover]	[27.5503, 46.3216]
94   	1977.16     	0.001   	1.0000  	[21.7, 21.7]	[right, hover]	[27.3076, 35.6553]
95   	1972.44     	0.001   	1.0000  	[21.7, 21.7]	[left, hover]	[26.9000, 31.0828]
96   	1970.73     	0.001   	1.0000  	[21.7, 21.7]	[hover, front]	[27.3137, 29.0953]
97   	1968.64     	0.001   	1.0000  	[21.7, 21.7]	[hover, front]	[26.6763, 30.7591]
98   	1966.21     	0.001   	1.0000  	[21.7, 21.7]	[hover, front]	[26.8433, 29.8661]
99   	1967.14     	0.001   	1.0000  	[21.7, 21.7]	[right, front]	[26.1701, 29.6112]
[2025-12-11T11:32:57]
Strategy: greedy_ig
Pairwise: biased
News mode: BM
Num agents: 2
Iteration: 19
Error margin: None
Gaussian radius 5 
Grid info: range: 0-50-50, cell_size:0.125, map shape: (400, 400), center:True
init UAV positions: [(-25.0, -25.0, 5.4), (-25.0, 25.0, 5.4)]
mcts_params: {}
Step	Entropy	MSE	Coverage	Heights	Actions	IGs
------------------------------------------------------------------------------------------------------------------------
0    	158805.66   	0.405   	0.0078  	[5.4, 5.4]	[up, up]	[762.1469, 759.8292]
1    	155594.58   	0.408   	0.0312  	[10.8, 10.8]	[up, up]	[909.4220, 896.6945]
2    	151058.41   	0.413   	0.0703  	[16.2, 16.2]	[up, up]	[887.3741, 895.2033]
3    	145740.04   	0.421   	0.1250  	[21.7, 21.7]	[front, right]	[889.3742, 885.0756]
4    	140593.40   	0.416   	0.1562  	[21.7, 21.7]	[right, back]	[927.2698, 908.3061]
5    	134562.14   	0.414   	0.1953  	[21.7, 21.7]	[right, back]	[953.5119, 934.2459]
6    	128616.67   	0.409   	0.2344  	[21.7, 21.7]	[front, right]	[1058.8368, 1046.6658]
7    	121852.69   	0.401   	0.2812  	[21.7, 21.7]	[front, right]	[1111.1211, 1122.2374]
8    	114832.83   	0.386   	0.3281  	[21.7, 21.7]	[right, back]	[1231.2347, 1244.5371]
9    	107006.20   	0.380   	0.3828  	[21.7, 21.7]	[front, right]	[1305.9383, 1324.6750]
10   	98735.16    	0.366   	0.4375  	[21.7, 21.7]	[right, back]	[1431.3019, 1440.1554]
11   	89594.12    	0.342   	0.5000  	[21.7, 21.7]	[right, right]	[1472.1708, 1432.7723]
12   	80607.64    	0.310   	0.5625  	[21.7, 21.7]	[right, right]	[1509.1133, 1481.9799]
13   	71189.35    	0.273   	0.6250  	[21.7, 21.7]	[right, right]	[1523.3696, 1516.4520]
14   	61485.45    	0.234   	0.6875  	[21.7, 21.7]	[right, right]	[1528.9506, 1520.3297]
15   	51644.67    	0.192   	0.7500  	[21.7, 21.7]	[right, right]	[1522.8877, 1529.7406]
16   	41894.27    	0.149   	0.8125  	[21.7, 21.7]	[right, right]	[1533.9424, 1543.8803]
17   	32139.02    	0.106   	0.8750  	[21.7, 21.7]	[right, right]	[1543.4806, 1554.7281]
18   	22352.33    	0.065   	0.9375  	[21.7, 21.7]	[right, right]	[1541.2878, 1568.1702]
19   	12394.71    	0.029   	1.0000  	[21.7, 21.7]	[front, back]	[1307.0712, 1311.3537]
20   	8399.62     	0.013   	1.0000  	[21.7, 21.7]	[front, back]	[1231.4304, 1253.3447]
21   	6284.64     	0.008   	1.0000  	[21.7, 21.7]	[front, back]	[1242.8647, 1255.8984]
22   	5712.68     	0.007   	1.0000  	[21.7, 21.7]	[front, back]	[1263.1149, 1264.8092]
23   	5562.03     	0.007   	1.0000  	[21.7, 21.7]	[front, back]	[1404.4747, 1414.7648]
24   	5522.54     	0.007   	1.0000  	[21.7, 21.7]	[front, back]	[1527.8354, 1534.5440]
25   	5460.77     	0.007   	1.0000  	[21.7, 21.7]	[front, back]	[1537.2863, 1550.0776]
26   	5158.26     	0.006   	1.0000  	[21.7, 21.7]	[front, back]	[1533.4614, 1562.9892]
27   	4316.39     	0.005   	1.0000  	[21.7, 21.7]	[left, left]	[1429.2070, 1446.2039]
28   	4206.41     	0.004   	1.0000  	[21.7, 21.7]	[left, left]	[1464.8047, 1468.7366]
29   	4171.80     	0.004   	1.0000  	[21.7, 21.7]	[left, left]	[1497.7231, 1528.1759]
30   	4173.38     	0.004   	1.0000  	[21.7, 21.7]	[left, left]	[1523.3590, 1545.4243]
31   	4172.75     	0.004   	1.0000  	[21.7, 21.7]	[left, left]	[1534.5634, 1538.6044]
32   	4160.27     	0.004   	1.0000  	[21.7, 21.7]	[left, left]	[1546.6744, 1532.5712]
33   	4111.82     	0.004   	1.0000  	[21.7, 21.7]	[left, left]	[1539.4842, 1550.0206]
34   	3978.87     	0.004   	1.0000  	[21.7, 21.7]	[left, left]	[1536.8490, 1537.8630]
35   	3568.91     	0.003   	1.0000  	[21.7, 21.7]	[hover, hover]	[792.3324, 792.4674]
36   	3249.34     	0.002   	1.0000  	[21.7, 21.7]	[hover, front]	[315.4255, 360.5672]
37   	3061.58     	0.002   	1.0000  	[21.7, 21.7]	[back, back]	[135.3475, 136.1485]
38   	3009.72     	0.002   	1.0000  	[21.7, 21.7]	[front, front]	[66.3262, 84.0637]
39   	2994.55     	0.002   	1.0000  	[21.7, 21.7]	[back, front]	[47.0119, 59.2260]
40   	2986.85     	0.002   	1.0000  	[21.7, 21.7]	[back, front]	[39.6586, 43.7072]
41   	2980.22     	0.002   	1.0000  	[21.7, 21.7]	[back, front]	[37.5853, 36.2273]
42   	2974.77     	0.002   	1.0000  	[21.7, 21.7]	[hover, back]	[33.9907, 34.6666]
43   	2974.16     	0.002   	1.0000  	[21.7, 21.7]	[back, front]	[34.0692, 33.1475]
44   	2970.75     	0.002   	1.0000  	[21.7, 21.7]	[back, right]	[32.6869, 31.5918]
45   	2970.70     	0.002   	1.0000  	[21.7, 21.7]	[back, front]	[32.3367, 30.7213]
46   	2964.88     	0.002   	1.0000  	[21.7, 21.7]	[front, back]	[31.3614, 29.9285]
47   	2965.80     	0.002   	1.0000  	[21.7, 21.7]	[front, left]	[31.1279, 30.0993]
48   	2963.40     	0.002   	1.0000  	[21.7, 21.7]	[back, back]	[30.8371, 29.7225]
49   	2964.24     	0.002   	1.0000  	[21.7, 21.7]	[front, back]	[29.5697, 28.9893]
50   	2963.99     	0.002   	1.0000  	[21.7, 21.7]	[hover, back]	[28.9752, 28.9908]
51   	2963.29     	0.002   	1.0000  	[21.7, 21.7]	[hover, back]	[28.8382, 36.3007]
52   	2960.98     	0.002   	1.0000  	[21.7, 21.7]	[hover, hover]	[28.0197, 29.0576]
53   	2959.41     	0.002   	1.0000  	[21.7, 21.7]	[hover, hover]	[27.9310, 27.2928]
54   	2957.10     	0.002   	1.0000  	[21.7, 21.7]	[back, front]	[27.8649, 26.7582]
55   	2957.33     	0.002   	1.0000  	[21.7, 21.7]	[front, front]	[27.6158, 26.8179]
56   	2957.23     	0.002   	1.0000  	[21.7, 21.7]	[hover, front]	[27.4965, 26.9225]
57   	2956.51     	0.002   	1.0000  	[21.7, 21.7]	[right, right]	[27.1446, 26.9501]
58   	2959.36     	0.002   	1.0000  	[21.7, 21.7]	[left, hover]	[27.1516, 26.2231]
59   	2956.41     	0.002   	1.0000  	[21.7, 21.7]	[back, front]	[27.0126, 26.3196]
60   	2955.63     	0.002   	1.0000  	[21.7, 21.7]	[hover, left]	[26.9120, 26.6209]
61   	2953.28     	0.002   	1.0000  	[21.7, 21.7]	[hover, hover]	[26.8917, 26.6476]
62   	2953.56     	0.002   	1.0000  	[21.7, 21.7]	[right, hover]	[26.3891, 26.7313]
63   	2952.66     	0.002   	1.0000  	[21.7, 21.7]	[hover, hover]	[26.7115, 26.5167]
64   	2951.95     	0.002   	1.0000  	[21.7, 21.7]	[hover, hover]	[26.7362, 26.3255]
65   	2952.31     	0.002   	1.0000  	[21.7, 21.7]	[left, hover]	[26.4026, 26.0854]
66   	2953.04     	0.002   	1.0000  	[21.7, 21.7]	[hover, hover]	[26.6438, 26.0645]
67   	2949.74     	0.002   	1.0000  	[21.7, 21.7]	[right, hover]	[26.5994, 25.9550]
68   	2950.37     	0.002   	1.0000  	[21.7, 21.7]	[right, hover]	[26.2877, 26.1521]
69   	2949.40     	0.002   	1.0000  	[21.7, 21.7]	[right, front]	[26.3344, 25.9623]
70   	2949.84     	0.002   	1.0000  	[21.7, 21.7]	[back, right]	[26.6800, 25.7715]
71   	2946.60     	0.002   	1.0000  	[21.7, 21.7]	[right, right]	[27.9229, 26.2281]
72   	2948.83     	0.002   	1.0000  	[21.7, 21.7]	[back, hover]	[28.6115, 26.1518]
73   	2945.40     	0.002   	1.0000  	[21.7, 21.7]	[right, hover]	[30.6390, 26.0791]
74   	2940.68     	0.002   	1.0000  	[21.7, 21.7]	[right, hover]	[34.9866, 26.1765]
75   	2934.41     	0.002   	1.0000  	[21.7, 21.7]	[up, right]	[50.5482, 25.9461]
76   	2883.82     	0.001   	1.0000  	[27.1, 21.7]	[right, right]	[87.1945, 26.7375]
77   	2652.81     	0.001   	1.0000  	[27.1, 21.7]	[hover, right]	[51.0765, 27.1657]
78   	2530.72     	0.001   	1.0000  	[27.1, 21.7]	[hover, right]	[34.1879, 27.7632]
79   	2476.35     	0.001   	1.0000  	[27.1, 21.7]	[down, right]	[28.7324, 29.8826]
80   	2474.50     	0.001   	1.0000  	[21.7, 21.7]	[right, right]	[31.3489, 33.4244]
81   	2472.28     	0.001   	1.0000  	[21.7, 21.7]	[back, front]	[36.0688, 37.7012]
82   	2439.65     	0.001   	1.0000  	[21.7, 21.7]	[hover, front]	[30.8701, 65.1409]
83   	2390.99     	0.001   	1.0000  	[21.7, 21.7]	[hover, front]	[29.3536, 136.6692]
84   	2143.68     	0.001   	1.0000  	[21.7, 21.7]	[hover, hover]	[28.9093, 65.8238]
85   	2043.41     	0.001   	1.0000  	[21.7, 21.7]	[hover, hover]	[28.9580, 36.9533]
86   	2005.27     	0.001   	1.0000  	[21.7, 21.7]	[hover, hover]	[28.6070, 29.2054]
87   	1995.27     	0.001   	1.0000  	[21.7, 21.7]	[hover, hover]	[27.9471, 27.2553]
88   	1988.96     	0.001   	1.0000  	[21.7, 21.7]	[front, hover]	[27.6740, 26.5623]
89   	1985.53     	0.001   	1.0000  	[21.7, 21.7]	[hover, hover]	[27.6306, 26.0529]
90   	1983.69     	0.001   	1.0000  	[21.7, 21.7]	[hover, back]	[27.6379, 25.8645]
91   	1984.05     	0.001   	1.0000  	[21.7, 21.7]	[hover, back]	[27.0883, 25.9201]
92   	1984.88     	0.001   	1.0000  	[21.7, 21.7]	[hover, hover]	[27.1394, 25.9915]
93   	1985.98     	0.001   	1.0000  	[21.7, 21.7]	[hover, back]	[26.8595, 25.7903]
94   	1985.95     	0.001   	1.0000  	[21.7, 21.7]	[hover, back]	[26.4044, 26.7507]
95   	1986.63     	0.001   	1.0000  	[21.7, 21.7]	[hover, back]	[26.4380, 29.2833]
96   	1985.80     	0.001   	1.0000  	[21.7, 21.7]	[hover, back]	[26.3247, 40.6818]
97   	1985.35     	0.001   	1.0000  	[21.7, 21.7]	[hover, up]	[26.0828, 41.9295]
98   	1986.54     	0.001   	1.0000  	[21.7, 27.1]	[hover, up]	[25.9102, 40.9332]
99   	1986.63     	0.001   	1.0000  	[21.7, 32.5]	[back, left]	[25.8756, 28.1343]
[2025-12-11T11:33:04]
Strategy: greedy_ig
Pairwise: adaptive
News mode: BM
Num agents: 2
Iteration: 0
Error margin: None
Gaussian radius 5 
Grid info: range: 0-50-50, cell_size:0.125, map shape: (400, 400), center:True
init UAV positions: [(25.0, 25.0, 5.4), (-25.0, 25.0, 5.4)]
mcts_params: {}
Step	Entropy	MSE	Coverage	Heights	Actions	IGs
------------------------------------------------------------------------------------------------------------------------
0    	158843.99   	0.405   	0.0078  	[5.4, 5.4]	[up, up]	[821.9019, 827.6221]
1    	155946.73   	0.409   	0.0312  	[10.8, 10.8]	[up, up]	[1054.4567, 1040.6745]
2    	152603.34   	0.419   	0.0703  	[16.2, 16.2]	[back, back]	[1230.3795, 1219.4512]
3    	149742.86   	0.414   	0.0938  	[16.2, 16.2]	[left, right]	[1422.9268, 1522.2007]
4    	145617.30   	0.414   	0.1250  	[16.2, 16.2]	[back, back]	[1436.3477, 1731.0357]
5    	141044.79   	0.394   	0.1562  	[16.2, 16.2]	[left, right]	[1556.2721, 1970.9504]
6    	135421.23   	0.388   	0.1953  	[16.2, 16.2]	[back, back]	[1595.7485, 2100.9962]
7    	129276.14   	0.363   	0.2344  	[16.2, 16.2]	[left, right]	[1704.3039, 2253.4129]
8    	122331.93   	0.353   	0.2812  	[16.2, 16.2]	[left, right]	[1733.6535, 2226.1843]
9    	116043.93   	0.345   	0.3281  	[16.2, 16.2]	[up, right]	[1851.7009, 2401.1999]
10   	108470.89   	0.319   	0.4062  	[21.7, 16.2]	[back, right]	[2054.6478, 2396.0576]
11   	103062.88   	0.284   	0.4375  	[21.7, 16.2]	[back, right]	[2026.3206, 2333.2116]
12   	97340.37    	0.248   	0.4688  	[21.7, 16.2]	[back, right]	[2091.5826, 2145.6399]
13   	92115.22    	0.216   	0.5000  	[21.7, 16.2]	[back, right]	[2223.4580, 1929.0481]
14   	87999.08    	0.187   	0.5312  	[21.7, 16.2]	[back, right]	[2486.7787, 1800.9563]
15   	84428.60    	0.159   	0.5625  	[21.7, 16.2]	[back, right]	[2759.9319, 1795.7016]
16   	81051.46    	0.133   	0.5938  	[21.7, 16.2]	[back, right]	[3019.2521, 1838.2274]
17   	76848.45    	0.119   	0.6250  	[21.7, 16.2]	[back, right]	[3057.0933, 1879.4814]
18   	71867.86    	0.116   	0.6562  	[21.7, 16.2]	[back, back]	[2920.8456, 1740.2677]
19   	66046.56    	0.112   	0.6875  	[21.7, 16.2]	[left, back]	[2467.8829, 1754.0673]
20   	60749.43    	0.095   	0.7188  	[21.7, 16.2]	[left, back]	[2211.1063, 1693.4332]
21   	55688.63    	0.095   	0.7500  	[21.7, 16.2]	[left, back]	[2112.1475, 1948.0434]
22   	50990.40    	0.095   	0.7812  	[21.7, 16.2]	[left, back]	[2119.8966, 2291.5922]
23   	46183.37    	0.095   	0.8125  	[21.7, 16.2]	[left, back]	[2138.8097, 2595.3166]
24   	41405.98    	0.090   	0.8438  	[21.7, 16.2]	[left, back]	[2177.7227, 2787.0391]
25   	36588.94    	0.081   	0.8750  	[21.7, 16.2]	[left, back]	[2237.9614, 2869.1733]
26   	31550.60    	0.070   	0.9062  	[21.7, 16.2]	[left, back]	[2303.4163, 2656.1984]
27   	26191.57    	0.056   	0.9375  	[21.7, 16.2]	[front, back]	[2173.0916, 2326.8422]
28   	20799.94    	0.040   	0.9688  	[21.7, 16.2]	[front, left]	[2110.6981, 1887.9934]
29   	16127.66    	0.028   	1.0000  	[21.7, 16.2]	[front, left]	[2082.1764, 1795.6006]
30   	13773.50    	0.020   	1.0000  	[21.7, 16.2]	[front, left]	[2130.0702, 1713.1886]
31   	11727.87    	0.014   	1.0000  	[21.7, 16.2]	[front, left]	[2163.6367, 1742.0628]
32   	10211.64    	0.010   	1.0000  	[21.7, 16.2]	[front, left]	[2212.9313, 1792.3424]
33   	9020.79     	0.008   	1.0000  	[21.7, 16.2]	[front, left]	[2245.9777, 1896.5267]
34   	8259.03     	0.008   	1.0000  	[21.7, 16.2]	[front, left]	[2334.6861, 1974.2830]
35   	7598.59     	0.007   	1.0000  	[21.7, 16.2]	[hover, left]	[1688.1961, 2062.4595]
36   	6917.04     	0.006   	1.0000  	[21.7, 16.2]	[hover, left]	[1232.3930, 2187.1911]
37   	6070.30     	0.006   	1.0000  	[21.7, 16.2]	[right, left]	[900.8885, 2334.3100]
38   	4791.02     	0.005   	1.0000  	[21.7, 16.2]	[left, front]	[623.7121, 2068.0175]
39   	4480.60     	0.003   	1.0000  	[21.7, 16.2]	[right, front]	[446.2119, 1927.7789]
40   	4214.63     	0.003   	1.0000  	[21.7, 16.2]	[right, front]	[308.2483, 1740.1953]
41   	4012.21     	0.002   	1.0000  	[21.7, 16.2]	[right, front]	[198.8224, 1682.5639]
42   	3889.06     	0.002   	1.0000  	[21.7, 16.2]	[right, right]	[126.8396, 1278.5930]
43   	3828.03     	0.002   	1.0000  	[21.7, 16.2]	[right, right]	[86.3150, 1159.8742]
44   	3791.32     	0.002   	1.0000  	[21.7, 16.2]	[right, right]	[68.5743, 1153.4638]
45   	3761.16     	0.002   	1.0000  	[21.7, 16.2]	[right, right]	[60.3903, 1157.0194]
46   	3726.34     	0.002   	1.0000  	[21.7, 16.2]	[right, right]	[61.0473, 681.4205]
47   	3704.66     	0.002   	1.0000  	[21.7, 16.2]	[back, right]	[55.1581, 355.5739]
48   	3682.29     	0.002   	1.0000  	[21.7, 16.2]	[back, right]	[63.4146, 207.5856]
49   	3659.85     	0.002   	1.0000  	[21.7, 16.2]	[back, right]	[75.0688, 183.7268]
50   	3657.89     	0.002   	1.0000  	[21.7, 16.2]	[back, right]	[104.4488, 194.0492]
51   	3658.30     	0.002   	1.0000  	[21.7, 16.2]	[hover, right]	[85.9621, 208.0003]
52   	3650.94     	0.002   	1.0000  	[21.7, 16.2]	[back, front]	[128.4856, 170.4279]
53   	3636.88     	0.002   	1.0000  	[21.7, 16.2]	[back, front]	[204.9077, 142.8804]
54   	3614.36     	0.002   	1.0000  	[21.7, 16.2]	[back, front]	[282.2428, 128.8782]
55   	3527.79     	0.002   	1.0000  	[21.7, 16.2]	[back, front]	[377.8751, 108.0940]
56   	3275.73     	0.002   	1.0000  	[21.7, 16.2]	[hover, front]	[229.7393, 116.9085]
57   	3119.09     	0.002   	1.0000  	[21.7, 16.2]	[hover, front]	[140.4339, 209.3391]
58   	3015.30     	0.001   	1.0000  	[21.7, 16.2]	[hover, hover]	[86.9472, 95.1116]
59   	2940.93     	0.001   	1.0000  	[21.7, 16.2]	[hover, hover]	[57.1292, 49.7808]
60   	2897.44     	0.001   	1.0000  	[21.7, 16.2]	[hover, hover]	[42.3731, 32.6781]
61   	2880.50     	0.001   	1.0000  	[21.7, 16.2]	[hover, left]	[34.9548, 29.0318]
62   	2861.54     	0.001   	1.0000  	[21.7, 16.2]	[left, up]	[31.0482, 32.9668]
63   	2860.21     	0.001   	1.0000  	[21.7, 21.7]	[left, back]	[34.6686, 38.8054]
64   	2858.00     	0.001   	1.0000  	[21.7, 21.7]	[left, back]	[40.4669, 44.6654]
65   	2855.03     	0.001   	1.0000  	[21.7, 21.7]	[left, back]	[53.0275, 48.3041]
66   	2851.19     	0.001   	1.0000  	[21.7, 21.7]	[left, left]	[81.3704, 42.9789]
67   	2838.33     	0.001   	1.0000  	[21.7, 21.7]	[left, left]	[134.7213, 43.2437]
68   	2792.26     	0.001   	1.0000  	[21.7, 21.7]	[left, left]	[216.1798, 50.5624]
69   	2689.75     	0.001   	1.0000  	[21.7, 21.7]	[left, left]	[334.3141, 54.0720]
70   	2389.97     	0.001   	1.0000  	[21.7, 21.7]	[hover, left]	[217.4536, 68.5618]
71   	2263.27     	0.001   	1.0000  	[21.7, 21.7]	[hover, left]	[147.2389, 101.3889]
72   	2155.53     	0.000   	1.0000  	[21.7, 21.7]	[hover, left]	[96.8874, 151.6218]
73   	2063.50     	0.000   	1.0000  	[21.7, 21.7]	[hover, left]	[66.4111, 247.8853]
74   	1982.61     	0.000   	1.0000  	[21.7, 21.7]	[hover, front]	[45.0210, 169.6660]
75   	1934.34     	0.000   	1.0000  	[21.7, 21.7]	[hover, front]	[35.0260, 124.4394]
76   	1909.12     	0.000   	1.0000  	[21.7, 21.7]	[hover, hover]	[31.2458, 84.2749]
77   	1897.74     	0.000   	1.0000  	[21.7, 21.7]	[hover, hover]	[28.9353, 62.2509]
78   	1891.32     	0.000   	1.0000  	[21.7, 21.7]	[front, hover]	[28.1741, 49.2935]
79   	1887.22     	0.000   	1.0000  	[21.7, 21.7]	[front, back]	[29.3794, 40.9474]
80   	1882.37     	0.000   	1.0000  	[21.7, 21.7]	[front, back]	[31.4239, 35.7263]
81   	1881.10     	0.000   	1.0000  	[21.7, 21.7]	[front, back]	[34.3054, 32.6213]
82   	1880.05     	0.000   	1.0000  	[21.7, 21.7]	[hover, hover]	[31.0296, 29.2592]
83   	1878.96     	0.000   	1.0000  	[21.7, 21.7]	[hover, hover]	[27.7919, 28.0054]
84   	1879.57     	0.000   	1.0000  	[21.7, 21.7]	[hover, hover]	[27.3112, 27.3572]
85   	1879.23     	0.000   	1.0000  	[21.7, 21.7]	[hover, hover]	[27.3804, 26.8947]
86   	1877.03     	0.000   	1.0000  	[21.7, 21.7]	[hover, hover]	[26.9032, 26.3182]
87   	1876.28     	0.000   	1.0000  	[21.7, 21.7]	[right, hover]	[26.4896, 26.5874]
88   	1877.42     	0.000   	1.0000  	[21.7, 21.7]	[front, back]	[30.5649, 28.7660]
89   	1877.02     	0.000   	1.0000  	[21.7, 21.7]	[up, back]	[36.4428, 38.3464]
90   	1876.32     	0.000   	1.0000  	[27.1, 21.7]	[front, back]	[49.7359, 61.7338]
91   	1872.35     	0.000   	1.0000  	[27.1, 21.7]	[front, back]	[71.9025, 102.6885]
92   	1869.27     	0.000   	1.0000  	[27.1, 21.7]	[hover, back]	[56.3511, 202.5762]
93   	1866.95     	0.000   	1.0000  	[27.1, 21.7]	[hover, hover]	[44.6720, 135.4874]
94   	1865.98     	0.000   	1.0000  	[27.1, 21.7]	[hover, hover]	[36.5227, 87.9236]
95   	1860.33     	0.000   	1.0000  	[27.1, 21.7]	[hover, hover]	[31.2421, 60.7814]
96   	1858.86     	0.000   	1.0000  	[27.1, 21.7]	[hover, hover]	[27.6903, 43.0514]
97   	1857.10     	0.000   	1.0000  	[27.1, 21.7]	[down, hover]	[26.2310, 34.5185]
98   	1858.96     	0.000   	1.0000  	[21.7, 21.7]	[front, hover]	[27.8774, 30.0602]
99   	1857.21     	0.000   	1.0000  	[21.7, 21.7]	[left, right]	[30.7511, 28.0056]
[2025-12-11T11:33:10]
Strategy: greedy_ig
Pairwise: adaptive
News mode: BM
Num agents: 2
Iteration: 1
Error margin: None
Gaussian radius 5 
Grid info: range: 0-50-50, cell_size:0.125, map shape: (400, 400), center:True
init UAV positions: [(25.0, -25.0, 5.4), (-25.0, 25.0, 5.4)]
mcts_params: {}
Step	Entropy	MSE	Coverage	Heights	Actions	IGs
------------------------------------------------------------------------------------------------------------------------
0    	158843.99   	0.405   	0.0078  	[5.4, 5.4]	[up, up]	[821.9019, 827.6221]
1    	155929.79   	0.409   	0.0312  	[10.8, 10.8]	[up, up]	[1038.6925, 1040.6745]
2    	152259.01   	0.408   	0.0703  	[16.2, 16.2]	[left, back]	[1063.2627, 1219.4512]
3    	149273.70   	0.404   	0.0938  	[16.2, 16.2]	[front, right]	[1195.3401, 1522.2007]
4    	145016.12   	0.392   	0.1250  	[16.2, 16.2]	[front, back]	[1217.1318, 1731.0357]
5    	140599.24   	0.373   	0.1562  	[16.2, 16.2]	[left, right]	[1422.1461, 1970.9504]
6    	135173.26   	0.363   	0.1953  	[16.2, 16.2]	[front, back]	[1524.7243, 2100.9962]
7    	129187.53   	0.339   	0.2344  	[16.2, 16.2]	[left, right]	[1692.1003, 2253.4129]
8    	122363.77   	0.329   	0.2812  	[16.2, 16.2]	[left, right]	[1749.5100, 2226.1843]
9    	116095.44   	0.319   	0.3281  	[16.2, 16.2]	[up, right]	[1863.5027, 2401.1999]
10   	108643.19   	0.289   	0.4062  	[21.7, 16.2]	[front, right]	[2084.3242, 2570.8673]
11   	101419.14   	0.255   	0.4609  	[21.7, 16.2]	[front, right]	[2126.2807, 2599.0475]
12   	93794.92    	0.214   	0.5156  	[21.7, 16.2]	[front, right]	[2226.8332, 2411.2461]
13   	86151.11    	0.172   	0.5703  	[21.7, 16.2]	[front, right]	[2331.4215, 2155.6372]
14   	80006.75    	0.142   	0.6094  	[21.7, 16.2]	[front, right]	[2513.1107, 1907.1948]
15   	74369.19    	0.120   	0.6406  	[21.7, 16.2]	[front, right]	[2607.1046, 1795.7016]
16   	69190.74    	0.109   	0.6641  	[21.7, 16.2]	[front, right]	[2582.1338, 1732.5152]
17   	64122.17    	0.099   	0.6797  	[21.7, 16.2]	[front, right]	[2395.5799, 1674.4281]
18   	60128.08    	0.091   	0.6875  	[21.7, 16.2]	[left, back]	[2222.5536, 1457.0456]
19   	57659.76    	0.085   	0.6992  	[21.7, 16.2]	[front, back]	[2126.8950, 1531.8703]
20   	56824.98    	0.083   	0.6992  	[21.7, 16.2]	[left, back]	[2034.6735, 1734.4613]
21   	55762.28    	0.084   	0.7070  	[21.7, 16.2]	[left, back]	[2018.0599, 2073.3449]
22   	54645.45    	0.084   	0.7148  	[21.7, 16.2]	[left, back]	[2076.1598, 2441.5555]
23   	53451.74    	0.085   	0.7227  	[21.7, 16.2]	[left, back]	[2137.2129, 2705.7218]
24   	52269.32    	0.085   	0.7305  	[21.7, 16.2]	[left, back]	[2216.8805, 2858.7584]
25   	50930.25    	0.080   	0.7383  	[21.7, 16.2]	[left, back]	[2315.2017, 2869.1733]
26   	49580.84    	0.073   	0.7461  	[21.7, 16.2]	[left, back]	[2458.0646, 2656.1984]
27   	48122.96    	0.065   	0.7539  	[21.7, 16.2]	[back, back]	[2338.2696, 2326.8422]
28   	44899.45    	0.057   	0.7812  	[21.7, 16.2]	[back, left]	[2256.1189, 1887.9934]
29   	41003.37    	0.042   	0.8125  	[21.7, 16.2]	[back, left]	[2191.2766, 1795.6006]
30   	36308.20    	0.030   	0.8438  	[21.7, 16.2]	[back, left]	[2192.5407, 1771.4584]
31   	29593.22    	0.027   	0.8906  	[21.7, 16.2]	[back, left]	[2128.3909, 1742.0628]
32   	23355.52    	0.025   	0.9297  	[21.7, 16.2]	[back, left]	[2095.0415, 1696.0095]
33   	17450.75    	0.022   	0.9609  	[21.7, 16.2]	[back, left]	[2030.8685, 1698.6259]
34   	12577.46    	0.019   	0.9844  	[21.7, 16.2]	[back, left]	[1982.1919, 1711.3469]
35   	8575.92     	0.015   	1.0000  	[21.7, 16.2]	[hover, left]	[1324.6155, 1715.9594]
36   	6614.76     	0.009   	1.0000  	[21.7, 16.2]	[right, left]	[891.0061, 1822.8475]
37   	5548.12     	0.005   	1.0000  	[21.7, 16.2]	[left, left]	[600.6229, 2123.2598]
38   	4271.18     	0.004   	1.0000  	[21.7, 16.2]	[right, front]	[392.9639, 1723.1296]
39   	3944.31     	0.003   	1.0000  	[21.7, 16.2]	[right, front]	[299.6228, 1681.9006]
40   	3742.08     	0.002   	1.0000  	[21.7, 16.2]	[right, front]	[179.6682, 1808.3435]
41   	3659.90     	0.002   	1.0000  	[21.7, 16.2]	[right, front]	[107.6238, 1816.1181]
42   	3596.38     	0.002   	1.0000  	[21.7, 16.2]	[right, right]	[70.3020, 1324.8152]
43   	3549.55     	0.002   	1.0000  	[21.7, 16.2]	[right, right]	[55.7665, 1168.8817]
44   	3530.74     	0.002   	1.0000  	[21.7, 16.2]	[right, right]	[49.4580, 1157.2370]
45   	3509.57     	0.002   	1.0000  	[21.7, 16.2]	[right, right]	[57.1372, 1159.1458]
46   	3494.38     	0.002   	1.0000  	[21.7, 16.2]	[front, right]	[57.1276, 674.6117]
47   	3462.55     	0.002   	1.0000  	[21.7, 16.2]	[front, right]	[67.7663, 345.7657]
48   	3450.97     	0.002   	1.0000  	[21.7, 16.2]	[front, right]	[88.5544, 201.9201]
49   	3438.97     	0.002   	1.0000  	[21.7, 16.2]	[front, right]	[123.1487, 180.5211]
50   	3434.95     	0.002   	1.0000  	[21.7, 16.2]	[front, right]	[176.9935, 195.1524]
51   	3406.42     	0.002   	1.0000  	[21.7, 16.2]	[front, right]	[219.5595, 206.0226]
52   	3363.21     	0.002   	1.0000  	[21.7, 16.2]	[front, front]	[284.3778, 171.5491]
53   	3253.27     	0.002   	1.0000  	[21.7, 16.2]	[front, front]	[456.6468, 147.0351]
54   	2980.67     	0.002   	1.0000  	[21.7, 16.2]	[hover, front]	[291.4671, 127.5977]
55   	2815.60     	0.001   	1.0000  	[21.7, 16.2]	[hover, front]	[178.5914, 98.3286]
56   	2668.67     	0.001   	1.0000  	[21.7, 16.2]	[hover, front]	[103.2457, 104.6013]
57   	2588.54     	0.001   	1.0000  	[21.7, 16.2]	[hover, front]	[64.7655, 183.7787]
58   	2496.95     	0.001   	1.0000  	[21.7, 16.2]	[hover, hover]	[41.1492, 85.5847]
59   	2472.81     	0.001   	1.0000  	[21.7, 16.2]	[hover, hover]	[32.9525, 45.9461]
60   	2466.79     	0.001   	1.0000  	[21.7, 16.2]	[left, hover]	[29.6842, 31.8335]
61   	2465.60     	0.001   	1.0000  	[21.7, 16.2]	[left, left]	[33.2428, 28.8768]
62   	2463.75     	0.001   	1.0000  	[21.7, 16.2]	[left, up]	[46.7161, 31.6705]
63   	2456.31     	0.001   	1.0000  	[21.7, 21.7]	[left, back]	[66.3348, 36.7129]
64   	2446.83     	0.001   	1.0000  	[21.7, 21.7]	[left, back]	[105.1022, 45.4207]
65   	2436.70     	0.001   	1.0000  	[21.7, 21.7]	[left, back]	[165.4543, 48.9481]
66   	2416.02     	0.001   	1.0000  	[21.7, 21.7]	[left, left]	[255.8567, 43.2130]
67   	2393.43     	0.001   	1.0000  	[21.7, 21.7]	[left, left]	[389.6356, 42.2840]
68   	2340.79     	0.001   	1.0000  	[21.7, 21.7]	[hover, left]	[273.0343, 48.0242]
69   	2296.53     	0.001   	1.0000  	[21.7, 21.7]	[hover, left]	[189.0807, 49.5989]
70   	2265.68     	0.001   	1.0000  	[21.7, 21.7]	[hover, left]	[131.9001, 63.7958]
71   	2246.07     	0.001   	1.0000  	[21.7, 21.7]	[hover, left]	[96.6447, 91.4542]
72   	2225.51     	0.000   	1.0000  	[21.7, 21.7]	[hover, left]	[70.5417, 135.6701]
73   	2210.74     	0.000   	1.0000  	[21.7, 21.7]	[hover, left]	[54.7250, 216.5369]
74   	2197.92     	0.000   	1.0000  	[21.7, 21.7]	[hover, front]	[41.6445, 150.6976]
75   	2187.75     	0.000   	1.0000  	[21.7, 21.7]	[hover, hover]	[34.9778, 93.0588]
76   	2185.30     	0.000   	1.0000  	[21.7, 21.7]	[hover, hover]	[31.7198, 65.0075]
77   	2182.02     	0.000   	1.0000  	[21.7, 21.7]	[hover, back]	[29.1288, 48.5712]
78   	2181.06     	0.000   	1.0000  	[21.7, 21.7]	[hover, back]	[27.5422, 41.1041]
79   	2179.24     	0.000   	1.0000  	[21.7, 21.7]	[back, back]	[27.0968, 36.7554]
80   	2178.41     	0.000   	1.0000  	[21.7, 21.7]	[back, back]	[26.8470, 42.2000]
81   	2174.52     	0.000   	1.0000  	[21.7, 21.7]	[back, back]	[30.4245, 62.9541]
82   	2167.26     	0.000   	1.0000  	[21.7, 21.7]	[back, back]	[32.4221, 105.0340]
83   	2138.29     	0.000   	1.0000  	[21.7, 21.7]	[back, back]	[37.9309, 199.7000]
84   	2045.60     	0.000   	1.0000  	[21.7, 21.7]	[back, hover]	[46.3970, 133.8148]
85   	1967.58     	0.000   	1.0000  	[21.7, 21.7]	[back, hover]	[65.8656, 89.3223]
86   	1911.91     	0.000   	1.0000  	[21.7, 21.7]	[up, hover]	[57.3388, 60.1412]
87   	1876.83     	0.000   	1.0000  	[27.1, 21.7]	[right, hover]	[49.7907, 42.5034]
88   	1861.01     	0.000   	1.0000  	[27.1, 21.7]	[hover, hover]	[40.4677, 34.0380]
89   	1851.88     	0.000   	1.0000  	[27.1, 21.7]	[hover, hover]	[33.7271, 28.7808]
90   	1848.94     	0.000   	1.0000  	[27.1, 21.7]	[hover, right]	[30.3776, 27.6453]
91   	1847.51     	0.000   	1.0000  	[27.1, 21.7]	[hover, right]	[28.3653, 28.1122]
92   	1846.70     	0.000   	1.0000  	[27.1, 21.7]	[hover, right]	[26.2178, 27.1803]
93   	1847.47     	0.000   	1.0000  	[27.1, 21.7]	[down, right]	[25.6289, 27.9565]
94   	1847.54     	0.000   	1.0000  	[21.7, 21.7]	[left, right]	[27.0291, 31.3076]
95   	1845.29     	0.000   	1.0000  	[21.7, 21.7]	[back, right]	[30.3653, 47.7996]
96   	1845.61     	0.000   	1.0000  	[21.7, 21.7]	[hover, right]	[28.2024, 81.8458]
97   	1842.43     	0.000   	1.0000  	[21.7, 21.7]	[hover, right]	[26.9761, 170.4424]
98   	1841.47     	0.000   	1.0000  	[21.7, 21.7]	[hover, hover]	[26.3671, 109.2304]
99   	1839.89     	0.000   	1.0000  	[21.7, 21.7]	[hover, hover]	[25.9013, 69.4743]
[2025-12-11T11:33:16]
Strategy: greedy_ig
Pairwise: adaptive
News mode: BM
Num agents: 2
Iteration: 2
Error margin: None
Gaussian radius 5 
Grid info: range: 0-50-50, cell_size:0.125, map shape: (400, 400), center:True
init UAV positions: [(25.0, -25.0, 5.4), (-25.0, -25.0, 5.4)]
mcts_params: {}
Step	Entropy	MSE	Coverage	Heights	Actions	IGs
------------------------------------------------------------------------------------------------------------------------
0    	158843.99   	0.405   	0.0078  	[5.4, 5.4]	[up, up]	[821.9019, 827.6221]
1    	155922.98   	0.409   	0.0312  	[10.8, 10.8]	[up, up]	[1038.6925, 1039.1384]
2    	152283.22   	0.408   	0.0703  	[16.2, 16.2]	[left, front]	[1063.2627, 1220.4778]
3    	149196.53   	0.403   	0.0938  	[16.2, 16.2]	[front, right]	[1195.3401, 1486.3018]
4    	144920.05   	0.389   	0.1250  	[16.2, 16.2]	[front, front]	[1217.1318, 1683.8339]
5    	140455.10   	0.372   	0.1562  	[16.2, 16.2]	[left, right]	[1422.1461, 1913.9915]
6    	135034.08   	0.363   	0.1953  	[16.2, 16.2]	[front, front]	[1524.7243, 2054.6663]
7    	128892.83   	0.332   	0.2344  	[16.2, 16.2]	[left, right]	[1692.1003, 2140.7092]
8    	121946.15   	0.322   	0.2812  	[16.2, 16.2]	[left, right]	[1749.5100, 2100.3296]
9    	115388.85   	0.313   	0.3281  	[16.2, 16.2]	[up, right]	[1863.5027, 2211.3469]
10   	107543.29   	0.276   	0.4062  	[21.7, 16.2]	[front, right]	[2084.3242, 2113.9776]
11   	101837.12   	0.240   	0.4375  	[21.7, 16.2]	[front, right]	[2054.7260, 1997.8889]
12   	96298.99    	0.206   	0.4688  	[21.7, 16.2]	[front, right]	[2176.9025, 1860.8017]
13   	91673.09    	0.176   	0.5000  	[21.7, 16.2]	[front, right]	[2391.1778, 1761.8366]
14   	87961.64    	0.147   	0.5312  	[21.7, 16.2]	[front, right]	[2698.2932, 1720.3680]
15   	84318.96    	0.122   	0.5625  	[21.7, 16.2]	[front, right]	[2928.8098, 1757.8201]
16   	80357.75    	0.103   	0.5938  	[21.7, 16.2]	[front, right]	[3053.4436, 1837.4421]
17   	75311.17    	0.103   	0.6250  	[21.7, 16.2]	[front, right]	[2909.0464, 1892.6147]
18   	69923.22    	0.099   	0.6562  	[21.7, 16.2]	[front, front]	[2704.9313, 1759.9316]
19   	64044.65    	0.096   	0.6875  	[21.7, 16.2]	[left, front]	[2296.2555, 1816.0376]
20   	58691.32    	0.089   	0.7188  	[21.7, 16.2]	[left, front]	[2085.9806, 1846.2618]
21   	53906.98    	0.089   	0.7500  	[21.7, 16.2]	[left, front]	[2036.7997, 2167.7879]
22   	49483.53    	0.090   	0.7812  	[21.7, 16.2]	[left, front]	[2101.1541, 2459.1127]
23   	44947.83    	0.091   	0.8125  	[21.7, 16.2]	[left, front]	[2163.4281, 2710.1189]
24   	40401.33    	0.092   	0.8438  	[21.7, 16.2]	[left, front]	[2237.1260, 2856.7317]
25   	35733.57    	0.088   	0.8750  	[21.7, 16.2]	[left, front]	[2329.5570, 2740.8312]
26   	31110.29    	0.081   	0.9062  	[21.7, 16.2]	[left, front]	[2467.6952, 2315.2387]
27   	26197.75    	0.068   	0.9375  	[21.7, 16.2]	[back, front]	[2365.4812, 2040.8620]
28   	20925.02    	0.050   	0.9688  	[21.7, 16.2]	[back, left]	[2278.1251, 1769.9072]
29   	16138.96    	0.030   	1.0000  	[21.7, 16.2]	[back, left]	[2208.3583, 1743.7034]
30   	13763.48    	0.021   	1.0000  	[21.7, 16.2]	[back, left]	[2203.9677, 1701.4011]
31   	11624.35    	0.014   	1.0000  	[21.7, 16.2]	[back, left]	[2201.1385, 1754.1001]
32   	10148.77    	0.011   	1.0000  	[21.7, 16.2]	[back, left]	[2241.7043, 1814.9191]
33   	8997.17     	0.009   	1.0000  	[21.7, 16.2]	[back, left]	[2261.8908, 1943.4424]
34   	8232.22     	0.008   	1.0000  	[21.7, 16.2]	[back, left]	[2301.1962, 2055.9286]
35   	7534.65     	0.007   	1.0000  	[21.7, 16.2]	[hover, left]	[1585.1716, 2228.3147]
36   	6897.88     	0.007   	1.0000  	[21.7, 16.2]	[right, left]	[1103.6045, 2482.5083]
37   	6072.90     	0.007   	1.0000  	[21.7, 16.2]	[left, left]	[712.8306, 2667.5858]
38   	4753.39     	0.005   	1.0000  	[21.7, 16.2]	[right, back]	[449.3606, 2334.4146]
39   	4529.01     	0.003   	1.0000  	[21.7, 16.2]	[right, back]	[315.3429, 2100.2470]
40   	4237.13     	0.003   	1.0000  	[21.7, 16.2]	[right, back]	[187.6082, 1868.4301]
41   	4034.94     	0.003   	1.0000  	[21.7, 16.2]	[right, back]	[113.8159, 1789.3078]
42   	3957.10     	0.002   	1.0000  	[21.7, 16.2]	[right, right]	[76.4674, 1345.7984]
43   	3900.06     	0.002   	1.0000  	[21.7, 16.2]	[right, right]	[61.9234, 1201.0913]
44   	3871.19     	0.002   	1.0000  	[21.7, 16.2]	[right, right]	[56.2826, 1190.2815]
45   	3851.79     	0.002   	1.0000  	[21.7, 16.2]	[right, right]	[60.3635, 1182.7826]
46   	3820.74     	0.002   	1.0000  	[21.7, 16.2]	[front, right]	[52.5965, 692.2742]
47   	3788.66     	0.002   	1.0000  	[21.7, 16.2]	[front, right]	[54.5703, 342.3831]
48   	3782.03     	0.002   	1.0000  	[21.7, 16.2]	[front, right]	[68.1241, 194.3974]
49   	3773.24     	0.002   	1.0000  	[21.7, 16.2]	[front, right]	[92.1326, 152.2242]
50   	3775.52     	0.002   	1.0000  	[21.7, 16.2]	[front, right]	[131.7522, 174.2788]
51   	3762.64     	0.002   	1.0000  	[21.7, 16.2]	[front, right]	[162.1073, 188.6213]
52   	3745.88     	0.002   	1.0000  	[21.7, 16.2]	[front, back]	[218.3989, 163.5826]
53   	3674.65     	0.002   	1.0000  	[21.7, 16.2]	[front, back]	[322.6199, 156.6558]
54   	3462.88     	0.002   	1.0000  	[21.7, 16.2]	[hover, back]	[198.2899, 163.7323]
55   	3329.71     	0.002   	1.0000  	[21.7, 16.2]	[hover, back]	[122.4771, 174.4056]
56   	3218.78     	0.002   	1.0000  	[21.7, 16.2]	[hover, back]	[73.1070, 175.5124]
57   	3158.83     	0.002   	1.0000  	[21.7, 16.2]	[hover, back]	[48.0006, 236.3742]
58   	3123.34     	0.001   	1.0000  	[21.7, 16.2]	[hover, hover]	[35.8920, 108.0969]
59   	3101.16     	0.001   	1.0000  	[21.7, 16.2]	[left, hover]	[31.1305, 57.5146]
60   	3098.79     	0.001   	1.0000  	[21.7, 16.2]	[left, hover]	[33.7719, 36.4948]
61   	3090.80     	0.001   	1.0000  	[21.7, 16.2]	[left, front]	[46.3046, 31.7667]
62   	3089.46     	0.001   	1.0000  	[21.7, 16.2]	[left, up]	[66.4683, 39.5496]
63   	3075.32     	0.001   	1.0000  	[21.7, 21.7]	[left, front]	[104.7273, 41.7017]
64   	3040.89     	0.001   	1.0000  	[21.7, 21.7]	[left, left]	[165.9426, 39.7011]
65   	2964.90     	0.001   	1.0000  	[21.7, 21.7]	[left, front]	[253.8422, 40.7000]
66   	2829.38     	0.001   	1.0000  	[21.7, 21.7]	[left, left]	[381.1669, 40.2883]
67   	2535.86     	0.001   	1.0000  	[21.7, 21.7]	[hover, left]	[272.4998, 37.9135]
68   	2383.78     	0.001   	1.0000  	[21.7, 21.7]	[hover, left]	[192.0679, 38.5410]
69   	2247.16     	0.001   	1.0000  	[21.7, 21.7]	[hover, left]	[132.2109, 38.5214]
70   	2130.05     	0.000   	1.0000  	[21.7, 21.7]	[hover, left]	[91.3212, 49.5160]
71   	2066.49     	0.000   	1.0000  	[21.7, 21.7]	[hover, left]	[67.8282, 75.4147]
72   	1998.14     	0.000   	1.0000  	[21.7, 21.7]	[hover, left]	[50.7584, 125.3705]
73   	1968.57     	0.000   	1.0000  	[21.7, 21.7]	[hover, left]	[40.1793, 218.5733]
74   	1934.43     	0.000   	1.0000  	[21.7, 21.7]	[hover, back]	[34.2347, 141.4274]
75   	1909.27     	0.000   	1.0000  	[21.7, 21.7]	[hover, back]	[30.9734, 92.5793]
76   	1895.49     	0.000   	1.0000  	[21.7, 21.7]	[hover, hover]	[28.7361, 63.3587]
77   	1888.06     	0.000   	1.0000  	[21.7, 21.7]	[back, hover]	[27.6115, 47.1494]
78   	1883.95     	0.000   	1.0000  	[21.7, 21.7]	[back, front]	[27.0218, 37.6438]
79   	1883.50     	0.000   	1.0000  	[21.7, 21.7]	[back, front]	[31.1435, 33.9410]
80   	1881.61     	0.000   	1.0000  	[21.7, 21.7]	[back, front]	[32.6389, 31.7371]
81   	1879.31     	0.000   	1.0000  	[21.7, 21.7]	[hover, hover]	[30.2997, 29.6653]
82   	1880.92     	0.000   	1.0000  	[21.7, 21.7]	[hover, hover]	[28.0263, 27.4993]
83   	1878.48     	0.000   	1.0000  	[21.7, 21.7]	[hover, hover]	[27.1304, 26.3225]
84   	1878.64     	0.000   	1.0000  	[21.7, 21.7]	[hover, hover]	[27.0694, 26.2397]
85   	1878.38     	0.000   	1.0000  	[21.7, 21.7]	[hover, hover]	[26.7730, 26.0043]
86   	1877.35     	0.000   	1.0000  	[21.7, 21.7]	[hover, right]	[26.3659, 25.8466]
87   	1877.68     	0.000   	1.0000  	[21.7, 21.7]	[back, front]	[34.8259, 26.9178]
88   	1876.40     	0.000   	1.0000  	[21.7, 21.7]	[back, front]	[47.2356, 40.9837]
89   	1875.68     	0.000   	1.0000  	[21.7, 21.7]	[back, front]	[71.0496, 62.1215]
90   	1874.13     	0.000   	1.0000  	[21.7, 21.7]	[back, front]	[108.8571, 101.7350]
91   	1870.73     	0.000   	1.0000  	[21.7, 21.7]	[hover, front]	[71.5068, 180.3490]
92   	1866.79     	0.000   	1.0000  	[21.7, 21.7]	[hover, left]	[50.6508, 253.2893]
93   	1863.25     	0.000   	1.0000  	[21.7, 21.7]	[hover, hover]	[39.7898, 182.7433]
94   	1859.19     	0.000   	1.0000  	[21.7, 21.7]	[hover, hover]	[33.2425, 130.5629]
95   	1855.85     	0.000   	1.0000  	[21.7, 21.7]	[hover, hover]	[29.4653, 90.0397]
96   	1854.05     	0.000   	1.0000  	[21.7, 21.7]	[hover, hover]	[27.1972, 66.6788]
97   	1853.65     	0.000   	1.0000  	[21.7, 21.7]	[hover, hover]	[26.2503, 50.0492]
98   	1852.97     	0.000   	1.0000  	[21.7, 21.7]	[hover, hover]	[25.7531, 39.3532]
99   	1851.36     	0.000   	1.0000  	[21.7, 21.7]	[hover, hover]	[25.4555, 34.1637]
[2025-12-11T11:33:22]
Strategy: greedy_ig
Pairwise: adaptive
News mode: BM
Num agents: 2
Iteration: 3
Error margin: None
Gaussian radius 5 
Grid info: range: 0-50-50, cell_size:0.125, map shape: (400, 400), center:True
init UAV positions: [(-25.0, 25.0, 5.4), (25.0, 25.0, 5.4)]
mcts_params: {}
Step	Entropy	MSE	Coverage	Heights	Actions	IGs
------------------------------------------------------------------------------------------------------------------------
0    	158843.99   	0.405   	0.0078  	[5.4, 5.4]	[up, up]	[821.9019, 827.6221]
1    	155971.07   	0.409   	0.0312  	[10.8, 10.8]	[up, up]	[1060.5972, 1041.4687]
2    	152638.00   	0.418   	0.0703  	[16.2, 16.2]	[back, back]	[1230.3213, 1226.5643]
3    	149649.46   	0.414   	0.0938  	[16.2, 16.2]	[right, left]	[1541.1511, 1362.4437]
4    	145481.76   	0.413   	0.1250  	[16.2, 16.2]	[back, back]	[1727.7983, 1389.3190]
5    	140902.94   	0.393   	0.1562  	[16.2, 16.2]	[right, left]	[2006.6546, 1479.2214]
6    	135360.56   	0.387   	0.1953  	[16.2, 16.2]	[right, left]	[2171.4016, 1514.5391]
7    	129673.18   	0.382   	0.2344  	[16.2, 16.2]	[back, back]	[2444.6064, 1699.3224]
8    	122614.27   	0.354   	0.2812  	[16.2, 16.2]	[back, back]	[2308.2684, 1727.3312]
9    	115826.13   	0.323   	0.3281  	[16.2, 16.2]	[up, up]	[2191.6537, 1867.9771]
10   	106602.85   	0.288   	0.4375  	[21.7, 21.7]	[right, left]	[2384.5106, 2065.6899]
11   	98716.62    	0.279   	0.5000  	[21.7, 21.7]	[back, back]	[2358.2194, 2057.1394]
12   	90988.11    	0.230   	0.5625  	[21.7, 21.7]	[back, back]	[2368.3809, 2071.7168]
13   	82595.91    	0.183   	0.6250  	[21.7, 21.7]	[back, back]	[2346.2515, 2157.3961]
14   	74649.45    	0.142   	0.6875  	[21.7, 21.7]	[back, back]	[2312.4953, 2397.1810]
15   	66672.68    	0.109   	0.7500  	[21.7, 21.7]	[back, back]	[2289.3756, 2669.6660]
16   	58411.09    	0.082   	0.8125  	[21.7, 21.7]	[back, back]	[2276.6373, 2892.7430]
17   	49430.76    	0.069   	0.8750  	[21.7, 21.7]	[back, back]	[2285.2010, 2954.6082]
18   	39540.05    	0.064   	0.9375  	[21.7, 21.7]	[back, back]	[2300.7602, 2830.7558]
19   	29615.24    	0.062   	1.0000  	[21.7, 21.7]	[right, left]	[2031.9936, 2300.8317]
20   	24913.41    	0.042   	1.0000  	[21.7, 21.7]	[right, left]	[1881.6827, 1968.3129]
21   	20838.45    	0.028   	1.0000  	[21.7, 21.7]	[right, left]	[1804.8497, 1810.2786]
22   	18320.05    	0.022   	1.0000  	[21.7, 21.7]	[right, left]	[1798.8965, 1765.6284]
23   	17123.16    	0.020   	1.0000  	[21.7, 21.7]	[right, left]	[1944.4634, 1947.4105]
24   	16582.34    	0.019   	1.0000  	[21.7, 21.7]	[right, left]	[2137.4191, 2151.4765]
25   	15861.08    	0.019   	1.0000  	[21.7, 21.7]	[right, left]	[2176.3120, 2244.8959]
26   	14718.98    	0.018   	1.0000  	[21.7, 21.7]	[right, left]	[2223.4382, 2307.2125]
27   	12886.38    	0.017   	1.0000  	[21.7, 21.7]	[front, front]	[2100.0479, 2174.4394]
28   	12324.90    	0.014   	1.0000  	[21.7, 21.7]	[front, front]	[2128.5732, 2094.9671]
29   	11947.66    	0.013   	1.0000  	[21.7, 21.7]	[front, front]	[2286.1365, 2111.3292]
30   	11688.98    	0.013   	1.0000  	[21.7, 21.7]	[front, front]	[2557.1160, 2164.2731]
31   	11418.46    	0.012   	1.0000  	[21.7, 21.7]	[front, front]	[2777.2755, 2205.2923]
32   	10954.09    	0.012   	1.0000  	[21.7, 21.7]	[front, front]	[2895.7973, 2220.4609]
33   	10317.62    	0.012   	1.0000  	[21.7, 21.7]	[front, front]	[2825.2673, 2235.1845]
34   	9306.09     	0.010   	1.0000  	[21.7, 21.7]	[front, front]	[2628.0622, 2321.1226]
35   	7891.57     	0.010   	1.0000  	[21.7, 21.7]	[hover, hover]	[1749.6829, 1708.4421]
36   	7172.58     	0.007   	1.0000  	[21.7, 21.7]	[left, right]	[1113.3199, 1299.4119]
37   	6347.31     	0.006   	1.0000  	[21.7, 21.7]	[left, left]	[693.2266, 944.8625]
38   	5704.34     	0.005   	1.0000  	[21.7, 21.7]	[right, right]	[397.5975, 671.3580]
39   	5405.40     	0.004   	1.0000  	[21.7, 21.7]	[right, right]	[305.7689, 536.8410]
40   	5215.69     	0.004   	1.0000  	[21.7, 21.7]	[hover, hover]	[169.4932, 355.2917]
41   	5100.79     	0.004   	1.0000  	[21.7, 21.7]	[left, left]	[100.6236, 218.7182]
42   	5044.84     	0.004   	1.0000  	[21.7, 21.7]	[left, left]	[131.9266, 222.7674]
43   	5017.01     	0.004   	1.0000  	[21.7, 21.7]	[left, hover]	[109.6703, 151.0183]
44   	4988.02     	0.004   	1.0000  	[21.7, 21.7]	[left, hover]	[79.8711, 110.4945]
45   	4979.94     	0.004   	1.0000  	[21.7, 21.7]	[left, hover]	[60.8349, 83.0556]
46   	4972.26     	0.004   	1.0000  	[21.7, 21.7]	[left, hover]	[49.4366, 62.0744]
47   	4966.86     	0.004   	1.0000  	[21.7, 21.7]	[left, right]	[44.0503, 54.8020]
48   	4965.38     	0.004   	1.0000  	[21.7, 21.7]	[left, right]	[40.3719, 101.2816]
49   	4961.75     	0.004   	1.0000  	[21.7, 21.7]	[hover, right]	[35.3889, 87.9882]
50   	4960.79     	0.004   	1.0000  	[21.7, 21.7]	[back, right]	[32.6880, 65.9868]
51   	4958.89     	0.004   	1.0000  	[21.7, 21.7]	[back, right]	[35.7503, 49.2959]
52   	4956.12     	0.004   	1.0000  	[21.7, 21.7]	[back, right]	[43.4939, 41.3007]
53   	4949.11     	0.004   	1.0000  	[21.7, 21.7]	[back, right]	[59.8105, 39.6237]
54   	4943.72     	0.004   	1.0000  	[21.7, 21.7]	[back, right]	[88.0451, 38.2119]
55   	4911.39     	0.003   	1.0000  	[21.7, 21.7]	[back, back]	[134.9968, 44.0375]
56   	4844.76     	0.003   	1.0000  	[21.7, 21.7]	[back, back]	[218.6495, 53.0749]
57   	4649.89     	0.003   	1.0000  	[21.7, 21.7]	[back, back]	[340.8803, 71.0289]
58   	4235.60     	0.003   	1.0000  	[21.7, 21.7]	[hover, back]	[234.3015, 100.9094]
59   	3983.35     	0.003   	1.0000  	[21.7, 21.7]	[hover, back]	[151.4323, 152.0362]
60   	3801.81     	0.002   	1.0000  	[21.7, 21.7]	[hover, back]	[100.4901, 216.3476]
61   	3537.89     	0.002   	1.0000  	[21.7, 21.7]	[hover, back]	[65.9922, 290.0024]
62   	3198.27     	0.002   	1.0000  	[21.7, 21.7]	[hover, back]	[46.6752, 376.3901]
63   	2631.68     	0.001   	1.0000  	[21.7, 21.7]	[hover, hover]	[36.4285, 226.6295]
64   	2336.25     	0.001   	1.0000  	[21.7, 21.7]	[hover, hover]	[30.9526, 134.1515]
65   	2162.81     	0.000   	1.0000  	[21.7, 21.7]	[right, hover]	[28.6400, 87.6206]
66   	2033.02     	0.000   	1.0000  	[21.7, 21.7]	[right, hover]	[33.0495, 59.3294]
67   	1965.17     	0.000   	1.0000  	[21.7, 21.7]	[right, hover]	[43.0757, 42.5536]
68   	1933.02     	0.000   	1.0000  	[21.7, 21.7]	[right, hover]	[60.9802, 35.3413]
69   	1915.46     	0.000   	1.0000  	[21.7, 21.7]	[right, left]	[93.7332, 32.2509]
70   	1907.48     	0.000   	1.0000  	[21.7, 21.7]	[right, left]	[149.4338, 33.6627]
71   	1902.10     	0.000   	1.0000  	[21.7, 21.7]	[right, left]	[270.7739, 38.9618]
72   	1897.51     	0.000   	1.0000  	[21.7, 21.7]	[right, left]	[437.4051, 53.3996]
73   	1887.97     	0.000   	1.0000  	[21.7, 21.7]	[hover, left]	[277.6333, 84.2930]
74   	1879.72     	0.000   	1.0000  	[21.7, 21.7]	[hover, left]	[167.5004, 126.0139]
75   	1872.97     	0.000   	1.0000  	[21.7, 21.7]	[hover, left]	[104.7949, 202.8017]
76   	1865.31     	0.000   	1.0000  	[21.7, 21.7]	[hover, left]	[67.6080, 329.0195]
77   	1860.28     	0.000   	1.0000  	[21.7, 21.7]	[hover, hover]	[47.6190, 212.5638]
78   	1852.36     	0.000   	1.0000  	[21.7, 21.7]	[hover, hover]	[37.6012, 139.7791]
79   	1849.85     	0.000   	1.0000  	[21.7, 21.7]	[hover, hover]	[32.4993, 91.7370]
80   	1846.73     	0.000   	1.0000  	[21.7, 21.7]	[hover, hover]	[29.3067, 60.8097]
81   	1839.88     	0.000   	1.0000  	[21.7, 21.7]	[front, hover]	[27.8028, 46.9256]
82   	1839.85     	0.000   	1.0000  	[21.7, 21.7]	[front, hover]	[26.8140, 36.7591]
83   	1839.12     	0.000   	1.0000  	[21.7, 21.7]	[front, hover]	[26.8250, 32.0277]
84   	1837.43     	0.000   	1.0000  	[21.7, 21.7]	[front, hover]	[27.4977, 29.0338]
85   	1837.49     	0.000   	1.0000  	[21.7, 21.7]	[front, hover]	[32.7309, 27.7269]
86   	1837.81     	0.000   	1.0000  	[21.7, 21.7]	[front, front]	[36.6894, 26.6186]
87   	1836.82     	0.000   	1.0000  	[21.7, 21.7]	[front, front]	[41.4952, 26.6182]
88   	1836.62     	0.000   	1.0000  	[21.7, 21.7]	[front, front]	[51.0862, 27.0443]
89   	1836.67     	0.000   	1.0000  	[21.7, 21.7]	[hover, front]	[36.5511, 27.2795]
90   	1835.16     	0.000   	1.0000  	[21.7, 21.7]	[hover, front]	[30.1747, 27.5421]
91   	1834.77     	0.000   	1.0000  	[21.7, 21.7]	[hover, front]	[27.6640, 28.6499]
92   	1835.20     	0.000   	1.0000  	[21.7, 21.7]	[hover, front]	[26.2160, 30.9989]
93   	1833.57     	0.000   	1.0000  	[21.7, 21.7]	[left, front]	[25.7214, 36.0515]
94   	1834.21     	0.000   	1.0000  	[21.7, 21.7]	[right, hover]	[25.5578, 31.8795]
95   	1832.77     	0.000   	1.0000  	[21.7, 21.7]	[left, hover]	[25.5475, 29.2420]
96   	1832.97     	0.000   	1.0000  	[21.7, 21.7]	[hover, hover]	[25.6308, 27.9547]
97   	1833.46     	0.000   	1.0000  	[21.7, 21.7]	[hover, hover]	[25.6520, 27.0828]
98   	1832.17     	0.000   	1.0000  	[21.7, 21.7]	[hover, hover]	[25.3913, 26.0280]
99   	1832.58     	0.000   	1.0000  	[21.7, 21.7]	[right, hover]	[25.2440, 25.6675]
[2025-12-11T11:33:29]
Strategy: greedy_ig
Pairwise: adaptive
News mode: BM
Num agents: 2
Iteration: 4
Error margin: None
Gaussian radius 5 
Grid info: range: 0-50-50, cell_size:0.125, map shape: (400, 400), center:True
init UAV positions: [(-25.0, -25.0, 5.4), (25.0, -25.0, 5.4)]
mcts_params: {}
Step	Entropy	MSE	Coverage	Heights	Actions	IGs
------------------------------------------------------------------------------------------------------------------------
0    	158843.99   	0.405   	0.0078  	[5.4, 5.4]	[up, up]	[821.9019, 827.6221]
1    	155943.33   	0.409   	0.0312  	[10.8, 10.8]	[up, up]	[1055.6788, 1033.8304]
2    	152325.59   	0.408   	0.0703  	[16.2, 16.2]	[front, front]	[1228.0775, 1072.4644]
3    	149216.94   	0.397   	0.0938  	[16.2, 16.2]	[right, left]	[1520.1433, 1174.2886]
4    	144909.25   	0.389   	0.1250  	[16.2, 16.2]	[front, front]	[1688.9502, 1207.4988]
5    	140423.36   	0.372   	0.1562  	[16.2, 16.2]	[right, left]	[1951.8195, 1381.9663]
6    	134967.14   	0.363   	0.1953  	[16.2, 16.2]	[front, front]	[2083.6574, 1478.2966]
7    	128843.40   	0.333   	0.2344  	[16.2, 16.2]	[right, left]	[2127.8336, 1686.1678]
8    	121902.59   	0.322   	0.2812  	[16.2, 16.2]	[right, left]	[2086.7643, 1725.2495]
9    	115314.21   	0.312   	0.3281  	[16.2, 16.2]	[right, up]	[2168.7984, 1866.1437]
10   	107419.99   	0.275   	0.4062  	[16.2, 21.7]	[right, front]	[2060.4169, 2071.8624]
11   	101658.89   	0.239   	0.4375  	[16.2, 21.7]	[right, front]	[1945.5331, 2044.3432]
12   	96165.58    	0.206   	0.4688  	[16.2, 21.7]	[right, front]	[1834.2961, 2163.1485]
13   	91458.98    	0.176   	0.5000  	[16.2, 21.7]	[right, front]	[1734.1940, 2360.2279]
14   	87787.35    	0.147   	0.5312  	[16.2, 21.7]	[right, front]	[1725.9720, 2646.6301]
15   	84278.26    	0.122   	0.5625  	[16.2, 21.7]	[right, front]	[1745.3512, 2917.1310]
16   	80268.18    	0.103   	0.5938  	[16.2, 21.7]	[right, front]	[1817.5943, 3033.6739]
17   	75241.20    	0.103   	0.6250  	[16.2, 21.7]	[right, front]	[1887.6723, 2906.6240]
18   	69690.37    	0.098   	0.6562  	[16.2, 21.7]	[front, front]	[1736.8136, 2666.5000]
19   	63837.47    	0.095   	0.6875  	[16.2, 21.7]	[front, left]	[1793.8861, 2271.4306]
20   	58556.05    	0.089   	0.7188  	[16.2, 21.7]	[front, left]	[1869.4470, 2076.2202]
21   	53952.40    	0.090   	0.7500  	[16.2, 21.7]	[front, left]	[2143.2237, 2082.0850]
22   	49222.40    	0.090   	0.7812  	[16.2, 21.7]	[front, left]	[2412.9333, 2087.5022]
23   	44784.50    	0.091   	0.8125  	[16.2, 21.7]	[front, left]	[2681.4207, 2169.0803]
24   	40370.76    	0.093   	0.8438  	[16.2, 21.7]	[front, left]	[2799.1811, 2263.1206]
25   	35938.48    	0.089   	0.8750  	[16.2, 21.7]	[front, left]	[2715.1020, 2392.9399]
26   	31256.04    	0.081   	0.9062  	[16.2, 21.7]	[front, left]	[2290.2212, 2507.5371]
27   	26250.80    	0.067   	0.9375  	[16.2, 21.7]	[front, back]	[2030.4765, 2381.4951]
28   	21116.51    	0.051   	0.9688  	[16.2, 21.7]	[left, back]	[1766.0081, 2307.8242]
29   	16380.76    	0.030   	1.0000  	[16.2, 21.7]	[left, back]	[1737.7803, 2233.7993]
30   	13746.39    	0.021   	1.0000  	[16.2, 21.7]	[left, back]	[1702.2977, 2183.8382]
31   	11637.35    	0.014   	1.0000  	[16.2, 21.7]	[left, back]	[1769.8822, 2202.8623]
32   	10096.38    	0.011   	1.0000  	[16.2, 21.7]	[left, back]	[1866.3304, 2249.6213]
33   	8986.93     	0.009   	1.0000  	[16.2, 21.7]	[left, back]	[1922.1470, 2261.4842]
34   	8229.50     	0.008   	1.0000  	[16.2, 21.7]	[left, back]	[2020.7756, 2287.8657]
35   	7564.77     	0.007   	1.0000  	[16.2, 21.7]	[left, hover]	[2178.2919, 1619.9125]
36   	6890.53     	0.007   	1.0000  	[16.2, 21.7]	[left, right]	[2438.9112, 1100.8816]
37   	6050.83     	0.007   	1.0000  	[16.2, 21.7]	[left, left]	[2673.8871, 703.5165]
38   	4767.26     	0.006   	1.0000  	[16.2, 21.7]	[back, right]	[2342.6229, 441.9416]
39   	4540.42     	0.004   	1.0000  	[16.2, 21.7]	[back, right]	[2150.7921, 298.5176]
40   	4244.59     	0.003   	1.0000  	[16.2, 21.7]	[back, right]	[1898.3167, 183.3996]
41   	4068.41     	0.003   	1.0000  	[16.2, 21.7]	[back, right]	[1803.0373, 112.1255]
42   	3987.41     	0.003   	1.0000  	[16.2, 21.7]	[right, right]	[1344.3492, 75.4206]
43   	3935.15     	0.003   	1.0000  	[16.2, 21.7]	[right, right]	[1191.8696, 65.0109]
44   	3903.85     	0.003   	1.0000  	[16.2, 21.7]	[right, right]	[1181.8858, 56.5831]
45   	3878.05     	0.002   	1.0000  	[16.2, 21.7]	[right, right]	[1192.6343, 55.5069]
46   	3852.87     	0.002   	1.0000  	[16.2, 21.7]	[right, front]	[670.2742, 49.6713]
47   	3835.09     	0.002   	1.0000  	[16.2, 21.7]	[right, front]	[342.5362, 53.7380]
48   	3817.63     	0.002   	1.0000  	[16.2, 21.7]	[right, front]	[199.0617, 60.4367]
49   	3815.92     	0.002   	1.0000  	[16.2, 21.7]	[right, front]	[149.1053, 84.8000]
50   	3816.69     	0.002   	1.0000  	[16.2, 21.7]	[right, front]	[168.1743, 125.9853]
51   	3803.35     	0.002   	1.0000  	[16.2, 21.7]	[right, front]	[178.0827, 162.3722]
52   	3777.48     	0.002   	1.0000  	[16.2, 21.7]	[back, front]	[154.6156, 205.5626]
53   	3724.96     	0.002   	1.0000  	[16.2, 21.7]	[back, front]	[160.1744, 309.1518]
54   	3495.22     	0.002   	1.0000  	[16.2, 21.7]	[back, hover]	[167.3925, 183.5636]
55   	3396.00     	0.002   	1.0000  	[16.2, 21.7]	[back, hover]	[166.3412, 113.8592]
56   	3290.89     	0.002   	1.0000  	[16.2, 21.7]	[back, hover]	[171.0475, 68.9875]
57   	3228.39     	0.002   	1.0000  	[16.2, 21.7]	[back, hover]	[237.9123, 46.1335]
58   	3201.13     	0.002   	1.0000  	[16.2, 21.7]	[hover, left]	[107.0439, 36.2747]
59   	3189.00     	0.002   	1.0000  	[16.2, 21.7]	[hover, left]	[57.9625, 39.6002]
60   	3182.98     	0.002   	1.0000  	[16.2, 21.7]	[hover, left]	[39.2605, 46.7503]
61   	3183.36     	0.002   	1.0000  	[16.2, 21.7]	[front, left]	[33.0347, 70.1467]
62   	3170.45     	0.002   	1.0000  	[16.2, 21.7]	[up, left]	[43.3720, 109.8858]
63   	3136.80     	0.002   	1.0000  	[21.7, 21.7]	[front, left]	[42.5396, 166.4324]
64   	3045.52     	0.002   	1.0000  	[21.7, 21.7]	[front, left]	[43.0426, 257.1558]
65   	2901.51     	0.002   	1.0000  	[21.7, 21.7]	[left, left]	[45.0445, 391.0191]
66   	2605.53     	0.001   	1.0000  	[21.7, 21.7]	[left, hover]	[45.3376, 278.8122]
67   	2436.98     	0.001   	1.0000  	[21.7, 21.7]	[left, hover]	[40.0693, 197.8330]
68   	2289.43     	0.001   	1.0000  	[21.7, 21.7]	[left, hover]	[38.0407, 137.5211]
69   	2184.37     	0.001   	1.0000  	[21.7, 21.7]	[left, hover]	[37.2092, 97.0823]
70   	2120.25     	0.000   	1.0000  	[21.7, 21.7]	[left, hover]	[49.3031, 72.8030]
71   	2060.42     	0.000   	1.0000  	[21.7, 21.7]	[left, hover]	[73.4196, 56.3418]
72   	2029.26     	0.000   	1.0000  	[21.7, 21.7]	[left, hover]	[127.7389, 45.8230]
73   	1989.49     	0.000   	1.0000  	[21.7, 21.7]	[left, hover]	[229.7668, 38.0148]
74   	1959.35     	0.000   	1.0000  	[21.7, 21.7]	[back, hover]	[149.2684, 32.9533]
75   	1938.77     	0.000   	1.0000  	[21.7, 21.7]	[back, hover]	[97.0003, 30.0296]
76   	1927.25     	0.000   	1.0000  	[21.7, 21.7]	[hover, back]	[67.2438, 28.2757]
77   	1917.35     	0.000   	1.0000  	[21.7, 21.7]	[front, back]	[48.1876, 27.7425]
78   	1911.37     	0.000   	1.0000  	[21.7, 21.7]	[front, back]	[37.9174, 29.7953]
79   	1907.01     	0.000   	1.0000  	[21.7, 21.7]	[front, back]	[34.8238, 34.0470]
80   	1905.24     	0.000   	1.0000  	[21.7, 21.7]	[hover, hover]	[29.6048, 30.7694]
81   	1905.95     	0.000   	1.0000  	[21.7, 21.7]	[hover, hover]	[28.1398, 29.5264]
82   	1904.48     	0.000   	1.0000  	[21.7, 21.7]	[hover, hover]	[27.2555, 28.9932]
83   	1903.18     	0.000   	1.0000  	[21.7, 21.7]	[hover, hover]	[26.8447, 28.6067]
84   	1902.53     	0.000   	1.0000  	[21.7, 21.7]	[hover, hover]	[26.5143, 28.3066]
85   	1903.08     	0.000   	1.0000  	[21.7, 21.7]	[hover, hover]	[26.2785, 27.7877]
86   	1900.80     	0.000   	1.0000  	[21.7, 21.7]	[hover, hover]	[25.9493, 27.7705]
87   	1900.32     	0.000   	1.0000  	[21.7, 21.7]	[back, hover]	[25.7098, 26.7234]
88   	1901.81     	0.000   	1.0000  	[21.7, 21.7]	[back, back]	[26.0850, 33.7004]
89   	1899.40     	0.000   	1.0000  	[21.7, 21.7]	[back, back]	[27.3579, 43.1846]
90   	1900.58     	0.000   	1.0000  	[21.7, 21.7]	[right, back]	[26.2224, 60.0199]
91   	1898.06     	0.000   	1.0000  	[21.7, 21.7]	[right, back]	[25.9753, 101.3560]
92   	1896.84     	0.000   	1.0000  	[21.7, 21.7]	[left, hover]	[25.2700, 71.7066]
93   	1895.80     	0.000   	1.0000  	[21.7, 21.7]	[right, hover]	[25.2488, 51.1524]
94   	1895.46     	0.000   	1.0000  	[21.7, 21.7]	[hover, hover]	[25.1719, 39.6451]
95   	1894.42     	0.000   	1.0000  	[21.7, 21.7]	[front, hover]	[25.1503, 32.5438]
96   	1894.59     	0.000   	1.0000  	[21.7, 21.7]	[front, hover]	[25.1656, 28.9562]
97   	1894.94     	0.000   	1.0000  	[21.7, 21.7]	[left, hover]	[25.3579, 26.8893]
98   	1895.80     	0.000   	1.0000  	[21.7, 21.7]	[front, hover]	[25.3005, 25.8391]
99   	1895.06     	0.000   	1.0000  	[21.7, 21.7]	[front, right]	[25.8881, 25.4633]
[2025-12-11T11:33:35]
Strategy: greedy_ig
Pairwise: adaptive
News mode: BM
Num agents: 2
Iteration: 5
Error margin: None
Gaussian radius 5 
Grid info: range: 0-50-50, cell_size:0.125, map shape: (400, 400), center:True
init UAV positions: [(-25.0, -25.0, 5.4), (25.0, 25.0, 5.4)]
mcts_params: {}
Step	Entropy	MSE	Coverage	Heights	Actions	IGs
------------------------------------------------------------------------------------------------------------------------
0    	158843.99   	0.405   	0.0078  	[5.4, 5.4]	[up, up]	[821.9019, 827.6221]
1    	155953.31   	0.409   	0.0312  	[10.8, 10.8]	[up, up]	[1055.6788, 1041.4687]
2    	152625.89   	0.418   	0.0703  	[16.2, 16.2]	[front, back]	[1228.0775, 1226.5643]
3    	149605.19   	0.414   	0.0938  	[16.2, 16.2]	[right, left]	[1520.1433, 1362.4437]
4    	145411.72   	0.410   	0.1250  	[16.2, 16.2]	[front, back]	[1688.9502, 1389.3190]
5    	140780.75   	0.393   	0.1562  	[16.2, 16.2]	[right, left]	[1951.8195, 1479.2214]
6    	135134.06   	0.387   	0.1953  	[16.2, 16.2]	[front, left]	[2083.6574, 1514.5391]
7    	128907.29   	0.369   	0.2344  	[16.2, 16.2]	[right, back]	[2127.8336, 1699.3224]
8    	121892.71   	0.346   	0.2812  	[16.2, 16.2]	[right, back]	[2086.7643, 1727.3312]
9    	115344.00   	0.325   	0.3281  	[16.2, 16.2]	[right, up]	[2168.7984, 1867.9771]
10   	107490.99   	0.289   	0.4062  	[16.2, 21.7]	[right, left]	[2235.2265, 2081.2367]
11   	99729.23    	0.265   	0.4609  	[16.2, 21.7]	[right, left]	[2198.3220, 2090.6518]
12   	91618.31    	0.248   	0.5156  	[16.2, 21.7]	[right, left]	[2086.9866, 2104.8845]
13   	83020.90    	0.234   	0.5703  	[16.2, 21.7]	[right, left]	[1946.5886, 2108.4908]
14   	74445.91    	0.218   	0.6250  	[16.2, 21.7]	[right, left]	[1880.1007, 2125.5599]
15   	66112.66    	0.202   	0.6797  	[16.2, 21.7]	[up, left]	[1856.5494, 2196.1667]
16   	56925.49    	0.169   	0.7656  	[21.7, 21.7]	[front, left]	[2058.4554, 2265.5408]
17   	48633.64    	0.142   	0.8281  	[21.7, 21.7]	[right, left]	[2030.5427, 2378.3041]
18   	40354.34    	0.114   	0.8906  	[21.7, 21.7]	[right, left]	[2050.6207, 2475.0833]
19   	31804.85    	0.081   	0.9531  	[21.7, 21.7]	[front, back]	[2005.7701, 2341.1611]
20   	26529.55    	0.061   	0.9766  	[21.7, 21.7]	[front, back]	[2083.9891, 2293.8220]
21   	21432.35    	0.038   	1.0000  	[21.7, 21.7]	[front, back]	[2273.4463, 2240.8237]
22   	18754.31    	0.029   	1.0000  	[21.7, 21.7]	[front, back]	[2545.7986, 2243.1658]
23   	16480.09    	0.022   	1.0000  	[21.7, 21.7]	[front, back]	[2802.8364, 2266.9817]
24   	14560.54    	0.017   	1.0000  	[21.7, 21.7]	[front, back]	[2934.4938, 2265.3479]
25   	13018.98    	0.014   	1.0000  	[21.7, 21.7]	[front, back]	[2869.4950, 2292.0561]
26   	11981.09    	0.013   	1.0000  	[21.7, 21.7]	[front, back]	[2680.2400, 2288.0149]
27   	11478.15    	0.012   	1.0000  	[21.7, 21.7]	[left, right]	[2291.9543, 2131.7523]
28   	11199.04    	0.011   	1.0000  	[21.7, 21.7]	[left, right]	[2088.9822, 2125.9767]
29   	11060.35    	0.011   	1.0000  	[21.7, 21.7]	[left, right]	[2050.8600, 2154.2649]
30   	10924.94    	0.011   	1.0000  	[21.7, 21.7]	[left, right]	[2099.5190, 2177.7161]
31   	10743.62    	0.011   	1.0000  	[21.7, 21.7]	[left, right]	[2177.9698, 2210.6250]
32   	10452.13    	0.011   	1.0000  	[21.7, 21.7]	[left, right]	[2253.6459, 2223.0798]
33   	9879.61     	0.011   	1.0000  	[21.7, 21.7]	[left, right]	[2379.2483, 2218.1329]
34   	8710.98     	0.011   	1.0000  	[21.7, 21.7]	[left, right]	[2481.1538, 2246.4874]
35   	6664.19     	0.009   	1.0000  	[21.7, 21.7]	[back, hover]	[2249.2151, 1498.0387]
36   	5784.82     	0.006   	1.0000  	[21.7, 21.7]	[back, hover]	[2054.4541, 947.2739]
37   	5086.28     	0.004   	1.0000  	[21.7, 21.7]	[hover, front]	[1389.0103, 602.0221]
38   	4668.59     	0.003   	1.0000  	[21.7, 21.7]	[back, back]	[952.8009, 379.0981]
39   	4200.57     	0.002   	1.0000  	[21.7, 21.7]	[down, front]	[637.1453, 244.7461]
40   	4047.75     	0.002   	1.0000  	[16.2, 21.7]	[left, front]	[442.7034, 174.1195]
41   	3935.80     	0.002   	1.0000  	[16.2, 21.7]	[back, front]	[232.7134, 131.8293]
42   	3915.41     	0.002   	1.0000  	[16.2, 21.7]	[back, hover]	[140.4600, 117.5001]
43   	3876.65     	0.002   	1.0000  	[16.2, 21.7]	[back, hover]	[81.1245, 108.1671]
44   	3838.94     	0.002   	1.0000  	[16.2, 21.7]	[back, back]	[59.6350, 95.8404]
45   	3804.48     	0.002   	1.0000  	[16.2, 21.7]	[back, front]	[50.8101, 77.3254]
46   	3778.09     	0.002   	1.0000  	[16.2, 21.7]	[back, hover]	[46.6972, 70.1991]
47   	3753.13     	0.002   	1.0000  	[16.2, 21.7]	[hover, front]	[34.4586, 64.8523]
48   	3738.25     	0.002   	1.0000  	[16.2, 21.7]	[hover, front]	[28.6778, 62.6309]
49   	3721.82     	0.002   	1.0000  	[16.2, 21.7]	[hover, front]	[26.5727, 53.1096]
50   	3711.93     	0.002   	1.0000  	[16.2, 21.7]	[front, front]	[25.7134, 42.3776]
51   	3705.43     	0.002   	1.0000  	[16.2, 21.7]	[up, front]	[31.4538, 36.5258]
52   	3703.98     	0.002   	1.0000  	[21.7, 21.7]	[right, left]	[43.4747, 34.3734]
53   	3705.00     	0.002   	1.0000  	[21.7, 21.7]	[right, left]	[40.3234, 38.9705]
54   	3701.63     	0.002   	1.0000  	[21.7, 21.7]	[right, left]	[38.3155, 50.7150]
55   	3692.39     	0.002   	1.0000  	[21.7, 21.7]	[right, left]	[35.2986, 75.6643]
56   	3665.35     	0.002   	1.0000  	[21.7, 21.7]	[right, left]	[39.3981, 114.1215]
57   	3618.69     	0.002   	1.0000  	[21.7, 21.7]	[right, left]	[48.5396, 169.0132]
58   	3508.66     	0.002   	1.0000  	[21.7, 21.7]	[right, left]	[89.7610, 258.9521]
59   	3302.13     	0.002   	1.0000  	[21.7, 21.7]	[right, left]	[228.5785, 391.2934]
60   	2906.23     	0.002   	1.0000  	[21.7, 21.7]	[right, hover]	[409.3233, 280.9507]
61   	2622.98     	0.001   	1.0000  	[21.7, 21.7]	[hover, hover]	[263.7428, 194.9381]
62   	2393.71     	0.001   	1.0000  	[21.7, 21.7]	[hover, hover]	[167.3784, 132.7265]
63   	2206.39     	0.000   	1.0000  	[21.7, 21.7]	[hover, hover]	[98.0682, 93.3746]
64   	2092.45     	0.000   	1.0000  	[21.7, 21.7]	[hover, hover]	[61.3338, 67.2586]
65   	2024.81     	0.000   	1.0000  	[21.7, 21.7]	[front, hover]	[48.9080, 51.5854]
66   	1975.41     	0.000   	1.0000  	[21.7, 21.7]	[front, hover]	[51.5174, 41.0160]
67   	1942.37     	0.000   	1.0000  	[21.7, 21.7]	[front, hover]	[61.7832, 34.5115]
68   	1924.08     	0.000   	1.0000  	[21.7, 21.7]	[front, hover]	[84.3584, 30.7874]
69   	1913.30     	0.000   	1.0000  	[21.7, 21.7]	[front, back]	[124.2701, 29.8110]
70   	1911.45     	0.000   	1.0000  	[21.7, 21.7]	[front, back]	[168.4408, 33.6885]
71   	1907.06     	0.000   	1.0000  	[21.7, 21.7]	[front, back]	[224.8580, 41.6326]
72   	1901.26     	0.000   	1.0000  	[21.7, 21.7]	[front, back]	[313.1750, 56.9220]
73   	1900.61     	0.000   	1.0000  	[21.7, 21.7]	[hover, back]	[188.6310, 84.0692]
74   	1899.34     	0.000   	1.0000  	[21.7, 21.7]	[hover, back]	[115.4418, 133.5980]
75   	1895.98     	0.000   	1.0000  	[21.7, 21.7]	[hover, back]	[69.7421, 209.0189]
76   	1894.32     	0.000   	1.0000  	[21.7, 21.7]	[hover, back]	[45.8423, 327.5929]
77   	1890.42     	0.000   	1.0000  	[21.7, 21.7]	[hover, hover]	[34.4691, 225.5204]
78   	1886.58     	0.000   	1.0000  	[21.7, 21.7]	[left, hover]	[32.2330, 140.4088]
79   	1883.80     	0.000   	1.0000  	[21.7, 21.7]	[left, hover]	[35.7236, 89.1322]
80   	1883.13     	0.000   	1.0000  	[21.7, 21.7]	[left, hover]	[43.4484, 60.8215]
81   	1881.03     	0.000   	1.0000  	[21.7, 21.7]	[left, hover]	[61.8709, 44.2264]
82   	1880.26     	0.000   	1.0000  	[21.7, 21.7]	[left, hover]	[93.4483, 36.3302]
83   	1878.17     	0.000   	1.0000  	[21.7, 21.7]	[left, hover]	[144.4686, 31.4750]
84   	1874.58     	0.000   	1.0000  	[21.7, 21.7]	[left, hover]	[214.8901, 28.7158]
85   	1871.64     	0.000   	1.0000  	[21.7, 21.7]	[left, hover]	[317.4427, 27.8685]
86   	1868.60     	0.000   	1.0000  	[21.7, 21.7]	[hover, hover]	[227.8637, 26.8717]
87   	1864.34     	0.000   	1.0000  	[21.7, 21.7]	[hover, hover]	[162.9488, 26.6114]
88   	1859.13     	0.000   	1.0000  	[21.7, 21.7]	[hover, hover]	[112.2911, 26.5325]
89   	1857.00     	0.000   	1.0000  	[21.7, 21.7]	[hover, hover]	[79.5611, 25.9574]
90   	1854.81     	0.000   	1.0000  	[21.7, 21.7]	[hover, front]	[57.7917, 25.9214]
91   	1854.55     	0.000   	1.0000  	[21.7, 21.7]	[hover, front]	[46.4639, 25.6906]
92   	1854.72     	0.000   	1.0000  	[21.7, 21.7]	[hover, front]	[37.1091, 25.6043]
93   	1851.36     	0.000   	1.0000  	[21.7, 21.7]	[hover, front]	[31.7187, 25.7973]
94   	1851.82     	0.000   	1.0000  	[21.7, 21.7]	[hover, hover]	[29.6689, 25.8109]
95   	1850.78     	0.000   	1.0000  	[21.7, 21.7]	[hover, hover]	[27.7714, 25.8305]
96   	1850.48     	0.000   	1.0000  	[21.7, 21.7]	[hover, hover]	[27.0628, 25.6950]
97   	1851.66     	0.000   	1.0000  	[21.7, 21.7]	[hover, hover]	[25.8667, 25.5757]
98   	1850.78     	0.000   	1.0000  	[21.7, 21.7]	[back, hover]	[25.6276, 25.4186]
99   	1850.07     	0.000   	1.0000  	[21.7, 21.7]	[back, hover]	[25.8161, 25.3790]
[2025-12-11T11:33:41]
Strategy: greedy_ig
Pairwise: adaptive
News mode: BM
Num agents: 2
Iteration: 6
Error margin: None
Gaussian radius 5 
Grid info: range: 0-50-50, cell_size:0.125, map shape: (400, 400), center:True
init UAV positions: [(25.0, 25.0, 5.4), (-25.0, 25.0, 5.4)]
mcts_params: {}
Step	Entropy	MSE	Coverage	Heights	Actions	IGs
------------------------------------------------------------------------------------------------------------------------
0    	158843.99   	0.405   	0.0078  	[5.4, 5.4]	[up, up]	[821.9019, 827.6221]
1    	155946.73   	0.409   	0.0312  	[10.8, 10.8]	[up, up]	[1054.4567, 1040.6745]
2    	152603.34   	0.419   	0.0703  	[16.2, 16.2]	[back, back]	[1230.3795, 1219.4512]
3    	149742.86   	0.414   	0.0938  	[16.2, 16.2]	[left, right]	[1422.9268, 1522.2007]
4    	145617.30   	0.414   	0.1250  	[16.2, 16.2]	[back, back]	[1436.3477, 1731.0357]
5    	141044.79   	0.394   	0.1562  	[16.2, 16.2]	[left, right]	[1556.2721, 1970.9504]
6    	135421.23   	0.388   	0.1953  	[16.2, 16.2]	[back, back]	[1595.7485, 2100.9962]
7    	129276.14   	0.363   	0.2344  	[16.2, 16.2]	[left, right]	[1704.3039, 2253.4129]
8    	122331.93   	0.353   	0.2812  	[16.2, 16.2]	[left, right]	[1733.6535, 2226.1843]
9    	116043.93   	0.345   	0.3281  	[16.2, 16.2]	[up, right]	[1851.7009, 2401.1999]
10   	108470.89   	0.319   	0.4062  	[21.7, 16.2]	[back, right]	[2054.6478, 2396.0576]
11   	103062.88   	0.284   	0.4375  	[21.7, 16.2]	[back, right]	[2026.3206, 2333.2116]
12   	97340.37    	0.248   	0.4688  	[21.7, 16.2]	[back, right]	[2091.5826, 2145.6399]
13   	92115.22    	0.216   	0.5000  	[21.7, 16.2]	[back, right]	[2223.4580, 1929.0481]
14   	87999.08    	0.187   	0.5312  	[21.7, 16.2]	[back, right]	[2486.7787, 1800.9563]
15   	84428.60    	0.159   	0.5625  	[21.7, 16.2]	[back, right]	[2759.9319, 1795.7016]
16   	81051.46    	0.133   	0.5938  	[21.7, 16.2]	[back, right]	[3019.2521, 1838.2274]
17   	76848.45    	0.119   	0.6250  	[21.7, 16.2]	[back, right]	[3057.0933, 1879.4814]
18   	71867.86    	0.116   	0.6562  	[21.7, 16.2]	[back, back]	[2920.8456, 1740.2677]
19   	66046.56    	0.112   	0.6875  	[21.7, 16.2]	[left, back]	[2467.8829, 1754.0673]
20   	60749.43    	0.095   	0.7188  	[21.7, 16.2]	[left, back]	[2211.1063, 1693.4332]
21   	55688.63    	0.095   	0.7500  	[21.7, 16.2]	[left, back]	[2112.1475, 1948.0434]
22   	50990.40    	0.095   	0.7812  	[21.7, 16.2]	[left, back]	[2119.8966, 2291.5922]
23   	46183.37    	0.095   	0.8125  	[21.7, 16.2]	[left, back]	[2138.8097, 2595.3166]
24   	41405.98    	0.090   	0.8438  	[21.7, 16.2]	[left, back]	[2177.7227, 2787.0391]
25   	36588.94    	0.081   	0.8750  	[21.7, 16.2]	[left, back]	[2237.9614, 2869.1733]
26   	31550.60    	0.070   	0.9062  	[21.7, 16.2]	[left, back]	[2303.4163, 2656.1984]
27   	26191.57    	0.056   	0.9375  	[21.7, 16.2]	[front, back]	[2173.0916, 2326.8422]
28   	20799.94    	0.040   	0.9688  	[21.7, 16.2]	[front, left]	[2110.6981, 1887.9934]
29   	16127.66    	0.028   	1.0000  	[21.7, 16.2]	[front, left]	[2082.1764, 1795.6006]
30   	13773.50    	0.020   	1.0000  	[21.7, 16.2]	[front, left]	[2130.0702, 1713.1886]
31   	11727.87    	0.014   	1.0000  	[21.7, 16.2]	[front, left]	[2163.6367, 1742.0628]
32   	10211.64    	0.010   	1.0000  	[21.7, 16.2]	[front, left]	[2212.9313, 1792.3424]
33   	9020.79     	0.008   	1.0000  	[21.7, 16.2]	[front, left]	[2245.9777, 1896.5267]
34   	8259.03     	0.008   	1.0000  	[21.7, 16.2]	[front, left]	[2334.6861, 1974.2830]
35   	7598.59     	0.007   	1.0000  	[21.7, 16.2]	[hover, left]	[1688.1961, 2062.4595]
36   	6917.04     	0.006   	1.0000  	[21.7, 16.2]	[hover, left]	[1232.3930, 2187.1911]
37   	6070.30     	0.006   	1.0000  	[21.7, 16.2]	[right, left]	[900.8885, 2334.3100]
38   	4791.02     	0.005   	1.0000  	[21.7, 16.2]	[left, front]	[623.7121, 2068.0175]
39   	4480.60     	0.003   	1.0000  	[21.7, 16.2]	[right, front]	[446.2119, 1927.7789]
40   	4214.63     	0.003   	1.0000  	[21.7, 16.2]	[right, front]	[308.2483, 1740.1953]
41   	4012.21     	0.002   	1.0000  	[21.7, 16.2]	[right, front]	[198.8224, 1682.5639]
42   	3889.06     	0.002   	1.0000  	[21.7, 16.2]	[right, right]	[126.8396, 1278.5930]
43   	3828.03     	0.002   	1.0000  	[21.7, 16.2]	[right, right]	[86.3150, 1159.8742]
44   	3791.32     	0.002   	1.0000  	[21.7, 16.2]	[right, right]	[68.5743, 1153.4638]
45   	3761.16     	0.002   	1.0000  	[21.7, 16.2]	[right, right]	[60.3903, 1157.0194]
46   	3726.34     	0.002   	1.0000  	[21.7, 16.2]	[right, right]	[61.0473, 681.4205]
47   	3704.66     	0.002   	1.0000  	[21.7, 16.2]	[back, right]	[55.1581, 355.5739]
48   	3682.29     	0.002   	1.0000  	[21.7, 16.2]	[back, right]	[63.4146, 207.5856]
49   	3659.85     	0.002   	1.0000  	[21.7, 16.2]	[back, right]	[75.0688, 183.7268]
50   	3657.89     	0.002   	1.0000  	[21.7, 16.2]	[back, right]	[104.4488, 194.0492]
51   	3658.30     	0.002   	1.0000  	[21.7, 16.2]	[hover, right]	[85.9621, 208.0003]
52   	3650.94     	0.002   	1.0000  	[21.7, 16.2]	[back, front]	[128.4856, 170.4279]
53   	3636.88     	0.002   	1.0000  	[21.7, 16.2]	[back, front]	[204.9077, 142.8804]
54   	3614.36     	0.002   	1.0000  	[21.7, 16.2]	[back, front]	[282.2428, 128.8782]
55   	3527.79     	0.002   	1.0000  	[21.7, 16.2]	[back, front]	[377.8751, 108.0940]
56   	3275.73     	0.002   	1.0000  	[21.7, 16.2]	[hover, front]	[229.7393, 116.9085]
57   	3119.09     	0.002   	1.0000  	[21.7, 16.2]	[hover, front]	[140.4339, 209.3391]
58   	3015.30     	0.001   	1.0000  	[21.7, 16.2]	[hover, hover]	[86.9472, 95.1116]
59   	2940.93     	0.001   	1.0000  	[21.7, 16.2]	[hover, hover]	[57.1292, 49.7808]
60   	2897.44     	0.001   	1.0000  	[21.7, 16.2]	[hover, hover]	[42.3731, 32.6781]
61   	2880.50     	0.001   	1.0000  	[21.7, 16.2]	[hover, left]	[34.9548, 29.0318]
62   	2861.54     	0.001   	1.0000  	[21.7, 16.2]	[left, up]	[31.0482, 32.9668]
63   	2860.21     	0.001   	1.0000  	[21.7, 21.7]	[left, back]	[34.6686, 38.8054]
64   	2858.00     	0.001   	1.0000  	[21.7, 21.7]	[left, back]	[40.4669, 44.6654]
65   	2855.03     	0.001   	1.0000  	[21.7, 21.7]	[left, back]	[53.0275, 48.3041]
66   	2851.19     	0.001   	1.0000  	[21.7, 21.7]	[left, left]	[81.3704, 42.9789]
67   	2838.33     	0.001   	1.0000  	[21.7, 21.7]	[left, left]	[134.7213, 43.2437]
68   	2792.26     	0.001   	1.0000  	[21.7, 21.7]	[left, left]	[216.1798, 50.5624]
69   	2689.75     	0.001   	1.0000  	[21.7, 21.7]	[left, left]	[334.3141, 54.0720]
70   	2389.97     	0.001   	1.0000  	[21.7, 21.7]	[hover, left]	[217.4536, 68.5618]
71   	2263.27     	0.001   	1.0000  	[21.7, 21.7]	[hover, left]	[147.2389, 101.3889]
72   	2155.53     	0.000   	1.0000  	[21.7, 21.7]	[hover, left]	[96.8874, 151.6218]
73   	2063.50     	0.000   	1.0000  	[21.7, 21.7]	[hover, left]	[66.4111, 247.8853]
74   	1982.61     	0.000   	1.0000  	[21.7, 21.7]	[hover, front]	[45.0210, 169.6660]
75   	1934.34     	0.000   	1.0000  	[21.7, 21.7]	[hover, front]	[35.0260, 124.4394]
76   	1909.12     	0.000   	1.0000  	[21.7, 21.7]	[hover, hover]	[31.2458, 84.2749]
77   	1897.74     	0.000   	1.0000  	[21.7, 21.7]	[hover, hover]	[28.9353, 62.2509]
78   	1891.32     	0.000   	1.0000  	[21.7, 21.7]	[front, hover]	[28.1741, 49.2935]
79   	1887.22     	0.000   	1.0000  	[21.7, 21.7]	[front, back]	[29.3794, 40.9474]
80   	1882.37     	0.000   	1.0000  	[21.7, 21.7]	[front, back]	[31.4239, 35.7263]
81   	1881.10     	0.000   	1.0000  	[21.7, 21.7]	[front, back]	[34.3054, 32.6213]
82   	1880.05     	0.000   	1.0000  	[21.7, 21.7]	[hover, hover]	[31.0296, 29.2592]
83   	1878.96     	0.000   	1.0000  	[21.7, 21.7]	[hover, hover]	[27.7919, 28.0054]
84   	1879.57     	0.000   	1.0000  	[21.7, 21.7]	[hover, hover]	[27.3112, 27.3572]
85   	1879.23     	0.000   	1.0000  	[21.7, 21.7]	[hover, hover]	[27.3804, 26.8947]
86   	1877.03     	0.000   	1.0000  	[21.7, 21.7]	[hover, hover]	[26.9032, 26.3182]
87   	1876.28     	0.000   	1.0000  	[21.7, 21.7]	[right, hover]	[26.4896, 26.5874]
88   	1877.42     	0.000   	1.0000  	[21.7, 21.7]	[front, back]	[30.5649, 28.7660]
89   	1877.02     	0.000   	1.0000  	[21.7, 21.7]	[up, back]	[36.4428, 38.3464]
90   	1876.32     	0.000   	1.0000  	[27.1, 21.7]	[front, back]	[49.7359, 61.7338]
91   	1872.35     	0.000   	1.0000  	[27.1, 21.7]	[front, back]	[71.9025, 102.6885]
92   	1869.27     	0.000   	1.0000  	[27.1, 21.7]	[hover, back]	[56.3511, 202.5762]
93   	1866.95     	0.000   	1.0000  	[27.1, 21.7]	[hover, hover]	[44.6720, 135.4874]
94   	1865.98     	0.000   	1.0000  	[27.1, 21.7]	[hover, hover]	[36.5227, 87.9236]
95   	1860.33     	0.000   	1.0000  	[27.1, 21.7]	[hover, hover]	[31.2421, 60.7814]
96   	1858.86     	0.000   	1.0000  	[27.1, 21.7]	[hover, hover]	[27.6903, 43.0514]
97   	1857.10     	0.000   	1.0000  	[27.1, 21.7]	[down, hover]	[26.2310, 34.5185]
98   	1858.96     	0.000   	1.0000  	[21.7, 21.7]	[front, hover]	[27.8774, 30.0602]
99   	1857.21     	0.000   	1.0000  	[21.7, 21.7]	[left, right]	[30.7511, 28.0056]
[2025-12-11T11:33:47]
Strategy: greedy_ig
Pairwise: adaptive
News mode: BM
Num agents: 2
Iteration: 7
Error margin: None
Gaussian radius 5 
Grid info: range: 0-50-50, cell_size:0.125, map shape: (400, 400), center:True
init UAV positions: [(-25.0, 25.0, 5.4), (25.0, 25.0, 5.4)]
mcts_params: {}
Step	Entropy	MSE	Coverage	Heights	Actions	IGs
------------------------------------------------------------------------------------------------------------------------
0    	158843.99   	0.405   	0.0078  	[5.4, 5.4]	[up, up]	[821.9019, 827.6221]
1    	155971.07   	0.409   	0.0312  	[10.8, 10.8]	[up, up]	[1060.5972, 1041.4687]
2    	152638.00   	0.418   	0.0703  	[16.2, 16.2]	[back, back]	[1230.3213, 1226.5643]
3    	149649.46   	0.414   	0.0938  	[16.2, 16.2]	[right, left]	[1541.1511, 1362.4437]
4    	145481.76   	0.413   	0.1250  	[16.2, 16.2]	[back, back]	[1727.7983, 1389.3190]
5    	140902.94   	0.393   	0.1562  	[16.2, 16.2]	[right, left]	[2006.6546, 1479.2214]
6    	135360.56   	0.387   	0.1953  	[16.2, 16.2]	[right, left]	[2171.4016, 1514.5391]
7    	129673.18   	0.382   	0.2344  	[16.2, 16.2]	[back, back]	[2444.6064, 1699.3224]
8    	122614.27   	0.354   	0.2812  	[16.2, 16.2]	[back, back]	[2308.2684, 1727.3312]
9    	115826.13   	0.323   	0.3281  	[16.2, 16.2]	[up, up]	[2191.6537, 1867.9771]
10   	106602.85   	0.288   	0.4375  	[21.7, 21.7]	[right, left]	[2384.5106, 2065.6899]
11   	98716.62    	0.279   	0.5000  	[21.7, 21.7]	[back, back]	[2358.2194, 2057.1394]
12   	90988.11    	0.230   	0.5625  	[21.7, 21.7]	[back, back]	[2368.3809, 2071.7168]
13   	82595.91    	0.183   	0.6250  	[21.7, 21.7]	[back, back]	[2346.2515, 2157.3961]
14   	74649.45    	0.142   	0.6875  	[21.7, 21.7]	[back, back]	[2312.4953, 2397.1810]
15   	66672.68    	0.109   	0.7500  	[21.7, 21.7]	[back, back]	[2289.3756, 2669.6660]
16   	58411.09    	0.082   	0.8125  	[21.7, 21.7]	[back, back]	[2276.6373, 2892.7430]
17   	49430.76    	0.069   	0.8750  	[21.7, 21.7]	[back, back]	[2285.2010, 2954.6082]
18   	39540.05    	0.064   	0.9375  	[21.7, 21.7]	[back, back]	[2300.7602, 2830.7558]
19   	29615.24    	0.062   	1.0000  	[21.7, 21.7]	[right, left]	[2031.9936, 2300.8317]
20   	24913.41    	0.042   	1.0000  	[21.7, 21.7]	[right, left]	[1881.6827, 1968.3129]
21   	20838.45    	0.028   	1.0000  	[21.7, 21.7]	[right, left]	[1804.8497, 1810.2786]
22   	18320.05    	0.022   	1.0000  	[21.7, 21.7]	[right, left]	[1798.8965, 1765.6284]
23   	17123.16    	0.020   	1.0000  	[21.7, 21.7]	[right, left]	[1944.4634, 1947.4105]
24   	16582.34    	0.019   	1.0000  	[21.7, 21.7]	[right, left]	[2137.4191, 2151.4765]
25   	15861.08    	0.019   	1.0000  	[21.7, 21.7]	[right, left]	[2176.3120, 2244.8959]
26   	14718.98    	0.018   	1.0000  	[21.7, 21.7]	[right, left]	[2223.4382, 2307.2125]
27   	12886.38    	0.017   	1.0000  	[21.7, 21.7]	[front, front]	[2100.0479, 2174.4394]
28   	12324.90    	0.014   	1.0000  	[21.7, 21.7]	[front, front]	[2128.5732, 2094.9671]
29   	11947.66    	0.013   	1.0000  	[21.7, 21.7]	[front, front]	[2286.1365, 2111.3292]
30   	11688.98    	0.013   	1.0000  	[21.7, 21.7]	[front, front]	[2557.1160, 2164.2731]
31   	11418.46    	0.012   	1.0000  	[21.7, 21.7]	[front, front]	[2777.2755, 2205.2923]
32   	10954.09    	0.012   	1.0000  	[21.7, 21.7]	[front, front]	[2895.7973, 2220.4609]
33   	10317.62    	0.012   	1.0000  	[21.7, 21.7]	[front, front]	[2825.2673, 2235.1845]
34   	9306.09     	0.010   	1.0000  	[21.7, 21.7]	[front, front]	[2628.0622, 2321.1226]
35   	7891.57     	0.010   	1.0000  	[21.7, 21.7]	[hover, hover]	[1749.6829, 1708.4421]
36   	7172.58     	0.007   	1.0000  	[21.7, 21.7]	[left, right]	[1113.3199, 1299.4119]
37   	6347.31     	0.006   	1.0000  	[21.7, 21.7]	[left, left]	[693.2266, 944.8625]
38   	5704.34     	0.005   	1.0000  	[21.7, 21.7]	[right, right]	[397.5975, 671.3580]
39   	5405.40     	0.004   	1.0000  	[21.7, 21.7]	[right, right]	[305.7689, 536.8410]
40   	5215.69     	0.004   	1.0000  	[21.7, 21.7]	[hover, hover]	[169.4932, 355.2917]
41   	5100.79     	0.004   	1.0000  	[21.7, 21.7]	[left, left]	[100.6236, 218.7182]
42   	5044.84     	0.004   	1.0000  	[21.7, 21.7]	[left, left]	[131.9266, 222.7674]
43   	5017.01     	0.004   	1.0000  	[21.7, 21.7]	[left, hover]	[109.6703, 151.0183]
44   	4988.02     	0.004   	1.0000  	[21.7, 21.7]	[left, hover]	[79.8711, 110.4945]
45   	4979.94     	0.004   	1.0000  	[21.7, 21.7]	[left, hover]	[60.8349, 83.0556]
46   	4972.26     	0.004   	1.0000  	[21.7, 21.7]	[left, hover]	[49.4366, 62.0744]
47   	4966.86     	0.004   	1.0000  	[21.7, 21.7]	[left, right]	[44.0503, 54.8020]
48   	4965.38     	0.004   	1.0000  	[21.7, 21.7]	[left, right]	[40.3719, 101.2816]
49   	4961.75     	0.004   	1.0000  	[21.7, 21.7]	[hover, right]	[35.3889, 87.9882]
50   	4960.79     	0.004   	1.0000  	[21.7, 21.7]	[back, right]	[32.6880, 65.9868]
51   	4958.89     	0.004   	1.0000  	[21.7, 21.7]	[back, right]	[35.7503, 49.2959]
52   	4956.12     	0.004   	1.0000  	[21.7, 21.7]	[back, right]	[43.4939, 41.3007]
53   	4949.11     	0.004   	1.0000  	[21.7, 21.7]	[back, right]	[59.8105, 39.6237]
54   	4943.72     	0.004   	1.0000  	[21.7, 21.7]	[back, right]	[88.0451, 38.2119]
55   	4911.39     	0.003   	1.0000  	[21.7, 21.7]	[back, back]	[134.9968, 44.0375]
56   	4844.76     	0.003   	1.0000  	[21.7, 21.7]	[back, back]	[218.6495, 53.0749]
57   	4649.89     	0.003   	1.0000  	[21.7, 21.7]	[back, back]	[340.8803, 71.0289]
58   	4235.60     	0.003   	1.0000  	[21.7, 21.7]	[hover, back]	[234.3015, 100.9094]
59   	3983.35     	0.003   	1.0000  	[21.7, 21.7]	[hover, back]	[151.4323, 152.0362]
60   	3801.81     	0.002   	1.0000  	[21.7, 21.7]	[hover, back]	[100.4901, 216.3476]
61   	3537.89     	0.002   	1.0000  	[21.7, 21.7]	[hover, back]	[65.9922, 290.0024]
62   	3198.27     	0.002   	1.0000  	[21.7, 21.7]	[hover, back]	[46.6752, 376.3901]
63   	2631.68     	0.001   	1.0000  	[21.7, 21.7]	[hover, hover]	[36.4285, 226.6295]
64   	2336.25     	0.001   	1.0000  	[21.7, 21.7]	[hover, hover]	[30.9526, 134.1515]
65   	2162.81     	0.000   	1.0000  	[21.7, 21.7]	[right, hover]	[28.6400, 87.6206]
66   	2033.02     	0.000   	1.0000  	[21.7, 21.7]	[right, hover]	[33.0495, 59.3294]
67   	1965.17     	0.000   	1.0000  	[21.7, 21.7]	[right, hover]	[43.0757, 42.5536]
68   	1933.02     	0.000   	1.0000  	[21.7, 21.7]	[right, hover]	[60.9802, 35.3413]
69   	1915.46     	0.000   	1.0000  	[21.7, 21.7]	[right, left]	[93.7332, 32.2509]
70   	1907.48     	0.000   	1.0000  	[21.7, 21.7]	[right, left]	[149.4338, 33.6627]
71   	1902.10     	0.000   	1.0000  	[21.7, 21.7]	[right, left]	[270.7739, 38.9618]
72   	1897.51     	0.000   	1.0000  	[21.7, 21.7]	[right, left]	[437.4051, 53.3996]
73   	1887.97     	0.000   	1.0000  	[21.7, 21.7]	[hover, left]	[277.6333, 84.2930]
74   	1879.72     	0.000   	1.0000  	[21.7, 21.7]	[hover, left]	[167.5004, 126.0139]
75   	1872.97     	0.000   	1.0000  	[21.7, 21.7]	[hover, left]	[104.7949, 202.8017]
76   	1865.31     	0.000   	1.0000  	[21.7, 21.7]	[hover, left]	[67.6080, 329.0195]
77   	1860.28     	0.000   	1.0000  	[21.7, 21.7]	[hover, hover]	[47.6190, 212.5638]
78   	1852.36     	0.000   	1.0000  	[21.7, 21.7]	[hover, hover]	[37.6012, 139.7791]
79   	1849.85     	0.000   	1.0000  	[21.7, 21.7]	[hover, hover]	[32.4993, 91.7370]
80   	1846.73     	0.000   	1.0000  	[21.7, 21.7]	[hover, hover]	[29.3067, 60.8097]
81   	1839.88     	0.000   	1.0000  	[21.7, 21.7]	[front, hover]	[27.8028, 46.9256]
82   	1839.85     	0.000   	1.0000  	[21.7, 21.7]	[front, hover]	[26.8140, 36.7591]
83   	1839.12     	0.000   	1.0000  	[21.7, 21.7]	[front, hover]	[26.8250, 32.0277]
84   	1837.43     	0.000   	1.0000  	[21.7, 21.7]	[front, hover]	[27.4977, 29.0338]
85   	1837.49     	0.000   	1.0000  	[21.7, 21.7]	[front, hover]	[32.7309, 27.7269]
86   	1837.81     	0.000   	1.0000  	[21.7, 21.7]	[front, front]	[36.6894, 26.6186]
87   	1836.82     	0.000   	1.0000  	[21.7, 21.7]	[front, front]	[41.4952, 26.6182]
88   	1836.62     	0.000   	1.0000  	[21.7, 21.7]	[front, front]	[51.0862, 27.0443]
89   	1836.67     	0.000   	1.0000  	[21.7, 21.7]	[hover, front]	[36.5511, 27.2795]
90   	1835.16     	0.000   	1.0000  	[21.7, 21.7]	[hover, front]	[30.1747, 27.5421]
91   	1834.77     	0.000   	1.0000  	[21.7, 21.7]	[hover, front]	[27.6640, 28.6499]
92   	1835.20     	0.000   	1.0000  	[21.7, 21.7]	[hover, front]	[26.2160, 30.9989]
93   	1833.57     	0.000   	1.0000  	[21.7, 21.7]	[left, front]	[25.7214, 36.0515]
94   	1834.21     	0.000   	1.0000  	[21.7, 21.7]	[right, hover]	[25.5578, 31.8795]
95   	1832.77     	0.000   	1.0000  	[21.7, 21.7]	[left, hover]	[25.5475, 29.2420]
96   	1832.97     	0.000   	1.0000  	[21.7, 21.7]	[hover, hover]	[25.6308, 27.9547]
97   	1833.46     	0.000   	1.0000  	[21.7, 21.7]	[hover, hover]	[25.6520, 27.0828]
98   	1832.17     	0.000   	1.0000  	[21.7, 21.7]	[hover, hover]	[25.3913, 26.0280]
99   	1832.58     	0.000   	1.0000  	[21.7, 21.7]	[right, hover]	[25.2440, 25.6675]
[2025-12-11T11:33:53]
Strategy: greedy_ig
Pairwise: adaptive
News mode: BM
Num agents: 2
Iteration: 8
Error margin: None
Gaussian radius 5 
Grid info: range: 0-50-50, cell_size:0.125, map shape: (400, 400), center:True
init UAV positions: [(-25.0, 25.0, 5.4), (-25.0, -25.0, 5.4)]
mcts_params: {}
Step	Entropy	MSE	Coverage	Heights	Actions	IGs
------------------------------------------------------------------------------------------------------------------------
0    	158843.99   	0.405   	0.0078  	[5.4, 5.4]	[up, up]	[821.9019, 827.6221]
1    	155961.18   	0.409   	0.0312  	[10.8, 10.8]	[up, up]	[1060.5972, 1039.1384]
2    	152625.03   	0.418   	0.0703  	[16.2, 16.2]	[back, front]	[1230.3213, 1220.4778]
3    	149900.14   	0.421   	0.0938  	[16.2, 16.2]	[right, right]	[1541.1511, 1486.3018]
4    	146151.34   	0.424   	0.1250  	[16.2, 16.2]	[back, front]	[1727.7983, 1683.8339]
5    	141958.07   	0.420   	0.1562  	[16.2, 16.2]	[right, right]	[2006.6546, 1913.9915]
6    	136813.52   	0.422   	0.1953  	[16.2, 16.2]	[right, front]	[2171.4016, 2054.6663]
7    	131008.98   	0.413   	0.2344  	[16.2, 16.2]	[back, right]	[2444.6064, 2140.7092]
8    	123940.07   	0.409   	0.2812  	[16.2, 16.2]	[back, right]	[2308.2684, 2100.3296]
9    	117301.80   	0.401   	0.3281  	[16.2, 16.2]	[up, right]	[2191.6537, 2211.3469]
10   	109469.13   	0.394   	0.4062  	[21.7, 16.2]	[right, right]	[2384.5106, 2288.7872]
11   	101930.27   	0.384   	0.4609  	[21.7, 16.2]	[right, right]	[2410.3303, 2255.7560]
12   	94134.06    	0.355   	0.5156  	[21.7, 16.2]	[right, right]	[2461.0137, 2114.1644]
13   	85831.70    	0.324   	0.5703  	[21.7, 16.2]	[right, right]	[2485.6270, 1973.3652]
14   	77230.68    	0.289   	0.6250  	[21.7, 16.2]	[right, up]	[2468.5622, 1877.0620]
15   	67486.62    	0.238   	0.7109  	[21.7, 21.7]	[right, front]	[2398.1097, 2073.3530]
16   	58296.95    	0.198   	0.7734  	[21.7, 21.7]	[right, right]	[2332.1876, 2052.6425]
17   	48840.53    	0.153   	0.8359  	[21.7, 21.7]	[right, right]	[2250.2059, 2047.6609]
18   	39578.06    	0.113   	0.8984  	[21.7, 21.7]	[right, right]	[2210.1937, 2087.8170]
19   	30163.37    	0.076   	0.9609  	[21.7, 21.7]	[back, front]	[1883.4317, 1860.2653]
20   	26761.34    	0.064   	0.9609  	[21.7, 21.7]	[back, front]	[1774.0281, 1822.1940]
21   	24432.02    	0.053   	0.9609  	[21.7, 21.7]	[back, front]	[1786.6317, 1946.8834]
22   	23257.75    	0.050   	0.9609  	[21.7, 21.7]	[back, front]	[1949.3255, 2142.5279]
23   	22583.02    	0.048   	0.9609  	[21.7, 21.7]	[back, front]	[2311.2168, 2480.4105]
24   	21831.10    	0.047   	0.9609  	[21.7, 21.7]	[back, front]	[2728.2451, 2760.4735]
25   	20783.53    	0.046   	0.9609  	[21.7, 21.7]	[back, front]	[2891.1923, 2817.4419]
26   	19327.25    	0.044   	0.9609  	[21.7, 21.7]	[back, front]	[2834.3117, 2653.2784]
27   	17383.35    	0.042   	0.9609  	[21.7, 21.7]	[left, left]	[2435.1199, 2258.5504]
28   	16771.84    	0.039   	0.9609  	[21.7, 21.7]	[left, left]	[2194.9119, 2098.5640]
29   	16203.33    	0.038   	0.9609  	[21.7, 21.7]	[left, left]	[2130.5304, 2083.1557]
30   	15507.33    	0.038   	0.9609  	[21.7, 21.7]	[left, left]	[2145.7523, 2104.4700]
31   	14468.27    	0.039   	0.9688  	[21.7, 21.7]	[left, left]	[2166.0142, 2162.4446]
32   	13399.42    	0.035   	0.9766  	[21.7, 21.7]	[left, left]	[2195.5984, 2225.7423]
33   	12168.26    	0.028   	0.9844  	[21.7, 21.7]	[left, left]	[2254.4277, 2350.6648]
34   	10743.33    	0.020   	0.9922  	[21.7, 21.7]	[left, left]	[2326.0415, 2464.9806]
35   	8912.87     	0.013   	1.0000  	[21.7, 21.7]	[hover, back]	[1616.3614, 2095.5586]
36   	7641.05     	0.009   	1.0000  	[21.7, 21.7]	[front, back]	[1060.7026, 1758.3123]
37   	6453.33     	0.006   	1.0000  	[21.7, 21.7]	[back, hover]	[697.8883, 1175.7883]
38   	5747.54     	0.005   	1.0000  	[21.7, 21.7]	[front, back]	[429.2799, 770.1009]
39   	5273.12     	0.004   	1.0000  	[21.7, 21.7]	[front, front]	[297.1706, 504.2466]
40   	5009.82     	0.004   	1.0000  	[21.7, 21.7]	[front, front]	[191.3209, 345.0945]
41   	4904.61     	0.003   	1.0000  	[21.7, 21.7]	[front, front]	[114.6191, 404.8629]
42   	4863.56     	0.003   	1.0000  	[21.7, 21.7]	[front, hover]	[76.2139, 286.3156]
43   	4838.33     	0.003   	1.0000  	[21.7, 21.7]	[front, hover]	[52.8540, 198.8322]
44   	4823.58     	0.003   	1.0000  	[21.7, 21.7]	[front, hover]	[40.7300, 136.2051]
45   	4820.57     	0.003   	1.0000  	[21.7, 21.7]	[hover, hover]	[35.0720, 93.4744]
46   	4818.26     	0.003   	1.0000  	[21.7, 21.7]	[back, hover]	[32.0666, 71.2076]
47   	4809.75     	0.003   	1.0000  	[21.7, 21.7]	[back, back]	[32.3196, 72.5314]
48   	4807.91     	0.003   	1.0000  	[21.7, 21.7]	[back, back]	[32.9165, 152.0251]
49   	4799.76     	0.003   	1.0000  	[21.7, 21.7]	[back, back]	[38.4731, 139.0715]
50   	4790.70     	0.003   	1.0000  	[21.7, 21.7]	[back, back]	[45.8434, 113.2146]
51   	4787.80     	0.003   	1.0000  	[21.7, 21.7]	[back, back]	[62.5288, 78.5839]
52   	4781.00     	0.003   	1.0000  	[21.7, 21.7]	[back, back]	[125.5382, 59.2213]
53   	4771.57     	0.003   	1.0000  	[21.7, 21.7]	[hover, back]	[81.3847, 47.2159]
54   	4764.83     	0.003   	1.0000  	[21.7, 21.7]	[hover, hover]	[54.7898, 37.1399]
55   	4761.79     	0.003   	1.0000  	[21.7, 21.7]	[hover, right]	[41.4819, 31.6413]
56   	4762.42     	0.003   	1.0000  	[21.7, 21.7]	[hover, back]	[34.2576, 33.0221]
57   	4759.24     	0.003   	1.0000  	[21.7, 21.7]	[hover, right]	[29.0023, 31.3750]
58   	4758.64     	0.003   	1.0000  	[21.7, 21.7]	[right, right]	[29.1103, 31.6727]
59   	4757.77     	0.003   	1.0000  	[21.7, 21.7]	[right, right]	[30.7025, 38.3171]
60   	4753.19     	0.003   	1.0000  	[21.7, 21.7]	[right, right]	[36.6998, 57.5740]
61   	4734.21     	0.003   	1.0000  	[21.7, 21.7]	[right, right]	[47.9619, 143.3106]
62   	4668.10     	0.003   	1.0000  	[21.7, 21.7]	[right, right]	[72.1309, 268.8307]
63   	4449.41     	0.003   	1.0000  	[21.7, 21.7]	[right, right]	[115.2455, 430.7573]
64   	3926.57     	0.003   	1.0000  	[21.7, 21.7]	[right, hover]	[188.4306, 260.1629]
65   	3618.09     	0.002   	1.0000  	[21.7, 21.7]	[up, hover]	[182.7167, 153.8802]
66   	3407.88     	0.002   	1.0000  	[27.1, 21.7]	[front, hover]	[156.0460, 92.7043]
67   	3287.70     	0.002   	1.0000  	[27.1, 21.7]	[hover, hover]	[118.2811, 61.8851]
68   	3211.14     	0.001   	1.0000  	[27.1, 21.7]	[hover, front]	[86.6375, 45.5837]
69   	3187.12     	0.001   	1.0000  	[27.1, 21.7]	[front, front]	[70.0787, 47.4322]
70   	3174.84     	0.001   	1.0000  	[27.1, 21.7]	[front, front]	[69.1970, 56.4080]
71   	3156.27     	0.001   	1.0000  	[27.1, 21.7]	[front, front]	[85.0590, 76.6634]
72   	3126.61     	0.001   	1.0000  	[27.1, 21.7]	[front, front]	[105.2988, 115.2754]
73   	3049.00     	0.001   	1.0000  	[27.1, 21.7]	[front, front]	[141.4446, 153.3044]
74   	2898.20     	0.001   	1.0000  	[27.1, 21.7]	[front, front]	[202.1882, 201.6520]
75   	2535.35     	0.001   	1.0000  	[27.1, 21.7]	[hover, front]	[146.3747, 291.4519]
76   	2176.74     	0.001   	1.0000  	[27.1, 21.7]	[hover, hover]	[102.4365, 171.5357]
77   	2025.38     	0.000   	1.0000  	[27.1, 21.7]	[hover, hover]	[76.3862, 108.1889]
78   	1942.29     	0.000   	1.0000  	[27.1, 21.7]	[hover, hover]	[57.4291, 69.6222]
79   	1893.49     	0.000   	1.0000  	[27.1, 21.7]	[hover, hover]	[44.5393, 49.1896]
80   	1878.51     	0.000   	1.0000  	[27.1, 21.7]	[hover, hover]	[35.6547, 37.7514]
81   	1869.72     	0.000   	1.0000  	[27.1, 21.7]	[hover, hover]	[30.0459, 31.8019]
82   	1869.67     	0.000   	1.0000  	[27.1, 21.7]	[down, hover]	[27.6383, 27.9693]
83   	1867.80     	0.000   	1.0000  	[21.7, 21.7]	[front, hover]	[29.6296, 27.1568]
84   	1867.62     	0.000   	1.0000  	[21.7, 21.7]	[hover, hover]	[27.4262, 26.4722]
85   	1867.77     	0.000   	1.0000  	[21.7, 21.7]	[hover, hover]	[26.6703, 25.9377]
86   	1866.16     	0.000   	1.0000  	[21.7, 21.7]	[hover, hover]	[26.0990, 25.9651]
87   	1866.65     	0.000   	1.0000  	[21.7, 21.7]	[hover, hover]	[25.9818, 25.5790]
88   	1866.15     	0.000   	1.0000  	[21.7, 21.7]	[hover, hover]	[25.7470, 25.3077]
89   	1867.07     	0.000   	1.0000  	[21.7, 21.7]	[back, back]	[25.6262, 25.2626]
90   	1865.85     	0.000   	1.0000  	[21.7, 21.7]	[back, back]	[25.6491, 25.1143]
91   	1865.41     	0.000   	1.0000  	[21.7, 21.7]	[back, back]	[25.6125, 25.1874]
92   	1865.67     	0.000   	1.0000  	[21.7, 21.7]	[hover, back]	[25.2992, 24.9881]
93   	1866.13     	0.000   	1.0000  	[21.7, 21.7]	[right, back]	[26.1407, 26.0592]
94   	1866.49     	0.000   	1.0000  	[21.7, 21.7]	[front, back]	[26.6807, 27.9379]
95   	1864.77     	0.000   	1.0000  	[21.7, 21.7]	[front, back]	[27.1345, 29.9172]
96   	1864.21     	0.000   	1.0000  	[21.7, 21.7]	[front, back]	[28.7300, 36.0604]
97   	1853.96     	0.000   	1.0000  	[21.7, 21.7]	[hover, hover]	[26.5932, 30.8581]
98   	1847.36     	0.000   	1.0000  	[21.7, 21.7]	[hover, hover]	[25.7045, 28.2795]
99   	1845.07     	0.000   	1.0000  	[21.7, 21.7]	[hover, hover]	[25.1781, 26.6226]
[2025-12-11T11:34:00]
Strategy: greedy_ig
Pairwise: adaptive
News mode: BM
Num agents: 2
Iteration: 9
Error margin: None
Gaussian radius 5 
Grid info: range: 0-50-50, cell_size:0.125, map shape: (400, 400), center:True
init UAV positions: [(25.0, -25.0, 5.4), (-25.0, 25.0, 5.4)]
mcts_params: {}
Step	Entropy	MSE	Coverage	Heights	Actions	IGs
------------------------------------------------------------------------------------------------------------------------
0    	158843.99   	0.405   	0.0078  	[5.4, 5.4]	[up, up]	[821.9019, 827.6221]
1    	155929.79   	0.409   	0.0312  	[10.8, 10.8]	[up, up]	[1038.6925, 1040.6745]
2    	152259.01   	0.408   	0.0703  	[16.2, 16.2]	[left, back]	[1063.2627, 1219.4512]
3    	149273.70   	0.404   	0.0938  	[16.2, 16.2]	[front, right]	[1195.3401, 1522.2007]
4    	145016.12   	0.392   	0.1250  	[16.2, 16.2]	[front, back]	[1217.1318, 1731.0357]
5    	140599.24   	0.373   	0.1562  	[16.2, 16.2]	[left, right]	[1422.1461, 1970.9504]
6    	135173.26   	0.363   	0.1953  	[16.2, 16.2]	[front, back]	[1524.7243, 2100.9962]
7    	129187.53   	0.339   	0.2344  	[16.2, 16.2]	[left, right]	[1692.1003, 2253.4129]
8    	122363.77   	0.329   	0.2812  	[16.2, 16.2]	[left, right]	[1749.5100, 2226.1843]
9    	116095.44   	0.319   	0.3281  	[16.2, 16.2]	[up, right]	[1863.5027, 2401.1999]
10   	108643.19   	0.289   	0.4062  	[21.7, 16.2]	[front, right]	[2084.3242, 2570.8673]
11   	101419.14   	0.255   	0.4609  	[21.7, 16.2]	[front, right]	[2126.2807, 2599.0475]
12   	93794.92    	0.214   	0.5156  	[21.7, 16.2]	[front, right]	[2226.8332, 2411.2461]
13   	86151.11    	0.172   	0.5703  	[21.7, 16.2]	[front, right]	[2331.4215, 2155.6372]
14   	80006.75    	0.142   	0.6094  	[21.7, 16.2]	[front, right]	[2513.1107, 1907.1948]
15   	74369.19    	0.120   	0.6406  	[21.7, 16.2]	[front, right]	[2607.1046, 1795.7016]
16   	69190.74    	0.109   	0.6641  	[21.7, 16.2]	[front, right]	[2582.1338, 1732.5152]
17   	64122.17    	0.099   	0.6797  	[21.7, 16.2]	[front, right]	[2395.5799, 1674.4281]
18   	60128.08    	0.091   	0.6875  	[21.7, 16.2]	[left, back]	[2222.5536, 1457.0456]
19   	57659.76    	0.085   	0.6992  	[21.7, 16.2]	[front, back]	[2126.8950, 1531.8703]
20   	56824.98    	0.083   	0.6992  	[21.7, 16.2]	[left, back]	[2034.6735, 1734.4613]
21   	55762.28    	0.084   	0.7070  	[21.7, 16.2]	[left, back]	[2018.0599, 2073.3449]
22   	54645.45    	0.084   	0.7148  	[21.7, 16.2]	[left, back]	[2076.1598, 2441.5555]
23   	53451.74    	0.085   	0.7227  	[21.7, 16.2]	[left, back]	[2137.2129, 2705.7218]
24   	52269.32    	0.085   	0.7305  	[21.7, 16.2]	[left, back]	[2216.8805, 2858.7584]
25   	50930.25    	0.080   	0.7383  	[21.7, 16.2]	[left, back]	[2315.2017, 2869.1733]
26   	49580.84    	0.073   	0.7461  	[21.7, 16.2]	[left, back]	[2458.0646, 2656.1984]
27   	48122.96    	0.065   	0.7539  	[21.7, 16.2]	[back, back]	[2338.2696, 2326.8422]
28   	44899.45    	0.057   	0.7812  	[21.7, 16.2]	[back, left]	[2256.1189, 1887.9934]
29   	41003.37    	0.042   	0.8125  	[21.7, 16.2]	[back, left]	[2191.2766, 1795.6006]
30   	36308.20    	0.030   	0.8438  	[21.7, 16.2]	[back, left]	[2192.5407, 1771.4584]
31   	29593.22    	0.027   	0.8906  	[21.7, 16.2]	[back, left]	[2128.3909, 1742.0628]
32   	23355.52    	0.025   	0.9297  	[21.7, 16.2]	[back, left]	[2095.0415, 1696.0095]
33   	17450.75    	0.022   	0.9609  	[21.7, 16.2]	[back, left]	[2030.8685, 1698.6259]
34   	12577.46    	0.019   	0.9844  	[21.7, 16.2]	[back, left]	[1982.1919, 1711.3469]
35   	8575.92     	0.015   	1.0000  	[21.7, 16.2]	[hover, left]	[1324.6155, 1715.9594]
36   	6614.76     	0.009   	1.0000  	[21.7, 16.2]	[right, left]	[891.0061, 1822.8475]
37   	5548.12     	0.005   	1.0000  	[21.7, 16.2]	[left, left]	[600.6229, 2123.2598]
38   	4271.18     	0.004   	1.0000  	[21.7, 16.2]	[right, front]	[392.9639, 1723.1296]
39   	3944.31     	0.003   	1.0000  	[21.7, 16.2]	[right, front]	[299.6228, 1681.9006]
40   	3742.08     	0.002   	1.0000  	[21.7, 16.2]	[right, front]	[179.6682, 1808.3435]
41   	3659.90     	0.002   	1.0000  	[21.7, 16.2]	[right, front]	[107.6238, 1816.1181]
42   	3596.38     	0.002   	1.0000  	[21.7, 16.2]	[right, right]	[70.3020, 1324.8152]
43   	3549.55     	0.002   	1.0000  	[21.7, 16.2]	[right, right]	[55.7665, 1168.8817]
44   	3530.74     	0.002   	1.0000  	[21.7, 16.2]	[right, right]	[49.4580, 1157.2370]
45   	3509.57     	0.002   	1.0000  	[21.7, 16.2]	[right, right]	[57.1372, 1159.1458]
46   	3494.38     	0.002   	1.0000  	[21.7, 16.2]	[front, right]	[57.1276, 674.6117]
47   	3462.55     	0.002   	1.0000  	[21.7, 16.2]	[front, right]	[67.7663, 345.7657]
48   	3450.97     	0.002   	1.0000  	[21.7, 16.2]	[front, right]	[88.5544, 201.9201]
49   	3438.97     	0.002   	1.0000  	[21.7, 16.2]	[front, right]	[123.1487, 180.5211]
50   	3434.95     	0.002   	1.0000  	[21.7, 16.2]	[front, right]	[176.9935, 195.1524]
51   	3406.42     	0.002   	1.0000  	[21.7, 16.2]	[front, right]	[219.5595, 206.0226]
52   	3363.21     	0.002   	1.0000  	[21.7, 16.2]	[front, front]	[284.3778, 171.5491]
53   	3253.27     	0.002   	1.0000  	[21.7, 16.2]	[front, front]	[456.6468, 147.0351]
54   	2980.67     	0.002   	1.0000  	[21.7, 16.2]	[hover, front]	[291.4671, 127.5977]
55   	2815.60     	0.001   	1.0000  	[21.7, 16.2]	[hover, front]	[178.5914, 98.3286]
56   	2668.67     	0.001   	1.0000  	[21.7, 16.2]	[hover, front]	[103.2457, 104.6013]
57   	2588.54     	0.001   	1.0000  	[21.7, 16.2]	[hover, front]	[64.7655, 183.7787]
58   	2496.95     	0.001   	1.0000  	[21.7, 16.2]	[hover, hover]	[41.1492, 85.5847]
59   	2472.81     	0.001   	1.0000  	[21.7, 16.2]	[hover, hover]	[32.9525, 45.9461]
60   	2466.79     	0.001   	1.0000  	[21.7, 16.2]	[left, hover]	[29.6842, 31.8335]
61   	2465.60     	0.001   	1.0000  	[21.7, 16.2]	[left, left]	[33.2428, 28.8768]
62   	2463.75     	0.001   	1.0000  	[21.7, 16.2]	[left, up]	[46.7161, 31.6705]
63   	2456.31     	0.001   	1.0000  	[21.7, 21.7]	[left, back]	[66.3348, 36.7129]
64   	2446.83     	0.001   	1.0000  	[21.7, 21.7]	[left, back]	[105.1022, 45.4207]
65   	2436.70     	0.001   	1.0000  	[21.7, 21.7]	[left, back]	[165.4543, 48.9481]
66   	2416.02     	0.001   	1.0000  	[21.7, 21.7]	[left, left]	[255.8567, 43.2130]
67   	2393.43     	0.001   	1.0000  	[21.7, 21.7]	[left, left]	[389.6356, 42.2840]
68   	2340.79     	0.001   	1.0000  	[21.7, 21.7]	[hover, left]	[273.0343, 48.0242]
69   	2296.53     	0.001   	1.0000  	[21.7, 21.7]	[hover, left]	[189.0807, 49.5989]
70   	2265.68     	0.001   	1.0000  	[21.7, 21.7]	[hover, left]	[131.9001, 63.7958]
71   	2246.07     	0.001   	1.0000  	[21.7, 21.7]	[hover, left]	[96.6447, 91.4542]
72   	2225.51     	0.000   	1.0000  	[21.7, 21.7]	[hover, left]	[70.5417, 135.6701]
73   	2210.74     	0.000   	1.0000  	[21.7, 21.7]	[hover, left]	[54.7250, 216.5369]
74   	2197.92     	0.000   	1.0000  	[21.7, 21.7]	[hover, front]	[41.6445, 150.6976]
75   	2187.75     	0.000   	1.0000  	[21.7, 21.7]	[hover, hover]	[34.9778, 93.0588]
76   	2185.30     	0.000   	1.0000  	[21.7, 21.7]	[hover, hover]	[31.7198, 65.0075]
77   	2182.02     	0.000   	1.0000  	[21.7, 21.7]	[hover, back]	[29.1288, 48.5712]
78   	2181.06     	0.000   	1.0000  	[21.7, 21.7]	[hover, back]	[27.5422, 41.1041]
79   	2179.24     	0.000   	1.0000  	[21.7, 21.7]	[back, back]	[27.0968, 36.7554]
80   	2178.41     	0.000   	1.0000  	[21.7, 21.7]	[back, back]	[26.8470, 42.2000]
81   	2174.52     	0.000   	1.0000  	[21.7, 21.7]	[back, back]	[30.4245, 62.9541]
82   	2167.26     	0.000   	1.0000  	[21.7, 21.7]	[back, back]	[32.4221, 105.0340]
83   	2138.29     	0.000   	1.0000  	[21.7, 21.7]	[back, back]	[37.9309, 199.7000]
84   	2045.60     	0.000   	1.0000  	[21.7, 21.7]	[back, hover]	[46.3970, 133.8148]
85   	1967.58     	0.000   	1.0000  	[21.7, 21.7]	[back, hover]	[65.8656, 89.3223]
86   	1911.91     	0.000   	1.0000  	[21.7, 21.7]	[up, hover]	[57.3388, 60.1412]
87   	1876.83     	0.000   	1.0000  	[27.1, 21.7]	[right, hover]	[49.7907, 42.5034]
88   	1861.01     	0.000   	1.0000  	[27.1, 21.7]	[hover, hover]	[40.4677, 34.0380]
89   	1851.88     	0.000   	1.0000  	[27.1, 21.7]	[hover, hover]	[33.7271, 28.7808]
90   	1848.94     	0.000   	1.0000  	[27.1, 21.7]	[hover, right]	[30.3776, 27.6453]
91   	1847.51     	0.000   	1.0000  	[27.1, 21.7]	[hover, right]	[28.3653, 28.1122]
92   	1846.70     	0.000   	1.0000  	[27.1, 21.7]	[hover, right]	[26.2178, 27.1803]
93   	1847.47     	0.000   	1.0000  	[27.1, 21.7]	[down, right]	[25.6289, 27.9565]
94   	1847.54     	0.000   	1.0000  	[21.7, 21.7]	[left, right]	[27.0291, 31.3076]
95   	1845.29     	0.000   	1.0000  	[21.7, 21.7]	[back, right]	[30.3653, 47.7996]
96   	1845.61     	0.000   	1.0000  	[21.7, 21.7]	[hover, right]	[28.2024, 81.8458]
97   	1842.43     	0.000   	1.0000  	[21.7, 21.7]	[hover, right]	[26.9761, 170.4424]
98   	1841.47     	0.000   	1.0000  	[21.7, 21.7]	[hover, hover]	[26.3671, 109.2304]
99   	1839.89     	0.000   	1.0000  	[21.7, 21.7]	[hover, hover]	[25.9013, 69.4743]
[2025-12-11T11:34:06]
Strategy: greedy_ig
Pairwise: adaptive
News mode: BM
Num agents: 2
Iteration: 10
Error margin: None
Gaussian radius 5 
Grid info: range: 0-50-50, cell_size:0.125, map shape: (400, 400), center:True
init UAV positions: [(-25.0, 25.0, 5.4), (25.0, -25.0, 5.4)]
mcts_params: {}
Step	Entropy	MSE	Coverage	Heights	Actions	IGs
------------------------------------------------------------------------------------------------------------------------
0    	158843.99   	0.405   	0.0078  	[5.4, 5.4]	[up, up]	[821.9019, 827.6221]
1    	155961.09   	0.409   	0.0312  	[10.8, 10.8]	[up, up]	[1060.5972, 1033.8304]
2    	152337.70   	0.408   	0.0703  	[16.2, 16.2]	[back, front]	[1230.3213, 1072.4644]
3    	149261.21   	0.398   	0.0938  	[16.2, 16.2]	[right, left]	[1541.1511, 1174.2886]
4    	144979.29   	0.392   	0.1250  	[16.2, 16.2]	[back, front]	[1727.7983, 1207.4988]
5    	140545.54   	0.373   	0.1562  	[16.2, 16.2]	[right, left]	[2006.6546, 1381.9663]
6    	135193.65   	0.363   	0.1953  	[16.2, 16.2]	[right, front]	[2171.4016, 1478.2966]
7    	129609.29   	0.346   	0.2344  	[16.2, 16.2]	[back, left]	[2444.6064, 1686.1678]
8    	122624.14   	0.330   	0.2812  	[16.2, 16.2]	[back, left]	[2308.2684, 1725.2495]
9    	115796.35   	0.310   	0.3281  	[16.2, 16.2]	[up, up]	[2191.6537, 1866.1437]
10   	106584.07   	0.275   	0.4375  	[21.7, 21.7]	[right, front]	[2384.5106, 2055.6350]
11   	98722.83    	0.249   	0.5000  	[21.7, 21.7]	[right, front]	[2416.4617, 2114.6356]
12   	91390.15    	0.206   	0.5586  	[21.7, 21.7]	[right, front]	[2466.9663, 2170.2602]
13   	84408.53    	0.169   	0.6094  	[21.7, 21.7]	[right, front]	[2450.8409, 2325.5452]
14   	77787.44    	0.136   	0.6523  	[21.7, 21.7]	[right, front]	[2357.0988, 2563.1549]
15   	71221.81    	0.109   	0.6875  	[21.7, 21.7]	[right, front]	[2235.8357, 2735.0035]
16   	64669.07    	0.091   	0.7148  	[21.7, 21.7]	[right, front]	[2102.2582, 2756.7560]
17   	58365.40    	0.082   	0.7344  	[21.7, 21.7]	[right, front]	[1992.5895, 2543.9598]
18   	53199.03    	0.073   	0.7461  	[21.7, 21.7]	[right, front]	[1896.5792, 2242.4089]
19   	49947.11    	0.066   	0.7500  	[21.7, 21.7]	[back, left]	[1866.2690, 2037.9387]
20   	48822.35    	0.063   	0.7500  	[21.7, 21.7]	[back, left]	[1990.7606, 2030.3928]
21   	48162.81    	0.062   	0.7500  	[21.7, 21.7]	[back, left]	[2109.9997, 2056.8641]
22   	47855.93    	0.062   	0.7500  	[21.7, 21.7]	[back, left]	[2353.0532, 2089.7948]
23   	47626.52    	0.061   	0.7500  	[21.7, 21.7]	[back, left]	[2618.0290, 2178.2892]
24   	47312.54    	0.061   	0.7500  	[21.7, 21.7]	[back, left]	[2881.0719, 2272.4755]
25   	46866.24    	0.061   	0.7500  	[21.7, 21.7]	[back, left]	[2961.2271, 2381.5572]
26   	46122.38    	0.060   	0.7500  	[21.7, 21.7]	[back, left]	[2881.6368, 2486.8622]
27   	45168.24    	0.059   	0.7500  	[21.7, 21.7]	[left, back]	[2489.3115, 2355.5517]
28   	40058.47    	0.049   	0.8086  	[21.7, 21.7]	[left, back]	[2228.9293, 2220.8498]
29   	34717.33    	0.042   	0.8594  	[21.7, 21.7]	[left, back]	[2057.0663, 2146.2754]
30   	28978.99    	0.033   	0.9023  	[21.7, 21.7]	[left, back]	[2000.5790, 2085.9388]
31   	23184.07    	0.028   	0.9375  	[21.7, 21.7]	[left, back]	[1995.6486, 2035.6263]
32   	17487.03    	0.023   	0.9648  	[21.7, 21.7]	[left, back]	[1970.1985, 1987.6047]
33   	12743.16    	0.017   	0.9844  	[21.7, 21.7]	[left, back]	[1981.0837, 1944.6719]
34   	8904.75     	0.013   	0.9961  	[21.7, 21.7]	[left, back]	[1963.6943, 1911.8257]
35   	6424.81     	0.008   	1.0000  	[21.7, 21.7]	[front, right]	[1385.8759, 1336.2244]
36   	5570.14     	0.005   	1.0000  	[21.7, 21.7]	[back, left]	[1048.1815, 1049.5104]
37   	4428.95     	0.003   	1.0000  	[21.7, 21.7]	[left, right]	[635.1034, 662.7269]
38   	4008.73     	0.002   	1.0000  	[21.7, 21.7]	[down, left]	[504.1780, 457.2369]
39   	3708.77     	0.002   	1.0000  	[16.2, 21.7]	[back, hover]	[301.2640, 285.9654]
40   	3559.64     	0.002   	1.0000  	[16.2, 21.7]	[hover, right]	[170.8637, 190.5246]
41   	3493.25     	0.002   	1.0000  	[16.2, 21.7]	[hover, right]	[99.9984, 176.7512]
42   	3460.85     	0.002   	1.0000  	[16.2, 21.7]	[front, right]	[71.1172, 138.5060]
43   	3439.99     	0.002   	1.0000  	[16.2, 21.7]	[front, right]	[132.0129, 92.4457]
44   	3430.32     	0.002   	1.0000  	[16.2, 21.7]	[front, right]	[237.9285, 68.9931]
45   	3419.72     	0.002   	1.0000  	[16.2, 21.7]	[front, right]	[228.8517, 56.3747]
46   	3400.23     	0.002   	1.0000  	[16.2, 21.7]	[front, right]	[154.3793, 52.1014]
47   	3380.24     	0.002   	1.0000  	[16.2, 21.7]	[front, right]	[80.7195, 51.8460]
48   	3360.41     	0.002   	1.0000  	[16.2, 21.7]	[front, front]	[51.2398, 48.5030]
49   	3337.40     	0.002   	1.0000  	[16.2, 21.7]	[right, front]	[44.2371, 55.7029]
50   	3331.50     	0.002   	1.0000  	[16.2, 21.7]	[up, front]	[50.5038, 66.6596]
51   	3322.47     	0.002   	1.0000  	[21.7, 21.7]	[front, front]	[45.6337, 90.6994]
52   	3305.60     	0.002   	1.0000  	[21.7, 21.7]	[front, front]	[46.4151, 130.4544]
53   	3251.10     	0.002   	1.0000  	[21.7, 21.7]	[right, front]	[38.9819, 169.5771]
54   	3142.41     	0.001   	1.0000  	[21.7, 21.7]	[right, front]	[37.8085, 218.5772]
55   	2946.24     	0.001   	1.0000  	[21.7, 21.7]	[right, front]	[41.7294, 307.8035]
56   	2493.33     	0.001   	1.0000  	[21.7, 21.7]	[right, hover]	[58.0010, 186.8485]
57   	2266.34     	0.001   	1.0000  	[21.7, 21.7]	[right, hover]	[76.6311, 105.0248]
58   	2119.03     	0.000   	1.0000  	[21.7, 21.7]	[right, hover]	[125.7580, 65.7499]
59   	2035.78     	0.000   	1.0000  	[21.7, 21.7]	[right, hover]	[202.6554, 45.8817]
60   	1978.69     	0.000   	1.0000  	[21.7, 21.7]	[up, hover]	[189.8128, 35.1086]
61   	1943.58     	0.000   	1.0000  	[27.1, 21.7]	[back, hover]	[160.5535, 29.7273]
62   	1932.96     	0.000   	1.0000  	[27.1, 21.7]	[hover, left]	[116.0878, 30.8203]
63   	1927.50     	0.000   	1.0000  	[27.1, 21.7]	[hover, left]	[93.4130, 36.4042]
64   	1925.07     	0.000   	1.0000  	[27.1, 21.7]	[back, left]	[71.4586, 46.5439]
65   	1923.09     	0.000   	1.0000  	[27.1, 21.7]	[back, left]	[71.0729, 68.7786]
66   	1922.25     	0.000   	1.0000  	[27.1, 21.7]	[back, left]	[88.8381, 110.6740]
67   	1917.53     	0.000   	1.0000  	[27.1, 21.7]	[back, left]	[116.5293, 168.5337]
68   	1914.02     	0.000   	1.0000  	[27.1, 21.7]	[back, left]	[160.2246, 258.8848]
69   	1904.17     	0.000   	1.0000  	[27.1, 21.7]	[back, left]	[225.2731, 389.9354]
70   	1897.06     	0.000   	1.0000  	[27.1, 21.7]	[hover, hover]	[170.7294, 277.0072]
71   	1885.00     	0.000   	1.0000  	[27.1, 21.7]	[hover, hover]	[127.4414, 193.9740]
72   	1878.15     	0.000   	1.0000  	[27.1, 21.7]	[hover, hover]	[97.5718, 131.3259]
73   	1873.64     	0.000   	1.0000  	[27.1, 21.7]	[hover, hover]	[75.3451, 90.9697]
74   	1871.66     	0.000   	1.0000  	[27.1, 21.7]	[hover, hover]	[58.8720, 67.4690]
75   	1870.19     	0.000   	1.0000  	[27.1, 21.7]	[hover, hover]	[46.1856, 53.1945]
76   	1869.25     	0.000   	1.0000  	[27.1, 21.7]	[hover, hover]	[38.7180, 40.8946]
77   	1869.54     	0.000   	1.0000  	[27.1, 21.7]	[hover, hover]	[33.4521, 34.5272]
78   	1869.78     	0.000   	1.0000  	[27.1, 21.7]	[down, hover]	[30.2890, 30.6785]
79   	1869.14     	0.000   	1.0000  	[21.7, 21.7]	[back, hover]	[32.5066, 27.9135]
80   	1868.59     	0.000   	1.0000  	[21.7, 21.7]	[right, back]	[36.1822, 26.8251]
81   	1866.63     	0.000   	1.0000  	[21.7, 21.7]	[hover, back]	[31.2406, 26.8015]
82   	1867.63     	0.000   	1.0000  	[21.7, 21.7]	[hover, back]	[29.0245, 28.1126]
83   	1867.20     	0.000   	1.0000  	[21.7, 21.7]	[hover, back]	[28.1109, 31.0952]
84   	1866.61     	0.000   	1.0000  	[21.7, 21.7]	[hover, back]	[27.7218, 35.0938]
85   	1865.94     	0.000   	1.0000  	[21.7, 21.7]	[hover, back]	[27.1426, 40.0670]
86   	1865.13     	0.000   	1.0000  	[21.7, 21.7]	[hover, back]	[26.7905, 48.6818]
87   	1864.59     	0.000   	1.0000  	[21.7, 21.7]	[hover, back]	[26.5624, 68.5851]
88   	1859.09     	0.000   	1.0000  	[21.7, 21.7]	[hover, hover]	[26.2106, 51.4392]
89   	1853.75     	0.000   	1.0000  	[21.7, 21.7]	[left, hover]	[25.9595, 40.1181]
90   	1850.80     	0.000   	1.0000  	[21.7, 21.7]	[front, hover]	[25.7015, 32.8057]
91   	1850.12     	0.000   	1.0000  	[21.7, 21.7]	[hover, hover]	[25.8657, 29.4074]
92   	1848.29     	0.000   	1.0000  	[21.7, 21.7]	[hover, hover]	[25.7563, 27.6348]
93   	1849.71     	0.000   	1.0000  	[21.7, 21.7]	[hover, hover]	[25.7578, 26.9454]
94   	1846.06     	0.000   	1.0000  	[21.7, 21.7]	[hover, hover]	[25.7661, 26.5784]
95   	1846.73     	0.000   	1.0000  	[21.7, 21.7]	[hover, hover]	[25.5717, 26.1982]
96   	1846.10     	0.000   	1.0000  	[21.7, 21.7]	[right, hover]	[25.5344, 26.0089]
97   	1844.45     	0.000   	1.0000  	[21.7, 21.7]	[back, hover]	[25.3915, 25.7851]
98   	1846.72     	0.000   	1.0000  	[21.7, 21.7]	[left, hover]	[25.1325, 25.6232]
99   	1846.12     	0.000   	1.0000  	[21.7, 21.7]	[front, front]	[25.0855, 25.3133]
[2025-12-11T11:34:12]
Strategy: greedy_ig
Pairwise: adaptive
News mode: BM
Num agents: 2
Iteration: 11
Error margin: None
Gaussian radius 5 
Grid info: range: 0-50-50, cell_size:0.125, map shape: (400, 400), center:True
init UAV positions: [(-25.0, -25.0, 5.4), (-25.0, 25.0, 5.4)]
mcts_params: {}
Step	Entropy	MSE	Coverage	Heights	Actions	IGs
------------------------------------------------------------------------------------------------------------------------
0    	158843.99   	0.405   	0.0078  	[5.4, 5.4]	[up, up]	[821.9019, 827.6221]
1    	155950.24   	0.409   	0.0312  	[10.8, 10.8]	[up, up]	[1055.6788, 1040.6745]
2    	152588.71   	0.419   	0.0703  	[16.2, 16.2]	[front, back]	[1228.0775, 1219.4512]
3    	149933.04   	0.420   	0.0938  	[16.2, 16.2]	[right, right]	[1520.1433, 1522.2007]
4    	146177.38   	0.425   	0.1250  	[16.2, 16.2]	[front, back]	[1688.9502, 1731.0357]
5    	141980.03   	0.420   	0.1562  	[16.2, 16.2]	[right, right]	[1951.8195, 1970.9504]
6    	136726.21   	0.422   	0.1953  	[16.2, 16.2]	[front, back]	[2083.6574, 2100.9962]
7    	130537.78   	0.407   	0.2344  	[16.2, 16.2]	[right, right]	[2127.8336, 2253.4129]
8    	123636.12   	0.407   	0.2812  	[16.2, 16.2]	[right, right]	[2086.7643, 2226.1843]
9    	117526.26   	0.411   	0.3281  	[16.2, 16.2]	[right, right]	[2168.7984, 2401.1999]
10   	111239.15   	0.406   	0.3750  	[16.2, 16.2]	[right, right]	[2235.2265, 2531.2635]
11   	104262.82   	0.388   	0.4219  	[16.2, 16.2]	[right, right]	[2172.8365, 2561.4423]
12   	96503.78    	0.364   	0.4688  	[16.2, 16.2]	[right, right]	[2051.1337, 2369.8164]
13   	88528.71    	0.337   	0.5156  	[16.2, 16.2]	[right, right]	[1962.6365, 2144.1502]
14   	80510.55    	0.307   	0.5625  	[16.2, 16.2]	[up, right]	[1883.5616, 1964.9793]
15   	71825.43    	0.265   	0.6406  	[21.7, 16.2]	[front, right]	[2064.0810, 1894.8055]
16   	63957.54    	0.234   	0.6953  	[21.7, 16.2]	[front, up]	[2082.4670, 1869.8743]
17   	55177.76    	0.185   	0.7812  	[21.7, 21.7]	[right, back]	[2029.5355, 1960.3058]
18   	48725.69    	0.146   	0.8164  	[21.7, 21.7]	[right, right]	[1952.5907, 1986.5690]
19   	40900.49    	0.111   	0.8750  	[21.7, 21.7]	[right, back]	[2067.9478, 1831.7052]
20   	35542.42    	0.085   	0.9023  	[21.7, 21.7]	[front, back]	[1904.5282, 1754.1094]
21   	33262.36    	0.076   	0.9023  	[21.7, 21.7]	[front, back]	[1939.2529, 1802.2918]
22   	32289.33    	0.072   	0.9023  	[21.7, 21.7]	[front, back]	[2114.4512, 2020.6434]
23   	31464.10    	0.069   	0.9023  	[21.7, 21.7]	[front, back]	[2420.5729, 2387.7310]
24   	30693.17    	0.069   	0.9023  	[21.7, 21.7]	[front, back]	[2707.1261, 2801.5819]
25   	29476.56    	0.066   	0.9023  	[21.7, 21.7]	[front, back]	[2754.3496, 2958.6066]
26   	27981.76    	0.065   	0.9023  	[21.7, 21.7]	[front, back]	[2603.6249, 2894.9100]
27   	25525.79    	0.065   	0.9141  	[21.7, 21.7]	[left, left]	[2171.8316, 2476.0222]
28   	24963.70    	0.063   	0.9141  	[21.7, 21.7]	[left, left]	[1958.7419, 2255.4962]
29   	24004.63    	0.062   	0.9180  	[21.7, 21.7]	[left, left]	[1905.8508, 2125.8123]
30   	22788.87    	0.062   	0.9219  	[21.7, 21.7]	[left, left]	[1978.9602, 2117.1546]
31   	21022.98    	0.065   	0.9375  	[21.7, 21.7]	[left, left]	[2103.7920, 2155.3662]
32   	19043.94    	0.061   	0.9531  	[21.7, 21.7]	[left, left]	[2190.0870, 2213.5316]
33   	16973.70    	0.050   	0.9688  	[21.7, 21.7]	[left, left]	[2342.4916, 2253.8829]
34   	14680.90    	0.035   	0.9844  	[21.7, 21.7]	[left, left]	[2452.2830, 2329.9974]
35   	12075.63    	0.021   	1.0000  	[21.7, 21.7]	[back, front]	[2054.8268, 2028.4987]
36   	9981.17     	0.014   	1.0000  	[21.7, 21.7]	[back, front]	[1689.2915, 1798.0007]
37   	7967.52     	0.009   	1.0000  	[21.7, 21.7]	[hover, front]	[1108.3793, 1212.1456]
38   	6760.43     	0.007   	1.0000  	[21.7, 21.7]	[back, down]	[690.3265, 854.4978]
39   	6235.04     	0.006   	1.0000  	[21.7, 16.2]	[front, left]	[420.4528, 568.5738]
40   	5878.15     	0.005   	1.0000  	[21.7, 16.2]	[front, front]	[307.3869, 300.3539]
41   	5771.32     	0.005   	1.0000  	[21.7, 16.2]	[front, front]	[405.8828, 173.1693]
42   	5709.99     	0.005   	1.0000  	[21.7, 16.2]	[hover, up]	[298.2733, 109.4818]
43   	5673.60     	0.005   	1.0000  	[21.7, 21.7]	[hover, right]	[216.8896, 100.6560]
44   	5648.02     	0.005   	1.0000  	[21.7, 21.7]	[hover, front]	[157.0346, 87.7716]
45   	5628.15     	0.005   	1.0000  	[21.7, 21.7]	[hover, front]	[109.3346, 75.2683]
46   	5613.55     	0.005   	1.0000  	[21.7, 21.7]	[hover, right]	[74.3764, 57.2071]
47   	5612.42     	0.005   	1.0000  	[21.7, 21.7]	[back, front]	[60.6878, 60.5091]
48   	5606.61     	0.005   	1.0000  	[21.7, 21.7]	[back, right]	[140.6838, 52.2894]
49   	5607.90     	0.005   	1.0000  	[21.7, 21.7]	[back, right]	[136.4270, 49.8462]
50   	5597.47     	0.005   	1.0000  	[21.7, 21.7]	[back, right]	[110.5562, 47.0755]
51   	5586.32     	0.005   	1.0000  	[21.7, 21.7]	[back, right]	[79.3455, 51.1291]
52   	5575.74     	0.005   	1.0000  	[21.7, 21.7]	[back, right]	[63.8367, 66.5317]
53   	5531.84     	0.005   	1.0000  	[21.7, 21.7]	[back, right]	[50.6967, 126.3293]
54   	5421.16     	0.005   	1.0000  	[21.7, 21.7]	[back, right]	[43.1943, 316.0917]
55   	4997.02     	0.005   	1.0000  	[21.7, 21.7]	[hover, hover]	[35.6177, 190.7163]
56   	4784.05     	0.004   	1.0000  	[21.7, 21.7]	[right, hover]	[32.1414, 110.1638]
57   	4636.65     	0.004   	1.0000  	[21.7, 21.7]	[right, hover]	[33.4878, 67.2213]
58   	4547.55     	0.004   	1.0000  	[21.7, 21.7]	[right, back]	[40.3853, 49.7364]
59   	4522.19     	0.004   	1.0000  	[21.7, 21.7]	[right, back]	[56.5378, 57.1271]
60   	4498.92     	0.004   	1.0000  	[21.7, 21.7]	[right, back]	[110.6752, 75.2261]
61   	4443.36     	0.004   	1.0000  	[21.7, 21.7]	[right, back]	[292.0350, 103.4757]
62   	4269.07     	0.004   	1.0000  	[21.7, 21.7]	[right, back]	[483.7030, 154.7141]
63   	3849.49     	0.004   	1.0000  	[21.7, 21.7]	[right, back]	[662.2327, 206.9407]
64   	3070.40     	0.003   	1.0000  	[21.7, 21.7]	[hover, back]	[435.8478, 254.5749]
65   	2638.95     	0.001   	1.0000  	[21.7, 21.7]	[hover, up]	[269.0029, 189.8469]
66   	2341.16     	0.001   	1.0000  	[21.7, 27.1]	[hover, left]	[166.8872, 154.5324]
67   	2145.55     	0.000   	1.0000  	[21.7, 27.1]	[hover, hover]	[103.2614, 117.9078]
68   	2049.59     	0.000   	1.0000  	[21.7, 27.1]	[hover, hover]	[66.3901, 89.2415]
69   	1990.40     	0.000   	1.0000  	[21.7, 27.1]	[hover, hover]	[45.3854, 67.7449]
70   	1975.52     	0.000   	1.0000  	[21.7, 27.1]	[front, hover]	[39.7030, 51.8116]
71   	1964.57     	0.000   	1.0000  	[21.7, 27.1]	[front, hover]	[46.4507, 43.2922]
72   	1960.43     	0.000   	1.0000  	[21.7, 27.1]	[front, hover]	[59.4239, 37.0358]
73   	1959.30     	0.000   	1.0000  	[21.7, 27.1]	[front, left]	[82.9809, 33.5893]
74   	1959.80     	0.000   	1.0000  	[21.7, 27.1]	[front, left]	[120.5526, 40.8168]
75   	1958.52     	0.000   	1.0000  	[21.7, 27.1]	[front, left]	[160.3687, 56.7437]
76   	1952.84     	0.000   	1.0000  	[21.7, 27.1]	[front, left]	[224.0755, 82.4787]
77   	1944.54     	0.000   	1.0000  	[21.7, 27.1]	[front, left]	[314.2749, 126.3774]
78   	1917.87     	0.000   	1.0000  	[21.7, 27.1]	[hover, left]	[189.3355, 193.7040]
79   	1895.59     	0.000   	1.0000  	[21.7, 27.1]	[hover, hover]	[110.3924, 148.7009]
80   	1876.92     	0.000   	1.0000  	[21.7, 27.1]	[hover, hover]	[67.4093, 118.0582]
81   	1865.07     	0.000   	1.0000  	[21.7, 27.1]	[hover, hover]	[45.5067, 91.2884]
82   	1859.86     	0.000   	1.0000  	[21.7, 27.1]	[hover, hover]	[35.2900, 69.2464]
83   	1859.52     	0.000   	1.0000  	[21.7, 27.1]	[hover, hover]	[29.4071, 54.1487]
84   	1855.33     	0.000   	1.0000  	[21.7, 27.1]	[hover, hover]	[27.1067, 44.2387]
85   	1854.49     	0.000   	1.0000  	[21.7, 27.1]	[hover, hover]	[26.2360, 37.2978]
86   	1852.78     	0.000   	1.0000  	[21.7, 27.1]	[hover, hover]	[25.9513, 32.2953]
87   	1853.14     	0.000   	1.0000  	[21.7, 27.1]	[hover, hover]	[25.8650, 29.3024]
88   	1854.72     	0.000   	1.0000  	[21.7, 27.1]	[hover, hover]	[25.6373, 26.7147]
89   	1852.09     	0.000   	1.0000  	[21.7, 27.1]	[hover, down]	[25.4949, 26.1640]
90   	1852.56     	0.000   	1.0000  	[21.7, 21.7]	[back, left]	[25.3553, 28.6977]
91   	1851.75     	0.000   	1.0000  	[21.7, 21.7]	[back, back]	[25.5716, 31.3047]
92   	1852.01     	0.000   	1.0000  	[21.7, 21.7]	[back, hover]	[25.5055, 28.8701]
93   	1850.78     	0.000   	1.0000  	[21.7, 21.7]	[hover, hover]	[25.3675, 27.5025]
94   	1851.43     	0.000   	1.0000  	[21.7, 21.7]	[hover, hover]	[25.2533, 26.5773]
95   	1850.09     	0.000   	1.0000  	[21.7, 21.7]	[left, hover]	[25.2609, 26.1719]
96   	1851.14     	0.000   	1.0000  	[21.7, 21.7]	[right, front]	[25.2841, 25.9848]
97   	1849.06     	0.000   	1.0000  	[21.7, 21.7]	[hover, front]	[25.1551, 25.9373]
98   	1849.25     	0.000   	1.0000  	[21.7, 21.7]	[hover, front]	[25.0815, 26.4781]
99   	1849.55     	0.000   	1.0000  	[21.7, 21.7]	[left, front]	[24.8838, 27.3099]
[2025-12-11T11:34:18]
Strategy: greedy_ig
Pairwise: adaptive
News mode: BM
Num agents: 2
Iteration: 12
Error margin: None
Gaussian radius 5 
Grid info: range: 0-50-50, cell_size:0.125, map shape: (400, 400), center:True
init UAV positions: [(-25.0, -25.0, 5.4), (-25.0, 25.0, 5.4)]
mcts_params: {}
Step	Entropy	MSE	Coverage	Heights	Actions	IGs
------------------------------------------------------------------------------------------------------------------------
0    	158843.99   	0.405   	0.0078  	[5.4, 5.4]	[up, up]	[821.9019, 827.6221]
1    	155950.24   	0.409   	0.0312  	[10.8, 10.8]	[up, up]	[1055.6788, 1040.6745]
2    	152588.71   	0.419   	0.0703  	[16.2, 16.2]	[front, back]	[1228.0775, 1219.4512]
3    	149933.04   	0.420   	0.0938  	[16.2, 16.2]	[right, right]	[1520.1433, 1522.2007]
4    	146177.38   	0.425   	0.1250  	[16.2, 16.2]	[front, back]	[1688.9502, 1731.0357]
5    	141980.03   	0.420   	0.1562  	[16.2, 16.2]	[right, right]	[1951.8195, 1970.9504]
6    	136726.21   	0.422   	0.1953  	[16.2, 16.2]	[front, back]	[2083.6574, 2100.9962]
7    	130537.78   	0.407   	0.2344  	[16.2, 16.2]	[right, right]	[2127.8336, 2253.4129]
8    	123636.12   	0.407   	0.2812  	[16.2, 16.2]	[right, right]	[2086.7643, 2226.1843]
9    	117526.26   	0.411   	0.3281  	[16.2, 16.2]	[right, right]	[2168.7984, 2401.1999]
10   	111239.15   	0.406   	0.3750  	[16.2, 16.2]	[right, right]	[2235.2265, 2531.2635]
11   	104262.82   	0.388   	0.4219  	[16.2, 16.2]	[right, right]	[2172.8365, 2561.4423]
12   	96503.78    	0.364   	0.4688  	[16.2, 16.2]	[right, right]	[2051.1337, 2369.8164]
13   	88528.71    	0.337   	0.5156  	[16.2, 16.2]	[right, right]	[1962.6365, 2144.1502]
14   	80510.55    	0.307   	0.5625  	[16.2, 16.2]	[up, right]	[1883.5616, 1964.9793]
15   	71825.43    	0.265   	0.6406  	[21.7, 16.2]	[front, right]	[2064.0810, 1894.8055]
16   	63957.54    	0.234   	0.6953  	[21.7, 16.2]	[front, up]	[2082.4670, 1869.8743]
17   	55177.76    	0.185   	0.7812  	[21.7, 21.7]	[right, back]	[2029.5355, 1960.3058]
18   	48725.69    	0.146   	0.8164  	[21.7, 21.7]	[right, right]	[1952.5907, 1986.5690]
19   	40900.49    	0.111   	0.8750  	[21.7, 21.7]	[right, back]	[2067.9478, 1831.7052]
20   	35542.42    	0.085   	0.9023  	[21.7, 21.7]	[front, back]	[1904.5282, 1754.1094]
21   	33262.36    	0.076   	0.9023  	[21.7, 21.7]	[front, back]	[1939.2529, 1802.2918]
22   	32289.33    	0.072   	0.9023  	[21.7, 21.7]	[front, back]	[2114.4512, 2020.6434]
23   	31464.10    	0.069   	0.9023  	[21.7, 21.7]	[front, back]	[2420.5729, 2387.7310]
24   	30693.17    	0.069   	0.9023  	[21.7, 21.7]	[front, back]	[2707.1261, 2801.5819]
25   	29476.56    	0.066   	0.9023  	[21.7, 21.7]	[front, back]	[2754.3496, 2958.6066]
26   	27981.76    	0.065   	0.9023  	[21.7, 21.7]	[front, back]	[2603.6249, 2894.9100]
27   	25525.79    	0.065   	0.9141  	[21.7, 21.7]	[left, left]	[2171.8316, 2476.0222]
28   	24963.70    	0.063   	0.9141  	[21.7, 21.7]	[left, left]	[1958.7419, 2255.4962]
29   	24004.63    	0.062   	0.9180  	[21.7, 21.7]	[left, left]	[1905.8508, 2125.8123]
30   	22788.87    	0.062   	0.9219  	[21.7, 21.7]	[left, left]	[1978.9602, 2117.1546]
31   	21022.98    	0.065   	0.9375  	[21.7, 21.7]	[left, left]	[2103.7920, 2155.3662]
32   	19043.94    	0.061   	0.9531  	[21.7, 21.7]	[left, left]	[2190.0870, 2213.5316]
33   	16973.70    	0.050   	0.9688  	[21.7, 21.7]	[left, left]	[2342.4916, 2253.8829]
34   	14680.90    	0.035   	0.9844  	[21.7, 21.7]	[left, left]	[2452.2830, 2329.9974]
35   	12075.63    	0.021   	1.0000  	[21.7, 21.7]	[back, front]	[2054.8268, 2028.4987]
36   	9981.17     	0.014   	1.0000  	[21.7, 21.7]	[back, front]	[1689.2915, 1798.0007]
37   	7967.52     	0.009   	1.0000  	[21.7, 21.7]	[hover, front]	[1108.3793, 1212.1456]
38   	6760.43     	0.007   	1.0000  	[21.7, 21.7]	[back, down]	[690.3265, 854.4978]
39   	6235.04     	0.006   	1.0000  	[21.7, 16.2]	[front, left]	[420.4528, 568.5738]
40   	5878.15     	0.005   	1.0000  	[21.7, 16.2]	[front, front]	[307.3869, 300.3539]
41   	5771.32     	0.005   	1.0000  	[21.7, 16.2]	[front, front]	[405.8828, 173.1693]
42   	5709.99     	0.005   	1.0000  	[21.7, 16.2]	[hover, up]	[298.2733, 109.4818]
43   	5673.60     	0.005   	1.0000  	[21.7, 21.7]	[hover, right]	[216.8896, 100.6560]
44   	5648.02     	0.005   	1.0000  	[21.7, 21.7]	[hover, front]	[157.0346, 87.7716]
45   	5628.15     	0.005   	1.0000  	[21.7, 21.7]	[hover, front]	[109.3346, 75.2683]
46   	5613.55     	0.005   	1.0000  	[21.7, 21.7]	[hover, right]	[74.3764, 57.2071]
47   	5612.42     	0.005   	1.0000  	[21.7, 21.7]	[back, front]	[60.6878, 60.5091]
48   	5606.61     	0.005   	1.0000  	[21.7, 21.7]	[back, right]	[140.6838, 52.2894]
49   	5607.90     	0.005   	1.0000  	[21.7, 21.7]	[back, right]	[136.4270, 49.8462]
50   	5597.47     	0.005   	1.0000  	[21.7, 21.7]	[back, right]	[110.5562, 47.0755]
51   	5586.32     	0.005   	1.0000  	[21.7, 21.7]	[back, right]	[79.3455, 51.1291]
52   	5575.74     	0.005   	1.0000  	[21.7, 21.7]	[back, right]	[63.8367, 66.5317]
53   	5531.84     	0.005   	1.0000  	[21.7, 21.7]	[back, right]	[50.6967, 126.3293]
54   	5421.16     	0.005   	1.0000  	[21.7, 21.7]	[back, right]	[43.1943, 316.0917]
55   	4997.02     	0.005   	1.0000  	[21.7, 21.7]	[hover, hover]	[35.6177, 190.7163]
56   	4784.05     	0.004   	1.0000  	[21.7, 21.7]	[right, hover]	[32.1414, 110.1638]
57   	4636.65     	0.004   	1.0000  	[21.7, 21.7]	[right, hover]	[33.4878, 67.2213]
58   	4547.55     	0.004   	1.0000  	[21.7, 21.7]	[right, back]	[40.3853, 49.7364]
59   	4522.19     	0.004   	1.0000  	[21.7, 21.7]	[right, back]	[56.5378, 57.1271]
60   	4498.92     	0.004   	1.0000  	[21.7, 21.7]	[right, back]	[110.6752, 75.2261]
61   	4443.36     	0.004   	1.0000  	[21.7, 21.7]	[right, back]	[292.0350, 103.4757]
62   	4269.07     	0.004   	1.0000  	[21.7, 21.7]	[right, back]	[483.7030, 154.7141]
63   	3849.49     	0.004   	1.0000  	[21.7, 21.7]	[right, back]	[662.2327, 206.9407]
64   	3070.40     	0.003   	1.0000  	[21.7, 21.7]	[hover, back]	[435.8478, 254.5749]
65   	2638.95     	0.001   	1.0000  	[21.7, 21.7]	[hover, up]	[269.0029, 189.8469]
66   	2341.16     	0.001   	1.0000  	[21.7, 27.1]	[hover, left]	[166.8872, 154.5324]
67   	2145.55     	0.000   	1.0000  	[21.7, 27.1]	[hover, hover]	[103.2614, 117.9078]
68   	2049.59     	0.000   	1.0000  	[21.7, 27.1]	[hover, hover]	[66.3901, 89.2415]
69   	1990.40     	0.000   	1.0000  	[21.7, 27.1]	[hover, hover]	[45.3854, 67.7449]
70   	1975.52     	0.000   	1.0000  	[21.7, 27.1]	[front, hover]	[39.7030, 51.8116]
71   	1964.57     	0.000   	1.0000  	[21.7, 27.1]	[front, hover]	[46.4507, 43.2922]
72   	1960.43     	0.000   	1.0000  	[21.7, 27.1]	[front, hover]	[59.4239, 37.0358]
73   	1959.30     	0.000   	1.0000  	[21.7, 27.1]	[front, left]	[82.9809, 33.5893]
74   	1959.80     	0.000   	1.0000  	[21.7, 27.1]	[front, left]	[120.5526, 40.8168]
75   	1958.52     	0.000   	1.0000  	[21.7, 27.1]	[front, left]	[160.3687, 56.7437]
76   	1952.84     	0.000   	1.0000  	[21.7, 27.1]	[front, left]	[224.0755, 82.4787]
77   	1944.54     	0.000   	1.0000  	[21.7, 27.1]	[front, left]	[314.2749, 126.3774]
78   	1917.87     	0.000   	1.0000  	[21.7, 27.1]	[hover, left]	[189.3355, 193.7040]
79   	1895.59     	0.000   	1.0000  	[21.7, 27.1]	[hover, hover]	[110.3924, 148.7009]
80   	1876.92     	0.000   	1.0000  	[21.7, 27.1]	[hover, hover]	[67.4093, 118.0582]
81   	1865.07     	0.000   	1.0000  	[21.7, 27.1]	[hover, hover]	[45.5067, 91.2884]
82   	1859.86     	0.000   	1.0000  	[21.7, 27.1]	[hover, hover]	[35.2900, 69.2464]
83   	1859.52     	0.000   	1.0000  	[21.7, 27.1]	[hover, hover]	[29.4071, 54.1487]
84   	1855.33     	0.000   	1.0000  	[21.7, 27.1]	[hover, hover]	[27.1067, 44.2387]
85   	1854.49     	0.000   	1.0000  	[21.7, 27.1]	[hover, hover]	[26.2360, 37.2978]
86   	1852.78     	0.000   	1.0000  	[21.7, 27.1]	[hover, hover]	[25.9513, 32.2953]
87   	1853.14     	0.000   	1.0000  	[21.7, 27.1]	[hover, hover]	[25.8650, 29.3024]
88   	1854.72     	0.000   	1.0000  	[21.7, 27.1]	[hover, hover]	[25.6373, 26.7147]
89   	1852.09     	0.000   	1.0000  	[21.7, 27.1]	[hover, down]	[25.4949, 26.1640]
90   	1852.56     	0.000   	1.0000  	[21.7, 21.7]	[back, left]	[25.3553, 28.6977]
91   	1851.75     	0.000   	1.0000  	[21.7, 21.7]	[back, back]	[25.5716, 31.3047]
92   	1852.01     	0.000   	1.0000  	[21.7, 21.7]	[back, hover]	[25.5055, 28.8701]
93   	1850.78     	0.000   	1.0000  	[21.7, 21.7]	[hover, hover]	[25.3675, 27.5025]
94   	1851.43     	0.000   	1.0000  	[21.7, 21.7]	[hover, hover]	[25.2533, 26.5773]
95   	1850.09     	0.000   	1.0000  	[21.7, 21.7]	[left, hover]	[25.2609, 26.1719]
96   	1851.14     	0.000   	1.0000  	[21.7, 21.7]	[right, front]	[25.2841, 25.9848]
97   	1849.06     	0.000   	1.0000  	[21.7, 21.7]	[hover, front]	[25.1551, 25.9373]
98   	1849.25     	0.000   	1.0000  	[21.7, 21.7]	[hover, front]	[25.0815, 26.4781]
99   	1849.55     	0.000   	1.0000  	[21.7, 21.7]	[left, front]	[24.8838, 27.3099]
[2025-12-11T11:34:25]
Strategy: greedy_ig
Pairwise: adaptive
News mode: BM
Num agents: 2
Iteration: 13
Error margin: None
Gaussian radius 5 
Grid info: range: 0-50-50, cell_size:0.125, map shape: (400, 400), center:True
init UAV positions: [(25.0, 25.0, 5.4), (-25.0, -25.0, 5.4)]
mcts_params: {}
Step	Entropy	MSE	Coverage	Heights	Actions	IGs
------------------------------------------------------------------------------------------------------------------------
0    	158843.99   	0.405   	0.0078  	[5.4, 5.4]	[up, up]	[821.9019, 827.6221]
1    	155939.91   	0.409   	0.0312  	[10.8, 10.8]	[up, up]	[1054.4567, 1039.1384]
2    	152627.55   	0.418   	0.0703  	[16.2, 16.2]	[back, front]	[1230.3795, 1220.4778]
3    	149665.69   	0.414   	0.0938  	[16.2, 16.2]	[left, right]	[1422.9268, 1486.3018]
4    	145521.22   	0.410   	0.1250  	[16.2, 16.2]	[back, front]	[1436.3477, 1683.8339]
5    	140900.65   	0.393   	0.1562  	[16.2, 16.2]	[left, right]	[1556.2721, 1913.9915]
6    	135282.04   	0.387   	0.1953  	[16.2, 16.2]	[back, front]	[1595.7485, 2054.6663]
7    	128981.44   	0.356   	0.2344  	[16.2, 16.2]	[left, right]	[1704.3039, 2140.7092]
8    	121914.31   	0.346   	0.2812  	[16.2, 16.2]	[left, right]	[1733.6535, 2100.3296]
9    	115337.34   	0.338   	0.3281  	[16.2, 16.2]	[up, right]	[1851.7009, 2211.3469]
10   	107370.99   	0.306   	0.4062  	[21.7, 16.2]	[back, right]	[2054.6478, 2288.7872]
11   	99859.87    	0.265   	0.4609  	[21.7, 16.2]	[back, right]	[2092.5327, 2255.7560]
12   	91809.51    	0.222   	0.5156  	[21.7, 16.2]	[back, right]	[2131.3970, 2114.1644]
13   	83705.24    	0.179   	0.5703  	[21.7, 16.2]	[back, right]	[2155.3876, 1973.3652]
14   	77465.27    	0.146   	0.6094  	[21.7, 16.2]	[back, right]	[2301.1243, 1823.7270]
15   	72051.17    	0.117   	0.6406  	[21.7, 16.2]	[back, right]	[2430.1938, 1757.8201]
16   	67503.62    	0.099   	0.6641  	[21.7, 16.2]	[back, right]	[2545.1354, 1727.4919]
17   	63109.05    	0.088   	0.6797  	[21.7, 16.2]	[back, right]	[2531.0952, 1687.3706]
18   	59317.94    	0.081   	0.6875  	[21.7, 16.2]	[left, front]	[2392.6696, 1473.7941]
19   	56835.24    	0.071   	0.6992  	[21.7, 16.2]	[back, front]	[2322.3064, 1588.6089]
20   	55926.94    	0.068   	0.6992  	[21.7, 16.2]	[left, front]	[2169.2821, 1877.7332]
21   	54806.85    	0.069   	0.7070  	[21.7, 16.2]	[left, front]	[2089.2500, 2279.5151]
22   	53724.48    	0.070   	0.7148  	[21.7, 16.2]	[left, front]	[2092.6473, 2591.3824]
23   	52564.50    	0.070   	0.7227  	[21.7, 16.2]	[left, front]	[2112.4494, 2823.0985]
24   	51369.50    	0.065   	0.7305  	[21.7, 16.2]	[left, front]	[2161.4594, 2922.7598]
25   	50060.32    	0.058   	0.7383  	[21.7, 16.2]	[left, front]	[2229.0221, 2740.8312]
26   	48634.07    	0.050   	0.7461  	[21.7, 16.2]	[left, front]	[2296.7353, 2315.2387]
27   	47281.20    	0.042   	0.7539  	[21.7, 16.2]	[front, front]	[2149.5056, 2040.8620]
28   	44111.30    	0.035   	0.7812  	[21.7, 16.2]	[front, left]	[2092.0279, 1769.9072]
29   	40362.05    	0.029   	0.8125  	[21.7, 16.2]	[front, left]	[2065.1519, 1743.7034]
30   	35894.05    	0.026   	0.8438  	[21.7, 16.2]	[front, left]	[2117.1911, 1759.6710]
31   	29433.32    	0.026   	0.8906  	[21.7, 16.2]	[front, left]	[2091.6302, 1754.1001]
32   	23245.65    	0.025   	0.9297  	[21.7, 16.2]	[front, left]	[2062.5269, 1724.9813]
33   	17521.03    	0.022   	0.9609  	[21.7, 16.2]	[front, left]	[2018.6289, 1734.7102]
34   	12866.72    	0.020   	0.9844  	[21.7, 16.2]	[front, left]	[2005.8194, 1782.5763]
35   	9253.98     	0.016   	1.0000  	[21.7, 16.2]	[hover, left]	[1422.8291, 1867.3947]
36   	7476.91     	0.011   	1.0000  	[21.7, 16.2]	[hover, left]	[1007.0980, 2093.9408]
37   	5965.14     	0.007   	1.0000  	[21.7, 16.2]	[right, left]	[745.9689, 2242.6235]
38   	4877.83     	0.005   	1.0000  	[21.7, 16.2]	[hover, back]	[528.3767, 2042.6448]
39   	4413.91     	0.003   	1.0000  	[21.7, 16.2]	[left, back]	[417.2234, 1831.0811]
40   	3961.70     	0.003   	1.0000  	[21.7, 16.2]	[hover, back]	[277.5375, 1839.8198]
41   	3774.24     	0.002   	1.0000  	[21.7, 16.2]	[right, back]	[203.1694, 1846.7717]
42   	3673.93     	0.002   	1.0000  	[21.7, 16.2]	[right, right]	[181.2740, 1363.5954]
43   	3595.20     	0.002   	1.0000  	[21.7, 16.2]	[right, right]	[136.0863, 1202.4038]
44   	3527.49     	0.002   	1.0000  	[21.7, 16.2]	[right, right]	[94.6491, 1190.2277]
45   	3489.31     	0.002   	1.0000  	[21.7, 16.2]	[right, right]	[67.5542, 1179.0478]
46   	3460.00     	0.002   	1.0000  	[21.7, 16.2]	[right, right]	[56.4905, 691.9207]
47   	3437.76     	0.002   	1.0000  	[21.7, 16.2]	[right, right]	[52.3422, 352.3485]
48   	3419.34     	0.002   	1.0000  	[21.7, 16.2]	[right, right]	[57.4687, 208.5735]
49   	3403.86     	0.002   	1.0000  	[21.7, 16.2]	[back, right]	[58.4771, 167.6150]
50   	3392.74     	0.002   	1.0000  	[21.7, 16.2]	[back, right]	[75.4416, 180.6260]
51   	3360.90     	0.002   	1.0000  	[21.7, 16.2]	[up, right]	[59.5561, 184.2359]
52   	3339.53     	0.002   	1.0000  	[27.1, 16.2]	[back, back]	[78.1992, 182.6324]
53   	3312.09     	0.002   	1.0000  	[27.1, 16.2]	[back, back]	[101.2917, 164.2794]
54   	3285.49     	0.002   	1.0000  	[27.1, 16.2]	[back, back]	[135.7754, 160.9462]
55   	3231.67     	0.002   	1.0000  	[27.1, 16.2]	[back, back]	[189.7962, 165.1032]
56   	3093.70     	0.002   	1.0000  	[27.1, 16.2]	[back, back]	[291.2209, 165.4441]
57   	2806.81     	0.001   	1.0000  	[27.1, 16.2]	[left, back]	[222.4705, 223.4406]
58   	2428.14     	0.001   	1.0000  	[27.1, 16.2]	[hover, hover]	[147.7804, 108.4472]
59   	2307.56     	0.000   	1.0000  	[27.1, 16.2]	[hover, hover]	[114.2087, 60.2063]
60   	2236.58     	0.000   	1.0000  	[27.1, 16.2]	[hover, hover]	[86.4120, 37.1808]
61   	2218.34     	0.000   	1.0000  	[27.1, 16.2]	[hover, front]	[70.1198, 32.1069]
62   	2215.28     	0.000   	1.0000  	[27.1, 16.2]	[hover, front]	[58.4408, 41.3782]
63   	2211.55     	0.000   	1.0000  	[27.1, 16.2]	[hover, front]	[47.9752, 46.3701]
64   	2210.24     	0.000   	1.0000  	[27.1, 16.2]	[hover, front]	[40.4452, 48.5483]
65   	2210.19     	0.000   	1.0000  	[27.1, 16.2]	[hover, left]	[33.9658, 55.3152]
66   	2210.32     	0.000   	1.0000  	[27.1, 16.2]	[left, up]	[31.5221, 52.6225]
67   	2210.27     	0.000   	1.0000  	[27.1, 21.7]	[left, front]	[37.0836, 50.5830]
68   	2206.39     	0.000   	1.0000  	[27.1, 21.7]	[left, front]	[54.8790, 61.0530]
69   	2204.10     	0.000   	1.0000  	[27.1, 21.7]	[left, front]	[87.4853, 66.2616]
70   	2196.99     	0.000   	1.0000  	[27.1, 21.7]	[left, front]	[137.4539, 86.7592]
71   	2182.97     	0.000   	1.0000  	[27.1, 21.7]	[left, front]	[209.8120, 148.7599]
72   	2157.78     	0.000   	1.0000  	[27.1, 21.7]	[hover, hover]	[164.2558, 96.5350]
73   	2127.38     	0.000   	1.0000  	[27.1, 21.7]	[hover, hover]	[124.8218, 63.3887]
74   	2106.87     	0.000   	1.0000  	[27.1, 21.7]	[hover, hover]	[95.5403, 45.5330]
75   	2093.00     	0.000   	1.0000  	[27.1, 21.7]	[hover, left]	[73.5784, 40.2980]
76   	2088.20     	0.000   	1.0000  	[27.1, 21.7]	[hover, left]	[58.6385, 49.3132]
77   	2076.88     	0.000   	1.0000  	[27.1, 21.7]	[hover, left]	[46.5251, 44.9957]
78   	2070.44     	0.000   	1.0000  	[27.1, 21.7]	[hover, left]	[38.7678, 50.7104]
79   	2067.98     	0.000   	1.0000  	[27.1, 21.7]	[hover, left]	[33.4432, 69.0436]
80   	2060.80     	0.000   	1.0000  	[27.1, 21.7]	[hover, left]	[29.5785, 101.6792]
81   	2052.31     	0.000   	1.0000  	[27.1, 21.7]	[down, left]	[27.5078, 151.6165]
82   	2040.81     	0.000   	1.0000  	[21.7, 21.7]	[left, left]	[30.9009, 243.3761]
83   	1987.87     	0.000   	1.0000  	[21.7, 21.7]	[back, hover]	[32.9669, 174.1852]
84   	1940.14     	0.000   	1.0000  	[21.7, 21.7]	[hover, hover]	[29.6948, 123.5713]
85   	1910.70     	0.000   	1.0000  	[21.7, 21.7]	[hover, back]	[28.1158, 89.8345]
86   	1900.52     	0.000   	1.0000  	[21.7, 21.7]	[hover, back]	[26.8819, 141.0486]
87   	1898.01     	0.000   	1.0000  	[21.7, 21.7]	[hover, back]	[26.3603, 156.9253]
88   	1895.20     	0.000   	1.0000  	[21.7, 21.7]	[hover, back]	[26.1904, 124.6479]
89   	1892.06     	0.000   	1.0000  	[21.7, 21.7]	[front, back]	[26.3404, 87.7440]
90   	1888.26     	0.000   	1.0000  	[21.7, 21.7]	[front, back]	[26.3167, 65.9380]
91   	1885.38     	0.000   	1.0000  	[21.7, 21.7]	[front, back]	[27.7447, 54.4705]
92   	1885.38     	0.000   	1.0000  	[21.7, 21.7]	[front, back]	[30.9972, 48.5440]
93   	1884.29     	0.000   	1.0000  	[21.7, 21.7]	[front, hover]	[32.3375, 37.0072]
94   	1884.01     	0.000   	1.0000  	[21.7, 21.7]	[front, hover]	[37.9800, 32.1071]
95   	1881.70     	0.000   	1.0000  	[21.7, 21.7]	[front, right]	[49.8541, 29.9847]
96   	1880.71     	0.000   	1.0000  	[21.7, 21.7]	[front, right]	[68.3757, 29.7078]
97   	1873.31     	0.000   	1.0000  	[21.7, 21.7]	[hover, right]	[51.3829, 27.7391]
98   	1859.90     	0.000   	1.0000  	[21.7, 21.7]	[hover, right]	[41.2975, 26.6431]
99   	1849.15     	0.000   	1.0000  	[21.7, 21.7]	[hover, right]	[34.5728, 26.3547]
[2025-12-11T11:34:31]
Strategy: greedy_ig
Pairwise: adaptive
News mode: BM
Num agents: 2
Iteration: 14
Error margin: None
Gaussian radius 5 
Grid info: range: 0-50-50, cell_size:0.125, map shape: (400, 400), center:True
init UAV positions: [(-25.0, -25.0, 5.4), (25.0, 25.0, 5.4)]
mcts_params: {}
Step	Entropy	MSE	Coverage	Heights	Actions	IGs
------------------------------------------------------------------------------------------------------------------------
0    	158843.99   	0.405   	0.0078  	[5.4, 5.4]	[up, up]	[821.9019, 827.6221]
1    	155953.31   	0.409   	0.0312  	[10.8, 10.8]	[up, up]	[1055.6788, 1041.4687]
2    	152625.89   	0.418   	0.0703  	[16.2, 16.2]	[front, back]	[1228.0775, 1226.5643]
3    	149605.19   	0.414   	0.0938  	[16.2, 16.2]	[right, left]	[1520.1433, 1362.4437]
4    	145411.72   	0.410   	0.1250  	[16.2, 16.2]	[front, back]	[1688.9502, 1389.3190]
5    	140780.75   	0.393   	0.1562  	[16.2, 16.2]	[right, left]	[1951.8195, 1479.2214]
6    	135134.06   	0.387   	0.1953  	[16.2, 16.2]	[front, left]	[2083.6574, 1514.5391]
7    	128907.29   	0.369   	0.2344  	[16.2, 16.2]	[right, back]	[2127.8336, 1699.3224]
8    	121892.71   	0.346   	0.2812  	[16.2, 16.2]	[right, back]	[2086.7643, 1727.3312]
9    	115344.00   	0.325   	0.3281  	[16.2, 16.2]	[right, up]	[2168.7984, 1867.9771]
10   	107490.99   	0.289   	0.4062  	[16.2, 21.7]	[right, left]	[2235.2265, 2081.2367]
11   	99729.23    	0.265   	0.4609  	[16.2, 21.7]	[right, left]	[2198.3220, 2090.6518]
12   	91618.31    	0.248   	0.5156  	[16.2, 21.7]	[right, left]	[2086.9866, 2104.8845]
13   	83020.90    	0.234   	0.5703  	[16.2, 21.7]	[right, left]	[1946.5886, 2108.4908]
14   	74445.91    	0.218   	0.6250  	[16.2, 21.7]	[right, left]	[1880.1007, 2125.5599]
15   	66112.66    	0.202   	0.6797  	[16.2, 21.7]	[up, left]	[1856.5494, 2196.1667]
16   	56925.49    	0.169   	0.7656  	[21.7, 21.7]	[front, left]	[2058.4554, 2265.5408]
17   	48633.64    	0.142   	0.8281  	[21.7, 21.7]	[right, left]	[2030.5427, 2378.3041]
18   	40354.34    	0.114   	0.8906  	[21.7, 21.7]	[right, left]	[2050.6207, 2475.0833]
19   	31804.85    	0.081   	0.9531  	[21.7, 21.7]	[front, back]	[2005.7701, 2341.1611]
20   	26529.55    	0.061   	0.9766  	[21.7, 21.7]	[front, back]	[2083.9891, 2293.8220]
21   	21432.35    	0.038   	1.0000  	[21.7, 21.7]	[front, back]	[2273.4463, 2240.8237]
22   	18754.31    	0.029   	1.0000  	[21.7, 21.7]	[front, back]	[2545.7986, 2243.1658]
23   	16480.09    	0.022   	1.0000  	[21.7, 21.7]	[front, back]	[2802.8364, 2266.9817]
24   	14560.54    	0.017   	1.0000  	[21.7, 21.7]	[front, back]	[2934.4938, 2265.3479]
25   	13018.98    	0.014   	1.0000  	[21.7, 21.7]	[front, back]	[2869.4950, 2292.0561]
26   	11981.09    	0.013   	1.0000  	[21.7, 21.7]	[front, back]	[2680.2400, 2288.0149]
27   	11478.15    	0.012   	1.0000  	[21.7, 21.7]	[left, right]	[2291.9543, 2131.7523]
28   	11199.04    	0.011   	1.0000  	[21.7, 21.7]	[left, right]	[2088.9822, 2125.9767]
29   	11060.35    	0.011   	1.0000  	[21.7, 21.7]	[left, right]	[2050.8600, 2154.2649]
30   	10924.94    	0.011   	1.0000  	[21.7, 21.7]	[left, right]	[2099.5190, 2177.7161]
31   	10743.62    	0.011   	1.0000  	[21.7, 21.7]	[left, right]	[2177.9698, 2210.6250]
32   	10452.13    	0.011   	1.0000  	[21.7, 21.7]	[left, right]	[2253.6459, 2223.0798]
33   	9879.61     	0.011   	1.0000  	[21.7, 21.7]	[left, right]	[2379.2483, 2218.1329]
34   	8710.98     	0.011   	1.0000  	[21.7, 21.7]	[left, right]	[2481.1538, 2246.4874]
35   	6664.19     	0.009   	1.0000  	[21.7, 21.7]	[back, hover]	[2249.2151, 1498.0387]
36   	5784.82     	0.006   	1.0000  	[21.7, 21.7]	[back, hover]	[2054.4541, 947.2739]
37   	5086.28     	0.004   	1.0000  	[21.7, 21.7]	[hover, front]	[1389.0103, 602.0221]
38   	4668.59     	0.003   	1.0000  	[21.7, 21.7]	[back, back]	[952.8009, 379.0981]
39   	4200.57     	0.002   	1.0000  	[21.7, 21.7]	[down, front]	[637.1453, 244.7461]
40   	4047.75     	0.002   	1.0000  	[16.2, 21.7]	[left, front]	[442.7034, 174.1195]
41   	3935.80     	0.002   	1.0000  	[16.2, 21.7]	[back, front]	[232.7134, 131.8293]
42   	3915.41     	0.002   	1.0000  	[16.2, 21.7]	[back, hover]	[140.4600, 117.5001]
43   	3876.65     	0.002   	1.0000  	[16.2, 21.7]	[back, hover]	[81.1245, 108.1671]
44   	3838.94     	0.002   	1.0000  	[16.2, 21.7]	[back, back]	[59.6350, 95.8404]
45   	3804.48     	0.002   	1.0000  	[16.2, 21.7]	[back, front]	[50.8101, 77.3254]
46   	3778.09     	0.002   	1.0000  	[16.2, 21.7]	[back, hover]	[46.6972, 70.1991]
47   	3753.13     	0.002   	1.0000  	[16.2, 21.7]	[hover, front]	[34.4586, 64.8523]
48   	3738.25     	0.002   	1.0000  	[16.2, 21.7]	[hover, front]	[28.6778, 62.6309]
49   	3721.82     	0.002   	1.0000  	[16.2, 21.7]	[hover, front]	[26.5727, 53.1096]
50   	3711.93     	0.002   	1.0000  	[16.2, 21.7]	[front, front]	[25.7134, 42.3776]
51   	3705.43     	0.002   	1.0000  	[16.2, 21.7]	[up, front]	[31.4538, 36.5258]
52   	3703.98     	0.002   	1.0000  	[21.7, 21.7]	[right, left]	[43.4747, 34.3734]
53   	3705.00     	0.002   	1.0000  	[21.7, 21.7]	[right, left]	[40.3234, 38.9705]
54   	3701.63     	0.002   	1.0000  	[21.7, 21.7]	[right, left]	[38.3155, 50.7150]
55   	3692.39     	0.002   	1.0000  	[21.7, 21.7]	[right, left]	[35.2986, 75.6643]
56   	3665.35     	0.002   	1.0000  	[21.7, 21.7]	[right, left]	[39.3981, 114.1215]
57   	3618.69     	0.002   	1.0000  	[21.7, 21.7]	[right, left]	[48.5396, 169.0132]
58   	3508.66     	0.002   	1.0000  	[21.7, 21.7]	[right, left]	[89.7610, 258.9521]
59   	3302.13     	0.002   	1.0000  	[21.7, 21.7]	[right, left]	[228.5785, 391.2934]
60   	2906.23     	0.002   	1.0000  	[21.7, 21.7]	[right, hover]	[409.3233, 280.9507]
61   	2622.98     	0.001   	1.0000  	[21.7, 21.7]	[hover, hover]	[263.7428, 194.9381]
62   	2393.71     	0.001   	1.0000  	[21.7, 21.7]	[hover, hover]	[167.3784, 132.7265]
63   	2206.39     	0.000   	1.0000  	[21.7, 21.7]	[hover, hover]	[98.0682, 93.3746]
64   	2092.45     	0.000   	1.0000  	[21.7, 21.7]	[hover, hover]	[61.3338, 67.2586]
65   	2024.81     	0.000   	1.0000  	[21.7, 21.7]	[front, hover]	[48.9080, 51.5854]
66   	1975.41     	0.000   	1.0000  	[21.7, 21.7]	[front, hover]	[51.5174, 41.0160]
67   	1942.37     	0.000   	1.0000  	[21.7, 21.7]	[front, hover]	[61.7832, 34.5115]
68   	1924.08     	0.000   	1.0000  	[21.7, 21.7]	[front, hover]	[84.3584, 30.7874]
69   	1913.30     	0.000   	1.0000  	[21.7, 21.7]	[front, back]	[124.2701, 29.8110]
70   	1911.45     	0.000   	1.0000  	[21.7, 21.7]	[front, back]	[168.4408, 33.6885]
71   	1907.06     	0.000   	1.0000  	[21.7, 21.7]	[front, back]	[224.8580, 41.6326]
72   	1901.26     	0.000   	1.0000  	[21.7, 21.7]	[front, back]	[313.1750, 56.9220]
73   	1900.61     	0.000   	1.0000  	[21.7, 21.7]	[hover, back]	[188.6310, 84.0692]
74   	1899.34     	0.000   	1.0000  	[21.7, 21.7]	[hover, back]	[115.4418, 133.5980]
75   	1895.98     	0.000   	1.0000  	[21.7, 21.7]	[hover, back]	[69.7421, 209.0189]
76   	1894.32     	0.000   	1.0000  	[21.7, 21.7]	[hover, back]	[45.8423, 327.5929]
77   	1890.42     	0.000   	1.0000  	[21.7, 21.7]	[hover, hover]	[34.4691, 225.5204]
78   	1886.58     	0.000   	1.0000  	[21.7, 21.7]	[left, hover]	[32.2330, 140.4088]
79   	1883.80     	0.000   	1.0000  	[21.7, 21.7]	[left, hover]	[35.7236, 89.1322]
80   	1883.13     	0.000   	1.0000  	[21.7, 21.7]	[left, hover]	[43.4484, 60.8215]
81   	1881.03     	0.000   	1.0000  	[21.7, 21.7]	[left, hover]	[61.8709, 44.2264]
82   	1880.26     	0.000   	1.0000  	[21.7, 21.7]	[left, hover]	[93.4483, 36.3302]
83   	1878.17     	0.000   	1.0000  	[21.7, 21.7]	[left, hover]	[144.4686, 31.4750]
84   	1874.58     	0.000   	1.0000  	[21.7, 21.7]	[left, hover]	[214.8901, 28.7158]
85   	1871.64     	0.000   	1.0000  	[21.7, 21.7]	[left, hover]	[317.4427, 27.8685]
86   	1868.60     	0.000   	1.0000  	[21.7, 21.7]	[hover, hover]	[227.8637, 26.8717]
87   	1864.34     	0.000   	1.0000  	[21.7, 21.7]	[hover, hover]	[162.9488, 26.6114]
88   	1859.13     	0.000   	1.0000  	[21.7, 21.7]	[hover, hover]	[112.2911, 26.5325]
89   	1857.00     	0.000   	1.0000  	[21.7, 21.7]	[hover, hover]	[79.5611, 25.9574]
90   	1854.81     	0.000   	1.0000  	[21.7, 21.7]	[hover, front]	[57.7917, 25.9214]
91   	1854.55     	0.000   	1.0000  	[21.7, 21.7]	[hover, front]	[46.4639, 25.6906]
92   	1854.72     	0.000   	1.0000  	[21.7, 21.7]	[hover, front]	[37.1091, 25.6043]
93   	1851.36     	0.000   	1.0000  	[21.7, 21.7]	[hover, front]	[31.7187, 25.7973]
94   	1851.82     	0.000   	1.0000  	[21.7, 21.7]	[hover, hover]	[29.6689, 25.8109]
95   	1850.78     	0.000   	1.0000  	[21.7, 21.7]	[hover, hover]	[27.7714, 25.8305]
96   	1850.48     	0.000   	1.0000  	[21.7, 21.7]	[hover, hover]	[27.0628, 25.6950]
97   	1851.66     	0.000   	1.0000  	[21.7, 21.7]	[hover, hover]	[25.8667, 25.5757]
98   	1850.78     	0.000   	1.0000  	[21.7, 21.7]	[back, hover]	[25.6276, 25.4186]
99   	1850.07     	0.000   	1.0000  	[21.7, 21.7]	[back, hover]	[25.8161, 25.3790]
[2025-12-11T11:34:37]
Strategy: greedy_ig
Pairwise: adaptive
News mode: BM
Num agents: 2
Iteration: 15
Error margin: None
Gaussian radius 5 
Grid info: range: 0-50-50, cell_size:0.125, map shape: (400, 400), center:True
init UAV positions: [(25.0, 25.0, 5.4), (-25.0, 25.0, 5.4)]
mcts_params: {}
Step	Entropy	MSE	Coverage	Heights	Actions	IGs
------------------------------------------------------------------------------------------------------------------------
0    	158843.99   	0.405   	0.0078  	[5.4, 5.4]	[up, up]	[821.9019, 827.6221]
1    	155946.73   	0.409   	0.0312  	[10.8, 10.8]	[up, up]	[1054.4567, 1040.6745]
2    	152603.34   	0.419   	0.0703  	[16.2, 16.2]	[back, back]	[1230.3795, 1219.4512]
3    	149742.86   	0.414   	0.0938  	[16.2, 16.2]	[left, right]	[1422.9268, 1522.2007]
4    	145617.30   	0.414   	0.1250  	[16.2, 16.2]	[back, back]	[1436.3477, 1731.0357]
5    	141044.79   	0.394   	0.1562  	[16.2, 16.2]	[left, right]	[1556.2721, 1970.9504]
6    	135421.23   	0.388   	0.1953  	[16.2, 16.2]	[back, back]	[1595.7485, 2100.9962]
7    	129276.14   	0.363   	0.2344  	[16.2, 16.2]	[left, right]	[1704.3039, 2253.4129]
8    	122331.93   	0.353   	0.2812  	[16.2, 16.2]	[left, right]	[1733.6535, 2226.1843]
9    	116043.93   	0.345   	0.3281  	[16.2, 16.2]	[up, right]	[1851.7009, 2401.1999]
10   	108470.89   	0.319   	0.4062  	[21.7, 16.2]	[back, right]	[2054.6478, 2396.0576]
11   	103062.88   	0.284   	0.4375  	[21.7, 16.2]	[back, right]	[2026.3206, 2333.2116]
12   	97340.37    	0.248   	0.4688  	[21.7, 16.2]	[back, right]	[2091.5826, 2145.6399]
13   	92115.22    	0.216   	0.5000  	[21.7, 16.2]	[back, right]	[2223.4580, 1929.0481]
14   	87999.08    	0.187   	0.5312  	[21.7, 16.2]	[back, right]	[2486.7787, 1800.9563]
15   	84428.60    	0.159   	0.5625  	[21.7, 16.2]	[back, right]	[2759.9319, 1795.7016]
16   	81051.46    	0.133   	0.5938  	[21.7, 16.2]	[back, right]	[3019.2521, 1838.2274]
17   	76848.45    	0.119   	0.6250  	[21.7, 16.2]	[back, right]	[3057.0933, 1879.4814]
18   	71867.86    	0.116   	0.6562  	[21.7, 16.2]	[back, back]	[2920.8456, 1740.2677]
19   	66046.56    	0.112   	0.6875  	[21.7, 16.2]	[left, back]	[2467.8829, 1754.0673]
20   	60749.43    	0.095   	0.7188  	[21.7, 16.2]	[left, back]	[2211.1063, 1693.4332]
21   	55688.63    	0.095   	0.7500  	[21.7, 16.2]	[left, back]	[2112.1475, 1948.0434]
22   	50990.40    	0.095   	0.7812  	[21.7, 16.2]	[left, back]	[2119.8966, 2291.5922]
23   	46183.37    	0.095   	0.8125  	[21.7, 16.2]	[left, back]	[2138.8097, 2595.3166]
24   	41405.98    	0.090   	0.8438  	[21.7, 16.2]	[left, back]	[2177.7227, 2787.0391]
25   	36588.94    	0.081   	0.8750  	[21.7, 16.2]	[left, back]	[2237.9614, 2869.1733]
26   	31550.60    	0.070   	0.9062  	[21.7, 16.2]	[left, back]	[2303.4163, 2656.1984]
27   	26191.57    	0.056   	0.9375  	[21.7, 16.2]	[front, back]	[2173.0916, 2326.8422]
28   	20799.94    	0.040   	0.9688  	[21.7, 16.2]	[front, left]	[2110.6981, 1887.9934]
29   	16127.66    	0.028   	1.0000  	[21.7, 16.2]	[front, left]	[2082.1764, 1795.6006]
30   	13773.50    	0.020   	1.0000  	[21.7, 16.2]	[front, left]	[2130.0702, 1713.1886]
31   	11727.87    	0.014   	1.0000  	[21.7, 16.2]	[front, left]	[2163.6367, 1742.0628]
32   	10211.64    	0.010   	1.0000  	[21.7, 16.2]	[front, left]	[2212.9313, 1792.3424]
33   	9020.79     	0.008   	1.0000  	[21.7, 16.2]	[front, left]	[2245.9777, 1896.5267]
34   	8259.03     	0.008   	1.0000  	[21.7, 16.2]	[front, left]	[2334.6861, 1974.2830]
35   	7598.59     	0.007   	1.0000  	[21.7, 16.2]	[hover, left]	[1688.1961, 2062.4595]
36   	6917.04     	0.006   	1.0000  	[21.7, 16.2]	[hover, left]	[1232.3930, 2187.1911]
37   	6070.30     	0.006   	1.0000  	[21.7, 16.2]	[right, left]	[900.8885, 2334.3100]
38   	4791.02     	0.005   	1.0000  	[21.7, 16.2]	[left, front]	[623.7121, 2068.0175]
39   	4480.60     	0.003   	1.0000  	[21.7, 16.2]	[right, front]	[446.2119, 1927.7789]
40   	4214.63     	0.003   	1.0000  	[21.7, 16.2]	[right, front]	[308.2483, 1740.1953]
41   	4012.21     	0.002   	1.0000  	[21.7, 16.2]	[right, front]	[198.8224, 1682.5639]
42   	3889.06     	0.002   	1.0000  	[21.7, 16.2]	[right, right]	[126.8396, 1278.5930]
43   	3828.03     	0.002   	1.0000  	[21.7, 16.2]	[right, right]	[86.3150, 1159.8742]
44   	3791.32     	0.002   	1.0000  	[21.7, 16.2]	[right, right]	[68.5743, 1153.4638]
45   	3761.16     	0.002   	1.0000  	[21.7, 16.2]	[right, right]	[60.3903, 1157.0194]
46   	3726.34     	0.002   	1.0000  	[21.7, 16.2]	[right, right]	[61.0473, 681.4205]
47   	3704.66     	0.002   	1.0000  	[21.7, 16.2]	[back, right]	[55.1581, 355.5739]
48   	3682.29     	0.002   	1.0000  	[21.7, 16.2]	[back, right]	[63.4146, 207.5856]
49   	3659.85     	0.002   	1.0000  	[21.7, 16.2]	[back, right]	[75.0688, 183.7268]
50   	3657.89     	0.002   	1.0000  	[21.7, 16.2]	[back, right]	[104.4488, 194.0492]
51   	3658.30     	0.002   	1.0000  	[21.7, 16.2]	[hover, right]	[85.9621, 208.0003]
52   	3650.94     	0.002   	1.0000  	[21.7, 16.2]	[back, front]	[128.4856, 170.4279]
53   	3636.88     	0.002   	1.0000  	[21.7, 16.2]	[back, front]	[204.9077, 142.8804]
54   	3614.36     	0.002   	1.0000  	[21.7, 16.2]	[back, front]	[282.2428, 128.8782]
55   	3527.79     	0.002   	1.0000  	[21.7, 16.2]	[back, front]	[377.8751, 108.0940]
56   	3275.73     	0.002   	1.0000  	[21.7, 16.2]	[hover, front]	[229.7393, 116.9085]
57   	3119.09     	0.002   	1.0000  	[21.7, 16.2]	[hover, front]	[140.4339, 209.3391]
58   	3015.30     	0.001   	1.0000  	[21.7, 16.2]	[hover, hover]	[86.9472, 95.1116]
59   	2940.93     	0.001   	1.0000  	[21.7, 16.2]	[hover, hover]	[57.1292, 49.7808]
60   	2897.44     	0.001   	1.0000  	[21.7, 16.2]	[hover, hover]	[42.3731, 32.6781]
61   	2880.50     	0.001   	1.0000  	[21.7, 16.2]	[hover, left]	[34.9548, 29.0318]
62   	2861.54     	0.001   	1.0000  	[21.7, 16.2]	[left, up]	[31.0482, 32.9668]
63   	2860.21     	0.001   	1.0000  	[21.7, 21.7]	[left, back]	[34.6686, 38.8054]
64   	2858.00     	0.001   	1.0000  	[21.7, 21.7]	[left, back]	[40.4669, 44.6654]
65   	2855.03     	0.001   	1.0000  	[21.7, 21.7]	[left, back]	[53.0275, 48.3041]
66   	2851.19     	0.001   	1.0000  	[21.7, 21.7]	[left, left]	[81.3704, 42.9789]
67   	2838.33     	0.001   	1.0000  	[21.7, 21.7]	[left, left]	[134.7213, 43.2437]
68   	2792.26     	0.001   	1.0000  	[21.7, 21.7]	[left, left]	[216.1798, 50.5624]
69   	2689.75     	0.001   	1.0000  	[21.7, 21.7]	[left, left]	[334.3141, 54.0720]
70   	2389.97     	0.001   	1.0000  	[21.7, 21.7]	[hover, left]	[217.4536, 68.5618]
71   	2263.27     	0.001   	1.0000  	[21.7, 21.7]	[hover, left]	[147.2389, 101.3889]
72   	2155.53     	0.000   	1.0000  	[21.7, 21.7]	[hover, left]	[96.8874, 151.6218]
73   	2063.50     	0.000   	1.0000  	[21.7, 21.7]	[hover, left]	[66.4111, 247.8853]
74   	1982.61     	0.000   	1.0000  	[21.7, 21.7]	[hover, front]	[45.0210, 169.6660]
75   	1934.34     	0.000   	1.0000  	[21.7, 21.7]	[hover, front]	[35.0260, 124.4394]
76   	1909.12     	0.000   	1.0000  	[21.7, 21.7]	[hover, hover]	[31.2458, 84.2749]
77   	1897.74     	0.000   	1.0000  	[21.7, 21.7]	[hover, hover]	[28.9353, 62.2509]
78   	1891.32     	0.000   	1.0000  	[21.7, 21.7]	[front, hover]	[28.1741, 49.2935]
79   	1887.22     	0.000   	1.0000  	[21.7, 21.7]	[front, back]	[29.3794, 40.9474]
80   	1882.37     	0.000   	1.0000  	[21.7, 21.7]	[front, back]	[31.4239, 35.7263]
81   	1881.10     	0.000   	1.0000  	[21.7, 21.7]	[front, back]	[34.3054, 32.6213]
82   	1880.05     	0.000   	1.0000  	[21.7, 21.7]	[hover, hover]	[31.0296, 29.2592]
83   	1878.96     	0.000   	1.0000  	[21.7, 21.7]	[hover, hover]	[27.7919, 28.0054]
84   	1879.57     	0.000   	1.0000  	[21.7, 21.7]	[hover, hover]	[27.3112, 27.3572]
85   	1879.23     	0.000   	1.0000  	[21.7, 21.7]	[hover, hover]	[27.3804, 26.8947]
86   	1877.03     	0.000   	1.0000  	[21.7, 21.7]	[hover, hover]	[26.9032, 26.3182]
87   	1876.28     	0.000   	1.0000  	[21.7, 21.7]	[right, hover]	[26.4896, 26.5874]
88   	1877.42     	0.000   	1.0000  	[21.7, 21.7]	[front, back]	[30.5649, 28.7660]
89   	1877.02     	0.000   	1.0000  	[21.7, 21.7]	[up, back]	[36.4428, 38.3464]
90   	1876.32     	0.000   	1.0000  	[27.1, 21.7]	[front, back]	[49.7359, 61.7338]
91   	1872.35     	0.000   	1.0000  	[27.1, 21.7]	[front, back]	[71.9025, 102.6885]
92   	1869.27     	0.000   	1.0000  	[27.1, 21.7]	[hover, back]	[56.3511, 202.5762]
93   	1866.95     	0.000   	1.0000  	[27.1, 21.7]	[hover, hover]	[44.6720, 135.4874]
94   	1865.98     	0.000   	1.0000  	[27.1, 21.7]	[hover, hover]	[36.5227, 87.9236]
95   	1860.33     	0.000   	1.0000  	[27.1, 21.7]	[hover, hover]	[31.2421, 60.7814]
96   	1858.86     	0.000   	1.0000  	[27.1, 21.7]	[hover, hover]	[27.6903, 43.0514]
97   	1857.10     	0.000   	1.0000  	[27.1, 21.7]	[down, hover]	[26.2310, 34.5185]
98   	1858.96     	0.000   	1.0000  	[21.7, 21.7]	[front, hover]	[27.8774, 30.0602]
99   	1857.21     	0.000   	1.0000  	[21.7, 21.7]	[left, right]	[30.7511, 28.0056]
[2025-12-11T11:34:43]
Strategy: greedy_ig
Pairwise: adaptive
News mode: BM
Num agents: 2
Iteration: 16
Error margin: None
Gaussian radius 5 
Grid info: range: 0-50-50, cell_size:0.125, map shape: (400, 400), center:True
init UAV positions: [(-25.0, -25.0, 5.4), (-25.0, 25.0, 5.4)]
mcts_params: {}
Step	Entropy	MSE	Coverage	Heights	Actions	IGs
------------------------------------------------------------------------------------------------------------------------
0    	158843.99   	0.405   	0.0078  	[5.4, 5.4]	[up, up]	[821.9019, 827.6221]
1    	155950.24   	0.409   	0.0312  	[10.8, 10.8]	[up, up]	[1055.6788, 1040.6745]
2    	152588.71   	0.419   	0.0703  	[16.2, 16.2]	[front, back]	[1228.0775, 1219.4512]
3    	149933.04   	0.420   	0.0938  	[16.2, 16.2]	[right, right]	[1520.1433, 1522.2007]
4    	146177.38   	0.425   	0.1250  	[16.2, 16.2]	[front, back]	[1688.9502, 1731.0357]
5    	141980.03   	0.420   	0.1562  	[16.2, 16.2]	[right, right]	[1951.8195, 1970.9504]
6    	136726.21   	0.422   	0.1953  	[16.2, 16.2]	[front, back]	[2083.6574, 2100.9962]
7    	130537.78   	0.407   	0.2344  	[16.2, 16.2]	[right, right]	[2127.8336, 2253.4129]
8    	123636.12   	0.407   	0.2812  	[16.2, 16.2]	[right, right]	[2086.7643, 2226.1843]
9    	117526.26   	0.411   	0.3281  	[16.2, 16.2]	[right, right]	[2168.7984, 2401.1999]
10   	111239.15   	0.406   	0.3750  	[16.2, 16.2]	[right, right]	[2235.2265, 2531.2635]
11   	104262.82   	0.388   	0.4219  	[16.2, 16.2]	[right, right]	[2172.8365, 2561.4423]
12   	96503.78    	0.364   	0.4688  	[16.2, 16.2]	[right, right]	[2051.1337, 2369.8164]
13   	88528.71    	0.337   	0.5156  	[16.2, 16.2]	[right, right]	[1962.6365, 2144.1502]
14   	80510.55    	0.307   	0.5625  	[16.2, 16.2]	[up, right]	[1883.5616, 1964.9793]
15   	71825.43    	0.265   	0.6406  	[21.7, 16.2]	[front, right]	[2064.0810, 1894.8055]
16   	63957.54    	0.234   	0.6953  	[21.7, 16.2]	[front, up]	[2082.4670, 1869.8743]
17   	55177.76    	0.185   	0.7812  	[21.7, 21.7]	[right, back]	[2029.5355, 1960.3058]
18   	48725.69    	0.146   	0.8164  	[21.7, 21.7]	[right, right]	[1952.5907, 1986.5690]
19   	40900.49    	0.111   	0.8750  	[21.7, 21.7]	[right, back]	[2067.9478, 1831.7052]
20   	35542.42    	0.085   	0.9023  	[21.7, 21.7]	[front, back]	[1904.5282, 1754.1094]
21   	33262.36    	0.076   	0.9023  	[21.7, 21.7]	[front, back]	[1939.2529, 1802.2918]
22   	32289.33    	0.072   	0.9023  	[21.7, 21.7]	[front, back]	[2114.4512, 2020.6434]
23   	31464.10    	0.069   	0.9023  	[21.7, 21.7]	[front, back]	[2420.5729, 2387.7310]
24   	30693.17    	0.069   	0.9023  	[21.7, 21.7]	[front, back]	[2707.1261, 2801.5819]
25   	29476.56    	0.066   	0.9023  	[21.7, 21.7]	[front, back]	[2754.3496, 2958.6066]
26   	27981.76    	0.065   	0.9023  	[21.7, 21.7]	[front, back]	[2603.6249, 2894.9100]
27   	25525.79    	0.065   	0.9141  	[21.7, 21.7]	[left, left]	[2171.8316, 2476.0222]
28   	24963.70    	0.063   	0.9141  	[21.7, 21.7]	[left, left]	[1958.7419, 2255.4962]
29   	24004.63    	0.062   	0.9180  	[21.7, 21.7]	[left, left]	[1905.8508, 2125.8123]
30   	22788.87    	0.062   	0.9219  	[21.7, 21.7]	[left, left]	[1978.9602, 2117.1546]
31   	21022.98    	0.065   	0.9375  	[21.7, 21.7]	[left, left]	[2103.7920, 2155.3662]
32   	19043.94    	0.061   	0.9531  	[21.7, 21.7]	[left, left]	[2190.0870, 2213.5316]
33   	16973.70    	0.050   	0.9688  	[21.7, 21.7]	[left, left]	[2342.4916, 2253.8829]
34   	14680.90    	0.035   	0.9844  	[21.7, 21.7]	[left, left]	[2452.2830, 2329.9974]
35   	12075.63    	0.021   	1.0000  	[21.7, 21.7]	[back, front]	[2054.8268, 2028.4987]
36   	9981.17     	0.014   	1.0000  	[21.7, 21.7]	[back, front]	[1689.2915, 1798.0007]
37   	7967.52     	0.009   	1.0000  	[21.7, 21.7]	[hover, front]	[1108.3793, 1212.1456]
38   	6760.43     	0.007   	1.0000  	[21.7, 21.7]	[back, down]	[690.3265, 854.4978]
39   	6235.04     	0.006   	1.0000  	[21.7, 16.2]	[front, left]	[420.4528, 568.5738]
40   	5878.15     	0.005   	1.0000  	[21.7, 16.2]	[front, front]	[307.3869, 300.3539]
41   	5771.32     	0.005   	1.0000  	[21.7, 16.2]	[front, front]	[405.8828, 173.1693]
42   	5709.99     	0.005   	1.0000  	[21.7, 16.2]	[hover, up]	[298.2733, 109.4818]
43   	5673.60     	0.005   	1.0000  	[21.7, 21.7]	[hover, right]	[216.8896, 100.6560]
44   	5648.02     	0.005   	1.0000  	[21.7, 21.7]	[hover, front]	[157.0346, 87.7716]
45   	5628.15     	0.005   	1.0000  	[21.7, 21.7]	[hover, front]	[109.3346, 75.2683]
46   	5613.55     	0.005   	1.0000  	[21.7, 21.7]	[hover, right]	[74.3764, 57.2071]
47   	5612.42     	0.005   	1.0000  	[21.7, 21.7]	[back, front]	[60.6878, 60.5091]
48   	5606.61     	0.005   	1.0000  	[21.7, 21.7]	[back, right]	[140.6838, 52.2894]
49   	5607.90     	0.005   	1.0000  	[21.7, 21.7]	[back, right]	[136.4270, 49.8462]
50   	5597.47     	0.005   	1.0000  	[21.7, 21.7]	[back, right]	[110.5562, 47.0755]
51   	5586.32     	0.005   	1.0000  	[21.7, 21.7]	[back, right]	[79.3455, 51.1291]
52   	5575.74     	0.005   	1.0000  	[21.7, 21.7]	[back, right]	[63.8367, 66.5317]
53   	5531.84     	0.005   	1.0000  	[21.7, 21.7]	[back, right]	[50.6967, 126.3293]
54   	5421.16     	0.005   	1.0000  	[21.7, 21.7]	[back, right]	[43.1943, 316.0917]
55   	4997.02     	0.005   	1.0000  	[21.7, 21.7]	[hover, hover]	[35.6177, 190.7163]
56   	4784.05     	0.004   	1.0000  	[21.7, 21.7]	[right, hover]	[32.1414, 110.1638]
57   	4636.65     	0.004   	1.0000  	[21.7, 21.7]	[right, hover]	[33.4878, 67.2213]
58   	4547.55     	0.004   	1.0000  	[21.7, 21.7]	[right, back]	[40.3853, 49.7364]
59   	4522.19     	0.004   	1.0000  	[21.7, 21.7]	[right, back]	[56.5378, 57.1271]
60   	4498.92     	0.004   	1.0000  	[21.7, 21.7]	[right, back]	[110.6752, 75.2261]
61   	4443.36     	0.004   	1.0000  	[21.7, 21.7]	[right, back]	[292.0350, 103.4757]
62   	4269.07     	0.004   	1.0000  	[21.7, 21.7]	[right, back]	[483.7030, 154.7141]
63   	3849.49     	0.004   	1.0000  	[21.7, 21.7]	[right, back]	[662.2327, 206.9407]
64   	3070.40     	0.003   	1.0000  	[21.7, 21.7]	[hover, back]	[435.8478, 254.5749]
65   	2638.95     	0.001   	1.0000  	[21.7, 21.7]	[hover, up]	[269.0029, 189.8469]
66   	2341.16     	0.001   	1.0000  	[21.7, 27.1]	[hover, left]	[166.8872, 154.5324]
67   	2145.55     	0.000   	1.0000  	[21.7, 27.1]	[hover, hover]	[103.2614, 117.9078]
68   	2049.59     	0.000   	1.0000  	[21.7, 27.1]	[hover, hover]	[66.3901, 89.2415]
69   	1990.40     	0.000   	1.0000  	[21.7, 27.1]	[hover, hover]	[45.3854, 67.7449]
70   	1975.52     	0.000   	1.0000  	[21.7, 27.1]	[front, hover]	[39.7030, 51.8116]
71   	1964.57     	0.000   	1.0000  	[21.7, 27.1]	[front, hover]	[46.4507, 43.2922]
72   	1960.43     	0.000   	1.0000  	[21.7, 27.1]	[front, hover]	[59.4239, 37.0358]
73   	1959.30     	0.000   	1.0000  	[21.7, 27.1]	[front, left]	[82.9809, 33.5893]
74   	1959.80     	0.000   	1.0000  	[21.7, 27.1]	[front, left]	[120.5526, 40.8168]
75   	1958.52     	0.000   	1.0000  	[21.7, 27.1]	[front, left]	[160.3687, 56.7437]
76   	1952.84     	0.000   	1.0000  	[21.7, 27.1]	[front, left]	[224.0755, 82.4787]
77   	1944.54     	0.000   	1.0000  	[21.7, 27.1]	[front, left]	[314.2749, 126.3774]
78   	1917.87     	0.000   	1.0000  	[21.7, 27.1]	[hover, left]	[189.3355, 193.7040]
79   	1895.59     	0.000   	1.0000  	[21.7, 27.1]	[hover, hover]	[110.3924, 148.7009]
80   	1876.92     	0.000   	1.0000  	[21.7, 27.1]	[hover, hover]	[67.4093, 118.0582]
81   	1865.07     	0.000   	1.0000  	[21.7, 27.1]	[hover, hover]	[45.5067, 91.2884]
82   	1859.86     	0.000   	1.0000  	[21.7, 27.1]	[hover, hover]	[35.2900, 69.2464]
83   	1859.52     	0.000   	1.0000  	[21.7, 27.1]	[hover, hover]	[29.4071, 54.1487]
84   	1855.33     	0.000   	1.0000  	[21.7, 27.1]	[hover, hover]	[27.1067, 44.2387]
85   	1854.49     	0.000   	1.0000  	[21.7, 27.1]	[hover, hover]	[26.2360, 37.2978]
86   	1852.78     	0.000   	1.0000  	[21.7, 27.1]	[hover, hover]	[25.9513, 32.2953]
87   	1853.14     	0.000   	1.0000  	[21.7, 27.1]	[hover, hover]	[25.8650, 29.3024]
88   	1854.72     	0.000   	1.0000  	[21.7, 27.1]	[hover, hover]	[25.6373, 26.7147]
89   	1852.09     	0.000   	1.0000  	[21.7, 27.1]	[hover, down]	[25.4949, 26.1640]
90   	1852.56     	0.000   	1.0000  	[21.7, 21.7]	[back, left]	[25.3553, 28.6977]
91   	1851.75     	0.000   	1.0000  	[21.7, 21.7]	[back, back]	[25.5716, 31.3047]
92   	1852.01     	0.000   	1.0000  	[21.7, 21.7]	[back, hover]	[25.5055, 28.8701]
93   	1850.78     	0.000   	1.0000  	[21.7, 21.7]	[hover, hover]	[25.3675, 27.5025]
94   	1851.43     	0.000   	1.0000  	[21.7, 21.7]	[hover, hover]	[25.2533, 26.5773]
95   	1850.09     	0.000   	1.0000  	[21.7, 21.7]	[left, hover]	[25.2609, 26.1719]
96   	1851.14     	0.000   	1.0000  	[21.7, 21.7]	[right, front]	[25.2841, 25.9848]
97   	1849.06     	0.000   	1.0000  	[21.7, 21.7]	[hover, front]	[25.1551, 25.9373]
98   	1849.25     	0.000   	1.0000  	[21.7, 21.7]	[hover, front]	[25.0815, 26.4781]
99   	1849.55     	0.000   	1.0000  	[21.7, 21.7]	[left, front]	[24.8838, 27.3099]
[2025-12-11T11:34:50]
Strategy: greedy_ig
Pairwise: adaptive
News mode: BM
Num agents: 2
Iteration: 17
Error margin: None
Gaussian radius 5 
Grid info: range: 0-50-50, cell_size:0.125, map shape: (400, 400), center:True
init UAV positions: [(-25.0, 25.0, 5.4), (25.0, 25.0, 5.4)]
mcts_params: {}
Step	Entropy	MSE	Coverage	Heights	Actions	IGs
------------------------------------------------------------------------------------------------------------------------
0    	158843.99   	0.405   	0.0078  	[5.4, 5.4]	[up, up]	[821.9019, 827.6221]
1    	155971.07   	0.409   	0.0312  	[10.8, 10.8]	[up, up]	[1060.5972, 1041.4687]
2    	152638.00   	0.418   	0.0703  	[16.2, 16.2]	[back, back]	[1230.3213, 1226.5643]
3    	149649.46   	0.414   	0.0938  	[16.2, 16.2]	[right, left]	[1541.1511, 1362.4437]
4    	145481.76   	0.413   	0.1250  	[16.2, 16.2]	[back, back]	[1727.7983, 1389.3190]
5    	140902.94   	0.393   	0.1562  	[16.2, 16.2]	[right, left]	[2006.6546, 1479.2214]
6    	135360.56   	0.387   	0.1953  	[16.2, 16.2]	[right, left]	[2171.4016, 1514.5391]
7    	129673.18   	0.382   	0.2344  	[16.2, 16.2]	[back, back]	[2444.6064, 1699.3224]
8    	122614.27   	0.354   	0.2812  	[16.2, 16.2]	[back, back]	[2308.2684, 1727.3312]
9    	115826.13   	0.323   	0.3281  	[16.2, 16.2]	[up, up]	[2191.6537, 1867.9771]
10   	106602.85   	0.288   	0.4375  	[21.7, 21.7]	[right, left]	[2384.5106, 2065.6899]
11   	98716.62    	0.279   	0.5000  	[21.7, 21.7]	[back, back]	[2358.2194, 2057.1394]
12   	90988.11    	0.230   	0.5625  	[21.7, 21.7]	[back, back]	[2368.3809, 2071.7168]
13   	82595.91    	0.183   	0.6250  	[21.7, 21.7]	[back, back]	[2346.2515, 2157.3961]
14   	74649.45    	0.142   	0.6875  	[21.7, 21.7]	[back, back]	[2312.4953, 2397.1810]
15   	66672.68    	0.109   	0.7500  	[21.7, 21.7]	[back, back]	[2289.3756, 2669.6660]
16   	58411.09    	0.082   	0.8125  	[21.7, 21.7]	[back, back]	[2276.6373, 2892.7430]
17   	49430.76    	0.069   	0.8750  	[21.7, 21.7]	[back, back]	[2285.2010, 2954.6082]
18   	39540.05    	0.064   	0.9375  	[21.7, 21.7]	[back, back]	[2300.7602, 2830.7558]
19   	29615.24    	0.062   	1.0000  	[21.7, 21.7]	[right, left]	[2031.9936, 2300.8317]
20   	24913.41    	0.042   	1.0000  	[21.7, 21.7]	[right, left]	[1881.6827, 1968.3129]
21   	20838.45    	0.028   	1.0000  	[21.7, 21.7]	[right, left]	[1804.8497, 1810.2786]
22   	18320.05    	0.022   	1.0000  	[21.7, 21.7]	[right, left]	[1798.8965, 1765.6284]
23   	17123.16    	0.020   	1.0000  	[21.7, 21.7]	[right, left]	[1944.4634, 1947.4105]
24   	16582.34    	0.019   	1.0000  	[21.7, 21.7]	[right, left]	[2137.4191, 2151.4765]
25   	15861.08    	0.019   	1.0000  	[21.7, 21.7]	[right, left]	[2176.3120, 2244.8959]
26   	14718.98    	0.018   	1.0000  	[21.7, 21.7]	[right, left]	[2223.4382, 2307.2125]
27   	12886.38    	0.017   	1.0000  	[21.7, 21.7]	[front, front]	[2100.0479, 2174.4394]
28   	12324.90    	0.014   	1.0000  	[21.7, 21.7]	[front, front]	[2128.5732, 2094.9671]
29   	11947.66    	0.013   	1.0000  	[21.7, 21.7]	[front, front]	[2286.1365, 2111.3292]
30   	11688.98    	0.013   	1.0000  	[21.7, 21.7]	[front, front]	[2557.1160, 2164.2731]
31   	11418.46    	0.012   	1.0000  	[21.7, 21.7]	[front, front]	[2777.2755, 2205.2923]
32   	10954.09    	0.012   	1.0000  	[21.7, 21.7]	[front, front]	[2895.7973, 2220.4609]
33   	10317.62    	0.012   	1.0000  	[21.7, 21.7]	[front, front]	[2825.2673, 2235.1845]
34   	9306.09     	0.010   	1.0000  	[21.7, 21.7]	[front, front]	[2628.0622, 2321.1226]
35   	7891.57     	0.010   	1.0000  	[21.7, 21.7]	[hover, hover]	[1749.6829, 1708.4421]
36   	7172.58     	0.007   	1.0000  	[21.7, 21.7]	[left, right]	[1113.3199, 1299.4119]
37   	6347.31     	0.006   	1.0000  	[21.7, 21.7]	[left, left]	[693.2266, 944.8625]
38   	5704.34     	0.005   	1.0000  	[21.7, 21.7]	[right, right]	[397.5975, 671.3580]
39   	5405.40     	0.004   	1.0000  	[21.7, 21.7]	[right, right]	[305.7689, 536.8410]
40   	5215.69     	0.004   	1.0000  	[21.7, 21.7]	[hover, hover]	[169.4932, 355.2917]
41   	5100.79     	0.004   	1.0000  	[21.7, 21.7]	[left, left]	[100.6236, 218.7182]
42   	5044.84     	0.004   	1.0000  	[21.7, 21.7]	[left, left]	[131.9266, 222.7674]
43   	5017.01     	0.004   	1.0000  	[21.7, 21.7]	[left, hover]	[109.6703, 151.0183]
44   	4988.02     	0.004   	1.0000  	[21.7, 21.7]	[left, hover]	[79.8711, 110.4945]
45   	4979.94     	0.004   	1.0000  	[21.7, 21.7]	[left, hover]	[60.8349, 83.0556]
46   	4972.26     	0.004   	1.0000  	[21.7, 21.7]	[left, hover]	[49.4366, 62.0744]
47   	4966.86     	0.004   	1.0000  	[21.7, 21.7]	[left, right]	[44.0503, 54.8020]
48   	4965.38     	0.004   	1.0000  	[21.7, 21.7]	[left, right]	[40.3719, 101.2816]
49   	4961.75     	0.004   	1.0000  	[21.7, 21.7]	[hover, right]	[35.3889, 87.9882]
50   	4960.79     	0.004   	1.0000  	[21.7, 21.7]	[back, right]	[32.6880, 65.9868]
51   	4958.89     	0.004   	1.0000  	[21.7, 21.7]	[back, right]	[35.7503, 49.2959]
52   	4956.12     	0.004   	1.0000  	[21.7, 21.7]	[back, right]	[43.4939, 41.3007]
53   	4949.11     	0.004   	1.0000  	[21.7, 21.7]	[back, right]	[59.8105, 39.6237]
54   	4943.72     	0.004   	1.0000  	[21.7, 21.7]	[back, right]	[88.0451, 38.2119]
55   	4911.39     	0.003   	1.0000  	[21.7, 21.7]	[back, back]	[134.9968, 44.0375]
56   	4844.76     	0.003   	1.0000  	[21.7, 21.7]	[back, back]	[218.6495, 53.0749]
57   	4649.89     	0.003   	1.0000  	[21.7, 21.7]	[back, back]	[340.8803, 71.0289]
58   	4235.60     	0.003   	1.0000  	[21.7, 21.7]	[hover, back]	[234.3015, 100.9094]
59   	3983.35     	0.003   	1.0000  	[21.7, 21.7]	[hover, back]	[151.4323, 152.0362]
60   	3801.81     	0.002   	1.0000  	[21.7, 21.7]	[hover, back]	[100.4901, 216.3476]
61   	3537.89     	0.002   	1.0000  	[21.7, 21.7]	[hover, back]	[65.9922, 290.0024]
62   	3198.27     	0.002   	1.0000  	[21.7, 21.7]	[hover, back]	[46.6752, 376.3901]
63   	2631.68     	0.001   	1.0000  	[21.7, 21.7]	[hover, hover]	[36.4285, 226.6295]
64   	2336.25     	0.001   	1.0000  	[21.7, 21.7]	[hover, hover]	[30.9526, 134.1515]
65   	2162.81     	0.000   	1.0000  	[21.7, 21.7]	[right, hover]	[28.6400, 87.6206]
66   	2033.02     	0.000   	1.0000  	[21.7, 21.7]	[right, hover]	[33.0495, 59.3294]
67   	1965.17     	0.000   	1.0000  	[21.7, 21.7]	[right, hover]	[43.0757, 42.5536]
68   	1933.02     	0.000   	1.0000  	[21.7, 21.7]	[right, hover]	[60.9802, 35.3413]
69   	1915.46     	0.000   	1.0000  	[21.7, 21.7]	[right, left]	[93.7332, 32.2509]
70   	1907.48     	0.000   	1.0000  	[21.7, 21.7]	[right, left]	[149.4338, 33.6627]
71   	1902.10     	0.000   	1.0000  	[21.7, 21.7]	[right, left]	[270.7739, 38.9618]
72   	1897.51     	0.000   	1.0000  	[21.7, 21.7]	[right, left]	[437.4051, 53.3996]
73   	1887.97     	0.000   	1.0000  	[21.7, 21.7]	[hover, left]	[277.6333, 84.2930]
74   	1879.72     	0.000   	1.0000  	[21.7, 21.7]	[hover, left]	[167.5004, 126.0139]
75   	1872.97     	0.000   	1.0000  	[21.7, 21.7]	[hover, left]	[104.7949, 202.8017]
76   	1865.31     	0.000   	1.0000  	[21.7, 21.7]	[hover, left]	[67.6080, 329.0195]
77   	1860.28     	0.000   	1.0000  	[21.7, 21.7]	[hover, hover]	[47.6190, 212.5638]
78   	1852.36     	0.000   	1.0000  	[21.7, 21.7]	[hover, hover]	[37.6012, 139.7791]
79   	1849.85     	0.000   	1.0000  	[21.7, 21.7]	[hover, hover]	[32.4993, 91.7370]
80   	1846.73     	0.000   	1.0000  	[21.7, 21.7]	[hover, hover]	[29.3067, 60.8097]
81   	1839.88     	0.000   	1.0000  	[21.7, 21.7]	[front, hover]	[27.8028, 46.9256]
82   	1839.85     	0.000   	1.0000  	[21.7, 21.7]	[front, hover]	[26.8140, 36.7591]
83   	1839.12     	0.000   	1.0000  	[21.7, 21.7]	[front, hover]	[26.8250, 32.0277]
84   	1837.43     	0.000   	1.0000  	[21.7, 21.7]	[front, hover]	[27.4977, 29.0338]
85   	1837.49     	0.000   	1.0000  	[21.7, 21.7]	[front, hover]	[32.7309, 27.7269]
86   	1837.81     	0.000   	1.0000  	[21.7, 21.7]	[front, front]	[36.6894, 26.6186]
87   	1836.82     	0.000   	1.0000  	[21.7, 21.7]	[front, front]	[41.4952, 26.6182]
88   	1836.62     	0.000   	1.0000  	[21.7, 21.7]	[front, front]	[51.0862, 27.0443]
89   	1836.67     	0.000   	1.0000  	[21.7, 21.7]	[hover, front]	[36.5511, 27.2795]
90   	1835.16     	0.000   	1.0000  	[21.7, 21.7]	[hover, front]	[30.1747, 27.5421]
91   	1834.77     	0.000   	1.0000  	[21.7, 21.7]	[hover, front]	[27.6640, 28.6499]
92   	1835.20     	0.000   	1.0000  	[21.7, 21.7]	[hover, front]	[26.2160, 30.9989]
93   	1833.57     	0.000   	1.0000  	[21.7, 21.7]	[left, front]	[25.7214, 36.0515]
94   	1834.21     	0.000   	1.0000  	[21.7, 21.7]	[right, hover]	[25.5578, 31.8795]
95   	1832.77     	0.000   	1.0000  	[21.7, 21.7]	[left, hover]	[25.5475, 29.2420]
96   	1832.97     	0.000   	1.0000  	[21.7, 21.7]	[hover, hover]	[25.6308, 27.9547]
97   	1833.46     	0.000   	1.0000  	[21.7, 21.7]	[hover, hover]	[25.6520, 27.0828]
98   	1832.17     	0.000   	1.0000  	[21.7, 21.7]	[hover, hover]	[25.3913, 26.0280]
99   	1832.58     	0.000   	1.0000  	[21.7, 21.7]	[right, hover]	[25.2440, 25.6675]
[2025-12-11T11:34:56]
Strategy: greedy_ig
Pairwise: adaptive
News mode: BM
Num agents: 2
Iteration: 18
Error margin: None
Gaussian radius 5 
Grid info: range: 0-50-50, cell_size:0.125, map shape: (400, 400), center:True
init UAV positions: [(-25.0, -25.0, 5.4), (25.0, 25.0, 5.4)]
mcts_params: {}
Step	Entropy	MSE	Coverage	Heights	Actions	IGs
------------------------------------------------------------------------------------------------------------------------
0    	158843.99   	0.405   	0.0078  	[5.4, 5.4]	[up, up]	[821.9019, 827.6221]
1    	155953.31   	0.409   	0.0312  	[10.8, 10.8]	[up, up]	[1055.6788, 1041.4687]
2    	152625.89   	0.418   	0.0703  	[16.2, 16.2]	[front, back]	[1228.0775, 1226.5643]
3    	149605.19   	0.414   	0.0938  	[16.2, 16.2]	[right, left]	[1520.1433, 1362.4437]
4    	145411.72   	0.410   	0.1250  	[16.2, 16.2]	[front, back]	[1688.9502, 1389.3190]
5    	140780.75   	0.393   	0.1562  	[16.2, 16.2]	[right, left]	[1951.8195, 1479.2214]
6    	135134.06   	0.387   	0.1953  	[16.2, 16.2]	[front, left]	[2083.6574, 1514.5391]
7    	128907.29   	0.369   	0.2344  	[16.2, 16.2]	[right, back]	[2127.8336, 1699.3224]
8    	121892.71   	0.346   	0.2812  	[16.2, 16.2]	[right, back]	[2086.7643, 1727.3312]
9    	115344.00   	0.325   	0.3281  	[16.2, 16.2]	[right, up]	[2168.7984, 1867.9771]
10   	107490.99   	0.289   	0.4062  	[16.2, 21.7]	[right, left]	[2235.2265, 2081.2367]
11   	99729.23    	0.265   	0.4609  	[16.2, 21.7]	[right, left]	[2198.3220, 2090.6518]
12   	91618.31    	0.248   	0.5156  	[16.2, 21.7]	[right, left]	[2086.9866, 2104.8845]
13   	83020.90    	0.234   	0.5703  	[16.2, 21.7]	[right, left]	[1946.5886, 2108.4908]
14   	74445.91    	0.218   	0.6250  	[16.2, 21.7]	[right, left]	[1880.1007, 2125.5599]
15   	66112.66    	0.202   	0.6797  	[16.2, 21.7]	[up, left]	[1856.5494, 2196.1667]
16   	56925.49    	0.169   	0.7656  	[21.7, 21.7]	[front, left]	[2058.4554, 2265.5408]
17   	48633.64    	0.142   	0.8281  	[21.7, 21.7]	[right, left]	[2030.5427, 2378.3041]
18   	40354.34    	0.114   	0.8906  	[21.7, 21.7]	[right, left]	[2050.6207, 2475.0833]
19   	31804.85    	0.081   	0.9531  	[21.7, 21.7]	[front, back]	[2005.7701, 2341.1611]
20   	26529.55    	0.061   	0.9766  	[21.7, 21.7]	[front, back]	[2083.9891, 2293.8220]
21   	21432.35    	0.038   	1.0000  	[21.7, 21.7]	[front, back]	[2273.4463, 2240.8237]
22   	18754.31    	0.029   	1.0000  	[21.7, 21.7]	[front, back]	[2545.7986, 2243.1658]
23   	16480.09    	0.022   	1.0000  	[21.7, 21.7]	[front, back]	[2802.8364, 2266.9817]
24   	14560.54    	0.017   	1.0000  	[21.7, 21.7]	[front, back]	[2934.4938, 2265.3479]
25   	13018.98    	0.014   	1.0000  	[21.7, 21.7]	[front, back]	[2869.4950, 2292.0561]
26   	11981.09    	0.013   	1.0000  	[21.7, 21.7]	[front, back]	[2680.2400, 2288.0149]
27   	11478.15    	0.012   	1.0000  	[21.7, 21.7]	[left, right]	[2291.9543, 2131.7523]
28   	11199.04    	0.011   	1.0000  	[21.7, 21.7]	[left, right]	[2088.9822, 2125.9767]
29   	11060.35    	0.011   	1.0000  	[21.7, 21.7]	[left, right]	[2050.8600, 2154.2649]
30   	10924.94    	0.011   	1.0000  	[21.7, 21.7]	[left, right]	[2099.5190, 2177.7161]
31   	10743.62    	0.011   	1.0000  	[21.7, 21.7]	[left, right]	[2177.9698, 2210.6250]
32   	10452.13    	0.011   	1.0000  	[21.7, 21.7]	[left, right]	[2253.6459, 2223.0798]
33   	9879.61     	0.011   	1.0000  	[21.7, 21.7]	[left, right]	[2379.2483, 2218.1329]
34   	8710.98     	0.011   	1.0000  	[21.7, 21.7]	[left, right]	[2481.1538, 2246.4874]
35   	6664.19     	0.009   	1.0000  	[21.7, 21.7]	[back, hover]	[2249.2151, 1498.0387]
36   	5784.82     	0.006   	1.0000  	[21.7, 21.7]	[back, hover]	[2054.4541, 947.2739]
37   	5086.28     	0.004   	1.0000  	[21.7, 21.7]	[hover, front]	[1389.0103, 602.0221]
38   	4668.59     	0.003   	1.0000  	[21.7, 21.7]	[back, back]	[952.8009, 379.0981]
39   	4200.57     	0.002   	1.0000  	[21.7, 21.7]	[down, front]	[637.1453, 244.7461]
40   	4047.75     	0.002   	1.0000  	[16.2, 21.7]	[left, front]	[442.7034, 174.1195]
41   	3935.80     	0.002   	1.0000  	[16.2, 21.7]	[back, front]	[232.7134, 131.8293]
42   	3915.41     	0.002   	1.0000  	[16.2, 21.7]	[back, hover]	[140.4600, 117.5001]
43   	3876.65     	0.002   	1.0000  	[16.2, 21.7]	[back, hover]	[81.1245, 108.1671]
44   	3838.94     	0.002   	1.0000  	[16.2, 21.7]	[back, back]	[59.6350, 95.8404]
45   	3804.48     	0.002   	1.0000  	[16.2, 21.7]	[back, front]	[50.8101, 77.3254]
46   	3778.09     	0.002   	1.0000  	[16.2, 21.7]	[back, hover]	[46.6972, 70.1991]
47   	3753.13     	0.002   	1.0000  	[16.2, 21.7]	[hover, front]	[34.4586, 64.8523]
48   	3738.25     	0.002   	1.0000  	[16.2, 21.7]	[hover, front]	[28.6778, 62.6309]
49   	3721.82     	0.002   	1.0000  	[16.2, 21.7]	[hover, front]	[26.5727, 53.1096]
50   	3711.93     	0.002   	1.0000  	[16.2, 21.7]	[front, front]	[25.7134, 42.3776]
51   	3705.43     	0.002   	1.0000  	[16.2, 21.7]	[up, front]	[31.4538, 36.5258]
52   	3703.98     	0.002   	1.0000  	[21.7, 21.7]	[right, left]	[43.4747, 34.3734]
53   	3705.00     	0.002   	1.0000  	[21.7, 21.7]	[right, left]	[40.3234, 38.9705]
54   	3701.63     	0.002   	1.0000  	[21.7, 21.7]	[right, left]	[38.3155, 50.7150]
55   	3692.39     	0.002   	1.0000  	[21.7, 21.7]	[right, left]	[35.2986, 75.6643]
56   	3665.35     	0.002   	1.0000  	[21.7, 21.7]	[right, left]	[39.3981, 114.1215]
57   	3618.69     	0.002   	1.0000  	[21.7, 21.7]	[right, left]	[48.5396, 169.0132]
58   	3508.66     	0.002   	1.0000  	[21.7, 21.7]	[right, left]	[89.7610, 258.9521]
59   	3302.13     	0.002   	1.0000  	[21.7, 21.7]	[right, left]	[228.5785, 391.2934]
60   	2906.23     	0.002   	1.0000  	[21.7, 21.7]	[right, hover]	[409.3233, 280.9507]
61   	2622.98     	0.001   	1.0000  	[21.7, 21.7]	[hover, hover]	[263.7428, 194.9381]
62   	2393.71     	0.001   	1.0000  	[21.7, 21.7]	[hover, hover]	[167.3784, 132.7265]
63   	2206.39     	0.000   	1.0000  	[21.7, 21.7]	[hover, hover]	[98.0682, 93.3746]
64   	2092.45     	0.000   	1.0000  	[21.7, 21.7]	[hover, hover]	[61.3338, 67.2586]
65   	2024.81     	0.000   	1.0000  	[21.7, 21.7]	[front, hover]	[48.9080, 51.5854]
66   	1975.41     	0.000   	1.0000  	[21.7, 21.7]	[front, hover]	[51.5174, 41.0160]
67   	1942.37     	0.000   	1.0000  	[21.7, 21.7]	[front, hover]	[61.7832, 34.5115]
68   	1924.08     	0.000   	1.0000  	[21.7, 21.7]	[front, hover]	[84.3584, 30.7874]
69   	1913.30     	0.000   	1.0000  	[21.7, 21.7]	[front, back]	[124.2701, 29.8110]
70   	1911.45     	0.000   	1.0000  	[21.7, 21.7]	[front, back]	[168.4408, 33.6885]
71   	1907.06     	0.000   	1.0000  	[21.7, 21.7]	[front, back]	[224.8580, 41.6326]
72   	1901.26     	0.000   	1.0000  	[21.7, 21.7]	[front, back]	[313.1750, 56.9220]
73   	1900.61     	0.000   	1.0000  	[21.7, 21.7]	[hover, back]	[188.6310, 84.0692]
74   	1899.34     	0.000   	1.0000  	[21.7, 21.7]	[hover, back]	[115.4418, 133.5980]
75   	1895.98     	0.000   	1.0000  	[21.7, 21.7]	[hover, back]	[69.7421, 209.0189]
76   	1894.32     	0.000   	1.0000  	[21.7, 21.7]	[hover, back]	[45.8423, 327.5929]
77   	1890.42     	0.000   	1.0000  	[21.7, 21.7]	[hover, hover]	[34.4691, 225.5204]
78   	1886.58     	0.000   	1.0000  	[21.7, 21.7]	[left, hover]	[32.2330, 140.4088]
79   	1883.80     	0.000   	1.0000  	[21.7, 21.7]	[left, hover]	[35.7236, 89.1322]
80   	1883.13     	0.000   	1.0000  	[21.7, 21.7]	[left, hover]	[43.4484, 60.8215]
81   	1881.03     	0.000   	1.0000  	[21.7, 21.7]	[left, hover]	[61.8709, 44.2264]
82   	1880.26     	0.000   	1.0000  	[21.7, 21.7]	[left, hover]	[93.4483, 36.3302]
83   	1878.17     	0.000   	1.0000  	[21.7, 21.7]	[left, hover]	[144.4686, 31.4750]
84   	1874.58     	0.000   	1.0000  	[21.7, 21.7]	[left, hover]	[214.8901, 28.7158]
85   	1871.64     	0.000   	1.0000  	[21.7, 21.7]	[left, hover]	[317.4427, 27.8685]
86   	1868.60     	0.000   	1.0000  	[21.7, 21.7]	[hover, hover]	[227.8637, 26.8717]
87   	1864.34     	0.000   	1.0000  	[21.7, 21.7]	[hover, hover]	[162.9488, 26.6114]
88   	1859.13     	0.000   	1.0000  	[21.7, 21.7]	[hover, hover]	[112.2911, 26.5325]
89   	1857.00     	0.000   	1.0000  	[21.7, 21.7]	[hover, hover]	[79.5611, 25.9574]
90   	1854.81     	0.000   	1.0000  	[21.7, 21.7]	[hover, front]	[57.7917, 25.9214]
91   	1854.55     	0.000   	1.0000  	[21.7, 21.7]	[hover, front]	[46.4639, 25.6906]
92   	1854.72     	0.000   	1.0000  	[21.7, 21.7]	[hover, front]	[37.1091, 25.6043]
93   	1851.36     	0.000   	1.0000  	[21.7, 21.7]	[hover, front]	[31.7187, 25.7973]
94   	1851.82     	0.000   	1.0000  	[21.7, 21.7]	[hover, hover]	[29.6689, 25.8109]
95   	1850.78     	0.000   	1.0000  	[21.7, 21.7]	[hover, hover]	[27.7714, 25.8305]
96   	1850.48     	0.000   	1.0000  	[21.7, 21.7]	[hover, hover]	[27.0628, 25.6950]
97   	1851.66     	0.000   	1.0000  	[21.7, 21.7]	[hover, hover]	[25.8667, 25.5757]
98   	1850.78     	0.000   	1.0000  	[21.7, 21.7]	[back, hover]	[25.6276, 25.4186]
99   	1850.07     	0.000   	1.0000  	[21.7, 21.7]	[back, hover]	[25.8161, 25.3790]
[2025-12-11T11:35:02]
Strategy: greedy_ig
Pairwise: adaptive
News mode: BM
Num agents: 2
Iteration: 19
Error margin: None
Gaussian radius 5 
Grid info: range: 0-50-50, cell_size:0.125, map shape: (400, 400), center:True
init UAV positions: [(-25.0, -25.0, 5.4), (-25.0, 25.0, 5.4)]
mcts_params: {}
Step	Entropy	MSE	Coverage	Heights	Actions	IGs
------------------------------------------------------------------------------------------------------------------------
0    	158843.99   	0.405   	0.0078  	[5.4, 5.4]	[up, up]	[821.9019, 827.6221]
1    	155950.24   	0.409   	0.0312  	[10.8, 10.8]	[up, up]	[1055.6788, 1040.6745]
2    	152588.71   	0.419   	0.0703  	[16.2, 16.2]	[front, back]	[1228.0775, 1219.4512]
3    	149933.04   	0.420   	0.0938  	[16.2, 16.2]	[right, right]	[1520.1433, 1522.2007]
4    	146177.38   	0.425   	0.1250  	[16.2, 16.2]	[front, back]	[1688.9502, 1731.0357]
5    	141980.03   	0.420   	0.1562  	[16.2, 16.2]	[right, right]	[1951.8195, 1970.9504]
6    	136726.21   	0.422   	0.1953  	[16.2, 16.2]	[front, back]	[2083.6574, 2100.9962]
7    	130537.78   	0.407   	0.2344  	[16.2, 16.2]	[right, right]	[2127.8336, 2253.4129]
8    	123636.12   	0.407   	0.2812  	[16.2, 16.2]	[right, right]	[2086.7643, 2226.1843]
9    	117526.26   	0.411   	0.3281  	[16.2, 16.2]	[right, right]	[2168.7984, 2401.1999]
10   	111239.15   	0.406   	0.3750  	[16.2, 16.2]	[right, right]	[2235.2265, 2531.2635]
11   	104262.82   	0.388   	0.4219  	[16.2, 16.2]	[right, right]	[2172.8365, 2561.4423]
12   	96503.78    	0.364   	0.4688  	[16.2, 16.2]	[right, right]	[2051.1337, 2369.8164]
13   	88528.71    	0.337   	0.5156  	[16.2, 16.2]	[right, right]	[1962.6365, 2144.1502]
14   	80510.55    	0.307   	0.5625  	[16.2, 16.2]	[up, right]	[1883.5616, 1964.9793]
15   	71825.43    	0.265   	0.6406  	[21.7, 16.2]	[front, right]	[2064.0810, 1894.8055]
16   	63957.54    	0.234   	0.6953  	[21.7, 16.2]	[front, up]	[2082.4670, 1869.8743]
17   	55177.76    	0.185   	0.7812  	[21.7, 21.7]	[right, back]	[2029.5355, 1960.3058]
18   	48725.69    	0.146   	0.8164  	[21.7, 21.7]	[right, right]	[1952.5907, 1986.5690]
19   	40900.49    	0.111   	0.8750  	[21.7, 21.7]	[right, back]	[2067.9478, 1831.7052]
20   	35542.42    	0.085   	0.9023  	[21.7, 21.7]	[front, back]	[1904.5282, 1754.1094]
21   	33262.36    	0.076   	0.9023  	[21.7, 21.7]	[front, back]	[1939.2529, 1802.2918]
22   	32289.33    	0.072   	0.9023  	[21.7, 21.7]	[front, back]	[2114.4512, 2020.6434]
23   	31464.10    	0.069   	0.9023  	[21.7, 21.7]	[front, back]	[2420.5729, 2387.7310]
24   	30693.17    	0.069   	0.9023  	[21.7, 21.7]	[front, back]	[2707.1261, 2801.5819]
25   	29476.56    	0.066   	0.9023  	[21.7, 21.7]	[front, back]	[2754.3496, 2958.6066]
26   	27981.76    	0.065   	0.9023  	[21.7, 21.7]	[front, back]	[2603.6249, 2894.9100]
27   	25525.79    	0.065   	0.9141  	[21.7, 21.7]	[left, left]	[2171.8316, 2476.0222]
28   	24963.70    	0.063   	0.9141  	[21.7, 21.7]	[left, left]	[1958.7419, 2255.4962]
29   	24004.63    	0.062   	0.9180  	[21.7, 21.7]	[left, left]	[1905.8508, 2125.8123]
30   	22788.87    	0.062   	0.9219  	[21.7, 21.7]	[left, left]	[1978.9602, 2117.1546]
31   	21022.98    	0.065   	0.9375  	[21.7, 21.7]	[left, left]	[2103.7920, 2155.3662]
32   	19043.94    	0.061   	0.9531  	[21.7, 21.7]	[left, left]	[2190.0870, 2213.5316]
33   	16973.70    	0.050   	0.9688  	[21.7, 21.7]	[left, left]	[2342.4916, 2253.8829]
34   	14680.90    	0.035   	0.9844  	[21.7, 21.7]	[left, left]	[2452.2830, 2329.9974]
35   	12075.63    	0.021   	1.0000  	[21.7, 21.7]	[back, front]	[2054.8268, 2028.4987]
36   	9981.17     	0.014   	1.0000  	[21.7, 21.7]	[back, front]	[1689.2915, 1798.0007]
37   	7967.52     	0.009   	1.0000  	[21.7, 21.7]	[hover, front]	[1108.3793, 1212.1456]
38   	6760.43     	0.007   	1.0000  	[21.7, 21.7]	[back, down]	[690.3265, 854.4978]
39   	6235.04     	0.006   	1.0000  	[21.7, 16.2]	[front, left]	[420.4528, 568.5738]
40   	5878.15     	0.005   	1.0000  	[21.7, 16.2]	[front, front]	[307.3869, 300.3539]
41   	5771.32     	0.005   	1.0000  	[21.7, 16.2]	[front, front]	[405.8828, 173.1693]
42   	5709.99     	0.005   	1.0000  	[21.7, 16.2]	[hover, up]	[298.2733, 109.4818]
43   	5673.60     	0.005   	1.0000  	[21.7, 21.7]	[hover, right]	[216.8896, 100.6560]
44   	5648.02     	0.005   	1.0000  	[21.7, 21.7]	[hover, front]	[157.0346, 87.7716]
45   	5628.15     	0.005   	1.0000  	[21.7, 21.7]	[hover, front]	[109.3346, 75.2683]
46   	5613.55     	0.005   	1.0000  	[21.7, 21.7]	[hover, right]	[74.3764, 57.2071]
47   	5612.42     	0.005   	1.0000  	[21.7, 21.7]	[back, front]	[60.6878, 60.5091]
48   	5606.61     	0.005   	1.0000  	[21.7, 21.7]	[back, right]	[140.6838, 52.2894]
49   	5607.90     	0.005   	1.0000  	[21.7, 21.7]	[back, right]	[136.4270, 49.8462]
50   	5597.47     	0.005   	1.0000  	[21.7, 21.7]	[back, right]	[110.5562, 47.0755]
51   	5586.32     	0.005   	1.0000  	[21.7, 21.7]	[back, right]	[79.3455, 51.1291]
52   	5575.74     	0.005   	1.0000  	[21.7, 21.7]	[back, right]	[63.8367, 66.5317]
53   	5531.84     	0.005   	1.0000  	[21.7, 21.7]	[back, right]	[50.6967, 126.3293]
54   	5421.16     	0.005   	1.0000  	[21.7, 21.7]	[back, right]	[43.1943, 316.0917]
55   	4997.02     	0.005   	1.0000  	[21.7, 21.7]	[hover, hover]	[35.6177, 190.7163]
56   	4784.05     	0.004   	1.0000  	[21.7, 21.7]	[right, hover]	[32.1414, 110.1638]
57   	4636.65     	0.004   	1.0000  	[21.7, 21.7]	[right, hover]	[33.4878, 67.2213]
58   	4547.55     	0.004   	1.0000  	[21.7, 21.7]	[right, back]	[40.3853, 49.7364]
59   	4522.19     	0.004   	1.0000  	[21.7, 21.7]	[right, back]	[56.5378, 57.1271]
60   	4498.92     	0.004   	1.0000  	[21.7, 21.7]	[right, back]	[110.6752, 75.2261]
61   	4443.36     	0.004   	1.0000  	[21.7, 21.7]	[right, back]	[292.0350, 103.4757]
62   	4269.07     	0.004   	1.0000  	[21.7, 21.7]	[right, back]	[483.7030, 154.7141]
63   	3849.49     	0.004   	1.0000  	[21.7, 21.7]	[right, back]	[662.2327, 206.9407]
64   	3070.40     	0.003   	1.0000  	[21.7, 21.7]	[hover, back]	[435.8478, 254.5749]
65   	2638.95     	0.001   	1.0000  	[21.7, 21.7]	[hover, up]	[269.0029, 189.8469]
66   	2341.16     	0.001   	1.0000  	[21.7, 27.1]	[hover, left]	[166.8872, 154.5324]
67   	2145.55     	0.000   	1.0000  	[21.7, 27.1]	[hover, hover]	[103.2614, 117.9078]
68   	2049.59     	0.000   	1.0000  	[21.7, 27.1]	[hover, hover]	[66.3901, 89.2415]
69   	1990.40     	0.000   	1.0000  	[21.7, 27.1]	[hover, hover]	[45.3854, 67.7449]
70   	1975.52     	0.000   	1.0000  	[21.7, 27.1]	[front, hover]	[39.7030, 51.8116]
71   	1964.57     	0.000   	1.0000  	[21.7, 27.1]	[front, hover]	[46.4507, 43.2922]
72   	1960.43     	0.000   	1.0000  	[21.7, 27.1]	[front, hover]	[59.4239, 37.0358]
73   	1959.30     	0.000   	1.0000  	[21.7, 27.1]	[front, left]	[82.9809, 33.5893]
74   	1959.80     	0.000   	1.0000  	[21.7, 27.1]	[front, left]	[120.5526, 40.8168]
75   	1958.52     	0.000   	1.0000  	[21.7, 27.1]	[front, left]	[160.3687, 56.7437]
76   	1952.84     	0.000   	1.0000  	[21.7, 27.1]	[front, left]	[224.0755, 82.4787]
77   	1944.54     	0.000   	1.0000  	[21.7, 27.1]	[front, left]	[314.2749, 126.3774]
78   	1917.87     	0.000   	1.0000  	[21.7, 27.1]	[hover, left]	[189.3355, 193.7040]
79   	1895.59     	0.000   	1.0000  	[21.7, 27.1]	[hover, hover]	[110.3924, 148.7009]
80   	1876.92     	0.000   	1.0000  	[21.7, 27.1]	[hover, hover]	[67.4093, 118.0582]
81   	1865.07     	0.000   	1.0000  	[21.7, 27.1]	[hover, hover]	[45.5067, 91.2884]
82   	1859.86     	0.000   	1.0000  	[21.7, 27.1]	[hover, hover]	[35.2900, 69.2464]
83   	1859.52     	0.000   	1.0000  	[21.7, 27.1]	[hover, hover]	[29.4071, 54.1487]
84   	1855.33     	0.000   	1.0000  	[21.7, 27.1]	[hover, hover]	[27.1067, 44.2387]
85   	1854.49     	0.000   	1.0000  	[21.7, 27.1]	[hover, hover]	[26.2360, 37.2978]
86   	1852.78     	0.000   	1.0000  	[21.7, 27.1]	[hover, hover]	[25.9513, 32.2953]
87   	1853.14     	0.000   	1.0000  	[21.7, 27.1]	[hover, hover]	[25.8650, 29.3024]
88   	1854.72     	0.000   	1.0000  	[21.7, 27.1]	[hover, hover]	[25.6373, 26.7147]
89   	1852.09     	0.000   	1.0000  	[21.7, 27.1]	[hover, down]	[25.4949, 26.1640]
90   	1852.56     	0.000   	1.0000  	[21.7, 21.7]	[back, left]	[25.3553, 28.6977]
91   	1851.75     	0.000   	1.0000  	[21.7, 21.7]	[back, back]	[25.5716, 31.3047]
92   	1852.01     	0.000   	1.0000  	[21.7, 21.7]	[back, hover]	[25.5055, 28.8701]
93   	1850.78     	0.000   	1.0000  	[21.7, 21.7]	[hover, hover]	[25.3675, 27.5025]
94   	1851.43     	0.000   	1.0000  	[21.7, 21.7]	[hover, hover]	[25.2533, 26.5773]
95   	1850.09     	0.000   	1.0000  	[21.7, 21.7]	[left, hover]	[25.2609, 26.1719]
96   	1851.14     	0.000   	1.0000  	[21.7, 21.7]	[right, front]	[25.2841, 25.9848]
97   	1849.06     	0.000   	1.0000  	[21.7, 21.7]	[hover, front]	[25.1551, 25.9373]
98   	1849.25     	0.000   	1.0000  	[21.7, 21.7]	[hover, front]	[25.0815, 26.4781]
99   	1849.55     	0.000   	1.0000  	[21.7, 21.7]	[left, front]	[24.8838, 27.3099]
