[2025-12-18T14:56:22]
Strategy: greedy_ig
Pairwise: adaptive
News mode: IGd
Num agents: 4
Iteration: 0
Error margin: None
Gaussian radius 5 
Grid info: range: 0-50-50, cell_size:0.125, map shape: (400, 400), center:True
init UAV positions: [(-25.0, -5.0, 5.4), (-10.0, 10.0, 5.4), (10.0, 0.0, 5.4), (0.0, 20.0, 5.4)]
mcts_params: {}
Step	Entropy	MSE	Coverage	Heights	Actions	IGs
------------------------------------------------------------------------------------------------------------------------
0    	160000.00   	0.250   	0.0000  	[5.4, 5.4, 5.4, 5.4]	[-, -, -, -]	[-, -, -, -]
1    	159154.81   	0.243   	0.0547  	[5.4, 5.4, 5.4, 5.4]	[up, up, up, up]	[1952.2791, 3904.5582, 3904.5582, 3438.5303]
2    	158147.73   	0.234   	0.2100  	[10.8, 10.8, 10.8, 10.8]	[up, up, up, up]	[1996.3881, 3938.3982, 4342.2658, 2608.1342]
3    	156662.82   	0.224   	0.4231  	[16.2, 16.2, 16.2, 16.2]	[right, up, up, back]	[1953.7923, 3128.6675, 4087.3429, 2020.0270]
4    	155141.21   	0.215   	0.5825  	[16.2, 21.7, 21.7, 16.2]	[up, left, back, up]	[1812.1195, 2182.0099, 3556.3368, 1888.0797]
5    	153458.18   	0.206   	0.6850  	[21.7, 21.7, 21.7, 21.7]	[right, front, back, back]	[1750.3064, 1543.2246, 3232.9949, 1649.9317]
6    	151915.68   	0.198   	0.7475  	[21.7, 21.7, 21.7, 21.7]	[right, hover, back, right]	[1851.7456, 1080.5473, 2959.9158, 1567.9273]
7    	150551.01   	0.191   	0.8131  	[21.7, 21.7, 21.7, 21.7]	[back, right, back, right]	[1760.9636, 1046.6610, 2722.7315, 1589.5605]
8    	149169.49   	0.184   	0.8873  	[21.7, 21.7, 21.7, 21.7]	[back, right, left, right]	[1828.9151, 1168.7837, 2170.1277, 1578.4547]
9    	147478.12   	0.177   	0.9372  	[21.7, 21.7, 21.7, 21.7]	[right, right, left, right]	[1776.1024, 1286.1108, 1651.7935, 1575.8083]
10   	145358.29   	0.170   	0.9656  	[21.7, 21.7, 21.7, 21.7]	[right, right, left, back]	[1459.3784, 1391.9635, 1212.7125, 1384.0966]
11   	142896.27   	0.163   	0.9703  	[21.7, 21.7, 21.7, 21.7]	[right, right, front, back]	[984.6631, 1320.1104, 653.9943, 1195.1683]
12   	140412.19   	0.157   	0.9734  	[21.7, 21.7, 21.7, 21.7]	[back, right, left, back]	[899.2870, 1252.7393, 682.2846, 1223.5856]
13   	137924.88   	0.151   	0.9800  	[21.7, 21.7, 21.7, 21.7]	[right, right, left, back]	[514.4955, 1283.2568, 683.5247, 1314.1560]
14   	135285.14   	0.145   	0.9831  	[21.7, 21.7, 21.7, 21.7]	[right, right, left, back]	[839.5190, 1373.4203, 1188.5103, 1519.1190]
15   	132327.56   	0.138   	0.9862  	[21.7, 21.7, 21.7, 21.7]	[right, back, left, back]	[1084.4697, 1248.9675, 1654.0176, 1552.0829]
16   	128602.61   	0.130   	0.9894  	[21.7, 21.7, 21.7, 21.7]	[right, back, front, back]	[1135.2731, 1182.7617, 1715.6635, 1285.9010]
17   	125061.14   	0.125   	0.9925  	[21.7, 21.7, 21.7, 21.7]	[right, back, front, down]	[839.7116, 1133.8129, 1769.0431, 804.2997]
18   	121416.16   	0.119   	0.9925  	[21.7, 21.7, 21.7, 16.2]	[right, back, front, back]	[907.6302, 1071.0185, 1891.0551, 564.3261]
19   	118222.53   	0.114   	0.9969  	[21.7, 21.7, 21.7, 16.2]	[back, left, front, right]	[470.1131, 927.8645, 1844.2852, 443.7003]
20   	114645.14   	0.109   	0.9969  	[21.7, 21.7, 21.7, 16.2]	[front, back, front, back]	[292.7815, 1067.1091, 1980.3629, 495.7899]
21   	110680.37   	0.104   	0.9969  	[21.7, 21.7, 21.7, 16.2]	[front, left, front, back]	[331.2125, 976.3332, 2035.9706, 575.3722]
22   	106914.85   	0.099   	0.9969  	[21.7, 21.7, 21.7, 16.2]	[front, left, front, left]	[621.2371, 884.2204, 2075.6756, 500.5390]
23   	102915.42   	0.094   	0.9969  	[21.7, 21.7, 21.7, 16.2]	[front, back, right, left]	[891.3745, 824.0339, 1753.0723, 562.5422]
24   	98496.30    	0.089   	0.9969  	[21.7, 21.7, 21.7, 16.2]	[front, back, right, left]	[1191.2622, 962.5172, 1546.4728, 725.5709]
25   	93759.29    	0.084   	0.9969  	[21.7, 21.7, 21.7, 16.2]	[front, left, right, left]	[1717.7470, 994.4936, 1304.1825, 937.1560]
26   	88182.79    	0.077   	0.9969  	[21.7, 21.7, 21.7, 16.2]	[front, left, right, left]	[2065.3663, 1033.1308, 1115.6712, 1073.6198]
27   	82321.73    	0.071   	0.9969  	[21.7, 21.7, 21.7, 16.2]	[front, left, right, left]	[1969.4092, 1108.9718, 913.3769, 1108.1558]
28   	76254.86    	0.064   	0.9969  	[21.7, 21.7, 21.7, 16.2]	[front, left, right, left]	[1536.7143, 1194.5772, 635.5090, 1181.8984]
29   	71538.91    	0.059   	0.9969  	[21.7, 21.7, 21.7, 16.2]	[front, left, down, left]	[877.2798, 1196.7764, 387.2027, 1236.7520]
30   	66735.99    	0.055   	0.9969  	[21.7, 21.7, 16.2, 16.2]	[left, back, right, left]	[796.0289, 974.5160, 325.4822, 1080.4584]
31   	61929.50    	0.050   	0.9992  	[21.7, 21.7, 16.2, 16.2]	[left, hover, right, left]	[792.3591, 649.5606, 643.6474, 1165.1679]
32   	56550.61    	0.045   	1.0000  	[21.7, 21.7, 16.2, 16.2]	[left, right, right, front]	[1201.9130, 448.2826, 1032.3353, 1292.5891]
33   	51419.15    	0.040   	1.0000  	[21.7, 21.7, 16.2, 16.2]	[left, up, front, front]	[1474.5547, 322.5389, 1000.1064, 1287.0291]
34   	47227.62    	0.037   	1.0000  	[21.7, 27.1, 16.2, 16.2]	[left, right, right, front]	[1517.5781, 263.3022, 521.8244, 1349.2676]
35   	43512.36    	0.034   	1.0000  	[21.7, 27.1, 16.2, 16.2]	[left, right, left, front]	[1619.0144, 280.6089, 215.7032, 1335.9901]
36   	40120.31    	0.030   	1.0000  	[21.7, 27.1, 16.2, 16.2]	[left, right, back, front]	[1579.8758, 335.5248, 109.8445, 1270.2358]
37   	36924.90    	0.027   	1.0000  	[21.7, 27.1, 16.2, 16.2]	[left, right, back, front]	[1510.4495, 480.4153, 228.3527, 1067.2599]
38   	34136.76    	0.025   	1.0000  	[21.7, 27.1, 16.2, 16.2]	[front, right, back, front]	[1094.4457, 629.9251, 256.2340, 1015.5764]
39   	31754.62    	0.022   	1.0000  	[21.7, 27.1, 16.2, 16.2]	[down, right, back, front]	[851.2739, 780.6937, 283.3344, 983.1171]
40   	29360.99    	0.020   	1.0000  	[16.2, 27.1, 16.2, 16.2]	[left, right, back, up]	[847.6364, 648.0435, 303.6150, 686.5767]
41   	26892.47    	0.018   	1.0000  	[16.2, 27.1, 16.2, 21.7]	[left, down, back, right]	[574.7369, 734.1049, 329.2378, 705.5635]
42   	24919.99    	0.016   	1.0000  	[16.2, 21.7, 16.2, 21.7]	[down, back, back, front]	[434.2749, 494.1842, 349.9662, 737.3954]
43   	23148.99    	0.015   	1.0000  	[10.8, 21.7, 16.2, 21.7]	[back, right, back, front]	[240.8101, 302.5850, 277.8508, 629.6979]
44   	21649.23    	0.013   	1.0000  	[10.8, 21.7, 16.2, 21.7]	[back, back, back, hover]	[120.2463, 152.5363, 243.0874, 455.5419]
45   	20569.59    	0.013   	1.0000  	[10.8, 21.7, 16.2, 21.7]	[right, down, up, hover]	[39.3833, 75.5524, 193.8738, 316.3566]
46   	19811.40    	0.012   	1.0000  	[10.8, 16.2, 21.7, 21.7]	[right, right, left, hover]	[29.7771, 63.9215, 170.7162, 211.8372]
47   	19352.20    	0.012   	1.0000  	[10.8, 16.2, 21.7, 21.7]	[right, front, hover, hover]	[30.1025, 34.3204, 87.8670, 138.3555]
48   	19013.34    	0.011   	1.0000  	[10.8, 16.2, 21.7, 21.7]	[front, front, hover, back]	[33.4955, 25.2858, 49.5383, 122.1114]
49   	18645.67    	0.011   	1.0000  	[10.8, 16.2, 21.7, 21.7]	[front, front, back, back]	[38.1890, 34.4783, 30.8337, 170.6208]
50   	18198.72    	0.011   	1.0000  	[10.8, 16.2, 21.7, 21.7]	[up, front, left, back]	[41.1724, 56.0769, 23.5194, 244.8585]
51   	17695.85    	0.011   	1.0000  	[16.2, 16.2, 21.7, 21.7]	[left, front, left, right]	[46.9510, 105.4184, 36.6687, 205.5063]
52   	17196.68    	0.010   	1.0000  	[16.2, 16.2, 21.7, 21.7]	[left, front, left, right]	[73.8786, 143.4080, 63.1542, 153.9635]
53   	16761.65    	0.010   	1.0000  	[16.2, 16.2, 21.7, 21.7]	[front, front, left, right]	[46.5029, 187.9978, 102.6168, 98.3897]
54   	16210.69    	0.010   	1.0000  	[16.2, 16.2, 21.7, 21.7]	[back, front, left, right]	[30.5689, 253.9349, 173.2171, 55.7500]
55   	15586.10    	0.009   	1.0000  	[16.2, 16.2, 21.7, 21.7]	[back, front, left, right]	[19.5514, 263.6691, 256.3393, 42.6314]
56   	14807.18    	0.009   	1.0000  	[16.2, 16.2, 21.7, 21.7]	[up, front, left, right]	[19.4205, 297.6153, 378.0031, 44.4597]
57   	13907.04    	0.008   	1.0000  	[21.7, 16.2, 21.7, 21.7]	[up, front, left, right]	[37.3866, 345.9513, 529.5789, 60.0013]
58   	13214.78    	0.007   	1.0000  	[27.1, 16.2, 21.7, 21.7]	[right, front, left, right]	[30.9445, 141.4493, 512.4888, 113.1729]
59   	12676.09    	0.007   	1.0000  	[27.1, 16.2, 21.7, 21.7]	[right, down, down, front]	[27.6577, 71.5149, 436.5512, 119.2566]
60   	12081.28    	0.006   	1.0000  	[27.1, 10.8, 16.2, 21.7]	[right, right, left, front]	[23.3582, 38.2046, 396.6184, 133.3479]
61   	11640.41    	0.006   	1.0000  	[27.1, 10.8, 16.2, 21.7]	[right, hover, hover, front]	[21.7448, 11.0897, 198.2416, 123.8524]
62   	11347.06    	0.006   	1.0000  	[27.1, 10.8, 16.2, 21.7]	[right, hover, hover, right]	[25.0346, 4.5552, 98.0951, 65.2266]
63   	11109.10    	0.006   	1.0000  	[27.1, 10.8, 16.2, 21.7]	[right, left, front, right]	[33.4988, 1.3517, 60.4142, 29.0024]
64   	10816.68    	0.005   	1.0000  	[27.1, 10.8, 16.2, 21.7]	[right, left, front, right]	[48.3070, 1.3378, 62.2963, 12.9392]
65   	10388.70    	0.005   	1.0000  	[27.1, 10.8, 16.2, 21.7]	[right, left, front, right]	[75.5057, 14.7220, 65.5669, 7.5475]
66   	10064.63    	0.005   	1.0000  	[27.1, 10.8, 16.2, 21.7]	[back, left, front, front]	[66.1492, 14.1947, 82.2024, 3.9546]
67   	9826.16     	0.005   	1.0000  	[27.1, 10.8, 16.2, 21.7]	[hover, left, front, down]	[48.1418, 7.4304, 95.5034, 3.4914]
68   	9594.33     	0.005   	1.0000  	[27.1, 10.8, 16.2, 16.2]	[hover, left, front, down]	[37.4471, 5.0711, 124.5280, 2.6024]
69   	9338.21     	0.005   	1.0000  	[27.1, 10.8, 16.2, 10.8]	[hover, left, front, back]	[28.0498, 7.2333, 176.4366, 1.2767]
70   	9036.53     	0.004   	1.0000  	[27.1, 10.8, 16.2, 10.8]	[right, left, front, back]	[17.8390, 21.0441, 248.8601, 1.7183]
71   	8672.37     	0.004   	1.0000  	[27.1, 10.8, 16.2, 10.8]	[down, left, front, hover]	[14.6709, 45.2967, 330.2991, 1.1943]
72   	8232.59     	0.004   	1.0000  	[21.7, 10.8, 16.2, 10.8]	[front, left, front, front]	[14.7084, 71.4803, 410.0998, 0.7127]
73   	7927.96     	0.004   	1.0000  	[21.7, 10.8, 16.2, 10.8]	[hover, left, left, front]	[7.3648, 104.0557, 212.5907, 0.5148]
74   	7592.81     	0.003   	1.0000  	[21.7, 10.8, 16.2, 10.8]	[hover, left, left, hover]	[4.2242, 177.0248, 96.6474, 0.6462]
75   	7258.18     	0.003   	1.0000  	[21.7, 10.8, 16.2, 10.8]	[hover, left, right, hover]	[2.7259, 228.7955, 32.3602, 0.6817]
76   	7066.24     	0.003   	1.0000  	[21.7, 10.8, 16.2, 10.8]	[left, left, right, hover]	[1.9489, 170.0977, 34.1265, 0.6570]
77   	6817.90     	0.003   	1.0000  	[21.7, 10.8, 16.2, 10.8]	[back, back, right, front]	[1.7804, 176.8627, 32.6611, 0.3805]
78   	6570.27     	0.003   	1.0000  	[21.7, 10.8, 16.2, 10.8]	[back, back, right, up]	[2.1770, 186.3841, 23.2148, 0.2934]
79   	6345.13     	0.003   	1.0000  	[21.7, 10.8, 16.2, 16.2]	[back, back, right, left]	[5.9669, 195.8682, 21.4794, 0.1482]
80   	6217.66     	0.003   	1.0000  	[21.7, 10.8, 16.2, 16.2]	[back, back, right, left]	[11.0481, 88.3261, 29.3330, 0.3469]
81   	6097.74     	0.003   	1.0000  	[21.7, 10.8, 16.2, 16.2]	[up, back, right, left]	[16.9896, 53.4215, 28.2756, 0.4297]
82   	5958.37     	0.003   	1.0000  	[27.1, 10.8, 16.2, 16.2]	[back, back, right, down]	[21.7004, 91.5671, 12.4200, 0.5834]
83   	5818.04     	0.002   	1.0000  	[27.1, 10.8, 16.2, 10.8]	[back, back, right, left]	[31.7506, 102.3782, 6.2591, 0.3080]
84   	5613.96     	0.002   	1.0000  	[27.1, 10.8, 16.2, 10.8]	[back, back, right, left]	[45.2520, 123.2286, 5.9305, 0.4468]
85   	5428.57     	0.002   	1.0000  	[27.1, 10.8, 16.2, 10.8]	[back, back, right, left]	[49.2537, 98.7973, 7.6290, 0.7545]
86   	5259.61     	0.002   	1.0000  	[27.1, 10.8, 16.2, 10.8]	[hover, back, right, back]	[33.8944, 99.9929, 13.9578, 0.6577]
87   	5128.04     	0.002   	1.0000  	[27.1, 10.8, 16.2, 10.8]	[hover, back, right, front]	[22.4156, 93.0896, 19.8746, 0.5274]
88   	5023.09     	0.002   	1.0000  	[27.1, 10.8, 16.2, 10.8]	[hover, back, right, back]	[14.9396, 187.3443, 8.0527, 0.3876]
89   	4951.51     	0.002   	1.0000  	[27.1, 10.8, 16.2, 10.8]	[hover, back, back, left]	[10.2205, 191.8961, 3.4069, 0.2594]
90   	4869.10     	0.002   	1.0000  	[27.1, 10.8, 16.2, 10.8]	[left, right, back, up]	[8.1213, 149.3571, 18.5109, 0.3017]
91   	4812.43     	0.002   	1.0000  	[27.1, 10.8, 16.2, 16.2]	[left, hover, back, left]	[12.9987, 87.3553, 9.4591, 0.6600]
92   	4740.69     	0.002   	1.0000  	[27.1, 10.8, 16.2, 16.2]	[left, right, down, left]	[25.7230, 57.9623, 8.2432, 10.1511]
93   	4624.62     	0.002   	1.0000  	[27.1, 10.8, 10.8, 16.2]	[left, right, back, left]	[42.3192, 43.6367, 7.4386, 32.7678]
94   	4443.21     	0.002   	1.0000  	[27.1, 10.8, 10.8, 16.2]	[left, right, back, left]	[76.8470, 41.7268, 4.0216, 52.0819]
95   	4215.70     	0.001   	1.0000  	[27.1, 10.8, 10.8, 16.2]	[left, right, back, left]	[117.7269, 26.8834, 2.3202, 71.1114]
96   	3998.60     	0.001   	1.0000  	[27.1, 10.8, 10.8, 16.2]	[hover, right, front, left]	[88.1198, 16.7831, 0.9882, 85.9481]
97   	3844.01     	0.001   	1.0000  	[27.1, 10.8, 10.8, 16.2]	[hover, right, hover, hover]	[65.0506, 11.1391, 0.3195, 49.3220]
98   	3746.65     	0.001   	1.0000  	[27.1, 10.8, 10.8, 16.2]	[left, right, back, hover]	[46.2086, 6.2279, 0.1446, 30.7879]
99   	3676.45     	0.001   	1.0000  	[27.1, 10.8, 10.8, 16.2]	[left, right, back, hover]	[36.1224, 5.4840, 0.3002, 18.9204]
[2025-12-18T14:56:32]
Strategy: greedy_ig
Pairwise: adaptive
News mode: IGd
Num agents: 4
Iteration: 1
Error margin: None
Gaussian radius 5 
Grid info: range: 0-50-50, cell_size:0.125, map shape: (400, 400), center:True
init UAV positions: [(-10.0, -10.0, 5.4), (-15.0, 0.0, 5.4), (15.0, -25.0, 5.4), (5.0, 25.0, 5.4)]
mcts_params: {}
Step	Entropy	MSE	Coverage	Heights	Actions	IGs
------------------------------------------------------------------------------------------------------------------------
0    	160000.00   	0.250   	0.0000  	[5.4, 5.4, 5.4, 5.4]	[-, -, -, -]	[-, -, -, -]
1    	159097.08   	0.242   	0.0469  	[5.4, 5.4, 5.4, 5.4]	[up, up, up, up]	[3904.5582, 3655.3311, 1952.2791, 1952.2791]
2    	157926.03   	0.233   	0.1800  	[10.8, 10.8, 10.8, 10.8]	[up, up, up, up]	[3536.8326, 3089.6531, 1995.9196, 2148.5374]
3    	156561.11   	0.223   	0.3738  	[16.2, 16.2, 16.2, 16.2]	[up, up, front, back]	[2991.3961, 2159.2853, 2027.6229, 2510.8871]
4    	155209.39   	0.215   	0.5425  	[21.7, 21.7, 16.2, 16.2]	[right, right, front, back]	[2273.2408, 2039.6031, 1983.7198, 2345.8337]
5    	153909.59   	0.207   	0.6269  	[21.7, 21.7, 16.2, 16.2]	[right, front, front, up]	[1903.6037, 1840.7213, 1791.7695, 2238.0367]
6    	152563.30   	0.199   	0.7386  	[21.7, 21.7, 16.2, 21.7]	[right, front, front, back]	[1822.1571, 1730.3813, 1618.3198, 2173.9537]
7    	151063.77   	0.192   	0.8073  	[21.7, 21.7, 16.2, 21.7]	[right, front, front, back]	[1637.9748, 1749.1001, 1501.3875, 1933.0399]
8    	149757.02   	0.186   	0.8539  	[21.7, 21.7, 16.2, 21.7]	[back, front, front, right]	[1453.8403, 1796.7244, 1684.9133, 1730.5127]
9    	148245.77   	0.179   	0.9266  	[21.7, 21.7, 16.2, 21.7]	[right, right, front, right]	[1439.5165, 1747.7863, 1766.2140, 1546.8444]
10   	146343.72   	0.173   	0.9547  	[21.7, 21.7, 16.2, 21.7]	[right, right, front, back]	[1465.6518, 1737.1083, 1713.4090, 1095.3707]
11   	144100.76   	0.167   	0.9555  	[21.7, 21.7, 16.2, 21.7]	[right, right, front, back]	[1509.3084, 1569.2440, 1352.4774, 650.5247]
12   	141523.80   	0.161   	0.9563  	[21.7, 21.7, 16.2, 21.7]	[right, right, front, back]	[1158.3602, 1410.9165, 1095.0934, 633.7681]
13   	138669.89   	0.155   	0.9631  	[21.7, 21.7, 16.2, 21.7]	[down, right, front, back]	[963.5847, 1247.5976, 1196.9146, 1049.4280]
14   	135766.37   	0.149   	0.9639  	[16.2, 21.7, 16.2, 21.7]	[right, right, front, back]	[527.0000, 1025.3699, 1176.0794, 1415.6875]
15   	132679.02   	0.143   	0.9647  	[16.2, 21.7, 16.2, 21.7]	[back, right, front, back]	[335.5748, 872.5710, 992.5485, 1858.1590]
16   	129218.84   	0.138   	0.9655  	[16.2, 21.7, 16.2, 21.7]	[right, back, left, back]	[124.2502, 950.5093, 1007.0885, 1841.2253]
17   	125575.41   	0.132   	0.9655  	[16.2, 21.7, 16.2, 21.7]	[front, back, left, back]	[48.9197, 963.9143, 1188.4734, 1567.2277]
18   	122122.69   	0.127   	0.9655  	[16.2, 21.7, 16.2, 21.7]	[front, back, left, left]	[137.2615, 1041.0650, 1433.2023, 1425.7089]
19   	118949.28   	0.122   	0.9655  	[16.2, 21.7, 16.2, 21.7]	[front, right, left, left]	[497.1994, 1064.5340, 1615.9938, 1603.8010]
20   	115822.38   	0.118   	0.9695  	[16.2, 21.7, 16.2, 21.7]	[front, back, left, left]	[743.0804, 993.9833, 1773.4257, 1660.5922]
21   	112479.44   	0.113   	0.9702  	[16.2, 21.7, 16.2, 21.7]	[front, back, left, left]	[844.9910, 1127.4503, 1923.1314, 1767.9750]
22   	108765.26   	0.108   	0.9733  	[16.2, 21.7, 16.2, 21.7]	[front, back, left, left]	[1130.3625, 1615.2930, 2047.9190, 1868.7360]
23   	104245.95   	0.101   	0.9764  	[16.2, 21.7, 16.2, 21.7]	[front, back, left, left]	[1547.9470, 2073.3898, 2276.4197, 2008.8276]
24   	98898.62    	0.094   	0.9795  	[16.2, 21.7, 16.2, 21.7]	[front, back, left, left]	[1821.4715, 2413.4191, 2547.1011, 2206.3513]
25   	94148.98    	0.088   	0.9858  	[16.2, 21.7, 16.2, 21.7]	[left, left, left, left]	[1894.0371, 1908.4792, 2444.9680, 1910.1469]
26   	89808.28    	0.082   	0.9983  	[16.2, 21.7, 16.2, 21.7]	[left, left, back, front]	[1788.7130, 1529.0659, 2184.9848, 1665.0471]
27   	85465.59    	0.076   	0.9983  	[16.2, 21.7, 16.2, 21.7]	[front, left, back, front]	[1883.8966, 1198.2092, 1838.7200, 1295.7534]
28   	80991.51    	0.070   	0.9983  	[16.2, 21.7, 16.2, 21.7]	[up, left, back, front]	[1856.4593, 1021.7684, 1413.3517, 962.3926]
29   	76129.43    	0.065   	0.9998  	[21.7, 21.7, 16.2, 21.7]	[left, left, back, front]	[1922.9922, 940.8108, 970.1450, 591.2270]
30   	70851.77    	0.059   	0.9998  	[21.7, 21.7, 16.2, 21.7]	[left, left, back, front]	[1864.2152, 904.2624, 690.2347, 572.0347]
31   	65659.52    	0.053   	0.9998  	[21.7, 21.7, 16.2, 21.7]	[left, left, back, front]	[1738.0617, 857.5898, 788.9508, 875.5370]
32   	60908.20    	0.048   	0.9998  	[21.7, 21.7, 16.2, 21.7]	[left, left, back, front]	[1529.5281, 786.5505, 833.7754, 1057.9349]
33   	56458.12    	0.043   	0.9998  	[21.7, 21.7, 16.2, 21.7]	[left, back, back, front]	[1336.1935, 588.6469, 914.6097, 1158.0940]
34   	52261.91    	0.039   	0.9998  	[21.7, 21.7, 16.2, 21.7]	[left, back, right, down]	[1124.7308, 361.3802, 1013.1407, 832.7561]
35   	47984.04    	0.036   	0.9998  	[21.7, 21.7, 16.2, 16.2]	[left, left, right, front]	[1225.1471, 279.8309, 1102.3589, 800.8493]
36   	43668.51    	0.032   	0.9998  	[21.7, 21.7, 16.2, 16.2]	[left, down, right, left]	[1064.6322, 345.2469, 1506.7357, 646.5551]
37   	39298.24    	0.028   	0.9998  	[21.7, 16.2, 16.2, 16.2]	[left, left, up, front]	[1055.2508, 380.7576, 1772.8167, 340.0737]
38   	35382.73    	0.025   	0.9998  	[21.7, 16.2, 21.7, 16.2]	[back, down, back, down]	[973.7293, 269.3159, 1715.2699, 323.1096]
39   	32282.72    	0.022   	0.9998  	[21.7, 10.8, 21.7, 10.8]	[back, left, right, left]	[892.1771, 242.7124, 1236.5244, 270.7095]
40   	30002.29    	0.021   	0.9998  	[21.7, 10.8, 21.7, 10.8]	[back, front, left, hover]	[662.2689, 173.1279, 744.4947, 187.2144]
41   	28481.20    	0.020   	0.9998  	[21.7, 10.8, 21.7, 10.8]	[back, back, back, right]	[442.9715, 81.1414, 420.9479, 139.0318]
42   	27381.35    	0.019   	0.9998  	[21.7, 10.8, 21.7, 10.8]	[back, hover, left, right]	[364.3419, 53.4392, 270.4121, 153.5178]
43   	26461.20    	0.018   	0.9998  	[21.7, 10.8, 21.7, 10.8]	[back, front, left, right]	[247.2833, 28.3568, 187.5530, 144.2877]
44   	25832.18    	0.017   	0.9998  	[21.7, 10.8, 21.7, 10.8]	[up, front, down, hover]	[134.5751, 33.6623, 156.6806, 91.8260]
45   	24997.43    	0.017   	0.9998  	[27.1, 10.8, 16.2, 10.8]	[back, front, left, hover]	[252.6092, 39.9537, 206.0791, 52.8366]
46   	24316.69    	0.016   	0.9998  	[27.1, 10.8, 16.2, 10.8]	[right, front, back, up]	[230.7558, 46.5153, 160.1638, 36.6104]
47   	23786.47    	0.016   	0.9998  	[27.1, 10.8, 16.2, 16.2]	[hover, front, back, left]	[196.0913, 54.4073, 119.5990, 40.8384]
48   	23339.89    	0.015   	0.9998  	[27.1, 10.8, 16.2, 16.2]	[hover, front, left, left]	[162.8592, 64.2411, 83.5718, 59.7738]
49   	22971.04    	0.015   	0.9998  	[27.1, 10.8, 16.2, 16.2]	[hover, front, down, back]	[129.7121, 69.5225, 103.8014, 47.7241]
50   	22617.18    	0.015   	0.9998  	[27.1, 10.8, 10.8, 16.2]	[back, front, front, back]	[109.0852, 84.7268, 69.9775, 28.5164]
51   	22246.91    	0.014   	0.9998  	[27.1, 10.8, 10.8, 16.2]	[down, front, left, up]	[105.3391, 125.3767, 34.8964, 23.2009]
52   	21847.25    	0.014   	0.9998  	[21.7, 10.8, 10.8, 21.7]	[left, front, front, right]	[95.3147, 235.1140, 18.0529, 18.4210]
53   	21502.09    	0.014   	0.9998  	[21.7, 10.8, 10.8, 21.7]	[hover, front, back, right]	[53.7528, 348.1058, 10.1864, 15.8557]
54   	21213.44    	0.014   	0.9998  	[21.7, 10.8, 10.8, 21.7]	[hover, front, front, right]	[32.1872, 538.9363, 6.5637, 14.5239]
55   	21044.26    	0.013   	0.9998  	[21.7, 10.8, 10.8, 21.7]	[hover, right, front, right]	[17.5587, 335.1645, 4.7128, 12.3444]
56   	20935.84    	0.013   	0.9998  	[21.7, 10.8, 10.8, 21.7]	[hover, hover, front, right]	[10.5528, 208.6996, 2.1468, 11.4119]
57   	20870.64    	0.013   	0.9998  	[21.7, 10.8, 10.8, 21.7]	[hover, left, front, right]	[6.4649, 134.5906, 1.3593, 13.3545]
58   	20799.31    	0.013   	0.9998  	[21.7, 10.8, 10.8, 21.7]	[back, right, up, right]	[4.2103, 88.2565, 2.1590, 29.7859]
59   	20557.80    	0.013   	0.9998  	[21.7, 10.8, 16.2, 21.7]	[back, right, front, right]	[3.1572, 103.9594, 6.0655, 160.2320]
60   	20213.99    	0.013   	0.9998  	[21.7, 10.8, 16.2, 21.7]	[front, right, front, right]	[2.4993, 81.6790, 5.1449, 320.8870]
61   	19873.29    	0.012   	0.9998  	[21.7, 10.8, 16.2, 21.7]	[right, right, front, right]	[2.3693, 52.1559, 11.1332, 475.3539]
62   	19630.93    	0.012   	1.0000  	[21.7, 10.8, 16.2, 21.7]	[right, hover, front, hover]	[2.6432, 32.0053, 24.8476, 311.8986]
63   	19394.26    	0.012   	1.0000  	[21.7, 10.8, 16.2, 21.7]	[right, right, front, back]	[12.1161, 21.2824, 57.4383, 202.1417]
64   	19135.39    	0.012   	1.0000  	[21.7, 10.8, 16.2, 21.7]	[right, up, front, back]	[9.8981, 18.0884, 128.8157, 153.3731]
65   	18863.15    	0.011   	1.0000  	[21.7, 16.2, 16.2, 21.7]	[front, right, front, back]	[7.5750, 18.2166, 285.3235, 140.2343]
66   	18601.91    	0.011   	1.0000  	[21.7, 16.2, 16.2, 21.7]	[right, right, right, back]	[5.0639, 39.4943, 197.2165, 159.3377]
67   	18297.08    	0.011   	1.0000  	[21.7, 16.2, 16.2, 21.7]	[right, right, right, back]	[6.1552, 68.5010, 126.1544, 180.7915]
68   	17761.83    	0.011   	1.0000  	[21.7, 16.2, 16.2, 21.7]	[right, right, up, back]	[8.9556, 132.3748, 161.8177, 175.7248]
69   	16959.31    	0.010   	1.0000  	[21.7, 16.2, 21.7, 21.7]	[right, right, right, back]	[10.9890, 235.3782, 225.7957, 120.3765]
70   	15959.10    	0.009   	1.0000  	[21.7, 16.2, 21.7, 21.7]	[right, right, back, up]	[5.1031, 409.8046, 312.7554, 84.5507]
71   	14737.42    	0.008   	1.0000  	[21.7, 16.2, 21.7, 27.1]	[right, right, right, left]	[4.7514, 736.2601, 388.6528, 91.7218]
72   	13667.65    	0.007   	1.0000  	[21.7, 16.2, 21.7, 27.1]	[right, back, right, hover]	[3.6584, 489.7602, 434.1697, 76.7793]
73   	12832.76    	0.007   	1.0000  	[21.7, 16.2, 21.7, 27.1]	[right, back, back, back]	[2.4046, 248.9110, 325.3132, 59.2133]
74   	12214.78    	0.006   	1.0000  	[21.7, 16.2, 21.7, 27.1]	[down, back, back, down]	[1.6241, 136.2679, 225.1723, 56.9904]
75   	11801.14    	0.006   	1.0000  	[16.2, 16.2, 21.7, 21.7]	[back, back, right, right]	[2.0276, 74.8896, 149.8069, 57.1405]
76   	11598.33    	0.006   	1.0000  	[16.2, 16.2, 21.7, 21.7]	[down, back, down, back]	[1.6481, 56.4447, 109.0486, 39.4238]
77   	11458.55    	0.006   	1.0000  	[10.8, 16.2, 16.2, 21.7]	[back, back, right, back]	[1.7832, 77.4600, 59.4441, 21.4960]
78   	11325.49    	0.006   	1.0000  	[10.8, 16.2, 16.2, 21.7]	[left, back, right, back]	[0.9822, 103.8501, 54.1830, 9.5460]
79   	11125.63    	0.006   	1.0000  	[10.8, 16.2, 16.2, 21.7]	[left, back, up, front]	[0.4607, 128.0349, 60.2041, 3.8506]
80   	10752.82    	0.006   	1.0000  	[10.8, 16.2, 21.7, 21.7]	[left, back, right, back]	[0.9989, 116.0364, 63.0694, 2.1462]
81   	10295.89    	0.005   	1.0000  	[10.8, 16.2, 21.7, 21.7]	[back, back, right, down]	[0.6347, 124.7660, 72.5212, 1.9185]
82   	9603.84     	0.005   	1.0000  	[10.8, 16.2, 21.7, 16.2]	[left, back, up, right]	[0.2346, 124.3234, 97.4387, 1.2216]
83   	9225.02     	0.005   	1.0000  	[10.8, 16.2, 27.1, 16.2]	[left, right, right, down]	[0.3464, 55.0549, 160.7901, 1.9458]
84   	8937.02     	0.004   	1.0000  	[10.8, 16.2, 27.1, 10.8]	[front, left, front, right]	[1.1258, 32.3215, 175.1303, 1.7330]
85   	8746.63     	0.004   	1.0000  	[10.8, 16.2, 27.1, 10.8]	[left, hover, hover, front]	[1.7346, 14.3886, 135.9583, 1.4663]
86   	8594.29     	0.004   	1.0000  	[10.8, 16.2, 27.1, 10.8]	[front, left, hover, left]	[1.0641, 8.0166, 102.8178, 1.0957]
87   	8476.31     	0.004   	1.0000  	[10.8, 16.2, 27.1, 10.8]	[hover, up, hover, right]	[0.5849, 4.1913, 72.4540, 1.3001]
88   	8387.61     	0.004   	1.0000  	[10.8, 21.7, 27.1, 10.8]	[hover, left, hover, front]	[0.3688, 3.7708, 51.2792, 1.0804]
89   	8304.97     	0.004   	1.0000  	[10.8, 21.7, 27.1, 10.8]	[right, left, back, right]	[0.1900, 4.4954, 41.7661, 1.3794]
90   	8197.16     	0.004   	1.0000  	[10.8, 21.7, 27.1, 10.8]	[left, left, back, back]	[0.0721, 5.0113, 48.2837, 0.9371]
91   	8107.66     	0.004   	1.0000  	[10.8, 21.7, 27.1, 10.8]	[left, left, back, left]	[0.0753, 6.2903, 48.5623, 0.5469]
92   	8005.05     	0.004   	1.0000  	[10.8, 21.7, 27.1, 10.8]	[front, left, back, right]	[0.2762, 7.3067, 45.3695, 0.3242]
93   	7893.67     	0.004   	1.0000  	[10.8, 21.7, 27.1, 10.8]	[left, left, back, hover]	[0.5318, 4.7944, 51.9616, 0.3472]
94   	7749.31     	0.004   	1.0000  	[10.8, 21.7, 27.1, 10.8]	[right, left, back, front]	[0.2743, 4.6474, 59.6658, 0.3448]
95   	7645.43     	0.003   	1.0000  	[10.8, 21.7, 27.1, 10.8]	[front, left, right, front]	[0.0801, 5.2352, 48.4872, 0.3104]
96   	7571.65     	0.003   	1.0000  	[10.8, 21.7, 27.1, 10.8]	[front, left, down, front]	[0.2416, 7.1501, 41.1918, 0.4789]
97   	7491.68     	0.003   	1.0000  	[10.8, 21.7, 21.7, 10.8]	[up, front, back, front]	[0.2315, 4.6214, 41.6046, 0.9083]
98   	7431.58     	0.003   	1.0000  	[16.2, 21.7, 21.7, 10.8]	[front, left, back, front]	[0.8395, 3.2576, 29.5940, 0.7619]
99   	7388.51     	0.003   	1.0000  	[16.2, 21.7, 21.7, 10.8]	[front, right, back, front]	[7.0950, 2.2334, 21.5789, 3.0872]
[2025-12-18T14:56:42]
Strategy: greedy_ig
Pairwise: adaptive
News mode: IGd
Num agents: 4
Iteration: 2
Error margin: None
Gaussian radius 5 
Grid info: range: 0-50-50, cell_size:0.125, map shape: (400, 400), center:True
init UAV positions: [(-5.0, -25.0, 5.4), (-5.0, 5.0, 5.4), (15.0, -15.0, 5.4), (0.0, 25.0, 5.4)]
mcts_params: {}
Step	Entropy	MSE	Coverage	Heights	Actions	IGs
------------------------------------------------------------------------------------------------------------------------
0    	160000.00   	0.250   	0.0000  	[5.4, 5.4, 5.4, 5.4]	[-, -, -, -]	[-, -, -, -]
1    	159162.68   	0.242   	0.0469  	[5.4, 5.4, 5.4, 5.4]	[up, up, up, up]	[1952.2791, 3904.5582, 3904.5582, 1952.2791]
2    	158290.16   	0.234   	0.1875  	[10.8, 10.8, 10.8, 10.8]	[up, up, up, up]	[2166.5781, 3929.4169, 3957.6227, 2148.5374]
3    	157245.84   	0.225   	0.4219  	[16.2, 16.2, 16.2, 16.2]	[front, up, up, back]	[2501.5537, 3734.8942, 2603.1400, 2237.5244]
4    	156029.18   	0.216   	0.5869  	[16.2, 21.7, 21.7, 16.2]	[front, left, front, back]	[2507.7697, 2701.6593, 2401.2932, 2132.7708]
5    	154794.44   	0.208   	0.6634  	[16.2, 21.7, 21.7, 16.2]	[front, left, front, up]	[2327.8214, 2245.7903, 2151.6938, 2085.1378]
6    	153348.13   	0.201   	0.7644  	[16.2, 21.7, 21.7, 21.7]	[up, back, front, back]	[2259.5280, 1644.7114, 2040.2071, 2083.4464]
7    	151558.48   	0.194   	0.8147  	[21.7, 21.7, 21.7, 21.7]	[front, back, front, back]	[1997.9700, 1371.8444, 2062.5915, 1983.5050]
8    	149703.64   	0.187   	0.8381  	[21.7, 21.7, 21.7, 21.7]	[right, back, front, left]	[1541.7286, 1385.9593, 2056.1454, 1729.5309]
9    	147773.62   	0.181   	0.8709  	[21.7, 21.7, 21.7, 21.7]	[right, back, front, left]	[1469.6562, 1501.1963, 2284.4897, 1802.1865]
10   	145616.75   	0.172   	0.9038  	[21.7, 21.7, 21.7, 21.7]	[right, back, front, left]	[1527.2868, 1715.5541, 2460.3927, 2063.8035]
11   	143551.10   	0.165   	0.9366  	[21.7, 21.7, 21.7, 21.7]	[right, back, front, left]	[1655.1731, 1715.5233, 2535.2162, 2264.9707]
12   	141073.82   	0.157   	0.9750  	[21.7, 21.7, 21.7, 21.7]	[right, right, left, back]	[1884.5577, 1542.0948, 2336.9956, 2082.6610]
13   	138419.78   	0.150   	0.9766  	[21.7, 21.7, 21.7, 21.7]	[right, right, front, back]	[1651.1977, 1459.1377, 2112.2967, 1974.9022]
14   	135390.69   	0.144   	0.9900  	[21.7, 21.7, 21.7, 21.7]	[front, right, left, back]	[1477.4474, 1379.2813, 1787.8667, 1811.0751]
15   	132117.73   	0.137   	0.9916  	[21.7, 21.7, 21.7, 21.7]	[front, right, left, back]	[1377.0221, 1365.9966, 1624.6109, 1750.7808]
16   	128628.19   	0.131   	0.9931  	[21.7, 21.7, 21.7, 21.7]	[front, right, left, back]	[1442.5300, 1392.9700, 1585.3565, 1781.9100]
17   	124881.74   	0.124   	0.9947  	[21.7, 21.7, 21.7, 21.7]	[front, right, left, back]	[1615.0022, 1481.2100, 1630.2543, 1883.4575]
18   	120967.83   	0.117   	0.9962  	[21.7, 21.7, 21.7, 21.7]	[front, right, left, back]	[1827.1898, 1631.8410, 1757.0552, 2065.8229]
19   	117146.32   	0.110   	0.9978  	[21.7, 21.7, 21.7, 21.7]	[front, right, left, back]	[2072.1627, 1574.5631, 1971.6285, 2242.7466]
20   	112994.82   	0.103   	0.9994  	[21.7, 21.7, 21.7, 21.7]	[front, front, left, right]	[2307.6116, 1525.5137, 2272.6406, 2006.2093]
21   	108787.73   	0.096   	0.9994  	[21.7, 21.7, 21.7, 21.7]	[front, front, left, right]	[2280.0918, 1456.0775, 2268.5973, 1896.3270]
22   	103947.93   	0.089   	1.0000  	[21.7, 21.7, 21.7, 21.7]	[left, front, back, right]	[1921.7251, 1355.8472, 2099.8472, 1771.2829]
23   	98299.81    	0.083   	1.0000  	[21.7, 21.7, 21.7, 21.7]	[left, front, back, right]	[1591.9403, 1397.5470, 1831.2327, 1721.0179]
24   	91849.58    	0.076   	1.0000  	[21.7, 21.7, 21.7, 21.7]	[left, front, back, right]	[1467.0865, 1497.4552, 1713.5380, 1717.4673]
25   	84362.13    	0.069   	1.0000  	[21.7, 21.7, 21.7, 21.7]	[left, front, back, right]	[1427.9243, 1659.8755, 1691.9990, 1793.6278]
26   	76412.93    	0.061   	1.0000  	[21.7, 21.7, 21.7, 21.7]	[left, front, back, right]	[1465.9105, 1839.0211, 1746.7120, 1926.4316]
27   	68628.10    	0.053   	1.0000  	[21.7, 21.7, 21.7, 21.7]	[left, front, back, right]	[1612.0521, 1978.8017, 1853.3637, 2131.6633]
28   	61804.07    	0.047   	1.0000  	[21.7, 21.7, 21.7, 21.7]	[left, front, back, front]	[1846.4120, 1664.9155, 2035.5936, 1774.9782]
29   	56133.51    	0.041   	1.0000  	[21.7, 21.7, 21.7, 21.7]	[left, down, back, front]	[2201.5143, 1210.4824, 2158.1554, 1589.9626]
30   	51311.06    	0.037   	1.0000  	[21.7, 16.2, 21.7, 21.7]	[left, front, right, front]	[1984.6233, 732.9741, 1977.5312, 1498.9791]
31   	47083.22    	0.034   	1.0000  	[21.7, 16.2, 21.7, 21.7]	[back, left, back, front]	[1552.1104, 431.0771, 1444.3564, 1460.9640]
32   	42331.26    	0.030   	1.0000  	[21.7, 16.2, 21.7, 21.7]	[back, left, right, front]	[1261.3196, 552.6698, 1014.5969, 1390.8146]
33   	37919.74    	0.027   	1.0000  	[21.7, 16.2, 21.7, 21.7]	[back, left, down, front]	[967.7997, 612.5622, 679.9505, 1368.5318]
34   	33715.76    	0.023   	1.0000  	[21.7, 16.2, 16.2, 21.7]	[back, left, right, front]	[810.6720, 689.6006, 466.5496, 1281.3269]
35   	29985.94    	0.021   	1.0000  	[21.7, 16.2, 16.2, 21.7]	[back, left, right, front]	[751.6698, 739.5225, 285.8101, 1204.8654]
36   	27055.91    	0.018   	1.0000  	[21.7, 16.2, 16.2, 21.7]	[back, left, up, right]	[723.8214, 835.4803, 216.5309, 864.6873]
37   	24935.17    	0.017   	1.0000  	[21.7, 16.2, 21.7, 21.7]	[back, left, right, hover]	[612.6128, 1038.5447, 167.4946, 521.3770]
38   	23270.27    	0.015   	1.0000  	[21.7, 16.2, 21.7, 21.7]	[back, left, right, left]	[656.9840, 1279.0590, 143.6118, 278.7072]
39   	21871.64    	0.014   	1.0000  	[21.7, 16.2, 21.7, 21.7]	[left, left, right, hover]	[525.1893, 1569.6063, 137.4249, 140.2173]
40   	20617.59    	0.013   	1.0000  	[21.7, 16.2, 21.7, 21.7]	[hover, left, right, hover]	[353.3805, 1420.7091, 159.2799, 70.8734]
41   	19619.29    	0.012   	1.0000  	[21.7, 16.2, 21.7, 21.7]	[right, back, front, front]	[216.3767, 951.6646, 134.5997, 34.2134]
42   	19133.38    	0.011   	1.0000  	[21.7, 16.2, 21.7, 21.7]	[hover, front, right, down]	[130.9154, 581.7883, 80.5560, 19.9208]
43   	18783.42    	0.011   	1.0000  	[21.7, 16.2, 21.7, 16.2]	[hover, back, back, right]	[78.9482, 361.8632, 61.4835, 11.7676]
44   	18437.81    	0.011   	1.0000  	[21.7, 16.2, 21.7, 16.2]	[right, back, up, hover]	[47.8010, 246.5120, 38.0809, 5.4598]
45   	18203.89    	0.011   	1.0000  	[21.7, 16.2, 27.1, 16.2]	[left, back, front, hover]	[27.8050, 164.3682, 31.3443, 2.9524]
46   	17986.23    	0.011   	1.0000  	[21.7, 16.2, 27.1, 16.2]	[right, back, front, front]	[17.1599, 137.8450, 23.7706, 1.6540]
47   	17784.27    	0.010   	1.0000  	[21.7, 16.2, 27.1, 16.2]	[left, back, front, front]	[9.9018, 120.9268, 24.6257, 1.3093]
48   	17576.99    	0.010   	1.0000  	[21.7, 16.2, 27.1, 16.2]	[right, back, front, hover]	[6.8344, 124.2071, 30.3402, 0.9622]
49   	17346.74    	0.010   	1.0000  	[21.7, 16.2, 27.1, 16.2]	[front, back, front, hover]	[5.3193, 103.6755, 41.8841, 0.4918]
50   	17019.34    	0.010   	1.0000  	[21.7, 16.2, 27.1, 16.2]	[front, back, front, left]	[6.2616, 116.5217, 53.2275, 0.3998]
51   	16612.31    	0.010   	1.0000  	[21.7, 16.2, 27.1, 16.2]	[front, back, front, left]	[11.2221, 201.4993, 68.9329, 0.5657]
52   	16046.42    	0.009   	1.0000  	[21.7, 16.2, 27.1, 16.2]	[front, back, front, back]	[23.0890, 338.0097, 106.6101, 0.6357]
53   	15637.31    	0.009   	1.0000  	[21.7, 16.2, 27.1, 16.2]	[front, back, right, left]	[41.5052, 402.2733, 70.3172, 1.2241]
54   	15313.91    	0.009   	1.0000  	[21.7, 16.2, 27.1, 16.2]	[front, hover, right, left]	[72.7763, 258.0480, 60.4413, 1.3729]
55   	15007.76    	0.008   	1.0000  	[21.7, 16.2, 27.1, 16.2]	[front, hover, right, left]	[125.1660, 159.9578, 49.9871, 1.3689]
56   	14732.33    	0.008   	1.0000  	[21.7, 16.2, 27.1, 16.2]	[front, hover, hover, left]	[180.6561, 87.7447, 36.5565, 9.2183]
57   	14473.16    	0.008   	1.0000  	[21.7, 16.2, 27.1, 16.2]	[left, hover, left, left]	[181.0413, 50.2983, 24.0032, 61.4838]
58   	14221.84    	0.008   	1.0000  	[21.7, 16.2, 27.1, 16.2]	[left, right, left, left]	[119.1476, 30.4543, 17.7998, 126.6906]
59   	13973.87    	0.007   	1.0000  	[21.7, 16.2, 27.1, 16.2]	[left, up, left, left]	[70.8301, 20.6520, 14.0893, 202.2090]
60   	13539.07    	0.007   	1.0000  	[21.7, 21.7, 27.1, 16.2]	[left, front, left, left]	[38.9159, 13.3391, 11.9872, 288.0690]
61   	13350.55    	0.007   	1.0000  	[21.7, 21.7, 27.1, 16.2]	[down, hover, left, front]	[16.3630, 8.0074, 11.2444, 236.3294]
62   	13229.35    	0.007   	1.0000  	[16.2, 21.7, 27.1, 16.2]	[front, right, left, front]	[20.1676, 5.4737, 14.9547, 134.7780]
63   	13095.21    	0.007   	1.0000  	[16.2, 21.7, 27.1, 16.2]	[right, right, left, hover]	[10.4544, 4.3286, 24.7278, 95.4029]
64   	12942.33    	0.007   	1.0000  	[16.2, 21.7, 27.1, 16.2]	[right, right, left, left]	[5.0000, 7.2014, 37.5583, 67.9719]
65   	12714.51    	0.007   	1.0000  	[16.2, 21.7, 27.1, 16.2]	[right, right, left, down]	[3.5995, 13.7447, 52.4159, 107.5293]
66   	12394.78    	0.006   	1.0000  	[16.2, 21.7, 27.1, 10.8]	[right, right, left, back]	[2.8585, 27.0802, 74.8596, 84.9567]
67   	11950.16    	0.006   	1.0000  	[16.2, 21.7, 27.1, 10.8]	[right, right, left, back]	[4.4610, 54.2607, 95.3559, 78.4722]
68   	11527.46    	0.006   	1.0000  	[16.2, 21.7, 27.1, 10.8]	[right, right, left, back]	[5.1851, 104.5655, 66.5822, 61.0794]
69   	11114.62    	0.006   	1.0000  	[16.2, 21.7, 27.1, 10.8]	[right, right, down, back]	[8.3035, 196.1282, 60.5020, 38.1932]
70   	10716.20    	0.005   	1.0000  	[16.2, 21.7, 21.7, 10.8]	[right, right, front, back]	[15.1680, 235.8295, 77.5858, 23.1438]
71   	10428.08    	0.005   	1.0000  	[16.2, 21.7, 21.7, 10.8]	[right, front, left, back]	[25.0390, 134.2681, 57.0976, 12.4535]
72   	10216.81    	0.005   	1.0000  	[16.2, 21.7, 21.7, 10.8]	[right, back, front, back]	[64.6014, 88.1463, 40.2276, 11.2092]
73   	9950.34     	0.005   	1.0000  	[16.2, 21.7, 21.7, 10.8]	[right, hover, down, back]	[136.2637, 49.1141, 55.4376, 17.1371]
74   	9562.11     	0.005   	1.0000  	[16.2, 21.7, 16.2, 10.8]	[right, front, hover, back]	[251.6167, 31.7743, 30.5214, 38.5757]
75   	9134.43     	0.004   	1.0000  	[16.2, 21.7, 16.2, 10.8]	[right, front, hover, back]	[293.2811, 34.6277, 17.1650, 72.0480]
76   	8882.46     	0.004   	1.0000  	[16.2, 21.7, 16.2, 10.8]	[hover, front, hover, back]	[110.4596, 29.9686, 9.9905, 120.9400]
77   	8646.17     	0.004   	1.0000  	[16.2, 21.7, 16.2, 10.8]	[front, front, hover, back]	[34.0127, 27.8270, 5.3513, 227.0680]
78   	8358.07     	0.004   	1.0000  	[16.2, 21.7, 16.2, 10.8]	[front, front, hover, back]	[12.5956, 33.0006, 3.7379, 388.2769]
79   	8018.01     	0.004   	1.0000  	[16.2, 21.7, 16.2, 10.8]	[right, front, back, back]	[5.5316, 40.3453, 2.0701, 617.6535]
80   	7801.50     	0.004   	1.0000  	[16.2, 21.7, 16.2, 10.8]	[hover, front, back, hover]	[2.4949, 42.4465, 2.6118, 320.9584]
81   	7598.25     	0.003   	1.0000  	[16.2, 21.7, 16.2, 10.8]	[hover, front, back, hover]	[1.2306, 52.5313, 2.9494, 176.4171]
82   	7423.43     	0.003   	1.0000  	[16.2, 21.7, 16.2, 10.8]	[back, front, back, right]	[0.5695, 44.9725, 4.2295, 108.8873]
83   	7290.04     	0.003   	1.0000  	[16.2, 21.7, 16.2, 10.8]	[back, hover, back, up]	[0.9337, 20.7603, 15.2237, 76.7031]
84   	7180.11     	0.003   	1.0000  	[16.2, 21.7, 16.2, 16.2]	[back, front, back, back]	[7.5840, 10.3645, 30.8684, 46.6820]
85   	7073.15     	0.003   	1.0000  	[16.2, 21.7, 16.2, 16.2]	[back, left, back, back]	[10.6422, 7.6299, 52.0929, 32.6943]
86   	6892.07     	0.003   	1.0000  	[16.2, 21.7, 16.2, 16.2]	[back, left, back, hover]	[16.1634, 15.2786, 93.3416, 24.2048]
87   	6622.32     	0.003   	1.0000  	[16.2, 21.7, 16.2, 16.2]	[back, left, back, hover]	[39.1562, 26.6720, 130.4167, 17.0059]
88   	6265.23     	0.003   	1.0000  	[16.2, 21.7, 16.2, 16.2]	[back, left, back, right]	[83.9955, 17.1097, 158.2220, 11.0329]
89   	6000.05     	0.002   	1.0000  	[16.2, 21.7, 16.2, 16.2]	[back, left, back, right]	[131.5338, 14.9088, 140.2514, 9.9391]
90   	5756.40     	0.002   	1.0000  	[16.2, 21.7, 16.2, 16.2]	[back, left, left, right]	[192.8447, 20.7949, 113.0563, 11.4961]
91   	5458.85     	0.002   	1.0000  	[16.2, 21.7, 16.2, 16.2]	[back, left, left, right]	[253.9770, 29.2636, 81.7038, 18.5032]
92   	5073.77     	0.002   	1.0000  	[16.2, 21.7, 16.2, 16.2]	[back, left, right, right]	[315.6663, 43.0523, 51.1989, 32.2798]
93   	4605.24     	0.002   	1.0000  	[16.2, 21.7, 16.2, 16.2]	[back, left, right, right]	[396.0501, 45.2317, 33.7906, 47.7148]
94   	4300.72     	0.001   	1.0000  	[16.2, 21.7, 16.2, 16.2]	[left, down, hover, right]	[169.0291, 33.6547, 22.3253, 75.0202]
95   	4023.38     	0.001   	1.0000  	[16.2, 16.2, 16.2, 16.2]	[hover, left, hover, right]	[63.1801, 38.1290, 11.9274, 112.0988]
96   	3670.53     	0.001   	1.0000  	[16.2, 16.2, 16.2, 16.2]	[hover, hover, hover, right]	[23.8335, 24.3060, 6.6312, 159.7362]
97   	3243.84     	0.001   	1.0000  	[16.2, 16.2, 16.2, 16.2]	[hover, hover, right, right]	[9.2521, 14.2881, 4.8376, 190.2668]
98   	2850.79     	0.001   	1.0000  	[16.2, 16.2, 16.2, 16.2]	[front, hover, right, front]	[5.9035, 8.6892, 5.9252, 174.3145]
99   	2575.09     	0.000   	1.0000  	[16.2, 16.2, 16.2, 16.2]	[up, hover, right, front]	[4.3347, 5.9089, 5.5137, 88.5896]
[2025-12-18T14:56:53]
Strategy: greedy_ig
Pairwise: adaptive
News mode: IGd
Num agents: 4
Iteration: 3
Error margin: None
Gaussian radius 5 
Grid info: range: 0-50-50, cell_size:0.125, map shape: (400, 400), center:True
init UAV positions: [(0.0, -10.0, 5.4), (-5.0, 15.0, 5.4), (15.0, -5.0, 5.4), (20.0, 20.0, 5.4)]
mcts_params: {}
Step	Entropy	MSE	Coverage	Heights	Actions	IGs
------------------------------------------------------------------------------------------------------------------------
0    	160000.00   	0.250   	0.0000  	[5.4, 5.4, 5.4, 5.4]	[-, -, -, -]	[-, -, -, -]
1    	158971.23   	0.241   	0.0625  	[5.4, 5.4, 5.4, 5.4]	[up, up, up, up]	[3904.5582, 3904.5582, 3904.5582, 3162.6921]
2    	157917.03   	0.231   	0.2381  	[10.8, 10.8, 10.8, 10.8]	[up, up, up, up]	[3856.0921, 4182.1306, 3971.5916, 2055.7376]
3    	156823.41   	0.221   	0.4839  	[16.2, 16.2, 16.2, 16.2]	[up, up, front, left]	[3340.8457, 3579.9889, 3047.7284, 1855.3691]
4    	155745.83   	0.213   	0.6895  	[21.7, 21.7, 16.2, 16.2]	[left, back, front, back]	[2796.1574, 3052.0564, 2850.9623, 1629.6474]
5    	154597.68   	0.207   	0.7450  	[21.7, 21.7, 16.2, 16.2]	[left, left, left, left]	[2392.5339, 2486.2879, 2400.7454, 1511.8664]
6    	153207.32   	0.200   	0.8036  	[21.7, 21.7, 16.2, 16.2]	[left, left, up, left]	[2216.3294, 2260.4172, 2545.1744, 1395.8446]
7    	151814.58   	0.194   	0.8622  	[21.7, 21.7, 21.7, 16.2]	[left, back, back, left]	[2146.5576, 1883.2187, 2314.3734, 1502.1908]
8    	150262.75   	0.187   	0.8911  	[21.7, 21.7, 21.7, 16.2]	[back, back, back, left]	[1809.0384, 1765.1657, 2467.8040, 1622.5704]
9    	148600.81   	0.180   	0.9309  	[21.7, 21.7, 21.7, 16.2]	[hover, back, back, up]	[1151.3418, 1561.5498, 2456.2825, 1618.6280]
10   	146694.32   	0.174   	0.9458  	[21.7, 21.7, 21.7, 21.7]	[hover, back, back, back]	[694.9668, 1362.1383, 2441.9823, 1836.3379]
11   	144640.71   	0.168   	0.9669  	[21.7, 21.7, 21.7, 21.7]	[back, back, left, left]	[384.0854, 1328.0964, 1997.4028, 1805.5646]
12   	142334.92   	0.162   	0.9669  	[21.7, 21.7, 21.7, 21.7]	[down, back, left, left]	[244.0259, 1322.9689, 1719.6857, 1851.2617]
13   	139904.84   	0.156   	0.9669  	[16.2, 21.7, 21.7, 21.7]	[left, back, left, left]	[213.3084, 1092.9720, 1417.5996, 1952.8160]
14   	137720.21   	0.152   	0.9669  	[16.2, 21.7, 21.7, 21.7]	[left, right, back, left]	[99.1185, 936.8927, 998.8590, 2046.5454]
15   	135353.61   	0.147   	0.9752  	[16.2, 21.7, 21.7, 21.7]	[front, right, left, left]	[62.0251, 882.5124, 652.6581, 2183.3023]
16   	132817.30   	0.142   	0.9759  	[16.2, 21.7, 21.7, 21.7]	[front, up, left, back]	[82.0917, 557.1154, 576.3237, 1950.1532]
17   	129620.93   	0.136   	0.9759  	[16.2, 27.1, 21.7, 21.7]	[front, right, left, back]	[224.8466, 550.3370, 701.7782, 1555.8056]
18   	125673.70   	0.130   	0.9759  	[16.2, 27.1, 21.7, 21.7]	[front, right, left, back]	[550.7872, 884.4428, 983.2607, 1146.3040]
19   	121828.97   	0.124   	0.9784  	[16.2, 27.1, 21.7, 21.7]	[front, right, left, right]	[654.8600, 1287.7341, 1117.2780, 836.3096]
20   	117210.92   	0.118   	0.9816  	[16.2, 27.1, 21.7, 21.7]	[front, right, front, back]	[891.2504, 1622.5232, 1117.2954, 773.1730]
21   	112157.78   	0.111   	0.9847  	[16.2, 27.1, 21.7, 21.7]	[front, right, front, back]	[989.0784, 1628.3527, 964.4008, 730.4956]
22   	107273.71   	0.106   	0.9945  	[16.2, 27.1, 21.7, 21.7]	[front, down, front, right]	[1160.8367, 1745.8206, 722.9256, 703.4724]
23   	102286.77   	0.100   	0.9961  	[16.2, 21.7, 21.7, 21.7]	[front, right, front, back]	[1289.8781, 1510.9302, 819.1004, 877.6964]
24   	97331.10    	0.094   	0.9977  	[16.2, 21.7, 21.7, 21.7]	[front, back, front, back]	[1455.2901, 1101.6314, 1154.6358, 1255.6482]
25   	92357.07    	0.089   	0.9992  	[16.2, 21.7, 21.7, 21.7]	[right, right, front, back]	[1560.3343, 680.1604, 1226.3078, 1629.9746]
26   	87525.46    	0.084   	0.9992  	[16.2, 21.7, 21.7, 21.7]	[right, down, front, right]	[1441.9566, 440.8778, 1199.7727, 1725.2996]
27   	83048.32    	0.080   	0.9992  	[16.2, 16.2, 21.7, 21.7]	[right, back, front, right]	[1397.7709, 285.1038, 1081.3272, 1678.5234]
28   	78734.05    	0.075   	0.9992  	[16.2, 16.2, 21.7, 21.7]	[right, hover, front, right]	[1528.6201, 88.1964, 1135.4120, 1612.2001]
29   	74227.37    	0.070   	0.9995  	[16.2, 16.2, 21.7, 21.7]	[right, front, right, right]	[1705.0149, 33.9539, 1078.0550, 1391.1229]
30   	70187.63    	0.065   	0.9995  	[16.2, 16.2, 21.7, 21.7]	[right, front, right, right]	[1587.7575, 62.6572, 983.3063, 1176.1976]
31   	66819.93    	0.060   	0.9995  	[16.2, 16.2, 21.7, 21.7]	[right, front, right, back]	[1449.9714, 161.6238, 913.1400, 1053.2742]
32   	63771.60    	0.056   	0.9995  	[16.2, 16.2, 21.7, 21.7]	[right, front, right, right]	[1360.3522, 494.8432, 855.5605, 997.9595]
33   	61084.46    	0.052   	0.9995  	[16.2, 16.2, 21.7, 21.7]	[right, front, right, hover]	[1289.8812, 990.8583, 765.5140, 728.9088]
34   	58396.44    	0.048   	1.0000  	[16.2, 16.2, 21.7, 21.7]	[right, front, right, front]	[1188.6325, 1252.8808, 683.8384, 544.4633]
35   	55411.02    	0.043   	1.0000  	[16.2, 16.2, 21.7, 21.7]	[right, front, right, front]	[1035.8468, 1076.2617, 579.3623, 591.6456]
36   	52745.04    	0.040   	1.0000  	[16.2, 16.2, 21.7, 21.7]	[back, down, right, front]	[493.6830, 542.1692, 431.5462, 551.1662]
37   	49903.62    	0.037   	1.0000  	[16.2, 10.8, 21.7, 21.7]	[back, front, front, hover]	[380.7462, 448.1748, 354.9333, 453.5084]
38   	46849.68    	0.034   	1.0000  	[16.2, 10.8, 21.7, 21.7]	[back, front, front, hover]	[462.7980, 741.4636, 279.6815, 358.9808]
39   	43997.83    	0.032   	1.0000  	[16.2, 10.8, 21.7, 21.7]	[back, front, right, hover]	[805.7321, 856.0949, 196.4575, 240.2162]
40   	41242.35    	0.030   	1.0000  	[16.2, 10.8, 21.7, 21.7]	[back, front, back, hover]	[950.7476, 840.0284, 133.6651, 133.0530]
41   	38576.33    	0.028   	1.0000  	[16.2, 10.8, 21.7, 21.7]	[back, left, back, front]	[908.7265, 812.8573, 89.9958, 86.9208]
42   	36182.98    	0.026   	1.0000  	[16.2, 10.8, 21.7, 21.7]	[back, left, back, down]	[1130.3845, 670.6113, 53.9920, 93.9409]
43   	33395.84    	0.024   	1.0000  	[16.2, 10.8, 21.7, 16.2]	[back, up, back, right]	[1519.8813, 393.8872, 38.5080, 106.6110]
44   	30761.45    	0.022   	1.0000  	[16.2, 16.2, 21.7, 16.2]	[back, left, back, front]	[1643.2635, 238.1456, 36.5544, 96.5397]
45   	28735.24    	0.020   	1.0000  	[16.2, 16.2, 21.7, 16.2]	[back, back, back, down]	[1718.6433, 179.0884, 29.0486, 105.7692]
46   	27622.36    	0.019   	1.0000  	[16.2, 16.2, 21.7, 10.8]	[back, up, back, right]	[849.7634, 115.2477, 72.5697, 99.4556]
47   	26723.59    	0.019   	1.0000  	[16.2, 21.7, 21.7, 10.8]	[left, right, back, front]	[447.4311, 102.6256, 114.8130, 140.0411]
48   	25664.01    	0.018   	1.0000  	[16.2, 21.7, 21.7, 10.8]	[left, right, back, front]	[286.2363, 259.2955, 193.0168, 103.9017]
49   	24757.60    	0.017   	1.0000  	[16.2, 21.7, 21.7, 10.8]	[left, front, back, right]	[145.9382, 182.9401, 288.5433, 67.2384]
50   	23951.35    	0.017   	1.0000  	[16.2, 21.7, 21.7, 10.8]	[down, back, back, front]	[77.5431, 124.2240, 346.9053, 38.2664]
51   	23472.94    	0.016   	1.0000  	[10.8, 21.7, 21.7, 10.8]	[left, back, right, front]	[35.8470, 77.9344, 251.2870, 11.9461]
52   	23166.50    	0.016   	1.0000  	[10.8, 21.7, 21.7, 10.8]	[left, hover, hover, front]	[46.0939, 38.6501, 167.0444, 5.2843]
53   	22991.09    	0.016   	1.0000  	[10.8, 21.7, 21.7, 10.8]	[left, front, left, front]	[33.6282, 21.7200, 102.9300, 4.0706]
54   	22908.01    	0.016   	1.0000  	[10.8, 21.7, 21.7, 10.8]	[left, hover, hover, hover]	[19.8674, 11.0607, 56.2122, 2.2226]
55   	22850.94    	0.016   	1.0000  	[10.8, 21.7, 21.7, 10.8]	[left, back, left, hover]	[20.6060, 7.2708, 34.7066, 1.2981]
56   	22811.05    	0.016   	1.0000  	[10.8, 21.7, 21.7, 10.8]	[left, back, back, left]	[17.8072, 9.0481, 19.6056, 0.5084]
57   	22785.25    	0.016   	1.0000  	[10.8, 21.7, 21.7, 10.8]	[left, back, right, up]	[18.1105, 6.1766, 13.3294, 0.4070]
58   	22771.27    	0.016   	1.0000  	[10.8, 21.7, 21.7, 16.2]	[left, back, down, back]	[27.7422, 4.7474, 9.9866, 0.7215]
59   	22754.05    	0.016   	1.0000  	[10.8, 21.7, 16.2, 16.2]	[hover, back, right, back]	[14.3516, 4.2486, 9.3358, 3.6546]
60   	22729.91    	0.016   	1.0000  	[10.8, 21.7, 16.2, 16.2]	[hover, back, back, back]	[8.6176, 5.9828, 5.8072, 8.3186]
61   	22709.60    	0.016   	1.0000  	[10.8, 21.7, 16.2, 16.2]	[hover, back, back, back]	[5.3034, 6.3325, 3.8690, 8.3980]
62   	22692.36    	0.016   	1.0000  	[10.8, 21.7, 16.2, 16.2]	[hover, left, hover, left]	[3.4230, 6.3456, 2.7456, 8.0868]
63   	22675.51    	0.016   	1.0000  	[10.8, 21.7, 16.2, 16.2]	[hover, left, left, back]	[2.3163, 8.1505, 2.5049, 4.9967]
64   	22658.81    	0.016   	1.0000  	[10.8, 21.7, 16.2, 16.2]	[up, back, hover, back]	[1.6078, 8.1582, 1.6007, 7.3200]
65   	22570.56    	0.016   	1.0000  	[16.2, 21.7, 16.2, 16.2]	[front, back, down, back]	[2.6951, 44.8939, 1.4824, 9.0295]
66   	22480.04    	0.016   	1.0000  	[16.2, 21.7, 10.8, 16.2]	[right, left, front, back]	[3.0422, 50.0232, 1.6963, 11.4911]
67   	22377.74    	0.016   	1.0000  	[16.2, 21.7, 10.8, 16.2]	[right, left, left, back]	[2.6911, 53.3797, 1.3843, 17.0434]
68   	22208.46    	0.016   	1.0000  	[16.2, 21.7, 10.8, 16.2]	[right, left, left, back]	[2.4742, 59.0428, 1.5827, 48.0208]
69   	21993.38    	0.015   	1.0000  	[16.2, 21.7, 10.8, 16.2]	[up, left, left, back]	[1.8393, 50.8613, 4.4186, 74.5657]
70   	21606.42    	0.015   	1.0000  	[21.7, 21.7, 10.8, 16.2]	[up, left, left, back]	[3.5834, 44.4992, 7.8509, 154.5878]
71   	21153.79    	0.015   	1.0000  	[27.1, 21.7, 10.8, 16.2]	[front, left, left, left]	[14.3130, 111.1011, 10.7800, 69.3046]
72   	20546.71    	0.014   	1.0000  	[27.1, 21.7, 10.8, 16.2]	[front, left, left, left]	[89.3181, 208.7429, 16.5205, 38.8526]
73   	19945.99    	0.013   	1.0000  	[27.1, 21.7, 10.8, 16.2]	[front, left, left, left]	[110.3868, 204.8543, 43.0144, 62.4497]
74   	19281.82    	0.013   	1.0000  	[27.1, 21.7, 10.8, 16.2]	[down, down, left, left]	[153.4374, 190.7718, 88.0053, 110.0488]
75   	18573.45    	0.012   	1.0000  	[21.7, 16.2, 10.8, 16.2]	[right, back, left, left]	[171.1561, 148.2595, 122.5642, 133.6597]
76   	17906.05    	0.012   	1.0000  	[21.7, 16.2, 10.8, 16.2]	[front, left, left, left]	[133.8619, 79.6235, 191.3688, 188.6511]
77   	17240.29    	0.011   	1.0000  	[21.7, 16.2, 10.8, 16.2]	[front, left, left, left]	[98.3866, 37.3228, 223.3767, 307.8959]
78   	16617.49    	0.011   	1.0000  	[21.7, 16.2, 10.8, 16.2]	[right, front, left, left]	[66.6578, 24.3762, 186.6122, 427.7773]
79   	15806.38    	0.010   	1.0000  	[21.7, 16.2, 10.8, 16.2]	[right, front, front, left]	[64.8224, 36.8960, 126.5586, 722.5797]
80   	14516.11    	0.009   	1.0000  	[21.7, 16.2, 10.8, 16.2]	[right, front, back, left]	[74.5131, 64.2043, 66.6628, 981.0484]
81   	13266.26    	0.008   	1.0000  	[21.7, 16.2, 10.8, 16.2]	[right, front, front, left]	[78.3101, 98.6008, 37.7322, 766.1854]
82   	11960.69    	0.007   	1.0000  	[21.7, 16.2, 10.8, 16.2]	[right, front, front, front]	[86.7791, 132.2953, 32.4298, 613.3345]
83   	11384.96    	0.007   	1.0000  	[21.7, 16.2, 10.8, 16.2]	[right, front, front, back]	[111.5568, 160.9657, 15.2897, 391.9510]
84   	10677.57    	0.006   	1.0000  	[21.7, 16.2, 10.8, 16.2]	[front, front, front, front]	[109.2148, 201.7450, 12.9128, 303.1079]
85   	9995.67     	0.006   	1.0000  	[21.7, 16.2, 10.8, 16.2]	[front, front, right, front]	[102.8087, 252.4550, 11.2547, 163.5862]
86   	9294.67     	0.005   	1.0000  	[21.7, 16.2, 10.8, 16.2]	[front, front, front, front]	[99.2152, 349.3770, 12.0715, 135.8314]
87   	8600.28     	0.005   	1.0000  	[21.7, 16.2, 10.8, 16.2]	[front, front, front, front]	[134.7561, 474.1396, 9.9983, 114.1755]
88   	7969.19     	0.004   	1.0000  	[21.7, 16.2, 10.8, 16.2]	[front, front, front, front]	[222.4432, 344.9580, 19.5809, 102.0845]
89   	7431.97     	0.004   	1.0000  	[21.7, 16.2, 10.8, 16.2]	[hover, right, front, front]	[145.4408, 268.7452, 33.1757, 92.9599]
90   	6937.02     	0.003   	1.0000  	[21.7, 16.2, 10.8, 16.2]	[left, right, front, front]	[91.2079, 198.9743, 53.2930, 85.2011]
91   	6502.63     	0.003   	1.0000  	[21.7, 16.2, 10.8, 16.2]	[left, front, front, front]	[74.2634, 120.8547, 80.4541, 86.9097]
92   	5927.99     	0.003   	1.0000  	[21.7, 16.2, 10.8, 16.2]	[left, down, front, front]	[70.0981, 92.9032, 137.9125, 127.5322]
93   	5336.69     	0.002   	1.0000  	[21.7, 10.8, 10.8, 16.2]	[left, front, front, front]	[61.1020, 53.2080, 195.7901, 171.1066]
94   	4783.52     	0.002   	1.0000  	[21.7, 10.8, 10.8, 16.2]	[left, right, front, front]	[61.2845, 36.2248, 207.6147, 158.7639]
95   	4334.75     	0.001   	1.0000  	[21.7, 10.8, 10.8, 16.2]	[left, right, left, left]	[64.0827, 52.6530, 148.9459, 115.0895]
96   	3999.11     	0.001   	1.0000  	[21.7, 10.8, 10.8, 16.2]	[left, right, front, hover]	[74.2228, 70.9529, 87.8719, 75.5951]
97   	3681.46     	0.001   	1.0000  	[21.7, 10.8, 10.8, 16.2]	[left, right, right, right]	[82.4417, 51.4904, 57.5341, 30.8186]
98   	3429.31     	0.001   	1.0000  	[21.7, 10.8, 10.8, 16.2]	[hover, back, right, left]	[47.7974, 27.2133, 59.7468, 18.7499]
99   	3262.98     	0.001   	1.0000  	[21.7, 10.8, 10.8, 16.2]	[hover, hover, right, left]	[36.8744, 16.7169, 44.7174, 12.5470]
[2025-12-18T14:57:03]
Strategy: greedy_ig
Pairwise: adaptive
News mode: IGd
Num agents: 4
Iteration: 4
Error margin: None
Gaussian radius 5 
Grid info: range: 0-50-50, cell_size:0.125, map shape: (400, 400), center:True
init UAV positions: [(-10.0, 0.0, 5.4), (-20.0, 0.0, 5.4), (15.0, -20.0, 5.4), (5.0, 15.0, 5.4)]
mcts_params: {}
Step	Entropy	MSE	Coverage	Heights	Actions	IGs
------------------------------------------------------------------------------------------------------------------------
0    	160000.00   	0.250   	0.0000  	[5.4, 5.4, 5.4, 5.4]	[-, -, -, -]	[-, -, -, -]
1    	158778.93   	0.239   	0.0625  	[5.4, 5.4, 5.4, 5.4]	[up, up, up, up]	[3904.5582, 3100.6786, 3514.1024, 3904.5582]
2    	157299.29   	0.228   	0.2250  	[10.8, 10.8, 10.8, 10.8]	[up, up, up, up]	[3349.3688, 1844.9490, 2762.6404, 3800.7861]
3    	155615.67   	0.218   	0.4256  	[16.2, 16.2, 16.2, 16.2]	[up, right, front, up]	[2529.1613, 1444.9268, 2371.6420, 2959.9068]
4    	153899.72   	0.209   	0.5850  	[21.7, 16.2, 16.2, 21.7]	[up, right, front, back]	[1894.5892, 1286.6383, 2004.0893, 2437.4161]
5    	152270.98   	0.201   	0.7084  	[27.1, 16.2, 16.2, 21.7]	[back, right, up, right]	[1573.9904, 1142.3025, 1971.4102, 2049.3686]
6    	150718.80   	0.193   	0.8152  	[27.1, 16.2, 21.7, 21.7]	[back, front, front, right]	[1436.1296, 1203.7139, 1870.1040, 1931.9125]
7    	149243.42   	0.186   	0.8869  	[27.1, 16.2, 21.7, 21.7]	[back, front, left, back]	[1712.1210, 1523.5182, 1808.5177, 1658.2331]
8    	147703.08   	0.180   	0.9213  	[27.1, 16.2, 21.7, 21.7]	[down, front, left, back]	[1486.5007, 1834.8311, 1637.6145, 1579.9159]
9    	146025.15   	0.175   	0.9369  	[21.7, 16.2, 21.7, 21.7]	[back, front, left, back]	[1535.8271, 2116.6544, 1442.2381, 1617.9846]
10   	144015.91   	0.168   	0.9525  	[21.7, 16.2, 21.7, 21.7]	[left, up, left, back]	[1175.9258, 2510.2524, 1377.5780, 1717.3650]
11   	141817.52   	0.163   	0.9798  	[21.7, 21.7, 21.7, 21.7]	[hover, right, left, back]	[708.9469, 2166.3936, 1187.5719, 1897.2434]
12   	139242.37   	0.156   	0.9798  	[21.7, 21.7, 21.7, 21.7]	[back, right, left, back]	[394.3671, 2135.9492, 1102.6527, 2124.7522]
13   	136463.43   	0.149   	0.9798  	[21.7, 21.7, 21.7, 21.7]	[down, right, left, back]	[246.4487, 2136.3905, 1176.3075, 2326.9510]
14   	133577.70   	0.143   	0.9798  	[16.2, 21.7, 21.7, 21.7]	[left, right, front, back]	[227.0084, 2174.6964, 1280.5478, 2246.1320]
15   	130445.81   	0.137   	0.9798  	[16.2, 21.7, 21.7, 21.7]	[back, right, front, left]	[125.5411, 2112.4975, 1459.6127, 1891.3622]
16   	127167.61   	0.132   	0.9798  	[16.2, 21.7, 21.7, 21.7]	[front, right, front, left]	[80.0830, 2057.3907, 1426.5306, 1691.4964]
17   	123806.39   	0.126   	0.9806  	[16.2, 21.7, 21.7, 21.7]	[up, right, front, left]	[41.2739, 2053.2783, 1459.3713, 1424.8344]
18   	120396.09   	0.121   	0.9814  	[21.7, 21.7, 21.7, 21.7]	[right, back, front, left]	[43.5798, 1741.8602, 1542.2867, 1147.2680]
19   	116817.20   	0.115   	0.9814  	[21.7, 21.7, 21.7, 21.7]	[right, back, front, left]	[94.6074, 1583.9692, 1706.4829, 783.9533]
20   	113159.19   	0.111   	0.9814  	[21.7, 21.7, 21.7, 21.7]	[right, back, front, front]	[123.0205, 1667.6366, 1987.8263, 582.7530]
21   	109297.88   	0.105   	0.9814  	[21.7, 21.7, 21.7, 21.7]	[right, back, left, left]	[299.5657, 1716.6745, 1903.9610, 726.3937]
22   	105329.95   	0.099   	0.9814  	[21.7, 21.7, 21.7, 21.7]	[right, back, left, left]	[672.4041, 1869.7464, 1841.7816, 1184.5479]
23   	101014.24   	0.093   	0.9875  	[21.7, 21.7, 21.7, 21.7]	[right, back, front, left]	[954.9464, 1886.2395, 1576.0128, 1483.2672]
24   	95783.90    	0.087   	0.9884  	[21.7, 21.7, 21.7, 21.7]	[right, back, hover, front]	[1022.2156, 1558.9348, 1137.5520, 1425.6187]
25   	91016.52    	0.082   	0.9884  	[21.7, 21.7, 21.7, 21.7]	[right, right, hover, front]	[768.9913, 1077.4880, 754.0496, 1324.0260]
26   	85598.72    	0.077   	0.9891  	[21.7, 21.7, 21.7, 21.7]	[front, back, right, front]	[769.2751, 680.9828, 490.3594, 1215.5899]
27   	81113.65    	0.073   	0.9891  	[21.7, 21.7, 21.7, 21.7]	[front, back, right, front]	[674.9814, 701.3263, 418.9283, 1160.2937]
28   	77272.32    	0.069   	0.9891  	[21.7, 21.7, 21.7, 21.7]	[front, down, right, front]	[897.2511, 747.6353, 776.3527, 1162.2326]
29   	74102.50    	0.065   	0.9891  	[21.7, 16.2, 21.7, 21.7]	[right, right, right, front]	[1208.8354, 364.3783, 1082.7569, 1246.2502]
30   	71318.15    	0.061   	0.9898  	[21.7, 16.2, 21.7, 21.7]	[front, left, right, front]	[1437.9131, 154.6884, 1269.7316, 1382.2572]
31   	68230.87    	0.057   	0.9906  	[21.7, 16.2, 21.7, 21.7]	[front, left, right, front]	[1593.2777, 203.1337, 1327.1988, 1214.3641]
32   	64388.88    	0.053   	0.9914  	[21.7, 16.2, 21.7, 21.7]	[front, left, right, down]	[1662.7594, 576.9107, 1241.3614, 1340.9879]
33   	59442.03    	0.048   	0.9922  	[21.7, 16.2, 21.7, 16.2]	[front, left, right, front]	[1460.6776, 1140.6772, 912.5385, 988.7620]
34   	54734.13    	0.043   	0.9945  	[21.7, 16.2, 21.7, 16.2]	[left, left, right, left]	[1007.4605, 1403.3478, 898.4756, 814.9265]
35   	50261.27    	0.039   	1.0000  	[21.7, 16.2, 21.7, 16.2]	[front, left, down, hover]	[985.9981, 1533.0842, 672.4479, 499.9745]
36   	46287.63    	0.036   	1.0000  	[21.7, 16.2, 16.2, 16.2]	[front, left, right, hover]	[1141.6411, 1563.2318, 371.7323, 330.0160]
37   	42824.68    	0.033   	1.0000  	[21.7, 16.2, 16.2, 16.2]	[left, left, back, right]	[1204.8722, 1624.1603, 278.6853, 202.6190]
38   	39952.45    	0.031   	1.0000  	[21.7, 16.2, 16.2, 16.2]	[left, left, back, left]	[1005.8294, 1727.2443, 329.9480, 132.3771]
39   	37367.00    	0.028   	1.0000  	[21.7, 16.2, 16.2, 16.2]	[left, left, back, back]	[1008.0210, 1896.6707, 309.5853, 78.1801]
40   	35171.52    	0.026   	1.0000  	[21.7, 16.2, 16.2, 16.2]	[left, left, back, up]	[933.4792, 1648.8563, 281.3788, 43.6838]
41   	33345.22    	0.024   	1.0000  	[21.7, 16.2, 16.2, 21.7]	[left, hover, back, right]	[672.6502, 956.6417, 244.1820, 29.7083]
42   	31862.84    	0.023   	1.0000  	[21.7, 16.2, 16.2, 21.7]	[left, hover, down, front]	[391.8079, 520.8604, 208.9515, 14.8211]
43   	30855.29    	0.022   	1.0000  	[21.7, 16.2, 10.8, 21.7]	[back, hover, right, right]	[389.7048, 254.4622, 162.7378, 20.8269]
44   	29999.48    	0.022   	1.0000  	[21.7, 16.2, 10.8, 21.7]	[left, hover, back, right]	[428.2561, 119.0652, 127.5700, 31.1742]
45   	29273.99    	0.021   	1.0000  	[21.7, 16.2, 10.8, 21.7]	[front, up, back, right]	[409.1879, 68.6377, 91.5571, 31.8396]
46   	28702.87    	0.020   	1.0000  	[21.7, 21.7, 10.8, 21.7]	[left, right, back, right]	[405.1843, 76.1731, 76.2393, 41.6828]
47   	28222.10    	0.020   	1.0000  	[21.7, 21.7, 10.8, 21.7]	[down, front, back, right]	[381.6753, 77.3812, 65.6972, 54.7175]
48   	27744.25    	0.020   	1.0000  	[16.2, 21.7, 10.8, 21.7]	[front, right, back, right]	[414.6613, 68.4523, 53.0388, 90.3433]
49   	27328.72    	0.019   	1.0000  	[16.2, 21.7, 10.8, 21.7]	[hover, right, back, right]	[247.9075, 42.2891, 57.4788, 210.4451]
50   	26944.00    	0.019   	1.0000  	[16.2, 21.7, 10.8, 21.7]	[hover, right, hover, right]	[148.9402, 25.4474, 16.3115, 354.5267]
51   	26631.97    	0.018   	1.0000  	[16.2, 21.7, 10.8, 21.7]	[hover, right, up, right]	[83.7893, 16.4937, 4.0374, 447.5213]
52   	26378.76    	0.018   	1.0000  	[16.2, 21.7, 16.2, 21.7]	[hover, right, left, back]	[46.5636, 12.8506, 4.4460, 353.2385]
53   	26171.07    	0.018   	1.0000  	[16.2, 21.7, 16.2, 21.7]	[hover, right, left, back]	[25.7201, 12.7659, 11.8785, 252.7324]
54   	25931.27    	0.018   	1.0000  	[16.2, 21.7, 16.2, 21.7]	[up, right, left, back]	[19.1630, 9.6786, 46.7439, 171.2629]
55   	25668.21    	0.017   	1.0000  	[21.7, 21.7, 16.2, 21.7]	[back, right, left, back]	[22.4165, 9.0277, 80.5690, 129.6695]
56   	25357.37    	0.017   	1.0000  	[21.7, 21.7, 16.2, 21.7]	[back, right, left, back]	[19.5975, 41.1969, 130.1804, 119.3248]
57   	25002.15    	0.017   	1.0000  	[21.7, 21.7, 16.2, 21.7]	[back, front, left, back]	[15.0236, 37.9833, 180.9139, 98.7173]
58   	24632.18    	0.017   	1.0000  	[21.7, 21.7, 16.2, 21.7]	[down, front, left, right]	[10.1419, 34.7402, 229.9599, 69.5957]
59   	24264.35    	0.016   	1.0000  	[16.2, 21.7, 16.2, 21.7]	[back, front, left, down]	[7.7767, 39.6950, 316.5510, 61.9543]
60   	23773.74    	0.016   	1.0000  	[16.2, 21.7, 16.2, 16.2]	[back, front, left, back]	[4.0816, 87.9558, 442.5001, 87.8999]
61   	23208.25    	0.015   	1.0000  	[16.2, 21.7, 16.2, 16.2]	[back, front, left, back]	[3.6450, 156.9389, 606.6864, 194.0638]
62   	22100.65    	0.014   	1.0000  	[16.2, 21.7, 16.2, 16.2]	[back, front, left, back]	[2.3489, 248.8532, 969.0133, 336.4140]
63   	20627.44    	0.013   	1.0000  	[16.2, 21.7, 16.2, 16.2]	[back, front, left, back]	[2.0533, 333.6816, 914.5760, 469.5053]
64   	19565.18    	0.012   	1.0000  	[16.2, 21.7, 16.2, 16.2]	[back, front, down, back]	[1.7444, 429.6463, 514.8681, 510.2191]
65   	18837.95    	0.011   	1.0000  	[16.2, 21.7, 10.8, 16.2]	[back, hover, left, hover]	[3.4940, 259.7914, 512.8635, 231.7939]
66   	18261.98    	0.011   	1.0000  	[16.2, 21.7, 10.8, 16.2]	[hover, hover, front, hover]	[2.4701, 140.7663, 382.1303, 94.7451]
67   	17567.58    	0.010   	1.0000  	[16.2, 21.7, 10.8, 16.2]	[hover, hover, front, hover]	[1.6990, 76.8527, 413.3870, 33.9695]
68   	16909.62    	0.010   	1.0000  	[16.2, 21.7, 10.8, 16.2]	[hover, hover, front, left]	[1.4339, 38.8246, 450.1120, 17.8501]
69   	16242.64    	0.009   	1.0000  	[16.2, 21.7, 10.8, 16.2]	[back, hover, front, up]	[1.0250, 19.3513, 581.6591, 12.1831]
70   	15767.90    	0.009   	1.0000  	[16.2, 21.7, 10.8, 21.7]	[front, left, front, front]	[0.6188, 9.7804, 444.0541, 9.6924]
71   	15514.15    	0.009   	1.0000  	[16.2, 21.7, 10.8, 21.7]	[hover, left, front, left]	[0.6349, 8.1372, 251.8147, 6.6934]
72   	15332.40    	0.009   	1.0000  	[16.2, 21.7, 10.8, 21.7]	[hover, left, front, left]	[0.5387, 13.9613, 163.0907, 12.5605]
73   	15131.28    	0.009   	1.0000  	[16.2, 21.7, 10.8, 21.7]	[left, left, front, left]	[0.4414, 29.5731, 148.4311, 26.2213]
74   	14898.20    	0.009   	1.0000  	[16.2, 21.7, 10.8, 21.7]	[hover, left, front, left]	[0.1594, 56.5512, 133.7070, 45.3003]
75   	14572.59    	0.008   	1.0000  	[16.2, 21.7, 10.8, 21.7]	[front, left, front, left]	[0.0497, 101.3088, 117.9813, 74.8712]
76   	14108.25    	0.008   	1.0000  	[16.2, 21.7, 10.8, 21.7]	[front, left, front, left]	[0.1282, 158.7376, 134.4640, 105.2111]
77   	13305.70    	0.007   	1.0000  	[16.2, 21.7, 10.8, 21.7]	[front, left, front, left]	[0.1209, 371.6731, 130.8960, 177.7366]
78   	12227.95    	0.007   	1.0000  	[16.2, 21.7, 10.8, 21.7]	[front, left, front, left]	[0.4429, 424.1893, 147.0757, 273.5029]
79   	11327.89    	0.006   	1.0000  	[16.2, 21.7, 10.8, 21.7]	[front, front, front, left]	[0.5194, 304.8016, 88.2626, 319.9544]
80   	10715.63    	0.006   	1.0000  	[16.2, 21.7, 10.8, 21.7]	[front, front, hover, back]	[0.5360, 230.0714, 67.7726, 247.4580]
81   	10278.77    	0.005   	1.0000  	[16.2, 21.7, 10.8, 21.7]	[down, hover, left, hover]	[0.9320, 188.5942, 43.7757, 171.5783]
82   	9982.67     	0.005   	1.0000  	[10.8, 21.7, 10.8, 21.7]	[front, front, right, front]	[1.0221, 140.0329, 24.1631, 113.5918]
83   	9758.58     	0.005   	1.0000  	[10.8, 21.7, 10.8, 21.7]	[left, back, hover, hover]	[0.6905, 106.1787, 16.9403, 69.0728]
84   	9603.99     	0.005   	1.0000  	[10.8, 21.7, 10.8, 21.7]	[back, hover, right, back]	[0.6475, 83.8620, 13.9322, 38.5117]
85   	9466.02     	0.005   	1.0000  	[10.8, 21.7, 10.8, 21.7]	[hover, back, right, hover]	[0.4554, 59.8132, 13.0072, 22.8214]
86   	9368.52     	0.005   	1.0000  	[10.8, 21.7, 10.8, 21.7]	[hover, back, back, front]	[0.1920, 39.0494, 7.1097, 13.8799]
87   	9319.10     	0.005   	1.0000  	[10.8, 21.7, 10.8, 21.7]	[front, hover, left, front]	[0.0406, 19.1097, 5.3476, 7.8537]
88   	9281.79     	0.005   	1.0000  	[10.8, 21.7, 10.8, 21.7]	[front, hover, left, front]	[0.0171, 10.9905, 7.0791, 7.7275]
89   	9259.50     	0.005   	1.0000  	[10.8, 21.7, 10.8, 21.7]	[front, back, front, right]	[0.0501, 6.2821, 3.8706, 5.8115]
90   	9242.87     	0.005   	1.0000  	[10.8, 21.7, 10.8, 21.7]	[front, front, hover, front]	[0.2008, 4.2027, 2.5500, 5.5606]
91   	9227.72     	0.005   	1.0000  	[10.8, 21.7, 10.8, 21.7]	[front, back, hover, left]	[1.4023, 2.8176, 1.5096, 3.6256]
92   	9217.03     	0.005   	1.0000  	[10.8, 21.7, 10.8, 21.7]	[hover, back, hover, right]	[0.8523, 1.8820, 1.4380, 2.3913]
93   	9214.80     	0.005   	1.0000  	[10.8, 21.7, 10.8, 21.7]	[hover, back, right, right]	[0.4984, 1.0634, 1.1755, 1.5792]
94   	9211.75     	0.005   	1.0000  	[10.8, 21.7, 10.8, 21.7]	[right, back, right, back]	[0.7170, 1.4582, 1.9245, 1.3034]
95   	9204.30     	0.005   	1.0000  	[10.8, 21.7, 10.8, 21.7]	[right, back, right, hover]	[0.8143, 1.5744, 3.4185, 0.8671]
96   	9201.70     	0.005   	1.0000  	[10.8, 21.7, 10.8, 21.7]	[hover, hover, right, hover]	[0.3330, 1.0117, 3.3385, 0.8105]
97   	9196.65     	0.005   	1.0000  	[10.8, 21.7, 10.8, 21.7]	[left, back, back, front]	[0.2648, 0.8655, 5.7969, 0.6866]
98   	9193.24     	0.005   	1.0000  	[10.8, 21.7, 10.8, 21.7]	[right, back, right, front]	[0.0736, 1.3862, 4.7908, 0.8109]
99   	9183.67     	0.005   	1.0000  	[10.8, 21.7, 10.8, 21.7]	[up, back, right, left]	[0.0331, 1.8717, 8.7144, 1.2523]
[2025-12-18T14:57:13]
Strategy: greedy_ig
Pairwise: adaptive
News mode: IGd
Num agents: 4
Iteration: 5
Error margin: None
Gaussian radius 5 
Grid info: range: 0-50-50, cell_size:0.125, map shape: (400, 400), center:True
init UAV positions: [(-25.0, -5.0, 5.4), (-10.0, 20.0, 5.4), (10.0, -15.0, 5.4), (0.0, 0.0, 5.4)]
mcts_params: {}
Step	Entropy	MSE	Coverage	Heights	Actions	IGs
------------------------------------------------------------------------------------------------------------------------
0    	160000.00   	0.250   	0.0000  	[5.4, 5.4, 5.4, 5.4]	[-, -, -, -]	[-, -, -, -]
1    	159043.68   	0.241   	0.0547  	[5.4, 5.4, 5.4, 5.4]	[up, up, up, up]	[1952.2791, 3514.1024, 3904.5582, 3904.5582]
2    	157994.15   	0.231   	0.2125  	[10.8, 10.8, 10.8, 10.8]	[up, up, up, up]	[1998.7423, 3214.2563, 3893.8173, 3718.8135]
3    	156776.31   	0.222   	0.4462  	[16.2, 16.2, 16.2, 16.2]	[right, back, up, up]	[2048.0542, 3135.9315, 2966.9965, 3083.6366]
4    	155295.06   	0.213   	0.6162  	[16.2, 16.2, 21.7, 21.7]	[up, up, front, right]	[1988.3885, 2670.5807, 2416.9654, 2046.7016]
5    	153680.44   	0.204   	0.7186  	[21.7, 21.7, 21.7, 21.7]	[right, back, right, right]	[2004.8482, 2524.0056, 1794.1592, 1763.8622]
6    	151860.73   	0.197   	0.7647  	[21.7, 21.7, 21.7, 21.7]	[right, back, front, right]	[1913.1002, 2204.6471, 1376.0764, 1383.5447]
7    	149892.99   	0.189   	0.7897  	[21.7, 21.7, 21.7, 21.7]	[right, right, front, front]	[1742.9355, 1834.8922, 1008.3868, 1153.1443]
8    	148007.96   	0.183   	0.8284  	[21.7, 21.7, 21.7, 21.7]	[back, right, front, front]	[1796.6303, 1610.8704, 1042.6372, 1010.1216]
9    	146035.50   	0.176   	0.8862  	[21.7, 21.7, 21.7, 21.7]	[back, right, front, front]	[1928.9934, 1265.9976, 1076.9528, 815.4594]
10   	143819.12   	0.170   	0.9363  	[21.7, 21.7, 21.7, 21.7]	[right, back, down, front]	[1882.3969, 932.5673, 1084.5469, 1141.3430]
11   	141354.98   	0.164   	0.9558  	[21.7, 21.7, 16.2, 21.7]	[right, back, front, right]	[1779.8440, 1025.6254, 1129.8596, 1061.8488]
12   	138144.63   	0.157   	0.9706  	[21.7, 21.7, 16.2, 21.7]	[right, back, front, front]	[1603.7599, 1003.9205, 1092.1142, 684.0325]
13   	134627.60   	0.151   	0.9706  	[21.7, 21.7, 16.2, 21.7]	[right, back, front, front]	[1403.3758, 934.5497, 1045.7531, 385.9872]
14   	131751.72   	0.146   	0.9706  	[21.7, 21.7, 16.2, 21.7]	[right, left, right, left]	[1363.0608, 1057.4546, 915.7742, 241.5613]
15   	128965.58   	0.140   	0.9706  	[21.7, 21.7, 16.2, 21.7]	[right, back, front, left]	[1648.9069, 1243.8581, 915.0336, 409.8087]
16   	126329.03   	0.135   	0.9706  	[21.7, 21.7, 16.2, 21.7]	[right, back, front, left]	[1711.5301, 1427.4942, 935.0765, 635.6828]
17   	124025.65   	0.130   	0.9706  	[21.7, 21.7, 16.2, 21.7]	[right, left, left, left]	[1805.4232, 1609.9656, 676.9540, 833.2623]
18   	121481.88   	0.125   	0.9706  	[21.7, 21.7, 16.2, 21.7]	[front, back, left, left]	[1796.2922, 1719.5016, 802.5099, 1008.4316]
19   	118899.92   	0.120   	0.9706  	[21.7, 21.7, 16.2, 21.7]	[front, left, left, left]	[1889.8455, 1804.6861, 945.9796, 1143.0617]
20   	116501.62   	0.115   	0.9706  	[21.7, 21.7, 16.2, 21.7]	[front, left, left, left]	[2018.9193, 1800.3320, 997.2925, 1277.5783]
21   	113836.88   	0.110   	0.9706  	[21.7, 21.7, 16.2, 21.7]	[front, back, left, left]	[2244.5176, 1472.5787, 1046.2842, 1461.0477]
22   	110621.47   	0.105   	0.9994  	[21.7, 21.7, 16.2, 21.7]	[front, hover, left, back]	[2428.1942, 1035.3948, 1074.1040, 1370.9871]
23   	107020.75   	0.099   	0.9994  	[21.7, 21.7, 16.2, 21.7]	[front, hover, left, back]	[2514.1320, 698.0313, 1005.5945, 1205.5285]
24   	102788.30   	0.093   	0.9994  	[21.7, 21.7, 16.2, 21.7]	[front, hover, back, back]	[2532.4258, 432.8514, 1037.1997, 1047.8650]
25   	98733.71    	0.088   	0.9994  	[21.7, 21.7, 16.2, 21.7]	[front, right, back, back]	[2001.4378, 287.1506, 1021.5009, 889.0101]
26   	94606.28    	0.084   	0.9994  	[21.7, 21.7, 16.2, 21.7]	[left, right, back, back]	[1476.8206, 280.0727, 910.4582, 753.0935]
27   	90420.83    	0.080   	0.9994  	[21.7, 21.7, 16.2, 21.7]	[left, right, left, back]	[1235.4176, 404.3714, 792.5928, 727.2773]
28   	85846.02    	0.075   	0.9994  	[21.7, 21.7, 16.2, 21.7]	[left, right, left, back]	[1172.1487, 679.5262, 993.0575, 931.7025]
29   	80931.01    	0.069   	0.9994  	[21.7, 21.7, 16.2, 21.7]	[left, right, left, back]	[1170.1588, 1056.4384, 1216.5689, 1203.5078]
30   	75673.55    	0.063   	0.9994  	[21.7, 21.7, 16.2, 21.7]	[left, right, back, back]	[1201.0814, 1371.2814, 1080.6478, 1373.4737]
31   	70382.23    	0.057   	0.9994  	[21.7, 21.7, 16.2, 21.7]	[left, right, back, back]	[1264.2271, 1626.6965, 1085.9580, 1571.7531]
32   	65212.73    	0.052   	0.9994  	[21.7, 21.7, 16.2, 21.7]	[left, right, back, right]	[1397.4728, 1843.7415, 1140.5580, 1202.2756]
33   	60116.69    	0.046   	0.9998  	[21.7, 21.7, 16.2, 21.7]	[left, front, back, right]	[1549.6943, 1474.1025, 1166.5433, 938.4292]
34   	55582.66    	0.042   	0.9998  	[21.7, 21.7, 16.2, 21.7]	[down, front, back, right]	[1326.9856, 1193.5303, 1262.5561, 803.6524]
35   	51078.29    	0.038   	0.9998  	[16.2, 21.7, 16.2, 21.7]	[left, front, back, right]	[1525.5439, 1062.2948, 1434.0005, 801.7186]
36   	47315.22    	0.035   	0.9998  	[16.2, 21.7, 16.2, 21.7]	[front, front, back, right]	[1070.4367, 1061.3827, 1646.8970, 882.2103]
37   	43474.05    	0.032   	0.9998  	[16.2, 21.7, 16.2, 21.7]	[hover, front, right, right]	[669.9021, 1172.8822, 1590.8514, 954.7974]
38   	39194.83    	0.028   	0.9998  	[16.2, 21.7, 16.2, 21.7]	[hover, front, right, right]	[396.6839, 1313.8135, 1359.8682, 1075.0264]
39   	35513.77    	0.025   	0.9998  	[16.2, 21.7, 16.2, 21.7]	[hover, front, back, right]	[236.8482, 1426.5954, 914.2045, 1469.9773]
40   	32172.73    	0.022   	1.0000  	[16.2, 21.7, 16.2, 21.7]	[hover, front, hover, right]	[144.4591, 1545.6459, 621.6377, 1115.0898]
41   	29658.98    	0.020   	1.0000  	[16.2, 21.7, 16.2, 21.7]	[hover, front, left, down]	[85.1905, 1425.8205, 435.5432, 973.9520]
42   	27633.15    	0.018   	1.0000  	[16.2, 21.7, 16.2, 16.2]	[up, right, up, back]	[62.0878, 1026.8936, 463.7093, 618.0758]
43   	26199.12    	0.017   	1.0000  	[21.7, 21.7, 21.7, 16.2]	[right, hover, front, hover]	[58.3718, 635.4453, 468.6300, 248.1742]
44   	25319.60    	0.017   	1.0000  	[21.7, 21.7, 21.7, 16.2]	[back, hover, left, front]	[43.6780, 363.6035, 371.7637, 103.4340]
45   	24726.66    	0.016   	1.0000  	[21.7, 21.7, 21.7, 16.2]	[hover, hover, front, front]	[27.8497, 190.4783, 274.1154, 133.3504]
46   	24367.99    	0.016   	1.0000  	[21.7, 21.7, 21.7, 16.2]	[back, hover, back, front]	[16.5732, 92.5766, 185.4794, 206.8574]
47   	24014.88    	0.016   	1.0000  	[21.7, 21.7, 21.7, 16.2]	[back, back, right, front]	[11.5452, 58.7135, 136.3764, 195.0192]
48   	23628.28    	0.015   	1.0000  	[21.7, 21.7, 21.7, 16.2]	[back, up, right, front]	[8.6113, 46.1644, 118.8243, 161.9630]
49   	23308.91    	0.015   	1.0000  	[21.7, 27.1, 21.7, 16.2]	[back, left, right, front]	[8.0343, 36.5521, 89.3868, 143.4732]
50   	22956.05    	0.015   	1.0000  	[21.7, 27.1, 21.7, 16.2]	[back, back, right, front]	[7.2413, 24.9367, 76.1788, 138.4513]
51   	22560.97    	0.015   	1.0000  	[21.7, 27.1, 21.7, 16.2]	[back, back, right, front]	[12.6804, 32.2904, 66.7053, 112.9125]
52   	22096.34    	0.014   	1.0000  	[21.7, 27.1, 21.7, 16.2]	[back, back, right, front]	[95.9745, 44.8171, 57.0916, 90.7077]
53   	21529.52    	0.014   	1.0000  	[21.7, 27.1, 21.7, 16.2]	[back, back, right, front]	[208.2300, 60.6303, 59.2073, 102.2320]
54   	20789.10    	0.013   	1.0000  	[21.7, 27.1, 21.7, 16.2]	[back, back, right, front]	[387.0452, 75.0137, 89.0207, 38.2423]
55   	19987.11    	0.012   	1.0000  	[21.7, 27.1, 21.7, 16.2]	[back, back, right, back]	[295.2262, 75.3045, 149.9819, 13.8458]
56   	19436.86    	0.012   	1.0000  	[21.7, 27.1, 21.7, 16.2]	[down, back, right, up]	[256.2682, 63.1253, 92.7377, 6.0342]
57   	18992.04    	0.012   	1.0000  	[16.2, 27.1, 21.7, 21.7]	[left, hover, down, back]	[242.6661, 56.5541, 91.7587, 10.8093]
58   	18720.68    	0.011   	1.0000  	[16.2, 27.1, 16.2, 21.7]	[hover, hover, back, back]	[141.9194, 53.3558, 50.8679, 12.2736]
59   	18554.18    	0.011   	1.0000  	[16.2, 27.1, 16.2, 21.7]	[hover, hover, right, back]	[82.5722, 38.8950, 19.7332, 8.1742]
60   	18462.05    	0.011   	1.0000  	[16.2, 27.1, 16.2, 21.7]	[right, back, down, down]	[57.2317, 26.7409, 9.2274, 6.6892]
61   	18377.52    	0.011   	1.0000  	[16.2, 27.1, 10.8, 16.2]	[right, down, back, back]	[66.0022, 29.7698, 7.6613, 5.4000]
62   	18240.31    	0.011   	1.0000  	[16.2, 21.7, 10.8, 16.2]	[right, right, right, back]	[104.8844, 26.9018, 4.1745, 4.1700]
63   	18093.86    	0.011   	1.0000  	[16.2, 21.7, 10.8, 16.2]	[right, back, front, back]	[131.4211, 13.4248, 2.1776, 3.9704]
64   	17905.97    	0.011   	1.0000  	[16.2, 21.7, 10.8, 16.2]	[right, down, front, back]	[135.6107, 6.3075, 2.0301, 4.3308]
65   	17676.75    	0.011   	1.0000  	[16.2, 16.2, 10.8, 16.2]	[right, right, front, up]	[133.6974, 5.8570, 5.2542, 4.7655]
66   	17365.70    	0.011   	1.0000  	[16.2, 16.2, 10.8, 21.7]	[right, back, front, back]	[147.1841, 3.4787, 17.0145, 5.1524]
67   	16904.37    	0.010   	1.0000  	[16.2, 16.2, 10.8, 21.7]	[right, down, front, back]	[132.5643, 2.4293, 74.2756, 9.7752]
68   	16290.87    	0.010   	1.0000  	[16.2, 10.8, 10.8, 21.7]	[right, right, front, left]	[124.8860, 2.1748, 91.9040, 7.1781]
69   	15496.05    	0.009   	1.0000  	[16.2, 10.8, 10.8, 21.7]	[right, right, front, left]	[214.3004, 1.0379, 73.3936, 5.3555]
70   	15074.27    	0.009   	1.0000  	[16.2, 10.8, 10.8, 21.7]	[right, hover, left, left]	[156.5054, 0.5922, 60.6782, 5.7511]
71   	14828.77    	0.009   	1.0000  	[16.2, 10.8, 10.8, 21.7]	[front, left, front, left]	[103.2976, 0.5517, 45.7968, 10.7334]
72   	14658.84    	0.009   	1.0000  	[16.2, 10.8, 10.8, 21.7]	[front, hover, up, left]	[72.8741, 0.7313, 37.0818, 26.1117]
73   	14486.95    	0.009   	1.0000  	[16.2, 10.8, 16.2, 21.7]	[front, back, front, left]	[43.9794, 0.5114, 42.2487, 60.5297]
74   	14260.63    	0.009   	1.0000  	[16.2, 10.8, 16.2, 21.7]	[down, front, left, left]	[43.2389, 0.4845, 38.3801, 114.4811]
75   	13933.65    	0.009   	1.0000  	[10.8, 10.8, 16.2, 21.7]	[front, front, left, left]	[43.9234, 0.3900, 44.2917, 195.1130]
76   	13451.96    	0.008   	1.0000  	[10.8, 10.8, 16.2, 21.7]	[front, front, left, left]	[37.4568, 0.6401, 56.6630, 317.0264]
77   	13063.40    	0.008   	1.0000  	[10.8, 10.8, 16.2, 21.7]	[front, front, left, left]	[50.9005, 0.2266, 107.7383, 187.1875]
78   	12782.50    	0.008   	1.0000  	[10.8, 10.8, 16.2, 21.7]	[front, front, left, left]	[70.9751, 0.7614, 83.4792, 108.0508]
79   	12611.73    	0.008   	1.0000  	[10.8, 10.8, 16.2, 21.7]	[front, front, left, left]	[100.1511, 1.9283, 30.1697, 59.7668]
80   	12378.45    	0.008   	1.0000  	[10.8, 10.8, 16.2, 21.7]	[front, front, up, left]	[162.7567, 1.7279, 23.1464, 31.7722]
81   	12068.26    	0.007   	1.0000  	[10.8, 10.8, 21.7, 21.7]	[front, front, up, down]	[186.9511, 0.8643, 52.7864, 15.6464]
82   	11590.62    	0.007   	1.0000  	[10.8, 10.8, 27.1, 16.2]	[front, front, left, back]	[300.7082, 0.2774, 150.4951, 14.1726]
83   	11109.11    	0.007   	1.0000  	[10.8, 10.8, 27.1, 16.2]	[front, front, left, right]	[335.3379, 2.2527, 247.6466, 5.9900]
84   	10688.85    	0.006   	1.0000  	[10.8, 10.8, 27.1, 16.2]	[hover, front, left, right]	[118.5750, 2.5234, 351.2711, 3.0889]
85   	10213.04    	0.006   	1.0000  	[10.8, 10.8, 27.1, 16.2]	[left, left, front, right]	[51.7326, 1.3158, 470.9325, 1.8857]
86   	9768.29     	0.005   	1.0000  	[10.8, 10.8, 27.1, 16.2]	[left, front, left, front]	[27.2833, 0.9538, 479.5905, 1.2146]
87   	9417.83     	0.005   	1.0000  	[10.8, 10.8, 27.1, 16.2]	[left, front, front, front]	[15.9631, 2.1086, 385.2811, 0.9072]
88   	9092.45     	0.005   	1.0000  	[10.8, 10.8, 27.1, 16.2]	[left, front, down, front]	[10.1350, 11.0051, 450.9525, 10.5636]
89   	8767.44     	0.005   	1.0000  	[10.8, 10.8, 21.7, 16.2]	[left, left, left, front]	[7.1445, 6.7726, 409.0915, 16.6497]
90   	8567.56     	0.004   	1.0000  	[10.8, 10.8, 21.7, 16.2]	[back, left, front, front]	[4.8652, 4.5590, 275.5827, 14.4272]
91   	8384.28     	0.004   	1.0000  	[10.8, 10.8, 21.7, 16.2]	[up, left, down, front]	[3.2860, 4.4333, 245.6959, 23.9262]
92   	8181.93     	0.004   	1.0000  	[16.2, 10.8, 16.2, 16.2]	[back, left, left, front]	[1.8816, 23.4409, 195.6992, 35.2382]
93   	8017.97     	0.004   	1.0000  	[16.2, 10.8, 16.2, 16.2]	[up, left, front, front]	[1.3248, 35.3399, 96.8287, 60.6249]
94   	7818.44     	0.004   	1.0000  	[21.7, 10.8, 16.2, 16.2]	[back, left, down, front]	[1.1674, 39.0270, 67.9324, 116.6383]
95   	7584.87     	0.004   	1.0000  	[21.7, 10.8, 10.8, 16.2]	[back, left, left, front]	[1.7878, 44.1535, 60.8236, 174.5305]
96   	7434.52     	0.004   	1.0000  	[21.7, 10.8, 10.8, 16.2]	[back, left, hover, hover]	[2.6393, 50.5231, 34.0158, 93.9565]
97   	7317.93     	0.003   	1.0000  	[21.7, 10.8, 10.8, 16.2]	[right, left, back, hover]	[2.6040, 49.5476, 21.5917, 49.1372]
98   	7186.62     	0.003   	1.0000  	[21.7, 10.8, 10.8, 16.2]	[right, left, back, hover]	[2.5737, 81.1793, 15.1574, 25.4310]
99   	6894.51     	0.003   	1.0000  	[21.7, 10.8, 10.8, 16.2]	[right, left, back, hover]	[4.6402, 239.5263, 22.3245, 16.6188]
[2025-12-18T14:57:23]
Strategy: greedy_ig
Pairwise: adaptive
News mode: IGd
Num agents: 4
Iteration: 6
Error margin: None
Gaussian radius 5 
Grid info: range: 0-50-50, cell_size:0.125, map shape: (400, 400), center:True
init UAV positions: [(-25.0, -15.0, 5.4), (-15.0, 15.0, 5.4), (20.0, -10.0, 5.4), (0.0, 20.0, 5.4)]
mcts_params: {}
Step	Entropy	MSE	Coverage	Heights	Actions	IGs
------------------------------------------------------------------------------------------------------------------------
0    	160000.00   	0.250   	0.0000  	[5.4, 5.4, 5.4, 5.4]	[-, -, -, -]	[-, -, -, -]
1    	159184.60   	0.243   	0.0547  	[5.4, 5.4, 5.4, 5.4]	[up, up, up, up]	[1952.2791, 3904.5582, 3514.1024, 3514.1024]
2    	158272.56   	0.234   	0.2062  	[10.8, 10.8, 10.8, 10.8]	[up, up, up, up]	[2004.9236, 4288.5941, 3064.4020, 2833.2028]
3    	157289.22   	0.226   	0.4059  	[16.2, 16.2, 16.2, 16.2]	[right, back, left, back]	[2086.5771, 3013.6036, 2859.4150, 2641.2067]
4    	156164.41   	0.218   	0.4950  	[16.2, 16.2, 16.2, 16.2]	[right, up, up, up]	[2080.7117, 2474.8251, 2819.1013, 2092.6648]
5    	154978.90   	0.209   	0.6747  	[16.2, 21.7, 21.7, 21.7]	[right, back, left, back]	[2074.9279, 2011.5641, 2811.0149, 2088.5341]
6    	153738.76   	0.201   	0.7706  	[16.2, 21.7, 21.7, 21.7]	[right, back, left, back]	[2088.8620, 1843.3567, 2587.8907, 1882.4557]
7    	152366.36   	0.194   	0.8417  	[16.2, 21.7, 21.7, 21.7]	[right, back, left, right]	[2065.0626, 1648.8853, 2030.0110, 1724.0801]
8    	150727.08   	0.187   	0.8789  	[16.2, 21.7, 21.7, 21.7]	[right, back, front, right]	[1765.7226, 1606.8660, 1546.4747, 1614.8338]
9    	148852.88   	0.180   	0.9086  	[16.2, 21.7, 21.7, 21.7]	[right, back, front, right]	[1619.7876, 1646.7734, 1272.9928, 1541.4021]
10   	146860.57   	0.174   	0.9352  	[16.2, 21.7, 21.7, 21.7]	[right, back, front, right]	[1538.5486, 1719.5369, 1200.9369, 1508.1538]
11   	144471.50   	0.167   	0.9633  	[16.2, 21.7, 21.7, 21.7]	[right, back, left, back]	[1593.5630, 1821.8613, 1277.3592, 1401.8071]
12   	142076.14   	0.161   	0.9656  	[16.2, 21.7, 21.7, 21.7]	[right, back, left, back]	[1557.1871, 1769.5079, 1239.7937, 1369.5603]
13   	139431.47   	0.155   	0.9736  	[16.2, 21.7, 21.7, 21.7]	[right, right, left, back]	[1528.7949, 1728.7600, 1253.5893, 1420.3094]
14   	136543.26   	0.148   	0.9767  	[16.2, 21.7, 21.7, 21.7]	[right, right, left, back]	[1542.1457, 1492.8814, 1232.1359, 1544.8144]
15   	133166.01   	0.142   	0.9798  	[16.2, 21.7, 21.7, 21.7]	[right, right, left, back]	[1495.0961, 1247.3890, 1357.0433, 1567.0666]
16   	129263.75   	0.135   	0.9830  	[16.2, 21.7, 21.7, 21.7]	[front, right, left, left]	[1016.4934, 1237.4814, 1683.2277, 1152.9405]
17   	124777.55   	0.129   	0.9838  	[16.2, 21.7, 21.7, 21.7]	[front, right, front, back]	[993.2194, 1118.7182, 1677.1220, 865.0053]
18   	119719.71   	0.122   	0.9845  	[16.2, 21.7, 21.7, 21.7]	[front, right, front, back]	[1044.2739, 886.0971, 1816.5755, 687.8873]
19   	114809.11   	0.116   	0.9853  	[16.2, 21.7, 21.7, 21.7]	[front, front, front, back]	[1507.5476, 578.1183, 1908.3588, 805.2930]
20   	110895.60   	0.110   	0.9867  	[16.2, 21.7, 21.7, 21.7]	[front, front, front, right]	[1959.5437, 753.2682, 2043.6210, 883.4064]
21   	107771.53   	0.106   	0.9875  	[16.2, 21.7, 21.7, 21.7]	[front, front, front, back]	[2241.0510, 915.9179, 1616.9799, 743.0564]
22   	104544.36   	0.101   	0.9903  	[16.2, 21.7, 21.7, 21.7]	[front, right, right, back]	[2538.0390, 1089.0516, 1410.7074, 422.8953]
23   	101470.95   	0.096   	0.9903  	[16.2, 21.7, 21.7, 21.7]	[front, right, right, left]	[2335.7825, 1298.4415, 1280.2659, 254.9275]
24   	98591.15    	0.091   	0.9903  	[16.2, 21.7, 21.7, 21.7]	[front, front, right, left]	[1998.2207, 1440.2312, 1061.2932, 590.5664]
25   	95877.75    	0.087   	0.9903  	[16.2, 21.7, 21.7, 21.7]	[front, right, right, left]	[1485.4987, 1596.8527, 966.9022, 876.8002]
26   	92358.89    	0.082   	0.9997  	[16.2, 21.7, 21.7, 21.7]	[left, front, right, left]	[1051.7962, 1557.1884, 670.1452, 1153.9276]
27   	87819.04    	0.077   	0.9997  	[16.2, 21.7, 21.7, 21.7]	[left, front, right, left]	[649.2910, 1310.6239, 366.9179, 1347.1330]
28   	82555.96    	0.071   	0.9997  	[16.2, 21.7, 21.7, 21.7]	[left, front, right, left]	[535.8117, 964.8296, 318.4676, 1468.2928]
29   	77662.11    	0.065   	0.9997  	[16.2, 21.7, 21.7, 21.7]	[left, right, right, left]	[819.7274, 635.5087, 404.3001, 1572.4022]
30   	73432.98    	0.061   	0.9997  	[16.2, 21.7, 21.7, 21.7]	[left, down, down, front]	[1289.6698, 434.6195, 466.5001, 1763.2036]
31   	69432.23    	0.058   	0.9997  	[16.2, 16.2, 16.2, 21.7]	[left, front, right, left]	[1747.6678, 354.7294, 245.7422, 1860.4324]
32   	65839.58    	0.054   	0.9997  	[16.2, 16.2, 16.2, 21.7]	[left, up, back, front]	[1937.7631, 368.2137, 169.0261, 2015.8579]
33   	62541.58    	0.050   	0.9997  	[16.2, 21.7, 16.2, 21.7]	[left, left, back, front]	[2111.7746, 433.8365, 129.5490, 1896.9414]
34   	59414.60    	0.047   	0.9997  	[16.2, 21.7, 16.2, 21.7]	[left, left, back, front]	[2329.3016, 620.0343, 93.1610, 1676.3637]
35   	56414.23    	0.043   	0.9997  	[16.2, 21.7, 16.2, 21.7]	[left, left, back, front]	[2462.9180, 632.8933, 82.1515, 1440.2389]
36   	53356.97    	0.040   	1.0000  	[16.2, 21.7, 16.2, 21.7]	[back, front, back, front]	[2120.6858, 550.8656, 77.5415, 1104.4289]
37   	49935.06    	0.036   	1.0000  	[16.2, 21.7, 16.2, 21.7]	[back, left, back, front]	[1632.6298, 389.3636, 72.9590, 769.9909]
38   	46390.20    	0.033   	1.0000  	[16.2, 21.7, 16.2, 21.7]	[back, left, back, front]	[1050.0275, 265.0430, 64.3484, 444.8132]
39   	43150.48    	0.031   	1.0000  	[16.2, 21.7, 16.2, 21.7]	[back, left, back, front]	[778.3555, 186.2150, 83.3345, 395.2721]
40   	40264.32    	0.028   	1.0000  	[16.2, 21.7, 16.2, 21.7]	[right, left, back, front]	[569.2726, 114.9105, 288.6440, 392.7605]
41   	37676.58    	0.026   	1.0000  	[16.2, 21.7, 16.2, 21.7]	[right, front, back, front]	[576.3910, 70.8547, 809.7798, 394.0348]
42   	35276.00    	0.024   	1.0000  	[16.2, 21.7, 16.2, 21.7]	[right, down, left, left]	[793.2593, 50.8826, 565.2423, 443.4372]
43   	32886.51    	0.022   	1.0000  	[16.2, 16.2, 16.2, 21.7]	[right, left, left, down]	[978.2008, 59.1640, 470.3069, 402.4705]
44   	31150.49    	0.021   	1.0000  	[16.2, 16.2, 16.2, 16.2]	[right, left, left, front]	[625.8792, 93.9504, 490.1162, 223.5811]
45   	29844.32    	0.020   	1.0000  	[16.2, 16.2, 16.2, 16.2]	[right, front, left, left]	[344.4477, 67.4503, 612.7031, 211.6137]
46   	28570.99    	0.019   	1.0000  	[16.2, 16.2, 16.2, 16.2]	[right, left, left, left]	[199.4021, 104.9761, 888.7637, 100.4463]
47   	27334.29    	0.018   	1.0000  	[16.2, 16.2, 16.2, 16.2]	[right, front, left, hover]	[150.7321, 106.9277, 1075.0489, 63.3117]
48   	26016.99    	0.017   	1.0000  	[16.2, 16.2, 16.2, 16.2]	[right, left, left, right]	[158.2970, 100.8286, 1205.8813, 28.8361]
49   	24853.40    	0.016   	1.0000  	[16.2, 16.2, 16.2, 16.2]	[right, down, left, right]	[168.2532, 107.5362, 1311.5511, 26.0240]
50   	23718.86    	0.015   	1.0000  	[16.2, 10.8, 16.2, 16.2]	[back, left, left, hover]	[146.9824, 108.3370, 1520.2045, 18.0290]
51   	22419.41    	0.014   	1.0000  	[16.2, 10.8, 16.2, 16.2]	[back, back, left, back]	[144.9530, 72.3336, 1761.9838, 9.5768]
52   	21290.34    	0.013   	1.0000  	[16.2, 10.8, 16.2, 16.2]	[back, left, left, back]	[139.7995, 54.9377, 1463.1853, 12.7112]
53   	20299.59    	0.013   	1.0000  	[16.2, 10.8, 16.2, 16.2]	[back, back, front, back]	[158.6538, 47.3720, 910.4642, 14.8219]
54   	19766.53    	0.012   	1.0000  	[16.2, 10.8, 16.2, 16.2]	[back, back, back, back]	[174.1546, 26.5222, 498.8884, 16.8204]
55   	19356.81    	0.012   	1.0000  	[16.2, 10.8, 16.2, 16.2]	[back, back, front, back]	[233.1347, 16.8541, 254.5436, 13.1634]
56   	18939.39    	0.011   	1.0000  	[16.2, 10.8, 16.2, 16.2]	[back, back, front, back]	[284.6998, 11.7163, 169.5369, 10.9809]
57   	18616.49    	0.011   	1.0000  	[16.2, 10.8, 16.2, 16.2]	[hover, up, front, up]	[138.1847, 11.0686, 82.5992, 8.2240]
58   	18337.52    	0.011   	1.0000  	[16.2, 16.2, 16.2, 21.7]	[left, right, front, back]	[76.8489, 6.6948, 56.5668, 11.6520]
59   	18034.70    	0.011   	1.0000  	[16.2, 16.2, 16.2, 21.7]	[left, right, front, back]	[65.9950, 4.4668, 50.7337, 28.7981]
60   	17656.47    	0.010   	1.0000  	[16.2, 16.2, 16.2, 21.7]	[left, back, front, back]	[69.5532, 2.7552, 35.7757, 65.4733]
61   	17284.87    	0.010   	1.0000  	[16.2, 16.2, 16.2, 21.7]	[left, down, front, back]	[67.6483, 1.8507, 89.0722, 83.1464]
62   	16883.38    	0.010   	1.0000  	[16.2, 10.8, 16.2, 21.7]	[left, back, front, left]	[66.3648, 1.7424, 177.9218, 49.2693]
63   	16423.87    	0.010   	1.0000  	[16.2, 10.8, 16.2, 21.7]	[left, back, front, back]	[69.3975, 8.9161, 324.9354, 26.7896]
64   	15937.26    	0.009   	1.0000  	[16.2, 10.8, 16.2, 21.7]	[left, back, front, down]	[63.8666, 22.2047, 496.7312, 24.8868]
65   	15599.01    	0.009   	1.0000  	[16.2, 10.8, 16.2, 16.2]	[left, back, front, left]	[58.6693, 36.0607, 366.9362, 10.9484]
66   	15332.50    	0.009   	1.0000  	[16.2, 10.8, 16.2, 16.2]	[left, back, hover, left]	[55.6097, 38.8511, 232.7849, 4.4748]
67   	15015.95    	0.009   	1.0000  	[16.2, 10.8, 16.2, 16.2]	[left, up, hover, back]	[48.7124, 46.6440, 147.6708, 1.3311]
68   	14698.91    	0.008   	1.0000  	[16.2, 16.2, 16.2, 16.2]	[hover, back, hover, down]	[29.3034, 52.7538, 80.4752, 1.1624]
69   	14434.24    	0.008   	1.0000  	[16.2, 16.2, 16.2, 10.8]	[back, back, right, back]	[19.7343, 72.1905, 49.3892, 1.0012]
70   	14303.59    	0.008   	1.0000  	[16.2, 16.2, 16.2, 10.8]	[down, right, hover, hover]	[16.3791, 69.4370, 35.9802, 0.8336]
71   	14184.62    	0.008   	1.0000  	[10.8, 16.2, 16.2, 10.8]	[left, left, left, hover]	[17.2473, 43.6488, 27.7067, 0.3488]
72   	14129.90    	0.008   	1.0000  	[10.8, 16.2, 16.2, 10.8]	[hover, hover, right, right]	[9.4592, 23.7236, 16.2459, 0.1316]
73   	14094.63    	0.008   	1.0000  	[10.8, 16.2, 16.2, 10.8]	[hover, right, right, right]	[3.6914, 12.5047, 16.2590, 0.2572]
74   	14057.92    	0.008   	1.0000  	[10.8, 16.2, 16.2, 10.8]	[left, up, right, right]	[2.2947, 10.5033, 18.3742, 0.9033]
75   	14023.62    	0.008   	1.0000  	[10.8, 21.7, 16.2, 10.8]	[front, right, right, right]	[2.4594, 10.7167, 18.3092, 1.2660]
76   	13970.61    	0.008   	1.0000  	[10.8, 21.7, 16.2, 10.8]	[front, right, right, right]	[5.2595, 17.6951, 16.3624, 2.6383]
77   	13869.86    	0.008   	1.0000  	[10.8, 21.7, 16.2, 10.8]	[front, right, right, right]	[32.1970, 31.5647, 12.5051, 1.4176]
78   	13503.11    	0.008   	1.0000  	[10.8, 21.7, 16.2, 10.8]	[front, right, right, right]	[242.6041, 63.8861, 9.8902, 1.5635]
79   	13118.91    	0.008   	1.0000  	[10.8, 21.7, 16.2, 10.8]	[front, right, right, right]	[169.3505, 113.6117, 14.9418, 1.3727]
80   	12720.05    	0.007   	1.0000  	[10.8, 21.7, 16.2, 10.8]	[front, right, right, up]	[90.4839, 188.3192, 22.4558, 1.9008]
81   	11999.51    	0.007   	1.0000  	[10.8, 21.7, 16.2, 16.2]	[right, right, right, right]	[69.5502, 388.2135, 44.3706, 2.6369]
82   	10920.72    	0.006   	1.0000  	[10.8, 21.7, 16.2, 16.2]	[front, right, right, right]	[38.2239, 589.3261, 93.8986, 4.5623]
83   	9761.87     	0.005   	1.0000  	[10.8, 21.7, 16.2, 16.2]	[up, right, hover, right]	[23.0541, 692.5032, 35.4978, 7.5343]
84   	8886.33     	0.004   	1.0000  	[16.2, 21.7, 16.2, 16.2]	[right, front, back, right]	[13.4384, 458.2243, 12.4134, 18.8748]
85   	8175.75     	0.004   	1.0000  	[16.2, 21.7, 16.2, 16.2]	[right, hover, back, right]	[9.6741, 276.0427, 16.2923, 112.6271]
86   	7711.62     	0.004   	1.0000  	[16.2, 21.7, 16.2, 16.2]	[right, hover, back, front]	[14.4668, 162.0277, 14.9068, 58.4813]
87   	7443.11     	0.003   	1.0000  	[16.2, 21.7, 16.2, 16.2]	[right, hover, back, right]	[17.4507, 78.0610, 8.5169, 24.8779]
88   	7269.90     	0.003   	1.0000  	[16.2, 21.7, 16.2, 16.2]	[right, hover, back, front]	[24.3664, 43.1527, 6.4845, 15.2130]
89   	7160.50     	0.003   	1.0000  	[16.2, 21.7, 16.2, 16.2]	[front, hover, right, front]	[8.9160, 18.2861, 4.6703, 17.8943]
90   	7057.01     	0.003   	1.0000  	[16.2, 21.7, 16.2, 16.2]	[front, hover, down, front]	[14.2854, 9.3966, 5.4868, 23.7601]
91   	6978.28     	0.003   	1.0000  	[16.2, 21.7, 10.8, 16.2]	[front, back, back, front]	[22.3110, 5.7311, 4.2848, 27.1789]
92   	6894.25     	0.003   	1.0000  	[16.2, 21.7, 10.8, 16.2]	[up, back, right, front]	[28.7951, 4.6886, 2.8492, 44.5897]
93   	6724.23     	0.003   	1.0000  	[21.7, 21.7, 10.8, 16.2]	[up, down, hover, front]	[53.4373, 4.6291, 1.1541, 69.1425]
94   	6520.08     	0.003   	1.0000  	[27.1, 16.2, 10.8, 16.2]	[left, right, back, front]	[74.4178, 6.8901, 0.7352, 117.1518]
95   	6207.02     	0.003   	1.0000  	[27.1, 16.2, 10.8, 16.2]	[left, down, back, front]	[112.7813, 5.9011, 0.4354, 214.9193]
96   	5740.57     	0.003   	1.0000  	[27.1, 10.8, 10.8, 16.2]	[hover, right, back, front]	[82.9467, 5.1988, 2.0973, 301.5393]
97   	5257.56     	0.002   	1.0000  	[27.1, 10.8, 10.8, 16.2]	[hover, hover, back, front]	[57.5040, 3.6915, 2.9622, 335.4911]
98   	4699.65     	0.002   	1.0000  	[27.1, 10.8, 10.8, 16.2]	[hover, hover, back, front]	[38.5409, 1.4874, 13.8371, 430.7033]
99   	4007.93     	0.001   	1.0000  	[27.1, 10.8, 10.8, 16.2]	[hover, hover, back, front]	[25.3619, 0.7327, 47.5497, 600.6213]
[2025-12-18T14:57:33]
Strategy: greedy_ig
Pairwise: adaptive
News mode: IGd
Num agents: 4
Iteration: 7
Error margin: None
Gaussian radius 5 
Grid info: range: 0-50-50, cell_size:0.125, map shape: (400, 400), center:True
init UAV positions: [(-25.0, -15.0, 5.4), (0.0, 15.0, 5.4), (0.0, -15.0, 5.4), (15.0, 15.0, 5.4)]
mcts_params: {}
Step	Entropy	MSE	Coverage	Heights	Actions	IGs
------------------------------------------------------------------------------------------------------------------------
0    	160000.00   	0.250   	0.0000  	[5.4, 5.4, 5.4, 5.4]	[-, -, -, -]	[-, -, -, -]
1    	158929.81   	0.240   	0.0547  	[5.4, 5.4, 5.4, 5.4]	[up, up, up, up]	[1952.2791, 3904.5582, 3904.5582, 3904.5582]
2    	157681.55   	0.229   	0.2188  	[10.8, 10.8, 10.8, 10.8]	[up, up, up, up]	[2004.9236, 3858.5706, 3925.1020, 3434.5302]
3    	156499.87   	0.219   	0.4641  	[16.2, 16.2, 16.2, 16.2]	[right, up, up, back]	[2117.9683, 2761.5892, 3275.5766, 2093.4002]
4    	155036.03   	0.210   	0.6477  	[16.2, 21.7, 21.7, 16.2]	[right, back, front, up]	[1930.1445, 2567.1045, 2682.3671, 1826.2533]
5    	153586.72   	0.202   	0.7188  	[16.2, 21.7, 21.7, 21.7]	[right, left, right, left]	[1810.6505, 1917.8341, 2083.5349, 1726.2222]
6    	152245.26   	0.196   	0.7797  	[16.2, 21.7, 21.7, 21.7]	[right, left, right, back]	[1807.8467, 1813.2301, 1906.2704, 1691.6627]
7    	150877.36   	0.189   	0.8477  	[16.2, 21.7, 21.7, 21.7]	[up, left, right, back]	[1956.2862, 2046.3443, 1777.9690, 1669.9136]
8    	149292.09   	0.182   	0.9266  	[21.7, 21.7, 21.7, 21.7]	[front, left, right, left]	[2092.2710, 2207.4226, 1771.1648, 1648.7142]
9    	147204.03   	0.174   	0.9906  	[21.7, 21.7, 21.7, 21.7]	[front, back, front, left]	[1996.2037, 1681.6691, 1564.0928, 1407.5382]
10   	144450.96   	0.167   	0.9906  	[21.7, 21.7, 21.7, 21.7]	[right, back, front, left]	[1563.8401, 1381.1532, 1443.8641, 1113.7741]
11   	141290.84   	0.161   	0.9906  	[21.7, 21.7, 21.7, 21.7]	[right, back, front, left]	[1255.9120, 1222.3872, 1486.3368, 959.4541]
12   	138073.09   	0.154   	0.9906  	[21.7, 21.7, 21.7, 21.7]	[right, back, front, front]	[1059.9163, 1175.8158, 1653.8389, 898.9680]
13   	134496.50   	0.147   	0.9906  	[21.7, 21.7, 21.7, 21.7]	[right, back, front, left]	[1129.2899, 1379.8443, 1796.9575, 1031.0218]
14   	130690.40   	0.139   	0.9906  	[21.7, 21.7, 21.7, 21.7]	[right, back, front, left]	[1233.4025, 1482.0477, 1993.9821, 1299.4632]
15   	126887.36   	0.131   	0.9906  	[21.7, 21.7, 21.7, 21.7]	[right, back, front, left]	[1415.8138, 1699.4644, 2181.4558, 1658.4164]
16   	123532.95   	0.124   	0.9906  	[21.7, 21.7, 21.7, 21.7]	[right, back, front, left]	[1734.6549, 1851.7552, 2202.1289, 1902.6358]
17   	120252.51   	0.117   	0.9938  	[21.7, 21.7, 21.7, 21.7]	[right, right, left, front]	[2125.5556, 1770.7055, 1892.2068, 1895.9946]
18   	117066.77   	0.111   	0.9938  	[21.7, 21.7, 21.7, 21.7]	[back, right, left, left]	[2038.0183, 1694.5909, 1710.5397, 1301.2881]
19   	114019.33   	0.106   	0.9938  	[21.7, 21.7, 21.7, 21.7]	[right, right, left, front]	[1317.4915, 1734.5875, 1690.6863, 872.0798]
20   	110940.38   	0.101   	0.9969  	[21.7, 21.7, 21.7, 21.7]	[back, right, left, down]	[812.9904, 1593.3617, 1578.2488, 789.0208]
21   	107916.80   	0.097   	1.0000  	[21.7, 21.7, 21.7, 16.2]	[down, right, left, front]	[576.4494, 1669.0907, 1669.3858, 489.5375]
22   	104992.04   	0.093   	1.0000  	[16.2, 21.7, 21.7, 16.2]	[back, right, left, hover]	[300.9565, 1547.5465, 1587.4884, 281.9928]
23   	102379.66   	0.089   	1.0000  	[16.2, 21.7, 21.7, 16.2]	[left, front, left, front]	[123.2081, 1127.9951, 1405.0665, 149.0338]
24   	99624.98    	0.086   	1.0000  	[16.2, 21.7, 21.7, 16.2]	[left, right, back, right]	[141.3110, 1096.7482, 1441.1609, 167.3768]
25   	97034.51    	0.083   	1.0000  	[16.2, 21.7, 21.7, 16.2]	[left, right, left, right]	[132.3218, 1355.2488, 1431.3456, 219.2347]
26   	94709.82    	0.080   	1.0000  	[16.2, 21.7, 21.7, 16.2]	[left, front, back, right]	[127.8702, 1392.1238, 1418.2814, 322.8919]
27   	92804.38    	0.077   	1.0000  	[16.2, 21.7, 21.7, 16.2]	[left, front, back, right]	[97.3206, 1429.8781, 1382.7599, 362.8084]
28   	91174.68    	0.075   	1.0000  	[16.2, 21.7, 21.7, 16.2]	[left, front, back, right]	[77.4537, 1528.7262, 1266.4346, 317.6552]
29   	89584.69    	0.073   	1.0000  	[16.2, 21.7, 21.7, 16.2]	[left, front, back, right]	[62.0746, 1577.1345, 1126.9429, 241.7643]
30   	87845.27    	0.071   	1.0000  	[16.2, 21.7, 21.7, 16.2]	[left, front, back, right]	[52.9778, 1518.8105, 963.9469, 156.7176]
31   	86140.01    	0.068   	1.0000  	[16.2, 21.7, 21.7, 16.2]	[left, front, back, right]	[50.1582, 1299.8480, 836.9787, 101.0893]
32   	84540.35    	0.066   	1.0000  	[16.2, 21.7, 21.7, 16.2]	[left, front, back, right]	[49.8338, 986.9217, 689.4500, 79.2063]
33   	83353.00    	0.064   	1.0000  	[16.2, 21.7, 21.7, 16.2]	[back, hover, back, right]	[31.8737, 632.5948, 560.4508, 82.5580]
34   	82482.56    	0.062   	1.0000  	[16.2, 21.7, 21.7, 16.2]	[down, front, hover, right]	[30.8488, 410.2057, 512.8075, 99.3800]
35   	81997.60    	0.062   	1.0000  	[10.8, 21.7, 21.7, 16.2]	[left, hover, down, right]	[33.2071, 259.5002, 356.0300, 57.8018]
36   	81660.51    	0.061   	1.0000  	[10.8, 21.7, 16.2, 16.2]	[back, hover, left, down]	[22.7142, 151.7943, 319.0284, 45.1186]
37   	81480.41    	0.061   	1.0000  	[10.8, 21.7, 16.2, 10.8]	[hover, left, back, back]	[12.1625, 96.6463, 201.0606, 27.5601]
38   	81370.82    	0.061   	1.0000  	[10.8, 21.7, 16.2, 10.8]	[left, left, hover, back]	[6.6775, 56.9748, 132.8447, 43.5162]
39   	81275.28    	0.061   	1.0000  	[10.8, 21.7, 16.2, 10.8]	[right, left, hover, back]	[3.4540, 45.8654, 77.9866, 63.0317]
40   	81191.52    	0.061   	1.0000  	[10.8, 21.7, 16.2, 10.8]	[right, left, hover, back]	[2.4414, 52.1863, 47.7787, 84.7369]
41   	81065.65    	0.061   	1.0000  	[10.8, 21.7, 16.2, 10.8]	[right, left, left, back]	[3.3001, 101.7102, 28.5471, 157.5064]
42   	80789.13    	0.060   	1.0000  	[10.8, 21.7, 16.2, 10.8]	[right, left, right, back]	[4.6543, 163.7505, 19.3510, 423.5054]
43   	80335.46    	0.060   	1.0000  	[10.8, 21.7, 16.2, 10.8]	[right, left, right, back]	[3.5314, 253.0073, 17.2044, 709.9172]
44   	79650.70    	0.059   	1.0000  	[10.8, 21.7, 16.2, 10.8]	[right, left, right, back]	[3.1286, 393.3479, 21.3296, 1170.3103]
45   	78845.16    	0.058   	1.0000  	[10.8, 21.7, 16.2, 10.8]	[hover, hover, right, back]	[1.3838, 284.0818, 31.7204, 1432.4791]
46   	77885.03    	0.058   	1.0000  	[10.8, 21.7, 16.2, 10.8]	[right, hover, right, back]	[0.6269, 205.5430, 35.7483, 1564.3843]
47   	76727.98    	0.056   	1.0000  	[10.8, 21.7, 16.2, 10.8]	[front, hover, right, up]	[0.4876, 137.1296, 30.7207, 1658.3221]
48   	75347.88    	0.055   	1.0000  	[10.8, 21.7, 16.2, 16.2]	[right, hover, right, back]	[0.3033, 96.3306, 32.2812, 1668.1305]
49   	73663.52    	0.053   	1.0000  	[10.8, 21.7, 16.2, 16.2]	[right, hover, right, left]	[1.6183, 63.6354, 71.9173, 1325.1857]
50   	71880.73    	0.052   	1.0000  	[10.8, 21.7, 16.2, 16.2]	[right, hover, right, left]	[1.4816, 42.5751, 91.9828, 844.6687]
51   	70074.98    	0.050   	1.0000  	[10.8, 21.7, 16.2, 16.2]	[right, hover, right, up]	[3.4456, 29.6675, 106.0170, 531.1116]
52   	67982.54    	0.049   	1.0000  	[10.8, 21.7, 16.2, 21.7]	[right, hover, right, left]	[8.7730, 19.3592, 145.3225, 677.1652]
53   	65941.13    	0.047   	1.0000  	[10.8, 21.7, 16.2, 21.7]	[right, hover, front, left]	[24.4596, 11.9255, 83.3466, 827.6452]
54   	63907.88    	0.045   	1.0000  	[10.8, 21.7, 16.2, 21.7]	[front, back, front, left]	[7.5182, 8.4129, 46.6303, 1035.5033]
55   	61894.30    	0.044   	1.0000  	[10.8, 21.7, 16.2, 21.7]	[front, back, front, left]	[5.4360, 6.0666, 31.7203, 1268.9669]
56   	59825.62    	0.042   	1.0000  	[10.8, 21.7, 16.2, 21.7]	[front, back, front, left]	[22.9987, 10.0254, 26.1619, 1459.8592]
57   	57777.21    	0.041   	1.0000  	[10.8, 21.7, 16.2, 21.7]	[front, back, front, left]	[65.4842, 16.4853, 36.1961, 1506.1288]
58   	55547.33    	0.039   	1.0000  	[10.8, 21.7, 16.2, 21.7]	[front, back, front, left]	[154.7949, 27.4085, 56.9045, 1445.4532]
59   	53127.93    	0.037   	1.0000  	[10.8, 21.7, 16.2, 21.7]	[front, back, front, left]	[359.9346, 41.0596, 78.1941, 1203.5829]
60   	50208.05    	0.035   	1.0000  	[10.8, 21.7, 16.2, 21.7]	[front, back, front, left]	[741.8598, 51.8630, 112.7549, 785.7033]
61   	47667.97    	0.033   	1.0000  	[10.8, 21.7, 16.2, 21.7]	[front, up, front, down]	[913.7490, 44.1222, 130.0427, 815.4426]
62   	44810.86    	0.031   	1.0000  	[10.8, 27.1, 16.2, 16.2]	[front, back, front, left]	[1046.0709, 94.3983, 178.2375, 776.3745]
63   	42074.49    	0.029   	1.0000  	[10.8, 27.1, 16.2, 16.2]	[up, right, front, back]	[1073.9510, 77.1046, 231.5302, 528.7247]
64   	40033.66    	0.028   	1.0000  	[16.2, 27.1, 16.2, 16.2]	[left, hover, front, left]	[1182.0181, 55.7995, 105.5255, 298.5855]
65   	38349.15    	0.026   	1.0000  	[16.2, 27.1, 16.2, 16.2]	[left, hover, front, front]	[1302.4522, 40.5543, 47.8259, 174.4747]
66   	36161.21    	0.025   	1.0000  	[16.2, 27.1, 16.2, 16.2]	[front, hover, hover, front]	[1536.0897, 27.3800, 19.9455, 152.2952]
67   	33724.85    	0.023   	1.0000  	[16.2, 27.1, 16.2, 16.2]	[up, right, left, front]	[1445.7797, 19.6893, 9.8029, 179.5436]
68   	30988.77    	0.021   	1.0000  	[21.7, 27.1, 16.2, 16.2]	[front, right, right, front]	[1249.9493, 28.4125, 4.9698, 154.6554]
69   	28580.45    	0.019   	1.0000  	[21.7, 27.1, 16.2, 16.2]	[left, right, left, front]	[1225.0177, 52.2290, 3.7756, 100.1159]
70   	26269.24    	0.017   	1.0000  	[21.7, 27.1, 16.2, 16.2]	[left, right, up, front]	[1153.1664, 91.5253, 3.3282, 54.7852]
71   	23864.54    	0.015   	1.0000  	[21.7, 27.1, 21.7, 16.2]	[left, right, left, front]	[1105.7002, 191.8143, 4.2481, 29.3982]
72   	21386.87    	0.013   	1.0000  	[21.7, 27.1, 21.7, 16.2]	[left, right, left, front]	[1095.4669, 314.9707, 7.7379, 24.3773]
73   	18934.39    	0.012   	1.0000  	[21.7, 27.1, 21.7, 16.2]	[left, back, left, front]	[1066.6494, 253.7658, 12.9864, 19.2119]
74   	16649.95    	0.010   	1.0000  	[21.7, 27.1, 21.7, 16.2]	[left, back, left, front]	[1024.3501, 189.9850, 27.2432, 33.1187]
75   	14370.11    	0.008   	1.0000  	[21.7, 27.1, 21.7, 16.2]	[left, hover, left, front]	[959.2637, 130.1573, 43.8630, 30.7270]
76   	12161.64    	0.006   	1.0000  	[21.7, 27.1, 21.7, 16.2]	[left, front, left, front]	[909.3575, 89.6560, 65.5889, 15.7398]
77   	10261.44    	0.005   	1.0000  	[21.7, 27.1, 21.7, 16.2]	[back, right, left, down]	[806.9112, 58.0531, 94.1891, 20.6169]
78   	8597.01     	0.004   	1.0000  	[21.7, 27.1, 21.7, 10.8]	[back, down, left, front]	[666.3877, 74.7799, 212.2882, 13.3954]
79   	7531.64     	0.003   	1.0000  	[21.7, 21.7, 21.7, 10.8]	[left, hover, hover, right]	[396.6893, 41.4775, 208.0457, 9.5828]
80   	6890.45     	0.003   	1.0000  	[21.7, 21.7, 21.7, 10.8]	[down, hover, hover, right]	[320.5550, 22.9406, 190.0733, 9.5186]
81   	6511.88     	0.003   	1.0000  	[16.2, 21.7, 21.7, 10.8]	[front, hover, hover, right]	[149.6401, 13.4696, 131.9470, 13.4070]
82   	6095.18     	0.002   	1.0000  	[16.2, 21.7, 21.7, 10.8]	[front, hover, hover, right]	[160.9913, 8.6196, 84.3677, 15.5552]
83   	5666.40     	0.002   	1.0000  	[16.2, 21.7, 21.7, 10.8]	[front, hover, hover, right]	[144.7977, 6.2486, 48.1912, 12.3629]
84   	5325.86     	0.002   	1.0000  	[16.2, 21.7, 21.7, 10.8]	[left, hover, hover, right]	[120.1939, 4.5678, 56.9492, 9.3932]
85   	5083.50     	0.002   	1.0000  	[16.2, 21.7, 21.7, 10.8]	[left, front, back, back]	[78.9419, 3.9137, 64.2318, 5.6035]
86   	4891.69     	0.002   	1.0000  	[16.2, 21.7, 21.7, 10.8]	[front, hover, back, front]	[46.6671, 2.9836, 67.0089, 3.6801]
87   	4754.40     	0.002   	1.0000  	[16.2, 21.7, 21.7, 10.8]	[down, back, back, back]	[48.2294, 2.2485, 65.8769, 2.0956]
88   	4658.40     	0.002   	1.0000  	[10.8, 21.7, 21.7, 10.8]	[right, down, hover, back]	[29.4278, 2.0538, 37.5990, 2.2599]
89   	4603.13     	0.002   	1.0000  	[10.8, 16.2, 21.7, 10.8]	[right, right, back, back]	[22.4142, 1.9845, 21.2336, 5.6616]
90   	4560.37     	0.002   	1.0000  	[10.8, 16.2, 21.7, 10.8]	[right, back, front, back]	[23.4028, 1.8851, 14.3725, 4.4659]
91   	4524.11     	0.001   	1.0000  	[10.8, 16.2, 21.7, 10.8]	[right, hover, hover, back]	[26.9797, 1.2907, 8.3699, 5.4244]
92   	4487.77     	0.001   	1.0000  	[10.8, 16.2, 21.7, 10.8]	[right, back, back, up]	[22.0595, 0.9515, 6.3887, 5.9233]
93   	4467.31     	0.001   	1.0000  	[10.8, 16.2, 21.7, 16.2]	[right, back, back, right]	[20.1849, 0.8391, 5.9813, 2.7528]
94   	4434.23     	0.001   	1.0000  	[10.8, 16.2, 21.7, 16.2]	[right, hover, back, right]	[21.2716, 0.7904, 7.7957, 5.4711]
95   	4407.39     	0.001   	1.0000  	[10.8, 16.2, 21.7, 16.2]	[right, down, back, right]	[21.4631, 0.9899, 6.2545, 2.8699]
96   	4364.98     	0.001   	1.0000  	[10.8, 10.8, 21.7, 16.2]	[right, right, back, right]	[37.8885, 0.4330, 5.1577, 3.3751]
97   	4291.71     	0.001   	1.0000  	[10.8, 10.8, 21.7, 16.2]	[right, front, back, right]	[60.9657, 0.6704, 4.0633, 5.5288]
98   	4156.45     	0.001   	1.0000  	[10.8, 10.8, 21.7, 16.2]	[right, right, back, right]	[114.0206, 0.3999, 3.9196, 8.8236]
99   	3946.38     	0.001   	1.0000  	[10.8, 10.8, 21.7, 16.2]	[right, hover, back, back]	[200.9212, 0.1388, 4.4386, 6.7116]
[2025-12-18T14:57:42]
Strategy: greedy_ig
Pairwise: adaptive
News mode: IGd
Num agents: 4
Iteration: 8
Error margin: None
Gaussian radius 5 
Grid info: range: 0-50-50, cell_size:0.125, map shape: (400, 400), center:True
init UAV positions: [(-5.0, -5.0, 5.4), (-5.0, 25.0, 5.4), (20.0, -10.0, 5.4), (5.0, 25.0, 5.4)]
mcts_params: {}
Step	Entropy	MSE	Coverage	Heights	Actions	IGs
------------------------------------------------------------------------------------------------------------------------
0    	160000.00   	0.250   	0.0000  	[5.4, 5.4, 5.4, 5.4]	[-, -, -, -]	[-, -, -, -]
1    	159220.16   	0.243   	0.0469  	[5.4, 5.4, 5.4, 5.4]	[up, up, up, up]	[3904.5582, 1952.2791, 3514.1024, 1735.3592]
2    	158440.00   	0.236   	0.1750  	[10.8, 10.8, 10.8, 10.8]	[up, up, up, back]	[3915.8045, 1799.7327, 3064.4020, 1620.8996]
3    	157393.05   	0.227   	0.3445  	[16.2, 16.2, 16.2, 10.8]	[up, back, left, up]	[3890.0926, 2067.8349, 2946.8112, 1811.3405]
4    	156179.17   	0.218   	0.5250  	[21.7, 16.2, 16.2, 16.2]	[up, back, up, back]	[3208.2574, 1921.0102, 2560.1153, 1684.8100]
5    	154837.06   	0.210   	0.7063  	[27.1, 16.2, 21.7, 16.2]	[left, back, left, right]	[2659.0529, 1853.9976, 2536.9744, 1480.9194]
6    	153218.73   	0.201   	0.7672  	[27.1, 16.2, 21.7, 16.2]	[back, up, left, back]	[2153.6996, 2110.9913, 2188.3719, 1400.9780]
7    	151496.10   	0.193   	0.8281  	[27.1, 21.7, 21.7, 16.2]	[left, back, left, right]	[1615.7753, 1948.7442, 1979.7988, 1479.4582]
8    	149985.28   	0.187   	0.8672  	[27.1, 21.7, 21.7, 16.2]	[down, left, left, right]	[1219.0114, 1987.0348, 1808.2927, 1725.9975]
9    	148579.00   	0.181   	0.9086  	[21.7, 21.7, 21.7, 16.2]	[back, left, front, back]	[1037.0570, 2197.3672, 1602.6175, 1610.0940]
10   	146833.24   	0.175   	0.9445  	[21.7, 21.7, 21.7, 16.2]	[back, back, front, back]	[931.7049, 2076.3268, 1465.0951, 1502.4618]
11   	144875.40   	0.170   	0.9587  	[21.7, 21.7, 21.7, 16.2]	[left, back, front, back]	[795.0662, 1793.4936, 1364.9960, 1430.8666]
12   	142740.35   	0.165   	0.9594  	[21.7, 21.7, 21.7, 16.2]	[back, back, front, back]	[508.3057, 1637.0113, 1165.9936, 1508.3360]
13   	140501.40   	0.160   	0.9594  	[21.7, 21.7, 21.7, 16.2]	[down, back, front, back]	[359.9355, 1604.5686, 1285.9960, 1832.3623]
14   	138175.20   	0.155   	0.9594  	[16.2, 21.7, 21.7, 16.2]	[left, back, front, back]	[346.1749, 1631.4451, 1598.2461, 2323.3567]
15   	135819.16   	0.149   	0.9594  	[16.2, 21.7, 21.7, 16.2]	[hover, back, front, back]	[199.2720, 1593.9844, 1893.1483, 2704.1880]
16   	133349.48   	0.144   	0.9594  	[16.2, 21.7, 21.7, 16.2]	[hover, right, left, back]	[107.9649, 1519.4619, 1744.7787, 2877.4487]
17   	130903.20   	0.138   	0.9594  	[16.2, 21.7, 21.7, 16.2]	[front, back, left, back]	[85.3150, 1376.8461, 1832.0393, 2669.8994]
18   	128421.31   	0.132   	0.9594  	[16.2, 21.7, 21.7, 16.2]	[front, back, left, up]	[73.6625, 1380.1031, 2021.6192, 2379.0184]
19   	125401.34   	0.127   	0.9800  	[16.2, 21.7, 21.7, 21.7]	[front, right, left, left]	[122.7664, 1366.3706, 2057.1119, 1798.9429]
20   	121826.73   	0.121   	0.9800  	[16.2, 21.7, 21.7, 21.7]	[front, right, left, left]	[208.9006, 1241.8447, 2030.9884, 1251.8186]
21   	118434.80   	0.116   	0.9800  	[16.2, 21.7, 21.7, 21.7]	[front, right, left, front]	[348.7704, 852.3964, 1550.8633, 818.0262]
22   	115332.15   	0.112   	0.9884  	[16.2, 21.7, 21.7, 21.7]	[front, right, down, front]	[598.3186, 861.4956, 1080.2110, 651.0120]
23   	111739.05   	0.108   	0.9884  	[16.2, 21.7, 16.2, 21.7]	[front, right, front, left]	[802.0861, 909.0086, 661.0966, 787.1209]
24   	107943.44   	0.103   	0.9884  	[16.2, 21.7, 16.2, 21.7]	[front, right, front, left]	[964.1942, 1283.0518, 473.8971, 1222.6750]
25   	104212.55   	0.098   	0.9884  	[16.2, 21.7, 16.2, 21.7]	[front, right, left, left]	[980.4000, 1423.5602, 359.0568, 1583.9440]
26   	100833.79   	0.093   	0.9888  	[16.2, 21.7, 16.2, 21.7]	[right, front, left, left]	[850.8029, 1332.4356, 274.9061, 1666.4361]
27   	97761.31    	0.089   	0.9891  	[16.2, 21.7, 16.2, 21.7]	[right, front, back, left]	[947.5880, 1422.7407, 231.0264, 1745.7754]
28   	94924.46    	0.086   	0.9906  	[16.2, 21.7, 16.2, 21.7]	[front, front, back, left]	[1077.6064, 1667.5465, 190.8776, 1951.3435]
29   	92052.58    	0.082   	0.9922  	[16.2, 21.7, 16.2, 21.7]	[right, front, back, back]	[1439.1240, 1952.0144, 297.0658, 1782.6234]
30   	88168.72    	0.077   	0.9938  	[16.2, 21.7, 16.2, 21.7]	[right, front, back, back]	[1765.0505, 2065.7379, 725.1323, 1731.6276]
31   	83748.04    	0.072   	0.9953  	[16.2, 21.7, 16.2, 21.7]	[right, front, back, left]	[1731.6810, 2004.2803, 1006.9315, 1443.8472]
32   	79264.87    	0.066   	0.9969  	[16.2, 21.7, 16.2, 21.7]	[right, front, back, hover]	[1552.2411, 1696.0287, 1009.9766, 928.2983]
33   	74967.12    	0.061   	0.9984  	[16.2, 21.7, 16.2, 21.7]	[up, front, back, hover]	[1292.9617, 1335.8678, 962.0286, 560.7806]
34   	70924.59    	0.057   	1.0000  	[21.7, 21.7, 16.2, 21.7]	[right, down, right, back]	[1049.3695, 805.3278, 885.1040, 333.0047]
35   	66972.07    	0.054   	1.0000  	[21.7, 16.2, 16.2, 21.7]	[right, front, back, down]	[1104.8926, 608.5016, 947.2158, 180.0944]
36   	63611.62    	0.050   	1.0000  	[21.7, 16.2, 16.2, 16.2]	[back, right, back, left]	[995.0774, 467.2938, 917.9338, 129.4403]
37   	60695.03    	0.047   	1.0000  	[21.7, 16.2, 16.2, 16.2]	[right, front, up, left]	[1107.9720, 177.6272, 561.0324, 71.8209]
38   	58197.04    	0.045   	1.0000  	[21.7, 16.2, 21.7, 16.2]	[back, front, back, down]	[1203.3250, 76.0350, 568.1072, 33.5172]
39   	55882.55    	0.043   	1.0000  	[21.7, 16.2, 21.7, 10.8]	[back, left, right, back]	[1354.5550, 50.0605, 812.5698, 30.7341]
40   	54088.60    	0.042   	1.0000  	[21.7, 16.2, 21.7, 10.8]	[back, left, right, hover]	[1448.8373, 25.8634, 651.1672, 18.8519]
41   	52460.17    	0.041   	1.0000  	[21.7, 16.2, 21.7, 10.8]	[back, left, right, hover]	[1571.4241, 14.9396, 486.6378, 12.1842]
42   	51117.26    	0.039   	1.0000  	[21.7, 16.2, 21.7, 10.8]	[right, left, right, up]	[1695.1990, 9.5424, 379.3330, 10.0177]
43   	49524.17    	0.038   	1.0000  	[21.7, 16.2, 21.7, 16.2]	[back, back, right, right]	[1748.2556, 7.7163, 268.5510, 15.2969]
44   	47419.14    	0.036   	1.0000  	[21.7, 16.2, 21.7, 16.2]	[back, back, right, right]	[1696.1219, 8.5775, 196.1636, 23.9643]
45   	45086.88    	0.034   	1.0000  	[21.7, 16.2, 21.7, 16.2]	[back, back, right, right]	[1468.7971, 14.7250, 139.3804, 33.2549]
46   	42987.61    	0.032   	1.0000  	[21.7, 16.2, 21.7, 16.2]	[back, back, right, right]	[941.3395, 30.0727, 101.1997, 77.6642]
47   	41361.67    	0.031   	1.0000  	[21.7, 16.2, 21.7, 16.2]	[down, right, right, right]	[676.4902, 22.9732, 119.7403, 125.5984]
48   	40311.40    	0.030   	1.0000  	[16.2, 16.2, 21.7, 16.2]	[back, right, right, right]	[359.2128, 20.3113, 122.1267, 98.5407]
49   	39650.26    	0.029   	1.0000  	[16.2, 16.2, 21.7, 16.2]	[right, right, hover, right]	[217.1334, 17.5763, 73.9445, 83.8954]
50   	39269.48    	0.029   	1.0000  	[16.2, 16.2, 21.7, 16.2]	[back, right, front, right]	[82.5098, 28.0718, 63.8908, 70.9474]
51   	38861.14    	0.029   	1.0000  	[16.2, 16.2, 21.7, 16.2]	[back, back, front, right]	[32.0275, 25.5371, 177.1434, 65.4968]
52   	38412.94    	0.028   	1.0000  	[16.2, 16.2, 21.7, 16.2]	[left, back, front, right]	[26.8840, 32.5759, 235.7771, 43.7546]
53   	37746.13    	0.028   	1.0000  	[16.2, 16.2, 21.7, 16.2]	[left, back, front, right]	[45.3192, 45.6121, 261.8948, 95.6044]
54   	36744.74    	0.027   	1.0000  	[16.2, 16.2, 21.7, 16.2]	[left, back, front, right]	[121.7961, 65.2904, 436.4662, 209.4398]
55   	35542.84    	0.026   	1.0000  	[16.2, 16.2, 21.7, 16.2]	[left, back, front, front]	[120.7396, 116.7516, 719.5561, 112.0542]
56   	34117.45    	0.025   	1.0000  	[16.2, 16.2, 21.7, 16.2]	[left, back, front, right]	[92.7293, 124.3176, 950.2255, 49.7736]
57   	32475.07    	0.024   	1.0000  	[16.2, 16.2, 21.7, 16.2]	[left, back, front, down]	[59.9914, 140.7930, 1111.3723, 19.0733]
58   	31198.80    	0.023   	1.0000  	[16.2, 16.2, 21.7, 10.8]	[down, back, front, front]	[48.5500, 240.3152, 808.4237, 13.7398]
59   	30465.47    	0.022   	1.0000  	[10.8, 16.2, 21.7, 10.8]	[front, back, down, front]	[32.6884, 110.8566, 506.0061, 71.3214]
60   	30054.23    	0.022   	1.0000  	[10.8, 16.2, 16.2, 10.8]	[up, down, front, front]	[19.1345, 51.8937, 323.9598, 134.4872]
61   	29762.23    	0.021   	1.0000  	[16.2, 10.8, 16.2, 10.8]	[left, right, right, front]	[14.5395, 37.9798, 249.0099, 220.0894]
62   	29567.90    	0.021   	1.0000  	[16.2, 10.8, 16.2, 10.8]	[left, hover, hover, front]	[13.2342, 9.4509, 101.3351, 266.9789]
63   	29436.89    	0.021   	1.0000  	[16.2, 10.8, 16.2, 10.8]	[left, left, hover, front]	[11.9988, 4.3662, 37.8557, 252.9546]
64   	29295.68    	0.021   	1.0000  	[16.2, 10.8, 16.2, 10.8]	[left, up, left, front]	[13.2657, 4.3636, 20.1984, 235.9884]
65   	29121.33    	0.021   	1.0000  	[16.2, 16.2, 16.2, 10.8]	[left, left, left, front]	[18.6195, 10.5297, 37.0077, 220.2379]
66   	28916.73    	0.021   	1.0000  	[16.2, 16.2, 16.2, 10.8]	[front, left, left, front]	[12.1568, 7.4614, 65.5326, 218.1242]
67   	28712.48    	0.020   	1.0000  	[16.2, 16.2, 16.2, 10.8]	[hover, left, left, front]	[7.7807, 11.3306, 74.6358, 245.5992]
68   	28461.38    	0.020   	1.0000  	[16.2, 16.2, 16.2, 10.8]	[hover, left, left, front]	[4.8197, 15.4031, 64.5348, 378.6434]
69   	28346.01    	0.020   	1.0000  	[16.2, 16.2, 16.2, 10.8]	[hover, left, left, hover]	[2.7437, 26.8608, 59.0454, 114.1442]
70   	28243.85    	0.020   	1.0000  	[16.2, 16.2, 16.2, 10.8]	[front, left, left, hover]	[1.4767, 62.4028, 40.2808, 27.2050]
71   	28120.66    	0.020   	1.0000  	[16.2, 16.2, 16.2, 10.8]	[up, left, left, hover]	[1.0742, 99.1608, 34.0049, 8.6350]
72   	27924.38    	0.020   	1.0000  	[21.7, 16.2, 16.2, 10.8]	[right, left, left, left]	[1.7537, 140.2811, 35.6388, 4.1078]
73   	27706.94    	0.020   	1.0000  	[21.7, 16.2, 16.2, 10.8]	[right, left, left, right]	[1.7737, 199.0042, 48.5962, 1.9431]
74   	27277.71    	0.019   	1.0000  	[21.7, 16.2, 16.2, 10.8]	[front, left, left, up]	[1.6940, 499.7858, 53.1942, 0.6696]
75   	26673.21    	0.019   	1.0000  	[21.7, 16.2, 16.2, 16.2]	[front, left, hover, back]	[1.9585, 702.6664, 28.6742, 2.7560]
76   	26386.97    	0.019   	1.0000  	[21.7, 16.2, 16.2, 16.2]	[front, down, hover, back]	[2.6643, 574.9183, 17.6033, 5.9257]
77   	26024.06    	0.018   	1.0000  	[21.7, 10.8, 16.2, 16.2]	[front, left, front, back]	[6.1757, 621.3113, 9.8646, 13.8045]
78   	25808.43    	0.018   	1.0000  	[21.7, 10.8, 16.2, 16.2]	[front, hover, front, back]	[14.6470, 358.8100, 8.0992, 11.5045]
79   	25587.18    	0.018   	1.0000  	[21.7, 10.8, 16.2, 16.2]	[front, front, hover, back]	[33.9156, 253.4023, 5.5479, 12.3748]
80   	25314.69    	0.018   	1.0000  	[21.7, 10.8, 16.2, 16.2]	[front, front, hover, left]	[68.7701, 244.0705, 4.3688, 11.0735]
81   	25018.94    	0.018   	1.0000  	[21.7, 10.8, 16.2, 16.2]	[front, front, left, back]	[224.2653, 199.9817, 3.1872, 9.6090]
82   	24654.72    	0.017   	1.0000  	[21.7, 10.8, 16.2, 16.2]	[front, front, down, hover]	[417.8574, 175.4723, 3.9623, 9.3017]
83   	24383.23    	0.017   	1.0000  	[21.7, 10.8, 10.8, 16.2]	[left, front, back, hover]	[411.1223, 165.3200, 2.4022, 7.8189]
84   	24149.08    	0.016   	1.0000  	[21.7, 10.8, 10.8, 16.2]	[hover, front, left, hover]	[271.7279, 161.1388, 1.7950, 5.7035]
85   	23976.40    	0.016   	1.0000  	[21.7, 10.8, 10.8, 16.2]	[front, front, hover, hover]	[198.1506, 169.8441, 1.2798, 4.1650]
86   	23817.32    	0.016   	1.0000  	[21.7, 10.8, 10.8, 16.2]	[down, front, hover, hover]	[173.9841, 187.3443, 1.0881, 3.1320]
87   	23640.63    	0.016   	1.0000  	[16.2, 10.8, 10.8, 16.2]	[left, front, hover, hover]	[135.0176, 191.1601, 0.8292, 2.3944]
88   	23461.69    	0.015   	1.0000  	[16.2, 10.8, 10.8, 16.2]	[front, front, front, left]	[72.9519, 212.1878, 0.5553, 1.6384]
89   	23236.97    	0.015   	1.0000  	[16.2, 10.8, 10.8, 16.2]	[front, front, right, left]	[49.2127, 264.2128, 0.1228, 55.0697]
90   	22954.45    	0.015   	1.0000  	[16.2, 10.8, 10.8, 16.2]	[hover, up, right, left]	[26.6827, 152.8479, 0.2560, 142.4631]
91   	22574.58    	0.014   	1.0000  	[16.2, 16.2, 10.8, 16.2]	[hover, left, right, left]	[14.4993, 102.3431, 0.2316, 262.9452]
92   	22120.25    	0.014   	1.0000  	[16.2, 16.2, 10.8, 16.2]	[back, hover, right, up]	[13.5736, 53.6787, 2.0534, 347.9851]
93   	21595.52    	0.014   	1.0000  	[16.2, 16.2, 10.8, 21.7]	[front, hover, right, left]	[10.5940, 36.8206, 3.4493, 441.5276]
94   	20954.97    	0.013   	1.0000  	[16.2, 16.2, 10.8, 21.7]	[down, hover, right, front]	[10.3768, 22.4786, 4.5949, 522.9130]
95   	20157.04    	0.012   	1.0000  	[10.8, 16.2, 10.8, 21.7]	[left, right, right, left]	[11.7634, 12.4087, 4.4361, 641.5064]
96   	19141.26    	0.012   	1.0000  	[10.8, 16.2, 10.8, 21.7]	[hover, right, right, left]	[6.5698, 9.1790, 2.3000, 699.0098]
97   	18106.38    	0.011   	1.0000  	[10.8, 16.2, 10.8, 21.7]	[back, right, back, left]	[3.4281, 6.8061, 1.4149, 704.9767]
98   	16929.81    	0.010   	1.0000  	[10.8, 16.2, 10.8, 21.7]	[back, hover, hover, left]	[3.4923, 3.9199, 1.1499, 724.9234]
99   	15537.81    	0.009   	1.0000  	[10.8, 16.2, 10.8, 21.7]	[front, hover, hover, front]	[1.9642, 2.1025, 0.6029, 784.9202]
[2025-12-18T14:57:52]
Strategy: greedy_ig
Pairwise: adaptive
News mode: IGd
Num agents: 4
Iteration: 9
Error margin: None
Gaussian radius 5 
Grid info: range: 0-50-50, cell_size:0.125, map shape: (400, 400), center:True
init UAV positions: [(-15.0, 0.0, 5.4), (0.0, 5.0, 5.4), (10.0, -20.0, 5.4), (5.0, 5.0, 5.4)]
mcts_params: {}
Step	Entropy	MSE	Coverage	Heights	Actions	IGs
------------------------------------------------------------------------------------------------------------------------
0    	160000.00   	0.250   	0.0000  	[5.4, 5.4, 5.4, 5.4]	[-, -, -, -]	[-, -, -, -]
1    	158584.06   	0.239   	0.0594  	[5.4, 5.4, 5.4, 5.4]	[up, up, up, up]	[3904.5582, 3904.5582, 3514.1024, 2231.1761]
2    	156792.17   	0.227   	0.2062  	[10.8, 10.8, 10.8, 10.8]	[up, up, up, up]	[3846.8910, 2317.3459, 2781.4308, 1728.1955]
3    	155138.14   	0.217   	0.4059  	[16.2, 16.2, 16.2, 16.2]	[up, up, up, right]	[2692.3159, 1590.8171, 2470.8744, 1800.2610]
4    	153636.28   	0.208   	0.6075  	[21.7, 21.7, 21.7, 16.2]	[back, up, front, right]	[2080.7564, 1732.5871, 2290.4902, 1948.0314]
5    	152126.59   	0.200   	0.7208  	[21.7, 27.1, 21.7, 16.2]	[back, front, front, right]	[1819.5862, 1779.3178, 2115.7651, 1985.6640]
6    	150475.54   	0.192   	0.8114  	[21.7, 27.1, 21.7, 16.2]	[back, left, front, front]	[1901.4733, 1737.9477, 1847.9699, 2017.5498]
7    	148797.58   	0.185   	0.8638  	[21.7, 27.1, 21.7, 16.2]	[back, left, front, front]	[1926.8837, 1738.6937, 1799.9660, 1915.3059]
8    	147158.08   	0.178   	0.9161  	[21.7, 27.1, 21.7, 16.2]	[right, left, right, front]	[1823.9680, 1749.9461, 1798.9916, 1960.6434]
9    	145597.72   	0.172   	0.9606  	[21.7, 27.1, 21.7, 16.2]	[right, front, front, front]	[1740.5177, 1577.7787, 1807.4879, 1324.9645]
10   	144020.68   	0.168   	0.9866  	[21.7, 27.1, 21.7, 16.2]	[right, down, front, left]	[1780.7460, 1407.3668, 1982.7107, 1036.9175]
11   	142025.90   	0.163   	0.9881  	[21.7, 21.7, 21.7, 16.2]	[right, left, front, left]	[1896.1430, 1448.5584, 2070.3141, 963.4739]
12   	139572.98   	0.157   	0.9897  	[21.7, 21.7, 21.7, 16.2]	[right, front, front, left]	[1936.0594, 1107.1084, 2061.4078, 969.3308]
13   	136923.80   	0.151   	0.9912  	[21.7, 21.7, 21.7, 16.2]	[right, left, front, left]	[1975.2413, 738.0949, 2026.8581, 1109.8613]
14   	134401.67   	0.145   	0.9928  	[21.7, 21.7, 21.7, 16.2]	[right, down, front, left]	[2035.5849, 524.5876, 2001.7517, 1219.5322]
15   	132009.53   	0.140   	0.9944  	[21.7, 16.2, 21.7, 16.2]	[right, front, left, left]	[2136.5358, 386.7078, 1694.0248, 1136.0971]
16   	129778.43   	0.135   	0.9944  	[21.7, 16.2, 21.7, 16.2]	[right, left, left, left]	[2008.6646, 216.1295, 1565.2692, 1192.3106]
17   	127452.96   	0.131   	0.9994  	[21.7, 16.2, 21.7, 16.2]	[front, left, left, left]	[1779.5074, 111.0937, 1470.3472, 1253.3196]
18   	124835.05   	0.127   	0.9994  	[21.7, 16.2, 21.7, 16.2]	[front, back, left, back]	[1750.2653, 62.2939, 1460.4540, 1180.2067]
19   	122106.21   	0.123   	0.9994  	[21.7, 16.2, 21.7, 16.2]	[front, back, left, left]	[1872.7721, 79.6750, 1152.1829, 1132.3986]
20   	119215.30   	0.118   	0.9994  	[21.7, 16.2, 21.7, 16.2]	[front, back, left, left]	[2106.2368, 149.2076, 1125.3479, 970.9043]
21   	115425.41   	0.113   	0.9994  	[21.7, 16.2, 21.7, 16.2]	[front, back, back, back]	[2399.2256, 269.9396, 1148.7487, 881.7218]
22   	110767.36   	0.107   	0.9994  	[21.7, 16.2, 21.7, 16.2]	[front, back, left, back]	[2401.4708, 388.6117, 969.9845, 706.6502]
23   	105630.14   	0.101   	0.9994  	[21.7, 16.2, 21.7, 16.2]	[front, back, back, back]	[2567.6000, 552.2934, 877.1138, 696.5643]
24   	100695.07   	0.095   	0.9994  	[21.7, 16.2, 21.7, 16.2]	[front, back, back, back]	[2441.3800, 682.4302, 840.8027, 688.1376]
25   	96056.53    	0.089   	1.0000  	[21.7, 16.2, 21.7, 16.2]	[left, back, back, back]	[2063.2939, 759.3175, 796.7457, 666.7820]
26   	91595.52    	0.084   	1.0000  	[21.7, 16.2, 21.7, 16.2]	[left, back, back, back]	[1693.8798, 776.4675, 789.6184, 665.4036]
27   	87339.76    	0.079   	1.0000  	[21.7, 16.2, 21.7, 16.2]	[left, back, back, right]	[1435.3395, 771.0084, 811.6357, 685.1379]
28   	82983.08    	0.074   	1.0000  	[21.7, 16.2, 21.7, 16.2]	[left, right, back, right]	[1293.8033, 787.7836, 717.1225, 688.4934]
29   	79230.08    	0.070   	1.0000  	[21.7, 16.2, 21.7, 16.2]	[left, back, back, right]	[1234.4984, 787.9466, 699.9320, 756.7276]
30   	75398.00    	0.065   	1.0000  	[21.7, 16.2, 21.7, 16.2]	[left, right, left, right]	[1224.7570, 841.4601, 566.6021, 758.4382]
31   	71743.49    	0.061   	1.0000  	[21.7, 16.2, 21.7, 16.2]	[left, right, left, back]	[1268.6107, 709.7986, 417.7350, 879.8290]
32   	68184.45    	0.057   	1.0000  	[21.7, 16.2, 21.7, 16.2]	[left, right, down, right]	[1445.0131, 794.4061, 437.0010, 976.6928]
33   	64685.71    	0.054   	1.0000  	[21.7, 16.2, 16.2, 16.2]	[left, right, left, right]	[1150.2156, 1166.7951, 436.5379, 1043.7402]
34   	61181.74    	0.050   	1.0000  	[21.7, 16.2, 16.2, 16.2]	[down, right, back, up]	[974.3258, 1450.6423, 397.9156, 1076.5129]
35   	57994.42    	0.046   	1.0000  	[16.2, 16.2, 16.2, 21.7]	[front, right, hover, right]	[781.1033, 1306.8102, 248.2883, 1102.8133]
36   	55173.94    	0.044   	1.0000  	[16.2, 16.2, 16.2, 21.7]	[left, right, right, right]	[579.2887, 1220.6310, 179.7408, 1127.4330]
37   	52667.39    	0.041   	1.0000  	[16.2, 16.2, 16.2, 21.7]	[hover, right, right, right]	[347.7326, 1175.0086, 175.2240, 1176.1527]
38   	49760.14    	0.038   	1.0000  	[16.2, 16.2, 16.2, 21.7]	[hover, right, right, back]	[190.7726, 1162.6481, 142.7875, 1034.5564]
39   	47252.44    	0.035   	1.0000  	[16.2, 16.2, 16.2, 21.7]	[hover, right, right, right]	[96.5629, 954.2428, 84.2247, 778.6127]
40   	44847.81    	0.032   	1.0000  	[16.2, 16.2, 16.2, 21.7]	[hover, right, right, back]	[49.9568, 899.8544, 52.5803, 507.2007]
41   	42612.65    	0.030   	1.0000  	[16.2, 16.2, 16.2, 21.7]	[right, front, up, left]	[28.6028, 511.0595, 27.0087, 314.7864]
42   	40825.41    	0.029   	1.0000  	[16.2, 16.2, 21.7, 21.7]	[up, front, front, left]	[30.5023, 563.5545, 18.0681, 229.1738]
43   	39426.81    	0.028   	1.0000  	[21.7, 16.2, 21.7, 21.7]	[right, front, right, back]	[25.8051, 877.8304, 12.5217, 153.6901]
44   	38207.77    	0.027   	1.0000  	[21.7, 16.2, 21.7, 21.7]	[back, front, right, right]	[21.0815, 1154.0966, 10.3207, 98.8396]
45   	36953.20    	0.026   	1.0000  	[21.7, 16.2, 21.7, 21.7]	[up, front, right, right]	[17.1834, 1330.4493, 15.3533, 102.7425]
46   	35803.54    	0.025   	1.0000  	[27.1, 16.2, 21.7, 21.7]	[back, front, right, right]	[16.1560, 1583.8495, 25.8849, 56.4360]
47   	34276.71    	0.024   	1.0000  	[27.1, 16.2, 21.7, 21.7]	[back, front, right, down]	[15.8448, 1888.3661, 99.6739, 59.4273]
48   	32163.45    	0.022   	1.0000  	[27.1, 16.2, 21.7, 16.2]	[back, front, hover, right]	[21.8985, 2006.7432, 122.1043, 24.5777]
49   	30320.25    	0.021   	1.0000  	[27.1, 16.2, 21.7, 16.2]	[back, front, front, front]	[31.9895, 1789.2296, 91.1140, 16.3162]
50   	28675.19    	0.019   	1.0000  	[27.1, 16.2, 21.7, 16.2]	[back, front, back, front]	[49.9786, 1664.6187, 58.7623, 29.1921]
51   	27604.28    	0.018   	1.0000  	[27.1, 16.2, 21.7, 16.2]	[back, front, back, front]	[82.7492, 1162.5368, 37.0012, 70.3788]
52   	26870.57    	0.017   	1.0000  	[27.1, 16.2, 21.7, 16.2]	[back, left, back, front]	[132.7381, 603.9457, 26.5181, 131.3398]
53   	26361.09    	0.017   	1.0000  	[27.1, 16.2, 21.7, 16.2]	[left, left, back, front]	[102.2959, 336.3021, 16.5005, 205.8953]
54   	26030.03    	0.017   	1.0000  	[27.1, 16.2, 21.7, 16.2]	[hover, left, hover, front]	[70.0441, 188.3998, 8.7068, 211.7110]
55   	25768.59    	0.017   	1.0000  	[27.1, 16.2, 21.7, 16.2]	[hover, left, front, front]	[48.1767, 113.5679, 5.7396, 226.8591]
56   	25504.41    	0.016   	1.0000  	[27.1, 16.2, 21.7, 16.2]	[hover, left, front, front]	[32.1178, 73.3748, 5.0500, 226.1521]
57   	25288.42    	0.016   	1.0000  	[27.1, 16.2, 21.7, 16.2]	[hover, left, front, front]	[21.0167, 44.5614, 4.8231, 207.3064]
58   	25107.57    	0.016   	1.0000  	[27.1, 16.2, 21.7, 16.2]	[hover, left, front, front]	[13.7502, 29.4849, 9.1991, 218.7481]
59   	24982.16    	0.016   	1.0000  	[27.1, 16.2, 21.7, 16.2]	[right, left, front, front]	[9.3163, 22.1897, 18.6040, 184.2053]
60   	24907.59    	0.016   	1.0000  	[27.1, 16.2, 21.7, 16.2]	[right, left, front, left]	[7.6806, 25.6425, 30.3558, 83.6170]
61   	24842.41    	0.016   	1.0000  	[27.1, 16.2, 21.7, 16.2]	[right, left, front, front]	[10.1215, 27.8939, 45.0749, 31.6023]
62   	24737.79    	0.016   	1.0000  	[27.1, 16.2, 21.7, 16.2]	[right, hover, front, front]	[16.7211, 18.5777, 73.0383, 11.7460]
63   	24486.84    	0.015   	1.0000  	[27.1, 16.2, 21.7, 16.2]	[right, hover, front, hover]	[32.9513, 12.3463, 110.4413, 5.0743]
64   	24068.14    	0.015   	1.0000  	[27.1, 16.2, 21.7, 16.2]	[right, hover, front, hover]	[69.1033, 8.5393, 136.7294, 1.9191]
65   	23456.30    	0.015   	1.0000  	[27.1, 16.2, 21.7, 16.2]	[right, right, front, left]	[125.8112, 5.9602, 184.7211, 1.0472]
66   	22667.86    	0.014   	1.0000  	[27.1, 16.2, 21.7, 16.2]	[right, right, front, left]	[191.7728, 5.6438, 269.7156, 3.9671]
67   	22078.36    	0.014   	1.0000  	[27.1, 16.2, 21.7, 16.2]	[back, hover, hover, left]	[153.0438, 5.0689, 193.2750, 6.7442]
68   	21649.12    	0.013   	1.0000  	[27.1, 16.2, 21.7, 16.2]	[back, up, hover, left]	[108.5511, 4.0189, 128.6116, 16.5380]
69   	21298.98    	0.013   	1.0000  	[27.1, 21.7, 21.7, 16.2]	[hover, back, left, left]	[73.5442, 5.6446, 88.7726, 24.8335]
70   	21033.81    	0.013   	1.0000  	[27.1, 21.7, 21.7, 16.2]	[hover, back, left, left]	[48.1850, 7.4964, 74.9345, 28.7598]
71   	20715.26    	0.013   	1.0000  	[27.1, 21.7, 21.7, 16.2]	[back, back, left, left]	[33.5243, 21.0421, 80.1294, 52.1629]
72   	20272.85    	0.013   	1.0000  	[27.1, 21.7, 21.7, 16.2]	[right, back, left, left]	[21.6140, 69.2291, 99.0289, 89.3151]
73   	19786.49    	0.012   	1.0000  	[27.1, 21.7, 21.7, 16.2]	[down, back, left, left]	[25.6821, 48.5299, 135.0616, 146.7765]
74   	19239.69    	0.012   	1.0000  	[21.7, 21.7, 21.7, 16.2]	[front, right, left, left]	[13.3679, 35.1681, 159.3130, 250.5755]
75   	18509.77    	0.011   	1.0000  	[21.7, 21.7, 21.7, 16.2]	[down, back, left, left]	[8.8407, 23.7289, 301.6141, 297.9846]
76   	17501.79    	0.010   	1.0000  	[16.2, 21.7, 21.7, 16.2]	[right, back, left, down]	[9.9348, 19.2481, 664.2488, 211.0869]
77   	16570.70    	0.010   	1.0000  	[16.2, 21.7, 21.7, 10.8]	[hover, back, left, left]	[5.8362, 20.7432, 746.2538, 223.8558]
78   	15877.91    	0.009   	1.0000  	[16.2, 21.7, 21.7, 10.8]	[front, back, down, back]	[4.0472, 21.6383, 665.1189, 137.9979]
79   	15151.88    	0.009   	1.0000  	[16.2, 21.7, 16.2, 10.8]	[back, up, left, left]	[3.5073, 30.6167, 449.3850, 77.8497]
80   	14648.39    	0.008   	1.0000  	[16.2, 27.1, 16.2, 10.8]	[front, left, back, right]	[3.1309, 39.7860, 329.7823, 57.9821]
81   	14227.45    	0.008   	1.0000  	[16.2, 27.1, 16.2, 10.8]	[back, back, back, hover]	[2.6450, 27.5185, 314.4473, 42.7238]
82   	13838.27    	0.008   	1.0000  	[16.2, 27.1, 16.2, 10.8]	[front, back, back, up]	[2.0977, 18.9630, 275.2513, 33.4817]
83   	13613.45    	0.008   	1.0000  	[16.2, 27.1, 16.2, 16.2]	[hover, back, back, right]	[1.5494, 12.9886, 147.6275, 31.7291]
84   	13501.13    	0.008   	1.0000  	[16.2, 27.1, 16.2, 16.2]	[back, back, back, back]	[1.3602, 9.1432, 58.8447, 33.8534]
85   	13403.72    	0.008   	1.0000  	[16.2, 27.1, 16.2, 16.2]	[front, front, back, up]	[1.1126, 6.3058, 23.9232, 68.6451]
86   	13283.32    	0.008   	1.0000  	[16.2, 27.1, 16.2, 21.7]	[front, back, back, right]	[1.2591, 4.2763, 14.3375, 96.9010]
87   	13183.03    	0.007   	1.0000  	[16.2, 27.1, 16.2, 21.7]	[front, front, back, right]	[4.0826, 2.7722, 8.6477, 83.7249]
88   	13083.39    	0.007   	1.0000  	[16.2, 27.1, 16.2, 21.7]	[front, hover, back, right]	[11.5847, 1.8380, 8.8025, 66.5698]
89   	12983.66    	0.007   	1.0000  	[16.2, 27.1, 16.2, 21.7]	[front, front, back, back]	[40.7269, 1.3987, 18.1311, 45.9124]
90   	12920.59    	0.007   	1.0000  	[16.2, 27.1, 16.2, 21.7]	[front, right, left, down]	[71.4013, 1.6710, 11.7185, 35.0185]
91   	12783.92    	0.007   	1.0000  	[16.2, 27.1, 16.2, 16.2]	[front, right, left, right]	[124.2479, 5.0879, 6.8858, 27.6024]
92   	12521.75    	0.007   	1.0000  	[16.2, 27.1, 16.2, 16.2]	[front, right, hover, back]	[174.2024, 16.0388, 3.0081, 15.3142]
93   	12188.01    	0.007   	1.0000  	[16.2, 27.1, 16.2, 16.2]	[front, right, hover, right]	[226.5056, 31.0427, 1.8057, 6.8353]
94   	11685.35    	0.007   	1.0000  	[16.2, 27.1, 16.2, 16.2]	[front, right, right, down]	[337.9996, 54.3077, 1.1443, 3.5163]
95   	11334.30    	0.006   	1.0000  	[16.2, 27.1, 16.2, 10.8]	[hover, right, right, back]	[139.2602, 98.8257, 0.8239, 2.3384]
96   	11093.27    	0.006   	1.0000  	[16.2, 27.1, 16.2, 10.8]	[hover, front, up, right]	[49.4479, 87.5976, 0.5280, 1.0604]
97   	10947.00    	0.006   	1.0000  	[16.2, 27.1, 21.7, 10.8]	[right, front, right, up]	[17.7840, 66.4064, 0.4305, 1.1472]
98   	10851.95    	0.006   	1.0000  	[16.2, 27.1, 21.7, 16.2]	[front, right, right, back]	[5.8551, 43.8082, 0.7768, 1.2961]
99   	10794.68    	0.006   	1.0000  	[16.2, 27.1, 21.7, 16.2]	[down, down, front, back]	[3.2353, 34.8452, 0.7626, 0.8639]
[2025-12-18T14:58:02]
Strategy: greedy_ig
Pairwise: adaptive
News mode: IGd
Num agents: 4
Iteration: 10
Error margin: None
Gaussian radius 5 
Grid info: range: 0-50-50, cell_size:0.125, map shape: (400, 400), center:True
init UAV positions: [(0.0, -10.0, 5.4), (-20.0, 15.0, 5.4), (10.0, -10.0, 5.4), (20.0, 0.0, 5.4)]
mcts_params: {}
Step	Entropy	MSE	Coverage	Heights	Actions	IGs
------------------------------------------------------------------------------------------------------------------------
0    	160000.00   	0.250   	0.0000  	[5.4, 5.4, 5.4, 5.4]	[-, -, -, -]	[-, -, -, -]
1    	158894.02   	0.241   	0.0625  	[5.4, 5.4, 5.4, 5.4]	[up, up, up, up]	[3904.5582, 3514.1024, 3470.7184, 3438.5303]
2    	157499.83   	0.231   	0.2225  	[10.8, 10.8, 10.8, 10.8]	[up, up, up, up]	[3279.8213, 2954.2144, 2691.2516, 2761.5020]
3    	155769.13   	0.221   	0.4006  	[16.2, 16.2, 16.2, 16.2]	[up, right, up, left]	[2662.3843, 2800.4445, 1921.6121, 2298.7094]
4    	154355.79   	0.213   	0.5413  	[21.7, 16.2, 21.7, 16.2]	[left, right, back, front]	[1988.1396, 2524.6209, 1861.0521, 2449.5286]
5    	153246.04   	0.205   	0.6428  	[21.7, 16.2, 21.7, 16.2]	[left, up, right, front]	[2082.9244, 2478.6791, 1698.4270, 2478.4995]
6    	152216.60   	0.198   	0.7706  	[21.7, 21.7, 21.7, 16.2]	[left, right, front, front]	[2272.7879, 2441.3880, 1391.4264, 2266.6178]
7    	151291.89   	0.192   	0.8519  	[21.7, 21.7, 21.7, 16.2]	[left, right, front, front]	[2305.9950, 2388.4986, 1456.2571, 1970.0401]
8    	150257.65   	0.185   	0.9363  	[21.7, 21.7, 21.7, 16.2]	[front, right, front, front]	[1976.3836, 2161.2495, 1617.3396, 1756.0256]
9    	148913.60   	0.180   	0.9775  	[21.7, 21.7, 21.7, 16.2]	[front, back, front, left]	[1827.3344, 1869.5840, 1785.3271, 1404.2856]
10   	146843.97   	0.173   	0.9775  	[21.7, 21.7, 21.7, 16.2]	[front, right, front, left]	[1643.2940, 1478.6998, 1694.7637, 1070.5333]
11   	144050.98   	0.166   	0.9775  	[21.7, 21.7, 21.7, 16.2]	[front, back, front, left]	[1666.8825, 1062.3754, 1468.1691, 988.7493]
12   	140722.19   	0.158   	0.9775  	[21.7, 21.7, 21.7, 16.2]	[front, back, front, left]	[1431.6721, 769.8568, 1396.3046, 951.2223]
13   	137178.65   	0.150   	0.9775  	[21.7, 21.7, 21.7, 16.2]	[front, back, front, left]	[1378.1181, 1047.9550, 1459.3287, 968.6702]
14   	133583.89   	0.143   	0.9775  	[21.7, 21.7, 21.7, 16.2]	[front, back, left, left]	[1472.8505, 1371.7229, 1198.2496, 942.7422]
15   	129954.97   	0.137   	0.9775  	[21.7, 21.7, 21.7, 16.2]	[front, back, left, left]	[1053.5340, 1649.6924, 1050.8089, 834.0711]
16   	126154.09   	0.132   	0.9775  	[21.7, 21.7, 21.7, 16.2]	[down, back, left, back]	[814.4347, 1920.6983, 1075.1345, 788.6720]
17   	122429.99   	0.126   	0.9775  	[16.2, 21.7, 21.7, 16.2]	[left, back, left, left]	[804.0236, 2016.8110, 927.6367, 843.8219]
18   	118488.99   	0.121   	0.9775  	[16.2, 21.7, 21.7, 16.2]	[front, back, left, back]	[473.1384, 2004.1893, 969.3729, 894.5052]
19   	115196.53   	0.117   	0.9888  	[16.2, 21.7, 21.7, 16.2]	[front, left, back, left]	[314.0003, 1887.7657, 774.9014, 1101.3598]
20   	112187.70   	0.112   	0.9919  	[16.2, 21.7, 21.7, 16.2]	[right, left, back, left]	[276.3506, 1807.6881, 781.3358, 1240.2796]
21   	108937.67   	0.107   	0.9950  	[16.2, 21.7, 21.7, 16.2]	[right, left, left, back]	[390.4808, 1804.9054, 856.7650, 1107.5262]
22   	105474.92   	0.103   	0.9981  	[16.2, 21.7, 21.7, 16.2]	[right, left, back, back]	[802.7623, 1550.4656, 818.6638, 1062.7324]
23   	101887.45   	0.098   	1.0000  	[16.2, 21.7, 21.7, 16.2]	[right, down, back, back]	[1228.5518, 995.9462, 838.8764, 1026.1813]
24   	98002.53    	0.094   	1.0000  	[16.2, 16.2, 21.7, 16.2]	[right, left, back, back]	[1521.6640, 789.4173, 824.7650, 906.9539]
25   	94226.64    	0.090   	1.0000  	[16.2, 16.2, 21.7, 16.2]	[right, back, back, up]	[1590.5535, 505.9423, 830.3359, 917.1739]
26   	90150.38    	0.085   	1.0000  	[16.2, 16.2, 21.7, 21.7]	[back, left, back, back]	[1588.5563, 264.4678, 861.5036, 901.7336]
27   	86165.58    	0.081   	1.0000  	[16.2, 16.2, 21.7, 21.7]	[right, left, back, right]	[1606.9376, 129.7984, 913.1876, 949.2394]
28   	82165.35    	0.077   	1.0000  	[16.2, 16.2, 21.7, 21.7]	[right, front, left, right]	[1602.6133, 96.6013, 688.1391, 718.8880]
29   	77415.08    	0.072   	1.0000  	[16.2, 16.2, 21.7, 21.7]	[back, front, left, right]	[1724.7322, 203.5915, 711.6912, 1147.0541]
30   	72704.98    	0.067   	1.0000  	[16.2, 16.2, 21.7, 21.7]	[up, front, left, right]	[1723.4993, 447.6568, 713.9764, 1288.6346]
31   	68367.84    	0.062   	1.0000  	[21.7, 16.2, 21.7, 21.7]	[right, front, down, back]	[1852.4567, 479.6773, 689.9076, 1437.4242]
32   	64795.98    	0.058   	1.0000  	[21.7, 16.2, 16.2, 21.7]	[back, front, back, back]	[1787.1490, 320.8612, 530.8707, 1506.2888]
33   	62077.24    	0.055   	1.0000  	[21.7, 16.2, 16.2, 21.7]	[back, down, left, right]	[1552.0823, 176.9201, 423.7452, 1576.5772]
34   	59907.68    	0.052   	1.0000  	[21.7, 10.8, 16.2, 21.7]	[back, right, front, right]	[1342.6828, 112.9750, 253.7640, 1458.3493]
35   	58373.87    	0.050   	1.0000  	[21.7, 10.8, 16.2, 21.7]	[back, front, front, right]	[1231.9470, 71.2167, 259.2736, 1242.1065]
36   	56801.71    	0.047   	1.0000  	[21.7, 10.8, 16.2, 21.7]	[back, front, front, right]	[1178.5495, 51.7665, 420.1367, 1040.4559]
37   	55122.08    	0.045   	1.0000  	[21.7, 10.8, 16.2, 21.7]	[back, front, front, right]	[994.1137, 44.9227, 539.2003, 717.0877]
38   	53782.88    	0.043   	1.0000  	[21.7, 10.8, 16.2, 21.7]	[down, front, front, back]	[874.3681, 37.9740, 615.7496, 627.1410]
39   	52524.86    	0.042   	1.0000  	[16.2, 10.8, 16.2, 21.7]	[right, front, front, down]	[993.4918, 38.6941, 687.9393, 449.8183]
40   	51020.67    	0.040   	1.0000  	[16.2, 10.8, 16.2, 16.2]	[back, front, front, right]	[1115.2748, 104.2867, 756.3896, 301.7143]
41   	49351.18    	0.038   	1.0000  	[16.2, 10.8, 16.2, 16.2]	[back, front, front, back]	[916.3647, 134.3509, 813.8210, 106.8929]
42   	47456.89    	0.036   	1.0000  	[16.2, 10.8, 16.2, 16.2]	[back, front, front, right]	[811.0188, 82.3192, 972.7256, 33.7914]
43   	45994.80    	0.034   	1.0000  	[16.2, 10.8, 16.2, 16.2]	[up, right, front, down]	[684.7543, 49.5371, 967.4463, 25.7321]
44   	44958.05    	0.033   	1.0000  	[21.7, 10.8, 16.2, 10.8]	[left, left, right, front]	[668.3953, 34.8258, 693.5340, 11.7439]
45   	44209.31    	0.032   	1.0000  	[21.7, 10.8, 16.2, 10.8]	[left, hover, front, front]	[470.6001, 24.0281, 527.7741, 14.3453]
46   	43722.40    	0.031   	1.0000  	[21.7, 10.8, 16.2, 10.8]	[left, right, right, front]	[346.7924, 13.5418, 319.1611, 25.8731]
47   	43280.30    	0.031   	1.0000  	[21.7, 10.8, 16.2, 10.8]	[left, right, left, front]	[291.3059, 22.6253, 252.6823, 43.0925]
48   	42881.27    	0.031   	1.0000  	[21.7, 10.8, 16.2, 10.8]	[left, right, left, front]	[265.0725, 31.3669, 209.1561, 82.9401]
49   	42517.33    	0.030   	1.0000  	[21.7, 10.8, 16.2, 10.8]	[left, right, hover, front]	[270.1180, 60.4898, 146.1216, 69.5013]
50   	42147.01    	0.030   	1.0000  	[21.7, 10.8, 16.2, 10.8]	[left, right, right, left]	[311.1441, 120.7393, 90.8898, 76.9592]
51   	41701.96    	0.030   	1.0000  	[21.7, 10.8, 16.2, 10.8]	[left, right, right, left]	[395.4357, 181.8902, 95.7894, 53.2869]
52   	40975.04    	0.029   	1.0000  	[21.7, 10.8, 16.2, 10.8]	[left, right, right, left]	[524.3211, 290.0928, 107.8817, 240.8704]
53   	40238.66    	0.028   	1.0000  	[21.7, 10.8, 16.2, 10.8]	[hover, right, right, left]	[356.1082, 513.4037, 105.4248, 195.8906]
54   	39365.22    	0.028   	1.0000  	[21.7, 10.8, 16.2, 10.8]	[hover, right, right, left]	[221.2659, 776.1270, 102.3183, 131.0605]
55   	38624.65    	0.027   	1.0000  	[21.7, 10.8, 16.2, 10.8]	[left, right, right, front]	[134.3318, 892.9679, 91.7417, 59.1036]
56   	37837.72    	0.026   	1.0000  	[21.7, 10.8, 16.2, 10.8]	[right, right, right, left]	[79.0284, 990.5044, 98.8551, 22.1748]
57   	36795.77    	0.026   	1.0000  	[21.7, 10.8, 16.2, 10.8]	[back, back, right, front]	[47.0191, 1137.4262, 101.1650, 7.3691]
58   	35867.65    	0.025   	1.0000  	[21.7, 10.8, 16.2, 10.8]	[front, right, right, front]	[29.2481, 1144.3743, 136.8578, 7.1815]
59   	34347.15    	0.023   	1.0000  	[21.7, 10.8, 16.2, 10.8]	[hover, back, right, front]	[17.5013, 1132.3514, 163.0728, 5.0666]
60   	32667.64    	0.022   	1.0000  	[21.7, 10.8, 16.2, 10.8]	[hover, back, right, up]	[10.6389, 827.0163, 193.1895, 17.1413]
61   	31148.12    	0.021   	1.0000  	[21.7, 10.8, 16.2, 16.2]	[front, back, front, up]	[7.7846, 913.5435, 120.4323, 66.0989]
62   	29874.01    	0.020   	1.0000  	[21.7, 10.8, 16.2, 21.7]	[front, back, right, left]	[19.5971, 1194.0710, 64.7702, 115.1451]
63   	28665.47    	0.019   	1.0000  	[21.7, 10.8, 16.2, 21.7]	[front, back, down, left]	[22.4277, 1583.0904, 46.1685, 214.9916]
64   	27056.78    	0.018   	1.0000  	[21.7, 10.8, 10.8, 21.7]	[front, back, back, left]	[22.5309, 1863.0453, 21.0612, 315.8230]
65   	25207.05    	0.016   	1.0000  	[21.7, 10.8, 10.8, 21.7]	[front, back, back, left]	[15.4376, 1924.6714, 19.2347, 349.6230]
66   	23350.87    	0.015   	1.0000  	[21.7, 10.8, 10.8, 21.7]	[front, back, back, left]	[12.8082, 1891.5860, 54.0699, 313.5270]
67   	21675.84    	0.014   	1.0000  	[21.7, 10.8, 10.8, 21.7]	[up, back, back, left]	[13.2244, 1918.9457, 42.0572, 270.6793]
68   	20043.89    	0.012   	1.0000  	[27.1, 10.8, 10.8, 21.7]	[front, back, back, down]	[17.9297, 1972.0935, 28.6281, 235.1944]
69   	18208.15    	0.011   	1.0000  	[27.1, 10.8, 10.8, 16.2]	[front, back, back, front]	[23.6690, 1943.3227, 42.4377, 219.3521]
70   	16303.77    	0.009   	1.0000  	[27.1, 10.8, 10.8, 16.2]	[right, up, back, left]	[20.7735, 1762.8009, 60.6444, 151.0985]
71   	14756.76    	0.008   	1.0000  	[27.1, 16.2, 10.8, 16.2]	[hover, back, back, left]	[15.7139, 1518.2200, 102.4937, 84.6097]
72   	13871.82    	0.008   	1.0000  	[27.1, 16.2, 10.8, 16.2]	[right, left, back, hover]	[12.6604, 732.3331, 129.4593, 43.4162]
73   	13306.64    	0.007   	1.0000  	[27.1, 16.2, 10.8, 16.2]	[right, left, back, hover]	[11.6336, 337.9921, 156.3497, 23.4547]
74   	12879.57    	0.007   	1.0000  	[27.1, 16.2, 10.8, 16.2]	[right, left, back, back]	[16.2849, 157.7159, 200.6550, 12.3250]
75   	12428.67    	0.007   	1.0000  	[27.1, 16.2, 10.8, 16.2]	[right, left, back, back]	[24.2815, 91.6525, 315.4355, 20.5621]
76   	11793.73    	0.006   	1.0000  	[27.1, 16.2, 10.8, 16.2]	[right, left, back, back]	[68.6126, 54.7693, 528.5208, 43.2550]
77   	11252.66    	0.006   	1.0000  	[27.1, 16.2, 10.8, 16.2]	[right, left, left, back]	[137.0018, 28.0950, 272.4498, 53.2004]
78   	10798.91    	0.006   	1.0000  	[27.1, 16.2, 10.8, 16.2]	[hover, left, left, back]	[93.3346, 16.2755, 234.6287, 68.9292]
79   	10445.15    	0.005   	1.0000  	[27.1, 16.2, 10.8, 16.2]	[hover, left, left, back]	[62.2962, 10.1689, 150.5655, 94.0955]
80   	10063.26    	0.005   	1.0000  	[27.1, 16.2, 10.8, 16.2]	[hover, left, left, back]	[41.2854, 8.0573, 95.0188, 163.2058]
81   	9604.49     	0.005   	1.0000  	[27.1, 16.2, 10.8, 16.2]	[hover, left, left, back]	[27.2666, 14.1738, 97.1139, 216.3605]
82   	8832.98     	0.004   	1.0000  	[27.1, 16.2, 10.8, 16.2]	[hover, left, left, back]	[18.1214, 15.9161, 138.2485, 355.5239]
83   	7983.10     	0.004   	1.0000  	[27.1, 16.2, 10.8, 16.2]	[hover, back, left, back]	[12.0355, 7.1771, 73.0735, 412.5833]
84   	7249.84     	0.003   	1.0000  	[27.1, 16.2, 10.8, 16.2]	[hover, back, left, right]	[7.6239, 4.1810, 31.2864, 326.5458]
85   	6746.11     	0.003   	1.0000  	[27.1, 16.2, 10.8, 16.2]	[back, hover, left, right]	[4.8802, 2.5209, 17.8805, 159.2145]
86   	6427.84     	0.003   	1.0000  	[27.1, 16.2, 10.8, 16.2]	[back, left, back, right]	[3.7917, 1.7871, 16.2650, 147.1161]
87   	6248.58     	0.003   	1.0000  	[27.1, 16.2, 10.8, 16.2]	[back, down, left, right]	[4.1535, 4.2879, 13.5274, 114.3112]
88   	6099.51     	0.003   	1.0000  	[27.1, 10.8, 10.8, 16.2]	[back, left, left, right]	[6.3914, 3.9241, 19.6356, 95.7698]
89   	5953.12     	0.003   	1.0000  	[27.1, 10.8, 10.8, 16.2]	[back, front, left, right]	[14.5382, 2.5245, 33.0092, 55.7198]
90   	5833.78     	0.002   	1.0000  	[27.1, 10.8, 10.8, 16.2]	[back, hover, left, left]	[27.4512, 1.0777, 24.2663, 23.6288]
91   	5688.11     	0.002   	1.0000  	[27.1, 10.8, 10.8, 16.2]	[back, front, left, left]	[62.6972, 0.5511, 22.8188, 18.4251]
92   	5562.67     	0.002   	1.0000  	[27.1, 10.8, 10.8, 16.2]	[right, up, front, left]	[49.8230, 0.5332, 14.6858, 15.0229]
93   	5468.96     	0.002   	1.0000  	[27.1, 16.2, 10.8, 16.2]	[hover, up, hover, up]	[35.7539, 0.3390, 8.9817, 8.9600]
94   	5404.53     	0.002   	1.0000  	[27.1, 21.7, 10.8, 21.7]	[right, front, hover, back]	[25.6576, 0.4061, 5.6990, 6.2394]
95   	5363.68     	0.002   	1.0000  	[27.1, 21.7, 10.8, 21.7]	[hover, front, right, hover]	[17.2860, 0.9737, 3.6673, 4.7269]
96   	5331.94     	0.002   	1.0000  	[27.1, 21.7, 10.8, 21.7]	[hover, front, back, front]	[12.4992, 1.4385, 2.6847, 3.8608]
97   	5312.44     	0.002   	1.0000  	[27.1, 21.7, 10.8, 21.7]	[hover, front, front, front]	[8.6655, 1.3446, 2.1963, 2.7845]
98   	5299.32     	0.002   	1.0000  	[27.1, 21.7, 10.8, 21.7]	[hover, down, front, right]	[6.3807, 1.4500, 2.1841, 2.2099]
99   	5286.28     	0.002   	1.0000  	[27.1, 16.2, 10.8, 21.7]	[right, right, front, right]	[4.6633, 1.4343, 2.9891, 2.8578]
[2025-12-18T14:58:11]
Strategy: greedy_ig
Pairwise: adaptive
News mode: IGd
Num agents: 4
Iteration: 11
Error margin: None
Gaussian radius 5 
Grid info: range: 0-50-50, cell_size:0.125, map shape: (400, 400), center:True
init UAV positions: [(-5.0, -25.0, 5.4), (-5.0, 20.0, 5.4), (20.0, -20.0, 5.4), (15.0, 25.0, 5.4)]
mcts_params: {}
Step	Entropy	MSE	Coverage	Heights	Actions	IGs
------------------------------------------------------------------------------------------------------------------------
0    	160000.00   	0.250   	0.0000  	[5.4, 5.4, 5.4, 5.4]	[-, -, -, -]	[-, -, -, -]
1    	159323.98   	0.244   	0.0469  	[5.4, 5.4, 5.4, 5.4]	[up, up, up, up]	[1952.2791, 3514.1024, 3162.6921, 1952.2791]
2    	158725.27   	0.238   	0.1694  	[10.8, 10.8, 10.8, 10.8]	[up, up, up, up]	[2166.5781, 3214.2563, 1946.1529, 2165.2952]
3    	157985.51   	0.231   	0.3311  	[16.2, 16.2, 16.2, 16.2]	[front, back, front, back]	[2471.4390, 3110.5300, 1705.9520, 2476.1119]
4    	157153.56   	0.224   	0.4194  	[16.2, 16.2, 16.2, 16.2]	[front, up, left, back]	[2508.3420, 2845.7228, 1701.1667, 2223.5746]
5    	156291.38   	0.216   	0.5514  	[16.2, 21.7, 16.2, 16.2]	[up, back, front, back]	[2559.7535, 2810.8634, 1645.4895, 2014.9980]
6    	155444.24   	0.209   	0.6959  	[21.7, 21.7, 16.2, 16.2]	[front, back, front, back]	[2624.6127, 2625.7080, 1687.5813, 1821.9535]
7    	154505.69   	0.202   	0.8014  	[21.7, 21.7, 16.2, 16.2]	[front, left, front, up]	[2496.1050, 2208.4037, 1856.1317, 1871.3709]
8    	153227.45   	0.196   	0.8812  	[21.7, 21.7, 16.2, 21.7]	[front, left, front, left]	[2179.0803, 2001.2979, 1883.1698, 1766.8958]
9    	151502.49   	0.189   	0.9125  	[21.7, 21.7, 16.2, 21.7]	[front, back, front, left]	[1920.2503, 1654.5772, 1959.7958, 1548.7645]
10   	149399.11   	0.182   	0.9203  	[21.7, 21.7, 16.2, 21.7]	[right, back, front, left]	[1516.5605, 1537.9866, 1968.8736, 1428.7635]
11   	147000.09   	0.175   	0.9281  	[21.7, 21.7, 16.2, 21.7]	[right, back, front, left]	[1321.8887, 1510.2095, 1983.6931, 1384.6425]
12   	144236.99   	0.167   	0.9359  	[21.7, 21.7, 16.2, 21.7]	[right, back, front, left]	[1297.8298, 1583.3183, 1998.5073, 1523.1610]
13   	141587.76   	0.160   	0.9437  	[21.7, 21.7, 16.2, 21.7]	[right, back, front, left]	[1469.5846, 1699.3563, 1921.6271, 1763.8893]
14   	139111.05   	0.154   	0.9516  	[21.7, 21.7, 16.2, 21.7]	[right, back, front, left]	[1768.8844, 1916.8633, 1867.2588, 2020.1700]
15   	136736.00   	0.147   	0.9608  	[21.7, 21.7, 16.2, 21.7]	[right, back, left, left]	[1939.4390, 2156.1985, 1679.1710, 2253.7865]
16   	134268.21   	0.141   	0.9709  	[21.7, 21.7, 16.2, 21.7]	[back, right, left, left]	[1852.0330, 1850.6779, 1678.2251, 2239.2363]
17   	131460.94   	0.135   	0.9844  	[21.7, 21.7, 16.2, 21.7]	[back, right, left, back]	[1605.5036, 1667.4553, 1738.6598, 2041.9783]
18   	128500.59   	0.129   	0.9859  	[21.7, 21.7, 16.2, 21.7]	[right, right, left, back]	[1060.1272, 1620.2956, 1664.0286, 1815.6112]
19   	125181.65   	0.123   	0.9875  	[21.7, 21.7, 16.2, 21.7]	[right, right, up, back]	[656.5086, 1621.4475, 1654.8381, 1712.7374]
20   	121628.10   	0.117   	0.9891  	[21.7, 21.7, 21.7, 21.7]	[hover, right, left, back]	[322.9541, 1433.9263, 1716.5957, 1729.4761]
21   	118133.89   	0.111   	0.9906  	[21.7, 21.7, 21.7, 21.7]	[front, right, left, back]	[163.7618, 1261.2076, 1782.9251, 1817.6754]
22   	114576.86   	0.106   	0.9922  	[21.7, 21.7, 21.7, 21.7]	[front, right, left, back]	[202.3931, 1250.6378, 1892.9382, 1992.7353]
23   	111211.90   	0.101   	0.9938  	[21.7, 21.7, 21.7, 21.7]	[front, right, left, back]	[501.0578, 1156.6472, 1999.7391, 2186.1028]
24   	108180.44   	0.096   	0.9953  	[21.7, 21.7, 21.7, 21.7]	[front, back, left, back]	[783.3225, 1082.3546, 2225.3822, 2269.2310]
25   	104748.98   	0.090   	1.0000  	[21.7, 21.7, 21.7, 21.7]	[front, hover, back, right]	[1230.3112, 754.3848, 2321.3910, 2052.7925]
26   	100807.46   	0.085   	1.0000  	[21.7, 21.7, 21.7, 21.7]	[front, hover, back, right]	[1531.6373, 474.5082, 2124.2960, 1748.5315]
27   	96408.75    	0.079   	1.0000  	[21.7, 21.7, 21.7, 21.7]	[front, front, back, right]	[1716.3462, 303.2158, 1948.8579, 1536.1443]
28   	91094.91    	0.073   	1.0000  	[21.7, 21.7, 21.7, 21.7]	[front, front, back, right]	[1678.8532, 631.4966, 1857.5407, 1431.1176]
29   	85081.97    	0.067   	1.0000  	[21.7, 21.7, 21.7, 21.7]	[left, front, back, right]	[1539.7997, 792.6151, 1804.8844, 1389.3142]
30   	78621.01    	0.061   	1.0000  	[21.7, 21.7, 21.7, 21.7]	[left, front, back, right]	[1353.5914, 869.3279, 1812.7933, 1417.2315]
31   	71754.80    	0.055   	1.0000  	[21.7, 21.7, 21.7, 21.7]	[left, front, back, right]	[1203.9347, 971.0026, 1853.4202, 1529.0369]
32   	63826.34    	0.048   	1.0000  	[21.7, 21.7, 21.7, 21.7]	[left, front, back, right]	[1138.9984, 1108.9635, 1986.5378, 1738.4957]
33   	56227.50    	0.042   	1.0000  	[21.7, 21.7, 21.7, 21.7]	[left, front, back, right]	[1159.7007, 1228.5517, 1874.6171, 1437.0368]
34   	48854.86    	0.036   	1.0000  	[21.7, 21.7, 21.7, 21.7]	[left, front, right, down]	[1235.7593, 1349.5734, 1794.7247, 1154.7798]
35   	42119.18    	0.031   	1.0000  	[21.7, 21.7, 21.7, 16.2]	[left, front, right, right]	[1361.2848, 1309.5970, 1805.1712, 664.7001]
36   	36794.40    	0.027   	1.0000  	[21.7, 21.7, 21.7, 16.2]	[left, down, right, back]	[1595.7052, 1054.7203, 1283.5778, 454.6956]
37   	32815.44    	0.025   	1.0000  	[21.7, 16.2, 21.7, 16.2]	[left, front, down, hover]	[2041.4588, 817.8639, 965.4755, 198.4388]
38   	29844.93    	0.022   	1.0000  	[21.7, 16.2, 16.2, 16.2]	[left, right, back, front]	[2206.4700, 491.9069, 518.8973, 87.9610]
39   	27765.24    	0.020   	1.0000  	[21.7, 16.2, 16.2, 16.2]	[left, hover, right, front]	[1875.5838, 193.7126, 279.9945, 234.9930]
40   	25941.68    	0.019   	1.0000  	[21.7, 16.2, 16.2, 16.2]	[back, hover, front, front]	[1450.3645, 65.8264, 133.5248, 353.3724]
41   	24352.35    	0.018   	1.0000  	[21.7, 16.2, 16.2, 16.2]	[back, up, front, front]	[1087.3045, 37.8714, 181.4639, 309.6634]
42   	22767.14    	0.017   	1.0000  	[21.7, 21.7, 16.2, 16.2]	[back, back, front, down]	[828.5452, 39.9783, 362.4433, 235.5019]
43   	21524.36    	0.016   	1.0000  	[21.7, 21.7, 16.2, 10.8]	[back, left, right, front]	[674.4818, 30.9682, 245.6208, 186.8067]
44   	20580.56    	0.015   	1.0000  	[21.7, 21.7, 16.2, 10.8]	[back, left, right, right]	[661.0817, 21.2233, 171.3478, 157.1641]
45   	19786.79    	0.014   	1.0000  	[21.7, 21.7, 16.2, 10.8]	[back, left, front, front]	[697.4113, 16.8428, 155.0293, 145.5798]
46   	19098.69    	0.014   	1.0000  	[21.7, 21.7, 16.2, 10.8]	[back, left, right, front]	[711.2831, 12.6270, 169.3513, 114.7126]
47   	18457.00    	0.013   	1.0000  	[21.7, 21.7, 16.2, 10.8]	[back, left, right, front]	[755.9019, 11.2386, 170.9255, 104.1068]
48   	17978.79    	0.012   	1.0000  	[21.7, 21.7, 16.2, 10.8]	[hover, left, right, front]	[536.8309, 21.9242, 143.7515, 70.8803]
49   	17588.02    	0.012   	1.0000  	[21.7, 21.7, 16.2, 10.8]	[hover, left, down, front]	[361.1893, 74.8539, 121.6939, 56.2264]
50   	17189.11    	0.012   	1.0000  	[21.7, 21.7, 10.8, 10.8]	[hover, left, right, front]	[226.1450, 231.2156, 114.8068, 56.9429]
51   	16781.93    	0.011   	1.0000  	[21.7, 21.7, 10.8, 10.8]	[hover, left, front, hover]	[140.0147, 411.2089, 78.9175, 18.1317]
52   	16421.93    	0.011   	1.0000  	[21.7, 21.7, 10.8, 10.8]	[hover, left, hover, hover]	[86.2687, 567.0488, 46.4328, 4.0771]
53   	16179.40    	0.010   	1.0000  	[21.7, 21.7, 10.8, 10.8]	[hover, hover, front, up]	[47.7683, 411.2755, 30.4311, 1.8344]
54   	15994.22    	0.010   	1.0000  	[21.7, 21.7, 10.8, 16.2]	[right, hover, up, back]	[28.0284, 292.1086, 24.7070, 1.3982]
55   	15874.10    	0.010   	1.0000  	[21.7, 21.7, 16.2, 16.2]	[left, hover, front, back]	[15.5313, 200.5420, 19.7507, 2.6751]
56   	15739.71    	0.010   	1.0000  	[21.7, 21.7, 16.2, 16.2]	[hover, back, up, back]	[9.3416, 143.5325, 15.9647, 6.5793]
57   	15579.88    	0.010   	1.0000  	[21.7, 21.7, 21.7, 16.2]	[right, back, up, back]	[6.2262, 112.6786, 22.0639, 9.1060]
58   	15371.67    	0.010   	1.0000  	[21.7, 21.7, 27.1, 16.2]	[up, back, front, left]	[4.4855, 93.7345, 38.3894, 10.1117]
59   	15073.92    	0.009   	1.0000  	[27.1, 21.7, 27.1, 16.2]	[right, back, front, back]	[7.6738, 100.0041, 66.8102, 8.3655]
60   	14692.05    	0.009   	1.0000  	[27.1, 21.7, 27.1, 16.2]	[right, back, left, left]	[12.4813, 112.1220, 74.4657, 8.6961]
61   	14321.87    	0.009   	1.0000  	[27.1, 21.7, 27.1, 16.2]	[right, back, front, left]	[15.9336, 143.2768, 56.2144, 14.6718]
62   	13844.11    	0.008   	1.0000  	[27.1, 21.7, 27.1, 16.2]	[right, back, down, left]	[19.0261, 209.5093, 79.6374, 23.8353]
63   	13328.39    	0.008   	1.0000  	[27.1, 21.7, 21.7, 16.2]	[right, back, front, left]	[22.8741, 320.4842, 53.3191, 20.4782]
64   	12806.95    	0.007   	1.0000  	[27.1, 21.7, 21.7, 16.2]	[right, back, down, front]	[25.7637, 461.2596, 50.4874, 16.1948]
65   	12478.83    	0.007   	1.0000  	[27.1, 21.7, 16.2, 16.2]	[right, back, front, front]	[26.6082, 350.3952, 15.7768, 11.6429]
66   	12272.50    	0.007   	1.0000  	[27.1, 21.7, 16.2, 16.2]	[down, down, down, front]	[29.7316, 325.9528, 6.5614, 9.6750]
67   	12087.32    	0.007   	1.0000  	[21.7, 16.2, 10.8, 16.2]	[right, left, right, up]	[25.5948, 274.3700, 4.7357, 13.7967]
68   	11958.94    	0.007   	1.0000  	[21.7, 16.2, 10.8, 21.7]	[hover, hover, right, left]	[14.1843, 170.2511, 3.1281, 22.3060]
69   	11845.48    	0.007   	1.0000  	[21.7, 16.2, 10.8, 21.7]	[hover, hover, left, left]	[8.5410, 104.8937, 1.4640, 41.7854]
70   	11701.86    	0.007   	1.0000  	[21.7, 16.2, 10.8, 21.7]	[hover, right, back, left]	[5.4052, 72.7116, 0.4812, 82.4285]
71   	11518.00    	0.006   	1.0000  	[21.7, 16.2, 10.8, 21.7]	[down, right, front, left]	[4.8849, 76.7437, 0.5694, 141.8128]
72   	11233.25    	0.006   	1.0000  	[16.2, 16.2, 10.8, 21.7]	[right, right, back, left]	[4.1550, 118.2831, 0.2922, 229.8434]
73   	10907.29    	0.006   	1.0000  	[16.2, 16.2, 10.8, 21.7]	[back, right, front, left]	[4.9429, 94.2979, 0.1594, 316.4974]
74   	10698.87    	0.006   	1.0000  	[16.2, 16.2, 10.8, 21.7]	[down, right, up, hover]	[4.3433, 71.6969, 0.0542, 205.5828]
75   	10550.97    	0.006   	1.0000  	[10.8, 16.2, 16.2, 21.7]	[right, right, left, hover]	[2.7589, 57.1982, 0.1138, 133.8446]
76   	10433.79    	0.006   	1.0000  	[10.8, 16.2, 16.2, 21.7]	[left, right, left, hover]	[1.8012, 41.5827, 1.0571, 86.5009]
77   	10345.97    	0.005   	1.0000  	[10.8, 16.2, 16.2, 21.7]	[back, right, left, hover]	[0.9204, 33.6387, 7.1027, 52.0783]
78   	10255.43    	0.005   	1.0000  	[10.8, 16.2, 16.2, 21.7]	[left, right, left, left]	[0.6663, 24.4783, 10.7587, 32.4570]
79   	10148.27    	0.005   	1.0000  	[10.8, 16.2, 16.2, 21.7]	[back, right, left, left]	[0.7534, 38.6726, 18.6993, 20.8440]
80   	10026.56    	0.005   	1.0000  	[10.8, 16.2, 16.2, 21.7]	[hover, right, left, left]	[0.5455, 39.5453, 36.0755, 12.1431]
81   	9942.58     	0.005   	1.0000  	[10.8, 16.2, 16.2, 21.7]	[hover, right, left, hover]	[0.2982, 17.1083, 57.0650, 6.9226]
82   	9846.91     	0.005   	1.0000  	[10.8, 16.2, 16.2, 21.7]	[hover, front, left, back]	[0.5416, 8.9729, 100.8224, 4.7719]
83   	9720.64     	0.005   	1.0000  	[10.8, 16.2, 16.2, 21.7]	[hover, front, left, back]	[0.3046, 7.4361, 172.6370, 7.0985]
84   	9585.92     	0.005   	1.0000  	[10.8, 16.2, 16.2, 21.7]	[hover, front, left, back]	[0.0836, 11.8150, 290.8197, 15.1935]
85   	9323.54     	0.005   	1.0000  	[10.8, 16.2, 16.2, 21.7]	[right, front, left, back]	[0.0707, 9.9181, 481.3603, 31.4155]
86   	8936.33     	0.005   	1.0000  	[10.8, 16.2, 16.2, 21.7]	[up, down, left, back]	[0.1627, 6.6845, 653.4941, 54.0978]
87   	8464.00     	0.004   	1.0000  	[16.2, 10.8, 16.2, 21.7]	[hover, front, back, back]	[0.1103, 6.0074, 551.9502, 89.2789]
88   	7996.50     	0.004   	1.0000  	[16.2, 10.8, 16.2, 21.7]	[front, front, back, back]	[0.0631, 5.1434, 377.0395, 156.0378]
89   	7512.70     	0.003   	1.0000  	[16.2, 10.8, 16.2, 21.7]	[front, hover, back, back]	[0.0319, 3.3702, 235.6113, 265.2891]
90   	7135.09     	0.003   	1.0000  	[16.2, 10.8, 16.2, 21.7]	[front, hover, back, right]	[0.0318, 1.7979, 180.8214, 171.0722]
91   	6877.63     	0.003   	1.0000  	[16.2, 10.8, 16.2, 21.7]	[hover, left, back, back]	[0.0712, 0.8069, 140.1673, 94.8590]
92   	6661.19     	0.003   	1.0000  	[16.2, 10.8, 16.2, 21.7]	[back, up, back, down]	[0.0238, 0.8833, 133.2078, 84.6604]
93   	6470.19     	0.003   	1.0000  	[16.2, 16.2, 16.2, 16.2]	[back, front, back, right]	[0.0669, 1.1430, 135.5425, 39.6243]
94   	6276.53     	0.003   	1.0000  	[16.2, 16.2, 16.2, 16.2]	[back, front, back, back]	[0.1622, 1.7507, 132.4211, 16.8822]
95   	6032.64     	0.002   	1.0000  	[16.2, 16.2, 16.2, 16.2]	[hover, hover, back, back]	[0.0657, 1.2881, 152.4627, 10.1693]
96   	5721.98     	0.002   	1.0000  	[16.2, 16.2, 16.2, 16.2]	[hover, front, back, right]	[0.0267, 0.8700, 184.1292, 7.3988]
97   	5324.52     	0.002   	1.0000  	[16.2, 16.2, 16.2, 16.2]	[left, front, back, right]	[0.0084, 1.2894, 233.0221, 6.7417]
98   	4993.65     	0.002   	1.0000  	[16.2, 16.2, 16.2, 16.2]	[left, front, back, right]	[0.1394, 0.9738, 260.6565, 12.0943]
99   	4761.78     	0.002   	1.0000  	[16.2, 16.2, 16.2, 16.2]	[up, front, left, right]	[0.0919, 0.3393, 210.4522, 13.5037]
[2025-12-18T14:58:22]
Strategy: greedy_ig
Pairwise: adaptive
News mode: IGd
Num agents: 4
Iteration: 12
Error margin: None
Gaussian radius 5 
Grid info: range: 0-50-50, cell_size:0.125, map shape: (400, 400), center:True
init UAV positions: [(-20.0, -20.0, 5.4), (-20.0, 15.0, 5.4), (15.0, -25.0, 5.4), (25.0, 15.0, 5.4)]
mcts_params: {}
Step	Entropy	MSE	Coverage	Heights	Actions	IGs
------------------------------------------------------------------------------------------------------------------------
0    	160000.00   	0.250   	0.0000  	[5.4, 5.4, 5.4, 5.4]	[-, -, -, -]	[-, -, -, -]
1    	159267.23   	0.243   	0.0469  	[5.4, 5.4, 5.4, 5.4]	[up, up, up, up]	[3162.6921, 3514.1024, 1952.2791, 1952.2791]
2    	158586.59   	0.236   	0.1694  	[10.8, 10.8, 10.8, 10.8]	[up, up, up, up]	[2334.3796, 2909.4264, 2007.7739, 1927.3829]
3    	157893.16   	0.230   	0.3311  	[16.2, 16.2, 16.2, 16.2]	[right, right, front, left]	[2260.3982, 2718.5667, 2072.9048, 1958.5456]
4    	157197.38   	0.224   	0.4194  	[16.2, 16.2, 16.2, 16.2]	[front, right, front, left]	[2375.3243, 2510.9341, 1988.7112, 1899.4388]
5    	156511.63   	0.218   	0.5116  	[16.2, 16.2, 16.2, 16.2]	[front, up, front, left]	[2245.6725, 2444.0704, 1864.8471, 1855.3939]
6    	155815.07   	0.211   	0.6394  	[16.2, 21.7, 16.2, 16.2]	[right, back, up, up]	[2081.7872, 2481.0258, 1893.4458, 1902.3118]
7    	155014.01   	0.204   	0.8050  	[16.2, 21.7, 21.7, 21.7]	[up, right, front, left]	[2254.0136, 2458.1551, 2005.5802, 1955.2335]
8    	154055.96   	0.197   	0.9339  	[21.7, 21.7, 21.7, 21.7]	[right, right, front, back]	[2213.3654, 2174.6476, 1965.7256, 1684.5113]
9    	152657.10   	0.190   	0.9869  	[21.7, 21.7, 21.7, 21.7]	[right, back, left, left]	[2119.2456, 1948.4582, 1674.4595, 1570.2247]
10   	150782.34   	0.183   	0.9984  	[21.7, 21.7, 21.7, 21.7]	[right, back, front, left]	[1717.7013, 1634.2449, 1471.6976, 1435.0014]
11   	148563.28   	0.176   	0.9984  	[21.7, 21.7, 21.7, 21.7]	[right, back, front, left]	[1563.8806, 1444.2350, 1446.1621, 1366.4934]
12   	146021.80   	0.169   	0.9984  	[21.7, 21.7, 21.7, 21.7]	[right, back, front, left]	[1462.1224, 1334.3781, 1529.0156, 1382.8352]
13   	143161.79   	0.162   	0.9984  	[21.7, 21.7, 21.7, 21.7]	[right, back, front, left]	[1451.8998, 1359.5066, 1753.9028, 1502.2442]
14   	140212.79   	0.154   	0.9984  	[21.7, 21.7, 21.7, 21.7]	[right, back, front, left]	[1502.2491, 1488.1787, 2002.6642, 1696.8380]
15   	137135.17   	0.146   	0.9984  	[21.7, 21.7, 21.7, 21.7]	[right, back, front, left]	[1639.5465, 1742.9482, 2241.7813, 2011.1059]
16   	134105.98   	0.138   	0.9984  	[21.7, 21.7, 21.7, 21.7]	[front, back, front, left]	[1530.7439, 1802.9037, 2270.9569, 2389.2222]
17   	131097.50   	0.131   	0.9986  	[21.7, 21.7, 21.7, 21.7]	[front, left, left, back]	[1605.9687, 1852.2684, 1815.4938, 1969.9357]
18   	127862.97   	0.125   	1.0000  	[21.7, 21.7, 21.7, 21.7]	[front, left, left, back]	[1722.8759, 1581.8139, 1504.3608, 1648.6889]
19   	124502.38   	0.119   	1.0000  	[21.7, 21.7, 21.7, 21.7]	[front, hover, left, back]	[1862.8673, 1020.4581, 1382.8907, 1389.3900]
20   	120966.09   	0.114   	1.0000  	[21.7, 21.7, 21.7, 21.7]	[front, back, left, back]	[1969.8980, 610.3060, 1384.6012, 1348.7208]
21   	116985.53   	0.108   	1.0000  	[21.7, 21.7, 21.7, 21.7]	[front, down, left, back]	[2130.2155, 382.3575, 1467.6796, 1449.6032]
22   	112564.68   	0.101   	1.0000  	[21.7, 16.2, 21.7, 21.7]	[front, left, left, back]	[2223.1172, 367.3869, 1651.1530, 1375.9253]
23   	108285.67   	0.095   	1.0000  	[21.7, 16.2, 21.7, 21.7]	[front, left, left, back]	[2269.9046, 167.0976, 1889.2377, 1390.4422]
24   	104201.20   	0.090   	1.0000  	[21.7, 16.2, 21.7, 21.7]	[left, front, left, right]	[1916.0860, 94.4639, 1996.4321, 1270.5877]
25   	99543.32    	0.084   	1.0000  	[21.7, 16.2, 21.7, 21.7]	[left, front, back, right]	[1754.0954, 121.4273, 1589.3245, 1302.3436]
26   	94522.91    	0.079   	1.0000  	[21.7, 16.2, 21.7, 21.7]	[left, front, back, back]	[1508.0816, 167.3727, 1201.3474, 1408.7255]
27   	89065.08    	0.073   	1.0000  	[21.7, 16.2, 21.7, 21.7]	[left, front, back, right]	[1493.2848, 157.1426, 923.6736, 1544.0805]
28   	83291.41    	0.068   	1.0000  	[21.7, 16.2, 21.7, 21.7]	[left, left, back, right]	[1439.3764, 71.8806, 906.4255, 1697.9311]
29   	77553.93    	0.062   	1.0000  	[21.7, 16.2, 21.7, 21.7]	[left, front, back, right]	[1497.8143, 43.0583, 915.5015, 1760.6525]
30   	72001.54    	0.057   	1.0000  	[21.7, 16.2, 21.7, 21.7]	[left, front, back, right]	[1507.1102, 22.4276, 1201.3647, 1850.7325]
31   	67273.89    	0.052   	1.0000  	[21.7, 16.2, 21.7, 21.7]	[front, front, back, right]	[1367.8291, 15.4585, 1715.9627, 1985.3303]
32   	62808.78    	0.048   	1.0000  	[21.7, 16.2, 21.7, 21.7]	[left, front, back, right]	[1239.9167, 9.2490, 2115.8901, 2117.3045]
33   	59165.68    	0.044   	1.0000  	[21.7, 16.2, 21.7, 21.7]	[hover, front, right, right]	[835.3469, 10.4546, 1702.7765, 1475.5192]
34   	56174.19    	0.042   	1.0000  	[21.7, 16.2, 21.7, 21.7]	[back, front, back, down]	[632.6440, 32.5348, 1213.9343, 1206.8016]
35   	54270.45    	0.040   	1.0000  	[21.7, 16.2, 21.7, 16.2]	[back, front, down, front]	[555.5815, 87.9631, 847.0422, 648.1741]
36   	52819.04    	0.039   	1.0000  	[21.7, 16.2, 16.2, 16.2]	[back, right, right, front]	[393.9488, 85.5241, 694.1833, 598.3329]
37   	51790.10    	0.039   	1.0000  	[21.7, 16.2, 16.2, 16.2]	[back, right, right, front]	[235.0976, 97.6363, 480.5204, 504.2885]
38   	51234.87    	0.038   	1.0000  	[21.7, 16.2, 16.2, 16.2]	[back, right, hover, hover]	[129.2234, 133.3131, 198.6574, 384.8178]
39   	50838.49    	0.038   	1.0000  	[21.7, 16.2, 16.2, 16.2]	[front, right, up, right]	[70.2810, 187.4300, 87.8034, 293.2844]
40   	50361.48    	0.038   	1.0000  	[21.7, 16.2, 21.7, 16.2]	[front, right, left, down]	[41.7364, 342.4826, 85.5165, 259.5321]
41   	49590.24    	0.037   	1.0000  	[21.7, 16.2, 21.7, 10.8]	[front, right, left, front]	[49.0281, 514.2590, 133.3808, 202.5316]
42   	48349.56    	0.036   	1.0000  	[21.7, 16.2, 21.7, 10.8]	[front, right, left, hover]	[72.6109, 945.9393, 243.5976, 127.3190]
43   	46732.70    	0.034   	1.0000  	[21.7, 16.2, 21.7, 10.8]	[front, right, front, hover]	[151.3581, 1273.9845, 171.9443, 83.3285]
44   	45034.59    	0.033   	1.0000  	[21.7, 16.2, 21.7, 10.8]	[hover, right, hover, hover]	[117.2961, 1516.8989, 108.8418, 51.0925]
45   	43298.74    	0.032   	1.0000  	[21.7, 16.2, 21.7, 10.8]	[right, right, hover, up]	[94.0629, 1555.6992, 61.1453, 41.6303]
46   	41721.46    	0.030   	1.0000  	[21.7, 16.2, 21.7, 16.2]	[right, right, hover, back]	[96.3099, 1514.4065, 34.9117, 48.5441]
47   	40339.19    	0.029   	1.0000  	[21.7, 16.2, 21.7, 16.2]	[right, right, hover, back]	[104.0467, 1502.5004, 21.1780, 63.3709]
48   	38628.24    	0.027   	1.0000  	[21.7, 16.2, 21.7, 16.2]	[right, back, up, back]	[118.6789, 1459.7232, 13.0810, 95.5082]
49   	36644.87    	0.026   	1.0000  	[21.7, 16.2, 27.1, 16.2]	[right, back, right, back]	[126.8647, 1327.9355, 15.2139, 143.3669]
50   	34531.67    	0.024   	1.0000  	[21.7, 16.2, 27.1, 16.2]	[right, back, front, back]	[138.1550, 1292.9078, 13.3502, 228.8280]
51   	32938.89    	0.023   	1.0000  	[21.7, 16.2, 27.1, 16.2]	[right, back, front, left]	[177.7871, 1348.4573, 15.5376, 104.1181]
52   	31243.91    	0.022   	1.0000  	[21.7, 16.2, 27.1, 16.2]	[right, back, front, hover]	[259.6143, 1654.3006, 23.6663, 36.0871]
53   	29501.18    	0.020   	1.0000  	[21.7, 16.2, 27.1, 16.2]	[right, back, front, left]	[372.8852, 1920.4055, 38.1716, 13.2455]
54   	27518.37    	0.018   	1.0000  	[21.7, 16.2, 27.1, 16.2]	[right, back, front, left]	[276.4421, 2044.0648, 67.0725, 11.2613]
55   	25694.15    	0.017   	1.0000  	[21.7, 16.2, 27.1, 16.2]	[down, back, front, left]	[255.5839, 2178.9476, 121.0032, 11.6869]
56   	22930.79    	0.015   	1.0000  	[16.2, 16.2, 27.1, 16.2]	[front, back, front, left]	[148.3328, 2219.3697, 198.4444, 17.2605]
57   	20156.71    	0.012   	1.0000  	[16.2, 16.2, 27.1, 16.2]	[hover, back, front, left]	[57.0860, 2083.1182, 146.8585, 30.6165]
58   	17828.99    	0.011   	1.0000  	[16.2, 16.2, 27.1, 16.2]	[back, back, down, left]	[28.2808, 1802.4068, 126.5579, 71.5863]
59   	16518.11    	0.009   	1.0000  	[16.2, 16.2, 21.7, 16.2]	[back, right, left, left]	[41.9699, 1201.4921, 141.2289, 128.4541]
60   	15726.93    	0.009   	1.0000  	[16.2, 16.2, 21.7, 16.2]	[back, hover, hover, left]	[92.9937, 550.5096, 91.7599, 237.8435]
61   	14955.26    	0.008   	1.0000  	[16.2, 16.2, 21.7, 16.2]	[back, up, hover, left]	[133.2694, 307.8150, 55.7370, 465.0280]
62   	13813.88    	0.008   	1.0000  	[16.2, 21.7, 21.7, 16.2]	[back, left, hover, left]	[173.1086, 322.5085, 34.7255, 732.3277]
63   	12885.42    	0.007   	1.0000  	[16.2, 21.7, 21.7, 16.2]	[back, front, hover, hover]	[220.5413, 241.8676, 21.2566, 445.4438]
64   	12108.80    	0.006   	1.0000  	[16.2, 21.7, 21.7, 16.2]	[back, left, hover, hover]	[227.1415, 179.5581, 13.0928, 248.7782]
65   	11501.61    	0.006   	1.0000  	[16.2, 21.7, 21.7, 16.2]	[back, left, hover, hover]	[265.1332, 113.9023, 7.9853, 133.4709]
66   	10808.26    	0.006   	1.0000  	[16.2, 21.7, 21.7, 16.2]	[back, front, front, hover]	[329.0853, 79.5338, 5.4390, 70.1001]
67   	10061.14    	0.005   	1.0000  	[16.2, 21.7, 21.7, 16.2]	[back, front, hover, hover]	[359.7238, 78.1681, 4.0948, 36.2888]
68   	9395.85     	0.005   	1.0000  	[16.2, 21.7, 21.7, 16.2]	[back, front, right, front]	[363.8757, 79.9136, 2.8837, 21.9181]
69   	9082.59     	0.005   	1.0000  	[16.2, 21.7, 21.7, 16.2]	[back, right, right, up]	[165.7235, 76.3008, 2.7081, 15.6554]
70   	8871.86     	0.004   	1.0000  	[16.2, 21.7, 21.7, 21.7]	[down, right, right, right]	[71.1517, 202.6064, 11.0892, 9.4836]
71   	8686.37     	0.004   	1.0000  	[10.8, 21.7, 21.7, 21.7]	[right, front, right, hover]	[42.7466, 199.6828, 21.4790, 5.4859]
72   	8476.71     	0.004   	1.0000  	[10.8, 21.7, 21.7, 21.7]	[hover, front, right, hover]	[8.8300, 192.1694, 41.8168, 3.7335]
73   	8126.18     	0.004   	1.0000  	[10.8, 21.7, 21.7, 21.7]	[front, front, right, right]	[5.8656, 169.0789, 67.2636, 3.0537]
74   	7670.44     	0.004   	1.0000  	[10.8, 21.7, 21.7, 21.7]	[front, front, right, up]	[7.0975, 125.6582, 90.0846, 3.6920]
75   	7020.61     	0.003   	1.0000  	[10.8, 21.7, 21.7, 27.1]	[front, front, right, front]	[11.5091, 82.4866, 75.8764, 6.7873]
76   	6520.16     	0.003   	1.0000  	[10.8, 21.7, 21.7, 27.1]	[front, right, right, front]	[18.1758, 41.6024, 71.4589, 11.3278]
77   	6190.59     	0.003   	1.0000  	[10.8, 21.7, 21.7, 27.1]	[front, right, front, front]	[23.8922, 21.7168, 70.5857, 20.1823]
78   	5914.22     	0.002   	1.0000  	[10.8, 21.7, 21.7, 27.1]	[front, front, front, front]	[12.7035, 20.1677, 39.2215, 36.0341]
79   	5639.64     	0.002   	1.0000  	[10.8, 21.7, 21.7, 27.1]	[hover, right, back, front]	[7.6058, 16.7217, 27.1219, 69.1968]
80   	5303.22     	0.002   	1.0000  	[10.8, 21.7, 21.7, 27.1]	[hover, down, back, front]	[5.1583, 8.0336, 27.2477, 121.2676]
81   	4864.48     	0.002   	1.0000  	[10.8, 16.2, 21.7, 27.1]	[hover, front, back, front]	[2.2475, 12.6129, 27.2834, 198.0927]
82   	4436.09     	0.001   	1.0000  	[10.8, 16.2, 21.7, 27.1]	[right, front, back, front]	[1.0825, 5.2810, 37.4047, 232.7399]
83   	4176.26     	0.001   	1.0000  	[10.8, 16.2, 21.7, 27.1]	[front, down, back, left]	[0.7992, 3.6489, 42.5157, 187.8786]
84   	3936.49     	0.001   	1.0000  	[10.8, 10.8, 21.7, 27.1]	[back, left, back, down]	[0.5239, 3.3061, 44.5168, 161.4308]
85   	3718.74     	0.001   	1.0000  	[10.8, 10.8, 21.7, 21.7]	[front, left, back, front]	[0.1621, 2.0239, 41.5850, 215.9795]
86   	3527.71     	0.001   	1.0000  	[10.8, 10.8, 21.7, 21.7]	[front, right, back, hover]	[0.3414, 1.6255, 45.2580, 155.6375]
87   	3370.77     	0.001   	1.0000  	[10.8, 10.8, 21.7, 21.7]	[front, up, back, hover]	[0.7819, 1.0447, 51.0342, 107.6141]
88   	3242.99     	0.001   	1.0000  	[10.8, 16.2, 21.7, 21.7]	[front, left, back, hover]	[0.5793, 0.4276, 46.2236, 73.5884]
89   	3142.63     	0.001   	1.0000  	[10.8, 16.2, 21.7, 21.7]	[left, left, back, hover]	[0.5413, 0.4191, 40.5974, 49.8121]
90   	3071.91     	0.001   	1.0000  	[10.8, 16.2, 21.7, 21.7]	[front, left, hover, right]	[0.4135, 1.5964, 22.0828, 36.6421]
91   	3018.52     	0.001   	1.0000  	[10.8, 16.2, 21.7, 21.7]	[front, left, hover, right]	[1.1018, 1.5999, 12.6894, 27.0778]
92   	2958.93     	0.001   	1.0000  	[10.8, 16.2, 21.7, 21.7]	[front, left, hover, right]	[10.1460, 2.0752, 7.4860, 20.8507]
93   	2909.40     	0.001   	1.0000  	[10.8, 16.2, 21.7, 21.7]	[hover, left, front, right]	[4.0544, 2.8589, 4.8159, 15.4849]
94   	2860.32     	0.001   	1.0000  	[10.8, 16.2, 21.7, 21.7]	[left, left, back, right]	[2.5150, 2.8993, 3.6644, 14.9047]
95   	2816.55     	0.001   	1.0000  	[10.8, 16.2, 21.7, 21.7]	[right, left, front, right]	[1.1220, 4.0869, 2.6225, 17.8265]
96   	2776.44     	0.000   	1.0000  	[10.8, 16.2, 21.7, 21.7]	[left, left, back, right]	[0.2455, 5.3392, 2.1775, 18.2132]
97   	2729.12     	0.000   	1.0000  	[10.8, 16.2, 21.7, 21.7]	[right, left, down, right]	[0.1075, 9.1110, 2.2247, 19.6752]
98   	2705.02     	0.000   	1.0000  	[10.8, 16.2, 16.2, 21.7]	[front, left, right, hover]	[0.0376, 12.8103, 2.0352, 10.9358]
99   	2687.77     	0.000   	1.0000  	[10.8, 16.2, 16.2, 21.7]	[up, left, back, back]	[0.0126, 13.9688, 1.8592, 5.5779]
[2025-12-18T14:58:32]
Strategy: greedy_ig
Pairwise: adaptive
News mode: IGd
Num agents: 4
Iteration: 13
Error margin: None
Gaussian radius 5 
Grid info: range: 0-50-50, cell_size:0.125, map shape: (400, 400), center:True
init UAV positions: [(0.0, -5.0, 5.4), (-5.0, 25.0, 5.4), (5.0, -20.0, 5.4), (20.0, 5.0, 5.4)]
mcts_params: {}
Step	Entropy	MSE	Coverage	Heights	Actions	IGs
------------------------------------------------------------------------------------------------------------------------
0    	160000.00   	0.250   	0.0000  	[5.4, 5.4, 5.4, 5.4]	[-, -, -, -]	[-, -, -, -]
1    	159103.83   	0.242   	0.0547  	[5.4, 5.4, 5.4, 5.4]	[up, up, up, up]	[3904.5582, 1952.2791, 3514.1024, 3514.1024]
2    	158146.21   	0.233   	0.2062  	[10.8, 10.8, 10.8, 10.8]	[up, up, up, up]	[3870.4328, 2144.3624, 2577.6214, 3176.4619]
3    	156908.27   	0.225   	0.4059  	[16.2, 16.2, 16.2, 16.2]	[up, back, up, left]	[3200.4448, 2487.0326, 1913.3247, 2972.2626]
4    	155629.02   	0.217   	0.5463  	[21.7, 16.2, 21.7, 16.2]	[left, back, front, left]	[2299.8516, 2667.0897, 1888.4109, 2776.8146]
5    	153969.64   	0.208   	0.6158  	[21.7, 16.2, 21.7, 16.2]	[left, back, front, up]	[1985.8998, 2571.3121, 1806.2400, 2756.9836]
6    	152302.56   	0.199   	0.6963  	[21.7, 16.2, 21.7, 21.7]	[left, up, right, front]	[1852.4727, 2363.8633, 1588.8190, 2251.0428]
7    	150698.44   	0.191   	0.8025  	[21.7, 21.7, 21.7, 21.7]	[left, back, right, front]	[1954.9046, 2187.0406, 1759.8649, 2070.6488]
8    	148999.00   	0.184   	0.8775  	[21.7, 21.7, 21.7, 21.7]	[back, left, front, left]	[1896.9167, 2022.5913, 1770.4626, 1788.2913]
9    	147143.79   	0.177   	0.9213  	[21.7, 21.7, 21.7, 21.7]	[back, left, front, left]	[1943.4969, 2110.9723, 1668.0804, 1570.7707]
10   	145073.20   	0.171   	0.9650  	[21.7, 21.7, 21.7, 21.7]	[back, back, front, left]	[1627.1103, 1925.9068, 1672.4046, 1356.1671]
11   	142850.88   	0.165   	0.9738  	[21.7, 21.7, 21.7, 21.7]	[hover, back, front, left]	[1094.0687, 1647.2362, 1754.0287, 1278.0466]
12   	140349.04   	0.159   	0.9738  	[21.7, 21.7, 21.7, 21.7]	[right, back, front, left]	[726.8728, 1422.2169, 1861.1196, 1276.7230]
13   	137495.85   	0.153   	0.9738  	[21.7, 21.7, 21.7, 21.7]	[right, back, front, left]	[599.9059, 1297.6950, 2033.3020, 1379.4835]
14   	134403.18   	0.146   	0.9738  	[21.7, 21.7, 21.7, 21.7]	[right, back, front, left]	[634.6296, 1287.5506, 2179.7928, 1567.2597]
15   	131274.99   	0.139   	0.9738  	[21.7, 21.7, 21.7, 21.7]	[right, back, front, left]	[853.0358, 1369.4641, 2274.3905, 1840.6641]
16   	128197.13   	0.132   	0.9738  	[21.7, 21.7, 21.7, 21.7]	[right, back, left, left]	[1152.2873, 1546.3393, 1920.2737, 1705.8621]
17   	124756.76   	0.125   	0.9819  	[21.7, 21.7, 21.7, 21.7]	[right, back, left, back]	[1399.8177, 1814.2237, 1778.4341, 1530.0307]
18   	120890.17   	0.119   	0.9819  	[21.7, 21.7, 21.7, 21.7]	[right, right, left, back]	[1622.0388, 1622.8149, 1625.3845, 1373.9539]
19   	116643.31   	0.112   	0.9819  	[21.7, 21.7, 21.7, 21.7]	[right, right, left, back]	[1759.7024, 1519.1690, 1571.6837, 1326.0449]
20   	112031.97   	0.105   	0.9906  	[21.7, 21.7, 21.7, 21.7]	[front, right, left, back]	[1387.3012, 1350.4401, 1565.4064, 1347.9264]
21   	107389.80   	0.099   	0.9906  	[21.7, 21.7, 21.7, 21.7]	[front, right, left, back]	[1131.5364, 1293.1489, 1650.5578, 1452.8745]
22   	102713.96   	0.092   	0.9906  	[21.7, 21.7, 21.7, 21.7]	[front, right, left, back]	[1101.7415, 1321.0244, 1840.2036, 1628.6461]
23   	98059.48    	0.086   	0.9906  	[21.7, 21.7, 21.7, 21.7]	[front, right, left, back]	[1389.8482, 1407.3854, 1846.1410, 1871.7191]
24   	93290.73    	0.080   	0.9906  	[21.7, 21.7, 21.7, 21.7]	[front, right, back, back]	[1734.1241, 1581.4167, 1681.8942, 1753.9938]
25   	87829.94    	0.073   	0.9906  	[21.7, 21.7, 21.7, 21.7]	[front, right, back, right]	[2082.5695, 1526.2900, 1555.5430, 1637.6620]
26   	81424.41    	0.066   	0.9906  	[21.7, 21.7, 21.7, 21.7]	[front, front, back, right]	[2347.0430, 1405.3309, 1347.1745, 1404.6244]
27   	74866.59    	0.060   	0.9906  	[21.7, 21.7, 21.7, 21.7]	[front, front, back, right]	[2302.4285, 1301.4412, 1209.3264, 1294.5856]
28   	68708.64    	0.054   	0.9906  	[21.7, 21.7, 21.7, 21.7]	[front, front, back, right]	[1877.3827, 1322.3743, 1162.7921, 1260.8571]
29   	62440.61    	0.049   	0.9994  	[21.7, 21.7, 21.7, 21.7]	[left, front, back, right]	[1399.1015, 1361.6495, 1170.9097, 1278.3967]
30   	55914.03    	0.043   	0.9994  	[21.7, 21.7, 21.7, 21.7]	[left, front, back, right]	[1176.9182, 1442.9854, 1254.9874, 1337.0793]
31   	48834.44    	0.037   	0.9994  	[21.7, 21.7, 21.7, 21.7]	[left, front, back, right]	[1146.0633, 1521.5235, 1226.7835, 1485.1101]
32   	42190.90    	0.032   	0.9994  	[21.7, 21.7, 21.7, 21.7]	[left, front, down, right]	[1183.3881, 1576.9785, 1077.5745, 1706.9184]
33   	36643.94    	0.027   	0.9994  	[21.7, 21.7, 16.2, 21.7]	[left, front, back, right]	[1290.1019, 1585.6712, 936.8946, 1526.0028]
34   	32464.11    	0.024   	0.9994  	[21.7, 21.7, 16.2, 21.7]	[left, right, left, down]	[1439.2117, 1187.7755, 774.8050, 1072.0346]
35   	29243.95    	0.021   	0.9994  	[21.7, 21.7, 16.2, 16.2]	[left, hover, hover, right]	[1737.8723, 766.1422, 452.7985, 853.3617]
36   	27022.72    	0.019   	0.9994  	[21.7, 21.7, 16.2, 16.2]	[left, left, hover, back]	[1887.8417, 402.4430, 252.8208, 506.8974]
37   	25484.01    	0.017   	1.0000  	[21.7, 21.7, 16.2, 16.2]	[hover, hover, hover, hover]	[1386.3317, 207.7851, 145.5062, 208.8878]
38   	24560.93    	0.017   	1.0000  	[21.7, 21.7, 16.2, 16.2]	[hover, hover, right, front]	[973.3890, 96.4546, 78.1868, 87.2421]
39   	23760.91    	0.016   	1.0000  	[21.7, 21.7, 16.2, 16.2]	[back, left, left, up]	[688.9134, 46.8142, 57.6171, 50.6063]
40   	23281.89    	0.016   	1.0000  	[21.7, 21.7, 16.2, 21.7]	[front, right, up, left]	[438.5859, 24.7733, 35.3435, 30.9114]
41   	22926.68    	0.015   	1.0000  	[21.7, 21.7, 21.7, 21.7]	[back, back, front, left]	[281.2422, 18.4937, 28.5799, 18.4613]
42   	22713.16    	0.015   	1.0000  	[21.7, 21.7, 21.7, 21.7]	[front, back, right, front]	[179.5791, 28.4619, 21.7169, 10.6197]
43   	22537.28    	0.015   	1.0000  	[21.7, 21.7, 21.7, 21.7]	[back, back, right, up]	[107.1605, 38.1736, 14.4348, 8.6091]
44   	22411.96    	0.015   	1.0000  	[21.7, 21.7, 21.7, 27.1]	[front, back, right, front]	[73.1141, 50.1658, 10.1674, 5.5131]
45   	22303.12    	0.015   	1.0000  	[21.7, 21.7, 21.7, 27.1]	[hover, back, right, front]	[46.2793, 46.8950, 8.3913, 3.8223]
46   	22084.24    	0.015   	1.0000  	[21.7, 21.7, 21.7, 27.1]	[back, back, right, front]	[32.5645, 55.5272, 6.8520, 5.6067]
47   	21753.09    	0.015   	1.0000  	[21.7, 21.7, 21.7, 27.1]	[back, back, right, front]	[29.2166, 92.3474, 7.9099, 21.9020]
48   	21293.07    	0.014   	1.0000  	[21.7, 21.7, 21.7, 27.1]	[back, back, right, front]	[29.8241, 132.8577, 11.0235, 50.1873]
49   	20764.08    	0.014   	1.0000  	[21.7, 21.7, 21.7, 27.1]	[back, right, right, front]	[30.7687, 80.1745, 51.3150, 103.3671]
50   	20066.93    	0.013   	1.0000  	[21.7, 21.7, 21.7, 27.1]	[back, right, right, front]	[33.7590, 45.8255, 102.7900, 249.9744]
51   	19408.51    	0.013   	1.0000  	[21.7, 21.7, 21.7, 27.1]	[back, right, right, front]	[33.3269, 24.5126, 168.9320, 228.8719]
52   	18844.36    	0.012   	1.0000  	[21.7, 21.7, 21.7, 27.1]	[back, back, front, down]	[59.4858, 11.3432, 154.4632, 276.9056]
53   	18379.00    	0.012   	1.0000  	[21.7, 21.7, 21.7, 21.7]	[back, down, front, right]	[113.2269, 13.7997, 164.4989, 193.4515]
54   	18050.20    	0.011   	1.0000  	[21.7, 16.2, 21.7, 21.7]	[back, left, front, front]	[116.1574, 7.2390, 134.4500, 110.0474]
55   	17842.65    	0.011   	1.0000  	[21.7, 16.2, 21.7, 21.7]	[hover, left, front, down]	[70.0853, 6.2168, 146.5005, 59.0314]
56   	17643.01    	0.011   	1.0000  	[21.7, 16.2, 21.7, 16.2]	[hover, left, front, right]	[38.9787, 4.2636, 187.7835, 34.3078]
57   	17284.97    	0.011   	1.0000  	[21.7, 16.2, 21.7, 16.2]	[hover, down, front, front]	[22.1850, 3.3723, 235.7304, 11.2011]
58   	16840.80    	0.010   	1.0000  	[21.7, 10.8, 21.7, 16.2]	[hover, right, front, front]	[12.6526, 3.2658, 263.1134, 4.0661]
59   	16288.72    	0.010   	1.0000  	[21.7, 10.8, 21.7, 16.2]	[hover, up, front, left]	[7.5876, 2.7450, 312.5310, 2.8628]
60   	15749.08    	0.010   	1.0000  	[21.7, 16.2, 21.7, 16.2]	[hover, hover, front, left]	[4.7747, 2.3691, 329.2031, 8.4752]
61   	15348.58    	0.009   	1.0000  	[21.7, 16.2, 21.7, 16.2]	[hover, front, hover, left]	[2.8636, 1.9599, 223.8177, 28.8662]
62   	15066.85    	0.009   	1.0000  	[21.7, 16.2, 21.7, 16.2]	[up, hover, hover, left]	[1.8951, 1.3664, 159.2638, 56.6590]
63   	14819.83    	0.009   	1.0000  	[27.1, 16.2, 21.7, 16.2]	[right, back, left, left]	[2.8222, 1.2256, 118.4479, 92.1602]
64   	14600.48    	0.009   	1.0000  	[27.1, 16.2, 21.7, 16.2]	[right, down, left, left]	[5.5494, 1.2513, 93.1880, 125.6445]
65   	14364.57    	0.009   	1.0000  	[27.1, 10.8, 21.7, 16.2]	[right, right, left, left]	[13.6294, 1.1985, 87.5622, 170.7124]
66   	14032.03    	0.008   	1.0000  	[27.1, 10.8, 21.7, 16.2]	[right, back, left, left]	[29.5144, 0.2960, 94.9678, 233.7216]
67   	13638.59    	0.008   	1.0000  	[27.1, 10.8, 21.7, 16.2]	[right, right, left, left]	[56.4937, 0.1888, 108.9674, 320.4327]
68   	13069.79    	0.008   	1.0000  	[27.1, 10.8, 21.7, 16.2]	[right, hover, left, left]	[106.2944, 0.3782, 139.0961, 443.8835]
69   	12357.96    	0.007   	1.0000  	[27.1, 10.8, 21.7, 16.2]	[right, hover, left, left]	[168.3668, 0.3720, 187.1028, 417.7792]
70   	11713.73    	0.006   	1.0000  	[27.1, 10.8, 21.7, 16.2]	[front, hover, left, down]	[124.9036, 0.2687, 248.7828, 314.9100]
71   	11143.14    	0.006   	1.0000  	[27.1, 10.8, 21.7, 10.8]	[hover, front, left, left]	[84.1256, 0.1311, 313.3758, 279.2616]
72   	10744.14    	0.006   	1.0000  	[27.1, 10.8, 21.7, 10.8]	[hover, left, hover, back]	[53.6268, 0.0524, 224.7181, 209.6754]
73   	10447.16    	0.005   	1.0000  	[27.1, 10.8, 21.7, 10.8]	[hover, left, hover, back]	[33.1666, 0.0199, 145.0922, 151.3842]
74   	10210.94    	0.005   	1.0000  	[27.1, 10.8, 21.7, 10.8]	[hover, left, hover, back]	[20.7374, 0.1700, 93.8372, 98.9951]
75   	10081.93    	0.005   	1.0000  	[27.1, 10.8, 21.7, 10.8]	[front, left, hover, back]	[13.9235, 0.3773, 61.0233, 48.1384]
76   	9992.35     	0.005   	1.0000  	[27.1, 10.8, 21.7, 10.8]	[front, left, hover, back]	[15.0763, 0.5467, 41.4471, 23.0127]
77   	9917.83     	0.005   	1.0000  	[27.1, 10.8, 21.7, 10.8]	[front, left, front, back]	[19.3729, 4.2704, 29.3169, 13.6399]
78   	9826.31     	0.005   	1.0000  	[27.1, 10.8, 21.7, 10.8]	[front, up, front, up]	[31.5728, 10.1763, 22.6638, 10.6220]
79   	9674.06     	0.005   	1.0000  	[27.1, 16.2, 21.7, 16.2]	[front, left, front, back]	[51.9938, 19.5575, 16.6255, 11.6263]
80   	9407.90     	0.005   	1.0000  	[27.1, 16.2, 21.7, 16.2]	[front, left, left, back]	[90.0494, 42.5211, 15.6899, 24.1686]
81   	9059.51     	0.005   	1.0000  	[27.1, 16.2, 21.7, 16.2]	[front, left, down, back]	[122.8687, 88.5925, 22.2001, 38.2935]
82   	8659.00     	0.004   	1.0000  	[27.1, 16.2, 16.2, 16.2]	[hover, left, back, back]	[90.9129, 158.7642, 17.0630, 61.2093]
83   	8231.77     	0.004   	1.0000  	[27.1, 16.2, 16.2, 16.2]	[hover, left, back, back]	[60.0495, 248.4950, 14.9939, 85.8522]
84   	7596.21     	0.004   	1.0000  	[27.1, 16.2, 16.2, 16.2]	[hover, left, hover, back]	[39.4450, 326.9523, 9.1661, 96.8107]
85   	6777.12     	0.003   	1.0000  	[27.1, 16.2, 16.2, 16.2]	[hover, left, hover, back]	[25.3438, 227.8783, 5.6323, 56.9874]
86   	6296.78     	0.003   	1.0000  	[27.1, 16.2, 16.2, 16.2]	[hover, front, back, back]	[16.4380, 166.0427, 4.1518, 72.4589]
87   	5981.73     	0.003   	1.0000  	[27.1, 16.2, 16.2, 16.2]	[hover, front, back, down]	[10.6230, 157.5610, 3.5253, 109.5251]
88   	5748.40     	0.002   	1.0000  	[27.1, 16.2, 16.2, 10.8]	[hover, front, back, back]	[6.9619, 146.8080, 5.4366, 73.0180]
89   	5572.70     	0.002   	1.0000  	[27.1, 16.2, 16.2, 10.8]	[hover, front, back, front]	[4.3680, 106.7212, 3.0495, 41.8814]
90   	5390.19     	0.002   	1.0000  	[27.1, 16.2, 16.2, 10.8]	[hover, front, up, right]	[3.0116, 65.2684, 1.1230, 27.0908]
91   	5197.06     	0.002   	1.0000  	[27.1, 16.2, 21.7, 10.8]	[right, front, right, right]	[2.1529, 63.2325, 1.1552, 33.7673]
92   	4946.56     	0.002   	1.0000  	[27.1, 16.2, 21.7, 10.8]	[down, front, back, right]	[1.6825, 93.2997, 1.2868, 28.7730]
93   	4628.41     	0.002   	1.0000  	[21.7, 16.2, 21.7, 10.8]	[front, front, back, hover]	[2.1176, 174.4812, 2.0563, 15.4193]
94   	4272.80     	0.001   	1.0000  	[21.7, 16.2, 21.7, 10.8]	[down, front, back, right]	[1.5779, 302.5432, 2.1845, 7.7133]
95   	3870.09     	0.001   	1.0000  	[16.2, 16.2, 21.7, 10.8]	[front, front, right, right]	[1.0984, 504.7293, 2.1851, 5.1794]
96   	3600.61     	0.001   	1.0000  	[16.2, 16.2, 21.7, 10.8]	[right, front, down, up]	[1.1580, 322.9825, 2.5741, 3.8772]
97   	3499.84     	0.001   	1.0000  	[16.2, 16.2, 16.2, 16.2]	[left, down, front, right]	[0.5412, 225.1531, 1.7853, 3.3313]
98   	3378.76     	0.001   	1.0000  	[16.2, 10.8, 16.2, 16.2]	[front, left, back, front]	[0.6734, 222.9077, 1.7036, 3.0261]
99   	3311.46     	0.001   	1.0000  	[16.2, 10.8, 16.2, 16.2]	[left, hover, hover, right]	[0.5186, 125.6398, 1.7121, 2.6035]
[2025-12-18T14:58:42]
Strategy: greedy_ig
Pairwise: adaptive
News mode: IGd
Num agents: 4
Iteration: 14
Error margin: None
Gaussian radius 5 
Grid info: range: 0-50-50, cell_size:0.125, map shape: (400, 400), center:True
init UAV positions: [(-15.0, -5.0, 5.4), (-15.0, 0.0, 5.4), (25.0, 0.0, 5.4), (15.0, 20.0, 5.4)]
mcts_params: {}
Step	Entropy	MSE	Coverage	Heights	Actions	IGs
------------------------------------------------------------------------------------------------------------------------
0    	160000.00   	0.250   	0.0000  	[5.4, 5.4, 5.4, 5.4]	[-, -, -, -]	[-, -, -, -]
1    	158718.78   	0.241   	0.0516  	[5.4, 5.4, 5.4, 5.4]	[up, up, up, up]	[3904.5582, 2231.1761, 1952.2791, 3514.1024]
2    	157185.72   	0.231   	0.1750  	[10.8, 10.8, 10.8, 10.8]	[up, up, up, up]	[2519.2539, 1639.3181, 2203.4117, 2845.4973]
3    	155918.29   	0.223   	0.3563  	[16.2, 16.2, 16.2, 16.2]	[up, front, left, back]	[1532.1530, 1520.6071, 2476.7176, 2388.8432]
4    	154763.40   	0.216   	0.4786  	[21.7, 16.2, 16.2, 16.2]	[right, front, left, back]	[1899.7612, 1518.5016, 2572.3488, 1787.5189]
5    	153699.83   	0.209   	0.5591  	[21.7, 16.2, 16.2, 16.2]	[right, front, left, up]	[2035.2668, 1679.9930, 2480.7868, 1604.1192]
6    	152743.41   	0.203   	0.6622  	[21.7, 16.2, 16.2, 21.7]	[right, front, back, left]	[2027.8410, 1863.9059, 2336.2456, 1741.7596]
7    	151877.13   	0.197   	0.7509  	[21.7, 16.2, 16.2, 21.7]	[back, front, back, left]	[1988.9634, 2093.8692, 2487.0044, 1900.3468]
8    	150954.55   	0.191   	0.8502  	[21.7, 16.2, 16.2, 21.7]	[back, right, back, back]	[1990.9431, 1970.7433, 2598.3835, 1846.6234]
9    	149690.44   	0.184   	0.9172  	[21.7, 16.2, 16.2, 21.7]	[right, right, back, back]	[1776.4130, 2039.6767, 2307.4709, 1662.6835]
10   	148039.50   	0.178   	0.9422  	[21.7, 16.2, 16.2, 21.7]	[right, right, back, back]	[1549.3843, 2117.2859, 1946.2135, 1537.3582]
11   	145915.42   	0.171   	0.9628  	[21.7, 16.2, 16.2, 21.7]	[right, right, left, back]	[1323.2841, 2083.8718, 1248.7651, 1320.3301]
12   	143280.56   	0.164   	0.9644  	[21.7, 16.2, 16.2, 21.7]	[right, right, left, left]	[856.7281, 2012.3500, 774.8040, 1144.7212]
13   	140424.50   	0.157   	0.9659  	[21.7, 16.2, 16.2, 21.7]	[right, right, left, left]	[766.3679, 1740.1946, 834.2971, 1277.6922]
14   	137465.52   	0.151   	0.9675  	[21.7, 16.2, 16.2, 21.7]	[right, right, left, left]	[1044.3985, 1672.1505, 1180.3845, 1473.1824]
15   	134650.13   	0.145   	0.9691  	[21.7, 16.2, 16.2, 21.7]	[front, right, left, left]	[1185.0105, 1709.9742, 1403.0216, 1574.9965]
16   	131795.25   	0.139   	0.9706  	[21.7, 16.2, 16.2, 21.7]	[front, right, left, left]	[1355.2884, 1774.3489, 1567.5293, 1740.2447]
17   	129093.87   	0.133   	0.9722  	[21.7, 16.2, 16.2, 21.7]	[front, right, left, left]	[1578.3570, 1513.8476, 1694.3814, 1865.8073]
18   	126144.88   	0.128   	0.9738  	[21.7, 16.2, 16.2, 21.7]	[front, back, left, left]	[1817.0842, 1185.9636, 1804.5355, 1835.5793]
19   	122727.04   	0.122   	0.9784  	[21.7, 16.2, 16.2, 21.7]	[front, back, left, front]	[1645.2344, 855.8354, 1957.8422, 1770.9486]
20   	119535.79   	0.117   	0.9886  	[21.7, 16.2, 16.2, 21.7]	[left, back, left, front]	[1231.4713, 993.2170, 2237.2600, 1731.9370]
21   	115679.02   	0.111   	0.9988  	[21.7, 16.2, 16.2, 21.7]	[front, back, front, front]	[1208.1430, 1222.5798, 2024.7646, 1801.9644]
22   	111211.58   	0.105   	0.9995  	[21.7, 16.2, 16.2, 21.7]	[front, back, front, front]	[1507.8768, 1828.4093, 1878.8635, 1641.5052]
23   	107024.20   	0.100   	1.0000  	[21.7, 16.2, 16.2, 21.7]	[front, back, front, down]	[1565.6204, 2299.1948, 1788.0620, 1238.5785]
24   	103135.93   	0.095   	1.0000  	[21.7, 16.2, 16.2, 16.2]	[left, back, front, front]	[1447.9321, 2597.3968, 1767.1449, 1203.7745]
25   	99274.46    	0.090   	1.0000  	[21.7, 16.2, 16.2, 16.2]	[left, back, front, left]	[1292.8833, 2720.8387, 1716.4197, 911.8367]
26   	95629.61    	0.085   	1.0000  	[21.7, 16.2, 16.2, 16.2]	[left, back, front, front]	[1257.3971, 2545.5118, 1444.0081, 509.3733]
27   	92447.58    	0.081   	1.0000  	[21.7, 16.2, 16.2, 16.2]	[left, back, right, down]	[1131.2799, 2196.3264, 1359.4775, 358.8079]
28   	89034.51    	0.077   	1.0000  	[21.7, 16.2, 16.2, 10.8]	[left, left, up, left]	[1066.4951, 1843.9577, 1367.4091, 287.7915]
29   	85255.78    	0.072   	1.0000  	[21.7, 16.2, 21.7, 10.8]	[left, left, right, hover]	[957.4068, 1790.4039, 1101.5535, 174.8709]
30   	81236.86    	0.068   	1.0000  	[21.7, 16.2, 21.7, 10.8]	[left, left, right, hover]	[904.9542, 1776.5786, 1279.0236, 109.2824]
31   	77392.17    	0.063   	1.0000  	[21.7, 16.2, 21.7, 10.8]	[left, left, front, right]	[798.8367, 1773.2015, 1304.7537, 83.6276]
32   	73515.06    	0.060   	1.0000  	[21.7, 16.2, 21.7, 10.8]	[down, left, right, right]	[723.2976, 1804.6468, 1382.7051, 110.2350]
33   	69869.26    	0.056   	1.0000  	[16.2, 16.2, 21.7, 10.8]	[left, left, front, right]	[577.6975, 1742.3505, 1374.6320, 231.0787]
34   	66846.40    	0.053   	1.0000  	[16.2, 16.2, 21.7, 10.8]	[front, left, right, right]	[401.9061, 1744.5310, 1343.9918, 258.1405]
35   	63886.77    	0.050   	1.0000  	[16.2, 16.2, 21.7, 10.8]	[left, left, front, right]	[322.3757, 1849.6612, 1394.5060, 337.2454]
36   	61018.65    	0.048   	1.0000  	[16.2, 16.2, 21.7, 10.8]	[hover, left, right, right]	[197.7905, 2008.1599, 1311.8802, 283.7382]
37   	58174.20    	0.045   	1.0000  	[16.2, 16.2, 21.7, 10.8]	[right, left, right, hover]	[128.5619, 2193.1081, 1218.9514, 156.7382]
38   	55794.22    	0.042   	1.0000  	[16.2, 16.2, 21.7, 10.8]	[right, left, right, hover]	[81.2928, 1516.4029, 1253.6160, 94.1852]
39   	53896.40    	0.040   	1.0000  	[16.2, 16.2, 21.7, 10.8]	[up, hover, right, right]	[59.1142, 864.1658, 1318.5620, 51.3019]
40   	52528.62    	0.039   	1.0000  	[21.7, 16.2, 21.7, 10.8]	[back, front, right, left]	[65.5144, 481.4070, 845.0963, 21.1396]
41   	51597.55    	0.038   	1.0000  	[21.7, 16.2, 21.7, 10.8]	[back, up, down, left]	[72.7447, 232.5526, 756.6900, 21.8393]
42   	50809.81    	0.038   	1.0000  	[21.7, 21.7, 16.2, 10.8]	[back, right, front, left]	[69.2375, 300.4576, 497.4721, 19.8331]
43   	50213.20    	0.037   	1.0000  	[21.7, 21.7, 16.2, 10.8]	[back, right, hover, left]	[69.6090, 328.9019, 173.7079, 17.9119]
44   	49627.73    	0.037   	1.0000  	[21.7, 21.7, 16.2, 10.8]	[back, right, hover, left]	[69.9651, 359.9323, 55.6619, 20.9000]
45   	49006.17    	0.036   	1.0000  	[21.7, 21.7, 16.2, 10.8]	[back, right, up, left]	[72.8642, 396.1614, 19.1453, 22.9509]
46   	48046.20    	0.035   	1.0000  	[21.7, 21.7, 21.7, 10.8]	[back, front, left, left]	[115.3402, 469.3373, 19.1627, 55.1046]
47   	46767.13    	0.034   	1.0000  	[21.7, 21.7, 21.7, 10.8]	[back, front, left, back]	[225.4839, 491.6302, 33.0410, 43.3966]
48   	45490.79    	0.033   	1.0000  	[21.7, 21.7, 21.7, 10.8]	[back, right, left, back]	[420.8766, 459.8242, 55.8412, 48.0503]
49   	44260.05    	0.032   	1.0000  	[21.7, 21.7, 21.7, 10.8]	[back, right, left, back]	[561.1679, 358.0312, 99.6531, 66.6508]
50   	43280.65    	0.031   	1.0000  	[21.7, 21.7, 21.7, 10.8]	[back, right, left, back]	[444.5910, 249.0577, 165.3635, 81.8727]
51   	42445.82    	0.030   	1.0000  	[21.7, 21.7, 21.7, 10.8]	[down, right, left, back]	[527.7743, 182.9105, 288.8832, 103.4728]
52   	41574.64    	0.030   	1.0000  	[16.2, 21.7, 21.7, 10.8]	[left, right, left, back]	[374.6811, 133.8934, 450.9186, 182.2456]
53   	40576.14    	0.029   	1.0000  	[16.2, 21.7, 21.7, 10.8]	[right, right, left, back]	[230.1445, 129.2875, 652.0268, 308.8827]
54   	39303.18    	0.028   	1.0000  	[16.2, 21.7, 21.7, 10.8]	[right, back, left, back]	[144.3031, 111.9987, 904.2870, 476.1727]
55   	37645.65    	0.026   	1.0000  	[16.2, 21.7, 21.7, 10.8]	[right, back, hover, back]	[148.1653, 135.5042, 696.2620, 986.8632]
56   	35938.10    	0.025   	1.0000  	[16.2, 21.7, 21.7, 10.8]	[right, right, back, back]	[137.3217, 75.3512, 510.9126, 1222.9345]
57   	34419.20    	0.024   	1.0000  	[16.2, 21.7, 21.7, 10.8]	[right, right, hover, back]	[142.3262, 38.2478, 348.2672, 1345.6912]
58   	32774.36    	0.022   	1.0000  	[16.2, 21.7, 21.7, 10.8]	[right, right, hover, up]	[150.6349, 20.2585, 224.6661, 1542.8926]
59   	31128.44    	0.021   	1.0000  	[16.2, 21.7, 21.7, 16.2]	[right, front, hover, right]	[164.1752, 11.0548, 146.8798, 1515.1276]
60   	29761.87    	0.020   	1.0000  	[16.2, 21.7, 21.7, 16.2]	[right, front, hover, right]	[188.2248, 13.7573, 95.2805, 1411.8331]
61   	28303.26    	0.019   	1.0000  	[16.2, 21.7, 21.7, 16.2]	[right, front, hover, right]	[252.8864, 14.0150, 61.8217, 1454.7112]
62   	26577.70    	0.017   	1.0000  	[16.2, 21.7, 21.7, 16.2]	[right, front, hover, right]	[357.1363, 17.9216, 37.6131, 1485.1856]
63   	24739.90    	0.016   	1.0000  	[16.2, 21.7, 21.7, 16.2]	[right, front, hover, right]	[457.0211, 28.2855, 23.9768, 1439.0399]
64   	23153.32    	0.015   	1.0000  	[16.2, 21.7, 21.7, 16.2]	[hover, front, hover, right]	[211.5328, 35.0850, 14.0177, 1298.4183]
65   	21578.07    	0.013   	1.0000  	[16.2, 21.7, 21.7, 16.2]	[front, front, hover, right]	[98.2302, 54.8772, 8.9227, 1137.5362]
66   	19919.40    	0.012   	1.0000  	[16.2, 21.7, 21.7, 16.2]	[front, front, back, right]	[58.5229, 109.4695, 6.8527, 1078.9120]
67   	18282.95    	0.011   	1.0000  	[16.2, 21.7, 21.7, 16.2]	[front, front, up, right]	[50.1220, 60.4088, 20.6972, 1078.8374]
68   	16492.11    	0.010   	1.0000  	[16.2, 21.7, 27.1, 16.2]	[front, down, right, right]	[62.9734, 53.7396, 35.5375, 1183.1650]
69   	14749.93    	0.008   	1.0000  	[16.2, 16.2, 27.1, 16.2]	[front, front, right, right]	[97.5997, 19.5767, 27.5164, 1386.0056]
70   	13365.53    	0.007   	1.0000  	[16.2, 16.2, 27.1, 16.2]	[front, down, right, back]	[142.7168, 9.0947, 24.9805, 1165.6924]
71   	12479.18    	0.007   	1.0000  	[16.2, 10.8, 27.1, 16.2]	[front, left, right, right]	[198.8728, 2.3945, 23.2184, 673.5410]
72   	11783.77    	0.006   	1.0000  	[16.2, 10.8, 27.1, 16.2]	[front, hover, right, front]	[222.0176, 0.8669, 19.3258, 355.9738]
73   	10931.46    	0.006   	1.0000  	[16.2, 10.8, 27.1, 16.2]	[front, left, right, front]	[235.0778, 0.6099, 13.3388, 446.0501]
74   	9990.99     	0.005   	1.0000  	[16.2, 10.8, 27.1, 16.2]	[front, left, right, front]	[221.1749, 1.1781, 10.0569, 463.8242]
75   	9196.28     	0.005   	1.0000  	[16.2, 10.8, 27.1, 16.2]	[front, left, back, front]	[161.1664, 2.5193, 7.6653, 357.9659]
76   	8721.47     	0.004   	1.0000  	[16.2, 10.8, 27.1, 16.2]	[right, left, back, down]	[121.8937, 7.2113, 8.9610, 284.5491]
77   	8450.00     	0.004   	1.0000  	[16.2, 10.8, 27.1, 10.8]	[right, left, back, front]	[64.6342, 12.1920, 15.0515, 232.4902]
78   	8227.75     	0.004   	1.0000  	[16.2, 10.8, 27.1, 10.8]	[left, left, back, right]	[28.5244, 22.4344, 22.1585, 207.3212]
79   	7980.76     	0.004   	1.0000  	[16.2, 10.8, 27.1, 10.8]	[left, left, back, front]	[17.7793, 25.9072, 39.1762, 196.8777]
80   	7703.51     	0.004   	1.0000  	[16.2, 10.8, 27.1, 10.8]	[left, left, back, front]	[17.2850, 63.2112, 76.0671, 136.4288]
81   	7427.98     	0.004   	1.0000  	[16.2, 10.8, 27.1, 10.8]	[left, left, back, front]	[13.6268, 151.0739, 56.5217, 112.6229]
82   	7097.02     	0.003   	1.0000  	[16.2, 10.8, 27.1, 10.8]	[left, left, back, front]	[10.3218, 277.2711, 41.0051, 95.1118]
83   	6756.88     	0.003   	1.0000  	[16.2, 10.8, 27.1, 10.8]	[left, left, front, front]	[6.9187, 392.3470, 28.5755, 69.1871]
84   	6369.04     	0.003   	1.0000  	[16.2, 10.8, 27.1, 10.8]	[left, left, front, front]	[5.2621, 555.2124, 19.5457, 61.6820]
85   	6018.88     	0.003   	1.0000  	[16.2, 10.8, 27.1, 10.8]	[left, left, hover, front]	[3.0834, 517.1229, 13.7050, 46.4481]
86   	5844.98     	0.003   	1.0000  	[16.2, 10.8, 27.1, 10.8]	[left, hover, hover, hover]	[1.8239, 292.0053, 9.4825, 15.6875]
87   	5673.22     	0.003   	1.0000  	[16.2, 10.8, 27.1, 10.8]	[up, back, back, hover]	[1.3467, 183.8349, 6.4144, 6.7859]
88   	5597.48     	0.002   	1.0000  	[21.7, 10.8, 27.1, 10.8]	[left, front, hover, up]	[2.2617, 96.4075, 4.8050, 2.9976]
89   	5554.91     	0.002   	1.0000  	[21.7, 10.8, 27.1, 16.2]	[left, hover, hover, left]	[3.2929, 49.4222, 3.8611, 1.9730]
90   	5506.86     	0.002   	1.0000  	[21.7, 10.8, 27.1, 16.2]	[back, back, left, left]	[3.9521, 38.7433, 3.1969, 2.4476]
91   	5425.05     	0.002   	1.0000  	[21.7, 10.8, 27.1, 16.2]	[hover, back, left, left]	[2.8990, 61.7635, 6.0623, 4.0012]
92   	5307.89     	0.002   	1.0000  	[21.7, 10.8, 27.1, 16.2]	[back, back, left, left]	[2.5428, 69.6504, 13.5247, 4.1040]
93   	5162.35     	0.002   	1.0000  	[21.7, 10.8, 27.1, 16.2]	[back, back, left, back]	[2.2344, 73.2385, 26.1697, 3.3735]
94   	5030.60     	0.002   	1.0000  	[21.7, 10.8, 27.1, 16.2]	[back, back, left, back]	[1.9833, 45.3793, 41.3786, 2.8483]
95   	4852.87     	0.002   	1.0000  	[21.7, 10.8, 27.1, 16.2]	[back, back, left, back]	[1.9623, 30.4305, 61.7595, 3.3627]
96   	4714.22     	0.002   	1.0000  	[21.7, 10.8, 27.1, 16.2]	[left, back, back, back]	[2.0975, 16.1821, 49.0969, 10.0192]
97   	4608.03     	0.002   	1.0000  	[21.7, 10.8, 27.1, 16.2]	[back, back, back, back]	[2.2785, 12.4355, 32.4609, 13.6139]
98   	4549.45     	0.002   	1.0000  	[21.7, 10.8, 27.1, 16.2]	[back, back, back, right]	[2.4684, 8.7927, 20.7570, 10.4395]
99   	4486.25     	0.002   	1.0000  	[21.7, 10.8, 27.1, 16.2]	[back, back, back, right]	[7.3521, 5.3215, 14.2884, 23.7577]
[2025-12-18T14:58:52]
Strategy: greedy_ig
Pairwise: adaptive
News mode: IGd
Num agents: 4
Iteration: 15
Error margin: None
Gaussian radius 5 
Grid info: range: 0-50-50, cell_size:0.125, map shape: (400, 400), center:True
init UAV positions: [(-25.0, -5.0, 5.4), (-5.0, 10.0, 5.4), (25.0, 0.0, 5.4), (25.0, 10.0, 5.4)]
mcts_params: {}
Step	Entropy	MSE	Coverage	Heights	Actions	IGs
------------------------------------------------------------------------------------------------------------------------
0    	160000.00   	0.250   	0.0000  	[5.4, 5.4, 5.4, 5.4]	[-, -, -, -]	[-, -, -, -]
1    	159266.07   	0.244   	0.0391  	[5.4, 5.4, 5.4, 5.4]	[up, up, up, up]	[1952.2791, 3904.5582, 1952.2791, 1735.3592]
2    	158399.56   	0.236   	0.1500  	[10.8, 10.8, 10.8, 10.8]	[up, up, up, up]	[1998.7423, 4010.4289, 1826.1698, 1375.2861]
3    	157408.14   	0.228   	0.3187  	[16.2, 16.2, 16.2, 16.2]	[right, up, left, left]	[2018.7919, 3834.6992, 1875.5684, 1390.5992]
4    	156400.32   	0.221   	0.4738  	[16.2, 21.7, 16.2, 16.2]	[up, right, left, left]	[1930.2986, 2943.2502, 1994.5582, 1330.0323]
5    	155198.97   	0.214   	0.5737  	[21.7, 21.7, 16.2, 16.2]	[right, up, left, front]	[2072.8856, 2179.8360, 1985.6274, 1257.1403]
6    	153911.05   	0.207   	0.6659  	[21.7, 27.1, 16.2, 16.2]	[right, left, back, left]	[1964.7117, 1810.4799, 2468.6576, 1478.0186]
7    	152534.27   	0.200   	0.7261  	[21.7, 27.1, 16.2, 16.2]	[right, left, back, up]	[1831.8124, 1567.9371, 2672.7252, 1646.4301]
8    	151203.10   	0.193   	0.7975  	[21.7, 27.1, 16.2, 21.7]	[back, left, back, left]	[1678.4277, 1400.9659, 2715.3615, 1898.6838]
9    	149942.29   	0.187   	0.8609  	[21.7, 27.1, 16.2, 21.7]	[back, down, back, left]	[1766.1403, 1321.5071, 2565.9432, 1910.7483]
10   	148554.28   	0.180   	0.9156  	[21.7, 21.7, 16.2, 21.7]	[right, left, back, left]	[1875.6648, 1119.9817, 2278.7562, 1943.0301]
11   	147086.99   	0.174   	0.9617  	[21.7, 21.7, 16.2, 21.7]	[right, back, left, left]	[1935.2818, 911.6714, 1768.3976, 1818.1681]
12   	145203.38   	0.168   	0.9859  	[21.7, 21.7, 16.2, 21.7]	[right, back, left, left]	[1692.6678, 1015.4460, 1423.6914, 1779.5594]
13   	142919.79   	0.162   	0.9875  	[21.7, 21.7, 16.2, 21.7]	[right, back, left, left]	[1381.1547, 1166.3614, 1104.4514, 1788.4123]
14   	140408.99   	0.155   	0.9891  	[21.7, 21.7, 16.2, 21.7]	[right, back, left, left]	[961.0444, 1339.8784, 870.3185, 1874.5351]
15   	137726.41   	0.148   	0.9906  	[21.7, 21.7, 16.2, 21.7]	[right, back, left, left]	[981.5531, 1486.5607, 1012.2468, 2030.1754]
16   	134989.16   	0.142   	0.9922  	[21.7, 21.7, 16.2, 21.7]	[right, back, left, left]	[1500.5101, 1588.0329, 1181.8809, 2211.7482]
17   	131990.81   	0.135   	0.9938  	[21.7, 21.7, 16.2, 21.7]	[right, back, left, back]	[1917.2195, 1517.2866, 1158.1892, 2152.9455]
18   	128686.05   	0.129   	0.9977  	[21.7, 21.7, 16.2, 21.7]	[front, right, left, back]	[1951.3492, 968.8773, 961.3700, 1923.9336]
19   	125128.57   	0.123   	0.9984  	[21.7, 21.7, 16.2, 21.7]	[front, right, left, back]	[2045.6645, 692.5843, 1130.7826, 1708.5495]
20   	121023.51   	0.117   	0.9992  	[21.7, 21.7, 16.2, 21.7]	[front, right, left, back]	[2131.9036, 858.8716, 1656.1003, 1528.1194]
21   	115837.99   	0.110   	1.0000  	[21.7, 21.7, 16.2, 21.7]	[front, right, front, back]	[2336.0152, 1105.8661, 1367.5671, 1219.4068]
22   	110151.23   	0.103   	1.0000  	[21.7, 21.7, 16.2, 21.7]	[front, right, front, right]	[2514.3600, 1282.0122, 1023.5329, 892.6851]
23   	103815.91   	0.096   	1.0000  	[21.7, 21.7, 16.2, 21.7]	[front, right, front, back]	[2507.0534, 1496.1905, 1060.0805, 832.1976]
24   	97518.77    	0.088   	1.0000  	[21.7, 21.7, 16.2, 21.7]	[front, right, front, back]	[2491.0892, 1726.5840, 1053.7995, 1074.1096]
25   	91557.59    	0.081   	1.0000  	[21.7, 21.7, 16.2, 21.7]	[front, right, front, back]	[2156.0016, 1925.1271, 1357.9419, 1551.0699]
26   	86373.67    	0.075   	1.0000  	[21.7, 21.7, 16.2, 21.7]	[left, right, front, right]	[1799.5982, 1800.4136, 1609.8089, 1648.6848]
27   	81304.60    	0.069   	1.0000  	[21.7, 21.7, 16.2, 21.7]	[left, front, front, right]	[1632.5505, 1368.9198, 1748.7085, 1644.7614]
28   	76153.66    	0.063   	1.0000  	[21.7, 21.7, 16.2, 21.7]	[left, front, front, right]	[1439.3747, 1170.4036, 1727.8583, 1632.2802]
29   	71216.24    	0.058   	1.0000  	[21.7, 21.7, 16.2, 21.7]	[left, front, front, right]	[1267.8207, 1140.9758, 1630.7311, 1608.9387]
30   	66193.13    	0.053   	1.0000  	[21.7, 21.7, 16.2, 21.7]	[left, front, front, right]	[1114.2114, 1258.4145, 1549.7883, 1645.4743]
31   	61070.52    	0.048   	1.0000  	[21.7, 21.7, 16.2, 21.7]	[left, front, right, right]	[1010.5929, 1407.4485, 1085.5389, 1729.3166]
32   	55325.98    	0.043   	1.0000  	[21.7, 21.7, 16.2, 21.7]	[left, front, right, right]	[669.3203, 1585.3805, 882.0487, 1877.5038]
33   	49872.87    	0.037   	1.0000  	[21.7, 21.7, 16.2, 21.7]	[left, front, right, back]	[720.0559, 1681.2536, 1242.9630, 1433.0355]
34   	44436.61    	0.032   	1.0000  	[21.7, 21.7, 16.2, 21.7]	[left, front, right, front]	[819.2072, 1581.9917, 1605.2170, 992.0383]
35   	39769.40    	0.028   	1.0000  	[21.7, 21.7, 16.2, 21.7]	[down, right, right, hover]	[1109.6150, 975.7711, 1809.9697, 595.4233]
36   	36433.29    	0.025   	1.0000  	[16.2, 21.7, 16.2, 21.7]	[front, down, right, back]	[812.2353, 586.3161, 1753.3228, 371.6519]
37   	33847.14    	0.023   	1.0000  	[16.2, 16.2, 16.2, 21.7]	[hover, front, back, hover]	[547.9344, 458.5214, 1375.0301, 218.3075]
38   	31835.88    	0.022   	1.0000  	[16.2, 16.2, 16.2, 21.7]	[hover, front, back, front]	[310.2164, 177.6678, 1288.3473, 137.7852]
39   	30238.72    	0.021   	1.0000  	[16.2, 16.2, 16.2, 21.7]	[hover, down, back, back]	[180.5686, 89.6198, 1260.7889, 88.0526]
40   	28820.92    	0.020   	1.0000  	[16.2, 10.8, 16.2, 21.7]	[hover, right, back, left]	[97.8838, 34.9437, 1247.7834, 53.8033]
41   	27927.50    	0.019   	1.0000  	[16.2, 10.8, 16.2, 21.7]	[back, hover, right, up]	[61.4719, 9.8470, 796.9695, 53.4167]
42   	27457.25    	0.019   	1.0000  	[16.2, 10.8, 16.2, 27.1]	[up, left, right, left]	[40.4584, 5.8963, 612.0286, 44.9356]
43   	26769.17    	0.018   	1.0000  	[21.7, 10.8, 16.2, 27.1]	[right, left, front, left]	[39.8779, 9.2081, 652.7199, 58.4889]
44   	25991.35    	0.018   	1.0000  	[21.7, 10.8, 16.2, 27.1]	[hover, left, right, left]	[25.0645, 55.5587, 773.0182, 88.0790]
45   	25055.69    	0.017   	1.0000  	[21.7, 10.8, 16.2, 27.1]	[back, left, right, left]	[15.9689, 78.1202, 921.7485, 135.1247]
46   	23439.25    	0.015   	1.0000  	[21.7, 10.8, 16.2, 27.1]	[back, left, front, left]	[11.1990, 140.6920, 1212.8879, 191.4589]
47   	21555.48    	0.014   	1.0000  	[21.7, 10.8, 16.2, 27.1]	[back, left, front, left]	[8.5433, 155.2618, 1326.0542, 343.4885]
48   	19802.00    	0.012   	1.0000  	[21.7, 10.8, 16.2, 27.1]	[back, left, front, back]	[7.1775, 161.8876, 1424.7477, 263.7186]
49   	18842.26    	0.012   	1.0000  	[21.7, 10.8, 16.2, 27.1]	[back, left, hover, back]	[6.8935, 183.3069, 694.0516, 199.9163]
50   	18281.83    	0.011   	1.0000  	[21.7, 10.8, 16.2, 27.1]	[back, left, hover, back]	[11.7383, 213.8881, 288.6956, 151.1413]
51   	17754.13    	0.011   	1.0000  	[21.7, 10.8, 16.2, 27.1]	[back, left, left, hover]	[83.5575, 256.1892, 112.0830, 100.2669]
52   	17183.41    	0.010   	1.0000  	[21.7, 10.8, 16.2, 27.1]	[back, left, right, hover]	[134.5521, 401.7439, 48.8915, 59.8130]
53   	16630.80    	0.010   	1.0000  	[21.7, 10.8, 16.2, 27.1]	[back, left, up, hover]	[183.5158, 531.1727, 17.8835, 37.9651]
54   	16134.18    	0.009   	1.0000  	[21.7, 10.8, 21.7, 27.1]	[left, left, left, hover]	[136.5240, 529.4855, 16.2931, 34.1991]
55   	15781.80    	0.009   	1.0000  	[21.7, 10.8, 21.7, 27.1]	[left, hover, up, front]	[96.8634, 290.8164, 19.4286, 30.4597]
56   	15480.97    	0.009   	1.0000  	[21.7, 10.8, 27.1, 27.1]	[left, hover, back, front]	[58.2347, 171.6553, 33.2176, 26.0415]
57   	15197.68    	0.009   	1.0000  	[21.7, 10.8, 27.1, 27.1]	[back, hover, back, front]	[34.1827, 97.0744, 71.6002, 21.1717]
58   	14872.02    	0.008   	1.0000  	[21.7, 10.8, 27.1, 27.1]	[down, back, left, front]	[38.4356, 72.8787, 101.9946, 19.7584]
59   	14629.72    	0.008   	1.0000  	[16.2, 10.8, 27.1, 27.1]	[right, up, back, front]	[22.8678, 56.7733, 71.9538, 13.5898]
60   	14445.40    	0.008   	1.0000  	[16.2, 16.2, 27.1, 27.1]	[right, right, back, front]	[29.8006, 38.6231, 52.2166, 11.0812]
61   	14279.60    	0.008   	1.0000  	[16.2, 16.2, 27.1, 27.1]	[right, right, back, front]	[43.4085, 19.0360, 42.4092, 16.2522]
62   	14036.49    	0.008   	1.0000  	[16.2, 16.2, 27.1, 27.1]	[right, up, back, front]	[72.2914, 14.9308, 37.2837, 24.3757]
63   	13689.33    	0.008   	1.0000  	[16.2, 21.7, 27.1, 27.1]	[right, right, back, front]	[103.7119, 10.1367, 46.7335, 42.0013]
64   	13240.82    	0.007   	1.0000  	[16.2, 21.7, 27.1, 27.1]	[right, back, back, front]	[118.0339, 8.9403, 66.8553, 58.3245]
65   	12743.29    	0.007   	1.0000  	[16.2, 21.7, 27.1, 27.1]	[right, hover, hover, front]	[123.7540, 5.0136, 44.9615, 66.4104]
66   	12306.90    	0.007   	1.0000  	[16.2, 21.7, 27.1, 27.1]	[right, left, hover, hover]	[127.0100, 3.0602, 30.5154, 56.4331]
67   	11890.83    	0.006   	1.0000  	[16.2, 21.7, 27.1, 27.1]	[right, right, hover, hover]	[157.4607, 2.4369, 19.7953, 35.9077]
68   	11410.87    	0.006   	1.0000  	[16.2, 21.7, 27.1, 27.1]	[right, right, hover, hover]	[219.9189, 2.1380, 13.1644, 25.9266]
69   	10889.44    	0.006   	1.0000  	[16.2, 21.7, 27.1, 27.1]	[right, right, hover, left]	[310.5715, 2.2995, 8.5403, 23.2008]
70   	10273.88    	0.005   	1.0000  	[16.2, 21.7, 27.1, 27.1]	[right, right, hover, left]	[433.7104, 2.6978, 5.8726, 23.9614]
71   	9954.27     	0.005   	1.0000  	[16.2, 21.7, 27.1, 27.1]	[right, right, back, left]	[215.8118, 4.0296, 4.2836, 23.0868]
72   	9742.74     	0.005   	1.0000  	[16.2, 21.7, 27.1, 27.1]	[front, right, left, left]	[106.7473, 5.9246, 3.4371, 19.2197]
73   	9629.23     	0.005   	1.0000  	[16.2, 21.7, 27.1, 27.1]	[front, right, left, front]	[59.4639, 7.2272, 6.5106, 14.1487]
74   	9532.99     	0.005   	1.0000  	[16.2, 21.7, 27.1, 27.1]	[front, right, left, down]	[39.2516, 7.1359, 14.5516, 18.3341]
75   	9431.55     	0.005   	1.0000  	[16.2, 21.7, 27.1, 21.7]	[front, back, left, right]	[34.1485, 7.7082, 27.9378, 10.8132]
76   	9283.96     	0.004   	1.0000  	[16.2, 21.7, 27.1, 21.7]	[front, up, left, front]	[35.3290, 12.3432, 50.4084, 6.9725]
77   	9060.16     	0.004   	1.0000  	[16.2, 27.1, 27.1, 21.7]	[front, back, left, down]	[42.4236, 19.8960, 89.9605, 8.7546]
78   	8828.67     	0.004   	1.0000  	[16.2, 27.1, 27.1, 16.2]	[front, back, left, right]	[52.0296, 31.1929, 65.7691, 5.4760]
79   	8525.53     	0.004   	1.0000  	[16.2, 27.1, 27.1, 16.2]	[front, back, down, hover]	[76.5169, 44.2222, 86.9210, 3.3890]
80   	8127.04     	0.004   	1.0000  	[16.2, 27.1, 21.7, 16.2]	[front, back, left, hover]	[114.6631, 75.4420, 51.5285, 2.1736]
81   	7593.31     	0.003   	1.0000  	[16.2, 27.1, 21.7, 16.2]	[front, back, left, back]	[202.5382, 120.4364, 31.2533, 1.8352]
82   	7025.43     	0.003   	1.0000  	[16.2, 27.1, 21.7, 16.2]	[front, back, hover, back]	[250.7482, 182.2760, 17.0126, 1.4886]
83   	6578.45     	0.003   	1.0000  	[16.2, 27.1, 21.7, 16.2]	[left, back, hover, back]	[124.9948, 234.3060, 8.4996, 1.6174]
84   	6264.12     	0.003   	1.0000  	[16.2, 27.1, 21.7, 16.2]	[hover, hover, back, back]	[48.9259, 183.9372, 4.6523, 1.2655]
85   	6033.05     	0.002   	1.0000  	[16.2, 27.1, 21.7, 16.2]	[hover, hover, down, back]	[19.3585, 143.2994, 4.8959, 1.3965]
86   	5837.40     	0.002   	1.0000  	[16.2, 27.1, 16.2, 16.2]	[left, hover, hover, back]	[10.3333, 110.1655, 2.7139, 1.3478]
87   	5702.59     	0.002   	1.0000  	[16.2, 27.1, 16.2, 16.2]	[left, hover, hover, back]	[7.8688, 79.9980, 1.6034, 1.8955]
88   	5594.22     	0.002   	1.0000  	[16.2, 27.1, 16.2, 16.2]	[left, left, hover, back]	[6.7483, 59.2094, 1.2033, 2.4534]
89   	5504.92     	0.002   	1.0000  	[16.2, 27.1, 16.2, 16.2]	[left, left, down, back]	[5.1257, 47.3665, 0.6770, 2.7689]
90   	5404.52     	0.002   	1.0000  	[16.2, 27.1, 10.8, 16.2]	[back, left, front, back]	[4.0810, 49.2330, 0.9004, 3.3947]
91   	5282.90     	0.002   	1.0000  	[16.2, 27.1, 10.8, 16.2]	[back, left, front, back]	[3.1204, 51.2581, 1.4819, 3.9795]
92   	5115.92     	0.002   	1.0000  	[16.2, 27.1, 10.8, 16.2]	[back, left, front, back]	[2.4226, 61.3808, 1.2573, 3.0881]
93   	4863.04     	0.002   	1.0000  	[16.2, 27.1, 10.8, 16.2]	[back, left, front, left]	[2.5176, 85.2176, 2.5275, 2.5716]
94   	4596.53     	0.002   	1.0000  	[16.2, 27.1, 10.8, 16.2]	[back, left, front, down]	[3.1205, 85.0259, 7.8940, 2.6629]
95   	4393.49     	0.001   	1.0000  	[16.2, 27.1, 10.8, 10.8]	[right, back, front, back]	[2.0954, 80.5483, 10.7540, 1.6649]
96   	4230.26     	0.001   	1.0000  	[16.2, 27.1, 10.8, 10.8]	[up, down, front, hover]	[1.9692, 82.9214, 24.2202, 0.4200]
97   	4041.63     	0.001   	1.0000  	[21.7, 21.7, 10.8, 10.8]	[right, left, front, left]	[2.4611, 90.8874, 58.5858, 0.3170]
98   	3828.60     	0.001   	1.0000  	[21.7, 21.7, 10.8, 10.8]	[right, hover, front, right]	[4.1653, 61.8045, 134.5371, 0.1155]
99   	3541.28     	0.001   	1.0000  	[21.7, 21.7, 10.8, 10.8]	[back, hover, front, right]	[3.9325, 37.8012, 287.0477, 0.0980]
[2025-12-18T14:59:03]
Strategy: greedy_ig
Pairwise: adaptive
News mode: IGd
Num agents: 4
Iteration: 16
Error margin: None
Gaussian radius 5 
Grid info: range: 0-50-50, cell_size:0.125, map shape: (400, 400), center:True
init UAV positions: [(-10.0, -20.0, 5.4), (-10.0, 25.0, 5.4), (25.0, -20.0, 5.4), (15.0, 5.0, 5.4)]
mcts_params: {}
Step	Entropy	MSE	Coverage	Heights	Actions	IGs
------------------------------------------------------------------------------------------------------------------------
0    	160000.00   	0.250   	0.0000  	[5.4, 5.4, 5.4, 5.4]	[-, -, -, -]	[-, -, -, -]
1    	159326.78   	0.244   	0.0469  	[5.4, 5.4, 5.4, 5.4]	[up, up, up, up]	[3514.1024, 1952.2791, 1757.0512, 3904.5582]
2    	158698.71   	0.238   	0.1781  	[10.8, 10.8, 10.8, 10.8]	[up, up, left, up]	[3212.9830, 2176.5189, 1529.8099, 4348.3200]
3    	157989.69   	0.231   	0.3609  	[16.2, 16.2, 10.8, 16.2]	[front, back, up, up]	[3233.8107, 2522.7302, 1483.4251, 3853.5540]
4    	157179.33   	0.223   	0.5219  	[16.2, 16.2, 16.2, 21.7]	[up, back, left, left]	[3133.4163, 2748.9277, 1461.8708, 3588.3961]
5    	156328.55   	0.216   	0.6656  	[21.7, 16.2, 16.2, 21.7]	[front, back, front, front]	[3021.9761, 2930.3853, 1479.1769, 2964.4966]
6    	155317.46   	0.207   	0.7672  	[21.7, 16.2, 16.2, 21.7]	[front, up, left, front]	[2779.4632, 2976.5780, 1624.2223, 2392.0270]
7    	154033.08   	0.199   	0.9000  	[21.7, 21.7, 16.2, 21.7]	[front, back, front, left]	[2380.7989, 2641.0948, 1673.6388, 1843.6119]
8    	152628.47   	0.192   	0.9109  	[21.7, 21.7, 16.2, 21.7]	[right, left, front, left]	[1853.9090, 2164.6514, 1750.7446, 1676.7443]
9    	150821.63   	0.186   	0.9516  	[21.7, 21.7, 16.2, 21.7]	[right, back, front, left]	[1651.6574, 1869.8893, 1807.6342, 1414.5114]
10   	148658.13   	0.179   	0.9578  	[21.7, 21.7, 16.2, 21.7]	[right, back, front, left]	[1426.1808, 1697.6703, 1888.5224, 1297.6209]
11   	146177.50   	0.172   	0.9609  	[21.7, 21.7, 16.2, 21.7]	[right, back, front, left]	[1327.7958, 1586.6816, 2038.9724, 1377.2199]
12   	143646.70   	0.166   	0.9641  	[21.7, 21.7, 16.2, 21.7]	[right, back, front, left]	[1371.6074, 1592.2830, 2213.5958, 1521.2557]
13   	141102.11   	0.159   	0.9672  	[21.7, 21.7, 16.2, 21.7]	[right, back, front, left]	[1513.0092, 1693.1161, 2392.7481, 1712.1764]
14   	138280.49   	0.152   	0.9703  	[21.7, 21.7, 16.2, 21.7]	[right, back, front, left]	[1783.1868, 1842.8618, 2512.4626, 1854.2819]
15   	135465.85   	0.144   	0.9734  	[21.7, 21.7, 16.2, 21.7]	[back, back, front, back]	[2011.3712, 1947.2711, 2526.1164, 1773.9360]
16   	132880.96   	0.138   	0.9820  	[21.7, 21.7, 16.2, 21.7]	[back, back, front, back]	[1760.0571, 1966.7985, 2156.7556, 1728.0605]
17   	130342.26   	0.131   	0.9888  	[21.7, 21.7, 16.2, 21.7]	[right, right, left, back]	[1272.8910, 1818.5463, 1783.7396, 1595.2737]
18   	127696.63   	0.126   	0.9888  	[21.7, 21.7, 16.2, 21.7]	[hover, right, left, back]	[792.1376, 1581.1824, 1717.6172, 1567.6631]
19   	124739.48   	0.120   	0.9888  	[21.7, 21.7, 16.2, 21.7]	[front, right, left, back]	[453.0290, 1445.2033, 1750.8491, 1539.8329]
20   	121465.73   	0.115   	0.9888  	[21.7, 21.7, 16.2, 21.7]	[front, right, left, back]	[385.4436, 1376.0562, 1811.7867, 1603.8766]
21   	117938.13   	0.109   	0.9888  	[21.7, 21.7, 16.2, 21.7]	[front, right, left, back]	[783.7133, 1392.6348, 1814.3380, 1716.4244]
22   	114356.41   	0.104   	0.9888  	[21.7, 21.7, 16.2, 21.7]	[front, right, left, back]	[1125.8169, 1482.7907, 1842.6560, 1671.6988]
23   	110092.97   	0.097   	0.9888  	[21.7, 21.7, 16.2, 21.7]	[front, right, up, right]	[1471.5226, 1659.2926, 1959.0119, 1588.6511]
24   	105562.93   	0.091   	0.9922  	[21.7, 21.7, 21.7, 21.7]	[front, right, left, right]	[1660.7530, 1717.9205, 2089.2176, 1496.8004]
25   	100783.02   	0.084   	0.9922  	[21.7, 21.7, 21.7, 21.7]	[front, front, left, right]	[1944.0112, 1485.0192, 2202.3059, 1379.1078]
26   	95810.78    	0.078   	0.9922  	[21.7, 21.7, 21.7, 21.7]	[front, front, left, right]	[2099.5405, 1403.3476, 2287.8398, 1335.1850]
27   	90272.05    	0.071   	0.9922  	[21.7, 21.7, 21.7, 21.7]	[left, front, back, right]	[1682.2568, 1305.4634, 2284.4215, 1325.9159]
28   	84271.98    	0.065   	0.9922  	[21.7, 21.7, 21.7, 21.7]	[front, front, back, right]	[1327.6169, 1408.9960, 2196.6733, 1317.1481]
29   	77331.50    	0.059   	0.9997  	[21.7, 21.7, 21.7, 21.7]	[left, front, back, right]	[1075.1339, 1463.2966, 2024.2355, 1365.3017]
30   	69421.92    	0.052   	0.9997  	[21.7, 21.7, 21.7, 21.7]	[left, front, back, right]	[989.2611, 1527.5805, 1953.2056, 1487.6026]
31   	61376.08    	0.045   	0.9997  	[21.7, 21.7, 21.7, 21.7]	[left, front, back, right]	[1012.8686, 1601.5968, 1989.2364, 1194.9562]
32   	53647.38    	0.039   	0.9997  	[21.7, 21.7, 21.7, 21.7]	[left, front, back, down]	[1105.0936, 1659.4107, 2050.4401, 1004.1179]
33   	47432.07    	0.034   	0.9997  	[21.7, 21.7, 21.7, 16.2]	[left, right, back, right]	[1279.2100, 1355.5704, 2133.6648, 568.3568]
34   	42086.23    	0.029   	1.0000  	[21.7, 21.7, 21.7, 16.2]	[left, hover, back, back]	[1718.4270, 904.4603, 2245.8991, 365.4309]
35   	37475.89    	0.026   	1.0000  	[21.7, 21.7, 21.7, 16.2]	[left, hover, right, hover]	[2053.9523, 539.7229, 2107.1459, 133.1444]
36   	33322.00    	0.022   	1.0000  	[21.7, 21.7, 21.7, 16.2]	[left, left, right, front]	[2033.0635, 338.6137, 2059.5908, 49.4297]
37   	30158.85    	0.020   	1.0000  	[21.7, 21.7, 21.7, 16.2]	[down, left, back, front]	[1602.5117, 174.4145, 1754.1591, 54.3036]
38   	27373.80    	0.018   	1.0000  	[16.2, 21.7, 21.7, 16.2]	[left, right, right, front]	[1584.0064, 93.5143, 1217.8728, 70.9822]
39   	25398.14    	0.016   	1.0000  	[16.2, 21.7, 21.7, 16.2]	[back, right, left, front]	[1000.0458, 81.8770, 772.1131, 90.0754]
40   	23979.18    	0.015   	1.0000  	[16.2, 21.7, 21.7, 16.2]	[back, back, left, front]	[739.6800, 54.3879, 491.0848, 92.1370]
41   	22856.93    	0.015   	1.0000  	[16.2, 21.7, 21.7, 16.2]	[back, back, left, front]	[509.8818, 52.9354, 469.2281, 69.9793]
42   	22024.82    	0.014   	1.0000  	[16.2, 21.7, 21.7, 16.2]	[back, back, back, front]	[346.5998, 53.2422, 299.5877, 75.2456]
43   	21283.82    	0.013   	1.0000  	[16.2, 21.7, 21.7, 16.2]	[back, back, back, front]	[290.4116, 89.1112, 191.3012, 136.5160]
44   	20463.15    	0.013   	1.0000  	[16.2, 21.7, 21.7, 16.2]	[back, back, back, front]	[261.5357, 178.0860, 128.5526, 252.1119]
45   	19469.07    	0.012   	1.0000  	[16.2, 21.7, 21.7, 16.2]	[back, back, hover, front]	[251.9059, 279.0815, 82.8563, 425.0511]
46   	18462.47    	0.011   	1.0000  	[16.2, 21.7, 21.7, 16.2]	[back, back, hover, front]	[206.9910, 361.3163, 55.3973, 514.9481]
47   	17406.33    	0.010   	1.0000  	[16.2, 21.7, 21.7, 16.2]	[back, back, right, left]	[198.4456, 432.2173, 40.0275, 317.0185]
48   	16598.98    	0.010   	1.0000  	[16.2, 21.7, 21.7, 16.2]	[back, right, right, left]	[201.4748, 257.6803, 90.5214, 188.3008]
49   	16000.62    	0.009   	1.0000  	[16.2, 21.7, 21.7, 16.2]	[left, hover, right, left]	[165.7363, 140.6586, 118.1225, 142.0449]
50   	15551.39    	0.009   	1.0000  	[16.2, 21.7, 21.7, 16.2]	[left, right, front, left]	[117.0357, 73.1451, 107.5597, 132.5529]
51   	15207.02    	0.009   	1.0000  	[16.2, 21.7, 21.7, 16.2]	[hover, hover, front, left]	[55.5311, 40.5882, 88.5973, 136.7320]
52   	14906.83    	0.008   	1.0000  	[16.2, 21.7, 21.7, 16.2]	[right, hover, front, left]	[29.5065, 22.2499, 69.7413, 153.9606]
53   	14511.02    	0.008   	1.0000  	[16.2, 21.7, 21.7, 16.2]	[right, hover, front, left]	[19.3540, 13.4798, 142.1503, 183.3427]
54   	14051.66    	0.008   	1.0000  	[16.2, 21.7, 21.7, 16.2]	[right, left, front, left]	[21.3576, 8.2453, 155.2301, 254.9755]
55   	13533.19    	0.008   	1.0000  	[16.2, 21.7, 21.7, 16.2]	[right, left, right, left]	[45.4760, 6.8001, 112.3933, 369.8861]
56   	13014.76    	0.007   	1.0000  	[16.2, 21.7, 21.7, 16.2]	[right, left, right, left]	[66.0716, 5.5668, 72.8709, 545.3139]
57   	12352.25    	0.007   	1.0000  	[16.2, 21.7, 21.7, 16.2]	[right, left, right, left]	[66.9120, 3.4018, 40.0357, 710.4917]
58   	11864.80    	0.006   	1.0000  	[16.2, 21.7, 21.7, 16.2]	[right, left, right, hover]	[48.5724, 1.9665, 41.4223, 442.7777]
59   	11485.03    	0.006   	1.0000  	[16.2, 21.7, 21.7, 16.2]	[right, left, right, hover]	[30.1892, 4.3453, 58.4316, 269.8394]
60   	11213.82    	0.006   	1.0000  	[16.2, 21.7, 21.7, 16.2]	[right, left, front, hover]	[31.0734, 12.7629, 44.9134, 166.3858]
61   	10955.48    	0.006   	1.0000  	[16.2, 21.7, 21.7, 16.2]	[right, left, front, hover]	[44.9661, 43.7738, 43.2228, 105.9030]
62   	10624.95    	0.006   	1.0000  	[16.2, 21.7, 21.7, 16.2]	[right, left, front, back]	[64.6275, 101.8484, 51.8195, 65.4976]
63   	10157.59    	0.005   	1.0000  	[16.2, 21.7, 21.7, 16.2]	[right, left, front, front]	[95.8789, 193.1671, 65.8716, 39.5792]
64   	9666.11     	0.005   	1.0000  	[16.2, 21.7, 21.7, 16.2]	[right, left, front, hover]	[86.8969, 272.9834, 76.5446, 24.6064]
65   	9266.90     	0.005   	1.0000  	[16.2, 21.7, 21.7, 16.2]	[hover, hover, front, back]	[35.9548, 168.7567, 133.6518, 19.2158]
66   	8830.53     	0.004   	1.0000  	[16.2, 21.7, 21.7, 16.2]	[front, hover, front, up]	[15.4525, 103.0386, 323.5126, 19.6505]
67   	8502.83     	0.004   	1.0000  	[16.2, 21.7, 21.7, 21.7]	[back, hover, hover, right]	[11.2954, 63.7117, 219.3213, 13.2643]
68   	8289.16     	0.004   	1.0000  	[16.2, 21.7, 21.7, 21.7]	[front, hover, hover, hover]	[6.1237, 39.9487, 138.3725, 8.7959]
69   	8154.63     	0.004   	1.0000  	[16.2, 21.7, 21.7, 21.7]	[front, hover, hover, right]	[7.8678, 23.5467, 79.2259, 5.8742]
70   	8070.08     	0.004   	1.0000  	[16.2, 21.7, 21.7, 21.7]	[front, front, right, up]	[8.4698, 14.5413, 40.7233, 4.6238]
71   	8011.03     	0.004   	1.0000  	[16.2, 21.7, 21.7, 27.1]	[front, front, front, back]	[9.8387, 14.2359, 19.4330, 4.3173]
72   	7947.14     	0.004   	1.0000  	[16.2, 21.7, 21.7, 27.1]	[front, front, down, back]	[18.9873, 15.9734, 14.6818, 4.3160]
73   	7866.35     	0.004   	1.0000  	[16.2, 21.7, 16.2, 27.1]	[front, front, front, back]	[29.5551, 19.2875, 4.3150, 6.0248]
74   	7710.54     	0.004   	1.0000  	[16.2, 21.7, 16.2, 27.1]	[front, front, left, back]	[48.8724, 20.0307, 2.0326, 7.4831]
75   	7442.09     	0.003   	1.0000  	[16.2, 21.7, 16.2, 27.1]	[front, front, left, back]	[71.0449, 38.1441, 2.2187, 20.2751]
76   	7008.18     	0.003   	1.0000  	[16.2, 21.7, 16.2, 27.1]	[front, front, left, back]	[89.7738, 87.0954, 15.4747, 48.4200]
77   	6408.28     	0.003   	1.0000  	[16.2, 21.7, 16.2, 27.1]	[front, front, left, back]	[139.2818, 165.7119, 22.2904, 95.9728]
78   	5813.88     	0.002   	1.0000  	[16.2, 21.7, 16.2, 27.1]	[front, left, left, back]	[170.9032, 120.4474, 31.8467, 131.2534]
79   	5414.89     	0.002   	1.0000  	[16.2, 21.7, 16.2, 27.1]	[hover, front, left, back]	[85.9387, 79.7159, 44.5235, 103.1379]
80   	5173.10     	0.002   	1.0000  	[16.2, 21.7, 16.2, 27.1]	[left, down, left, down]	[34.7130, 78.9491, 80.6363, 78.1653]
81   	4921.00     	0.002   	1.0000  	[16.2, 16.2, 16.2, 21.7]	[right, left, left, left]	[17.3422, 41.8296, 139.6738, 97.0927]
82   	4684.34     	0.002   	1.0000  	[16.2, 16.2, 16.2, 21.7]	[left, left, left, hover]	[5.8045, 20.7656, 218.7412, 56.5843]
83   	4392.15     	0.002   	1.0000  	[16.2, 16.2, 16.2, 21.7]	[left, hover, left, hover]	[6.4650, 9.1665, 246.4924, 34.0626]
84   	4162.05     	0.001   	1.0000  	[16.2, 16.2, 16.2, 21.7]	[left, hover, front, hover]	[15.8105, 3.4065, 196.3165, 21.6902]
85   	4013.09     	0.001   	1.0000  	[16.2, 16.2, 16.2, 21.7]	[left, right, hover, hover]	[31.9832, 2.0562, 121.8350, 13.3578]
86   	3852.50     	0.001   	1.0000  	[16.2, 16.2, 16.2, 21.7]	[left, right, left, hover]	[46.0206, 1.5446, 93.3707, 7.5774]
87   	3736.35     	0.001   	1.0000  	[16.2, 16.2, 16.2, 21.7]	[back, right, down, hover]	[29.6063, 2.4042, 141.2955, 4.5878]
88   	3655.37     	0.001   	1.0000  	[16.2, 16.2, 10.8, 21.7]	[left, right, back, hover]	[15.1234, 4.1296, 115.1266, 3.1113]
89   	3533.85     	0.001   	1.0000  	[16.2, 16.2, 10.8, 21.7]	[up, right, back, hover]	[17.9699, 13.7434, 97.1677, 2.1162]
90   	3395.33     	0.001   	1.0000  	[21.7, 16.2, 10.8, 21.7]	[left, right, back, right]	[13.9528, 8.5527, 69.3570, 1.9719]
91   	3265.58     	0.001   	1.0000  	[21.7, 16.2, 10.8, 21.7]	[left, right, back, right]	[21.0326, 8.1341, 36.4177, 3.4143]
92   	3136.61     	0.001   	1.0000  	[21.7, 16.2, 10.8, 21.7]	[left, right, back, right]	[52.9867, 5.6834, 16.8682, 8.5195]
93   	2922.25     	0.001   	1.0000  	[21.7, 16.2, 10.8, 21.7]	[left, right, back, right]	[103.2412, 4.4544, 8.6621, 5.6619]
94   	2804.50     	0.001   	1.0000  	[21.7, 16.2, 10.8, 21.7]	[front, right, back, down]	[88.1169, 5.4285, 7.8875, 3.9322]
95   	2735.95     	0.001   	1.0000  	[21.7, 16.2, 10.8, 16.2]	[front, right, back, right]	[77.8806, 5.3803, 10.5138, 3.1575]
96   	2656.37     	0.000   	1.0000  	[21.7, 16.2, 10.8, 16.2]	[back, right, back, right]	[62.7448, 7.6890, 13.9287, 3.1298]
97   	2561.31     	0.000   	1.0000  	[21.7, 16.2, 10.8, 16.2]	[back, right, back, up]	[44.7940, 20.6694, 17.3565, 2.9554]
98   	2494.77     	0.000   	1.0000  	[21.7, 16.2, 10.8, 21.7]	[hover, hover, back, right]	[27.6784, 7.8710, 21.1646, 4.8209]
99   	2443.25     	0.000   	1.0000  	[21.7, 16.2, 10.8, 21.7]	[hover, back, back, right]	[17.1428, 2.9130, 25.3662, 8.9102]
[2025-12-18T14:59:13]
Strategy: greedy_ig
Pairwise: adaptive
News mode: IGd
Num agents: 4
Iteration: 17
Error margin: None
Gaussian radius 5 
Grid info: range: 0-50-50, cell_size:0.125, map shape: (400, 400), center:True
init UAV positions: [(-5.0, -10.0, 5.4), (-5.0, 20.0, 5.4), (15.0, -25.0, 5.4), (20.0, 10.0, 5.4)]
mcts_params: {}
Step	Entropy	MSE	Coverage	Heights	Actions	IGs
------------------------------------------------------------------------------------------------------------------------
0    	160000.00   	0.250   	0.0000  	[5.4, 5.4, 5.4, 5.4]	[-, -, -, -]	[-, -, -, -]
1    	159072.40   	0.242   	0.0547  	[5.4, 5.4, 5.4, 5.4]	[up, up, up, up]	[3904.5582, 3514.1024, 1952.2791, 3514.1024]
2    	158169.04   	0.232   	0.2062  	[10.8, 10.8, 10.8, 10.8]	[up, up, up, up]	[3936.1836, 3141.6441, 1995.7700, 2831.7680]
3    	157190.93   	0.223   	0.4266  	[16.2, 16.2, 16.2, 16.2]	[up, back, front, up]	[3825.3612, 3091.5680, 1986.2837, 2552.0467]
4    	156116.72   	0.214   	0.6425  	[21.7, 16.2, 16.2, 21.7]	[up, up, front, left]	[3017.9568, 2894.3170, 1831.6637, 2322.8463]
5    	154816.11   	0.205   	0.8273  	[27.1, 21.7, 16.2, 21.7]	[left, back, front, left]	[2640.0932, 2552.0665, 1829.0907, 2097.0263]
6    	153280.25   	0.197   	0.8828  	[27.1, 21.7, 16.2, 21.7]	[left, back, front, left]	[2042.5271, 2067.1304, 1837.9918, 1749.8525]
7    	151828.98   	0.190   	0.9153  	[27.1, 21.7, 16.2, 21.7]	[down, left, up, front]	[1707.1339, 1819.3195, 1943.4933, 1631.3075]
8    	150317.82   	0.184   	0.9619  	[21.7, 21.7, 21.7, 21.7]	[back, left, left, left]	[1303.6415, 2056.0214, 2016.4959, 1643.3321]
9    	148511.16   	0.177   	0.9838  	[21.7, 21.7, 21.7, 21.7]	[left, back, left, left]	[1042.2283, 1770.0451, 1993.3385, 1618.2814]
10   	146508.52   	0.171   	0.9838  	[21.7, 21.7, 21.7, 21.7]	[hover, back, left, left]	[618.4529, 1496.0378, 1800.5105, 1603.2094]
11   	144205.82   	0.165   	0.9838  	[21.7, 21.7, 21.7, 21.7]	[front, back, left, left]	[378.3286, 1110.0977, 1567.4140, 1639.6913]
12   	141611.74   	0.159   	0.9838  	[21.7, 21.7, 21.7, 21.7]	[front, back, left, left]	[334.7378, 674.0971, 1346.3206, 1630.7230]
13   	138834.33   	0.154   	0.9838  	[21.7, 21.7, 21.7, 21.7]	[front, right, left, left]	[229.0724, 445.9550, 1133.5304, 1418.6191]
14   	135641.36   	0.147   	0.9877  	[21.7, 21.7, 21.7, 21.7]	[front, back, left, left]	[390.7848, 488.1018, 857.8041, 1500.0309]
15   	132245.73   	0.141   	0.9916  	[21.7, 21.7, 21.7, 21.7]	[front, right, left, left]	[573.6170, 556.8010, 1107.0639, 1080.1117]
16   	129200.80   	0.135   	0.9981  	[21.7, 21.7, 21.7, 21.7]	[front, right, left, down]	[568.8664, 933.3848, 1370.7246, 890.7037]
17   	126027.49   	0.129   	0.9981  	[21.7, 21.7, 21.7, 16.2]	[front, right, front, left]	[730.6770, 1372.7551, 1337.5242, 589.8505]
18   	122725.66   	0.124   	0.9981  	[21.7, 21.7, 21.7, 16.2]	[right, right, front, front]	[835.2997, 1562.7335, 1215.0502, 530.1264]
19   	119301.41   	0.119   	0.9981  	[21.7, 21.7, 21.7, 16.2]	[front, right, front, left]	[958.3389, 1850.4255, 1346.1806, 265.4283]
20   	115800.90   	0.114   	0.9981  	[21.7, 21.7, 21.7, 16.2]	[right, right, front, left]	[1146.3519, 2117.8761, 1337.2252, 166.2555]
21   	111728.00   	0.109   	0.9981  	[21.7, 21.7, 21.7, 16.2]	[right, back, front, back]	[1336.0695, 2166.7136, 1304.0105, 130.9849]
22   	107399.28   	0.103   	0.9981  	[21.7, 21.7, 21.7, 16.2]	[right, back, front, back]	[1493.5455, 2194.6117, 1171.8840, 227.4581]
23   	103127.00   	0.097   	0.9981  	[21.7, 21.7, 21.7, 16.2]	[right, right, front, back]	[1643.2603, 1844.4471, 1123.3663, 452.9256]
24   	99157.07    	0.092   	0.9981  	[21.7, 21.7, 21.7, 16.2]	[right, back, front, back]	[1745.9156, 1444.2174, 1373.3975, 694.6029]
25   	95084.01    	0.087   	0.9981  	[21.7, 21.7, 21.7, 16.2]	[right, hover, right, back]	[1964.3705, 922.7741, 1603.9795, 882.3546]
26   	90972.16    	0.082   	0.9981  	[21.7, 21.7, 21.7, 16.2]	[right, left, right, back]	[1978.1193, 561.9885, 1750.1791, 1002.9240]
27   	86653.18    	0.077   	0.9981  	[21.7, 21.7, 21.7, 16.2]	[right, left, right, right]	[1702.1616, 519.1218, 1834.0303, 1156.5008]
28   	82255.28    	0.072   	0.9995  	[21.7, 21.7, 21.7, 16.2]	[back, left, right, back]	[1352.3791, 538.0555, 1711.0635, 1287.3265]
29   	77852.00    	0.067   	0.9995  	[21.7, 21.7, 21.7, 16.2]	[back, left, right, right]	[1165.9479, 562.8491, 1662.1021, 1367.6775]
30   	73794.01    	0.062   	0.9995  	[21.7, 21.7, 21.7, 16.2]	[back, left, right, back]	[1151.4138, 557.0608, 1646.2140, 1365.7260]
31   	69642.00    	0.058   	0.9995  	[21.7, 21.7, 21.7, 16.2]	[back, left, right, right]	[1299.8125, 556.7103, 1690.8613, 1215.8120]
32   	65338.06    	0.053   	0.9995  	[21.7, 21.7, 21.7, 16.2]	[back, left, right, up]	[1543.8713, 516.6719, 1777.2664, 982.4193]
33   	60452.75    	0.047   	0.9998  	[21.7, 21.7, 21.7, 21.7]	[back, left, right, right]	[1838.0301, 452.0270, 1420.3422, 617.7698]
34   	55771.88    	0.042   	1.0000  	[21.7, 21.7, 21.7, 21.7]	[back, left, down, right]	[2114.1122, 434.3175, 1102.3737, 942.8395]
35   	51328.73    	0.038   	1.0000  	[21.7, 21.7, 16.2, 21.7]	[back, down, up, right]	[1897.1941, 482.8418, 597.2897, 1176.1608]
36   	47677.91    	0.034   	1.0000  	[21.7, 16.2, 21.7, 21.7]	[down, left, back, back]	[1203.9690, 557.8314, 391.7587, 1379.9768]
37   	44593.34    	0.032   	1.0000  	[16.2, 16.2, 21.7, 21.7]	[back, back, back, right]	[981.0788, 343.1253, 259.6514, 1375.9532]
38   	41819.70    	0.029   	1.0000  	[16.2, 16.2, 21.7, 21.7]	[right, left, back, right]	[561.8066, 236.4980, 158.4306, 1485.0384]
39   	39274.44    	0.027   	1.0000  	[16.2, 16.2, 21.7, 21.7]	[back, hover, right, right]	[207.5340, 146.2638, 123.5929, 1381.3846]
40   	36825.72    	0.026   	1.0000  	[16.2, 16.2, 21.7, 21.7]	[back, front, down, right]	[69.7151, 94.0338, 114.0905, 1374.4559]
41   	34494.77    	0.024   	1.0000  	[16.2, 16.2, 16.2, 21.7]	[left, front, back, right]	[38.1840, 96.8234, 101.4820, 1035.1718]
42   	32261.70    	0.022   	1.0000  	[16.2, 16.2, 16.2, 21.7]	[left, front, back, right]	[66.5566, 121.9087, 88.0408, 756.6892]
43   	30761.93    	0.021   	1.0000  	[16.2, 16.2, 16.2, 21.7]	[left, front, right, down]	[91.5844, 136.2619, 66.2885, 679.4968]
44   	29593.60    	0.020   	1.0000  	[16.2, 16.2, 16.2, 16.2]	[left, front, down, right]	[68.6652, 147.0341, 65.9501, 700.5053]
45   	28683.26    	0.020   	1.0000  	[16.2, 16.2, 10.8, 16.2]	[left, front, back, back]	[52.0562, 156.2712, 47.2565, 498.9996]
46   	28009.27    	0.019   	1.0000  	[16.2, 16.2, 10.8, 16.2]	[left, front, back, back]	[50.1497, 196.1575, 53.9943, 328.2433]
47   	27521.26    	0.019   	1.0000  	[16.2, 16.2, 10.8, 16.2]	[left, front, back, left]	[55.1706, 245.8056, 53.9004, 128.8014]
48   	27058.84    	0.019   	1.0000  	[16.2, 16.2, 10.8, 16.2]	[left, front, back, up]	[59.0822, 331.0874, 46.3009, 78.5001]
49   	26608.15    	0.018   	1.0000  	[16.2, 16.2, 10.8, 21.7]	[left, front, back, front]	[77.0720, 447.0508, 42.8186, 79.0896]
50   	26270.65    	0.018   	1.0000  	[16.2, 16.2, 10.8, 21.7]	[left, front, right, left]	[107.7546, 537.7266, 13.5769, 55.9320]
51   	26020.52    	0.018   	1.0000  	[16.2, 16.2, 10.8, 21.7]	[left, right, hover, left]	[138.5073, 344.3759, 5.7338, 64.1819]
52   	25805.13    	0.017   	1.0000  	[16.2, 16.2, 10.8, 21.7]	[front, hover, front, left]	[116.0260, 208.0966, 2.8565, 76.5181]
53   	25587.55    	0.017   	1.0000  	[16.2, 16.2, 10.8, 21.7]	[front, hover, front, left]	[82.6376, 125.4064, 2.1456, 92.4596]
54   	25373.01    	0.017   	1.0000  	[16.2, 16.2, 10.8, 21.7]	[left, hover, front, left]	[40.1678, 75.3811, 4.3294, 126.0803]
55   	25119.78    	0.017   	1.0000  	[16.2, 16.2, 10.8, 21.7]	[left, right, front, left]	[19.6081, 45.7885, 9.8055, 173.9064]
56   	24845.79    	0.017   	1.0000  	[16.2, 16.2, 10.8, 21.7]	[right, left, front, left]	[8.1525, 30.0133, 12.7250, 198.9951]
57   	24510.74    	0.016   	1.0000  	[16.2, 16.2, 10.8, 21.7]	[right, right, front, left]	[4.6351, 17.5642, 12.1813, 184.2262]
58   	24202.06    	0.016   	1.0000  	[16.2, 16.2, 10.8, 21.7]	[front, right, front, left]	[1.7676, 19.7753, 14.0026, 133.1892]
59   	24016.70    	0.016   	1.0000  	[16.2, 16.2, 10.8, 21.7]	[front, right, front, back]	[1.4227, 23.1072, 20.7242, 130.3082]
60   	23851.94    	0.016   	1.0000  	[16.2, 16.2, 10.8, 21.7]	[front, right, front, down]	[2.9880, 78.2651, 26.1612, 148.8198]
61   	23342.00    	0.015   	1.0000  	[16.2, 16.2, 10.8, 16.2]	[front, right, front, left]	[9.2710, 406.4940, 34.5327, 183.7962]
62   	22249.25    	0.014   	1.0000  	[16.2, 16.2, 10.8, 16.2]	[front, right, front, back]	[27.2589, 1074.3916, 52.3607, 143.2885]
63   	20699.81    	0.013   	1.0000  	[16.2, 16.2, 10.8, 16.2]	[front, right, front, front]	[53.0762, 1467.7649, 163.1413, 99.3450]
64   	18845.93    	0.012   	1.0000  	[16.2, 16.2, 10.8, 16.2]	[front, right, left, hover]	[96.8936, 1660.9909, 74.2049, 62.5194]
65   	16932.87    	0.010   	1.0000  	[16.2, 16.2, 10.8, 16.2]	[front, right, left, hover]	[165.7113, 1421.4642, 18.2294, 42.1133]
66   	15127.12    	0.009   	1.0000  	[16.2, 16.2, 10.8, 16.2]	[front, right, right, hover]	[273.1225, 1000.7706, 5.6874, 28.1589]
67   	13516.61    	0.007   	1.0000  	[16.2, 16.2, 10.8, 16.2]	[front, back, up, hover]	[529.6528, 886.2205, 2.1238, 17.0197]
68   	12230.35    	0.006   	1.0000  	[16.2, 16.2, 16.2, 16.2]	[front, up, left, hover]	[498.3514, 592.2900, 2.2051, 9.6410]
69   	11225.09    	0.006   	1.0000  	[16.2, 21.7, 16.2, 16.2]	[hover, back, left, front]	[328.3406, 412.3471, 2.0960, 4.1282]
70   	10658.89    	0.005   	1.0000  	[16.2, 21.7, 16.2, 16.2]	[right, back, left, up]	[220.1342, 260.4293, 2.2687, 2.6802]
71   	10351.57    	0.005   	1.0000  	[16.2, 21.7, 16.2, 21.7]	[left, back, left, right]	[149.2337, 182.3328, 10.2040, 2.4830]
72   	10198.92    	0.005   	1.0000  	[16.2, 21.7, 16.2, 21.7]	[right, back, back, right]	[103.0729, 142.3542, 8.3733, 2.2890]
73   	10068.51    	0.005   	1.0000  	[16.2, 21.7, 16.2, 21.7]	[right, back, back, front]	[91.0542, 125.8839, 7.1050, 2.6026]
74   	9896.97     	0.005   	1.0000  	[16.2, 21.7, 16.2, 21.7]	[right, back, back, front]	[88.6115, 114.3624, 5.9593, 2.9305]
75   	9672.21     	0.005   	1.0000  	[16.2, 21.7, 16.2, 21.7]	[right, back, back, front]	[89.6143, 99.7975, 6.5330, 11.9685]
76   	9412.03     	0.004   	1.0000  	[16.2, 21.7, 16.2, 21.7]	[right, back, back, front]	[90.4761, 88.5246, 6.7217, 13.2287]
77   	9163.78     	0.004   	1.0000  	[16.2, 21.7, 16.2, 21.7]	[right, back, back, front]	[96.4113, 77.0146, 6.1430, 13.8992]
78   	8949.64     	0.004   	1.0000  	[16.2, 21.7, 16.2, 21.7]	[right, back, back, front]	[108.8187, 39.4363, 7.8830, 13.2970]
79   	8734.18     	0.004   	1.0000  	[16.2, 21.7, 16.2, 21.7]	[right, back, back, front]	[146.1377, 17.8454, 10.5845, 17.3562]
80   	8466.35     	0.004   	1.0000  	[16.2, 21.7, 16.2, 21.7]	[right, down, left, front]	[210.5533, 9.7588, 12.8425, 20.4906]
81   	8034.84     	0.004   	1.0000  	[16.2, 16.2, 16.2, 21.7]	[right, right, back, front]	[338.5744, 11.8269, 12.0863, 45.2472]
82   	7672.56     	0.003   	1.0000  	[16.2, 16.2, 16.2, 21.7]	[right, hover, back, left]	[365.0861, 5.8983, 9.7317, 31.5954]
83   	7442.39     	0.003   	1.0000  	[16.2, 16.2, 16.2, 21.7]	[back, down, up, hover]	[188.3238, 3.7767, 9.8820, 20.1861]
84   	7302.09     	0.003   	1.0000  	[16.2, 10.8, 21.7, 21.7]	[back, right, left, right]	[79.3537, 3.5641, 16.5835, 11.0296]
85   	7201.85     	0.003   	1.0000  	[16.2, 10.8, 21.7, 21.7]	[back, front, left, right]	[39.8067, 2.2610, 27.0641, 11.6181]
86   	7059.75     	0.003   	1.0000  	[16.2, 10.8, 21.7, 21.7]	[back, front, left, right]	[60.2137, 1.6030, 51.1565, 15.5456]
87   	6830.41     	0.003   	1.0000  	[16.2, 10.8, 21.7, 21.7]	[back, hover, left, right]	[79.6680, 1.1725, 103.9960, 21.6650]
88   	6518.01     	0.003   	1.0000  	[16.2, 10.8, 21.7, 21.7]	[back, up, left, right]	[62.5985, 0.6626, 183.4814, 27.8465]
89   	6091.51     	0.002   	1.0000  	[16.2, 16.2, 21.7, 21.7]	[down, front, left, right]	[48.1474, 1.0729, 271.6925, 42.5237]
90   	5734.56     	0.002   	1.0000  	[10.8, 16.2, 21.7, 21.7]	[right, front, hover, right]	[29.5481, 3.9015, 176.2074, 67.8946]
91   	5430.89     	0.002   	1.0000  	[10.8, 16.2, 21.7, 21.7]	[back, front, hover, right]	[14.5526, 8.0948, 106.2147, 102.2579]
92   	5165.26     	0.002   	1.0000  	[10.8, 16.2, 21.7, 21.7]	[back, front, hover, right]	[8.7905, 14.4046, 61.3512, 129.7759]
93   	4993.34     	0.002   	1.0000  	[10.8, 16.2, 21.7, 21.7]	[back, front, hover, front]	[10.3172, 27.9633, 34.7956, 74.0198]
94   	4871.96     	0.002   	1.0000  	[10.8, 16.2, 21.7, 21.7]	[up, front, hover, front]	[10.9892, 34.9375, 18.9164, 39.7018]
95   	4742.39     	0.002   	1.0000  	[16.2, 16.2, 21.7, 21.7]	[left, front, front, front]	[14.7978, 50.8616, 10.4602, 20.0219]
96   	4612.50     	0.002   	1.0000  	[16.2, 16.2, 21.7, 21.7]	[left, front, front, hover]	[13.8153, 48.8037, 13.5025, 8.9966]
97   	4453.27     	0.001   	1.0000  	[16.2, 16.2, 21.7, 21.7]	[left, front, front, hover]	[14.3049, 49.3817, 24.0471, 4.0059]
98   	4223.93     	0.001   	1.0000  	[16.2, 16.2, 21.7, 21.7]	[left, front, front, hover]	[13.4109, 59.5973, 40.4754, 1.4521]
99   	4045.14     	0.001   	1.0000  	[16.2, 16.2, 21.7, 21.7]	[left, right, front, back]	[7.0269, 29.4602, 66.6585, 0.8804]
[2025-12-18T14:59:23]
Strategy: greedy_ig
Pairwise: adaptive
News mode: IGd
Num agents: 4
Iteration: 18
Error margin: None
Gaussian radius 5 
Grid info: range: 0-50-50, cell_size:0.125, map shape: (400, 400), center:True
init UAV positions: [(-20.0, -20.0, 5.4), (-15.0, 0.0, 5.4), (25.0, -25.0, 5.4), (25.0, 25.0, 5.4)]
mcts_params: {}
Step	Entropy	MSE	Coverage	Heights	Actions	IGs
------------------------------------------------------------------------------------------------------------------------
0    	160000.00   	0.250   	0.0000  	[5.4, 5.4, 5.4, 5.4]	[-, -, -, -]	[-, -, -, -]
1    	159398.94   	0.245   	0.0391  	[5.4, 5.4, 5.4, 5.4]	[up, up, up, up]	[3162.6921, 3904.5582, 976.1395, 976.1395]
2    	158803.95   	0.239   	0.1444  	[10.8, 10.8, 10.8, 10.8]	[up, up, up, up]	[2334.3796, 3903.3184, 1075.6101, 1088.3334]
3    	158160.91   	0.233   	0.2936  	[16.2, 16.2, 16.2, 16.2]	[right, up, front, back]	[2344.1326, 3124.1324, 1108.4958, 1272.2973]
4    	157341.85   	0.226   	0.4062  	[16.2, 21.7, 16.2, 16.2]	[front, right, left, left]	[2211.2040, 2676.8528, 1170.1248, 1380.6085]
5    	156563.61   	0.221   	0.4688  	[16.2, 21.7, 16.2, 16.2]	[right, right, front, back]	[2056.5389, 2303.2126, 1195.9441, 1357.2628]
6    	155791.82   	0.215   	0.5469  	[16.2, 21.7, 16.2, 16.2]	[right, up, left, left]	[1984.3668, 2138.5087, 1374.7757, 1455.1602]
7    	154935.32   	0.209   	0.6820  	[16.2, 27.1, 16.2, 16.2]	[right, right, front, back]	[2012.3652, 2034.7522, 1454.1097, 1509.3894]
8    	153891.95   	0.202   	0.7672  	[16.2, 27.1, 16.2, 16.2]	[right, right, left, left]	[1950.8365, 1919.9928, 1598.2671, 1596.5320]
9    	152629.60   	0.196   	0.8180  	[16.2, 27.1, 16.2, 16.2]	[right, right, front, left]	[1729.6741, 1728.9914, 1435.3441, 1554.4954]
10   	151186.45   	0.189   	0.8609  	[16.2, 27.1, 16.2, 16.2]	[right, front, front, up]	[1482.8595, 1536.8668, 1475.3778, 1473.4185]
11   	149562.90   	0.183   	0.9133  	[16.2, 27.1, 16.2, 21.7]	[right, front, front, back]	[1435.9412, 1378.7391, 1619.9506, 1364.4071]
12   	147628.96   	0.177   	0.9430  	[16.2, 27.1, 16.2, 21.7]	[right, front, front, back]	[1461.9021, 1251.2134, 1661.8397, 1065.8502]
13   	145649.22   	0.171   	0.9617  	[16.2, 27.1, 16.2, 21.7]	[right, left, front, left]	[1536.8177, 1071.3842, 1566.0812, 999.1517]
14   	143661.01   	0.165   	0.9734  	[16.2, 27.1, 16.2, 21.7]	[right, left, front, left]	[1644.7000, 887.4399, 1772.7393, 997.8755]
15   	141510.41   	0.159   	0.9852  	[16.2, 27.1, 16.2, 21.7]	[front, left, front, left]	[1594.0804, 834.4382, 1947.9992, 1044.5744]
16   	139056.00   	0.153   	0.9969  	[16.2, 27.1, 16.2, 21.7]	[front, left, front, left]	[1613.2130, 659.7978, 2123.1083, 1124.1295]
17   	136673.78   	0.148   	1.0000  	[16.2, 27.1, 16.2, 21.7]	[front, down, front, back]	[1739.0620, 475.9500, 2024.8828, 1128.7216]
18   	134277.51   	0.143   	1.0000  	[16.2, 21.7, 16.2, 21.7]	[front, front, front, back]	[1913.7909, 626.0274, 1852.8550, 1271.7500]
19   	131529.24   	0.139   	1.0000  	[16.2, 21.7, 16.2, 21.7]	[front, left, left, back]	[2032.5983, 523.9303, 1499.6477, 1373.0227]
20   	128508.20   	0.134   	1.0000  	[16.2, 21.7, 16.2, 21.7]	[front, front, left, back]	[2019.6822, 375.8881, 1387.8529, 1561.1960]
21   	125471.66   	0.130   	1.0000  	[16.2, 21.7, 16.2, 21.7]	[front, down, left, back]	[2085.9702, 348.8577, 1451.2875, 1874.0672]
22   	121606.70   	0.124   	1.0000  	[16.2, 16.2, 16.2, 21.7]	[front, left, left, back]	[2200.2206, 292.5998, 1598.9106, 2036.4582]
23   	117953.88   	0.118   	1.0000  	[16.2, 16.2, 16.2, 21.7]	[front, hover, left, back]	[2073.4103, 173.4901, 1678.7468, 2152.0018]
24   	114642.13   	0.113   	1.0000  	[16.2, 16.2, 16.2, 21.7]	[up, hover, left, left]	[2016.3489, 93.4524, 1560.9755, 1988.8463]
25   	111555.60   	0.108   	1.0000  	[21.7, 16.2, 16.2, 21.7]	[left, left, left, left]	[1860.3467, 49.7482, 1604.1169, 1982.2037]
26   	108592.84   	0.104   	1.0000  	[21.7, 16.2, 16.2, 21.7]	[left, back, left, left]	[1818.6039, 29.6392, 1562.4748, 2004.9077]
27   	105541.75   	0.099   	1.0000  	[21.7, 16.2, 16.2, 21.7]	[left, back, left, left]	[1794.1917, 26.5602, 1670.7779, 2125.2009]
28   	102379.15   	0.094   	1.0000  	[21.7, 16.2, 16.2, 21.7]	[left, back, left, front]	[1798.8639, 26.9518, 1815.1362, 1432.7955]
29   	99460.22    	0.089   	1.0000  	[21.7, 16.2, 16.2, 21.7]	[left, back, back, back]	[1659.7464, 29.6893, 1469.8942, 902.7277]
30   	96551.77    	0.085   	1.0000  	[21.7, 16.2, 16.2, 21.7]	[left, back, back, front]	[1460.9995, 54.8316, 1193.0493, 520.0853]
31   	93430.20    	0.081   	1.0000  	[21.7, 16.2, 16.2, 21.7]	[back, back, back, front]	[1195.5832, 96.1817, 956.8268, 314.5670]
32   	89849.93    	0.077   	1.0000  	[21.7, 16.2, 16.2, 21.7]	[back, back, back, front]	[992.5229, 249.3266, 726.8961, 216.8208]
33   	85640.55    	0.072   	1.0000  	[21.7, 16.2, 16.2, 21.7]	[left, back, back, front]	[722.0380, 491.2621, 415.9943, 175.8705]
34   	81541.94    	0.068   	1.0000  	[21.7, 16.2, 16.2, 21.7]	[front, back, back, front]	[535.0172, 780.9941, 479.6331, 295.7570]
35   	77126.58    	0.063   	1.0000  	[21.7, 16.2, 16.2, 21.7]	[up, back, back, front]	[496.8846, 972.0505, 785.0353, 407.8196]
36   	72872.23    	0.059   	1.0000  	[27.1, 16.2, 16.2, 21.7]	[front, right, right, front]	[434.1582, 874.1685, 902.9610, 466.8076]
37   	68483.40    	0.055   	1.0000  	[27.1, 16.2, 16.2, 21.7]	[back, right, right, front]	[314.5735, 872.1266, 993.4441, 748.7605]
38   	64211.29    	0.051   	1.0000  	[27.1, 16.2, 16.2, 21.7]	[left, right, right, front]	[307.4930, 891.9102, 1126.4207, 571.4640]
39   	60161.12    	0.048   	1.0000  	[27.1, 16.2, 16.2, 21.7]	[back, right, right, down]	[309.5474, 902.9604, 1126.5029, 822.8771]
40   	56391.73    	0.044   	1.0000  	[27.1, 16.2, 16.2, 16.2]	[front, right, back, left]	[344.6880, 972.3902, 898.0445, 637.7435]
41   	52854.12    	0.041   	1.0000  	[27.1, 16.2, 16.2, 16.2]	[front, right, up, front]	[318.8772, 733.6335, 741.4809, 382.8856]
42   	49592.33    	0.038   	1.0000  	[27.1, 16.2, 21.7, 16.2]	[hover, right, up, down]	[260.9332, 818.4865, 711.3831, 285.3632]
43   	46486.23    	0.035   	1.0000  	[27.1, 16.2, 27.1, 10.8]	[hover, right, left, left]	[236.1156, 920.0147, 741.7243, 253.3495]
44   	43552.78    	0.033   	1.0000  	[27.1, 16.2, 27.1, 10.8]	[hover, right, left, hover]	[169.0866, 1196.8608, 807.8206, 155.1961]
45   	41054.96    	0.030   	1.0000  	[27.1, 16.2, 27.1, 10.8]	[hover, right, hover, hover]	[119.7104, 1515.2891, 687.2347, 79.5380]
46   	38656.99    	0.028   	1.0000  	[27.1, 16.2, 27.1, 10.8]	[back, right, hover, right]	[102.9953, 1705.5158, 515.9352, 54.6526]
47   	36717.74    	0.026   	1.0000  	[27.1, 16.2, 27.1, 10.8]	[back, right, hover, right]	[91.8915, 1648.5858, 350.4802, 83.2007]
48   	35147.01    	0.024   	1.0000  	[27.1, 16.2, 27.1, 10.8]	[back, front, hover, right]	[71.9726, 1251.8995, 217.8296, 166.5148]
49   	33866.41    	0.023   	1.0000  	[27.1, 16.2, 27.1, 10.8]	[down, front, hover, right]	[51.9064, 1135.7991, 181.9122, 247.3496]
50   	32799.17    	0.023   	1.0000  	[21.7, 16.2, 27.1, 10.8]	[left, front, hover, right]	[59.5004, 1211.6880, 125.9224, 271.3432]
51   	31600.71    	0.022   	1.0000  	[21.7, 16.2, 27.1, 10.8]	[back, front, right, right]	[50.8940, 1419.1721, 77.6077, 191.7780]
52   	30509.80    	0.021   	1.0000  	[21.7, 16.2, 27.1, 10.8]	[back, front, right, right]	[46.4128, 1471.5528, 55.3173, 75.7218]
53   	29354.67    	0.020   	1.0000  	[21.7, 16.2, 27.1, 10.8]	[back, front, right, left]	[51.1184, 1532.8200, 46.7203, 23.9367]
54   	27955.15    	0.019   	1.0000  	[21.7, 16.2, 27.1, 10.8]	[back, front, right, up]	[55.5903, 1545.4919, 46.6748, 13.4183]
55   	26153.13    	0.017   	1.0000  	[21.7, 16.2, 27.1, 16.2]	[back, front, right, left]	[51.2955, 1505.3013, 49.3668, 6.3981]
56   	24432.40    	0.016   	1.0000  	[21.7, 16.2, 27.1, 16.2]	[left, front, right, left]	[30.4708, 1474.8495, 56.7100, 6.1685]
57   	23019.98    	0.015   	1.0000  	[21.7, 16.2, 27.1, 16.2]	[down, front, front, left]	[18.1234, 1476.2677, 41.0200, 9.4933]
58   	22205.90    	0.014   	1.0000  	[16.2, 16.2, 27.1, 16.2]	[back, left, front, left]	[17.5640, 709.0308, 32.5274, 13.0934]
59   	21717.09    	0.014   	1.0000  	[16.2, 16.2, 27.1, 16.2]	[hover, left, front, left]	[9.5308, 339.8139, 29.8617, 31.8327]
60   	21417.91    	0.014   	1.0000  	[16.2, 16.2, 27.1, 16.2]	[hover, left, front, back]	[6.5738, 147.8268, 30.9897, 34.3322]
61   	21204.64    	0.014   	1.0000  	[16.2, 16.2, 27.1, 16.2]	[hover, left, front, back]	[4.1208, 68.1255, 36.7304, 30.4831]
62   	21019.55    	0.014   	1.0000  	[16.2, 16.2, 27.1, 16.2]	[right, left, front, back]	[2.8776, 31.1596, 60.6439, 20.5122]
63   	20912.10    	0.014   	1.0000  	[16.2, 16.2, 27.1, 16.2]	[up, left, hover, back]	[3.2474, 12.9638, 44.7190, 11.1698]
64   	20848.79    	0.013   	1.0000  	[21.7, 16.2, 27.1, 16.2]	[right, back, right, back]	[5.8252, 7.9008, 29.3682, 7.1632]
65   	20778.52    	0.013   	1.0000  	[21.7, 16.2, 27.1, 16.2]	[right, back, left, back]	[8.4431, 9.6875, 20.4389, 9.3330]
66   	20713.73    	0.013   	1.0000  	[21.7, 16.2, 27.1, 16.2]	[right, back, hover, back]	[7.2167, 10.6432, 13.2802, 13.0096]
67   	20634.92    	0.013   	1.0000  	[21.7, 16.2, 27.1, 16.2]	[right, back, front, back]	[14.8368, 12.0823, 8.6868, 17.9344]
68   	20511.09    	0.013   	1.0000  	[21.7, 16.2, 27.1, 16.2]	[up, right, left, back]	[23.5758, 7.7604, 6.3411, 28.6446]
69   	20321.04    	0.013   	1.0000  	[27.1, 16.2, 27.1, 16.2]	[right, right, left, back]	[33.8784, 8.1842, 11.9346, 61.8683]
70   	19952.94    	0.013   	1.0000  	[27.1, 16.2, 27.1, 16.2]	[right, right, left, back]	[51.4470, 13.7616, 23.0148, 232.7861]
71   	19584.31    	0.013   	1.0000  	[27.1, 16.2, 27.1, 16.2]	[right, right, left, hover]	[93.7187, 43.3508, 45.2287, 134.9829]
72   	19195.37    	0.012   	1.0000  	[27.1, 16.2, 27.1, 16.2]	[right, right, left, hover]	[202.8418, 79.4690, 77.5346, 73.4431]
73   	18779.03    	0.012   	1.0000  	[27.1, 16.2, 27.1, 16.2]	[front, right, left, hover]	[165.0319, 104.5633, 123.7679, 38.8984]
74   	18448.86    	0.012   	1.0000  	[27.1, 16.2, 27.1, 16.2]	[front, right, front, right]	[135.8729, 84.9714, 90.9185, 20.0728]
75   	18202.71    	0.011   	1.0000  	[27.1, 16.2, 27.1, 16.2]	[right, down, front, right]	[112.7603, 71.9225, 68.5184, 18.7972]
76   	17931.70    	0.011   	1.0000  	[27.1, 10.8, 27.1, 16.2]	[down, back, hover, right]	[151.1989, 68.4337, 50.9585, 73.3612]
77   	17581.51    	0.011   	1.0000  	[21.7, 10.8, 27.1, 16.2]	[back, back, back, right]	[108.7732, 56.7979, 37.7784, 138.9627]
78   	17180.89    	0.011   	1.0000  	[21.7, 10.8, 27.1, 16.2]	[right, back, hover, right]	[56.8496, 50.9210, 24.9866, 223.2903]
79   	16639.64    	0.010   	1.0000  	[21.7, 10.8, 27.1, 16.2]	[down, back, back, right]	[35.0387, 45.8838, 17.0515, 358.9754]
80   	15448.95    	0.009   	1.0000  	[16.2, 10.8, 27.1, 16.2]	[back, back, back, right]	[18.7309, 58.9500, 12.0289, 771.0120]
81   	13869.73    	0.008   	1.0000  	[16.2, 10.8, 27.1, 16.2]	[back, back, hover, right]	[6.0302, 69.2813, 7.3661, 831.6624]
82   	12321.19    	0.007   	1.0000  	[16.2, 10.8, 27.1, 16.2]	[back, back, hover, up]	[2.8862, 75.0627, 4.6507, 778.5558]
83   	10485.80    	0.005   	1.0000  	[16.2, 10.8, 27.1, 21.7]	[down, right, hover, right]	[1.3897, 33.2247, 3.3110, 1019.1091]
84   	8857.26     	0.004   	1.0000  	[10.8, 10.8, 27.1, 21.7]	[left, back, hover, front]	[1.5848, 8.4114, 2.2341, 900.2602]
85   	7827.04     	0.003   	1.0000  	[10.8, 10.8, 27.1, 21.7]	[hover, left, back, front]	[1.2797, 2.8490, 1.8226, 633.5309]
86   	7337.92     	0.003   	1.0000  	[10.8, 10.8, 27.1, 21.7]	[up, left, back, front]	[0.7829, 4.1262, 2.4581, 399.2064]
87   	6974.54     	0.003   	1.0000  	[16.2, 10.8, 27.1, 21.7]	[right, left, back, right]	[0.9902, 3.0040, 4.7499, 295.7823]
88   	6772.33     	0.003   	1.0000  	[16.2, 10.8, 27.1, 21.7]	[front, left, back, down]	[1.2698, 3.6500, 18.1517, 295.1741]
89   	6576.48     	0.003   	1.0000  	[16.2, 10.8, 27.1, 16.2]	[front, left, back, front]	[1.6477, 3.8520, 28.8919, 233.3761]
90   	6409.11     	0.003   	1.0000  	[16.2, 10.8, 27.1, 16.2]	[front, left, back, front]	[3.1825, 4.8290, 35.2088, 154.7382]
91   	6300.41     	0.003   	1.0000  	[16.2, 10.8, 27.1, 16.2]	[front, left, left, hover]	[7.2521, 8.5997, 23.1411, 100.8887]
92   	6210.18     	0.003   	1.0000  	[16.2, 10.8, 27.1, 16.2]	[front, left, right, front]	[10.8635, 15.4652, 15.5277, 65.3230]
93   	6134.10     	0.003   	1.0000  	[16.2, 10.8, 27.1, 16.2]	[front, left, hover, hover]	[27.1990, 22.8272, 10.3033, 40.0677]
94   	6032.75     	0.003   	1.0000  	[16.2, 10.8, 27.1, 16.2]	[front, left, hover, front]	[36.9675, 22.3345, 7.0283, 23.8706]
95   	5916.20     	0.002   	1.0000  	[16.2, 10.8, 27.1, 16.2]	[front, left, hover, up]	[51.0877, 34.8922, 4.7959, 11.3537]
96   	5744.04     	0.002   	1.0000  	[16.2, 10.8, 27.1, 21.7]	[front, left, right, back]	[64.7596, 68.9359, 3.4183, 10.0834]
97   	5476.66     	0.002   	1.0000  	[16.2, 10.8, 27.1, 21.7]	[front, left, right, back]	[91.6226, 107.2699, 3.1026, 19.1698]
98   	5167.44     	0.002   	1.0000  	[16.2, 10.8, 27.1, 21.7]	[front, left, back, back]	[144.2187, 99.9993, 2.2946, 36.7837]
99   	4708.95     	0.002   	1.0000  	[16.2, 10.8, 27.1, 21.7]	[front, front, down, back]	[284.9344, 58.5486, 1.8752, 66.9911]
[2025-12-18T14:59:34]
Strategy: greedy_ig
Pairwise: adaptive
News mode: IGd
Num agents: 4
Iteration: 19
Error margin: None
Gaussian radius 5 
Grid info: range: 0-50-50, cell_size:0.125, map shape: (400, 400), center:True
init UAV positions: [(-15.0, -15.0, 5.4), (-5.0, 20.0, 5.4), (10.0, -5.0, 5.4), (20.0, 20.0, 5.4)]
mcts_params: {}
Step	Entropy	MSE	Coverage	Heights	Actions	IGs
------------------------------------------------------------------------------------------------------------------------
0    	160000.00   	0.250   	0.0000  	[5.4, 5.4, 5.4, 5.4]	[-, -, -, -]	[-, -, -, -]
1    	159103.74   	0.242   	0.0625  	[5.4, 5.4, 5.4, 5.4]	[up, up, up, up]	[3904.5582, 3514.1024, 3904.5582, 3162.6921]
2    	158226.36   	0.233   	0.2319  	[10.8, 10.8, 10.8, 10.8]	[up, up, up, up]	[4331.4962, 3141.6441, 4320.6480, 2099.5382]
3    	157293.78   	0.224   	0.4717  	[16.2, 16.2, 16.2, 16.2]	[up, back, up, left]	[3120.3986, 3041.7169, 4453.0718, 1877.3053]
4    	156337.93   	0.215   	0.6844  	[21.7, 16.2, 21.7, 16.2]	[front, up, back, back]	[2880.2335, 2856.5006, 3616.8184, 1789.9021]
5    	155202.62   	0.206   	0.8281  	[21.7, 21.7, 21.7, 16.2]	[right, back, back, back]	[2567.4796, 2875.7692, 2864.2826, 1679.0502]
6    	153943.72   	0.198   	0.8820  	[21.7, 21.7, 21.7, 16.2]	[front, back, right, back]	[2161.7432, 2453.2584, 2285.2826, 1671.0806]
7    	152478.76   	0.191   	0.9225  	[21.7, 21.7, 21.7, 16.2]	[front, back, back, back]	[1899.9955, 1929.7213, 1702.0778, 1738.0198]
8    	150936.93   	0.186   	0.9433  	[21.7, 21.7, 21.7, 16.2]	[front, right, hover, back]	[1583.3185, 1533.5841, 1052.7961, 1660.0984]
9    	149257.44   	0.180   	0.9519  	[21.7, 21.7, 21.7, 16.2]	[front, right, left, back]	[1576.9797, 1349.1430, 686.0940, 1709.1016]
10   	147283.03   	0.175   	0.9613  	[21.7, 21.7, 21.7, 16.2]	[front, right, left, back]	[1620.3141, 1331.9898, 902.2299, 1797.2084]
11   	145099.40   	0.169   	0.9698  	[21.7, 21.7, 21.7, 16.2]	[front, right, left, back]	[1724.3097, 1386.7556, 1171.1347, 1922.0804]
12   	142749.71   	0.162   	0.9784  	[21.7, 21.7, 21.7, 16.2]	[front, right, left, back]	[1972.9479, 1619.2595, 1453.6750, 2072.2166]
13   	140482.70   	0.156   	0.9870  	[21.7, 21.7, 21.7, 16.2]	[front, front, left, back]	[2070.9739, 1647.3829, 1753.1578, 2380.7072]
14   	138119.18   	0.149   	0.9939  	[21.7, 21.7, 21.7, 16.2]	[right, right, left, back]	[1845.1121, 1562.0025, 1975.9960, 2285.2514]
15   	135897.95   	0.143   	0.9939  	[21.7, 21.7, 21.7, 16.2]	[right, front, left, left]	[1861.2142, 1135.0657, 2053.9913, 1937.4616]
16   	133685.33   	0.137   	0.9939  	[21.7, 21.7, 21.7, 16.2]	[right, right, left, left]	[1690.4236, 689.4329, 2093.7506, 1840.0067]
17   	131123.21   	0.132   	0.9939  	[21.7, 21.7, 21.7, 16.2]	[right, down, front, left]	[1668.1641, 396.1292, 2074.1251, 1743.8724]
18   	128176.18   	0.126   	0.9939  	[21.7, 16.2, 21.7, 16.2]	[right, front, front, left]	[1710.7059, 335.5872, 1856.0944, 1667.4415]
19   	124849.22   	0.121   	0.9939  	[21.7, 16.2, 21.7, 16.2]	[right, front, front, up]	[1515.8162, 118.8929, 1774.7195, 1649.9380]
20   	121372.84   	0.115   	0.9939  	[21.7, 16.2, 21.7, 21.7]	[right, down, front, left]	[1413.8964, 45.4401, 1790.1320, 1708.5522]
21   	117803.30   	0.110   	0.9939  	[21.7, 10.8, 21.7, 21.7]	[back, right, front, left]	[1559.3782, 21.4705, 1820.3679, 1765.0085]
22   	114265.54   	0.105   	0.9939  	[21.7, 10.8, 21.7, 21.7]	[right, up, front, left]	[1566.9020, 6.7664, 2002.1626, 1857.2372]
23   	110785.92   	0.100   	0.9939  	[21.7, 16.2, 21.7, 21.7]	[back, left, front, left]	[1481.6365, 9.0660, 2113.2115, 1957.7197]
24   	107724.62   	0.095   	0.9939  	[21.7, 16.2, 21.7, 21.7]	[back, left, front, left]	[1674.1790, 23.3849, 2258.2188, 2115.2217]
25   	104821.87   	0.091   	0.9939  	[21.7, 16.2, 21.7, 21.7]	[back, left, front, front]	[2022.6095, 17.9132, 2068.5904, 2121.5655]
26   	101585.88   	0.087   	0.9939  	[21.7, 16.2, 21.7, 21.7]	[back, left, right, front]	[2413.3860, 16.8004, 1728.5234, 1929.8508]
27   	97798.61    	0.082   	0.9939  	[21.7, 16.2, 21.7, 21.7]	[back, left, right, front]	[2630.4094, 17.6249, 1326.7722, 1841.4616]
28   	92965.85    	0.076   	0.9939  	[21.7, 16.2, 21.7, 21.7]	[back, left, right, front]	[2747.4304, 14.3994, 970.5426, 1845.0803]
29   	87470.38    	0.070   	0.9939  	[21.7, 16.2, 21.7, 21.7]	[back, left, right, front]	[2754.8131, 13.2476, 914.8556, 1745.3191]
30   	82249.38    	0.064   	0.9939  	[21.7, 16.2, 21.7, 21.7]	[back, left, right, front]	[1981.2713, 28.7633, 1179.3473, 1630.0147]
31   	77484.32    	0.060   	0.9939  	[21.7, 16.2, 21.7, 21.7]	[down, left, right, front]	[1409.3407, 167.3667, 1406.6844, 1490.0407]
32   	72741.62    	0.055   	0.9939  	[16.2, 16.2, 21.7, 21.7]	[up, left, right, front]	[739.8180, 627.0985, 1693.2056, 1367.9649]
33   	68006.59    	0.051   	0.9939  	[21.7, 16.2, 21.7, 21.7]	[left, left, right, right]	[548.3174, 845.4819, 1740.0022, 1441.6230]
34   	63798.29    	0.047   	0.9939  	[21.7, 16.2, 21.7, 21.7]	[left, left, right, right]	[391.2814, 942.8427, 1141.7823, 1663.7782]
35   	60143.91    	0.044   	0.9975  	[21.7, 16.2, 21.7, 21.7]	[left, back, down, front]	[257.8340, 1021.5756, 962.9045, 1395.7796]
36   	57175.42    	0.042   	0.9983  	[21.7, 16.2, 16.2, 21.7]	[left, back, front, right]	[161.0335, 907.3922, 428.9150, 966.7106]
37   	55282.51    	0.041   	0.9991  	[21.7, 16.2, 16.2, 21.7]	[left, back, right, down]	[119.1688, 946.6501, 154.7837, 663.1116]
38   	53498.69    	0.039   	0.9998  	[21.7, 16.2, 16.2, 16.2]	[left, back, back, front]	[102.4740, 1039.0147, 83.8608, 576.9625]
39   	51841.63    	0.038   	1.0000  	[21.7, 16.2, 16.2, 16.2]	[left, back, back, right]	[93.8661, 1082.7041, 117.3412, 293.1549]
40   	50140.67    	0.037   	1.0000  	[21.7, 16.2, 16.2, 16.2]	[left, back, back, left]	[102.8509, 1223.1033, 213.0286, 141.3515]
41   	48457.51    	0.035   	1.0000  	[21.7, 16.2, 16.2, 16.2]	[left, back, back, left]	[127.3069, 1183.1111, 160.6742, 137.4352]
42   	46648.83    	0.034   	1.0000  	[21.7, 16.2, 16.2, 16.2]	[hover, back, back, left]	[77.0250, 1089.5240, 166.9398, 223.2847]
43   	44861.84    	0.032   	1.0000  	[21.7, 16.2, 16.2, 16.2]	[back, back, back, left]	[46.6256, 1038.9481, 172.1719, 459.6996]
44   	43110.41    	0.031   	1.0000  	[21.7, 16.2, 16.2, 16.2]	[back, right, back, left]	[27.7964, 990.6294, 182.7990, 757.9348]
45   	41214.07    	0.029   	1.0000  	[21.7, 16.2, 16.2, 16.2]	[back, up, back, left]	[22.3767, 1105.4284, 191.0947, 844.8711]
46   	39238.23    	0.027   	1.0000  	[21.7, 21.7, 16.2, 16.2]	[left, right, back, hover]	[18.1028, 1207.4815, 179.8237, 524.6335]
47   	37124.25    	0.025   	1.0000  	[21.7, 21.7, 16.2, 16.2]	[down, back, back, back]	[26.2289, 1455.1862, 156.5475, 331.1842]
48   	35005.62    	0.024   	1.0000  	[16.2, 21.7, 16.2, 16.2]	[front, right, back, back]	[18.4441, 1373.3998, 132.2543, 214.6347]
49   	32941.01    	0.022   	1.0000  	[16.2, 21.7, 16.2, 16.2]	[front, right, left, back]	[16.4029, 1377.3798, 57.1993, 159.7747]
50   	30867.58    	0.020   	1.0000  	[16.2, 21.7, 16.2, 16.2]	[front, right, back, back]	[13.9456, 1321.1898, 20.7009, 140.1325]
51   	28736.90    	0.019   	1.0000  	[16.2, 21.7, 16.2, 16.2]	[front, right, down, back]	[14.2419, 1359.3005, 9.5924, 117.1571]
52   	26569.79    	0.017   	1.0000  	[16.2, 21.7, 10.8, 16.2]	[front, right, right, back]	[25.2097, 1516.4922, 7.8157, 84.5945]
53   	24392.06    	0.016   	1.0000  	[16.2, 21.7, 10.8, 16.2]	[front, right, right, up]	[19.7897, 1559.0323, 3.0185, 43.0518]
54   	22090.24    	0.014   	1.0000  	[16.2, 21.7, 10.8, 21.7]	[front, right, front, back]	[28.4017, 1622.6581, 1.7960, 54.2869]
55   	19979.70    	0.012   	1.0000  	[16.2, 21.7, 10.8, 21.7]	[front, right, front, back]	[49.4943, 1325.6561, 0.8974, 125.7268]
56   	18101.18    	0.011   	1.0000  	[16.2, 21.7, 10.8, 21.7]	[front, back, front, back]	[94.5374, 1053.4266, 3.1482, 242.1594]
57   	16672.14    	0.010   	1.0000  	[16.2, 21.7, 10.8, 21.7]	[front, hover, front, back]	[162.1223, 674.4118, 8.1783, 269.3839]
58   	15700.41    	0.009   	1.0000  	[16.2, 21.7, 10.8, 21.7]	[front, hover, front, right]	[264.3487, 388.3423, 35.7277, 172.4936]
59   	15008.14    	0.008   	1.0000  	[16.2, 21.7, 10.8, 21.7]	[front, hover, front, hover]	[396.7571, 226.9028, 32.2969, 111.9634]
60   	14518.37    	0.008   	1.0000  	[16.2, 21.7, 10.8, 21.7]	[front, left, front, hover]	[505.1831, 134.4743, 21.0684, 70.7012]
61   	14144.67    	0.008   	1.0000  	[16.2, 21.7, 10.8, 21.7]	[hover, up, left, left]	[305.4590, 100.8263, 14.1095, 40.5069]
62   	13880.14    	0.007   	1.0000  	[16.2, 27.1, 10.8, 21.7]	[hover, front, front, right]	[173.6327, 87.7224, 8.8343, 23.5733]
63   	13710.55    	0.007   	1.0000  	[16.2, 27.1, 10.8, 21.7]	[right, hover, back, back]	[95.3485, 63.6808, 4.3092, 13.5992]
64   	13583.00    	0.007   	1.0000  	[16.2, 27.1, 10.8, 21.7]	[left, left, left, hover]	[62.5020, 48.6813, 3.4703, 8.7446]
65   	13456.31    	0.007   	1.0000  	[16.2, 27.1, 10.8, 21.7]	[right, left, left, hover]	[37.0454, 51.9384, 14.0372, 4.9863]
66   	13323.87    	0.007   	1.0000  	[16.2, 27.1, 10.8, 21.7]	[right, left, left, right]	[24.8106, 60.3921, 24.9647, 3.1690]
67   	13125.45    	0.007   	1.0000  	[16.2, 27.1, 10.8, 21.7]	[hover, left, left, up]	[17.4816, 64.5975, 49.4881, 5.6907]
68   	12842.38    	0.007   	1.0000  	[16.2, 27.1, 10.8, 27.1]	[left, left, front, front]	[13.9477, 57.2026, 36.4059, 13.1540]
69   	12450.75    	0.006   	1.0000  	[16.2, 27.1, 10.8, 27.1]	[left, left, left, right]	[14.5161, 40.6839, 22.6462, 8.1824]
70   	12081.68    	0.006   	1.0000  	[16.2, 27.1, 10.8, 27.1]	[hover, left, front, right]	[8.5902, 41.9601, 12.4714, 26.5988]
71   	11776.35    	0.006   	1.0000  	[16.2, 27.1, 10.8, 27.1]	[up, left, up, right]	[4.4197, 66.1920, 10.9585, 36.8865]
72   	11443.43    	0.006   	1.0000  	[21.7, 27.1, 16.2, 27.1]	[right, down, up, front]	[5.1113, 77.1957, 7.4392, 48.4263]
73   	11068.38    	0.006   	1.0000  	[21.7, 21.7, 21.7, 27.1]	[right, back, up, right]	[4.0397, 113.0616, 10.4941, 50.8356]
74   	10686.35    	0.005   	1.0000  	[21.7, 21.7, 27.1, 27.1]	[right, left, left, right]	[4.7749, 85.8445, 14.8936, 76.1363]
75   	10240.35    	0.005   	1.0000  	[21.7, 21.7, 27.1, 27.1]	[right, left, left, right]	[7.4902, 58.0407, 23.2529, 120.9223]
76   	9730.57     	0.005   	1.0000  	[21.7, 21.7, 27.1, 27.1]	[right, back, left, right]	[10.9622, 37.5958, 42.4220, 148.4283]
77   	9183.44     	0.004   	1.0000  	[21.7, 21.7, 27.1, 27.1]	[right, down, left, right]	[20.9737, 35.0706, 95.0036, 113.0661]
78   	8671.44     	0.004   	1.0000  	[21.7, 16.2, 27.1, 27.1]	[right, right, left, right]	[46.0062, 20.1140, 158.9282, 85.5108]
79   	8126.09     	0.004   	1.0000  	[21.7, 16.2, 27.1, 27.1]	[right, right, front, right]	[95.0196, 14.7009, 188.7206, 62.4123]
80   	7491.30     	0.003   	1.0000  	[21.7, 16.2, 27.1, 27.1]	[right, hover, left, front]	[189.7971, 10.1551, 171.5097, 47.5759]
81   	6724.82     	0.003   	1.0000  	[21.7, 16.2, 27.1, 27.1]	[right, left, down, back]	[348.2462, 7.2253, 162.6946, 39.0978]
82   	6145.27     	0.002   	1.0000  	[21.7, 16.2, 21.7, 27.1]	[back, right, front, left]	[228.3717, 5.3321, 181.8570, 26.7129]
83   	5762.29     	0.002   	1.0000  	[21.7, 16.2, 21.7, 27.1]	[front, up, hover, front]	[133.9498, 4.2053, 119.1517, 28.8157]
84   	5530.45     	0.002   	1.0000  	[21.7, 21.7, 21.7, 27.1]	[front, front, hover, front]	[71.6292, 3.2070, 78.2331, 23.4468]
85   	5390.21     	0.002   	1.0000  	[21.7, 21.7, 21.7, 27.1]	[front, right, hover, left]	[37.2389, 2.6660, 48.8065, 19.5136]
86   	5309.36     	0.002   	1.0000  	[21.7, 21.7, 21.7, 27.1]	[hover, hover, hover, down]	[19.8630, 2.0491, 29.5091, 18.2696]
87   	5265.47     	0.002   	1.0000  	[21.7, 21.7, 21.7, 21.7]	[back, hover, back, front]	[11.7929, 1.7674, 17.8733, 16.5691]
88   	5217.58     	0.002   	1.0000  	[21.7, 21.7, 21.7, 21.7]	[back, left, back, front]	[6.9241, 1.4806, 21.0862, 13.8151]
89   	5153.84     	0.002   	1.0000  	[21.7, 21.7, 21.7, 21.7]	[back, right, back, down]	[8.6250, 1.2121, 28.2122, 12.3695]
90   	5029.99     	0.002   	1.0000  	[21.7, 21.7, 21.7, 16.2]	[back, left, back, left]	[23.7205, 0.9110, 38.6575, 9.2715]
91   	4903.99     	0.002   	1.0000  	[21.7, 21.7, 21.7, 16.2]	[back, right, back, left]	[11.0825, 0.6634, 50.0997, 6.3733]
92   	4745.89     	0.002   	1.0000  	[21.7, 21.7, 21.7, 16.2]	[back, right, back, front]	[8.1896, 0.5563, 70.2089, 5.6925]
93   	4535.29     	0.001   	1.0000  	[21.7, 21.7, 21.7, 16.2]	[back, right, back, front]	[9.3199, 0.5426, 102.8853, 9.5907]
94   	4184.33     	0.001   	1.0000  	[21.7, 21.7, 21.7, 16.2]	[back, right, back, front]	[17.0530, 0.8857, 170.6776, 9.7722]
95   	3851.87     	0.001   	1.0000  	[21.7, 21.7, 21.7, 16.2]	[back, right, back, front]	[26.5988, 1.0483, 179.9256, 15.7423]
96   	3558.26     	0.001   	1.0000  	[21.7, 21.7, 21.7, 16.2]	[back, right, left, front]	[36.0447, 1.1488, 139.9776, 39.9622]
97   	3302.27     	0.001   	1.0000  	[21.7, 21.7, 21.7, 16.2]	[back, right, hover, right]	[39.0917, 1.2122, 94.3021, 21.3729]
98   	3115.27     	0.001   	1.0000  	[21.7, 21.7, 21.7, 16.2]	[back, up, left, right]	[21.7643, 1.3963, 55.7160, 12.6156]
99   	2998.06     	0.001   	1.0000  	[21.7, 27.1, 21.7, 16.2]	[right, right, right, right]	[16.0786, 6.2019, 30.4924, 8.8315]
[2025-12-18T14:59:45]
Strategy: greedy_ig
Pairwise: equal
News mode: IGd
Num agents: 4
Iteration: 0
Error margin: None
Gaussian radius 5 
Grid info: range: 0-50-50, cell_size:0.125, map shape: (400, 400), center:True
init UAV positions: [(-25.0, -5.0, 5.4), (-10.0, 10.0, 5.4), (10.0, 0.0, 5.4), (0.0, 20.0, 5.4)]
mcts_params: {}
Step	Entropy	MSE	Coverage	Heights	Actions	IGs
------------------------------------------------------------------------------------------------------------------------
0    	160000.00   	0.250   	0.0000  	[5.4, 5.4, 5.4, 5.4]	[-, -, -, -]	[-, -, -, -]
1    	159236.17   	0.243   	0.0547  	[5.4, 5.4, 5.4, 5.4]	[up, up, up, up]	[1952.2791, 3904.5582, 3904.5582, 3438.5303]
2    	158420.68   	0.237   	0.2100  	[10.8, 10.8, 10.8, 10.8]	[up, up, up, up]	[2188.9011, 3970.0136, 4382.9647, 2753.5378]
3    	157412.65   	0.231   	0.4231  	[16.2, 16.2, 16.2, 16.2]	[right, up, up, back]	[2396.2784, 3245.5843, 4086.4194, 2355.0022]
4    	156569.44   	0.225   	0.5825  	[16.2, 21.7, 21.7, 16.2]	[right, left, back, right]	[2465.6434, 2614.4339, 3685.3653, 2459.4952]
5    	155788.58   	0.220   	0.6623  	[16.2, 21.7, 21.7, 16.2]	[right, front, back, right]	[2507.9217, 2536.3504, 3537.6380, 2539.2141]
6    	155123.21   	0.215   	0.7397  	[16.2, 21.7, 21.7, 16.2]	[back, hover, back, right]	[2703.5324, 2493.3404, 3436.7712, 2619.3944]
7    	154454.94   	0.210   	0.8100  	[16.2, 21.7, 21.7, 16.2]	[back, right, back, right]	[2673.2023, 2398.5398, 3389.4768, 2638.3950]
8    	153734.27   	0.206   	0.8803  	[16.2, 21.7, 21.7, 16.2]	[back, right, left, right]	[2696.8926, 2457.8749, 3194.9877, 2684.4705]
9    	152839.71   	0.201   	0.9525  	[16.2, 21.7, 21.7, 16.2]	[right, right, left, back]	[2476.4517, 2551.1886, 2741.8043, 2557.6848]
10   	151700.75   	0.197   	0.9625  	[16.2, 21.7, 21.7, 16.2]	[right, right, left, back]	[2094.9978, 2471.6360, 2198.1100, 2329.5084]
11   	150412.43   	0.192   	0.9672  	[16.2, 21.7, 21.7, 16.2]	[right, right, front, back]	[1598.9084, 2347.7585, 1598.8351, 2121.9359]
12   	148950.55   	0.187   	0.9703  	[16.2, 21.7, 21.7, 16.2]	[right, right, left, back]	[1501.0536, 2208.0817, 1382.0446, 2132.6485]
13   	147334.87   	0.182   	0.9734  	[16.2, 21.7, 21.7, 16.2]	[right, right, left, back]	[1476.1274, 2310.7703, 1761.8605, 2244.2453]
14   	145620.05   	0.177   	0.9766  	[16.2, 21.7, 21.7, 16.2]	[right, right, left, back]	[1999.9965, 2502.7124, 2447.8702, 2318.5750]
15   	143845.95   	0.172   	0.9797  	[16.2, 21.7, 21.7, 16.2]	[right, back, left, back]	[2284.7163, 2429.1473, 3002.5637, 2117.7367]
16   	141976.16   	0.167   	0.9828  	[16.2, 21.7, 21.7, 16.2]	[right, back, front, back]	[2301.6275, 2376.7536, 3023.2856, 1772.2659]
17   	140167.87   	0.162   	0.9859  	[16.2, 21.7, 21.7, 16.2]	[right, hover, front, back]	[1768.2933, 2206.1248, 2983.9799, 1254.0541]
18   	138301.64   	0.158   	0.9891  	[16.2, 21.7, 21.7, 16.2]	[back, back, front, back]	[1278.6102, 2308.3355, 2953.2842, 1139.1893]
19   	136527.02   	0.154   	0.9922  	[16.2, 21.7, 21.7, 16.2]	[left, back, front, back]	[813.9178, 2216.4024, 3001.1526, 1086.6958]
20   	134803.90   	0.150   	0.9934  	[16.2, 21.7, 21.7, 16.2]	[left, back, front, down]	[636.4378, 2157.5223, 3092.3604, 1084.3102]
21   	133167.42   	0.147   	0.9934  	[16.2, 21.7, 21.7, 10.8]	[left, back, front, right]	[678.3568, 2259.4660, 3191.6485, 925.5992]
22   	131545.67   	0.144   	0.9934  	[16.2, 21.7, 21.7, 10.8]	[left, back, front, back]	[617.0982, 2207.6325, 3297.0527, 737.7201]
23   	129878.19   	0.141   	0.9934  	[16.2, 21.7, 21.7, 10.8]	[left, back, right, left]	[576.0573, 2360.8258, 2971.7820, 510.0504]
24   	128228.18   	0.138   	0.9938  	[16.2, 21.7, 21.7, 10.8]	[left, left, right, left]	[607.2475, 2239.3787, 2725.3817, 567.4721]
25   	126377.38   	0.135   	0.9953  	[16.2, 21.7, 21.7, 10.8]	[left, left, right, left]	[649.8144, 2173.9194, 2567.7964, 987.7676]
26   	124454.49   	0.132   	0.9969  	[16.2, 21.7, 21.7, 10.8]	[left, left, right, left]	[717.3931, 2138.3647, 2473.0104, 1198.4962]
27   	122483.40   	0.128   	0.9984  	[16.2, 21.7, 21.7, 10.8]	[left, left, right, left]	[825.8827, 2135.0371, 2443.2442, 1341.9953]
28   	120548.85   	0.125   	1.0000  	[16.2, 21.7, 21.7, 10.8]	[left, left, right, left]	[606.5441, 2139.2698, 2483.2223, 1401.6227]
29   	118429.42   	0.122   	1.0000  	[16.2, 21.7, 21.7, 10.8]	[down, left, right, front]	[536.0171, 2237.8766, 2573.3893, 1449.1129]
30   	116162.01   	0.118   	1.0000  	[10.8, 21.7, 21.7, 10.8]	[back, left, right, up]	[439.1694, 2282.8676, 2660.1212, 1729.5643]
31   	114070.93   	0.115   	1.0000  	[10.8, 21.7, 21.7, 16.2]	[hover, left, hover, front]	[269.8644, 2059.5544, 2240.2407, 1892.4417]
32   	112182.18   	0.112   	1.0000  	[10.8, 21.7, 21.7, 16.2]	[hover, down, hover, front]	[173.4910, 1852.6577, 1914.0110, 2006.8315]
33   	110570.60   	0.110   	1.0000  	[10.8, 16.2, 21.7, 16.2]	[hover, left, hover, front]	[119.1804, 1703.2778, 1647.1149, 2280.1560]
34   	109131.90   	0.107   	1.0000  	[10.8, 16.2, 21.7, 16.2]	[right, front, hover, front]	[88.7218, 1533.1613, 1400.8281, 2273.8070]
35   	107895.67   	0.105   	1.0000  	[10.8, 16.2, 21.7, 16.2]	[right, front, hover, front]	[104.3121, 1340.9968, 1172.1016, 2196.7543]
36   	106623.76   	0.103   	1.0000  	[10.8, 16.2, 21.7, 16.2]	[right, front, down, left]	[120.8304, 1120.2743, 985.8957, 2211.8929]
37   	105334.55   	0.102   	1.0000  	[10.8, 16.2, 16.2, 16.2]	[right, front, right, left]	[128.1231, 881.6261, 975.7821, 1970.1980]
38   	104098.77   	0.100   	1.0000  	[10.8, 16.2, 16.2, 16.2]	[right, front, front, up]	[127.9744, 768.8230, 899.7570, 2045.6014]
39   	102847.43   	0.098   	1.0000  	[10.8, 16.2, 16.2, 21.7]	[right, front, hover, left]	[130.4417, 729.7920, 702.0399, 2122.9909]
40   	101577.86   	0.096   	1.0000  	[10.8, 16.2, 16.2, 21.7]	[right, front, hover, left]	[163.4716, 722.9720, 559.0519, 2321.5580]
41   	100376.47   	0.095   	1.0000  	[10.8, 16.2, 16.2, 21.7]	[right, front, left, back]	[207.1416, 816.6660, 459.0190, 2457.4564]
42   	99211.39    	0.093   	1.0000  	[10.8, 16.2, 16.2, 21.7]	[right, front, up, back]	[310.8927, 1002.6245, 405.9663, 2480.5027]
43   	98130.68    	0.091   	1.0000  	[10.8, 16.2, 21.7, 21.7]	[right, hover, back, back]	[480.0200, 792.0674, 433.7955, 2404.1239]
44   	97172.34    	0.090   	1.0000  	[10.8, 16.2, 21.7, 21.7]	[right, hover, back, back]	[750.1044, 621.6909, 512.0418, 2074.3292]
45   	96140.78    	0.088   	1.0000  	[10.8, 16.2, 21.7, 21.7]	[right, right, back, down]	[1292.9591, 519.3417, 588.1019, 1839.9948]
46   	95137.09    	0.087   	1.0000  	[10.8, 16.2, 21.7, 16.2]	[front, right, back, left]	[1126.0529, 462.7466, 684.6509, 1801.4302]
47   	94193.69    	0.085   	1.0000  	[10.8, 16.2, 21.7, 16.2]	[front, right, back, back]	[1025.9780, 439.4566, 727.6748, 1510.4635]
48   	93167.86    	0.084   	1.0000  	[10.8, 16.2, 21.7, 16.2]	[front, right, back, hover]	[1029.4339, 485.6300, 728.3595, 1154.9312]
49   	91858.16    	0.083   	1.0000  	[10.8, 16.2, 21.7, 16.2]	[front, right, back, hover]	[1226.3576, 568.4629, 807.3265, 895.7061]
50   	90317.47    	0.081   	1.0000  	[10.8, 16.2, 21.7, 16.2]	[front, right, back, front]	[1386.3353, 687.0027, 932.1002, 740.8429]
51   	88624.92    	0.079   	1.0000  	[10.8, 16.2, 21.7, 16.2]	[front, right, back, front]	[1552.5159, 785.2142, 1263.1660, 693.7162]
52   	86930.27    	0.077   	1.0000  	[10.8, 16.2, 21.7, 16.2]	[front, right, back, front]	[1867.7881, 893.8404, 1175.9363, 747.7754]
53   	85111.41    	0.075   	1.0000  	[10.8, 16.2, 21.7, 16.2]	[front, right, down, front]	[1963.2511, 981.5620, 1195.9202, 877.7994]
54   	83069.84    	0.073   	1.0000  	[10.8, 16.2, 16.2, 16.2]	[up, right, right, front]	[2035.9449, 978.7040, 1167.6959, 1047.5008]
55   	80966.41    	0.071   	1.0000  	[16.2, 16.2, 16.2, 16.2]	[left, right, hover, front]	[2078.3840, 847.4570, 906.3606, 1348.0888]
56   	78806.32    	0.068   	1.0000  	[16.2, 16.2, 16.2, 16.2]	[left, hover, hover, front]	[2248.2551, 693.2536, 706.2056, 1836.6936]
57   	76676.58    	0.066   	1.0000  	[16.2, 16.2, 16.2, 16.2]	[left, back, hover, front]	[2414.6234, 577.5614, 550.1608, 2149.5167]
58   	74488.68    	0.063   	1.0000  	[16.2, 16.2, 16.2, 16.2]	[left, back, hover, front]	[2492.3414, 516.6788, 440.8135, 2393.7312]
59   	72340.30    	0.061   	1.0000  	[16.2, 16.2, 16.2, 16.2]	[left, back, left, front]	[2670.2169, 525.9999, 364.4826, 2550.4320]
60   	70368.44    	0.058   	1.0000  	[16.2, 16.2, 16.2, 16.2]	[left, back, left, front]	[2532.2934, 593.8381, 360.0485, 2255.3716]
61   	68415.33    	0.056   	1.0000  	[16.2, 16.2, 16.2, 16.2]	[front, back, left, hover]	[2501.6631, 638.3146, 414.4802, 1659.6240]
62   	66440.92    	0.054   	1.0000  	[16.2, 16.2, 16.2, 16.2]	[front, back, left, hover]	[2462.5608, 728.0178, 535.8973, 1256.6447]
63   	64406.23    	0.052   	1.0000  	[16.2, 16.2, 16.2, 16.2]	[front, back, left, hover]	[2478.0788, 827.2033, 690.4410, 961.2988]
64   	62150.85    	0.050   	1.0000  	[16.2, 16.2, 16.2, 16.2]	[up, back, left, right]	[2310.9686, 998.1498, 866.5145, 722.2645]
65   	60086.63    	0.048   	1.0000  	[21.7, 16.2, 16.2, 16.2]	[right, back, left, left]	[1822.3516, 1169.4322, 1071.5984, 636.1906]
66   	57966.21    	0.046   	1.0000  	[21.7, 16.2, 16.2, 16.2]	[right, back, left, right]	[1953.7353, 1340.7962, 1266.4303, 574.4998]
67   	55814.54    	0.044   	1.0000  	[21.7, 16.2, 16.2, 16.2]	[right, left, left, right]	[1883.7564, 1174.7671, 1490.7645, 569.7549]
68   	53705.34    	0.042   	1.0000  	[21.7, 16.2, 16.2, 16.2]	[right, back, left, right]	[1883.3224, 1030.0796, 1686.5390, 533.4091]
69   	51926.83    	0.041   	1.0000  	[21.7, 16.2, 16.2, 16.2]	[down, left, left, back]	[1522.4588, 852.6792, 1403.7182, 539.8978]
70   	50320.31    	0.039   	1.0000  	[16.2, 16.2, 16.2, 16.2]	[right, left, hover, right]	[1559.6699, 755.1696, 1074.0733, 583.4543]
71   	48877.88    	0.038   	1.0000  	[16.2, 16.2, 16.2, 16.2]	[front, left, front, back]	[1439.8429, 744.2696, 862.1727, 555.9537]
72   	47639.42    	0.037   	1.0000  	[16.2, 16.2, 16.2, 16.2]	[hover, left, front, back]	[1111.0932, 751.8170, 753.9759, 499.8741]
73   	46580.45    	0.036   	1.0000  	[16.2, 16.2, 16.2, 16.2]	[hover, left, front, right]	[874.4470, 706.9365, 630.4952, 429.7215]
74   	45577.22    	0.035   	1.0000  	[16.2, 16.2, 16.2, 16.2]	[hover, left, front, right]	[638.1465, 692.7907, 657.3769, 430.8353]
75   	44693.52    	0.035   	1.0000  	[16.2, 16.2, 16.2, 16.2]	[hover, left, front, back]	[475.9990, 710.3025, 733.3659, 418.7824]
76   	43772.49    	0.034   	1.0000  	[16.2, 16.2, 16.2, 16.2]	[left, left, front, right]	[403.5760, 795.9537, 828.0699, 401.3488]
77   	42813.71    	0.033   	1.0000  	[16.2, 16.2, 16.2, 16.2]	[left, left, front, back]	[390.9134, 866.7922, 908.8373, 414.6736]
78   	41717.23    	0.032   	1.0000  	[16.2, 16.2, 16.2, 16.2]	[left, left, front, right]	[495.3502, 948.9172, 1028.7319, 445.1102]
79   	40637.68    	0.031   	1.0000  	[16.2, 16.2, 16.2, 16.2]	[left, front, front, right]	[610.6344, 767.6513, 1185.3684, 481.5718]
80   	39538.21    	0.029   	1.0000  	[16.2, 16.2, 16.2, 16.2]	[left, hover, front, right]	[755.0365, 601.7282, 1312.5407, 506.4832]
81   	38230.02    	0.028   	1.0000  	[16.2, 16.2, 16.2, 16.2]	[left, back, right, back]	[1154.7183, 478.4395, 931.2048, 498.9635]
82   	36805.18    	0.027   	1.0000  	[16.2, 16.2, 16.2, 16.2]	[left, front, left, back]	[1185.3544, 396.4185, 623.4444, 443.2031]
83   	35358.42    	0.026   	1.0000  	[16.2, 16.2, 16.2, 16.2]	[left, up, left, back]	[1329.5141, 346.9026, 399.3207, 354.2319]
84   	33993.94    	0.025   	1.0000  	[16.2, 21.7, 16.2, 16.2]	[back, right, right, back]	[1447.3134, 393.0301, 337.2403, 316.7025]
85   	32445.55    	0.023   	1.0000  	[16.2, 21.7, 16.2, 16.2]	[left, front, front, back]	[1133.5819, 403.6200, 221.1017, 302.6492]
86   	31242.24    	0.022   	1.0000  	[16.2, 21.7, 16.2, 16.2]	[back, front, right, back]	[1200.4695, 357.5858, 285.7314, 285.5116]
87   	29835.06    	0.021   	1.0000  	[16.2, 21.7, 16.2, 16.2]	[left, right, right, hover]	[1129.5054, 319.9407, 323.1753, 229.1171]
88   	28728.82    	0.020   	1.0000  	[16.2, 21.7, 16.2, 16.2]	[back, right, right, left]	[1072.6141, 294.5297, 415.1006, 188.0027]
89   	27784.56    	0.019   	1.0000  	[16.2, 21.7, 16.2, 16.2]	[back, right, right, left]	[927.1200, 262.7162, 401.9899, 179.9529]
90   	27005.15    	0.019   	1.0000  	[16.2, 21.7, 16.2, 16.2]	[front, front, down, left]	[791.9170, 261.0233, 361.0228, 185.1922]
91   	26301.87    	0.018   	1.0000  	[16.2, 21.7, 10.8, 16.2]	[front, down, right, left]	[770.0238, 232.0941, 285.2970, 208.6508]
92   	25543.95    	0.018   	1.0000  	[16.2, 16.2, 10.8, 16.2]	[front, front, right, left]	[997.4703, 237.9494, 227.9241, 209.9171]
93   	24758.97    	0.017   	1.0000  	[16.2, 16.2, 10.8, 16.2]	[front, right, up, left]	[1073.3482, 245.2887, 181.0488, 228.0271]
94   	24121.82    	0.017   	1.0000  	[16.2, 16.2, 16.2, 16.2]	[left, right, back, left]	[779.2223, 226.5312, 222.7695, 239.2791]
95   	23592.00    	0.016   	1.0000  	[16.2, 16.2, 16.2, 16.2]	[hover, right, back, left]	[601.5180, 197.2987, 195.0171, 254.3513]
96   	23141.42    	0.016   	1.0000  	[16.2, 16.2, 16.2, 16.2]	[right, right, back, left]	[479.9603, 170.8088, 153.7906, 269.6492]
97   	22702.99    	0.015   	1.0000  	[16.2, 16.2, 16.2, 16.2]	[hover, right, back, left]	[389.7313, 168.6478, 169.1579, 293.9661]
98   	22311.04    	0.015   	1.0000  	[16.2, 16.2, 16.2, 16.2]	[hover, right, back, hover]	[311.2945, 178.8714, 197.6252, 234.4237]
99   	21988.56    	0.015   	1.0000  	[16.2, 16.2, 16.2, 16.2]	[back, right, left, hover]	[265.0466, 162.4995, 180.5821, 187.6926]
[2025-12-18T14:59:54]
Strategy: greedy_ig
Pairwise: equal
News mode: IGd
Num agents: 4
Iteration: 1
Error margin: None
Gaussian radius 5 
Grid info: range: 0-50-50, cell_size:0.125, map shape: (400, 400), center:True
init UAV positions: [(-10.0, -10.0, 5.4), (-15.0, 0.0, 5.4), (15.0, -25.0, 5.4), (5.0, 25.0, 5.4)]
mcts_params: {}
Step	Entropy	MSE	Coverage	Heights	Actions	IGs
------------------------------------------------------------------------------------------------------------------------
0    	160000.00   	0.250   	0.0000  	[5.4, 5.4, 5.4, 5.4]	[-, -, -, -]	[-, -, -, -]
1    	159305.42   	0.244   	0.0469  	[5.4, 5.4, 5.4, 5.4]	[up, up, up, up]	[3904.5582, 3655.3311, 1952.2791, 1952.2791]
2    	158499.93   	0.238   	0.1800  	[10.8, 10.8, 10.8, 10.8]	[up, up, up, up]	[3798.3147, 3478.1704, 2191.4824, 2191.4824]
3    	157738.50   	0.233   	0.3738  	[16.2, 16.2, 16.2, 16.2]	[up, front, front, back]	[3324.9370, 2832.1483, 2497.6723, 2513.5942]
4    	157060.71   	0.227   	0.5214  	[21.7, 16.2, 16.2, 16.2]	[right, front, front, back]	[3306.8160, 2861.4854, 2768.9400, 2748.4680]
5    	156445.39   	0.222   	0.6230  	[21.7, 16.2, 16.2, 16.2]	[back, front, front, back]	[3184.0879, 2968.9734, 2954.0229, 2963.6556]
6    	155744.79   	0.217   	0.7183  	[21.7, 16.2, 16.2, 16.2]	[right, front, front, up]	[2957.4132, 2924.0604, 2710.9037, 3031.7628]
7    	154975.63   	0.212   	0.8323  	[21.7, 16.2, 16.2, 21.7]	[right, front, front, back]	[2698.8049, 2807.6429, 2515.2431, 3230.2344]
8    	154125.54   	0.207   	0.8914  	[21.7, 16.2, 16.2, 21.7]	[right, right, front, right]	[2473.0508, 2452.5714, 2301.8489, 2770.4271]
9    	153132.90   	0.202   	0.9273  	[21.7, 16.2, 16.2, 21.7]	[right, right, front, right]	[2420.4371, 2389.9803, 2123.7777, 2534.0021]
10   	152019.45   	0.197   	0.9555  	[21.7, 16.2, 16.2, 21.7]	[right, right, front, right]	[2467.9404, 2427.9371, 1917.6253, 1938.4728]
11   	150808.42   	0.193   	0.9664  	[21.7, 16.2, 16.2, 21.7]	[right, right, front, down]	[2611.3142, 2438.7485, 1668.0945, 1445.6308]
12   	149527.13   	0.188   	0.9664  	[21.7, 16.2, 16.2, 16.2]	[front, right, left, right]	[2525.8547, 2374.1843, 1461.4173, 1326.4825]
13   	148262.53   	0.185   	0.9664  	[21.7, 16.2, 16.2, 16.2]	[hover, right, left, front]	[2134.0550, 2258.4722, 1536.1412, 1100.1533]
14   	146893.51   	0.181   	0.9664  	[21.7, 16.2, 16.2, 16.2]	[front, back, left, right]	[1943.7465, 1768.0691, 1355.8597, 935.9556]
15   	145477.28   	0.177   	0.9664  	[21.7, 16.2, 16.2, 16.2]	[right, up, left, hover]	[1782.4720, 1585.7511, 1609.4360, 694.6564]
16   	143848.97   	0.174   	0.9712  	[21.7, 21.7, 16.2, 16.2]	[front, right, left, down]	[1664.6122, 1452.2484, 1948.3699, 493.8627]
17   	142017.65   	0.170   	0.9712  	[21.7, 21.7, 16.2, 10.8]	[front, right, left, front]	[1658.1635, 1626.9970, 2422.5421, 406.9145]
18   	140393.16   	0.167   	0.9712  	[21.7, 21.7, 16.2, 10.8]	[down, right, left, hover]	[1671.2362, 1747.8221, 2852.5361, 250.3586]
19   	138466.21   	0.163   	0.9712  	[16.2, 21.7, 16.2, 10.8]	[front, back, up, left]	[1486.6047, 1413.4713, 3149.1100, 196.3283]
20   	136450.34   	0.159   	0.9712  	[16.2, 21.7, 21.7, 10.8]	[front, back, left, up]	[1026.1235, 996.9738, 3234.0728, 164.0313]
21   	134446.25   	0.156   	0.9712  	[16.2, 21.7, 21.7, 16.2]	[front, back, left, left]	[772.6516, 1319.7398, 3193.8879, 162.9485]
22   	132455.73   	0.152   	0.9775  	[16.2, 21.7, 21.7, 16.2]	[front, back, back, left]	[900.4914, 2139.3970, 2964.9516, 182.2030]
23   	130543.16   	0.148   	0.9806  	[16.2, 21.7, 21.7, 16.2]	[front, back, back, left]	[1110.8464, 2864.0030, 2951.9397, 229.7852]
24   	128964.15   	0.144   	0.9838  	[16.2, 21.7, 21.7, 16.2]	[right, back, back, left]	[1273.8571, 3178.7434, 2982.5334, 383.5430]
25   	127366.48   	0.141   	0.9869  	[16.2, 21.7, 21.7, 16.2]	[left, back, back, left]	[1235.9727, 3278.8334, 3049.8118, 746.7659]
26   	125529.05   	0.137   	0.9906  	[16.2, 21.7, 21.7, 16.2]	[left, back, back, left]	[1443.1120, 3341.1711, 3118.6636, 1211.9547]
27   	123475.16   	0.132   	0.9977  	[16.2, 21.7, 21.7, 16.2]	[left, left, right, left]	[1640.2839, 3132.6476, 2560.4042, 1519.2651]
28   	121449.72   	0.128   	0.9977  	[16.2, 21.7, 21.7, 16.2]	[left, left, left, left]	[1803.8449, 2563.9036, 2020.5065, 1740.2518]
29   	119426.86   	0.124   	0.9977  	[16.2, 21.7, 21.7, 16.2]	[left, left, down, left]	[1935.4616, 2436.9974, 1612.0243, 1910.8347]
30   	117460.51   	0.120   	0.9977  	[16.2, 21.7, 16.2, 16.2]	[left, left, back, left]	[2053.2663, 2375.2697, 1473.4477, 2027.1422]
31   	115355.56   	0.116   	0.9977  	[16.2, 21.7, 16.2, 16.2]	[left, left, left, back]	[2156.1116, 2067.4845, 1226.1557, 1878.9038]
32   	113510.35   	0.113   	0.9977  	[16.2, 21.7, 16.2, 16.2]	[back, left, hover, left]	[2015.4374, 2030.0028, 846.9931, 2009.1267]
33   	111630.51   	0.110   	1.0000  	[16.2, 21.7, 16.2, 16.2]	[left, down, hover, back]	[2058.3480, 1783.5057, 714.5095, 1641.5473]
34   	109702.00   	0.106   	1.0000  	[16.2, 16.2, 16.2, 16.2]	[up, left, hover, back]	[1869.2842, 1478.4578, 470.4849, 1679.0839]
35   	107631.33   	0.103   	1.0000  	[21.7, 16.2, 16.2, 16.2]	[left, up, hover, back]	[1664.1379, 1315.6287, 346.6812, 1557.0262]
36   	105603.23   	0.100   	1.0000  	[21.7, 21.7, 16.2, 16.2]	[left, hover, front, back]	[1603.1570, 1066.5119, 288.1340, 1426.9142]
37   	103729.29   	0.097   	1.0000  	[21.7, 21.7, 16.2, 16.2]	[front, left, front, right]	[1668.6357, 892.1702, 183.9078, 1225.0506]
38   	102099.85   	0.095   	1.0000  	[21.7, 21.7, 16.2, 16.2]	[down, back, front, right]	[1471.4642, 850.7688, 269.3047, 1224.1266]
39   	100495.87   	0.093   	1.0000  	[16.2, 21.7, 16.2, 16.2]	[left, down, front, right]	[1555.0887, 1096.4802, 393.7340, 1315.7074]
40   	98987.54    	0.091   	1.0000  	[16.2, 16.2, 16.2, 16.2]	[front, left, front, right]	[1245.9230, 1309.0118, 536.2355, 1398.9723]
41   	97289.06    	0.089   	1.0000  	[16.2, 16.2, 16.2, 16.2]	[hover, left, front, back]	[967.8258, 1214.4329, 700.6111, 1767.3880]
42   	95401.09    	0.086   	1.0000  	[16.2, 16.2, 16.2, 16.2]	[back, hover, front, back]	[707.5623, 995.6329, 722.9530, 2079.3716]
43   	93311.46    	0.084   	1.0000  	[16.2, 16.2, 16.2, 16.2]	[front, hover, front, back]	[483.0475, 762.9046, 1051.8976, 2332.6140]
44   	91153.96    	0.082   	1.0000  	[16.2, 16.2, 16.2, 16.2]	[right, front, front, right]	[348.7953, 597.2480, 1183.1829, 2388.2316]
45   	88916.63    	0.079   	1.0000  	[16.2, 16.2, 16.2, 16.2]	[right, front, front, back]	[287.4166, 592.9735, 1334.7693, 2492.3731]
46   	86976.21    	0.077   	1.0000  	[16.2, 16.2, 16.2, 16.2]	[right, front, hover, right]	[286.4284, 580.9801, 1263.8110, 2604.8060]
47   	84876.97    	0.075   	1.0000  	[16.2, 16.2, 16.2, 16.2]	[right, front, right, up]	[334.1363, 585.0801, 1245.9259, 2685.0482]
48   	82757.82    	0.073   	1.0000  	[16.2, 16.2, 16.2, 21.7]	[right, front, right, back]	[331.2631, 494.8138, 1147.6187, 2863.1448]
49   	80573.94    	0.070   	1.0000  	[16.2, 16.2, 16.2, 21.7]	[right, front, right, right]	[336.3136, 475.2385, 1139.0668, 2939.4481]
50   	78304.37    	0.068   	1.0000  	[16.2, 16.2, 16.2, 21.7]	[right, front, right, right]	[340.6653, 504.1154, 1202.4005, 3007.2444]
51   	75961.77    	0.065   	1.0000  	[16.2, 16.2, 16.2, 21.7]	[right, front, right, right]	[367.4744, 566.4453, 1329.1836, 3090.6184]
52   	73745.80    	0.063   	1.0000  	[16.2, 16.2, 16.2, 21.7]	[right, front, right, right]	[413.5313, 707.6548, 1448.7121, 2730.1871]
53   	71539.11    	0.061   	1.0000  	[16.2, 16.2, 16.2, 21.7]	[right, front, right, down]	[473.6378, 891.0466, 1488.4160, 2404.8853]
54   	69617.25    	0.059   	1.0000  	[16.2, 16.2, 16.2, 16.2]	[right, right, right, back]	[425.8278, 717.5075, 1480.6614, 1978.8256]
55   	67929.63    	0.057   	1.0000  	[16.2, 16.2, 16.2, 16.2]	[down, hover, right, right]	[305.7390, 559.6683, 1587.8830, 1666.1703]
56   	66375.02    	0.055   	1.0000  	[10.8, 16.2, 16.2, 16.2]	[right, up, right, front]	[254.9981, 455.1442, 1596.9217, 1340.2223]
57   	65105.16    	0.054   	1.0000  	[10.8, 21.7, 16.2, 16.2]	[front, back, back, front]	[172.1370, 517.8034, 1354.3716, 1295.8608]
58   	63954.89    	0.053   	1.0000  	[10.8, 21.7, 16.2, 16.2]	[hover, right, up, front]	[121.8918, 579.3498, 1070.9244, 1237.8854]
59   	62911.73    	0.052   	1.0000  	[10.8, 21.7, 21.7, 16.2]	[left, right, down, front]	[88.6754, 529.2455, 841.7384, 1084.7615]
60   	62044.93    	0.051   	1.0000  	[10.8, 21.7, 16.2, 16.2]	[up, right, back, left]	[69.1970, 519.9228, 496.8246, 778.0189]
61   	61294.10    	0.050   	1.0000  	[16.2, 21.7, 16.2, 16.2]	[back, right, right, back]	[89.8718, 487.0867, 360.4791, 628.5195]
62   	60594.13    	0.050   	1.0000  	[16.2, 21.7, 16.2, 16.2]	[back, right, back, up]	[71.2676, 492.9442, 293.6008, 500.3912]
63   	59833.40    	0.049   	1.0000  	[16.2, 21.7, 16.2, 21.7]	[back, right, back, back]	[90.5480, 488.7166, 196.9720, 469.0949]
64   	58982.68    	0.048   	1.0000  	[16.2, 21.7, 16.2, 21.7]	[back, right, back, back]	[102.9781, 521.9928, 201.7472, 522.1610]
65   	58054.19    	0.047   	1.0000  	[16.2, 21.7, 16.2, 21.7]	[back, right, back, left]	[111.5454, 610.2757, 223.5038, 465.9450]
66   	57076.43    	0.046   	1.0000  	[16.2, 21.7, 16.2, 21.7]	[back, right, back, left]	[123.4246, 716.8038, 224.9220, 456.0210]
67   	56107.71    	0.045   	1.0000  	[16.2, 21.7, 16.2, 21.7]	[back, front, back, left]	[148.5406, 775.8748, 255.0594, 514.1685]
68   	55169.99    	0.045   	1.0000  	[16.2, 21.7, 16.2, 21.7]	[left, down, back, left]	[212.2892, 773.4816, 367.0281, 666.1153]
69   	54017.20    	0.043   	1.0000  	[16.2, 16.2, 16.2, 21.7]	[back, right, back, left]	[309.7336, 910.0733, 425.1659, 993.5953]
70   	52701.74    	0.042   	1.0000  	[16.2, 16.2, 16.2, 21.7]	[back, hover, left, left]	[376.5521, 716.4579, 334.8960, 1412.1833]
71   	50922.35    	0.040   	1.0000  	[16.2, 16.2, 16.2, 21.7]	[up, hover, left, left]	[376.4362, 565.5760, 717.2377, 1724.3058]
72   	49028.79    	0.039   	1.0000  	[21.7, 16.2, 16.2, 21.7]	[left, hover, left, left]	[394.7313, 449.1700, 934.2250, 2002.3954]
73   	47241.00    	0.037   	1.0000  	[21.7, 16.2, 16.2, 21.7]	[left, back, left, left]	[404.3079, 371.5926, 886.0632, 2004.5454]
74   	45607.82    	0.035   	1.0000  	[21.7, 16.2, 16.2, 21.7]	[left, back, left, down]	[399.0893, 340.7487, 781.7638, 1750.4090]
75   	44176.62    	0.034   	1.0000  	[21.7, 16.2, 16.2, 16.2]	[left, back, down, left]	[415.7245, 391.2511, 746.6370, 1743.5401]
76   	42838.88    	0.033   	1.0000  	[21.7, 16.2, 10.8, 16.2]	[left, back, back, back]	[558.1682, 476.0531, 636.9424, 1569.1735]
77   	41554.13    	0.031   	1.0000  	[21.7, 16.2, 10.8, 16.2]	[left, back, left, hover]	[668.4976, 591.5632, 582.4848, 1151.4413]
78   	40309.17    	0.030   	1.0000  	[21.7, 16.2, 10.8, 16.2]	[left, back, hover, hover]	[765.0042, 741.8504, 381.3954, 840.8403]
79   	38874.47    	0.029   	1.0000  	[21.7, 16.2, 10.8, 16.2]	[left, back, front, hover]	[983.3356, 851.0073, 321.0988, 607.6040]
80   	37263.73    	0.028   	1.0000  	[21.7, 16.2, 10.8, 16.2]	[left, back, front, hover]	[1084.7837, 994.7876, 341.5997, 436.0816]
81   	35896.63    	0.026   	1.0000  	[21.7, 16.2, 10.8, 16.2]	[front, back, front, hover]	[994.8423, 1139.0489, 283.9295, 396.0045]
82   	34697.32    	0.025   	1.0000  	[21.7, 16.2, 10.8, 16.2]	[front, back, front, right]	[859.0152, 1311.5592, 265.9742, 354.5593]
83   	33722.13    	0.024   	1.0000  	[21.7, 16.2, 10.8, 16.2]	[down, hover, front, right]	[748.6010, 1004.4443, 274.5066, 308.3535]
84   	32781.65    	0.024   	1.0000  	[16.2, 16.2, 10.8, 16.2]	[left, left, front, right]	[924.5420, 840.9613, 285.6545, 291.7702]
85   	31970.64    	0.023   	1.0000  	[16.2, 16.2, 10.8, 16.2]	[back, hover, right, right]	[813.2672, 667.3970, 213.3264, 241.2616]
86   	31277.24    	0.022   	1.0000  	[16.2, 16.2, 10.8, 16.2]	[back, right, up, right]	[748.0531, 552.1663, 174.8446, 202.1724]
87   	30629.07    	0.022   	1.0000  	[16.2, 16.2, 16.2, 16.2]	[back, hover, front, right]	[819.7387, 410.6896, 152.8876, 178.1736]
88   	29844.93    	0.021   	1.0000  	[16.2, 16.2, 16.2, 16.2]	[back, hover, front, hover]	[1119.0468, 294.5926, 222.1723, 145.6503]
89   	28943.73    	0.020   	1.0000  	[16.2, 16.2, 16.2, 16.2]	[back, left, front, hover]	[1321.5916, 244.6934, 294.7398, 100.8595]
90   	28184.60    	0.020   	1.0000  	[16.2, 16.2, 16.2, 16.2]	[hover, up, front, right]	[998.3320, 230.2361, 365.9219, 83.7177]
91   	27491.25    	0.019   	1.0000  	[16.2, 21.7, 16.2, 16.2]	[hover, front, front, right]	[786.1863, 210.0541, 441.3077, 79.2639]
92   	26884.39    	0.019   	1.0000  	[16.2, 21.7, 16.2, 16.2]	[hover, front, right, right]	[615.3262, 159.5036, 388.0581, 105.4297]
93   	26278.19    	0.018   	1.0000  	[16.2, 21.7, 16.2, 16.2]	[right, left, right, right]	[502.2708, 175.1111, 379.0711, 152.8408]
94   	25652.38    	0.018   	1.0000  	[16.2, 21.7, 16.2, 16.2]	[right, left, right, right]	[425.7310, 230.0276, 426.2756, 218.1978]
95   	25045.19    	0.017   	1.0000  	[16.2, 21.7, 16.2, 16.2]	[right, left, right, right]	[339.8857, 247.1322, 530.0101, 192.8546]
96   	24452.49    	0.017   	1.0000  	[16.2, 21.7, 16.2, 16.2]	[right, front, right, hover]	[266.8660, 243.3350, 504.4045, 159.1933]
97   	23956.30    	0.016   	1.0000  	[16.2, 21.7, 16.2, 16.2]	[right, down, hover, hover]	[282.6229, 208.8345, 386.3002, 132.7192]
98   	23469.09    	0.016   	1.0000  	[16.2, 16.2, 16.2, 16.2]	[right, left, hover, hover]	[303.0242, 206.1894, 307.2262, 105.1585]
99   	23010.90    	0.016   	1.0000  	[16.2, 16.2, 16.2, 16.2]	[right, front, hover, front]	[321.7467, 223.8545, 239.3735, 83.2094]
[2025-12-18T15:00:04]
Strategy: greedy_ig
Pairwise: equal
News mode: IGd
Num agents: 4
Iteration: 2
Error margin: None
Gaussian radius 5 
Grid info: range: 0-50-50, cell_size:0.125, map shape: (400, 400), center:True
init UAV positions: [(-5.0, -25.0, 5.4), (-5.0, 5.0, 5.4), (15.0, -15.0, 5.4), (0.0, 25.0, 5.4)]
mcts_params: {}
Step	Entropy	MSE	Coverage	Heights	Actions	IGs
------------------------------------------------------------------------------------------------------------------------
0    	160000.00   	0.250   	0.0000  	[5.4, 5.4, 5.4, 5.4]	[-, -, -, -]	[-, -, -, -]
1    	159333.38   	0.244   	0.0469  	[5.4, 5.4, 5.4, 5.4]	[up, up, up, up]	[1952.2791, 3904.5582, 3904.5582, 1952.2791]
2    	158649.08   	0.238   	0.1875  	[10.8, 10.8, 10.8, 10.8]	[up, up, up, up]	[2191.4824, 4382.9647, 4382.9647, 2191.4824]
3    	157935.19   	0.233   	0.4219  	[16.2, 16.2, 16.2, 16.2]	[front, up, front, back]	[2513.2151, 4272.0571, 3420.1031, 2239.9368]
4    	157167.54   	0.227   	0.5641  	[16.2, 21.7, 16.2, 16.2]	[front, back, up, back]	[2761.1851, 3532.6462, 3073.1486, 2470.2726]
5    	156259.89   	0.222   	0.6436  	[16.2, 21.7, 21.7, 16.2]	[front, left, left, back]	[2592.4160, 2830.6046, 2921.3542, 2559.1973]
6    	155364.42   	0.217   	0.6772  	[16.2, 21.7, 21.7, 16.2]	[left, left, front, up]	[2393.8623, 2658.4797, 3040.7959, 2655.0198]
7    	154376.23   	0.211   	0.7853  	[16.2, 21.7, 21.7, 21.7]	[left, back, front, back]	[2423.2479, 2284.6130, 2950.5070, 2654.2816]
8    	153301.63   	0.206   	0.8220  	[16.2, 21.7, 21.7, 21.7]	[left, back, front, left]	[2239.8662, 2029.7506, 2730.6243, 2434.4806]
9    	152177.59   	0.202   	0.8603  	[16.2, 21.7, 21.7, 21.7]	[left, back, front, left]	[1730.4152, 1996.6992, 2799.4113, 2550.0609]
10   	150945.47   	0.196   	0.8955  	[16.2, 21.7, 21.7, 21.7]	[front, back, front, left]	[1354.4814, 1666.3284, 2941.8245, 2807.1408]
11   	149729.53   	0.192   	0.9252  	[16.2, 21.7, 21.7, 21.7]	[front, right, front, left]	[1247.4291, 1764.1404, 3046.6245, 3000.5216]
12   	148361.84   	0.187   	0.9620  	[16.2, 21.7, 21.7, 21.7]	[front, back, front, back]	[1548.5132, 2020.2608, 3325.7528, 2573.1279]
13   	146860.50   	0.182   	0.9769  	[16.2, 21.7, 21.7, 21.7]	[front, right, front, back]	[1599.8757, 2222.2028, 3215.9136, 2003.0729]
14   	145385.04   	0.178   	0.9895  	[16.2, 21.7, 21.7, 21.7]	[front, right, left, front]	[1413.2762, 2396.4823, 2931.8490, 1453.1567]
15   	143876.89   	0.174   	0.9903  	[16.2, 21.7, 21.7, 21.7]	[right, right, left, front]	[1591.4094, 2585.2879, 2591.8184, 1182.1082]
16   	142201.48   	0.169   	0.9911  	[16.2, 21.7, 21.7, 21.7]	[front, right, left, hover]	[1765.0539, 2826.6900, 2141.5135, 794.3299]
17   	140640.80   	0.166   	0.9919  	[16.2, 21.7, 21.7, 21.7]	[right, right, down, left]	[1555.2382, 2924.2202, 1784.5240, 774.0818]
18   	139114.77   	0.162   	0.9927  	[16.2, 21.7, 16.2, 21.7]	[right, right, front, down]	[1709.9245, 3019.5680, 1593.7459, 973.5306]
19   	137498.40   	0.159   	0.9934  	[16.2, 21.7, 16.2, 16.2]	[right, right, left, front]	[2077.6828, 2842.7622, 1555.5905, 877.1172]
20   	135783.06   	0.155   	0.9939  	[16.2, 21.7, 16.2, 16.2]	[right, front, left, left]	[2137.4209, 2683.1656, 1465.1045, 682.1381]
21   	134034.14   	0.152   	0.9942  	[16.2, 21.7, 16.2, 16.2]	[right, front, left, back]	[2300.5498, 2396.9109, 1663.1048, 474.8833]
22   	132275.83   	0.148   	0.9950  	[16.2, 21.7, 16.2, 16.2]	[right, front, left, back]	[2258.5922, 2059.8941, 1731.7433, 438.3742]
23   	130388.56   	0.145   	0.9958  	[16.2, 21.7, 16.2, 16.2]	[front, front, left, back]	[2118.8080, 2069.4034, 1793.5337, 652.7731]
24   	128403.43   	0.141   	0.9966  	[16.2, 21.7, 16.2, 16.2]	[front, front, left, back]	[2147.6116, 2084.7642, 1886.4310, 1023.8427]
25   	126066.86   	0.137   	0.9973  	[16.2, 21.7, 16.2, 16.2]	[front, front, back, back]	[2212.3530, 2165.6328, 1842.1488, 1398.0628]
26   	123522.58   	0.133   	0.9981  	[16.2, 21.7, 16.2, 16.2]	[front, front, back, back]	[2259.7376, 2264.7580, 1798.9029, 1647.2168]
27   	120814.51   	0.128   	0.9989  	[16.2, 21.7, 16.2, 16.2]	[left, front, back, back]	[1881.6319, 2436.8299, 1807.2696, 1828.2951]
28   	118182.72   	0.125   	0.9997  	[16.2, 21.7, 16.2, 16.2]	[left, down, back, back]	[1736.7960, 2367.8510, 1822.7001, 1962.8637]
29   	115544.26   	0.121   	0.9997  	[16.2, 16.2, 16.2, 16.2]	[left, front, back, back]	[1918.5272, 2474.7288, 1893.7870, 2013.6658]
30   	113054.84   	0.117   	0.9997  	[16.2, 16.2, 16.2, 16.2]	[left, front, back, back]	[2003.7979, 2037.4685, 2015.1533, 2027.4628]
31   	110490.49   	0.113   	0.9997  	[16.2, 16.2, 16.2, 16.2]	[left, left, right, right]	[2192.5971, 1712.9755, 2216.2567, 2306.2865]
32   	107825.67   	0.109   	0.9997  	[16.2, 16.2, 16.2, 16.2]	[left, left, right, right]	[2317.5883, 1690.4572, 2121.9318, 2262.3443]
33   	104962.27   	0.106   	0.9997  	[16.2, 16.2, 16.2, 16.2]	[left, left, back, right]	[1965.2397, 1708.6240, 1916.8832, 1913.0313]
34   	102205.36   	0.102   	0.9997  	[16.2, 16.2, 16.2, 16.2]	[hover, left, up, right]	[1502.6956, 1747.0929, 1665.1688, 1971.4877]
35   	99656.59    	0.099   	0.9997  	[16.2, 16.2, 21.7, 16.2]	[hover, left, left, right]	[1153.5456, 1625.8302, 1610.7797, 2334.2941]
36   	97042.78    	0.096   	0.9997  	[16.2, 16.2, 21.7, 16.2]	[hover, left, back, right]	[816.1829, 1488.2179, 1874.2527, 2453.2070]
37   	94378.75    	0.093   	0.9997  	[16.2, 16.2, 21.7, 16.2]	[back, left, back, right]	[629.2620, 1442.9251, 2142.9288, 2565.3103]
38   	91856.13    	0.090   	0.9997  	[16.2, 16.2, 21.7, 16.2]	[back, left, back, right]	[499.1160, 1519.9814, 1981.0373, 2762.9000]
39   	89419.78    	0.087   	0.9997  	[16.2, 16.2, 21.7, 16.2]	[back, left, down, right]	[423.0083, 1684.2059, 2145.3892, 2918.9011]
40   	87339.92    	0.084   	0.9997  	[16.2, 16.2, 16.2, 16.2]	[back, left, right, right]	[366.4894, 1585.8212, 1701.8443, 2929.1064]
41   	85454.34    	0.081   	0.9997  	[16.2, 16.2, 16.2, 16.2]	[back, back, right, right]	[337.5974, 1402.4616, 1508.7825, 2929.3208]
42   	83733.82    	0.079   	0.9997  	[16.2, 16.2, 16.2, 16.2]	[back, hover, right, front]	[334.0318, 1192.3527, 1423.3094, 2727.4102]
43   	82100.32    	0.077   	0.9997  	[16.2, 16.2, 16.2, 16.2]	[right, back, right, front]	[368.9584, 968.6897, 1166.8393, 2545.2297]
44   	80569.08    	0.075   	0.9997  	[16.2, 16.2, 16.2, 16.2]	[right, back, back, front]	[385.7028, 810.1685, 982.1720, 2530.7152]
45   	79075.23    	0.073   	0.9997  	[16.2, 16.2, 16.2, 16.2]	[right, back, right, front]	[469.8670, 721.7710, 858.7569, 2499.3889]
46   	77572.49    	0.071   	0.9997  	[16.2, 16.2, 16.2, 16.2]	[right, back, right, front]	[622.4744, 725.4307, 804.5603, 2565.6718]
47   	75976.55    	0.069   	0.9997  	[16.2, 16.2, 16.2, 16.2]	[right, back, right, front]	[883.4506, 793.9137, 783.1643, 2525.9347]
48   	74281.31    	0.067   	0.9997  	[16.2, 16.2, 16.2, 16.2]	[right, back, right, front]	[1119.0141, 940.7079, 742.8763, 2367.1196]
49   	72538.91    	0.065   	0.9997  	[16.2, 16.2, 16.2, 16.2]	[right, back, right, front]	[1289.6959, 1009.1694, 768.2525, 2295.0304]
50   	70615.81    	0.062   	0.9997  	[16.2, 16.2, 16.2, 16.2]	[right, back, right, front]	[1704.5209, 1123.7424, 677.8621, 2316.5806]
51   	68605.56    	0.060   	0.9997  	[16.2, 16.2, 16.2, 16.2]	[right, back, front, front]	[2045.0883, 1283.8075, 582.2411, 2424.7764]
52   	66719.43    	0.057   	1.0000  	[16.2, 16.2, 16.2, 16.2]	[right, back, hover, hover]	[2129.6690, 1302.3349, 426.9425, 1814.7942]
53   	65144.59    	0.056   	1.0000  	[16.2, 16.2, 16.2, 16.2]	[right, right, left, hover]	[1859.6140, 1082.3187, 329.0726, 1384.4705]
54   	63722.95    	0.054   	1.0000  	[16.2, 16.2, 16.2, 16.2]	[front, hover, up, left]	[1692.2751, 840.1329, 410.5088, 987.9678]
55   	62372.98    	0.052   	1.0000  	[16.2, 16.2, 21.7, 16.2]	[front, right, front, left]	[1478.4992, 689.5040, 469.7289, 746.9554]
56   	61021.96    	0.051   	1.0000  	[16.2, 16.2, 21.7, 16.2]	[front, right, front, back]	[1415.3976, 614.5242, 497.6913, 561.0948]
57   	59710.12    	0.050   	1.0000  	[16.2, 16.2, 21.7, 16.2]	[front, right, front, left]	[1160.8888, 546.3700, 490.7190, 440.3040]
58   	58341.11    	0.048   	1.0000  	[16.2, 16.2, 21.7, 16.2]	[front, right, front, back]	[1331.4368, 543.9757, 495.5753, 445.7316]
59   	56868.06    	0.047   	1.0000  	[16.2, 16.2, 21.7, 16.2]	[front, right, down, back]	[1666.6139, 600.7757, 486.9578, 706.6112]
60   	55414.51    	0.045   	1.0000  	[16.2, 16.2, 16.2, 16.2]	[hover, right, front, back]	[1416.7204, 688.5109, 431.1087, 770.0296]
61   	54196.43    	0.044   	1.0000  	[16.2, 16.2, 16.2, 16.2]	[front, right, right, left]	[1115.3088, 799.5096, 415.5602, 980.9688]
62   	52978.64    	0.042   	1.0000  	[16.2, 16.2, 16.2, 16.2]	[down, right, front, left]	[1016.3945, 897.2040, 568.4719, 1085.8872]
63   	51868.05    	0.041   	1.0000  	[10.8, 16.2, 16.2, 16.2]	[right, right, front, back]	[709.9274, 1076.3752, 673.6797, 937.0927]
64   	50776.11    	0.040   	1.0000  	[10.8, 16.2, 16.2, 16.2]	[left, right, front, back]	[420.6396, 1068.3241, 689.4599, 850.6361]
65   	49738.38    	0.039   	1.0000  	[10.8, 16.2, 16.2, 16.2]	[left, front, front, back]	[292.6598, 881.7844, 722.2109, 773.6567]
66   	48639.74    	0.038   	1.0000  	[10.8, 16.2, 16.2, 16.2]	[left, front, front, back]	[370.5920, 700.4539, 832.5152, 705.6891]
67   	47628.47    	0.037   	1.0000  	[10.8, 16.2, 16.2, 16.2]	[left, front, hover, left]	[408.7490, 683.4518, 754.7463, 644.9611]
68   	46672.58    	0.036   	1.0000  	[10.8, 16.2, 16.2, 16.2]	[left, front, left, back]	[444.2702, 698.4085, 681.3028, 578.0777]
69   	45789.06    	0.035   	1.0000  	[10.8, 16.2, 16.2, 16.2]	[left, front, hover, up]	[395.5376, 690.7041, 571.1513, 572.9786]
70   	44984.92    	0.035   	1.0000  	[10.8, 16.2, 16.2, 21.7]	[left, front, front, left]	[410.3154, 569.9813, 441.3464, 590.1546]
71   	44262.56    	0.034   	1.0000  	[10.8, 16.2, 16.2, 21.7]	[left, front, left, left]	[297.8206, 542.1820, 337.3153, 613.8494]
72   	43563.61    	0.034   	1.0000  	[10.8, 16.2, 16.2, 21.7]	[left, front, left, left]	[253.2479, 504.6170, 277.1864, 678.5768]
73   	42868.31    	0.033   	1.0000  	[10.8, 16.2, 16.2, 21.7]	[left, front, left, hover]	[257.1871, 509.5566, 274.6577, 595.8244]
74   	42158.20    	0.032   	1.0000  	[10.8, 16.2, 16.2, 21.7]	[left, front, left, hover]	[269.8623, 599.2573, 281.9765, 526.7141]
75   	41491.66    	0.032   	1.0000  	[10.8, 16.2, 16.2, 21.7]	[left, front, left, hover]	[342.4932, 612.8172, 300.8136, 460.6538]
76   	40900.64    	0.031   	1.0000  	[10.8, 16.2, 16.2, 21.7]	[left, hover, left, hover]	[302.9534, 524.9566, 343.9421, 401.5857]
77   	40430.31    	0.031   	1.0000  	[10.8, 16.2, 16.2, 21.7]	[hover, hover, left, hover]	[193.9328, 428.7012, 359.2511, 350.8351]
78   	39968.69    	0.030   	1.0000  	[10.8, 16.2, 16.2, 21.7]	[back, hover, left, hover]	[125.8702, 339.6773, 396.3320, 310.3232]
79   	39509.31    	0.030   	1.0000  	[10.8, 16.2, 16.2, 21.7]	[front, left, left, hover]	[82.2294, 271.8762, 399.1037, 272.2121]
80   	39068.96    	0.030   	1.0000  	[10.8, 16.2, 16.2, 21.7]	[back, up, back, hover]	[48.4888, 281.9374, 401.7727, 237.9633]
81   	38582.83    	0.029   	1.0000  	[10.8, 21.7, 16.2, 21.7]	[back, back, left, hover]	[48.8820, 311.8373, 419.6403, 210.0309]
82   	38145.64    	0.029   	1.0000  	[10.8, 21.7, 16.2, 21.7]	[back, left, hover, right]	[56.2871, 335.1298, 392.2634, 182.8971]
83   	37722.79    	0.028   	1.0000  	[10.8, 21.7, 16.2, 21.7]	[back, left, hover, right]	[72.6451, 370.4926, 353.7442, 183.7442]
84   	37316.72    	0.028   	1.0000  	[10.8, 21.7, 16.2, 21.7]	[back, left, hover, right]	[85.8668, 390.1602, 298.5745, 188.8380]
85   	36932.47    	0.028   	1.0000  	[10.8, 21.7, 16.2, 21.7]	[back, back, back, right]	[97.3446, 383.9913, 261.6713, 242.3453]
86   	36540.55    	0.027   	1.0000  	[10.8, 21.7, 16.2, 21.7]	[back, hover, back, right]	[94.3155, 338.8730, 249.9623, 322.4668]
87   	36109.24    	0.027   	1.0000  	[10.8, 21.7, 16.2, 21.7]	[back, hover, back, right]	[133.4058, 296.6253, 264.3539, 435.4554]
88   	35591.56    	0.027   	1.0000  	[10.8, 21.7, 16.2, 21.7]	[back, left, back, right]	[255.4394, 266.2992, 277.7607, 573.7812]
89   	34973.15    	0.026   	1.0000  	[10.8, 21.7, 16.2, 21.7]	[back, left, back, right]	[377.9948, 258.2436, 279.9073, 744.6581]
90   	34351.59    	0.025   	1.0000  	[10.8, 21.7, 16.2, 21.7]	[back, left, back, hover]	[511.7267, 273.5798, 315.8095, 648.0080]
91   	33650.20    	0.025   	1.0000  	[10.8, 21.7, 16.2, 21.7]	[back, left, back, hover]	[687.5144, 299.1956, 403.1764, 570.8784]
92   	32958.10    	0.024   	1.0000  	[10.8, 21.7, 16.2, 21.7]	[right, left, back, hover]	[426.9795, 360.9687, 450.3155, 498.3063]
93   	32276.56    	0.023   	1.0000  	[10.8, 21.7, 16.2, 21.7]	[left, front, back, hover]	[275.6292, 390.5425, 520.8370, 434.5553]
94   	31603.24    	0.023   	1.0000  	[10.8, 21.7, 16.2, 21.7]	[back, left, back, hover]	[163.4570, 388.4398, 607.2346, 379.1938]
95   	30987.00    	0.022   	1.0000  	[10.8, 21.7, 16.2, 21.7]	[right, hover, back, front]	[104.4075, 337.2110, 461.3837, 331.0091]
96   	30473.75    	0.022   	1.0000  	[10.8, 21.7, 16.2, 21.7]	[right, hover, hover, front]	[78.0300, 294.0640, 359.1771, 307.5526]
97   	30018.57    	0.021   	1.0000  	[10.8, 21.7, 16.2, 21.7]	[right, hover, left, hover]	[106.1887, 256.9910, 329.9961, 273.2030]
98   	29628.32    	0.021   	1.0000  	[10.8, 21.7, 16.2, 21.7]	[right, hover, down, back]	[176.3707, 226.7435, 357.3207, 242.7206]
99   	29260.09    	0.021   	1.0000  	[10.8, 21.7, 10.8, 21.7]	[front, back, back, back]	[257.9201, 202.6015, 264.2178, 242.6166]
[2025-12-18T15:00:14]
Strategy: greedy_ig
Pairwise: equal
News mode: IGd
Num agents: 4
Iteration: 3
Error margin: None
Gaussian radius 5 
Grid info: range: 0-50-50, cell_size:0.125, map shape: (400, 400), center:True
init UAV positions: [(0.0, -10.0, 5.4), (-5.0, 15.0, 5.4), (15.0, -5.0, 5.4), (20.0, 20.0, 5.4)]
mcts_params: {}
Step	Entropy	MSE	Coverage	Heights	Actions	IGs
------------------------------------------------------------------------------------------------------------------------
0    	160000.00   	0.250   	0.0000  	[5.4, 5.4, 5.4, 5.4]	[-, -, -, -]	[-, -, -, -]
1    	159153.40   	0.243   	0.0625  	[5.4, 5.4, 5.4, 5.4]	[up, up, up, up]	[3904.5582, 3904.5582, 3904.5582, 3162.6921]
2    	158314.48   	0.236   	0.2381  	[10.8, 10.8, 10.8, 10.8]	[up, up, up, up]	[4324.8896, 4382.9647, 4036.1114, 2315.8095]
3    	157509.90   	0.230   	0.4839  	[16.2, 16.2, 16.2, 16.2]	[up, up, front, back]	[3871.1370, 3869.5305, 3045.4613, 2420.4715]
4    	156728.79   	0.224   	0.6895  	[21.7, 21.7, 16.2, 16.2]	[left, back, front, left]	[3629.9219, 3549.5468, 2691.3562, 2425.9164]
5    	155911.54   	0.219   	0.7450  	[21.7, 21.7, 16.2, 16.2]	[left, left, left, left]	[3322.5382, 3241.0491, 2445.2828, 2438.5436]
6    	154965.29   	0.213   	0.8036  	[21.7, 21.7, 16.2, 16.2]	[left, left, up, left]	[3216.1142, 3085.2950, 2565.9793, 2250.7900]
7    	154034.91   	0.209   	0.8622  	[21.7, 21.7, 21.7, 16.2]	[left, back, back, left]	[3165.2457, 2651.7371, 2385.6677, 2356.0684]
8    	153059.02   	0.204   	0.8911  	[21.7, 21.7, 21.7, 16.2]	[back, back, back, left]	[2852.8873, 2534.4404, 2578.1757, 2491.4596]
9    	152033.12   	0.199   	0.9309  	[21.7, 21.7, 21.7, 16.2]	[hover, back, back, back]	[2217.1594, 2273.7613, 2660.6198, 2504.5833]
10   	150896.69   	0.194   	0.9458  	[21.7, 21.7, 21.7, 16.2]	[hover, back, back, up]	[1703.3256, 2023.8654, 2778.2842, 2592.5338]
11   	149838.35   	0.190   	0.9669  	[21.7, 21.7, 21.7, 21.7]	[hover, down, left, left]	[1269.4197, 1764.9618, 2578.0146, 2624.6593]
12   	148654.59   	0.186   	0.9669  	[21.7, 16.2, 21.7, 21.7]	[hover, back, left, left]	[1164.4012, 1506.1064, 2282.3807, 2762.5724]
13   	147497.53   	0.183   	0.9669  	[21.7, 16.2, 21.7, 21.7]	[hover, back, back, left]	[808.3356, 1285.4901, 1940.7058, 2953.4446]
14   	146359.45   	0.179   	0.9759  	[21.7, 16.2, 21.7, 21.7]	[back, left, left, left]	[578.1322, 1344.7672, 1825.5089, 3018.4459]
15   	145337.04   	0.176   	0.9767  	[21.7, 16.2, 21.7, 21.7]	[down, left, front, left]	[593.0717, 1303.4190, 1906.1995, 3082.9024]
16   	143975.53   	0.172   	0.9775  	[16.2, 16.2, 21.7, 21.7]	[left, back, left, back]	[595.0359, 1039.3095, 1969.7378, 3006.3287]
17   	142467.70   	0.169   	0.9775  	[16.2, 16.2, 21.7, 21.7]	[back, back, front, back]	[353.7167, 890.9691, 1766.2738, 2700.7774]
18   	141107.16   	0.166   	0.9775  	[16.2, 16.2, 21.7, 21.7]	[down, right, front, left]	[256.6266, 1108.8386, 1580.8394, 2292.5318]
19   	139412.10   	0.163   	0.9862  	[10.8, 16.2, 21.7, 21.7]	[left, back, left, back]	[267.5225, 1191.8526, 1768.4801, 2058.6655]
20   	138011.07   	0.160   	0.9862  	[10.8, 16.2, 21.7, 21.7]	[front, right, front, down]	[170.9604, 1149.8670, 1529.7009, 1639.4412]
21   	136315.57   	0.157   	0.9862  	[10.8, 16.2, 21.7, 16.2]	[front, right, front, back]	[212.9635, 1520.8766, 1693.2809, 1475.8904]
22   	134301.35   	0.154   	0.9862  	[10.8, 16.2, 21.7, 16.2]	[front, right, front, back]	[302.2520, 1981.0916, 1926.2842, 1389.8812]
23   	132098.02   	0.150   	0.9862  	[10.8, 16.2, 21.7, 16.2]	[front, right, front, back]	[322.2971, 2320.8316, 2395.4643, 1276.9463]
24   	129777.23   	0.147   	0.9862  	[10.8, 16.2, 21.7, 16.2]	[front, right, front, back]	[546.8147, 2557.9221, 2794.0823, 1644.5462]
25   	127354.96   	0.142   	0.9862  	[10.8, 16.2, 21.7, 16.2]	[front, right, front, back]	[1141.0208, 2766.9129, 2873.0561, 2438.2604]
26   	124910.84   	0.138   	0.9862  	[10.8, 16.2, 21.7, 16.2]	[front, right, left, back]	[1676.2171, 2818.9037, 2695.7162, 2875.9430]
27   	122368.07   	0.134   	0.9862  	[10.8, 16.2, 21.7, 16.2]	[front, right, left, right]	[1777.1412, 2818.1881, 2434.6277, 2672.2942]
28   	119866.05   	0.130   	0.9872  	[10.8, 16.2, 21.7, 16.2]	[front, right, left, right]	[1650.0559, 2808.6789, 2042.5435, 2651.5807]
29   	117237.32   	0.125   	0.9912  	[10.8, 16.2, 21.7, 16.2]	[front, front, back, right]	[1507.4063, 2725.4602, 1841.8290, 2667.0068]
30   	114582.68   	0.121   	0.9912  	[10.8, 16.2, 21.7, 16.2]	[front, front, back, right]	[1542.0209, 2658.9448, 1677.8664, 2549.0392]
31   	111984.98   	0.118   	0.9912  	[10.8, 16.2, 21.7, 16.2]	[front, front, back, right]	[1751.1477, 2504.9984, 1739.4914, 2435.2884]
32   	109262.52   	0.114   	0.9912  	[10.8, 16.2, 21.7, 16.2]	[right, front, back, right]	[1740.9359, 2464.6834, 1733.3914, 2474.5711]
33   	106531.06   	0.110   	0.9912  	[10.8, 16.2, 21.7, 16.2]	[up, front, back, right]	[1847.3174, 2536.2685, 1703.8184, 2592.3224]
34   	103739.74   	0.106   	0.9912  	[16.2, 16.2, 21.7, 16.2]	[right, front, back, right]	[2069.9762, 2700.5861, 1871.4656, 2785.2585]
35   	100923.45   	0.102   	0.9912  	[16.2, 16.2, 21.7, 16.2]	[right, front, back, right]	[2283.0582, 2783.6780, 2035.8657, 2909.6712]
36   	98049.11    	0.098   	0.9912  	[16.2, 16.2, 21.7, 16.2]	[right, front, back, front]	[2402.2424, 2774.6039, 2181.8295, 2717.0816]
37   	95295.51    	0.093   	0.9912  	[16.2, 16.2, 21.7, 16.2]	[back, front, back, up]	[2483.6739, 2773.1464, 2007.6620, 2709.5016]
38   	92575.09    	0.090   	0.9975  	[16.2, 16.2, 21.7, 21.7]	[right, front, down, front]	[2587.9114, 2624.8626, 1870.2907, 2532.3318]
39   	90058.43    	0.086   	0.9983  	[16.2, 16.2, 16.2, 21.7]	[back, right, left, front]	[2488.5226, 2344.3646, 1660.1589, 2275.8436]
40   	87920.32    	0.083   	0.9991  	[16.2, 16.2, 16.2, 21.7]	[right, front, back, hover]	[2394.9539, 1680.1003, 1430.1843, 1962.4403]
41   	86095.63    	0.080   	0.9991  	[16.2, 16.2, 16.2, 21.7]	[right, hover, hover, hover]	[2229.0178, 1190.0643, 1100.4799, 1653.2074]
42   	84415.88    	0.078   	0.9991  	[16.2, 16.2, 16.2, 21.7]	[up, back, hover, down]	[2049.8055, 872.7731, 855.3678, 1354.7270]
43   	82793.96    	0.076   	0.9991  	[21.7, 16.2, 16.2, 16.2]	[right, front, right, front]	[1907.6407, 630.6393, 695.0574, 1197.1797]
44   	81191.63    	0.074   	0.9991  	[21.7, 16.2, 16.2, 16.2]	[right, left, right, right]	[1704.3254, 470.0903, 598.3506, 1024.8393]
45   	79668.63    	0.072   	0.9991  	[21.7, 16.2, 16.2, 16.2]	[back, left, right, hover]	[1475.9104, 603.5146, 563.4158, 734.6762]
46   	78163.80    	0.070   	0.9991  	[21.7, 16.2, 16.2, 16.2]	[right, left, right, back]	[1429.0666, 577.1232, 561.9881, 552.2727]
47   	76717.38    	0.068   	0.9991  	[21.7, 16.2, 16.2, 16.2]	[back, left, right, back]	[1593.2708, 646.5178, 569.6445, 458.1281]
48   	75271.35    	0.066   	0.9991  	[21.7, 16.2, 16.2, 16.2]	[back, left, right, back]	[1692.8228, 694.2901, 544.7522, 462.6026]
49   	73757.22    	0.065   	0.9991  	[21.7, 16.2, 16.2, 16.2]	[back, left, right, back]	[1678.8928, 725.8833, 499.6851, 508.7043]
50   	72402.92    	0.063   	0.9991  	[21.7, 16.2, 16.2, 16.2]	[down, left, right, back]	[1616.5417, 758.6475, 488.5944, 516.1416]
51   	71259.11    	0.062   	1.0000  	[16.2, 16.2, 16.2, 16.2]	[right, left, back, right]	[1663.9737, 830.8510, 365.7208, 425.3476]
52   	69972.16    	0.060   	1.0000  	[16.2, 16.2, 16.2, 16.2]	[back, left, right, down]	[1559.2309, 1009.8577, 450.3957, 281.6211]
53   	68471.41    	0.058   	1.0000  	[16.2, 16.2, 16.2, 10.8]	[back, left, right, back]	[1586.3921, 1213.1006, 421.1079, 241.4072]
54   	66980.06    	0.057   	1.0000  	[16.2, 16.2, 16.2, 10.8]	[back, left, front, back]	[1337.7398, 1208.6147, 318.8217, 182.4678]
55   	65777.15    	0.055   	1.0000  	[16.2, 16.2, 16.2, 10.8]	[left, back, right, left]	[946.3076, 1116.2526, 388.0707, 150.4672]
56   	64571.57    	0.054   	1.0000  	[16.2, 16.2, 16.2, 10.8]	[up, back, down, left]	[1026.2113, 926.4498, 280.7162, 160.9992]
57   	63342.59    	0.052   	1.0000  	[21.7, 16.2, 10.8, 10.8]	[back, back, right, left]	[1253.1881, 740.9566, 320.9276, 244.8929]
58   	62298.12    	0.051   	1.0000  	[21.7, 16.2, 10.8, 10.8]	[hover, back, back, left]	[1132.1871, 641.8979, 263.0396, 294.0160]
59   	61402.20    	0.050   	1.0000  	[21.7, 16.2, 10.8, 10.8]	[hover, back, hover, left]	[1008.8093, 535.6923, 189.2389, 328.4798]
60   	60591.68    	0.050   	1.0000  	[21.7, 16.2, 10.8, 10.8]	[hover, back, front, left]	[894.1787, 460.3289, 129.2720, 372.3231]
61   	59815.76    	0.049   	1.0000  	[21.7, 16.2, 10.8, 10.8]	[hover, right, front, left]	[783.5377, 401.3702, 151.2253, 391.3388]
62   	59029.52    	0.048   	1.0000  	[21.7, 16.2, 10.8, 10.8]	[hover, up, front, left]	[700.2573, 435.9355, 205.0119, 421.3380]
63   	58263.78    	0.048   	1.0000  	[21.7, 21.7, 10.8, 10.8]	[hover, right, front, left]	[624.4402, 507.3847, 230.9831, 469.2599]
64   	57379.90    	0.047   	1.0000  	[21.7, 21.7, 10.8, 10.8]	[left, right, front, left]	[547.0867, 715.3888, 279.5862, 535.0185]
65   	56476.20    	0.046   	1.0000  	[21.7, 21.7, 10.8, 10.8]	[right, back, front, left]	[491.6216, 690.9671, 325.4095, 631.9419]
66   	55596.15    	0.045   	1.0000  	[21.7, 21.7, 10.8, 10.8]	[back, right, front, left]	[453.7019, 636.0302, 452.8487, 762.4696]
67   	54682.09    	0.044   	1.0000  	[21.7, 21.7, 10.8, 10.8]	[down, down, front, front]	[496.2490, 649.4695, 634.8677, 758.0002]
68   	53643.65    	0.043   	1.0000  	[16.2, 16.2, 10.8, 10.8]	[right, right, front, up]	[474.5698, 601.9430, 1028.5628, 769.5993]
69   	52502.60    	0.042   	1.0000  	[16.2, 16.2, 10.8, 16.2]	[hover, right, front, front]	[368.3947, 581.6993, 1361.2058, 761.2922]
70   	51312.42    	0.041   	1.0000  	[16.2, 16.2, 10.8, 16.2]	[hover, right, up, front]	[285.6502, 554.5138, 1544.8384, 680.4786]
71   	50201.30    	0.040   	1.0000  	[16.2, 16.2, 16.2, 16.2]	[hover, front, front, front]	[219.1785, 514.2490, 1726.8793, 595.1568]
72   	48970.58    	0.038   	1.0000  	[16.2, 16.2, 16.2, 16.2]	[left, right, left, front]	[190.7702, 498.5087, 1869.1913, 562.4934]
73   	47829.90    	0.037   	1.0000  	[16.2, 16.2, 16.2, 16.2]	[left, right, front, front]	[196.9534, 456.5435, 1862.8163, 523.9037]
74   	46708.40    	0.036   	1.0000  	[16.2, 16.2, 16.2, 16.2]	[left, right, left, front]	[233.5769, 473.4774, 1758.4331, 528.1057]
75   	45450.82    	0.035   	1.0000  	[16.2, 16.2, 16.2, 16.2]	[left, right, left, front]	[266.6176, 846.4720, 1539.7659, 556.5547]
76   	44218.31    	0.034   	1.0000  	[16.2, 16.2, 16.2, 16.2]	[left, back, left, front]	[273.7053, 780.4925, 1416.0772, 626.4128]
77   	43034.28    	0.033   	1.0000  	[16.2, 16.2, 16.2, 16.2]	[left, back, left, front]	[278.7278, 764.4906, 1211.4294, 755.0457]
78   	41852.01    	0.032   	1.0000  	[16.2, 16.2, 16.2, 16.2]	[front, back, left, front]	[241.0784, 794.5821, 1057.3137, 889.5155]
79   	40598.57    	0.031   	1.0000  	[16.2, 16.2, 16.2, 16.2]	[front, back, left, front]	[255.4975, 903.1419, 890.0405, 1062.5164]
80   	39271.60    	0.029   	1.0000  	[16.2, 16.2, 16.2, 16.2]	[front, back, left, front]	[427.3692, 983.4957, 713.9368, 939.8678]
81   	38162.85    	0.028   	1.0000  	[16.2, 16.2, 16.2, 16.2]	[front, hover, right, hover]	[620.2262, 754.6236, 555.7457, 804.8662]
82   	37183.75    	0.028   	1.0000  	[16.2, 16.2, 16.2, 16.2]	[front, hover, right, right]	[631.5891, 582.0608, 472.5319, 716.8475]
83   	36408.81    	0.027   	1.0000  	[16.2, 16.2, 16.2, 16.2]	[left, hover, right, hover]	[532.6586, 450.2720, 413.4260, 587.0886]
84   	35729.89    	0.026   	1.0000  	[16.2, 16.2, 16.2, 16.2]	[left, hover, right, right]	[471.8951, 350.6665, 394.2730, 487.2125]
85   	35123.09    	0.026   	1.0000  	[16.2, 16.2, 16.2, 16.2]	[left, left, right, right]	[400.7454, 292.2912, 407.6274, 454.8168]
86   	34560.34    	0.025   	1.0000  	[16.2, 16.2, 16.2, 16.2]	[left, left, right, right]	[362.0308, 296.1287, 477.9543, 455.5648]
87   	34013.71    	0.025   	1.0000  	[16.2, 16.2, 16.2, 16.2]	[front, left, right, right]	[342.9613, 316.2822, 407.6138, 440.6435]
88   	33500.00    	0.025   	1.0000  	[16.2, 16.2, 16.2, 16.2]	[front, left, hover, right]	[316.4087, 334.8696, 325.2112, 416.3515]
89   	32957.45    	0.024   	1.0000  	[16.2, 16.2, 16.2, 16.2]	[front, left, back, back]	[329.4683, 335.9496, 249.0229, 422.6688]
90   	32437.30    	0.024   	1.0000  	[16.2, 16.2, 16.2, 16.2]	[front, left, front, back]	[345.8588, 333.9234, 202.0244, 440.3283]
91   	31805.69    	0.023   	1.0000  	[16.2, 16.2, 16.2, 16.2]	[front, left, back, back]	[416.8908, 352.2123, 165.7168, 613.9508]
92   	31091.65    	0.022   	1.0000  	[16.2, 16.2, 16.2, 16.2]	[front, left, back, back]	[383.7005, 386.5475, 160.6602, 778.6268]
93   	30427.27    	0.022   	1.0000  	[16.2, 16.2, 16.2, 16.2]	[hover, left, left, back]	[304.7909, 439.9176, 148.0667, 636.1747]
94   	29769.55    	0.021   	1.0000  	[16.2, 16.2, 16.2, 16.2]	[right, left, up, down]	[258.5721, 567.0596, 150.4461, 589.5370]
95   	29154.06    	0.021   	1.0000  	[16.2, 16.2, 21.7, 10.8]	[right, left, left, back]	[269.0284, 607.7048, 168.6531, 427.5618]
96   	28611.53    	0.020   	1.0000  	[16.2, 16.2, 21.7, 10.8]	[right, hover, front, back]	[285.9200, 468.5239, 156.2712, 395.2019]
97   	28069.50    	0.020   	1.0000  	[16.2, 16.2, 21.7, 10.8]	[right, hover, left, back]	[348.5672, 372.2175, 133.5361, 339.6818]
98   	27489.10    	0.020   	1.0000  	[16.2, 16.2, 21.7, 10.8]	[right, hover, back, up]	[377.0034, 290.4161, 117.2726, 339.6006]
99   	26865.80    	0.019   	1.0000  	[16.2, 16.2, 21.7, 16.2]	[right, hover, left, hover]	[467.7185, 230.6066, 99.9895, 271.1426]
[2025-12-18T15:00:23]
Strategy: greedy_ig
Pairwise: equal
News mode: IGd
Num agents: 4
Iteration: 4
Error margin: None
Gaussian radius 5 
Grid info: range: 0-50-50, cell_size:0.125, map shape: (400, 400), center:True
init UAV positions: [(-10.0, 0.0, 5.4), (-20.0, 0.0, 5.4), (15.0, -20.0, 5.4), (5.0, 15.0, 5.4)]
mcts_params: {}
Step	Entropy	MSE	Coverage	Heights	Actions	IGs
------------------------------------------------------------------------------------------------------------------------
0    	160000.00   	0.250   	0.0000  	[5.4, 5.4, 5.4, 5.4]	[-, -, -, -]	[-, -, -, -]
1    	159107.39   	0.243   	0.0625  	[5.4, 5.4, 5.4, 5.4]	[up, up, up, up]	[3904.5582, 3100.6786, 3514.1024, 3904.5582]
2    	158160.78   	0.236   	0.2250  	[10.8, 10.8, 10.8, 10.8]	[up, up, up, up]	[3649.6588, 2053.8674, 3204.0331, 4293.5165]
3    	157133.04   	0.230   	0.4256  	[16.2, 16.2, 16.2, 16.2]	[up, right, front, up]	[2838.2556, 1890.0866, 3249.4325, 3532.3119]
4    	156217.57   	0.224   	0.5850  	[21.7, 16.2, 16.2, 21.7]	[right, back, front, back]	[2336.4373, 1941.9262, 3099.0817, 3238.4774]
5    	155369.08   	0.219   	0.6452  	[21.7, 16.2, 16.2, 21.7]	[right, back, front, right]	[2185.8243, 2216.5881, 2843.0244, 2913.7217]
6    	154499.96   	0.213   	0.7225  	[21.7, 16.2, 16.2, 21.7]	[right, back, front, right]	[2279.3673, 2415.0812, 2493.6117, 2635.4760]
7    	153622.05   	0.209   	0.7802  	[21.7, 16.2, 16.2, 21.7]	[back, back, front, right]	[2242.6798, 2427.1333, 2220.2390, 2233.3714]
8    	152736.16   	0.204   	0.8303  	[21.7, 16.2, 16.2, 21.7]	[back, back, front, down]	[2300.9206, 2460.2954, 2004.3797, 1889.3633]
9    	151816.30   	0.200   	0.8686  	[21.7, 16.2, 16.2, 16.2]	[back, right, left, front]	[2543.7788, 2266.2393, 1962.0400, 1732.4650]
10   	150795.64   	0.196   	0.8889  	[21.7, 16.2, 16.2, 16.2]	[back, right, up, right]	[2250.1145, 1871.0184, 2213.6541, 1403.1795]
11   	149684.43   	0.191   	0.9014  	[21.7, 16.2, 21.7, 16.2]	[right, right, front, front]	[1967.7411, 1853.7880, 2066.6115, 1034.6074]
12   	148466.19   	0.187   	0.9033  	[21.7, 16.2, 21.7, 16.2]	[right, right, front, back]	[2001.4822, 1877.4950, 2173.6625, 735.7664]
13   	147100.08   	0.183   	0.9033  	[21.7, 16.2, 21.7, 16.2]	[right, right, left, back]	[2109.4637, 1950.1975, 1965.8377, 715.6201]
14   	145552.29   	0.179   	0.9033  	[21.7, 16.2, 21.7, 16.2]	[right, right, left, back]	[2138.4937, 2002.6295, 2102.2435, 855.9725]
15   	143887.53   	0.175   	0.9033  	[21.7, 16.2, 21.7, 16.2]	[right, front, left, back]	[1791.3121, 1935.5605, 2175.4772, 1269.8239]
16   	142037.23   	0.171   	0.9144  	[21.7, 16.2, 21.7, 16.2]	[down, front, left, back]	[1855.5672, 1865.4486, 2345.3605, 1580.2906]
17   	140024.90   	0.166   	0.9206  	[16.2, 16.2, 21.7, 16.2]	[back, front, left, back]	[1696.3169, 1743.3532, 2496.7955, 1857.7805]
18   	137891.56   	0.162   	0.9269  	[16.2, 16.2, 21.7, 16.2]	[right, front, left, back]	[1286.1121, 1721.3443, 2575.9070, 1721.1505]
19   	135717.13   	0.158   	0.9331  	[16.2, 16.2, 21.7, 16.2]	[left, front, left, back]	[900.5522, 1789.9216, 2674.4555, 1637.2066]
20   	133563.44   	0.154   	0.9394  	[16.2, 16.2, 21.7, 16.2]	[left, front, left, back]	[682.9028, 2127.0010, 2764.1867, 1667.4677]
21   	131226.58   	0.150   	0.9475  	[16.2, 16.2, 21.7, 16.2]	[left, front, back, left]	[641.6804, 2433.8293, 2688.3120, 1801.5006]
22   	129022.15   	0.146   	0.9475  	[16.2, 16.2, 21.7, 16.2]	[left, front, back, back]	[650.6785, 2579.1789, 2733.1840, 1916.2208]
23   	126904.58   	0.142   	0.9475  	[16.2, 16.2, 21.7, 16.2]	[left, up, back, back]	[725.2227, 2811.3265, 2551.8995, 2013.3764]
24   	124854.85   	0.138   	0.9530  	[16.2, 21.7, 21.7, 16.2]	[left, front, back, left]	[861.3712, 3016.4350, 2489.0104, 1975.8296]
25   	122754.03   	0.134   	0.9569  	[16.2, 21.7, 21.7, 16.2]	[left, right, back, left]	[891.4147, 2931.1805, 2220.9076, 1956.3092]
26   	120571.00   	0.130   	0.9569  	[16.2, 21.7, 21.7, 16.2]	[left, right, down, left]	[945.0659, 2998.7444, 1628.9275, 1996.6326]
27   	118397.22   	0.126   	0.9569  	[16.2, 21.7, 16.2, 16.2]	[left, right, left, left]	[1008.0157, 3063.7101, 1269.9237, 2055.0894]
28   	116365.14   	0.123   	0.9569  	[16.2, 21.7, 16.2, 16.2]	[left, right, front, front]	[1129.2733, 2674.6030, 899.4809, 2148.1871]
29   	114180.50   	0.120   	0.9569  	[16.2, 21.7, 16.2, 16.2]	[left, back, front, left]	[1419.3001, 2338.8397, 782.5639, 2241.8405]
30   	112092.87   	0.117   	0.9569  	[16.2, 21.7, 16.2, 16.2]	[left, back, front, front]	[1281.7846, 2133.8149, 827.0033, 2264.0819]
31   	109930.40   	0.114   	0.9569  	[16.2, 21.7, 16.2, 16.2]	[down, back, front, left]	[1254.6824, 1944.5839, 950.8305, 2347.0587]
32   	107869.18   	0.111   	0.9569  	[10.8, 21.7, 16.2, 16.2]	[back, back, front, left]	[957.6339, 1948.6308, 1086.3498, 2390.8278]
33   	105746.78   	0.108   	0.9569  	[10.8, 21.7, 16.2, 16.2]	[hover, back, front, left]	[595.1069, 2049.3708, 1316.3831, 2430.2667]
34   	103479.48   	0.105   	0.9569  	[10.8, 21.7, 16.2, 16.2]	[front, back, front, up]	[390.8622, 2101.7992, 1873.6570, 2426.9227]
35   	101328.71   	0.102   	0.9748  	[10.8, 21.7, 16.2, 21.7]	[front, back, front, front]	[409.5156, 2194.4534, 2209.4446, 2180.3604]
36   	99089.24    	0.099   	0.9928  	[10.8, 21.7, 16.2, 21.7]	[front, back, front, front]	[706.4979, 2315.2362, 1917.9639, 2141.6012]
37   	96874.37    	0.096   	1.0000  	[10.8, 21.7, 16.2, 21.7]	[front, down, right, front]	[881.6360, 2041.6076, 1684.2176, 1983.0068]
38   	94709.51    	0.093   	1.0000  	[10.8, 16.2, 16.2, 21.7]	[front, back, right, front]	[981.5085, 2051.9301, 1436.6805, 1828.5087]
39   	92726.89    	0.091   	1.0000  	[10.8, 16.2, 16.2, 21.7]	[front, right, right, left]	[1031.3228, 1636.1074, 1277.0425, 1683.7667]
40   	90949.32    	0.088   	1.0000  	[10.8, 16.2, 16.2, 21.7]	[front, hover, right, front]	[978.2574, 1245.9312, 1367.9733, 1681.9438]
41   	89313.57    	0.085   	1.0000  	[10.8, 16.2, 16.2, 21.7]	[front, left, right, front]	[1081.4226, 980.6247, 1391.1185, 1740.6904]
42   	87756.78    	0.083   	1.0000  	[10.8, 16.2, 16.2, 21.7]	[front, right, right, front]	[1290.2483, 787.1421, 1497.5935, 1863.6649]
43   	86289.83    	0.080   	1.0000  	[10.8, 16.2, 16.2, 21.7]	[front, left, right, hover]	[1390.8200, 642.3962, 1636.5591, 1694.2060]
44   	84940.32    	0.078   	1.0000  	[10.8, 16.2, 16.2, 21.7]	[front, left, right, right]	[1434.1151, 559.3625, 1792.6659, 1543.2890]
45   	83669.42    	0.075   	1.0000  	[10.8, 16.2, 16.2, 21.7]	[front, left, right, right]	[1607.1611, 542.7121, 1900.9952, 1418.1352]
46   	82389.07    	0.073   	1.0000  	[10.8, 16.2, 16.2, 21.7]	[right, left, right, hover]	[1560.1907, 497.1298, 2015.6407, 1204.5218]
47   	81155.36    	0.071   	1.0000  	[10.8, 16.2, 16.2, 21.7]	[right, left, back, left]	[1450.7222, 448.2517, 1597.1371, 1035.0148]
48   	79869.93    	0.069   	1.0000  	[10.8, 16.2, 16.2, 21.7]	[right, left, right, left]	[1503.8780, 434.6425, 1327.5345, 961.0450]
49   	78655.29    	0.068   	1.0000  	[10.8, 16.2, 16.2, 21.7]	[right, left, front, down]	[1579.8780, 439.9058, 1010.9236, 847.7673]
50   	77433.00    	0.066   	1.0000  	[10.8, 16.2, 16.2, 16.2]	[right, left, back, left]	[1844.2579, 488.9738, 819.0905, 880.3273]
51   	76170.96    	0.064   	1.0000  	[10.8, 16.2, 16.2, 16.2]	[right, left, back, front]	[2073.1464, 552.5248, 709.0497, 959.5739]
52   	74884.77    	0.063   	1.0000  	[10.8, 16.2, 16.2, 16.2]	[right, left, back, front]	[2068.3860, 676.5958, 617.2887, 849.9008]
53   	73614.37    	0.061   	1.0000  	[10.8, 16.2, 16.2, 16.2]	[right, left, back, right]	[1990.0032, 720.9515, 551.8860, 677.1123]
54   	72388.84    	0.060   	1.0000  	[10.8, 16.2, 16.2, 16.2]	[right, hover, back, right]	[1995.8750, 553.3712, 501.5009, 550.6631]
55   	71050.32    	0.059   	1.0000  	[10.8, 16.2, 16.2, 16.2]	[up, front, back, right]	[2105.1219, 449.4948, 485.9343, 474.2028]
56   	69690.14    	0.057   	1.0000  	[16.2, 16.2, 16.2, 16.2]	[right, front, back, right]	[2245.9431, 443.7733, 485.8433, 468.3650]
57   	68271.34    	0.056   	1.0000  	[16.2, 16.2, 16.2, 16.2]	[right, front, back, right]	[2325.8307, 499.2090, 500.1060, 463.9471]
58   	66677.71    	0.054   	1.0000  	[16.2, 16.2, 16.2, 16.2]	[back, front, back, back]	[2359.7481, 633.1812, 541.1685, 420.6873]
59   	64915.97    	0.053   	1.0000  	[16.2, 16.2, 16.2, 16.2]	[back, front, back, back]	[2266.2779, 903.7272, 637.4998, 393.5676]
60   	62807.77    	0.051   	1.0000  	[16.2, 16.2, 16.2, 16.2]	[back, front, back, back]	[2221.0049, 1440.5497, 649.5048, 435.2497]
61   	60599.49    	0.049   	1.0000  	[16.2, 16.2, 16.2, 16.2]	[back, front, left, back]	[1885.5682, 1745.5895, 686.8603, 506.0206]
62   	58121.20    	0.047   	1.0000  	[16.2, 16.2, 16.2, 16.2]	[back, front, left, back]	[1606.9301, 2013.8892, 1204.4020, 519.4388]
63   	55562.16    	0.044   	1.0000  	[16.2, 16.2, 16.2, 16.2]	[right, front, left, back]	[1380.3271, 2270.3393, 1613.0516, 492.5999]
64   	53145.92    	0.042   	1.0000  	[16.2, 16.2, 16.2, 16.2]	[hover, front, left, back]	[1071.3650, 2495.0274, 1625.6545, 413.6466]
65   	51077.29    	0.040   	1.0000  	[16.2, 16.2, 16.2, 16.2]	[back, right, left, left]	[850.4010, 2045.6497, 1456.0571, 357.1507]
66   	49235.38    	0.039   	1.0000  	[16.2, 16.2, 16.2, 16.2]	[left, right, left, up]	[720.3512, 1620.3219, 1404.3792, 347.5881]
67   	47600.60    	0.037   	1.0000  	[16.2, 16.2, 16.2, 21.7]	[left, right, left, left]	[609.9406, 1262.9998, 1226.1123, 376.3426]
68   	46097.51    	0.036   	1.0000  	[16.2, 16.2, 16.2, 21.7]	[up, right, left, left]	[599.2384, 976.8895, 1104.6942, 459.3949]
69   	44673.90    	0.034   	1.0000  	[21.7, 16.2, 16.2, 21.7]	[front, right, left, left]	[582.4009, 797.3955, 1034.3638, 611.1963]
70   	43292.96    	0.033   	1.0000  	[21.7, 16.2, 16.2, 21.7]	[front, right, left, back]	[562.4222, 657.6897, 970.4959, 615.1968]
71   	41861.85    	0.032   	1.0000  	[21.7, 16.2, 16.2, 21.7]	[front, right, left, back]	[495.4880, 544.7938, 810.3569, 694.4309]
72   	40357.71    	0.030   	1.0000  	[21.7, 16.2, 16.2, 21.7]	[front, right, back, back]	[412.1701, 403.0192, 557.4999, 821.6462]
73   	38997.85    	0.029   	1.0000  	[21.7, 16.2, 16.2, 21.7]	[right, right, down, hover]	[343.1977, 399.0951, 474.4343, 955.5427]
74   	37738.62    	0.028   	1.0000  	[21.7, 16.2, 10.8, 21.7]	[back, right, left, hover]	[243.0471, 606.9118, 450.7325, 830.9787]
75   	36657.42    	0.027   	1.0000  	[21.7, 16.2, 10.8, 21.7]	[left, right, hover, hover]	[234.2115, 659.4200, 289.6465, 716.7743]
76   	35713.91    	0.026   	1.0000  	[21.7, 16.2, 10.8, 21.7]	[left, right, front, hover]	[339.9666, 600.0373, 198.5667, 595.4990]
77   	34929.47    	0.026   	1.0000  	[21.7, 16.2, 10.8, 21.7]	[left, down, back, hover]	[452.3328, 536.5058, 145.0097, 525.8760]
78   	34188.63    	0.025   	1.0000  	[21.7, 10.8, 10.8, 21.7]	[left, front, right, hover]	[577.5990, 495.1429, 112.6401, 448.7912]
79   	33500.62    	0.024   	1.0000  	[21.7, 10.8, 10.8, 21.7]	[left, hover, right, hover]	[637.7040, 327.7114, 123.1202, 387.6207]
80   	32899.71    	0.024   	1.0000  	[21.7, 10.8, 10.8, 21.7]	[front, left, right, right]	[613.2234, 234.3756, 157.8002, 349.9520]
81   	32320.13    	0.023   	1.0000  	[21.7, 10.8, 10.8, 21.7]	[left, up, right, left]	[575.6141, 219.8301, 205.1229, 317.8756]
82   	31721.60    	0.023   	1.0000  	[21.7, 16.2, 10.8, 21.7]	[left, back, right, left]	[576.0881, 243.8342, 275.4324, 301.0230]
83   	31071.25    	0.022   	1.0000  	[21.7, 16.2, 10.8, 21.7]	[left, back, right, down]	[601.3757, 311.9797, 346.3634, 312.1634]
84   	30405.10    	0.022   	1.0000  	[21.7, 16.2, 10.8, 16.2]	[left, back, front, back]	[627.4765, 366.3896, 317.1245, 343.2435]
85   	29761.53    	0.021   	1.0000  	[21.7, 16.2, 10.8, 16.2]	[hover, back, up, hover]	[546.5729, 464.3751, 269.3786, 254.2159]
86   	29160.82    	0.021   	1.0000  	[21.7, 16.2, 16.2, 16.2]	[hover, back, front, hover]	[477.6763, 526.0220, 295.5198, 200.9171]
87   	28636.13    	0.020   	1.0000  	[21.7, 16.2, 16.2, 16.2]	[hover, back, front, hover]	[416.1708, 440.4610, 327.3043, 164.5964]
88   	28108.41    	0.020   	1.0000  	[21.7, 16.2, 16.2, 16.2]	[hover, down, front, hover]	[365.9539, 413.6186, 362.4753, 135.6395]
89   	27676.27    	0.020   	1.0000  	[21.7, 10.8, 16.2, 16.2]	[hover, hover, front, right]	[316.0550, 273.3101, 392.8053, 119.4712]
90   	27247.97    	0.019   	1.0000  	[21.7, 10.8, 16.2, 16.2]	[back, up, front, right]	[270.5698, 209.7821, 394.5996, 105.5564]
91   	26799.89    	0.019   	1.0000  	[21.7, 16.2, 16.2, 16.2]	[back, back, front, right]	[265.1161, 203.6179, 307.4386, 174.5061]
92   	26363.52    	0.019   	1.0000  	[21.7, 16.2, 16.2, 16.2]	[hover, back, down, right]	[221.6594, 205.3384, 303.7252, 241.0043]
93   	25972.35    	0.018   	1.0000  	[21.7, 16.2, 10.8, 16.2]	[back, back, right, right]	[218.2918, 212.3535, 208.8088, 261.0308]
94   	25580.37    	0.018   	1.0000  	[21.7, 16.2, 10.8, 16.2]	[down, back, up, right]	[217.9445, 226.4127, 181.3519, 278.0996]
95   	25211.48    	0.018   	1.0000  	[16.2, 16.2, 16.2, 16.2]	[left, back, front, right]	[189.2800, 230.6928, 188.8045, 291.1121]
96   	24809.08    	0.018   	1.0000  	[16.2, 16.2, 16.2, 16.2]	[back, right, front, right]	[162.9774, 172.8300, 195.3353, 364.3287]
97   	24317.42    	0.017   	1.0000  	[16.2, 16.2, 16.2, 16.2]	[back, right, front, right]	[158.2951, 119.0468, 290.0728, 428.8053]
98   	23771.28    	0.017   	1.0000  	[16.2, 16.2, 16.2, 16.2]	[back, hover, front, right]	[165.4858, 81.0930, 359.4019, 395.8576]
99   	23212.18    	0.016   	1.0000  	[16.2, 16.2, 16.2, 16.2]	[back, down, front, right]	[182.0221, 51.6665, 341.8273, 543.5163]
[2025-12-18T15:00:33]
Strategy: greedy_ig
Pairwise: equal
News mode: IGd
Num agents: 4
Iteration: 5
Error margin: None
Gaussian radius 5 
Grid info: range: 0-50-50, cell_size:0.125, map shape: (400, 400), center:True
init UAV positions: [(-25.0, -5.0, 5.4), (-10.0, 20.0, 5.4), (10.0, -15.0, 5.4), (0.0, 0.0, 5.4)]
mcts_params: {}
Step	Entropy	MSE	Coverage	Heights	Actions	IGs
------------------------------------------------------------------------------------------------------------------------
0    	160000.00   	0.250   	0.0000  	[5.4, 5.4, 5.4, 5.4]	[-, -, -, -]	[-, -, -, -]
1    	159244.50   	0.243   	0.0547  	[5.4, 5.4, 5.4, 5.4]	[up, up, up, up]	[1952.2791, 3514.1024, 3904.5582, 3904.5582]
2    	158489.87   	0.237   	0.2125  	[10.8, 10.8, 10.8, 10.8]	[up, up, up, up]	[2191.4824, 3204.0331, 4352.4096, 4168.4140]
3    	157641.43   	0.231   	0.4462  	[16.2, 16.2, 16.2, 16.2]	[right, back, up, up]	[2511.8883, 3177.0068, 3503.6526, 3582.7691]
4    	156740.67   	0.225   	0.6162  	[16.2, 16.2, 21.7, 21.7]	[right, up, front, right]	[2598.6563, 2823.1742, 3126.9954, 2677.1261]
5    	155769.28   	0.219   	0.6959  	[16.2, 21.7, 21.7, 21.7]	[right, back, right, right]	[2805.9644, 2812.3061, 2681.6532, 2478.5939]
6    	154790.41   	0.214   	0.7381  	[16.2, 21.7, 21.7, 21.7]	[back, back, front, front]	[2741.7795, 2855.7776, 2151.3665, 2149.8764]
7    	153867.33   	0.209   	0.7897  	[16.2, 21.7, 21.7, 21.7]	[back, left, front, front]	[2688.5402, 2750.8450, 2147.5686, 2158.7055]
8    	152859.07   	0.204   	0.8600  	[16.2, 21.7, 21.7, 21.7]	[back, back, front, front]	[2714.2268, 2662.3007, 2156.8998, 2122.7491]
9    	151752.31   	0.199   	0.9116  	[16.2, 21.7, 21.7, 21.7]	[right, back, front, front]	[2638.4241, 2599.3340, 2184.0095, 2221.2380]
10   	150501.62   	0.194   	0.9537  	[16.2, 21.7, 21.7, 21.7]	[right, back, front, left]	[2480.9067, 2553.0687, 2221.9993, 1922.3062]
11   	149103.14   	0.189   	0.9644  	[16.2, 21.7, 21.7, 21.7]	[right, back, front, left]	[2374.6421, 2449.8323, 2263.1545, 1895.2683]
12   	147586.47   	0.184   	0.9722  	[16.2, 21.7, 21.7, 21.7]	[right, back, front, left]	[2374.1263, 2449.1514, 2389.8281, 2066.1597]
13   	146003.68   	0.179   	0.9800  	[16.2, 21.7, 21.7, 21.7]	[right, back, front, left]	[2453.6370, 2581.9576, 2512.3883, 2371.6253]
14   	144443.34   	0.174   	0.9862  	[16.2, 21.7, 21.7, 21.7]	[right, back, down, left]	[2597.0969, 2849.6582, 2487.6030, 2946.4156]
15   	142857.14   	0.169   	0.9862  	[16.2, 21.7, 16.2, 21.7]	[right, right, front, left]	[2758.8828, 2755.6179, 2354.8203, 3052.2649]
16   	141189.49   	0.165   	0.9881  	[16.2, 21.7, 16.2, 21.7]	[right, right, left, back]	[2765.8673, 2711.5011, 1970.0702, 2587.7911]
17   	139330.25   	0.160   	0.9881  	[16.2, 21.7, 16.2, 21.7]	[right, right, left, back]	[2766.2171, 2587.1938, 2089.0493, 2244.5609]
18   	137276.28   	0.156   	0.9881  	[16.2, 21.7, 16.2, 21.7]	[right, right, left, back]	[2765.4588, 2536.6975, 2150.9453, 2080.6964]
19   	134973.41   	0.151   	0.9881  	[16.2, 21.7, 16.2, 21.7]	[front, right, left, back]	[2396.0866, 2313.2756, 2262.4146, 2098.7527]
20   	132519.49   	0.147   	0.9881  	[16.2, 21.7, 16.2, 21.7]	[front, right, left, back]	[2128.3610, 2109.9698, 2409.3459, 2355.3388]
21   	129906.50   	0.142   	0.9881  	[16.2, 21.7, 16.2, 21.7]	[front, right, left, back]	[2064.6352, 2160.3475, 2632.7351, 2693.7355]
22   	127259.19   	0.137   	0.9881  	[16.2, 21.7, 16.2, 21.7]	[front, right, left, back]	[2099.1822, 2355.7282, 2822.9722, 2994.7980]
23   	124869.59   	0.132   	0.9881  	[16.2, 21.7, 16.2, 21.7]	[front, back, left, back]	[2235.3503, 2403.3917, 2800.3163, 3134.6949]
24   	122654.17   	0.128   	0.9998  	[16.2, 21.7, 16.2, 21.7]	[front, down, left, right]	[2740.0329, 2251.5854, 2793.3042, 2771.4100]
25   	120450.42   	0.124   	0.9998  	[16.2, 16.2, 16.2, 21.7]	[front, right, back, right]	[2917.6319, 2160.5078, 2700.9461, 2540.6784]
26   	118127.62   	0.120   	0.9998  	[16.2, 16.2, 16.2, 21.7]	[front, front, back, right]	[2915.7469, 1796.9438, 2648.7392, 2243.1844]
27   	115591.11   	0.116   	0.9998  	[16.2, 16.2, 16.2, 21.7]	[front, front, back, right]	[2916.0847, 1576.2185, 2605.6215, 2003.9099]
28   	112681.31   	0.112   	0.9998  	[16.2, 16.2, 16.2, 21.7]	[left, front, back, right]	[2710.6140, 1832.0217, 2628.1101, 1938.3170]
29   	109329.89   	0.107   	0.9998  	[16.2, 16.2, 16.2, 21.7]	[left, front, back, right]	[2660.7989, 1902.0865, 2718.8607, 2033.7362]
30   	105552.36   	0.103   	0.9998  	[16.2, 16.2, 16.2, 21.7]	[left, front, back, right]	[2555.0121, 2002.5477, 2884.7706, 2308.4603]
31   	101584.37   	0.098   	0.9998  	[16.2, 16.2, 16.2, 21.7]	[left, front, back, right]	[2559.2796, 2216.7125, 2901.6813, 2630.9838]
32   	97746.15    	0.094   	1.0000  	[16.2, 16.2, 16.2, 21.7]	[left, front, back, hover]	[2687.2600, 2533.9789, 2905.7742, 2380.4916]
33   	94094.35    	0.089   	1.0000  	[16.2, 16.2, 16.2, 21.7]	[left, front, back, hover]	[2895.6612, 2859.1968, 2906.2615, 2100.5326]
34   	90619.83    	0.085   	1.0000  	[16.2, 16.2, 16.2, 21.7]	[left, front, back, front]	[2908.2671, 2919.4721, 2917.9322, 1845.0229]
35   	87143.14    	0.081   	1.0000  	[16.2, 16.2, 16.2, 21.7]	[left, left, right, back]	[2917.2424, 2722.5879, 2717.4501, 1591.7658]
36   	84242.30    	0.077   	1.0000  	[16.2, 16.2, 16.2, 21.7]	[left, up, right, hover]	[2928.8183, 2406.7984, 2332.2530, 1363.9024]
37   	81697.73    	0.074   	1.0000  	[16.2, 21.7, 16.2, 21.7]	[left, hover, hover, front]	[2912.5022, 2056.8190, 1792.8403, 1189.9417]
38   	79654.02    	0.072   	1.0000  	[16.2, 21.7, 16.2, 21.7]	[front, hover, up, front]	[2347.5053, 1692.6017, 1461.9442, 1032.5273]
39   	77833.93    	0.070   	1.0000  	[16.2, 21.7, 21.7, 21.7]	[hover, left, front, front]	[1768.0292, 1356.5154, 1397.8479, 979.8937]
40   	76154.75    	0.068   	1.0000  	[16.2, 21.7, 21.7, 21.7]	[back, down, left, front]	[1417.4891, 1129.0226, 1359.6751, 1046.2662]
41   	74554.01    	0.066   	1.0000  	[16.2, 16.2, 21.7, 21.7]	[back, front, front, front]	[1318.7995, 1000.1645, 1201.4750, 1128.3336]
42   	72929.34    	0.064   	1.0000  	[16.2, 16.2, 21.7, 21.7]	[right, left, front, front]	[1043.9217, 782.2561, 1079.4449, 1196.9068]
43   	71258.14    	0.062   	1.0000  	[16.2, 16.2, 21.7, 21.7]	[up, left, right, front]	[969.3336, 578.4497, 876.9444, 1287.3305]
44   	69530.61    	0.060   	1.0000  	[21.7, 16.2, 21.7, 21.7]	[back, left, right, front]	[879.6148, 505.5992, 778.5195, 1483.1380]
45   	67949.49    	0.059   	1.0000  	[21.7, 16.2, 21.7, 21.7]	[right, left, right, right]	[753.7238, 422.9427, 753.1478, 1391.2962]
46   	66442.18    	0.057   	1.0000  	[21.7, 16.2, 21.7, 21.7]	[back, left, right, down]	[684.2328, 463.8002, 716.7234, 1397.2086]
47   	64944.54    	0.056   	1.0000  	[21.7, 16.2, 21.7, 16.2]	[right, left, right, front]	[724.7899, 495.6120, 721.3244, 1479.4964]
48   	63600.35    	0.054   	1.0000  	[21.7, 16.2, 21.7, 16.2]	[down, left, right, hover]	[773.7397, 703.8182, 866.6853, 1133.3087]
49   	62241.69    	0.053   	1.0000  	[16.2, 16.2, 21.7, 16.2]	[right, left, right, hover]	[936.9739, 968.6403, 839.0462, 874.5491]
50   	61047.43    	0.052   	1.0000  	[16.2, 16.2, 21.7, 16.2]	[back, back, right, hover]	[827.9459, 832.7942, 845.7068, 689.0364]
51   	59939.82    	0.051   	1.0000  	[16.2, 16.2, 21.7, 16.2]	[back, back, back, left]	[747.9834, 736.6456, 867.8026, 584.4486]
52   	58868.01    	0.049   	1.0000  	[16.2, 16.2, 21.7, 16.2]	[back, back, back, left]	[681.0428, 638.4865, 982.4881, 510.9858]
53   	57915.92    	0.049   	1.0000  	[16.2, 16.2, 21.7, 16.2]	[right, back, back, left]	[574.1412, 647.7795, 857.6353, 492.8292]
54   	56986.50    	0.048   	1.0000  	[16.2, 16.2, 21.7, 16.2]	[right, back, down, left]	[518.1174, 708.7626, 715.3954, 504.3670]
55   	56019.87    	0.047   	1.0000  	[16.2, 16.2, 16.2, 16.2]	[right, back, right, left]	[487.8982, 778.0204, 701.3384, 583.5545]
56   	55034.18    	0.046   	1.0000  	[16.2, 16.2, 16.2, 16.2]	[up, back, back, left]	[473.4173, 858.1179, 602.7403, 696.0456]
57   	54003.26    	0.045   	1.0000  	[21.7, 16.2, 16.2, 16.2]	[back, back, hover, left]	[507.8281, 969.4429, 437.3215, 836.6035]
58   	52941.81    	0.044   	1.0000  	[21.7, 16.2, 16.2, 16.2]	[back, back, hover, left]	[496.3747, 1136.4933, 317.4027, 999.0090]
59   	51766.73    	0.043   	1.0000  	[21.7, 16.2, 16.2, 16.2]	[back, back, hover, left]	[580.4891, 1321.1998, 239.1232, 1179.0687]
60   	50631.52    	0.041   	1.0000  	[21.7, 16.2, 16.2, 16.2]	[right, back, back, left]	[510.8185, 1321.6734, 163.3470, 1386.7827]
61   	49605.91    	0.040   	1.0000  	[21.7, 16.2, 16.2, 16.2]	[right, right, left, hover]	[541.1815, 1059.7076, 128.9641, 1065.7284]
62   	48695.76    	0.039   	1.0000  	[21.7, 16.2, 16.2, 16.2]	[front, right, left, back]	[456.1476, 890.5032, 164.0466, 835.8402]
63   	47868.71    	0.038   	1.0000  	[21.7, 16.2, 16.2, 16.2]	[front, right, left, back]	[415.6167, 754.8878, 209.1301, 707.4996]
64   	47071.75    	0.037   	1.0000  	[21.7, 16.2, 16.2, 16.2]	[front, right, left, back]	[376.9975, 553.6007, 204.5110, 630.4420]
65   	46333.49    	0.037   	1.0000  	[21.7, 16.2, 16.2, 16.2]	[front, front, left, back]	[381.4015, 396.6076, 205.5868, 622.1736]
66   	45591.34    	0.036   	1.0000  	[21.7, 16.2, 16.2, 16.2]	[front, front, down, back]	[422.9118, 333.8099, 245.4359, 626.3026]
67   	44809.12    	0.036   	1.0000  	[21.7, 16.2, 10.8, 16.2]	[front, front, left, back]	[492.4727, 356.6030, 249.3420, 641.9734]
68   	43884.18    	0.035   	1.0000  	[21.7, 16.2, 10.8, 16.2]	[front, front, left, back]	[607.4420, 407.3771, 291.6478, 692.4203]
69   	42892.85    	0.034   	1.0000  	[21.7, 16.2, 10.8, 16.2]	[front, front, left, back]	[743.8146, 441.0622, 309.1850, 817.7637]
70   	41719.53    	0.033   	1.0000  	[21.7, 16.2, 10.8, 16.2]	[front, right, left, back]	[1046.8107, 435.8468, 283.3036, 899.4492]
71   	40660.74    	0.032   	1.0000  	[21.7, 16.2, 10.8, 16.2]	[hover, right, left, back]	[860.8860, 406.9489, 308.1978, 883.3756]
72   	39734.99    	0.031   	1.0000  	[21.7, 16.2, 10.8, 16.2]	[front, right, left, right]	[723.2007, 369.2795, 376.8093, 736.6303]
73   	38897.23    	0.030   	1.0000  	[21.7, 16.2, 10.8, 16.2]	[down, right, left, right]	[754.4923, 370.9053, 404.1528, 697.9319]
74   	38175.24    	0.029   	1.0000  	[16.2, 16.2, 10.8, 16.2]	[right, right, front, right]	[707.3203, 357.5782, 364.5571, 569.8363]
75   	37547.70    	0.029   	1.0000  	[16.2, 16.2, 10.8, 16.2]	[hover, up, front, right]	[552.5326, 381.4726, 296.5631, 458.9642]
76   	36917.79    	0.028   	1.0000  	[16.2, 21.7, 10.8, 16.2]	[front, right, front, right]	[411.5005, 467.7080, 261.5757, 425.9906]
77   	36328.25    	0.027   	1.0000  	[16.2, 21.7, 10.8, 16.2]	[hover, back, front, right]	[324.6791, 443.7009, 262.3497, 385.1509]
78   	35722.22    	0.027   	1.0000  	[16.2, 21.7, 10.8, 16.2]	[back, back, front, right]	[278.2206, 437.0868, 263.4718, 343.9740]
79   	35061.76    	0.026   	1.0000  	[16.2, 21.7, 10.8, 16.2]	[left, back, front, right]	[241.1520, 412.2590, 286.7944, 275.9875]
80   	34426.71    	0.026   	1.0000  	[16.2, 21.7, 10.8, 16.2]	[left, back, front, back]	[258.6451, 328.0537, 318.4300, 199.6449]
81   	33753.17    	0.025   	1.0000  	[16.2, 21.7, 10.8, 16.2]	[left, right, front, right]	[351.4219, 350.9445, 338.3595, 222.3724]
82   	33010.62    	0.025   	1.0000  	[16.2, 21.7, 10.8, 16.2]	[left, down, front, right]	[416.2916, 275.7372, 391.9279, 208.1003]
83   	32411.34    	0.024   	1.0000  	[16.2, 16.2, 10.8, 16.2]	[left, front, front, back]	[384.3982, 165.7326, 458.7459, 267.2816]
84   	31821.59    	0.024   	1.0000  	[16.2, 16.2, 10.8, 16.2]	[left, front, front, front]	[376.0418, 166.2815, 544.5389, 267.8184]
85   	31237.55    	0.023   	1.0000  	[16.2, 16.2, 10.8, 16.2]	[left, front, front, front]	[367.3995, 139.5768, 655.8172, 280.2096]
86   	30670.66    	0.022   	1.0000  	[16.2, 16.2, 10.8, 16.2]	[left, front, front, hover]	[333.6285, 138.8972, 665.5482, 254.8316]
87   	30119.78    	0.022   	1.0000  	[16.2, 16.2, 10.8, 16.2]	[left, front, right, front]	[302.2375, 178.3643, 408.0946, 231.8866]
88   	29596.33    	0.022   	1.0000  	[16.2, 16.2, 10.8, 16.2]	[up, front, right, front]	[275.1278, 240.3658, 324.2252, 209.6317]
89   	29063.72    	0.021   	1.0000  	[21.7, 16.2, 10.8, 16.2]	[back, front, right, front]	[298.1330, 309.8857, 273.1418, 244.7231]
90   	28481.37    	0.021   	1.0000  	[21.7, 16.2, 10.8, 16.2]	[hover, front, right, front]	[264.1506, 392.2503, 281.3451, 277.8391]
91   	27896.40    	0.020   	1.0000  	[21.7, 16.2, 10.8, 16.2]	[back, front, right, hover]	[232.8108, 498.9847, 323.5440, 240.7059]
92   	27360.06    	0.020   	1.0000  	[21.7, 16.2, 10.8, 16.2]	[back, front, right, front]	[241.4007, 597.4064, 324.6506, 208.3886]
93   	26878.59    	0.019   	1.0000  	[21.7, 16.2, 10.8, 16.2]	[back, front, right, front]	[242.7742, 453.2466, 316.6315, 199.1393]
94   	26394.67    	0.019   	1.0000  	[21.7, 16.2, 10.8, 16.2]	[back, down, up, front]	[254.2046, 414.7179, 328.6836, 189.1515]
95   	25948.82    	0.018   	1.0000  	[21.7, 10.8, 16.2, 16.2]	[back, right, right, front]	[265.5608, 279.1705, 349.7372, 167.4359]
96   	25489.50    	0.018   	1.0000  	[21.7, 10.8, 16.2, 16.2]	[back, hover, back, front]	[374.5739, 170.8131, 353.9708, 144.0190]
97   	24954.25    	0.018   	1.0000  	[21.7, 10.8, 16.2, 16.2]	[back, left, back, front]	[496.6905, 101.9214, 326.3692, 131.8820]
98   	24403.39    	0.017   	1.0000  	[21.7, 10.8, 16.2, 16.2]	[back, right, back, hover]	[657.4183, 64.6252, 374.7580, 124.2304]
99   	23795.60    	0.017   	1.0000  	[21.7, 10.8, 16.2, 16.2]	[back, back, back, left]	[827.6623, 52.0563, 372.2868, 101.7849]
[2025-12-18T15:00:43]
Strategy: greedy_ig
Pairwise: equal
News mode: IGd
Num agents: 4
Iteration: 6
Error margin: None
Gaussian radius 5 
Grid info: range: 0-50-50, cell_size:0.125, map shape: (400, 400), center:True
init UAV positions: [(-25.0, -15.0, 5.4), (-15.0, 15.0, 5.4), (20.0, -10.0, 5.4), (0.0, 20.0, 5.4)]
mcts_params: {}
Step	Entropy	MSE	Coverage	Heights	Actions	IGs
------------------------------------------------------------------------------------------------------------------------
0    	160000.00   	0.250   	0.0000  	[5.4, 5.4, 5.4, 5.4]	[-, -, -, -]	[-, -, -, -]
1    	159266.72   	0.244   	0.0547  	[5.4, 5.4, 5.4, 5.4]	[up, up, up, up]	[1952.2791, 3904.5582, 3514.1024, 3514.1024]
2    	158561.08   	0.238   	0.2062  	[10.8, 10.8, 10.8, 10.8]	[up, up, up, up]	[2191.4824, 4323.0207, 3204.0331, 2913.9560]
3    	157905.52   	0.233   	0.4059  	[16.2, 16.2, 16.2, 16.2]	[right, back, left, back]	[2510.5615, 3206.0718, 3264.0276, 2989.2996]
4    	157252.93   	0.228   	0.4950  	[16.2, 16.2, 16.2, 16.2]	[right, back, up, back]	[2762.3855, 2925.2985, 3215.1889, 2882.7942]
5    	156510.82   	0.222   	0.6356  	[16.2, 16.2, 21.7, 16.2]	[right, back, left, up]	[2961.5991, 2788.3119, 3415.0666, 3049.3517]
6    	155739.65   	0.217   	0.7573  	[16.2, 16.2, 21.7, 21.7]	[right, back, left, back]	[2888.6619, 2597.0762, 3376.8849, 2896.4830]
7    	154968.36   	0.212   	0.8292  	[16.2, 16.2, 21.7, 21.7]	[right, back, back, right]	[2733.9584, 2440.9675, 2860.3093, 2913.4053]
8    	154068.84   	0.207   	0.8894  	[16.2, 16.2, 21.7, 21.7]	[right, back, left, right]	[2425.1073, 2484.4118, 2415.4984, 2979.9217]
9    	153084.91   	0.202   	0.9206  	[16.2, 16.2, 21.7, 21.7]	[right, back, front, right]	[1935.6707, 2561.1790, 1821.2358, 2834.3917]
10   	151962.76   	0.197   	0.9464  	[16.2, 16.2, 21.7, 21.7]	[right, back, front, right]	[1840.8735, 2674.8186, 1682.6111, 2731.7061]
11   	150805.62   	0.192   	0.9722  	[16.2, 16.2, 21.7, 21.7]	[right, back, front, front]	[1942.9703, 2856.3226, 1699.8912, 2221.3386]
12   	149668.45   	0.188   	0.9816  	[16.2, 16.2, 21.7, 21.7]	[right, back, front, hover]	[2166.0407, 2715.0266, 1908.2341, 1719.6023]
13   	148383.24   	0.184   	0.9862  	[16.2, 16.2, 21.7, 21.7]	[right, right, left, back]	[2421.2714, 2539.7405, 1978.8045, 1566.5181]
14   	146879.56   	0.179   	0.9873  	[16.2, 16.2, 21.7, 21.7]	[right, right, left, back]	[2582.2060, 2385.9925, 2040.1716, 1769.6842]
15   	145184.16   	0.175   	0.9873  	[16.2, 16.2, 21.7, 21.7]	[right, right, left, back]	[2751.6950, 2285.3210, 2107.4381, 1889.3198]
16   	143197.53   	0.170   	0.9888  	[16.2, 16.2, 21.7, 21.7]	[front, right, left, back]	[2294.6451, 2222.5100, 2276.2784, 1767.0296]
17   	140889.08   	0.165   	0.9888  	[16.2, 16.2, 21.7, 21.7]	[front, right, left, back]	[1840.8175, 2136.5983, 2631.9546, 1436.7404]
18   	138449.82   	0.161   	0.9888  	[16.2, 16.2, 21.7, 21.7]	[front, right, left, left]	[1201.5570, 2105.2007, 3030.3736, 1197.5469]
19   	136042.03   	0.156   	0.9888  	[16.2, 16.2, 21.7, 21.7]	[front, right, front, left]	[1486.2486, 2096.5429, 2871.4159, 1190.4984]
20   	133467.34   	0.151   	0.9888  	[16.2, 16.2, 21.7, 21.7]	[front, right, front, back]	[1881.7164, 2249.9341, 2735.0333, 1363.6949]
21   	130775.62   	0.146   	0.9888  	[16.2, 16.2, 21.7, 21.7]	[front, right, front, back]	[2326.0764, 2257.6553, 2873.9338, 1734.9005]
22   	128331.58   	0.142   	0.9888  	[16.2, 16.2, 21.7, 21.7]	[front, right, front, left]	[2638.4612, 2102.1394, 3029.9939, 2168.2576]
23   	125844.00   	0.137   	0.9892  	[16.2, 16.2, 21.7, 21.7]	[front, front, left, left]	[2810.0849, 2122.1493, 2550.8456, 2371.3421]
24   	123405.02   	0.133   	0.9955  	[16.2, 16.2, 21.7, 21.7]	[front, front, front, left]	[2909.8510, 2257.3624, 2152.2587, 2726.7896]
25   	120992.20   	0.128   	0.9986  	[16.2, 16.2, 21.7, 21.7]	[front, front, down, left]	[2737.6905, 2451.0478, 2100.8502, 3050.0281]
26   	118603.61   	0.124   	0.9986  	[16.2, 16.2, 16.2, 21.7]	[left, front, right, left]	[2604.1824, 2646.8103, 1642.1638, 3140.5329]
27   	116246.33   	0.120   	0.9986  	[16.2, 16.2, 16.2, 21.7]	[left, front, right, left]	[2565.9639, 2635.0376, 1432.8581, 3239.2307]
28   	113718.33   	0.116   	0.9998  	[16.2, 16.2, 16.2, 21.7]	[left, front, right, back]	[2211.9204, 2616.7097, 1296.8275, 3161.4095]
29   	111322.04   	0.112   	0.9998  	[16.2, 16.2, 16.2, 21.7]	[left, front, up, back]	[1605.9111, 2613.0037, 959.5511, 2694.6106]
30   	109051.55   	0.108   	1.0000  	[16.2, 16.2, 21.7, 21.7]	[left, front, back, hover]	[1283.3063, 2658.6271, 745.7525, 2277.5841]
31   	106744.69   	0.105   	1.0000  	[16.2, 16.2, 21.7, 21.7]	[left, front, right, front]	[1365.5435, 2782.9429, 691.1900, 1974.8798]
32   	104414.93   	0.101   	1.0000  	[16.2, 16.2, 21.7, 21.7]	[left, front, right, back]	[1503.7634, 2586.0078, 952.0968, 1715.3691]
33   	101908.65   	0.098   	1.0000  	[16.2, 16.2, 21.7, 21.7]	[left, left, right, front]	[2096.1853, 2067.8932, 1093.5455, 1501.4010]
34   	99182.69    	0.094   	1.0000  	[16.2, 16.2, 21.7, 21.7]	[left, left, right, front]	[2534.2817, 1447.5297, 934.6435, 1324.4846]
35   	96247.08    	0.090   	1.0000  	[16.2, 16.2, 21.7, 21.7]	[left, left, right, front]	[2810.5276, 1171.4712, 1174.9925, 1512.9753]
36   	93023.90    	0.086   	1.0000  	[16.2, 16.2, 21.7, 21.7]	[back, left, right, front]	[2515.7205, 1616.0783, 1731.8772, 1411.8748]
37   	89893.98    	0.082   	1.0000  	[16.2, 16.2, 21.7, 21.7]	[back, left, down, front]	[2037.6730, 1614.9359, 1888.3308, 1136.4767]
38   	87154.98    	0.080   	1.0000  	[16.2, 16.2, 16.2, 21.7]	[back, left, right, back]	[1418.8067, 1443.0644, 1983.6172, 785.6454]
39   	84707.64    	0.077   	1.0000  	[16.2, 16.2, 16.2, 21.7]	[back, back, front, back]	[1408.1635, 1470.6866, 1776.1115, 562.9573]
40   	82638.05    	0.074   	1.0000  	[16.2, 16.2, 16.2, 21.7]	[right, back, hover, back]	[1314.5422, 1309.7033, 1375.3178, 491.1819]
41   	80769.00    	0.072   	1.0000  	[16.2, 16.2, 16.2, 21.7]	[right, back, front, back]	[1143.1344, 1019.3066, 1102.1848, 602.2556]
42   	79301.99    	0.070   	1.0000  	[16.2, 16.2, 16.2, 21.7]	[back, right, left, back]	[906.4408, 1063.1359, 837.4321, 630.9424]
43   	77572.56    	0.068   	1.0000  	[16.2, 16.2, 16.2, 21.7]	[right, back, right, right]	[1105.1147, 949.6547, 699.5552, 634.1285]
44   	76118.34    	0.067   	1.0000  	[16.2, 16.2, 16.2, 21.7]	[back, right, back, right]	[762.9912, 988.8772, 577.0641, 618.0738]
45   	74536.58    	0.065   	1.0000  	[16.2, 16.2, 16.2, 21.7]	[right, right, back, right]	[881.9599, 659.3735, 501.7514, 685.8791]
46   	73192.11    	0.064   	1.0000  	[16.2, 16.2, 16.2, 21.7]	[front, back, back, right]	[755.3923, 473.6864, 527.3847, 789.6118]
47   	71844.65    	0.063   	1.0000  	[16.2, 16.2, 16.2, 21.7]	[front, back, back, right]	[716.0221, 434.2110, 492.5043, 829.4974]
48   	70585.15    	0.061   	1.0000  	[16.2, 16.2, 16.2, 21.7]	[front, left, back, right]	[648.8680, 408.0015, 445.3640, 936.0604]
49   	69328.42    	0.060   	1.0000  	[16.2, 16.2, 16.2, 21.7]	[front, left, back, right]	[562.6444, 389.1732, 422.7492, 1180.8855]
50   	68079.73    	0.059   	1.0000  	[16.2, 16.2, 16.2, 21.7]	[front, left, back, right]	[543.8396, 460.5089, 379.6908, 1300.2726]
51   	66952.89    	0.058   	1.0000  	[16.2, 16.2, 16.2, 21.7]	[up, back, back, down]	[538.0772, 449.0462, 294.6254, 1036.5519]
52   	66077.85    	0.057   	1.0000  	[21.7, 16.2, 16.2, 16.2]	[left, back, back, back]	[564.6934, 491.9078, 300.3651, 807.2673]
53   	65100.53    	0.056   	1.0000  	[21.7, 16.2, 16.2, 16.2]	[left, back, back, right]	[643.4457, 489.8188, 394.6274, 546.5011]
54   	64282.19    	0.055   	1.0000  	[21.7, 16.2, 16.2, 16.2]	[left, left, up, down]	[778.2484, 503.7532, 318.6401, 537.2284]
55   	63372.19    	0.054   	1.0000  	[21.7, 16.2, 21.7, 10.8]	[back, up, left, right]	[695.6453, 531.9722, 592.7335, 710.3909]
56   	62525.57    	0.053   	1.0000  	[21.7, 21.7, 21.7, 10.8]	[back, left, left, back]	[637.0501, 557.8556, 644.7560, 526.2430]
57   	61659.40    	0.052   	1.0000  	[21.7, 21.7, 21.7, 10.8]	[hover, left, left, front]	[538.2160, 638.7709, 748.7795, 388.7274]
58   	60660.24    	0.050   	1.0000  	[21.7, 21.7, 21.7, 10.8]	[front, left, left, front]	[470.8072, 693.5400, 1000.2868, 399.8746]
59   	59559.30    	0.049   	1.0000  	[21.7, 21.7, 21.7, 10.8]	[front, left, left, front]	[488.1180, 576.8405, 1262.3195, 493.2160]
60   	58383.08    	0.048   	1.0000  	[21.7, 21.7, 21.7, 10.8]	[hover, down, left, front]	[425.3409, 565.1306, 1502.1717, 559.0336]
61   	57099.79    	0.047   	1.0000  	[21.7, 16.2, 21.7, 10.8]	[hover, back, left, front]	[372.6917, 487.2437, 1525.4369, 566.0410]
62   	55796.16    	0.046   	1.0000  	[21.7, 16.2, 21.7, 10.8]	[hover, left, left, front]	[324.3727, 355.3553, 1640.2959, 505.2547]
63   	54507.01    	0.044   	1.0000  	[21.7, 16.2, 21.7, 10.8]	[hover, down, left, front]	[284.0947, 258.5900, 1917.0017, 454.8729]
64   	53264.30    	0.043   	1.0000  	[21.7, 10.8, 21.7, 10.8]	[back, back, left, front]	[260.5017, 235.9453, 1668.0616, 437.4028]
65   	52034.73    	0.042   	1.0000  	[21.7, 10.8, 21.7, 10.8]	[back, right, down, front]	[307.4871, 153.6633, 1419.5434, 497.4448]
66   	50964.01    	0.041   	1.0000  	[21.7, 10.8, 16.2, 10.8]	[back, left, back, front]	[331.2701, 107.5080, 1191.3019, 577.9362]
67   	50093.53    	0.040   	1.0000  	[21.7, 10.8, 16.2, 10.8]	[back, hover, right, front]	[367.5733, 66.2231, 853.8447, 689.4648]
68   	49345.00    	0.040   	1.0000  	[21.7, 10.8, 16.2, 10.8]	[back, right, right, front]	[386.0836, 62.1365, 543.2534, 785.8826]
69   	48660.25    	0.039   	1.0000  	[21.7, 10.8, 16.2, 10.8]	[back, up, right, front]	[377.1117, 55.5427, 373.2867, 841.4834]
70   	48053.06    	0.038   	1.0000  	[21.7, 16.2, 16.2, 10.8]	[back, front, right, left]	[325.1349, 58.6506, 329.3523, 598.8949]
71   	47483.44    	0.038   	1.0000  	[21.7, 16.2, 16.2, 10.8]	[right, front, right, up]	[296.2719, 85.8333, 283.1252, 489.7954]
72   	46936.22    	0.037   	1.0000  	[21.7, 16.2, 16.2, 16.2]	[right, front, right, back]	[314.9717, 143.3618, 248.2298, 442.2045]
73   	46350.72    	0.037   	1.0000  	[21.7, 16.2, 16.2, 16.2]	[back, front, right, left]	[336.6015, 238.8348, 242.6006, 359.6679]
74   	45745.30    	0.036   	1.0000  	[21.7, 16.2, 16.2, 16.2]	[back, front, right, left]	[413.7033, 346.1529, 262.3521, 320.8969]
75   	45114.46    	0.036   	1.0000  	[21.7, 16.2, 16.2, 16.2]	[right, front, right, left]	[426.6843, 432.1525, 309.6140, 356.2476]
76   	44490.95    	0.035   	1.0000  	[21.7, 16.2, 16.2, 16.2]	[right, front, right, left]	[439.3594, 485.5645, 331.8566, 409.4066]
77   	43803.56    	0.034   	1.0000  	[21.7, 16.2, 16.2, 16.2]	[right, front, right, left]	[466.0048, 549.3128, 248.3161, 512.9217]
78   	42951.95    	0.033   	1.0000  	[21.7, 16.2, 16.2, 16.2]	[right, front, right, left]	[491.6786, 624.4821, 171.8148, 863.5166]
79   	41801.23    	0.032   	1.0000  	[21.7, 16.2, 16.2, 16.2]	[right, front, back, left]	[550.7194, 679.5674, 122.2898, 1197.2050]
80   	40353.51    	0.031   	1.0000  	[21.7, 16.2, 16.2, 16.2]	[right, front, down, left]	[593.0234, 839.1367, 131.4732, 1160.8262]
81   	39118.75    	0.030   	1.0000  	[21.7, 16.2, 10.8, 16.2]	[front, front, left, back]	[681.2193, 589.6971, 101.5362, 995.0519]
82   	37807.12    	0.028   	1.0000  	[21.7, 16.2, 10.8, 16.2]	[front, down, hover, left]	[591.3779, 600.4289, 75.8389, 1289.6595]
83   	36517.34    	0.027   	1.0000  	[21.7, 10.8, 10.8, 16.2]	[front, front, left, left]	[571.5169, 456.0285, 60.0127, 1493.6943]
84   	35559.21    	0.026   	1.0000  	[21.7, 10.8, 10.8, 16.2]	[front, right, up, back]	[524.6758, 308.3510, 55.1703, 1188.3988]
85   	34633.66    	0.026   	1.0000  	[21.7, 10.8, 16.2, 16.2]	[front, right, left, front]	[493.2288, 393.6384, 53.6148, 929.9879]
86   	33702.91    	0.025   	1.0000  	[21.7, 10.8, 16.2, 16.2]	[front, right, left, front]	[526.7326, 428.9248, 63.3224, 905.2367]
87   	32919.75    	0.024   	1.0000  	[21.7, 10.8, 16.2, 16.2]	[front, right, left, left]	[576.9091, 451.4347, 70.0695, 823.8777]
88   	32172.90    	0.023   	1.0000  	[21.7, 10.8, 16.2, 16.2]	[front, right, left, hover]	[652.8535, 487.3113, 84.8867, 682.1460]
89   	31518.21    	0.023   	1.0000  	[21.7, 10.8, 16.2, 16.2]	[front, right, left, right]	[678.1772, 394.3554, 103.6388, 563.7019]
90   	30926.75    	0.022   	1.0000  	[21.7, 10.8, 16.2, 16.2]	[hover, right, left, hover]	[561.1543, 335.0008, 133.3991, 449.8289]
91   	30333.27    	0.022   	1.0000  	[21.7, 10.8, 16.2, 16.2]	[hover, right, left, back]	[458.4074, 315.5381, 193.2879, 374.1201]
92   	29735.35    	0.021   	1.0000  	[21.7, 10.8, 16.2, 16.2]	[hover, right, left, back]	[378.5555, 359.7142, 279.2492, 374.0376]
93   	29067.71    	0.021   	1.0000  	[21.7, 10.8, 16.2, 16.2]	[hover, right, left, back]	[334.0379, 427.6847, 408.1686, 353.9297]
94   	28302.16    	0.020   	1.0000  	[21.7, 10.8, 16.2, 16.2]	[hover, right, left, back]	[296.6147, 529.7702, 588.4003, 305.9007]
95   	27480.44    	0.019   	1.0000  	[21.7, 10.8, 16.2, 16.2]	[hover, right, left, back]	[262.8384, 603.7743, 691.1457, 268.1357]
96   	26716.10    	0.019   	1.0000  	[21.7, 10.8, 16.2, 16.2]	[hover, back, front, back]	[232.8539, 469.7788, 663.0828, 217.7245]
97   	26078.12    	0.018   	1.0000  	[21.7, 10.8, 16.2, 16.2]	[hover, back, front, hover]	[191.1154, 331.2603, 505.5934, 150.9085]
98   	25520.83    	0.018   	1.0000  	[21.7, 10.8, 16.2, 16.2]	[hover, back, front, front]	[166.7645, 274.7618, 415.7730, 104.0213]
99   	24919.58    	0.017   	1.0000  	[21.7, 10.8, 16.2, 16.2]	[hover, back, front, front]	[149.1150, 283.2007, 439.8084, 85.0477]
[2025-12-18T15:00:53]
Strategy: greedy_ig
Pairwise: equal
News mode: IGd
Num agents: 4
Iteration: 7
Error margin: None
Gaussian radius 5 
Grid info: range: 0-50-50, cell_size:0.125, map shape: (400, 400), center:True
init UAV positions: [(-25.0, -15.0, 5.4), (0.0, 15.0, 5.4), (0.0, -15.0, 5.4), (15.0, 15.0, 5.4)]
mcts_params: {}
Step	Entropy	MSE	Coverage	Heights	Actions	IGs
------------------------------------------------------------------------------------------------------------------------
0    	160000.00   	0.250   	0.0000  	[5.4, 5.4, 5.4, 5.4]	[-, -, -, -]	[-, -, -, -]
1    	159222.28   	0.243   	0.0547  	[5.4, 5.4, 5.4, 5.4]	[up, up, up, up]	[1952.2791, 3904.5582, 3904.5582, 3904.5582]
2    	158372.84   	0.236   	0.2188  	[10.8, 10.8, 10.8, 10.8]	[up, up, up, up]	[2191.4824, 4314.4809, 4382.9647, 3895.9686]
3    	157682.75   	0.231   	0.4641  	[16.2, 16.2, 16.2, 16.2]	[right, left, up, back]	[2513.5942, 3382.9319, 3888.5286, 3402.3206]
4    	156940.03   	0.225   	0.6188  	[16.2, 16.2, 21.7, 16.2]	[right, left, front, up]	[2558.6448, 3106.1677, 3579.7698, 3271.3952]
5    	156128.39   	0.220   	0.7059  	[16.2, 16.2, 21.7, 21.7]	[right, left, right, left]	[2564.9557, 2951.9367, 3191.3227, 3320.4206]
6    	155334.39   	0.215   	0.7653  	[16.2, 16.2, 21.7, 21.7]	[front, left, right, left]	[2564.9585, 2894.5145, 3230.4974, 3172.3504]
7    	154534.42   	0.210   	0.8403  	[16.2, 16.2, 21.7, 21.7]	[front, left, right, left]	[2667.7097, 2909.5779, 3181.5180, 3146.6322]
8    	153709.13   	0.205   	0.9153  	[16.2, 16.2, 21.7, 21.7]	[front, back, right, left]	[2674.7326, 2598.4446, 3206.3021, 2920.6607]
9    	152644.79   	0.200   	0.9812  	[16.2, 16.2, 21.7, 21.7]	[right, back, front, left]	[2461.5065, 2187.5498, 2971.1141, 2562.6686]
10   	151363.31   	0.195   	0.9812  	[16.2, 16.2, 21.7, 21.7]	[right, back, front, left]	[2247.9600, 1986.4211, 2865.5028, 2371.5984]
11   	149851.68   	0.190   	0.9812  	[16.2, 16.2, 21.7, 21.7]	[right, back, front, left]	[2025.3504, 1957.7965, 2685.8738, 2338.1806]
12   	148185.30   	0.185   	0.9812  	[16.2, 16.2, 21.7, 21.7]	[right, back, front, left]	[1951.0032, 2074.7931, 2626.7025, 2493.5455]
13   	146425.73   	0.180   	0.9812  	[16.2, 16.2, 21.7, 21.7]	[right, back, front, left]	[2066.8883, 2356.3046, 2684.3947, 2689.8603]
14   	144752.72   	0.175   	0.9812  	[16.2, 16.2, 21.7, 21.7]	[right, back, front, down]	[2291.8447, 2717.9928, 2841.4612, 2591.0492]
15   	143168.79   	0.170   	0.9812  	[16.2, 16.2, 21.7, 16.2]	[back, back, front, left]	[2484.5192, 2903.4237, 3218.2955, 2365.0309]
16   	141707.06   	0.166   	0.9812  	[16.2, 16.2, 21.7, 16.2]	[back, back, front, front]	[2669.7071, 2916.1993, 3284.1813, 1986.2630]
17   	140318.09   	0.162   	0.9875  	[16.2, 16.2, 21.7, 16.2]	[back, back, left, hover]	[2689.0280, 2729.6200, 3139.1953, 1531.4586]
18   	138870.80   	0.158   	0.9914  	[16.2, 16.2, 21.7, 16.2]	[right, right, left, back]	[2609.3584, 2597.2218, 3063.4356, 1195.9955]
19   	137267.04   	0.154   	0.9922  	[16.2, 16.2, 21.7, 16.2]	[right, right, left, back]	[2636.5399, 2556.2256, 2888.3924, 1214.0542]
20   	135329.50   	0.150   	0.9930  	[16.2, 16.2, 21.7, 16.2]	[right, right, left, back]	[2685.6663, 2576.9955, 2715.5975, 1596.3053]
21   	133169.30   	0.145   	0.9938  	[16.2, 16.2, 21.7, 16.2]	[right, right, left, back]	[2753.8158, 2647.7372, 2641.2147, 1849.7832]
22   	130856.78   	0.141   	0.9945  	[16.2, 16.2, 21.7, 16.2]	[front, right, left, back]	[2400.4861, 2520.8867, 2666.9362, 2075.8207]
23   	128432.35   	0.136   	0.9953  	[16.2, 16.2, 21.7, 16.2]	[front, right, left, back]	[2157.7147, 2486.9809, 2783.0649, 2362.3418]
24   	125905.25   	0.132   	0.9961  	[16.2, 16.2, 21.7, 16.2]	[front, right, left, back]	[2123.3751, 2453.1168, 2990.5383, 2634.2713]
25   	123269.73   	0.127   	0.9977  	[16.2, 16.2, 21.7, 16.2]	[front, right, back, back]	[2320.2101, 2536.2502, 2803.2042, 2711.2117]
26   	120656.87   	0.123   	0.9984  	[16.2, 16.2, 21.7, 16.2]	[front, right, back, back]	[2554.2972, 2692.8734, 2602.9958, 2709.5501]
27   	118080.29   	0.118   	0.9992  	[16.2, 16.2, 21.7, 16.2]	[front, right, back, back]	[2784.9475, 2837.3770, 2456.6346, 2521.6031]
28   	115251.33   	0.114   	1.0000  	[16.2, 16.2, 21.7, 16.2]	[front, front, back, right]	[2847.4391, 2749.4110, 2336.8341, 2291.3138]
29   	112287.95   	0.109   	1.0000  	[16.2, 16.2, 21.7, 16.2]	[front, front, back, right]	[2886.8322, 2683.5782, 2053.4202, 2056.3444]
30   	109079.30   	0.105   	1.0000  	[16.2, 16.2, 21.7, 16.2]	[front, front, back, right]	[2925.8328, 2690.2361, 1793.6419, 1970.5065]
31   	105759.92   	0.101   	1.0000  	[16.2, 16.2, 21.7, 16.2]	[front, front, back, right]	[2738.2592, 2753.1606, 1688.8768, 1996.8807]
32   	102228.88   	0.096   	1.0000  	[16.2, 16.2, 21.7, 16.2]	[left, front, back, right]	[2593.0982, 2654.5744, 1722.0928, 2103.6341]
33   	98668.29    	0.092   	1.0000  	[16.2, 16.2, 21.7, 16.2]	[left, front, left, right]	[2464.9721, 2570.1296, 1696.4587, 2587.6801]
34   	94932.95    	0.088   	1.0000  	[16.2, 16.2, 21.7, 16.2]	[left, front, down, right]	[2408.5527, 2475.1258, 1929.5133, 2800.7748]
35   	91280.61    	0.084   	1.0000  	[16.2, 16.2, 16.2, 16.2]	[left, front, back, right]	[2438.9200, 2501.1383, 1876.0581, 2803.8329]
36   	87810.85    	0.080   	1.0000  	[16.2, 16.2, 16.2, 16.2]	[left, front, back, right]	[2579.4370, 2591.4083, 1464.6975, 2811.6468]
37   	84577.24    	0.076   	1.0000  	[16.2, 16.2, 16.2, 16.2]	[left, front, front, right]	[2806.6623, 2784.8668, 1153.4717, 2819.3827]
38   	81657.14    	0.073   	1.0000  	[16.2, 16.2, 16.2, 16.2]	[left, front, back, front]	[2799.0560, 2089.5651, 904.4350, 2721.7171]
39   	78852.85    	0.070   	1.0000  	[16.2, 16.2, 16.2, 16.2]	[left, back, front, front]	[2804.1365, 1636.1670, 728.0396, 2669.4647]
40   	76451.75    	0.067   	1.0000  	[16.2, 16.2, 16.2, 16.2]	[left, left, up, front]	[2814.5117, 1403.1893, 611.1461, 2200.1163]
41   	74328.55    	0.065   	1.0000  	[16.2, 16.2, 21.7, 16.2]	[left, up, right, left]	[2810.1299, 1356.3950, 652.0644, 1757.3381]
42   	72126.33    	0.062   	1.0000  	[16.2, 21.7, 21.7, 16.2]	[back, back, front, up]	[2713.5422, 1272.6936, 657.9593, 1424.3678]
43   	70268.39    	0.060   	1.0000  	[16.2, 21.7, 21.7, 21.7]	[back, left, right, back]	[2100.3845, 1180.0454, 567.8723, 1230.5277]
44   	68750.30    	0.059   	1.0000  	[16.2, 21.7, 21.7, 21.7]	[hover, left, left, back]	[1601.6916, 1270.5806, 502.9943, 1256.8973]
45   	67370.71    	0.057   	1.0000  	[16.2, 21.7, 21.7, 21.7]	[front, back, front, hover]	[1305.2469, 1349.9128, 482.9954, 1032.6136]
46   	66051.18    	0.055   	1.0000  	[16.2, 21.7, 21.7, 21.7]	[front, back, front, left]	[1020.8389, 1340.2628, 496.1120, 872.5290]
47   	64764.10    	0.054   	1.0000  	[16.2, 21.7, 21.7, 21.7]	[back, hover, front, left]	[807.3660, 1083.0137, 453.6619, 851.0774]
48   	63551.45    	0.053   	1.0000  	[16.2, 21.7, 21.7, 21.7]	[right, down, front, hover]	[667.1064, 868.2350, 483.8980, 808.9560]
49   	62284.15    	0.051   	1.0000  	[16.2, 16.2, 21.7, 21.7]	[up, back, front, hover]	[607.8759, 826.2097, 393.8739, 659.4332]
50   	60950.34    	0.050   	1.0000  	[21.7, 16.2, 21.7, 21.7]	[right, left, front, left]	[516.1785, 738.0510, 408.6948, 590.1392]
51   	59627.69    	0.049   	1.0000  	[21.7, 16.2, 21.7, 21.7]	[right, back, front, left]	[454.8678, 591.2178, 503.1879, 520.6255]
52   	58378.61    	0.048   	1.0000  	[21.7, 16.2, 21.7, 21.7]	[right, back, front, left]	[424.3675, 508.4798, 628.6970, 514.7303]
53   	57248.62    	0.047   	1.0000  	[21.7, 16.2, 21.7, 21.7]	[down, back, left, left]	[489.6651, 487.3703, 716.7185, 538.4549]
54   	56160.86    	0.046   	1.0000  	[16.2, 16.2, 21.7, 21.7]	[right, back, down, left]	[539.7166, 454.3351, 845.4692, 605.8137]
55   	55128.87    	0.045   	1.0000  	[16.2, 16.2, 16.2, 21.7]	[right, back, front, left]	[599.5822, 471.9280, 973.1220, 704.8673]
56   	54226.75    	0.044   	1.0000  	[16.2, 16.2, 16.2, 21.7]	[right, right, hover, front]	[561.6902, 486.1081, 771.7342, 666.5709]
57   	53434.71    	0.043   	1.0000  	[16.2, 16.2, 16.2, 21.7]	[up, up, hover, back]	[638.9237, 536.8521, 604.0249, 545.7243]
58   	52627.07    	0.042   	1.0000  	[21.7, 21.7, 16.2, 21.7]	[right, right, right, front]	[712.4645, 612.2433, 492.7282, 519.6604]
59   	51869.01    	0.041   	1.0000  	[21.7, 21.7, 16.2, 21.7]	[right, right, right, front]	[817.3697, 745.1817, 435.9012, 489.0207]
60   	51165.35    	0.041   	1.0000  	[21.7, 21.7, 16.2, 21.7]	[hover, hover, right, front]	[706.3247, 652.1254, 442.0075, 442.2120]
61   	50461.56    	0.040   	1.0000  	[21.7, 21.7, 16.2, 21.7]	[hover, hover, right, front]	[576.5424, 570.0048, 455.1539, 418.0428]
62   	49727.35    	0.039   	1.0000  	[21.7, 21.7, 16.2, 21.7]	[back, hover, right, front]	[484.5897, 477.8854, 478.8847, 429.7304]
63   	48958.45    	0.038   	1.0000  	[21.7, 21.7, 16.2, 21.7]	[back, hover, right, front]	[415.1477, 386.2582, 559.8064, 465.6644]
64   	48122.07    	0.038   	1.0000  	[21.7, 21.7, 16.2, 21.7]	[back, hover, right, front]	[341.8638, 307.2283, 675.6338, 513.1025]
65   	47255.09    	0.037   	1.0000  	[21.7, 21.7, 16.2, 21.7]	[back, back, right, front]	[301.8789, 236.8062, 844.5068, 657.3908]
66   	46324.59    	0.036   	1.0000  	[21.7, 21.7, 16.2, 21.7]	[back, down, right, front]	[322.5217, 206.1895, 1073.7926, 682.8352]
67   	45320.73    	0.035   	1.0000  	[21.7, 16.2, 16.2, 21.7]	[back, right, right, right]	[420.9710, 218.0558, 1327.9083, 685.2876]
68   	44376.12    	0.034   	1.0000  	[21.7, 16.2, 16.2, 21.7]	[back, right, back, right]	[419.2822, 154.5428, 1035.1263, 716.9444]
69   	43464.83    	0.033   	1.0000  	[21.7, 16.2, 16.2, 21.7]	[back, down, front, right]	[481.6230, 136.6922, 842.8525, 685.4131]
70   	42642.89    	0.032   	1.0000  	[21.7, 10.8, 16.2, 21.7]	[left, back, back, right]	[610.9200, 139.0722, 638.4371, 627.2609]
71   	41772.94    	0.032   	1.0000  	[21.7, 10.8, 16.2, 21.7]	[left, hover, back, right]	[659.6203, 99.7550, 546.6230, 607.8424]
72   	40877.80    	0.031   	1.0000  	[21.7, 10.8, 16.2, 21.7]	[left, hover, back, right]	[719.3620, 70.1380, 502.3368, 631.4122]
73   	39960.96    	0.030   	1.0000  	[21.7, 10.8, 16.2, 21.7]	[left, front, back, right]	[754.9230, 54.9642, 502.8221, 682.1007]
74   	38909.26    	0.029   	1.0000  	[21.7, 10.8, 16.2, 21.7]	[left, up, back, right]	[770.9005, 62.0099, 550.9372, 815.0665]
75   	37881.32    	0.028   	1.0000  	[21.7, 16.2, 16.2, 21.7]	[left, front, back, right]	[798.3755, 62.7758, 542.4893, 802.6486]
76   	36827.77    	0.028   	1.0000  	[21.7, 16.2, 16.2, 21.7]	[left, front, back, down]	[803.3106, 56.6054, 402.4707, 806.5186]
77   	35874.32    	0.027   	1.0000  	[21.7, 16.2, 16.2, 16.2]	[left, front, up, right]	[820.1600, 37.4474, 341.9923, 684.0808]
78   	34938.66    	0.026   	1.0000  	[21.7, 16.2, 21.7, 16.2]	[back, front, back, hover]	[745.1343, 84.2088, 483.8654, 541.0050]
79   	33994.24    	0.025   	1.0000  	[21.7, 16.2, 21.7, 16.2]	[front, front, back, front]	[646.3521, 111.5567, 792.8287, 432.8741]
80   	33215.98    	0.024   	1.0000  	[21.7, 16.2, 21.7, 16.2]	[back, front, back, left]	[577.9393, 142.1671, 896.0888, 315.0935]
81   	32396.26    	0.024   	1.0000  	[21.7, 16.2, 21.7, 16.2]	[front, front, down, left]	[509.7978, 164.7685, 1114.9281, 232.6324]
82   	31685.94    	0.023   	1.0000  	[21.7, 16.2, 16.2, 16.2]	[front, front, back, left]	[459.6559, 182.7852, 956.0925, 210.7938]
83   	31046.13    	0.023   	1.0000  	[21.7, 16.2, 16.2, 16.2]	[front, front, hover, left]	[435.2625, 219.2922, 751.4771, 202.7962]
84   	30448.01    	0.022   	1.0000  	[21.7, 16.2, 16.2, 16.2]	[hover, front, hover, left]	[384.7390, 301.4324, 575.9994, 217.0609]
85   	29939.31    	0.022   	1.0000  	[21.7, 16.2, 16.2, 16.2]	[hover, front, hover, left]	[334.8418, 340.3063, 455.1830, 214.2083]
86   	29427.41    	0.021   	1.0000  	[21.7, 16.2, 16.2, 16.2]	[back, left, left, left]	[299.1193, 343.6441, 373.2076, 206.7276]
87   	28952.30    	0.021   	1.0000  	[21.7, 16.2, 16.2, 16.2]	[back, left, left, left]	[303.4831, 316.2465, 364.1495, 205.8068]
88   	28488.98    	0.020   	1.0000  	[21.7, 16.2, 16.2, 16.2]	[back, left, left, left]	[320.5003, 322.3987, 314.4161, 222.3071]
89   	28016.48    	0.020   	1.0000  	[21.7, 16.2, 16.2, 16.2]	[hover, left, left, left]	[260.4577, 342.3473, 265.8212, 265.5102]
90   	27565.29    	0.020   	1.0000  	[21.7, 16.2, 16.2, 16.2]	[hover, left, front, left]	[211.5322, 355.6371, 216.8122, 305.8795]
91   	27184.11    	0.019   	1.0000  	[21.7, 16.2, 16.2, 16.2]	[hover, left, right, left]	[182.5020, 382.3698, 186.5524, 224.5921]
92   	26732.53    	0.019   	1.0000  	[21.7, 16.2, 16.2, 16.2]	[right, left, up, down]	[182.1437, 422.4551, 169.6756, 212.0741]
93   	26338.19    	0.018   	1.0000  	[21.7, 16.2, 21.7, 10.8]	[left, left, right, front]	[142.2580, 463.3526, 197.7567, 154.4096]
94   	25905.24    	0.018   	1.0000  	[21.7, 16.2, 21.7, 10.8]	[right, left, right, hover]	[144.2398, 507.2806, 211.8202, 92.9726]
95   	25404.45    	0.018   	1.0000  	[21.7, 16.2, 21.7, 10.8]	[right, left, front, hover]	[156.3993, 532.4541, 193.9452, 56.9658]
96   	24839.97    	0.017   	1.0000  	[21.7, 16.2, 21.7, 10.8]	[right, left, front, front]	[143.8109, 548.9161, 170.1867, 33.5870]
97   	24345.54    	0.017   	1.0000  	[21.7, 16.2, 21.7, 10.8]	[right, back, front, right]	[148.0911, 569.3082, 166.2205, 28.0790]
98   	23901.35    	0.017   	1.0000  	[21.7, 16.2, 21.7, 10.8]	[right, back, front, right]	[168.2621, 528.7105, 152.5797, 25.5278]
99   	23452.17    	0.016   	1.0000  	[21.7, 16.2, 21.7, 10.8]	[right, back, front, right]	[209.1204, 543.8643, 152.1114, 28.2099]
[2025-12-18T15:01:03]
Strategy: greedy_ig
Pairwise: equal
News mode: IGd
Num agents: 4
Iteration: 8
Error margin: None
Gaussian radius 5 
Grid info: range: 0-50-50, cell_size:0.125, map shape: (400, 400), center:True
init UAV positions: [(-5.0, -5.0, 5.4), (-5.0, 25.0, 5.4), (20.0, -10.0, 5.4), (5.0, 25.0, 5.4)]
mcts_params: {}
Step	Entropy	MSE	Coverage	Heights	Actions	IGs
------------------------------------------------------------------------------------------------------------------------
0    	160000.00   	0.250   	0.0000  	[5.4, 5.4, 5.4, 5.4]	[-, -, -, -]	[-, -, -, -]
1    	159332.39   	0.244   	0.0469  	[5.4, 5.4, 5.4, 5.4]	[up, up, up, up]	[3904.5582, 1952.2791, 3514.1024, 1735.3592]
2    	158719.12   	0.239   	0.1750  	[10.8, 10.8, 10.8, 10.8]	[up, back, up, back]	[4382.9647, 1846.7883, 3204.0331, 1797.9315]
3    	157923.83   	0.234   	0.3328  	[16.2, 10.8, 16.2, 10.8]	[up, up, left, up]	[4470.8090, 2138.8306, 3258.7203, 1811.3786]
4    	157164.09   	0.228   	0.5250  	[21.7, 16.2, 16.2, 16.2]	[back, back, up, back]	[3840.2895, 2054.1372, 2999.9362, 1934.6239]
5    	156339.16   	0.223   	0.6383  	[21.7, 16.2, 21.7, 16.2]	[left, back, left, back]	[3452.8810, 2171.8035, 3201.6048, 2073.6724]
6    	155573.74   	0.218   	0.6969  	[21.7, 16.2, 21.7, 16.2]	[left, left, left, right]	[3299.6007, 2223.5059, 3221.4006, 2506.7191]
7    	154890.61   	0.213   	0.7758  	[21.7, 16.2, 21.7, 16.2]	[back, left, front, right]	[2956.5401, 2655.0253, 3004.4468, 2686.0332]
8    	154209.88   	0.208   	0.8711  	[21.7, 16.2, 21.7, 16.2]	[left, left, left, right]	[2689.2505, 2693.8698, 2998.0244, 2714.0597]
9    	153455.19   	0.204   	0.9305  	[21.7, 16.2, 21.7, 16.2]	[back, back, front, back]	[2197.3917, 2610.2575, 2870.7599, 2384.7783]
10   	152550.64   	0.200   	0.9514  	[21.7, 16.2, 21.7, 16.2]	[down, back, left, back]	[2060.8233, 2639.7664, 2711.9060, 2322.9920]
11   	151490.50   	0.195   	0.9516  	[16.2, 16.2, 21.7, 16.2]	[back, back, left, back]	[1610.3146, 2578.6631, 2519.3707, 2366.7802]
12   	150316.02   	0.191   	0.9516  	[16.2, 16.2, 21.7, 16.2]	[left, back, left, back]	[1284.5940, 2472.7514, 2327.2537, 2491.1711]
13   	149031.05   	0.187   	0.9516  	[16.2, 16.2, 21.7, 16.2]	[front, back, front, back]	[974.5120, 1980.3156, 2031.7979, 2488.7980]
14   	147653.26   	0.183   	0.9516  	[16.2, 16.2, 21.7, 16.2]	[back, back, front, back]	[769.4719, 1998.1099, 2188.1640, 2614.8376]
15   	146223.37   	0.179   	0.9516  	[16.2, 16.2, 21.7, 16.2]	[right, back, front, back]	[616.2529, 1834.7123, 2543.9456, 2737.9404]
16   	144789.18   	0.175   	0.9516  	[16.2, 16.2, 21.7, 16.2]	[right, back, front, back]	[605.0295, 1811.9020, 2901.6490, 2844.1509]
17   	143365.84   	0.171   	0.9516  	[16.2, 16.2, 21.7, 16.2]	[right, back, front, back]	[705.2789, 1895.9346, 3193.2662, 2921.9778]
18   	141950.60   	0.167   	0.9531  	[16.2, 16.2, 21.7, 16.2]	[right, up, left, back]	[918.8875, 2043.3222, 3087.3032, 2914.2076]
19   	140386.37   	0.163   	0.9750  	[16.2, 21.7, 21.7, 16.2]	[right, right, left, left]	[1124.8589, 2098.9321, 3040.3172, 2278.3594]
20   	138831.74   	0.159   	0.9756  	[16.2, 21.7, 21.7, 16.2]	[right, right, left, right]	[1118.2957, 2009.9743, 3053.0552, 1458.8252]
21   	137194.57   	0.155   	0.9756  	[16.2, 21.7, 21.7, 16.2]	[right, right, left, right]	[1271.8761, 2060.5483, 2673.3523, 1249.1489]
22   	135499.43   	0.151   	0.9884  	[16.2, 21.7, 21.7, 16.2]	[right, right, down, right]	[1337.2935, 2111.1954, 2315.4180, 785.2454]
23   	133941.11   	0.148   	0.9884  	[16.2, 21.7, 16.2, 16.2]	[right, front, front, front]	[1315.1095, 2312.1805, 1945.0178, 536.1869]
24   	132310.39   	0.145   	0.9884  	[16.2, 21.7, 16.2, 16.2]	[right, right, left, front]	[1402.7965, 2345.9117, 1626.9825, 426.5670]
25   	130718.26   	0.142   	0.9884  	[16.2, 21.7, 16.2, 16.2]	[front, front, back, front]	[1355.6615, 2208.9549, 1269.4939, 403.8767]
26   	129103.43   	0.139   	0.9888  	[16.2, 21.7, 16.2, 16.2]	[right, right, back, front]	[1417.9024, 2187.1177, 1207.0178, 393.7734]
27   	127397.73   	0.137   	0.9903  	[16.2, 21.7, 16.2, 16.2]	[front, front, back, front]	[1269.3196, 2015.2599, 1450.5358, 380.7216]
28   	125678.70   	0.134   	0.9919  	[16.2, 21.7, 16.2, 16.2]	[front, front, back, front]	[1297.3948, 1886.7508, 1649.9764, 386.5403]
29   	123973.35   	0.131   	0.9934  	[16.2, 21.7, 16.2, 16.2]	[front, front, back, front]	[1335.6322, 1781.0440, 1844.6106, 408.9887]
30   	122238.02   	0.128   	0.9950  	[16.2, 21.7, 16.2, 16.2]	[front, front, back, front]	[1377.9776, 1714.0200, 2033.0752, 437.1121]
31   	120587.33   	0.125   	0.9966  	[16.2, 21.7, 16.2, 16.2]	[left, front, back, front]	[1450.3422, 1655.4274, 2190.0626, 570.2265]
32   	118829.55   	0.121   	0.9981  	[16.2, 21.7, 16.2, 16.2]	[front, front, back, front]	[1645.4629, 1626.2805, 2391.6347, 673.7680]
33   	117152.00   	0.118   	0.9997  	[16.2, 21.7, 16.2, 16.2]	[front, down, back, front]	[1723.9473, 1442.3613, 2483.5546, 528.7380]
34   	115609.08   	0.115   	0.9997  	[16.2, 16.2, 16.2, 16.2]	[front, front, back, down]	[1726.4072, 1292.6076, 2370.5127, 597.2432]
35   	114042.46   	0.113   	0.9997  	[16.2, 16.2, 16.2, 10.8]	[up, right, right, hover]	[1870.1121, 1131.4408, 2287.5157, 349.4979]
36   	112359.33   	0.110   	0.9997  	[21.7, 16.2, 16.2, 10.8]	[left, right, right, hover]	[1476.1787, 1152.3196, 2034.9258, 211.4054]
37   	110692.43   	0.107   	0.9997  	[21.7, 16.2, 16.2, 10.8]	[left, right, right, hover]	[1473.3123, 1234.0751, 1806.0697, 119.9560]
38   	109178.31   	0.104   	0.9997  	[21.7, 16.2, 16.2, 10.8]	[left, right, right, left]	[1825.3260, 1102.4903, 1647.6670, 82.2965]
39   	107666.10   	0.102   	0.9997  	[21.7, 16.2, 16.2, 10.8]	[left, back, right, left]	[2082.9355, 1098.1939, 1511.4329, 108.3707]
40   	106159.49   	0.100   	0.9997  	[21.7, 16.2, 16.2, 10.8]	[left, back, right, left]	[2202.6415, 1273.0395, 1409.0814, 140.5070]
41   	104586.07   	0.098   	0.9997  	[21.7, 16.2, 16.2, 10.8]	[left, back, right, left]	[2403.7159, 1519.6242, 1285.2181, 229.6246]
42   	102959.39   	0.096   	0.9997  	[21.7, 16.2, 16.2, 10.8]	[left, back, right, up]	[2513.8363, 1654.6609, 1190.4995, 331.5243]
43   	101168.63   	0.093   	0.9997  	[21.7, 16.2, 16.2, 16.2]	[left, back, right, left]	[2573.8515, 1663.1271, 1072.5041, 563.0935]
44   	98975.50    	0.091   	0.9997  	[21.7, 16.2, 16.2, 16.2]	[front, back, right, left]	[2597.4213, 1618.8691, 944.8251, 1044.0230]
45   	96732.56    	0.088   	0.9997  	[21.7, 16.2, 16.2, 16.2]	[left, back, right, left]	[2255.7621, 1429.0298, 695.4390, 1389.2998]
46   	94681.35    	0.085   	0.9997  	[21.7, 16.2, 16.2, 16.2]	[front, left, back, left]	[1937.2012, 1074.5999, 598.0965, 1419.6640]
47   	92494.42    	0.083   	1.0000  	[21.7, 16.2, 16.2, 16.2]	[down, back, down, back]	[1620.1621, 1200.8492, 459.1607, 1598.7645]
48   	90187.94    	0.080   	1.0000  	[16.2, 16.2, 10.8, 16.2]	[left, back, right, back]	[1387.4490, 1394.3774, 367.1418, 1927.9008]
49   	87790.65    	0.077   	1.0000  	[16.2, 16.2, 10.8, 16.2]	[front, back, hover, back]	[1289.0970, 1553.7417, 210.8088, 2215.0025]
50   	85661.98    	0.075   	1.0000  	[16.2, 16.2, 10.8, 16.2]	[right, left, hover, back]	[1060.5337, 1321.2421, 164.4738, 2315.7252]
51   	83648.88    	0.073   	1.0000  	[16.2, 16.2, 10.8, 16.2]	[right, left, up, back]	[912.1870, 1146.8384, 132.5743, 2500.5985]
52   	81701.32    	0.071   	1.0000  	[16.2, 16.2, 16.2, 16.2]	[right, left, front, back]	[946.2733, 911.2569, 172.3194, 2573.2298]
53   	79673.51    	0.069   	1.0000  	[16.2, 16.2, 16.2, 16.2]	[right, left, front, back]	[1095.6548, 762.4170, 247.9435, 2462.6426]
54   	77697.62    	0.067   	1.0000  	[16.2, 16.2, 16.2, 16.2]	[right, left, front, left]	[1178.3036, 615.0468, 347.2745, 2371.0596]
55   	75679.07    	0.065   	1.0000  	[16.2, 16.2, 16.2, 16.2]	[right, left, front, left]	[1248.1927, 600.7340, 553.2306, 2317.9952]
56   	73609.93    	0.063   	1.0000  	[16.2, 16.2, 16.2, 16.2]	[right, left, front, left]	[1326.6506, 634.3555, 878.1220, 2322.8727]
57   	71287.19    	0.061   	1.0000  	[16.2, 16.2, 16.2, 16.2]	[right, left, front, up]	[1399.0047, 680.8948, 1204.1794, 2105.4767]
58   	69185.90    	0.058   	1.0000  	[16.2, 16.2, 16.2, 21.7]	[right, left, front, front]	[1428.9335, 725.6206, 1487.9372, 1797.2340]
59   	66969.83    	0.056   	1.0000  	[16.2, 16.2, 16.2, 21.7]	[right, left, front, front]	[1396.4380, 863.3804, 1516.3324, 1811.7537]
60   	64774.73    	0.053   	1.0000  	[16.2, 16.2, 16.2, 21.7]	[right, hover, front, front]	[1185.9367, 711.1912, 1303.8150, 1863.5640]
61   	62938.08    	0.051   	1.0000  	[16.2, 16.2, 16.2, 21.7]	[front, hover, left, front]	[764.2792, 583.9595, 1283.4185, 1858.8716]
62   	60989.41    	0.049   	1.0000  	[16.2, 16.2, 16.2, 21.7]	[down, front, front, front]	[653.7832, 477.0544, 1614.8713, 1913.7259]
63   	59147.25    	0.047   	1.0000  	[10.8, 16.2, 16.2, 21.7]	[right, front, front, hover]	[497.1946, 440.3024, 1509.2610, 1620.5793]
64   	57457.14    	0.046   	1.0000  	[10.8, 16.2, 16.2, 21.7]	[back, front, left, down]	[295.3826, 462.2047, 1355.1095, 1388.5036]
65   	55882.50    	0.044   	1.0000  	[10.8, 16.2, 16.2, 16.2]	[back, front, left, front]	[296.9312, 507.0455, 1318.1952, 1433.4120]
66   	54541.67    	0.043   	1.0000  	[10.8, 16.2, 16.2, 16.2]	[back, front, left, left]	[359.0064, 519.6954, 1262.9392, 1167.6085]
67   	53379.34    	0.042   	1.0000  	[10.8, 16.2, 16.2, 16.2]	[back, front, left, front]	[386.0684, 488.1672, 1181.9705, 813.2282]
68   	52354.20    	0.041   	1.0000  	[10.8, 16.2, 16.2, 16.2]	[back, front, front, down]	[349.2874, 500.7144, 1033.9116, 645.6507]
69   	51443.62    	0.040   	1.0000  	[10.8, 16.2, 16.2, 10.8]	[back, front, left, left]	[319.1336, 561.8750, 869.0479, 482.2420]
70   	50640.75    	0.040   	1.0000  	[10.8, 16.2, 16.2, 10.8]	[up, front, hover, hover]	[309.1572, 540.2828, 670.9420, 277.6970]
71   	49869.08    	0.039   	1.0000  	[16.2, 16.2, 16.2, 10.8]	[left, front, left, back]	[318.6693, 497.1591, 536.8958, 170.1461]
72   	49234.80    	0.038   	1.0000  	[16.2, 16.2, 16.2, 10.8]	[left, hover, right, back]	[319.5920, 347.5931, 422.5506, 174.0431]
73   	48632.26    	0.038   	1.0000  	[16.2, 16.2, 16.2, 10.8]	[left, front, right, back]	[391.3045, 334.5998, 367.0532, 272.6747]
74   	48004.58    	0.037   	1.0000  	[16.2, 16.2, 16.2, 10.8]	[left, down, right, back]	[383.7300, 403.2496, 398.1677, 399.9099]
75   	47356.38    	0.037   	1.0000  	[16.2, 10.8, 16.2, 10.8]	[left, left, right, back]	[380.2157, 387.4915, 482.2750, 484.1481]
76   	46690.68    	0.036   	1.0000  	[16.2, 10.8, 16.2, 10.8]	[left, hover, right, back]	[377.6837, 251.2030, 615.3804, 577.5594]
77   	46017.68    	0.035   	1.0000  	[16.2, 10.8, 16.2, 10.8]	[left, hover, right, back]	[366.9137, 159.6593, 661.4233, 681.1467]
78   	45328.66    	0.035   	1.0000  	[16.2, 10.8, 16.2, 10.8]	[left, up, back, back]	[381.6454, 119.1359, 511.9146, 785.2163]
79   	44458.38    	0.034   	1.0000  	[16.2, 16.2, 16.2, 10.8]	[left, back, front, back]	[382.9077, 113.6020, 415.4155, 1145.2381]
80   	43386.94    	0.033   	1.0000  	[16.2, 16.2, 16.2, 10.8]	[left, right, back, back]	[469.0004, 110.3868, 334.4134, 1511.2128]
81   	42216.00    	0.032   	1.0000  	[16.2, 16.2, 16.2, 10.8]	[left, right, back, back]	[603.1490, 109.9754, 281.1089, 1729.6727]
82   	40983.91    	0.031   	1.0000  	[16.2, 16.2, 16.2, 10.8]	[left, right, up, back]	[660.2162, 150.5643, 255.1122, 1845.3406]
83   	39778.05    	0.030   	1.0000  	[16.2, 16.2, 21.7, 10.8]	[back, right, left, right]	[562.3489, 187.5054, 265.9229, 1825.8691]
84   	38511.33    	0.029   	1.0000  	[16.2, 16.2, 21.7, 10.8]	[hover, right, back, right]	[444.5243, 226.3640, 239.8844, 1835.2898]
85   	37221.28    	0.028   	1.0000  	[16.2, 16.2, 21.7, 10.8]	[front, right, back, right]	[360.5832, 298.8396, 241.4259, 1897.4893]
86   	35878.61    	0.026   	1.0000  	[16.2, 16.2, 21.7, 10.8]	[front, back, left, right]	[345.6094, 304.8159, 237.1128, 1973.8469]
87   	34492.27    	0.025   	1.0000  	[16.2, 16.2, 21.7, 10.8]	[front, back, left, right]	[309.9936, 278.0365, 216.8560, 2036.2269]
88   	33318.59    	0.024   	1.0000  	[16.2, 16.2, 21.7, 10.8]	[front, back, left, right]	[299.2329, 232.5764, 210.9264, 1742.5651]
89   	32382.77    	0.024   	1.0000  	[16.2, 16.2, 21.7, 10.8]	[front, back, back, right]	[337.4248, 199.1621, 196.0570, 1233.3492]
90   	31584.78    	0.023   	1.0000  	[16.2, 16.2, 21.7, 10.8]	[front, down, back, up]	[411.7277, 177.2140, 241.7310, 910.7985]
91   	30798.66    	0.022   	1.0000  	[16.2, 10.8, 21.7, 16.2]	[hover, back, left, front]	[331.8078, 184.5182, 215.6309, 840.5013]
92   	30147.62    	0.022   	1.0000  	[16.2, 10.8, 21.7, 16.2]	[right, right, left, left]	[259.6071, 171.7079, 192.6924, 678.9485]
93   	29582.05    	0.021   	1.0000  	[16.2, 10.8, 21.7, 16.2]	[left, right, left, left]	[206.7561, 128.4516, 234.4386, 593.2792]
94   	29008.50    	0.021   	1.0000  	[16.2, 10.8, 21.7, 16.2]	[right, right, left, front]	[162.6543, 127.0818, 284.0846, 495.2648]
95   	28439.29    	0.020   	1.0000  	[16.2, 10.8, 21.7, 16.2]	[right, right, left, front]	[151.7456, 147.1873, 309.3362, 438.1951]
96   	27879.90    	0.020   	1.0000  	[16.2, 10.8, 21.7, 16.2]	[right, right, left, right]	[171.6704, 251.8626, 290.4231, 425.6065]
97   	27285.33    	0.020   	1.0000  	[16.2, 10.8, 21.7, 16.2]	[right, right, back, right]	[205.9075, 322.2560, 335.5909, 411.0198]
98   	26623.44    	0.019   	1.0000  	[16.2, 10.8, 21.7, 16.2]	[right, up, back, front]	[236.4384, 359.2738, 419.8875, 384.9423]
99   	25925.04    	0.019   	1.0000  	[16.2, 16.2, 21.7, 16.2]	[right, back, back, front]	[245.9643, 344.4060, 496.7087, 376.1918]
[2025-12-18T15:01:12]
Strategy: greedy_ig
Pairwise: equal
News mode: IGd
Num agents: 4
Iteration: 9
Error margin: None
Gaussian radius 5 
Grid info: range: 0-50-50, cell_size:0.125, map shape: (400, 400), center:True
init UAV positions: [(-15.0, 0.0, 5.4), (0.0, 5.0, 5.4), (10.0, -20.0, 5.4), (5.0, 5.0, 5.4)]
mcts_params: {}
Step	Entropy	MSE	Coverage	Heights	Actions	IGs
------------------------------------------------------------------------------------------------------------------------
0    	160000.00   	0.250   	0.0000  	[5.4, 5.4, 5.4, 5.4]	[-, -, -, -]	[-, -, -, -]
1    	158997.73   	0.242   	0.0594  	[5.4, 5.4, 5.4, 5.4]	[up, up, up, up]	[3904.5582, 3904.5582, 3514.1024, 2231.1761]
2    	158107.71   	0.236   	0.2062  	[10.8, 10.8, 10.8, 10.8]	[up, up, up, right]	[4324.8896, 2606.6553, 3204.0331, 1969.5005]
3    	157023.12   	0.229   	0.3934  	[16.2, 16.2, 16.2, 10.8]	[up, up, front, up]	[3320.5988, 2837.7621, 3277.4855, 2410.0298]
4    	156088.63   	0.223   	0.5637  	[21.7, 21.7, 16.2, 16.2]	[back, left, up, right]	[2802.4140, 2204.3970, 3106.4973, 2631.5640]
5    	155184.52   	0.218   	0.6778  	[21.7, 21.7, 21.7, 16.2]	[back, front, front, right]	[2570.1622, 2491.6286, 3078.9061, 2539.8243]
6    	154276.25   	0.213   	0.7606  	[21.7, 21.7, 21.7, 16.2]	[back, front, front, front]	[2787.3078, 2895.3729, 2896.3369, 2306.2139]
7    	153315.48   	0.208   	0.8341  	[21.7, 21.7, 21.7, 16.2]	[back, left, front, front]	[2992.9968, 2966.9599, 2805.0123, 2442.4586]
8    	152381.48   	0.203   	0.8942  	[21.7, 21.7, 21.7, 16.2]	[right, left, right, front]	[2985.0525, 2985.6802, 2783.9807, 2710.2276]
9    	151329.76   	0.198   	0.9466  	[21.7, 21.7, 21.7, 16.2]	[right, left, front, front]	[2897.4260, 3097.2804, 2735.1020, 2219.8057]
10   	150204.09   	0.193   	0.9716  	[21.7, 21.7, 21.7, 16.2]	[right, front, front, left]	[2784.6163, 2655.4651, 2697.0216, 1876.1840]
11   	148948.56   	0.189   	0.9872  	[21.7, 21.7, 21.7, 16.2]	[right, back, front, left]	[2791.3698, 2272.7321, 2491.9007, 1697.7402]
12   	147546.02   	0.185   	0.9897  	[21.7, 21.7, 21.7, 16.2]	[right, back, front, left]	[2790.7066, 2052.4538, 2349.5349, 1683.3650]
13   	146024.58   	0.180   	0.9912  	[21.7, 21.7, 21.7, 16.2]	[right, back, front, left]	[2834.4389, 2005.5013, 2352.1835, 1747.8391]
14   	144388.00   	0.175   	0.9928  	[21.7, 21.7, 21.7, 16.2]	[right, back, front, left]	[2991.8110, 2209.2430, 2500.4804, 1910.2780]
15   	142778.77   	0.170   	0.9944  	[21.7, 21.7, 21.7, 16.2]	[right, back, front, left]	[3265.7829, 2487.7124, 2379.7050, 2205.0140]
16   	141249.09   	0.166   	0.9950  	[21.7, 21.7, 21.7, 16.2]	[right, back, down, left]	[3270.0567, 2843.8159, 2529.3189, 2605.1489]
17   	139698.08   	0.161   	1.0000  	[21.7, 21.7, 16.2, 16.2]	[front, back, front, left]	[3138.3590, 3011.7168, 2076.2838, 2627.2515]
18   	137956.14   	0.157   	1.0000  	[21.7, 21.7, 16.2, 16.2]	[front, back, left, back]	[3069.0453, 3177.5633, 1764.0989, 2728.4616]
19   	136060.53   	0.152   	1.0000  	[21.7, 21.7, 16.2, 16.2]	[front, back, left, left]	[2972.3505, 3027.0048, 1871.6258, 2725.6074]
20   	133863.36   	0.148   	1.0000  	[21.7, 21.7, 16.2, 16.2]	[front, right, left, back]	[2830.0101, 2773.8845, 1939.1401, 2581.6256]
21   	131420.88   	0.143   	1.0000  	[21.7, 21.7, 16.2, 16.2]	[front, right, left, back]	[2723.1348, 2624.6628, 1911.8329, 2481.8103]
22   	128784.60   	0.139   	1.0000  	[21.7, 21.7, 16.2, 16.2]	[front, right, left, back]	[2738.9120, 2595.6596, 1970.9131, 2404.7569]
23   	126048.60   	0.134   	1.0000  	[21.7, 21.7, 16.2, 16.2]	[front, right, left, back]	[2888.5393, 2613.5489, 2152.7816, 2479.3592]
24   	123252.74   	0.129   	1.0000  	[21.7, 21.7, 16.2, 16.2]	[front, right, left, back]	[3142.2330, 2747.1017, 2436.3529, 2718.9266]
25   	120372.07   	0.124   	1.0000  	[21.7, 21.7, 16.2, 16.2]	[left, right, left, back]	[3067.4822, 2884.5560, 2615.9769, 2853.7372]
26   	117485.07   	0.119   	1.0000  	[21.7, 21.7, 16.2, 16.2]	[left, right, left, up]	[2842.6735, 3052.1588, 2610.1075, 2918.8765]
27   	114433.88   	0.114   	1.0000  	[21.7, 21.7, 16.2, 21.7]	[left, right, back, back]	[2571.4335, 3155.0241, 2369.7067, 3002.0257]
28   	111235.18   	0.110   	1.0000  	[21.7, 21.7, 16.2, 21.7]	[left, front, back, back]	[2269.5121, 2888.9656, 2140.0491, 3073.0990]
29   	107968.45   	0.105   	1.0000  	[21.7, 21.7, 16.2, 21.7]	[left, front, back, back]	[2004.8980, 2593.2000, 2001.4825, 2868.1827]
30   	104426.24   	0.101   	1.0000  	[21.7, 21.7, 16.2, 21.7]	[left, front, back, right]	[1822.9576, 2424.9343, 1986.4539, 2614.7328]
31   	100750.61   	0.096   	1.0000  	[21.7, 21.7, 16.2, 21.7]	[left, front, back, right]	[1792.4482, 2312.9937, 1914.7071, 2379.8726]
32   	96943.59    	0.092   	1.0000  	[21.7, 21.7, 16.2, 21.7]	[left, front, back, right]	[1923.7369, 2304.1725, 1972.5324, 2284.5520]
33   	93324.85    	0.088   	1.0000  	[21.7, 21.7, 16.2, 21.7]	[front, front, back, right]	[1867.8778, 2302.9142, 2303.6023, 2323.2106]
34   	89698.66    	0.084   	1.0000  	[21.7, 21.7, 16.2, 21.7]	[down, front, back, right]	[2057.2407, 2473.9845, 2456.1320, 2493.8953]
35   	86104.45    	0.079   	1.0000  	[16.2, 21.7, 16.2, 21.7]	[left, front, back, right]	[1964.8186, 2702.0053, 2588.5041, 2788.4033]
36   	82936.37    	0.075   	1.0000  	[16.2, 21.7, 16.2, 21.7]	[left, front, back, right]	[1510.1891, 2439.7236, 2807.8662, 2972.5608]
37   	79875.50    	0.072   	1.0000  	[16.2, 21.7, 16.2, 21.7]	[right, down, right, right]	[1202.7746, 2198.5525, 2630.3943, 3041.7388]
38   	77443.74    	0.069   	1.0000  	[16.2, 16.2, 16.2, 21.7]	[hover, right, back, right]	[930.9047, 1955.0413, 2382.5513, 2664.7383]
39   	75329.32    	0.066   	1.0000  	[16.2, 16.2, 16.2, 21.7]	[back, front, right, down]	[757.3004, 1650.7026, 1961.9585, 2609.5644]
40   	73682.65    	0.064   	1.0000  	[16.2, 16.2, 16.2, 16.2]	[up, hover, right, right]	[769.0227, 1257.5097, 1510.2387, 2062.2680]
41   	72320.68    	0.063   	1.0000  	[21.7, 16.2, 16.2, 16.2]	[right, back, front, left]	[772.7909, 972.0360, 1247.2506, 1570.1611]
42   	71130.81    	0.061   	1.0000  	[21.7, 16.2, 16.2, 16.2]	[back, back, up, right]	[705.2721, 824.2850, 1125.8066, 1263.2977]
43   	69957.21    	0.060   	1.0000  	[21.7, 16.2, 21.7, 16.2]	[back, back, front, front]	[622.5777, 749.5688, 1001.7963, 1091.9241]
44   	68755.79    	0.059   	1.0000  	[21.7, 16.2, 21.7, 16.2]	[back, back, front, front]	[536.5300, 623.4725, 841.3470, 834.8528]
45   	67704.28    	0.058   	1.0000  	[21.7, 16.2, 21.7, 16.2]	[back, back, right, back]	[462.1514, 464.3931, 697.8991, 544.1549]
46   	66600.61    	0.057   	1.0000  	[21.7, 16.2, 21.7, 16.2]	[back, back, front, back]	[513.2756, 485.6267, 592.7237, 470.8960]
47   	65541.22    	0.055   	1.0000  	[21.7, 16.2, 21.7, 16.2]	[back, back, front, back]	[525.7373, 520.6388, 604.6658, 531.1862]
48   	64410.32    	0.054   	1.0000  	[21.7, 16.2, 21.7, 16.2]	[back, back, down, left]	[731.0059, 574.4907, 792.9252, 412.8215]
49   	63258.25    	0.053   	1.0000  	[21.7, 16.2, 16.2, 16.2]	[back, back, front, left]	[955.0102, 535.6509, 732.2908, 394.0216]
50   	62155.03    	0.052   	1.0000  	[21.7, 16.2, 16.2, 16.2]	[back, back, right, left]	[882.2438, 608.5991, 674.3095, 409.0256]
51   	61079.46    	0.051   	1.0000  	[21.7, 16.2, 16.2, 16.2]	[down, back, right, left]	[910.7819, 678.4708, 723.0458, 443.8440]
52   	60175.96    	0.050   	1.0000  	[16.2, 16.2, 16.2, 16.2]	[left, right, right, left]	[880.5699, 669.9292, 631.3256, 593.2910]
53   	59287.80    	0.049   	1.0000  	[16.2, 16.2, 16.2, 16.2]	[left, left, up, left]	[724.3333, 621.8456, 631.7065, 607.1324]
54   	58467.79    	0.048   	1.0000  	[16.2, 16.2, 21.7, 16.2]	[hover, hover, right, left]	[541.2681, 521.7086, 637.4470, 628.0504]
55   	57609.40    	0.047   	1.0000  	[16.2, 16.2, 21.7, 16.2]	[hover, left, right, left]	[377.1100, 482.1042, 708.6365, 580.8802]
56   	56810.80    	0.046   	1.0000  	[16.2, 16.2, 21.7, 16.2]	[left, left, front, left]	[256.3163, 466.0636, 702.6229, 615.7173]
57   	56042.88    	0.045   	1.0000  	[16.2, 16.2, 21.7, 16.2]	[down, left, front, left]	[181.3262, 497.2698, 689.2424, 747.3800]
58   	55240.93    	0.044   	1.0000  	[10.8, 16.2, 21.7, 16.2]	[back, left, front, left]	[154.7860, 541.0400, 725.5284, 625.4072]
59   	54492.92    	0.044   	1.0000  	[10.8, 16.2, 21.7, 16.2]	[right, left, front, front]	[84.6019, 610.9458, 681.7315, 503.6755]
60   	53777.80    	0.043   	1.0000  	[10.8, 16.2, 21.7, 16.2]	[right, left, hover, front]	[87.6630, 573.5921, 590.1759, 450.9395]
61   	53021.19    	0.042   	1.0000  	[10.8, 16.2, 21.7, 16.2]	[right, left, hover, front]	[113.5078, 440.6855, 518.7400, 468.4469]
62   	52197.70    	0.041   	1.0000  	[10.8, 16.2, 21.7, 16.2]	[right, left, hover, front]	[112.0907, 396.6765, 453.2434, 502.1365]
63   	51318.29    	0.041   	1.0000  	[10.8, 16.2, 21.7, 16.2]	[right, left, hover, front]	[175.6063, 637.8810, 392.8554, 557.3042]
64   	50350.14    	0.040   	1.0000  	[10.8, 16.2, 21.7, 16.2]	[right, left, left, front]	[338.3190, 1055.5944, 359.4541, 622.1852]
65   	49463.10    	0.039   	1.0000  	[10.8, 16.2, 21.7, 16.2]	[right, hover, left, front]	[502.4511, 948.2684, 358.9498, 664.7721]
66   	48546.51    	0.038   	1.0000  	[10.8, 16.2, 21.7, 16.2]	[right, front, back, front]	[603.6218, 821.0032, 326.6960, 734.7914]
67   	47618.42    	0.037   	1.0000  	[10.8, 16.2, 21.7, 16.2]	[right, front, left, front]	[689.3166, 673.3138, 295.6201, 814.3225]
68   	46646.62    	0.036   	1.0000  	[10.8, 16.2, 21.7, 16.2]	[right, front, left, front]	[788.3514, 572.8296, 274.7758, 885.3572]
69   	45669.91    	0.035   	1.0000  	[10.8, 16.2, 21.7, 16.2]	[right, front, left, front]	[911.9798, 511.2122, 278.6362, 790.9649]
70   	44692.66    	0.034   	1.0000  	[10.8, 16.2, 21.7, 16.2]	[right, front, left, hover]	[1065.2414, 493.2070, 294.6453, 549.6394]
71   	43803.92    	0.034   	1.0000  	[10.8, 16.2, 21.7, 16.2]	[right, front, left, front]	[1115.2845, 438.1408, 287.1841, 385.5955]
72   	42918.21    	0.033   	1.0000  	[10.8, 16.2, 21.7, 16.2]	[front, front, left, down]	[804.0882, 389.9255, 270.2949, 328.2762]
73   	42047.51    	0.032   	1.0000  	[10.8, 16.2, 21.7, 10.8]	[up, front, front, left]	[737.0694, 306.4177, 273.8227, 248.9447]
74   	41233.66    	0.031   	1.0000  	[16.2, 16.2, 21.7, 10.8]	[left, front, back, hover]	[664.4521, 298.9922, 205.3271, 154.9821]
75   	40333.60    	0.030   	1.0000  	[16.2, 16.2, 21.7, 10.8]	[front, front, back, hover]	[632.5143, 341.4036, 234.2907, 94.8314]
76   	39367.97    	0.030   	1.0000  	[16.2, 16.2, 21.7, 10.8]	[front, front, left, back]	[633.0972, 449.6449, 288.7818, 62.9859]
77   	38554.33    	0.029   	1.0000  	[16.2, 16.2, 21.7, 10.8]	[front, right, back, back]	[630.8320, 383.2529, 294.7666, 64.6150]
78   	37805.46    	0.028   	1.0000  	[16.2, 16.2, 21.7, 10.8]	[front, right, back, back]	[675.9756, 486.5134, 316.8100, 85.3764]
79   	37017.96    	0.028   	1.0000  	[16.2, 16.2, 21.7, 10.8]	[front, right, back, back]	[713.0167, 613.9282, 345.9447, 100.1649]
80   	36197.57    	0.027   	1.0000  	[16.2, 16.2, 21.7, 10.8]	[front, right, back, back]	[779.9475, 675.8276, 395.4665, 102.4799]
81   	35355.13    	0.026   	1.0000  	[16.2, 16.2, 21.7, 10.8]	[front, right, back, back]	[866.9181, 578.1658, 447.8757, 104.0445]
82   	34452.86    	0.025   	1.0000  	[16.2, 16.2, 21.7, 10.8]	[front, right, back, back]	[941.3112, 477.1674, 543.7665, 100.8428]
83   	33528.76    	0.025   	1.0000  	[16.2, 16.2, 21.7, 10.8]	[front, right, back, back]	[984.0614, 363.0294, 622.8911, 90.9290]
84   	32616.47    	0.024   	1.0000  	[16.2, 16.2, 21.7, 10.8]	[front, left, right, back]	[948.9790, 275.7079, 527.5925, 94.3830]
85   	31899.04    	0.023   	1.0000  	[16.2, 16.2, 21.7, 10.8]	[hover, left, back, back]	[851.1663, 233.8075, 428.7815, 119.4106]
86   	31252.02    	0.023   	1.0000  	[16.2, 16.2, 21.7, 10.8]	[hover, left, front, back]	[743.8043, 217.1043, 371.8002, 173.0704]
87   	30623.96    	0.022   	1.0000  	[16.2, 16.2, 21.7, 10.8]	[left, left, hover, back]	[657.5714, 189.3014, 322.6518, 254.6848]
88   	30007.81    	0.022   	1.0000  	[16.2, 16.2, 21.7, 10.8]	[left, left, hover, back]	[587.2098, 205.1835, 287.2548, 301.2912]
89   	29455.63    	0.021   	1.0000  	[16.2, 16.2, 21.7, 10.8]	[left, left, left, hover]	[524.8546, 278.4191, 262.5141, 180.7273]
90   	28920.46    	0.021   	1.0000  	[16.2, 16.2, 21.7, 10.8]	[left, left, hover, right]	[471.0282, 381.7823, 228.0897, 128.9665]
91   	28490.08    	0.020   	1.0000  	[16.2, 16.2, 21.7, 10.8]	[hover, hover, right, right]	[401.8617, 297.7019, 192.5005, 100.4824]
92   	28129.72    	0.020   	1.0000  	[16.2, 16.2, 21.7, 10.8]	[hover, hover, left, right]	[319.3387, 233.9154, 174.0071, 88.9178]
93   	27820.34    	0.020   	1.0000  	[16.2, 16.2, 21.7, 10.8]	[back, hover, right, right]	[268.0554, 187.0243, 153.5173, 96.7336]
94   	27529.27    	0.020   	1.0000  	[16.2, 16.2, 21.7, 10.8]	[up, back, left, right]	[267.1298, 153.0784, 145.1562, 104.4520]
95   	27246.68    	0.019   	1.0000  	[21.7, 16.2, 21.7, 10.8]	[right, back, hover, right]	[268.4806, 133.9186, 138.9024, 119.8854]
96   	26990.93    	0.019   	1.0000  	[21.7, 16.2, 21.7, 10.8]	[right, up, hover, right]	[277.8092, 123.8004, 132.1365, 117.9457]
97   	26734.82    	0.019   	1.0000  	[21.7, 21.7, 21.7, 10.8]	[right, right, hover, front]	[296.9021, 134.3785, 123.1891, 108.2960]
98   	26502.10    	0.019   	1.0000  	[21.7, 21.7, 21.7, 10.8]	[hover, back, back, up]	[260.3770, 123.5984, 101.1244, 115.5726]
99   	26227.51    	0.018   	1.0000  	[21.7, 21.7, 21.7, 16.2]	[hover, back, down, front]	[231.0100, 139.0521, 95.1980, 227.4321]
[2025-12-18T15:01:22]
Strategy: greedy_ig
Pairwise: equal
News mode: IGd
Num agents: 4
Iteration: 10
Error margin: None
Gaussian radius 5 
Grid info: range: 0-50-50, cell_size:0.125, map shape: (400, 400), center:True
init UAV positions: [(0.0, -10.0, 5.4), (-20.0, 15.0, 5.4), (10.0, -10.0, 5.4), (20.0, 0.0, 5.4)]
mcts_params: {}
Step	Entropy	MSE	Coverage	Heights	Actions	IGs
------------------------------------------------------------------------------------------------------------------------
0    	160000.00   	0.250   	0.0000  	[5.4, 5.4, 5.4, 5.4]	[-, -, -, -]	[-, -, -, -]
1    	159099.33   	0.243   	0.0625  	[5.4, 5.4, 5.4, 5.4]	[up, up, up, up]	[3904.5582, 3514.1024, 3470.7184, 3438.5303]
2    	158090.71   	0.236   	0.2225  	[10.8, 10.8, 10.8, 10.8]	[up, up, up, up]	[3678.5597, 3204.0331, 2839.5444, 2753.5378]
3    	157099.63   	0.230   	0.4006  	[16.2, 16.2, 16.2, 16.2]	[up, right, back, left]	[3071.1737, 3250.9489, 2213.5397, 2712.5614]
4    	156343.11   	0.225   	0.5248  	[21.7, 16.2, 16.2, 16.2]	[left, right, back, front]	[2989.5636, 3118.5447, 2326.4313, 2763.2775]
5    	155625.21   	0.220   	0.6202  	[21.7, 16.2, 16.2, 16.2]	[left, right, right, left]	[3203.5400, 2972.5663, 2552.8941, 2773.1235]
6    	154883.13   	0.214   	0.7069  	[21.7, 16.2, 16.2, 16.2]	[left, up, right, up]	[3443.1061, 2924.9195, 2424.1589, 2863.1056]
7    	154176.09   	0.210   	0.8536  	[21.7, 21.7, 16.2, 21.7]	[left, back, front, front]	[3390.1914, 2850.5449, 1741.7789, 2719.5744]
8    	153440.57   	0.205   	0.9137  	[21.7, 21.7, 16.2, 21.7]	[back, right, front, front]	[3044.2189, 2865.3922, 1700.5379, 2569.7688]
9    	152606.55   	0.201   	0.9708  	[21.7, 21.7, 16.2, 21.7]	[hover, right, front, front]	[2565.4567, 2652.4301, 1909.9629, 2372.9628]
10   	151599.02   	0.196   	0.9966  	[21.7, 21.7, 16.2, 21.7]	[hover, back, front, left]	[2188.0809, 2501.0885, 2055.4380, 2178.6849]
11   	150445.31   	0.192   	0.9966  	[21.7, 21.7, 16.2, 21.7]	[hover, back, front, left]	[1798.1425, 2267.6111, 2064.6469, 2026.6306]
12   	149214.39   	0.188   	0.9966  	[21.7, 21.7, 16.2, 21.7]	[hover, back, front, left]	[1466.5064, 2095.6936, 2120.1008, 2015.3576]
13   	147846.28   	0.183   	0.9966  	[21.7, 21.7, 16.2, 21.7]	[front, back, front, left]	[1211.4842, 1842.7080, 2233.8792, 2100.9047]
14   	146331.05   	0.179   	0.9966  	[21.7, 21.7, 16.2, 21.7]	[front, back, front, left]	[1195.6933, 1557.9690, 2372.4312, 2259.2947]
15   	144664.79   	0.174   	0.9989  	[21.7, 21.7, 16.2, 21.7]	[front, back, front, left]	[969.0015, 1697.2109, 2582.3972, 2463.9117]
16   	142899.73   	0.169   	0.9989  	[21.7, 21.7, 16.2, 21.7]	[front, back, front, left]	[1324.4538, 2343.4819, 2786.8032, 2429.2475]
17   	141015.11   	0.164   	0.9989  	[21.7, 21.7, 16.2, 21.7]	[front, back, left, left]	[1470.2095, 2781.2430, 2696.8791, 2050.0654]
18   	139197.26   	0.159   	0.9997  	[21.7, 21.7, 16.2, 21.7]	[down, right, left, left]	[1286.1529, 2893.2232, 2658.1620, 2034.0551]
19   	137289.70   	0.155   	1.0000  	[16.2, 21.7, 16.2, 21.7]	[front, right, left, down]	[1211.0605, 2980.1633, 2669.0988, 1565.0051]
20   	135313.35   	0.151   	1.0000  	[16.2, 21.7, 16.2, 16.2]	[up, right, left, front]	[1276.7301, 2922.4899, 2494.2636, 1434.8504]
21   	133124.76   	0.146   	1.0000  	[21.7, 21.7, 16.2, 16.2]	[front, right, left, left]	[1407.5586, 3030.5552, 2119.1648, 1056.3988]
22   	130834.25   	0.143   	1.0000  	[21.7, 21.7, 16.2, 16.2]	[right, right, left, left]	[1366.8774, 3098.9965, 1763.3149, 871.8015]
23   	128350.83   	0.139   	1.0000  	[21.7, 21.7, 16.2, 16.2]	[right, front, left, back]	[1260.4582, 2756.7305, 1446.8237, 734.1884]
24   	125782.08   	0.135   	1.0000  	[21.7, 21.7, 16.2, 16.2]	[right, right, left, back]	[1275.3597, 2475.1277, 1463.8315, 772.2716]
25   	123086.55   	0.131   	1.0000  	[21.7, 21.7, 16.2, 16.2]	[right, front, left, back]	[1848.6226, 2240.2356, 1714.3852, 1091.2140]
26   	120323.41   	0.127   	1.0000  	[21.7, 21.7, 16.2, 16.2]	[right, front, left, back]	[2255.4855, 2009.4605, 1985.3895, 1353.3756]
27   	117375.48   	0.123   	1.0000  	[21.7, 21.7, 16.2, 16.2]	[front, front, back, back]	[2428.7123, 2010.6631, 1825.3819, 1516.7336]
28   	114459.73   	0.119   	1.0000  	[21.7, 21.7, 16.2, 16.2]	[right, front, back, back]	[2395.2583, 1758.3649, 1918.1927, 1647.8700]
29   	111654.77   	0.114   	1.0000  	[21.7, 21.7, 16.2, 16.2]	[right, down, back, back]	[2061.7271, 1541.4432, 1956.7271, 1721.6591]
30   	108718.65   	0.110   	1.0000  	[21.7, 16.2, 16.2, 16.2]	[right, front, back, back]	[2228.8310, 1233.7216, 2008.7071, 1763.7004]
31   	105989.75   	0.106   	1.0000  	[21.7, 16.2, 16.2, 16.2]	[front, front, back, back]	[1700.5206, 1252.6047, 2056.5961, 1763.6696]
32   	103491.53   	0.103   	1.0000  	[21.7, 16.2, 16.2, 16.2]	[down, right, right, right]	[1236.4893, 1200.1673, 2209.8399, 2111.4654]
33   	101199.01   	0.099   	1.0000  	[16.2, 16.2, 16.2, 16.2]	[front, front, right, back]	[1135.5589, 1305.9897, 2129.2621, 2325.1101]
34   	98836.50    	0.096   	1.0000  	[16.2, 16.2, 16.2, 16.2]	[left, front, back, right]	[829.8201, 1439.8841, 2341.1027, 2243.5509]
35   	96695.58    	0.093   	1.0000  	[16.2, 16.2, 16.2, 16.2]	[left, hover, right, right]	[725.9098, 1286.5205, 2061.7048, 2256.3929]
36   	94535.03    	0.090   	1.0000  	[16.2, 16.2, 16.2, 16.2]	[left, left, right, right]	[754.6941, 1206.9800, 1860.0608, 2305.1759]
37   	92408.78    	0.087   	1.0000  	[16.2, 16.2, 16.2, 16.2]	[left, front, back, right]	[771.1656, 1134.2833, 1527.5234, 1920.6036]
38   	90108.85    	0.085   	1.0000  	[16.2, 16.2, 16.2, 16.2]	[left, left, up, right]	[955.8883, 1086.5932, 1243.7315, 1868.1285]
39   	87839.28    	0.082   	1.0000  	[16.2, 16.2, 21.7, 16.2]	[left, left, left, right]	[1068.3941, 986.6970, 1255.5982, 2101.4494]
40   	85650.55    	0.079   	1.0000  	[16.2, 16.2, 21.7, 16.2]	[left, left, left, right]	[1174.0359, 900.5244, 1486.6699, 2403.5095]
41   	83462.14    	0.077   	1.0000  	[16.2, 16.2, 21.7, 16.2]	[left, back, back, right]	[1301.3959, 837.5199, 1790.7015, 2461.4027]
42   	81401.99    	0.074   	1.0000  	[16.2, 16.2, 21.7, 16.2]	[left, left, left, right]	[1534.6898, 784.7748, 2131.0218, 2717.5627]
43   	79429.79    	0.071   	1.0000  	[16.2, 16.2, 21.7, 16.2]	[back, left, back, right]	[1254.5266, 635.3158, 2405.8298, 2708.7861]
44   	77925.92    	0.069   	1.0000  	[16.2, 16.2, 21.7, 16.2]	[left, front, hover, right]	[898.9210, 577.5180, 2026.4942, 2353.2444]
45   	76756.98    	0.067   	1.0000  	[16.2, 16.2, 21.7, 16.2]	[hover, left, hover, hover]	[700.9889, 488.3957, 1727.9201, 1744.1220]
46   	75811.93    	0.066   	1.0000  	[16.2, 16.2, 21.7, 16.2]	[back, left, hover, hover]	[517.3512, 395.7085, 1490.1481, 1351.8522]
47   	75013.13    	0.064   	1.0000  	[16.2, 16.2, 21.7, 16.2]	[back, left, left, hover]	[401.2525, 385.1843, 1292.1459, 1060.6526]
48   	74273.77    	0.064   	1.0000  	[16.2, 16.2, 21.7, 16.2]	[right, left, right, left]	[313.9683, 357.5724, 1129.1289, 848.3164]
49   	73597.21    	0.063   	1.0000  	[16.2, 16.2, 21.7, 16.2]	[back, left, back, up]	[257.5896, 439.0385, 927.4421, 802.6484]
50   	72868.82    	0.062   	1.0000  	[16.2, 16.2, 21.7, 21.7]	[back, back, down, front]	[271.5547, 433.0517, 873.5605, 873.1785]
51   	71995.88    	0.061   	1.0000  	[16.2, 16.2, 16.2, 21.7]	[back, back, left, left]	[297.9060, 578.5654, 746.6768, 968.7013]
52   	70969.89    	0.060   	1.0000  	[16.2, 16.2, 16.2, 21.7]	[back, back, left, left]	[284.9614, 748.9242, 570.3138, 1031.9363]
53   	69820.00    	0.058   	1.0000  	[16.2, 16.2, 16.2, 21.7]	[back, back, back, left]	[266.3103, 941.0315, 393.2309, 1068.8780]
54   	68580.99    	0.057   	1.0000  	[16.2, 16.2, 16.2, 21.7]	[back, back, down, left]	[284.9508, 1105.0966, 300.4782, 996.3302]
55   	67273.27    	0.056   	1.0000  	[16.2, 16.2, 10.8, 21.7]	[back, back, left, front]	[332.3984, 1201.9805, 211.9113, 913.3531]
56   	65892.03    	0.055   	1.0000  	[16.2, 16.2, 10.8, 21.7]	[back, back, front, down]	[409.4818, 1276.6142, 137.0318, 887.1474]
57   	64504.58    	0.053   	1.0000  	[16.2, 16.2, 10.8, 16.2]	[right, back, front, front]	[349.3427, 1113.3501, 118.9558, 768.6285]
58   	63101.01    	0.052   	1.0000  	[16.2, 16.2, 10.8, 16.2]	[right, back, front, front]	[324.9040, 843.7040, 130.5785, 730.2709]
59   	61495.02    	0.051   	1.0000  	[16.2, 16.2, 10.8, 16.2]	[right, back, front, left]	[507.8823, 936.5074, 185.3797, 735.0265]
60   	59859.95    	0.049   	1.0000  	[16.2, 16.2, 10.8, 16.2]	[right, back, front, front]	[649.8873, 1325.8927, 303.4899, 773.6593]
61   	58413.63    	0.048   	1.0000  	[16.2, 16.2, 10.8, 16.2]	[right, back, front, front]	[1044.3871, 1294.9747, 346.8675, 813.3772]
62   	56847.20    	0.046   	1.0000  	[16.2, 16.2, 10.8, 16.2]	[right, front, front, front]	[1630.1544, 1159.0631, 345.5109, 728.6160]
63   	55062.23    	0.045   	1.0000  	[16.2, 16.2, 10.8, 16.2]	[right, right, front, up]	[2093.6859, 1089.9269, 397.5377, 685.3481]
64   	53231.91    	0.043   	1.0000  	[16.2, 16.2, 10.8, 21.7]	[right, right, front, front]	[2391.6466, 939.6718, 457.4894, 698.7093]
65   	51373.95    	0.041   	1.0000  	[16.2, 16.2, 10.8, 21.7]	[right, right, front, front]	[2587.7491, 819.4988, 558.0598, 761.7232]
66   	49525.24    	0.039   	1.0000  	[16.2, 16.2, 10.8, 21.7]	[right, right, front, right]	[2725.1539, 727.6094, 686.9019, 776.7065]
67   	47598.68    	0.037   	1.0000  	[16.2, 16.2, 10.8, 21.7]	[front, right, front, right]	[2541.0848, 652.2828, 849.3450, 804.2743]
68   	45754.89    	0.036   	1.0000  	[16.2, 16.2, 10.8, 21.7]	[front, right, right, right]	[2283.0452, 669.6276, 694.4134, 863.8014]
69   	44070.01    	0.034   	1.0000  	[16.2, 16.2, 10.8, 21.7]	[front, right, up, right]	[1806.9831, 700.5831, 638.4974, 898.5314]
70   	42520.25    	0.033   	1.0000  	[16.2, 16.2, 16.2, 21.7]	[front, right, right, right]	[1483.8113, 775.2623, 574.0308, 829.7200]
71   	41032.13    	0.031   	1.0000  	[16.2, 16.2, 16.2, 21.7]	[front, right, right, front]	[1191.5451, 940.9039, 549.7864, 681.0465]
72   	39593.03    	0.030   	1.0000  	[16.2, 16.2, 16.2, 21.7]	[front, right, right, down]	[1055.4308, 1170.9641, 553.7817, 695.2212]
73   	38337.02    	0.029   	1.0000  	[16.2, 16.2, 16.2, 16.2]	[hover, right, right, right]	[905.8179, 1105.5163, 572.6905, 672.5967]
74   	37323.24    	0.028   	1.0000  	[16.2, 16.2, 16.2, 16.2]	[hover, hover, right, front]	[702.0270, 845.0237, 593.0439, 539.5179]
75   	36385.15    	0.027   	1.0000  	[16.2, 16.2, 16.2, 16.2]	[front, front, right, down]	[652.6483, 686.3549, 496.4934, 413.7433]
76   	35529.58    	0.026   	1.0000  	[16.2, 16.2, 16.2, 10.8]	[front, front, right, right]	[615.1450, 583.5354, 459.5224, 338.4814]
77   	34748.09    	0.026   	1.0000  	[16.2, 16.2, 16.2, 10.8]	[front, front, right, hover]	[496.7712, 500.3098, 408.3676, 184.3599]
78   	34084.91    	0.025   	1.0000  	[16.2, 16.2, 16.2, 10.8]	[hover, front, right, right]	[347.8803, 434.5623, 348.4844, 109.1187]
79   	33462.51    	0.024   	1.0000  	[16.2, 16.2, 16.2, 10.8]	[front, hover, hover, back]	[266.6559, 378.8396, 251.4554, 86.2561]
80   	32882.67    	0.024   	1.0000  	[16.2, 16.2, 16.2, 10.8]	[right, front, right, back]	[205.3072, 306.5269, 243.5908, 64.2334]
81   	32324.79    	0.023   	1.0000  	[16.2, 16.2, 16.2, 10.8]	[front, left, back, back]	[117.8576, 262.3136, 198.6976, 78.5796]
82   	31773.37    	0.023   	1.0000  	[16.2, 16.2, 16.2, 10.8]	[down, left, up, back]	[224.5550, 224.7987, 336.4601, 101.0170]
83   	31235.78    	0.022   	1.0000  	[10.8, 16.2, 21.7, 10.8]	[front, left, back, back]	[226.5998, 250.9743, 376.2726, 121.8526]
84   	30716.97    	0.022   	1.0000  	[10.8, 16.2, 21.7, 10.8]	[hover, left, back, back]	[152.6439, 290.7177, 368.4709, 133.3869]
85   	30196.83    	0.022   	1.0000  	[10.8, 16.2, 21.7, 10.8]	[hover, left, back, back]	[111.5028, 332.5749, 366.5148, 124.7097]
86   	29767.04    	0.021   	1.0000  	[10.8, 16.2, 21.7, 10.8]	[back, left, down, back]	[96.4954, 291.0771, 368.4078, 161.6116]
87   	29356.30    	0.021   	1.0000  	[10.8, 16.2, 16.2, 10.8]	[up, down, back, back]	[90.7315, 300.8027, 360.8681, 176.1379]
88   	28996.01    	0.021   	1.0000  	[16.2, 10.8, 16.2, 10.8]	[left, left, back, back]	[114.0279, 237.5136, 362.1800, 183.3135]
89   	28645.42    	0.020   	1.0000  	[16.2, 10.8, 16.2, 10.8]	[left, up, back, back]	[125.7638, 185.6498, 339.2389, 190.8636]
90   	28262.62    	0.020   	1.0000  	[16.2, 16.2, 16.2, 10.8]	[up, left, up, back]	[159.7121, 186.0618, 377.3534, 206.5362]
91   	27802.67    	0.020   	1.0000  	[21.7, 16.2, 21.7, 10.8]	[back, left, back, left]	[177.0729, 255.3574, 440.3328, 187.7862]
92   	27279.29    	0.019   	1.0000  	[21.7, 16.2, 21.7, 10.8]	[back, left, back, left]	[209.8704, 311.1837, 499.2369, 118.6370]
93   	26676.90    	0.019   	1.0000  	[21.7, 16.2, 21.7, 10.8]	[back, left, back, right]	[245.2801, 317.2575, 559.2463, 82.8723]
94   	26096.94    	0.018   	1.0000  	[21.7, 16.2, 21.7, 10.8]	[back, back, left, front]	[295.2019, 281.2356, 495.7937, 64.7451]
95   	25557.76    	0.018   	1.0000  	[21.7, 16.2, 21.7, 10.8]	[back, back, left, up]	[287.3739, 270.3434, 423.0905, 63.7016]
96   	25049.80    	0.018   	1.0000  	[21.7, 16.2, 21.7, 16.2]	[back, back, left, left]	[262.9722, 280.1591, 334.4893, 60.6223]
97   	24539.45    	0.017   	1.0000  	[21.7, 16.2, 21.7, 16.2]	[back, back, left, left]	[256.1888, 311.3487, 270.6653, 63.2554]
98   	24026.06    	0.017   	1.0000  	[21.7, 16.2, 21.7, 16.2]	[back, back, down, left]	[255.2652, 341.0378, 224.3942, 60.8193]
99   	23416.82    	0.016   	1.0000  	[21.7, 16.2, 16.2, 16.2]	[back, hover, back, left]	[251.4673, 287.7122, 226.3196, 53.0588]
[2025-12-18T15:01:31]
Strategy: greedy_ig
Pairwise: equal
News mode: IGd
Num agents: 4
Iteration: 11
Error margin: None
Gaussian radius 5 
Grid info: range: 0-50-50, cell_size:0.125, map shape: (400, 400), center:True
init UAV positions: [(-5.0, -25.0, 5.4), (-5.0, 20.0, 5.4), (20.0, -20.0, 5.4), (15.0, 25.0, 5.4)]
mcts_params: {}
Step	Entropy	MSE	Coverage	Heights	Actions	IGs
------------------------------------------------------------------------------------------------------------------------
0    	160000.00   	0.250   	0.0000  	[5.4, 5.4, 5.4, 5.4]	[-, -, -, -]	[-, -, -, -]
1    	159397.82   	0.245   	0.0469  	[5.4, 5.4, 5.4, 5.4]	[up, up, up, up]	[1952.2791, 3514.1024, 3162.6921, 1952.2791]
2    	158896.63   	0.240   	0.1694  	[10.8, 10.8, 10.8, 10.8]	[up, up, up, up]	[2191.4824, 3204.0331, 2315.8095, 2191.4824]
3    	158371.23   	0.236   	0.3311  	[16.2, 16.2, 16.2, 16.2]	[front, back, front, back]	[2506.0123, 3262.1322, 2429.3802, 2502.6005]
4    	157826.61   	0.231   	0.4194  	[16.2, 16.2, 16.2, 16.2]	[front, back, left, back]	[2765.3854, 3116.6802, 2655.9406, 2755.8071]
5    	157204.79   	0.226   	0.5116  	[16.2, 16.2, 16.2, 16.2]	[front, up, left, back]	[2966.2658, 3349.9064, 2665.1041, 2850.9957]
6    	156531.50   	0.221   	0.6491  	[16.2, 21.7, 16.2, 16.2]	[up, back, front, back]	[2956.2919, 3310.0177, 2513.2886, 2794.4975]
7    	155875.04   	0.216   	0.7772  	[21.7, 21.7, 16.2, 16.2]	[front, left, front, back]	[3026.0870, 2994.1964, 2503.5172, 2902.6549]
8    	155108.24   	0.211   	0.8616  	[21.7, 21.7, 16.2, 16.2]	[left, left, up, left]	[2930.0672, 2970.6215, 2593.5538, 2607.8200]
9    	154157.09   	0.206   	0.9356  	[21.7, 21.7, 21.7, 16.2]	[left, back, left, up]	[2924.6296, 2733.1890, 2598.5943, 2570.2831]
10   	153087.73   	0.201   	0.9645  	[21.7, 21.7, 21.7, 21.7]	[left, back, left, back]	[2372.7596, 2424.0429, 2421.5041, 2445.6568]
11   	151874.05   	0.196   	0.9770  	[21.7, 21.7, 21.7, 21.7]	[down, back, left, back]	[1982.9073, 2320.7120, 2241.7266, 2418.1943]
12   	150486.30   	0.191   	0.9770  	[16.2, 21.7, 21.7, 21.7]	[left, back, left, back]	[1540.9790, 2069.8841, 2038.1553, 2453.3621]
13   	149104.49   	0.187   	0.9770  	[16.2, 21.7, 21.7, 21.7]	[back, left, left, back]	[1177.0002, 1871.1555, 1940.4367, 2650.2345]
14   	147760.26   	0.183   	0.9823  	[16.2, 21.7, 21.7, 21.7]	[left, back, down, back]	[825.0826, 1611.1584, 1746.0676, 2751.0164]
15   	146418.21   	0.179   	0.9823  	[16.2, 21.7, 16.2, 21.7]	[hover, back, back, back]	[618.4765, 1525.0620, 1397.8511, 2795.7002]
16   	144941.27   	0.175   	0.9823  	[16.2, 21.7, 16.2, 21.7]	[down, back, left, back]	[442.5284, 1749.0759, 1305.8129, 3047.1713]
17   	143529.42   	0.172   	0.9823  	[10.8, 21.7, 16.2, 21.7]	[back, down, back, left]	[387.6158, 1421.6608, 1366.2747, 2680.5388]
18   	141882.45   	0.169   	0.9823  	[10.8, 16.2, 16.2, 21.7]	[hover, back, left, left]	[267.9173, 1220.9344, 1001.6762, 2513.2986]
19   	140162.34   	0.166   	0.9823  	[10.8, 16.2, 16.2, 21.7]	[left, left, left, left]	[145.9304, 873.2314, 1008.1148, 2488.6849]
20   	138400.19   	0.163   	0.9823  	[10.8, 16.2, 16.2, 21.7]	[front, front, left, left]	[93.4154, 524.5077, 902.0796, 2321.7295]
21   	137124.09   	0.161   	0.9823  	[10.8, 16.2, 16.2, 21.7]	[front, front, back, front]	[103.8778, 385.3547, 821.0473, 2151.6541]
22   	135751.07   	0.159   	0.9823  	[10.8, 16.2, 16.2, 21.7]	[front, front, left, left]	[222.7936, 433.7122, 965.7756, 2102.2304]
23   	134588.80   	0.157   	0.9823  	[10.8, 16.2, 16.2, 21.7]	[front, front, front, front]	[401.6166, 436.7614, 928.4614, 1949.0427]
24   	133376.78   	0.155   	0.9823  	[10.8, 16.2, 16.2, 21.7]	[front, front, front, front]	[629.5300, 448.3139, 1102.7198, 1859.8824]
25   	132203.18   	0.153   	0.9823  	[10.8, 16.2, 16.2, 21.7]	[front, front, front, front]	[748.9962, 505.6459, 1227.3142, 1814.7984]
26   	131000.65   	0.150   	0.9839  	[10.8, 16.2, 16.2, 21.7]	[front, front, front, front]	[817.1008, 563.2775, 1364.6139, 1811.5467]
27   	129775.11   	0.147   	0.9855  	[10.8, 16.2, 16.2, 21.7]	[front, front, front, front]	[838.9443, 636.2889, 1532.0353, 1852.9729]
28   	128358.98   	0.144   	0.9870  	[10.8, 16.2, 16.2, 21.7]	[right, front, front, front]	[916.9429, 744.6265, 1405.7574, 1873.9833]
29   	126833.29   	0.140   	0.9886  	[10.8, 16.2, 16.2, 21.7]	[right, front, right, front]	[914.2167, 848.9412, 1356.0231, 1868.2697]
30   	125316.70   	0.138   	0.9942  	[10.8, 16.2, 16.2, 21.7]	[right, front, up, down]	[1054.4777, 682.6078, 1329.2470, 1620.6989]
31   	123635.61   	0.135   	0.9942  	[10.8, 16.2, 21.7, 16.2]	[right, down, front, front]	[1235.0135, 761.7586, 1455.3615, 1732.5878]
32   	122007.17   	0.132   	0.9942  	[10.8, 10.8, 21.7, 16.2]	[right, left, front, front]	[1262.1487, 549.0976, 1533.2144, 1272.7023]
33   	120487.94   	0.129   	0.9942  	[10.8, 10.8, 21.7, 16.2]	[right, hover, front, down]	[1514.0001, 334.2943, 1684.3929, 1060.5877]
34   	119001.31   	0.127   	0.9942  	[10.8, 10.8, 21.7, 10.8]	[right, right, right, right]	[1817.6250, 211.5537, 1792.2720, 737.5107]
35   	117190.73   	0.124   	0.9942  	[10.8, 10.8, 21.7, 10.8]	[up, up, front, right]	[1846.1935, 182.1306, 1323.9557, 466.5112]
36   	115575.07   	0.122   	0.9942  	[16.2, 16.2, 21.7, 10.8]	[right, right, right, right]	[2096.1972, 160.7752, 1303.4417, 348.5941]
37   	114030.22   	0.119   	0.9942  	[16.2, 16.2, 21.7, 10.8]	[right, right, right, right]	[2105.9305, 175.1226, 1285.3427, 306.3440]
38   	112552.60   	0.116   	0.9942  	[16.2, 16.2, 21.7, 10.8]	[right, right, right, right]	[2118.7500, 191.7212, 1286.3556, 289.6983]
39   	111154.37   	0.114   	0.9942  	[16.2, 16.2, 21.7, 10.8]	[right, right, right, right]	[2139.7494, 264.1375, 1303.4326, 287.9465]
40   	109712.63   	0.111   	0.9942  	[16.2, 16.2, 21.7, 10.8]	[right, right, right, right]	[2134.9992, 495.5856, 1338.5938, 344.0962]
41   	108096.34   	0.107   	0.9942  	[16.2, 16.2, 21.7, 10.8]	[back, right, right, right]	[2068.3840, 804.1324, 1361.0104, 399.9117]
42   	106351.99   	0.104   	0.9973  	[16.2, 16.2, 21.7, 10.8]	[back, right, right, back]	[2045.6540, 1022.0242, 1443.5926, 291.3450]
43   	104625.96   	0.101   	0.9981  	[16.2, 16.2, 21.7, 10.8]	[back, right, down, back]	[2155.9580, 1106.5228, 1349.5066, 287.4633]
44   	102819.38   	0.098   	0.9989  	[16.2, 16.2, 16.2, 10.8]	[back, back, right, back]	[2562.1769, 1095.0830, 1205.9529, 261.4403]
45   	101005.88   	0.095   	0.9997  	[16.2, 16.2, 16.2, 10.8]	[back, right, right, back]	[2706.9799, 1201.3786, 929.1195, 273.9229]
46   	99251.31    	0.092   	1.0000  	[16.2, 16.2, 16.2, 10.8]	[back, right, back, back]	[2777.8891, 1241.4543, 745.0353, 317.1441]
47   	97698.18    	0.090   	1.0000  	[16.2, 16.2, 16.2, 10.8]	[back, right, back, back]	[2778.6097, 1338.1612, 718.4486, 366.7932]
48   	96105.93    	0.087   	1.0000  	[16.2, 16.2, 16.2, 10.8]	[right, back, back, back]	[2357.8557, 1445.5917, 609.7951, 373.7414]
49   	94571.36    	0.085   	1.0000  	[16.2, 16.2, 16.2, 10.8]	[back, back, left, back]	[1584.1459, 1464.3918, 530.1888, 519.2950]
50   	92968.43    	0.083   	1.0000  	[16.2, 16.2, 16.2, 10.8]	[left, back, left, back]	[1145.6604, 1343.9535, 494.0719, 621.0457]
51   	91370.20    	0.081   	1.0000  	[16.2, 16.2, 16.2, 10.8]	[left, back, left, back]	[909.3815, 1400.0339, 498.7236, 735.9964]
52   	89679.68    	0.079   	1.0000  	[16.2, 16.2, 16.2, 10.8]	[front, back, left, back]	[787.7931, 1628.2644, 483.3134, 814.5237]
53   	87955.12    	0.077   	1.0000  	[16.2, 16.2, 16.2, 10.8]	[left, back, left, back]	[749.3131, 2026.8566, 513.8650, 1048.7998]
54   	86203.81    	0.075   	1.0000  	[16.2, 16.2, 16.2, 10.8]	[left, back, front, left]	[683.3290, 2257.1898, 542.2127, 904.8606]
55   	84386.88    	0.073   	1.0000  	[16.2, 16.2, 16.2, 10.8]	[front, back, front, left]	[656.9881, 1918.2833, 560.3052, 610.1494]
56   	82609.00    	0.071   	1.0000  	[16.2, 16.2, 16.2, 10.8]	[left, left, front, left]	[647.5975, 1938.4806, 628.3801, 535.5833]
57   	80776.15    	0.070   	1.0000  	[16.2, 16.2, 16.2, 10.8]	[left, up, front, left]	[559.0213, 1975.3785, 774.7294, 486.8782]
58   	78878.20    	0.068   	1.0000  	[16.2, 21.7, 16.2, 10.8]	[front, back, front, left]	[523.3462, 1873.5150, 952.2278, 437.3879]
59   	77021.46    	0.066   	1.0000  	[16.2, 21.7, 16.2, 10.8]	[left, left, left, left]	[559.8891, 1845.4929, 881.3239, 517.4167]
60   	75283.75    	0.064   	1.0000  	[16.2, 21.7, 16.2, 10.8]	[left, back, left, left]	[507.6127, 1810.0455, 912.6625, 621.5381]
61   	73669.69    	0.062   	1.0000  	[16.2, 21.7, 16.2, 10.8]	[front, down, left, left]	[483.3059, 1805.2155, 986.6175, 877.8350]
62   	72168.71    	0.061   	1.0000  	[16.2, 16.2, 16.2, 10.8]	[front, back, left, left]	[509.5290, 1622.7703, 1119.1108, 1140.4444]
63   	70531.17    	0.059   	1.0000  	[16.2, 16.2, 16.2, 10.8]	[front, left, left, left]	[467.8417, 1557.0682, 1243.4723, 1403.8130]
64   	68722.00    	0.057   	1.0000  	[16.2, 16.2, 16.2, 10.8]	[front, left, left, left]	[430.0971, 1539.3349, 1091.5058, 1751.2760]
65   	66772.32    	0.055   	1.0000  	[16.2, 16.2, 16.2, 10.8]	[front, left, hover, left]	[815.3373, 1369.2496, 783.5012, 1907.8316]
66   	64707.84    	0.053   	1.0000  	[16.2, 16.2, 16.2, 10.8]	[front, front, back, left]	[1279.2362, 1201.2357, 575.3393, 1819.6807]
67   	62486.04    	0.051   	1.0000  	[16.2, 16.2, 16.2, 10.8]	[front, up, left, front]	[1402.1251, 1047.5924, 436.0098, 1621.1404]
68   	60212.50    	0.049   	1.0000  	[16.2, 21.7, 16.2, 10.8]	[front, front, back, front]	[1865.8128, 946.8602, 365.6860, 1571.0658]
69   	58089.52    	0.047   	1.0000  	[16.2, 21.7, 16.2, 10.8]	[right, front, back, front]	[1828.9301, 886.9906, 339.9377, 1605.3692]
70   	56034.45    	0.045   	1.0000  	[16.2, 21.7, 16.2, 10.8]	[right, front, back, front]	[1785.7596, 841.8585, 325.9125, 1404.2538]
71   	54046.38    	0.043   	1.0000  	[16.2, 21.7, 16.2, 10.8]	[right, right, right, front]	[1665.8244, 798.3926, 289.4152, 1247.2000]
72   	52121.29    	0.042   	1.0000  	[16.2, 21.7, 16.2, 10.8]	[right, right, right, front]	[1693.2272, 722.5878, 216.2464, 1152.0297]
73   	50170.39    	0.040   	1.0000  	[16.2, 21.7, 16.2, 10.8]	[right, right, up, front]	[1760.0777, 678.5313, 203.4232, 1220.7479]
74   	48311.24    	0.038   	1.0000  	[16.2, 21.7, 21.7, 10.8]	[right, right, right, front]	[1864.0803, 626.7820, 201.5414, 1319.1402]
75   	46560.99    	0.037   	1.0000  	[16.2, 21.7, 21.7, 10.8]	[right, back, back, front]	[1984.5556, 615.3665, 196.4645, 1380.8044]
76   	44900.48    	0.035   	1.0000  	[16.2, 21.7, 21.7, 10.8]	[right, back, back, front]	[1971.9517, 646.8582, 230.5604, 1601.0661]
77   	43526.04    	0.033   	1.0000  	[16.2, 21.7, 21.7, 10.8]	[hover, back, back, front]	[1472.5259, 640.9414, 284.7491, 1776.2300]
78   	42296.45    	0.032   	1.0000  	[16.2, 21.7, 21.7, 10.8]	[hover, hover, back, front]	[1143.2844, 556.4443, 315.8285, 1821.0460]
79   	41326.18    	0.031   	1.0000  	[16.2, 21.7, 21.7, 10.8]	[back, hover, back, right]	[944.8332, 482.8689, 358.7128, 1156.7413]
80   	40440.31    	0.030   	1.0000  	[16.2, 21.7, 21.7, 10.8]	[back, hover, back, up]	[797.6690, 420.5731, 426.7927, 878.9127]
81   	39595.93    	0.029   	1.0000  	[16.2, 21.7, 21.7, 16.2]	[back, hover, right, back]	[683.0629, 358.0185, 397.8136, 833.3915]
82   	38802.27    	0.029   	1.0000  	[16.2, 21.7, 21.7, 16.2]	[back, down, right, right]	[636.8345, 273.9239, 399.3345, 691.0390]
83   	38056.29    	0.028   	1.0000  	[16.2, 16.2, 21.7, 16.2]	[back, right, right, up]	[561.7354, 256.4117, 402.2022, 588.4549]
84   	37340.06    	0.027   	1.0000  	[16.2, 16.2, 21.7, 21.7]	[hover, back, right, back]	[418.4714, 268.8398, 367.9698, 645.8782]
85   	36640.62    	0.027   	1.0000  	[16.2, 16.2, 21.7, 21.7]	[back, back, right, back]	[363.6601, 185.5189, 323.9925, 578.8539]
86   	36015.92    	0.026   	1.0000  	[16.2, 16.2, 21.7, 21.7]	[hover, down, right, back]	[303.8157, 159.6235, 318.5058, 573.7415]
87   	35372.56    	0.026   	1.0000  	[16.2, 10.8, 21.7, 21.7]	[back, right, right, back]	[261.0253, 141.2251, 279.7852, 614.5704]
88   	34729.64    	0.025   	1.0000  	[16.2, 10.8, 21.7, 21.7]	[back, back, left, back]	[192.2207, 79.8463, 223.7585, 652.4244]
89   	34163.64    	0.025   	1.0000  	[16.2, 10.8, 21.7, 21.7]	[back, front, left, back]	[239.0019, 52.2879, 187.9345, 547.1868]
90   	33610.42    	0.024   	1.0000  	[16.2, 10.8, 21.7, 21.7]	[back, front, down, down]	[231.0917, 32.3282, 162.3055, 581.9323]
91   	33116.53    	0.024   	1.0000  	[16.2, 10.8, 16.2, 16.2]	[hover, front, back, right]	[175.4060, 29.3085, 189.9366, 495.9223]
92   	32725.00    	0.024   	1.0000  	[16.2, 10.8, 16.2, 16.2]	[hover, front, left, right]	[137.5302, 34.8892, 158.1512, 409.0349]
93   	32387.21    	0.023   	1.0000  	[16.2, 10.8, 16.2, 16.2]	[back, front, hover, right]	[149.0429, 59.5743, 121.9076, 365.7678]
94   	32088.14    	0.023   	1.0000  	[16.2, 10.8, 16.2, 16.2]	[down, front, right, right]	[155.1636, 101.4296, 107.5657, 306.5670]
95   	31735.09    	0.023   	1.0000  	[10.8, 10.8, 16.2, 16.2]	[right, front, right, right]	[180.2217, 149.4220, 117.2516, 342.0458]
96   	31331.95    	0.023   	1.0000  	[10.8, 10.8, 16.2, 16.2]	[hover, front, right, right]	[107.7499, 214.3300, 129.5117, 397.2467]
97   	30948.65    	0.022   	1.0000  	[10.8, 10.8, 16.2, 16.2]	[hover, front, right, front]	[62.7923, 248.2636, 142.6367, 357.9222]
98   	30538.06    	0.022   	1.0000  	[10.8, 10.8, 16.2, 16.2]	[right, front, right, front]	[38.9417, 302.0605, 208.0357, 329.3738]
99   	30133.87    	0.022   	1.0000  	[10.8, 10.8, 16.2, 16.2]	[hover, front, front, hover]	[22.5029, 351.6168, 246.4635, 259.7877]
[2025-12-18T15:01:40]
Strategy: greedy_ig
Pairwise: equal
News mode: IGd
Num agents: 4
Iteration: 12
Error margin: None
Gaussian radius 5 
Grid info: range: 0-50-50, cell_size:0.125, map shape: (400, 400), center:True
init UAV positions: [(-20.0, -20.0, 5.4), (-20.0, 15.0, 5.4), (15.0, -25.0, 5.4), (25.0, 15.0, 5.4)]
mcts_params: {}
Step	Entropy	MSE	Coverage	Heights	Actions	IGs
------------------------------------------------------------------------------------------------------------------------
0    	160000.00   	0.250   	0.0000  	[5.4, 5.4, 5.4, 5.4]	[-, -, -, -]	[-, -, -, -]
1    	159397.82   	0.245   	0.0469  	[5.4, 5.4, 5.4, 5.4]	[up, up, up, up]	[3162.6921, 3514.1024, 1952.2791, 1952.2791]
2    	158894.41   	0.240   	0.1694  	[10.8, 10.8, 10.8, 10.8]	[up, up, up, up]	[2315.8095, 3204.0331, 2191.4824, 2191.4824]
3    	158371.50   	0.236   	0.3311  	[16.2, 16.2, 16.2, 16.2]	[right, right, front, left]	[2420.2820, 3253.9817, 2503.3587, 2510.5615]
4    	157826.18   	0.231   	0.4194  	[16.2, 16.2, 16.2, 16.2]	[front, right, front, left]	[2649.4130, 3133.2430, 2762.0137, 2757.4653]
5    	157273.16   	0.226   	0.5116  	[16.2, 16.2, 16.2, 16.2]	[front, right, front, left]	[2663.7820, 2962.0728, 2965.3410, 2956.3511]
6    	156712.65   	0.222   	0.6038  	[16.2, 16.2, 16.2, 16.2]	[right, up, front, left]	[2716.5199, 2922.0719, 2898.1637, 2904.8423]
7    	156120.08   	0.217   	0.7350  	[16.2, 21.7, 16.2, 16.2]	[up, back, front, left]	[2790.9823, 3059.3751, 2895.9446, 2807.9918]
8    	155447.98   	0.212   	0.8569  	[21.7, 21.7, 16.2, 16.2]	[right, back, front, left]	[2883.3763, 2796.6073, 2910.0221, 2667.9519]
9    	154643.20   	0.207   	0.9163  	[21.7, 21.7, 16.2, 16.2]	[right, back, front, left]	[2805.2764, 2554.7419, 2888.5745, 2571.5353]
10   	153582.97   	0.202   	0.9647  	[21.7, 21.7, 16.2, 16.2]	[right, back, front, left]	[2640.1979, 2448.1225, 2748.1717, 2526.3981]
11   	152335.34   	0.197   	0.9706  	[21.7, 21.7, 16.2, 16.2]	[right, back, front, left]	[2566.4111, 2455.9571, 2723.8812, 2616.9275]
12   	150916.22   	0.192   	0.9706  	[21.7, 21.7, 16.2, 16.2]	[right, back, front, left]	[2593.0601, 2597.1495, 2836.8674, 2749.1468]
13   	149406.45   	0.186   	0.9706  	[21.7, 21.7, 16.2, 16.2]	[right, back, front, left]	[2741.6857, 2870.9251, 2921.6019, 2905.4730]
14   	147829.63   	0.181   	0.9706  	[21.7, 21.7, 16.2, 16.2]	[right, back, front, left]	[2908.1368, 3004.0034, 2906.6586, 2917.0161]
15   	146239.22   	0.176   	0.9706  	[21.7, 21.7, 16.2, 16.2]	[right, back, front, left]	[3060.9229, 3064.9093, 2906.3431, 2919.7601]
16   	144792.37   	0.171   	0.9753  	[21.7, 21.7, 16.2, 16.2]	[front, left, left, back]	[3052.0148, 2844.2141, 2726.5970, 2723.7003]
17   	143398.75   	0.167   	0.9836  	[21.7, 21.7, 16.2, 16.2]	[front, hover, left, back]	[3164.3446, 2395.6918, 2658.4598, 2669.4856]
18   	141848.78   	0.163   	0.9908  	[21.7, 21.7, 16.2, 16.2]	[front, hover, left, back]	[3028.2843, 2046.5764, 2595.4370, 2526.2076]
19   	140057.89   	0.158   	0.9917  	[21.7, 21.7, 16.2, 16.2]	[front, right, left, back]	[2872.3216, 1687.1832, 2536.2740, 2398.1903]
20   	138028.00   	0.154   	0.9917  	[21.7, 21.7, 16.2, 16.2]	[front, right, left, back]	[2734.5388, 1824.6375, 2493.7713, 2353.6858]
21   	135686.80   	0.149   	0.9917  	[21.7, 21.7, 16.2, 16.2]	[front, right, left, back]	[2739.1302, 1980.7021, 2599.4178, 2438.6110]
22   	133129.13   	0.144   	0.9917  	[21.7, 21.7, 16.2, 16.2]	[front, right, left, back]	[2873.3200, 2208.7890, 2749.5560, 2501.0070]
23   	130498.08   	0.139   	0.9917  	[21.7, 21.7, 16.2, 16.2]	[front, right, left, back]	[3143.2683, 2524.8636, 2867.1178, 2635.2226]
24   	127781.92   	0.134   	0.9917  	[21.7, 21.7, 16.2, 16.2]	[left, right, left, back]	[2993.2720, 2826.5956, 2881.4872, 2837.8234]
25   	125105.72   	0.129   	0.9917  	[21.7, 21.7, 16.2, 16.2]	[left, right, left, back]	[2921.2876, 3058.8541, 2687.6316, 2714.9776]
26   	122281.27   	0.124   	0.9922  	[21.7, 21.7, 16.2, 16.2]	[left, right, back, right]	[2900.4165, 3211.5230, 2380.8879, 2592.9673]
27   	119406.56   	0.119   	0.9922  	[21.7, 21.7, 16.2, 16.2]	[left, front, back, right]	[2674.2845, 2980.8092, 2161.3640, 2511.4768]
28   	116315.90   	0.115   	0.9922  	[21.7, 21.7, 16.2, 16.2]	[left, front, back, right]	[2371.7507, 2778.6927, 2044.9666, 2434.0563]
29   	112863.34   	0.110   	0.9922  	[21.7, 21.7, 16.2, 16.2]	[left, front, back, right]	[2220.0712, 2655.5017, 2043.6131, 2436.3307]
30   	108968.54   	0.105   	0.9922  	[21.7, 21.7, 16.2, 16.2]	[left, front, back, right]	[2273.1868, 2687.6711, 2095.2873, 2496.6206]
31   	105007.17   	0.100   	0.9922  	[21.7, 21.7, 16.2, 16.2]	[left, front, back, right]	[2313.0086, 2864.9694, 2290.4834, 2679.5111]
32   	101081.67   	0.095   	0.9922  	[21.7, 21.7, 16.2, 16.2]	[front, front, back, right]	[2346.6235, 3033.1403, 2751.1973, 2816.0913]
33   	97144.95    	0.091   	0.9922  	[21.7, 21.7, 16.2, 16.2]	[down, front, back, right]	[2250.5265, 3113.0671, 2802.2039, 2812.6787]
34   	93423.87    	0.087   	0.9922  	[16.2, 21.7, 16.2, 16.2]	[left, front, back, right]	[1891.3602, 3219.9711, 2802.9351, 2822.7563]
35   	90208.75    	0.083   	0.9922  	[16.2, 21.7, 16.2, 16.2]	[back, right, back, right]	[1605.0393, 2805.9383, 2811.0960, 2825.9986]
36   	87079.56    	0.079   	0.9983  	[16.2, 21.7, 16.2, 16.2]	[back, hover, right, front]	[1509.4777, 2375.5898, 2714.4586, 2723.4119]
37   	83978.20    	0.075   	0.9991  	[16.2, 21.7, 16.2, 16.2]	[back, hover, right, front]	[1486.4736, 2035.4159, 2661.5766, 2664.0409]
38   	80919.81    	0.072   	0.9998  	[16.2, 21.7, 16.2, 16.2]	[back, left, right, front]	[1281.6534, 1773.8040, 2641.7453, 2536.0320]
39   	77932.17    	0.069   	0.9998  	[16.2, 21.7, 16.2, 16.2]	[back, front, right, front]	[1072.9327, 1573.9623, 2639.3896, 2580.4404]
40   	75511.90    	0.066   	0.9998  	[16.2, 21.7, 16.2, 16.2]	[right, down, front, left]	[930.3647, 1446.8431, 2090.6499, 2257.2056]
41   	73425.66    	0.064   	0.9998  	[16.2, 16.2, 16.2, 16.2]	[up, right, front, left]	[775.1955, 1177.5174, 1624.0535, 1907.7545]
42   	71513.13    	0.061   	0.9998  	[21.7, 16.2, 16.2, 16.2]	[front, right, front, left]	[671.6525, 997.1951, 1411.0452, 1501.0078]
43   	69811.92    	0.060   	0.9998  	[21.7, 16.2, 16.2, 16.2]	[front, front, front, front]	[596.0171, 806.0806, 1169.8533, 1199.7299]
44   	68230.44    	0.058   	1.0000  	[21.7, 16.2, 16.2, 16.2]	[front, left, hover, left]	[578.3847, 656.1910, 974.7906, 1040.5985]
45   	66935.34    	0.057   	1.0000  	[21.7, 16.2, 16.2, 16.2]	[front, left, left, front]	[606.1283, 614.5878, 689.4679, 1039.3632]
46   	65754.76    	0.055   	1.0000  	[21.7, 16.2, 16.2, 16.2]	[front, left, right, hover]	[685.7618, 603.0945, 659.8425, 714.0879]
47   	64719.97    	0.054   	1.0000  	[21.7, 16.2, 16.2, 16.2]	[hover, left, back, hover]	[606.3463, 656.7248, 549.4849, 609.8491]
48   	63714.97    	0.053   	1.0000  	[21.7, 16.2, 16.2, 16.2]	[right, left, up, right]	[532.4143, 574.7498, 572.6552, 458.6071]
49   	62809.37    	0.052   	1.0000  	[21.7, 16.2, 21.7, 16.2]	[left, left, back, right]	[420.1465, 587.1721, 662.7909, 547.5658]
50   	61891.28    	0.052   	1.0000  	[21.7, 16.2, 21.7, 16.2]	[right, down, back, right]	[364.1437, 445.0052, 818.2762, 685.5267]
51   	60976.54    	0.051   	1.0000  	[21.7, 10.8, 21.7, 16.2]	[right, left, left, right]	[423.5431, 360.2462, 789.4083, 871.1075]
52   	60040.15    	0.050   	1.0000  	[21.7, 10.8, 21.7, 16.2]	[right, left, left, front]	[479.2062, 341.2986, 756.7868, 744.0740]
53   	59189.07    	0.049   	1.0000  	[21.7, 10.8, 21.7, 16.2]	[right, left, left, front]	[516.1846, 320.7913, 762.5565, 608.9383]
54   	58311.37    	0.048   	1.0000  	[21.7, 10.8, 21.7, 16.2]	[right, up, hover, front]	[644.9075, 403.0294, 669.2135, 495.4088]
55   	57436.30    	0.047   	1.0000  	[21.7, 16.2, 21.7, 16.2]	[right, left, hover, front]	[629.6123, 477.2070, 587.8433, 427.2388]
56   	56492.85    	0.046   	1.0000  	[21.7, 16.2, 21.7, 16.2]	[right, left, hover, front]	[691.2275, 544.4967, 514.8778, 405.0847]
57   	55522.79    	0.045   	1.0000  	[21.7, 16.2, 21.7, 16.2]	[right, back, hover, front]	[710.6529, 493.0848, 451.7802, 280.4491]
58   	54558.72    	0.044   	1.0000  	[21.7, 16.2, 21.7, 16.2]	[back, back, hover, left]	[786.4596, 598.8197, 395.2716, 293.3957]
59   	53528.80    	0.043   	1.0000  	[21.7, 16.2, 21.7, 16.2]	[right, back, right, left]	[787.2894, 702.5836, 352.5938, 298.9101]
60   	52580.02    	0.042   	1.0000  	[21.7, 16.2, 21.7, 16.2]	[back, back, right, left]	[814.6407, 623.5192, 358.5379, 367.9558]
61   	51685.38    	0.041   	1.0000  	[21.7, 16.2, 21.7, 16.2]	[back, back, right, left]	[811.6798, 597.4954, 359.9697, 425.5812]
62   	50785.99    	0.041   	1.0000  	[21.7, 16.2, 21.7, 16.2]	[back, back, right, left]	[801.6531, 603.0787, 399.4833, 440.1397]
63   	49851.91    	0.040   	1.0000  	[21.7, 16.2, 21.7, 16.2]	[back, back, right, left]	[783.2937, 636.6970, 423.6237, 478.4599]
64   	48901.08    	0.039   	1.0000  	[21.7, 16.2, 21.7, 16.2]	[back, back, right, left]	[740.5493, 657.5915, 416.4290, 503.4416]
65   	47864.91    	0.038   	1.0000  	[21.7, 16.2, 21.7, 16.2]	[back, back, right, left]	[663.0032, 709.8355, 333.5305, 569.6495]
66   	46900.92    	0.037   	1.0000  	[21.7, 16.2, 21.7, 16.2]	[right, back, hover, left]	[496.1704, 785.4436, 330.2025, 667.9585]
67   	45876.46    	0.036   	1.0000  	[21.7, 16.2, 21.7, 16.2]	[down, back, right, left]	[534.9333, 806.6558, 366.7633, 811.3282]
68   	44960.28    	0.035   	1.0000  	[16.2, 16.2, 21.7, 16.2]	[back, hover, front, back]	[438.0045, 628.2849, 301.9037, 756.9002]
69   	44012.38    	0.034   	1.0000  	[16.2, 16.2, 21.7, 16.2]	[back, right, front, back]	[600.9071, 527.2774, 403.6727, 637.8683]
70   	43102.68    	0.033   	1.0000  	[16.2, 16.2, 21.7, 16.2]	[back, right, front, back]	[805.5552, 451.9047, 477.2286, 553.9917]
71   	42240.32    	0.032   	1.0000  	[16.2, 16.2, 21.7, 16.2]	[left, right, front, back]	[702.9298, 415.8871, 497.4226, 533.9043]
72   	41389.85    	0.031   	1.0000  	[16.2, 16.2, 21.7, 16.2]	[left, right, front, back]	[612.9551, 434.7191, 566.8825, 540.8495]
73   	40480.03    	0.031   	1.0000  	[16.2, 16.2, 21.7, 16.2]	[right, right, front, back]	[536.6069, 535.2397, 655.5710, 583.4000]
74   	39537.47    	0.030   	1.0000  	[16.2, 16.2, 21.7, 16.2]	[right, right, front, right]	[470.0271, 648.2771, 737.9824, 583.8472]
75   	38565.09    	0.029   	1.0000  	[16.2, 16.2, 21.7, 16.2]	[hover, right, front, back]	[334.9114, 668.3646, 863.5968, 522.4287]
76   	37565.71    	0.028   	1.0000  	[16.2, 16.2, 21.7, 16.2]	[right, right, right, back]	[234.2346, 752.8927, 817.0713, 521.9584]
77   	36582.69    	0.027   	1.0000  	[16.2, 16.2, 21.7, 16.2]	[down, right, hover, up]	[178.9924, 922.8956, 700.2685, 550.4948]
78   	35564.18    	0.026   	1.0000  	[10.8, 16.2, 21.7, 21.7]	[back, right, hover, back]	[151.4326, 939.1817, 605.6294, 615.6093]
79   	34589.39    	0.025   	1.0000  	[10.8, 16.2, 21.7, 21.7]	[hover, right, hover, back]	[92.5817, 803.6140, 522.9788, 704.7822]
80   	33673.38    	0.024   	1.0000  	[10.8, 16.2, 21.7, 21.7]	[left, front, left, back]	[55.5059, 725.3836, 470.6161, 784.9935]
81   	32855.18    	0.024   	1.0000  	[10.8, 16.2, 21.7, 21.7]	[left, front, left, hover]	[65.3573, 717.0561, 476.1879, 686.1790]
82   	32093.08    	0.023   	1.0000  	[10.8, 16.2, 21.7, 21.7]	[left, front, left, hover]	[128.2175, 653.1149, 485.7576, 593.1274]
83   	31334.64    	0.023   	1.0000  	[10.8, 16.2, 21.7, 21.7]	[left, front, left, hover]	[238.0352, 600.4671, 446.8686, 519.6232]
84   	30627.43    	0.022   	1.0000  	[10.8, 16.2, 21.7, 21.7]	[left, front, left, hover]	[344.2158, 504.3495, 441.2902, 445.6161]
85   	29894.77    	0.021   	1.0000  	[10.8, 16.2, 21.7, 21.7]	[left, front, left, hover]	[422.8253, 414.8659, 499.5562, 369.2289]
86   	29125.81    	0.021   	1.0000  	[10.8, 16.2, 21.7, 21.7]	[left, left, left, hover]	[449.6577, 354.8075, 587.9260, 303.9374]
87   	28338.41    	0.020   	1.0000  	[10.8, 16.2, 21.7, 21.7]	[front, up, left, right]	[378.7009, 345.1316, 689.0625, 265.0246]
88   	27596.79    	0.020   	1.0000  	[10.8, 21.7, 21.7, 21.7]	[up, front, left, left]	[289.6841, 331.2599, 771.5490, 207.1233]
89   	26926.32    	0.019   	1.0000  	[16.2, 21.7, 21.7, 21.7]	[front, front, hover, hover]	[291.7529, 308.5518, 675.7054, 177.8030]
90   	26294.97    	0.019   	1.0000  	[16.2, 21.7, 21.7, 21.7]	[front, front, hover, right]	[264.7684, 294.1227, 587.8547, 160.4218]
91   	25721.64    	0.018   	1.0000  	[16.2, 21.7, 21.7, 21.7]	[front, front, hover, right]	[221.8918, 263.9195, 501.3662, 166.8122]
92   	25248.63    	0.018   	1.0000  	[16.2, 21.7, 21.7, 21.7]	[front, hover, hover, right]	[167.1677, 227.7270, 417.5161, 182.0730]
93   	24799.74    	0.017   	1.0000  	[16.2, 21.7, 21.7, 21.7]	[down, left, hover, right]	[159.1994, 209.7578, 374.6716, 239.3730]
94   	24340.24    	0.017   	1.0000  	[10.8, 21.7, 21.7, 21.7]	[left, left, hover, right]	[117.3272, 213.9760, 305.0126, 284.9927]
95   	23869.87    	0.017   	1.0000  	[10.8, 21.7, 21.7, 21.7]	[left, back, hover, right]	[137.7112, 216.5591, 264.4189, 392.3476]
96   	23342.40    	0.016   	1.0000  	[10.8, 21.7, 21.7, 21.7]	[left, left, hover, right]	[173.9480, 230.0372, 209.5878, 536.6783]
97   	22753.66    	0.016   	1.0000  	[10.8, 21.7, 21.7, 21.7]	[up, back, hover, right]	[213.4912, 200.6862, 173.2668, 675.2336]
98   	22209.04    	0.015   	1.0000  	[16.2, 21.7, 21.7, 21.7]	[left, back, front, hover]	[246.2979, 203.5686, 153.3632, 551.9962]
99   	21700.79    	0.015   	1.0000  	[16.2, 21.7, 21.7, 21.7]	[left, hover, down, hover]	[310.2951, 190.2675, 151.6635, 482.8533]
[2025-12-18T15:01:50]
Strategy: greedy_ig
Pairwise: equal
News mode: IGd
Num agents: 4
Iteration: 13
Error margin: None
Gaussian radius 5 
Grid info: range: 0-50-50, cell_size:0.125, map shape: (400, 400), center:True
init UAV positions: [(0.0, -5.0, 5.4), (-5.0, 25.0, 5.4), (5.0, -20.0, 5.4), (20.0, 5.0, 5.4)]
mcts_params: {}
Step	Entropy	MSE	Coverage	Heights	Actions	IGs
------------------------------------------------------------------------------------------------------------------------
0    	160000.00   	0.250   	0.0000  	[5.4, 5.4, 5.4, 5.4]	[-, -, -, -]	[-, -, -, -]
1    	159266.72   	0.244   	0.0547  	[5.4, 5.4, 5.4, 5.4]	[up, up, up, up]	[3904.5582, 1952.2791, 3514.1024, 3514.1024]
2    	158558.94   	0.238   	0.2062  	[10.8, 10.8, 10.8, 10.8]	[up, up, up, up]	[4323.0207, 2191.4824, 2913.9560, 3204.0331]
3    	157709.12   	0.232   	0.4059  	[16.2, 16.2, 16.2, 16.2]	[up, back, front, left]	[3713.5115, 2510.3719, 2559.2775, 3043.2936]
4    	156940.06   	0.227   	0.5150  	[21.7, 16.2, 16.2, 16.2]	[left, back, right, up]	[3115.9853, 2769.6016, 2444.1432, 2984.1116]
5    	156159.34   	0.221   	0.6416  	[21.7, 16.2, 16.2, 21.7]	[left, back, right, left]	[3177.9519, 2899.0748, 2531.8298, 3058.7321]
6    	155384.53   	0.216   	0.7087  	[21.7, 16.2, 16.2, 21.7]	[left, left, right, left]	[3254.2693, 2667.2847, 2621.9035, 3083.0622]
7    	154595.93   	0.211   	0.7837  	[21.7, 16.2, 16.2, 21.7]	[left, left, front, front]	[3244.6744, 2611.5745, 2515.0045, 3103.2286]
8    	153777.64   	0.206   	0.8603  	[21.7, 16.2, 16.2, 21.7]	[back, left, front, front]	[3159.8139, 2695.7645, 2486.4191, 3077.8922]
9    	152784.60   	0.202   	0.9314  	[21.7, 16.2, 16.2, 21.7]	[back, back, front, left]	[3106.9640, 2626.7414, 2526.2397, 2909.0244]
10   	151688.22   	0.197   	0.9572  	[21.7, 16.2, 16.2, 21.7]	[back, back, front, left]	[2669.8526, 2634.3539, 2472.8037, 2681.8113]
11   	150471.74   	0.192   	0.9675  	[21.7, 16.2, 16.2, 21.7]	[hover, back, front, left]	[2258.5301, 2467.4635, 2475.7635, 2539.8584]
12   	149149.18   	0.188   	0.9675  	[21.7, 16.2, 16.2, 21.7]	[right, back, front, left]	[1925.6265, 2279.9755, 2543.2997, 2530.5003]
13   	147758.50   	0.183   	0.9675  	[21.7, 16.2, 16.2, 21.7]	[right, back, front, left]	[1684.5888, 2203.3080, 2612.6677, 2663.5437]
14   	146280.24   	0.179   	0.9675  	[21.7, 16.2, 16.2, 21.7]	[right, back, front, left]	[1640.4483, 2239.7256, 2755.6704, 2886.5332]
15   	144796.61   	0.174   	0.9675  	[21.7, 16.2, 16.2, 21.7]	[right, back, front, left]	[1810.1781, 2351.4093, 2897.8023, 3079.3002]
16   	143276.31   	0.170   	0.9683  	[21.7, 16.2, 16.2, 21.7]	[right, back, up, left]	[2101.4786, 2587.7554, 2967.0173, 2909.6951]
17   	141589.16   	0.165   	0.9803  	[21.7, 16.2, 21.7, 21.7]	[right, back, left, back]	[2429.8004, 2835.2387, 2979.1624, 2793.9432]
18   	139753.26   	0.160   	0.9803  	[21.7, 16.2, 21.7, 21.7]	[right, back, left, back]	[2681.9094, 2923.3617, 2865.1476, 2655.6084]
19   	137716.29   	0.155   	0.9803  	[21.7, 16.2, 21.7, 21.7]	[right, right, left, back]	[2875.2235, 2672.8984, 2762.1255, 2377.0289]
20   	135383.42   	0.150   	0.9891  	[21.7, 16.2, 21.7, 21.7]	[front, right, left, back]	[2707.8892, 2419.1046, 2652.9879, 2228.4111]
21   	132924.84   	0.146   	0.9891  	[21.7, 16.2, 21.7, 21.7]	[front, right, left, back]	[2402.0104, 2226.2112, 2619.5423, 2194.7660]
22   	130229.36   	0.141   	0.9891  	[21.7, 16.2, 21.7, 21.7]	[front, right, left, back]	[2226.0061, 2195.2327, 2709.6065, 2315.2544]
23   	127388.49   	0.136   	0.9891  	[21.7, 16.2, 21.7, 21.7]	[front, right, left, back]	[2318.3109, 2297.0888, 2910.3518, 2554.6913]
24   	124531.10   	0.131   	0.9891  	[21.7, 16.2, 21.7, 21.7]	[front, right, left, back]	[2522.6936, 2526.3896, 3142.3197, 2683.7519]
25   	121668.35   	0.126   	0.9891  	[21.7, 16.2, 21.7, 21.7]	[front, right, left, right]	[2842.1020, 2804.7264, 3113.4819, 2741.1652]
26   	118674.80   	0.121   	0.9891  	[21.7, 16.2, 21.7, 21.7]	[front, right, back, right]	[3131.4877, 2910.5029, 2826.8373, 2481.0671]
27   	115508.73   	0.116   	0.9891  	[21.7, 16.2, 21.7, 21.7]	[front, right, back, right]	[3262.7391, 2925.6308, 2622.8693, 2353.9212]
28   	112508.89   	0.111   	0.9891  	[21.7, 16.2, 21.7, 21.7]	[front, right, back, right]	[3031.5948, 2546.9060, 2496.6512, 2260.9431]
29   	109175.70   	0.107   	0.9994  	[21.7, 16.2, 21.7, 21.7]	[left, front, back, right]	[2749.3436, 2292.9621, 2408.5047, 2058.9108]
30   	105561.11   	0.102   	0.9994  	[21.7, 16.2, 21.7, 21.7]	[left, front, back, right]	[2560.2362, 2108.6523, 2421.3282, 1933.8433]
31   	101765.08   	0.098   	0.9994  	[21.7, 16.2, 21.7, 21.7]	[left, front, back, right]	[2481.0582, 2009.0764, 2540.2738, 1971.0157]
32   	97897.20    	0.093   	0.9994  	[21.7, 16.2, 21.7, 21.7]	[left, front, back, right]	[2453.5360, 2017.8048, 2784.0485, 2138.4329]
33   	94138.03    	0.089   	0.9994  	[21.7, 16.2, 21.7, 21.7]	[left, front, back, down]	[2556.7802, 2175.4419, 2794.7907, 2199.3581]
34   	90441.93    	0.085   	0.9994  	[21.7, 16.2, 21.7, 16.2]	[left, front, down, right]	[2668.6628, 2628.4233, 2637.7644, 2240.5963]
35   	87144.73    	0.081   	0.9994  	[21.7, 16.2, 16.2, 16.2]	[left, front, back, right]	[2764.7355, 2731.3635, 2224.1250, 2108.6382]
36   	84173.78    	0.077   	0.9994  	[21.7, 16.2, 16.2, 16.2]	[left, left, hover, back]	[2877.0997, 2730.0585, 1698.1146, 1738.3610]
37   	81696.96    	0.074   	1.0000  	[21.7, 16.2, 16.2, 16.2]	[back, front, left, hover]	[2451.1715, 2732.4421, 1360.2862, 1339.9514]
38   	79597.75    	0.072   	1.0000  	[21.7, 16.2, 16.2, 16.2]	[front, front, front, front]	[2088.9211, 2756.4907, 1073.6842, 1039.5583]
39   	77776.55    	0.069   	1.0000  	[21.7, 16.2, 16.2, 16.2]	[back, front, up, front]	[1814.0974, 2793.5567, 924.8269, 892.0916]
40   	76203.61    	0.067   	1.0000  	[21.7, 16.2, 21.7, 16.2]	[front, left, right, left]	[1567.7437, 2130.5272, 1030.8907, 742.9217]
41   	74766.06    	0.066   	1.0000  	[21.7, 16.2, 21.7, 16.2]	[back, right, right, up]	[1363.3835, 1667.8604, 1144.4757, 783.3563]
42   	73522.72    	0.064   	1.0000  	[21.7, 16.2, 21.7, 21.7]	[front, right, right, back]	[1195.8309, 1475.3092, 1128.8362, 677.1297]
43   	72409.12    	0.062   	1.0000  	[21.7, 16.2, 21.7, 21.7]	[back, hover, hover, left]	[1061.2622, 1119.2564, 950.0891, 611.5486]
44   	71500.44    	0.061   	1.0000  	[21.7, 16.2, 21.7, 21.7]	[front, hover, front, hover]	[930.0032, 868.8866, 811.3938, 550.5522]
45   	70652.13    	0.060   	1.0000  	[21.7, 16.2, 21.7, 21.7]	[hover, left, front, front]	[805.0133, 737.0166, 731.9248, 495.7052]
46   	69736.74    	0.059   	1.0000  	[21.7, 16.2, 21.7, 21.7]	[down, up, front, front]	[676.0524, 839.6669, 698.9940, 470.7016]
47   	68791.68    	0.058   	1.0000  	[16.2, 21.7, 21.7, 21.7]	[left, back, front, front]	[627.0237, 832.9199, 658.3244, 402.6639]
48   	67813.35    	0.057   	1.0000  	[16.2, 21.7, 21.7, 21.7]	[front, left, front, right]	[561.6546, 796.2675, 646.3282, 374.6618]
49   	66820.81    	0.056   	1.0000  	[16.2, 21.7, 21.7, 21.7]	[hover, left, left, front]	[430.9287, 862.2870, 627.9896, 401.1881]
50   	65673.75    	0.055   	1.0000  	[16.2, 21.7, 21.7, 21.7]	[hover, back, front, front]	[333.6134, 837.6561, 605.9431, 352.9282]
51   	64352.56    	0.054   	1.0000  	[16.2, 21.7, 21.7, 21.7]	[hover, back, front, front]	[240.5389, 680.7804, 583.5967, 291.9960]
52   	63021.10    	0.052   	1.0000  	[16.2, 21.7, 21.7, 21.7]	[hover, left, front, front]	[167.2165, 557.8388, 532.1820, 528.2507]
53   	61724.35    	0.051   	1.0000  	[16.2, 21.7, 21.7, 21.7]	[left, down, front, front]	[116.7490, 667.1869, 647.5126, 820.5698]
54   	60414.28    	0.050   	1.0000  	[16.2, 16.2, 21.7, 21.7]	[back, back, right, front]	[95.0979, 912.4920, 582.8258, 942.6703]
55   	59324.38    	0.049   	1.0000  	[16.2, 16.2, 21.7, 21.7]	[back, back, front, down]	[131.8688, 856.1009, 548.1021, 949.1691]
56   	58295.47    	0.048   	1.0000  	[16.2, 16.2, 21.7, 16.2]	[back, back, down, front]	[257.5934, 886.7012, 687.7535, 1058.9575]
57   	57378.33    	0.047   	1.0000  	[16.2, 16.2, 16.2, 16.2]	[back, left, right, right]	[403.6871, 794.6239, 630.4056, 899.2018]
58   	56511.49    	0.046   	1.0000  	[16.2, 16.2, 16.2, 16.2]	[back, left, right, hover]	[523.8537, 703.9764, 625.1143, 676.4328]
59   	55705.11    	0.045   	1.0000  	[16.2, 16.2, 16.2, 16.2]	[back, back, right, hover]	[567.4583, 606.6350, 597.2942, 474.9013]
60   	54894.99    	0.044   	1.0000  	[16.2, 16.2, 16.2, 16.2]	[back, back, right, hover]	[618.7566, 558.3096, 564.9641, 323.1106]
61   	54093.95    	0.043   	1.0000  	[16.2, 16.2, 16.2, 16.2]	[back, back, right, right]	[662.3705, 528.6182, 516.2327, 211.9043]
62   	53216.76    	0.042   	1.0000  	[16.2, 16.2, 16.2, 16.2]	[back, up, right, down]	[748.9319, 543.2240, 544.3592, 171.3669]
63   	52308.80    	0.041   	1.0000  	[16.2, 21.7, 16.2, 10.8]	[back, left, right, front]	[789.6413, 513.2747, 675.0399, 138.4657]
64   	51473.31    	0.041   	1.0000  	[16.2, 21.7, 16.2, 10.8]	[back, left, right, front]	[647.9612, 514.6579, 613.8863, 76.0277]
65   	50707.73    	0.040   	1.0000  	[16.2, 21.7, 16.2, 10.8]	[down, left, back, left]	[539.3145, 635.8159, 675.2891, 74.9251]
66   	49966.81    	0.039   	1.0000  	[10.8, 21.7, 16.2, 10.8]	[back, left, back, left]	[425.4956, 743.4015, 575.7020, 95.6247]
67   	49291.12    	0.038   	1.0000  	[10.8, 21.7, 16.2, 10.8]	[right, front, back, left]	[288.9674, 657.1346, 541.4897, 197.4461]
68   	48557.71    	0.038   	1.0000  	[10.8, 21.7, 16.2, 10.8]	[right, front, back, left]	[309.8016, 640.9296, 572.5707, 310.5917]
69   	47766.90    	0.037   	1.0000  	[10.8, 21.7, 16.2, 10.8]	[right, front, back, left]	[325.5147, 621.9234, 611.5540, 408.0709]
70   	46981.60    	0.036   	1.0000  	[10.8, 21.7, 16.2, 10.8]	[right, front, back, left]	[350.5440, 616.8206, 596.6051, 478.3715]
71   	46156.49    	0.035   	1.0000  	[10.8, 21.7, 16.2, 10.8]	[right, front, back, left]	[386.5592, 623.5610, 603.2059, 525.9383]
72   	45296.97    	0.035   	1.0000  	[10.8, 21.7, 16.2, 10.8]	[right, front, back, left]	[407.0235, 657.8392, 636.9040, 552.6283]
73   	44394.27    	0.034   	1.0000  	[10.8, 21.7, 16.2, 10.8]	[right, front, back, left]	[447.0022, 676.5661, 693.9275, 546.3679]
74   	43408.33    	0.033   	1.0000  	[10.8, 21.7, 16.2, 10.8]	[right, front, back, left]	[493.3972, 682.7250, 727.4462, 555.1095]
75   	42467.60    	0.032   	1.0000  	[10.8, 21.7, 16.2, 10.8]	[right, hover, back, left]	[521.6250, 589.5798, 609.2524, 611.6636]
76   	41544.51    	0.031   	1.0000  	[10.8, 21.7, 16.2, 10.8]	[right, hover, right, left]	[473.7858, 512.8593, 420.1347, 680.3238]
77   	40574.29    	0.030   	1.0000  	[10.8, 21.7, 16.2, 10.8]	[right, hover, down, back]	[495.9102, 447.6962, 290.7458, 705.9580]
78   	39619.74    	0.029   	1.0000  	[10.8, 21.7, 10.8, 10.8]	[up, hover, back, back]	[491.5476, 360.8364, 229.3880, 612.1101]
79   	38804.97    	0.028   	1.0000  	[16.2, 21.7, 10.8, 10.8]	[front, right, back, left]	[586.7464, 306.2315, 181.1650, 573.2711]
80   	37998.25    	0.027   	1.0000  	[16.2, 21.7, 10.8, 10.8]	[front, right, left, back]	[690.2694, 308.3257, 150.5290, 557.9035]
81   	37287.38    	0.027   	1.0000  	[16.2, 21.7, 10.8, 10.8]	[front, right, front, back]	[662.9699, 282.4687, 136.9662, 545.1001]
82   	36603.42    	0.026   	1.0000  	[16.2, 21.7, 10.8, 10.8]	[front, hover, up, back]	[670.4676, 248.5328, 121.8065, 511.9801]
83   	35943.34    	0.026   	1.0000  	[16.2, 21.7, 16.2, 10.8]	[front, left, left, back]	[614.2583, 222.9821, 152.6650, 442.1286]
84   	35276.90    	0.025   	1.0000  	[16.2, 21.7, 16.2, 10.8]	[front, left, left, back]	[677.5599, 217.9908, 203.2552, 407.0591]
85   	34579.34    	0.025   	1.0000  	[16.2, 21.7, 16.2, 10.8]	[front, left, left, back]	[735.4364, 231.1025, 249.1613, 422.1883]
86   	33808.12    	0.024   	1.0000  	[16.2, 21.7, 16.2, 10.8]	[front, hover, left, back]	[813.3246, 214.7688, 296.2612, 481.9768]
87   	32943.71    	0.023   	1.0000  	[16.2, 21.7, 16.2, 10.8]	[front, hover, front, back]	[911.1613, 199.0960, 309.0957, 567.2581]
88   	32011.31    	0.023   	1.0000  	[16.2, 21.7, 16.2, 10.8]	[front, hover, front, back]	[1029.2091, 179.5685, 339.6616, 659.5133]
89   	30968.29    	0.022   	1.0000  	[16.2, 21.7, 16.2, 10.8]	[front, hover, front, back]	[1186.2452, 158.8307, 355.9563, 771.5036]
90   	29946.47    	0.021   	1.0000  	[16.2, 21.7, 16.2, 10.8]	[front, hover, left, back]	[1181.2882, 138.7031, 319.4518, 886.4187]
91   	29067.12    	0.020   	1.0000  	[16.2, 21.7, 16.2, 10.8]	[hover, back, left, up]	[916.2774, 124.9836, 281.8778, 820.4098]
92   	28265.92    	0.020   	1.0000  	[16.2, 21.7, 16.2, 16.2]	[left, back, front, right]	[728.9771, 122.1333, 230.1404, 805.3250]
93   	27528.33    	0.019   	1.0000  	[16.2, 21.7, 16.2, 16.2]	[left, back, front, right]	[618.9365, 116.0122, 198.6621, 716.3132]
94   	26852.59    	0.019   	1.0000  	[16.2, 21.7, 16.2, 16.2]	[hover, back, front, right]	[495.2107, 107.9973, 185.4971, 582.6583]
95   	26274.71    	0.018   	1.0000  	[16.2, 21.7, 16.2, 16.2]	[left, back, right, right]	[403.9020, 115.3283, 164.7110, 488.5047]
96   	25726.57    	0.018   	1.0000  	[16.2, 21.7, 16.2, 16.2]	[left, back, right, right]	[344.4138, 162.8767, 157.3987, 405.3479]
97   	25255.91    	0.017   	1.0000  	[16.2, 21.7, 16.2, 16.2]	[hover, back, right, right]	[274.0510, 232.2500, 153.0150, 343.6325]
98   	24751.53    	0.017   	1.0000  	[16.2, 21.7, 16.2, 16.2]	[right, back, right, front]	[230.1348, 346.8313, 135.6924, 277.3979]
99   	24338.87    	0.017   	1.0000  	[16.2, 21.7, 16.2, 16.2]	[right, left, right, front]	[212.2614, 307.0094, 117.6415, 265.4716]
[2025-12-18T15:02:00]
Strategy: greedy_ig
Pairwise: equal
News mode: IGd
Num agents: 4
Iteration: 14
Error margin: None
Gaussian radius 5 
Grid info: range: 0-50-50, cell_size:0.125, map shape: (400, 400), center:True
init UAV positions: [(-15.0, -5.0, 5.4), (-15.0, 0.0, 5.4), (25.0, 0.0, 5.4), (15.0, 20.0, 5.4)]
mcts_params: {}
Step	Entropy	MSE	Coverage	Heights	Actions	IGs
------------------------------------------------------------------------------------------------------------------------
0    	160000.00   	0.250   	0.0000  	[5.4, 5.4, 5.4, 5.4]	[-, -, -, -]	[-, -, -, -]
1    	159109.47   	0.243   	0.0516  	[5.4, 5.4, 5.4, 5.4]	[up, up, up, up]	[3904.5582, 2231.1761, 1952.2791, 3514.1024]
2    	158379.45   	0.238   	0.1750  	[10.8, 10.8, 10.8, 10.8]	[up, front, up, up]	[2830.6647, 1969.5005, 2191.4824, 3204.0331]
3    	157577.40   	0.233   	0.3438  	[16.2, 10.8, 16.2, 16.2]	[back, up, left, back]	[3033.9342, 2825.4851, 2503.3587, 3123.6860]
4    	156855.29   	0.228   	0.4411  	[16.2, 16.2, 16.2, 16.2]	[back, front, left, back]	[2705.5338, 3053.5558, 2625.7538, 2707.3003]
5    	156156.53   	0.223   	0.5138  	[16.2, 16.2, 16.2, 16.2]	[back, up, left, left]	[2949.2064, 3045.6412, 2530.9471, 2469.3830]
6    	155447.60   	0.218   	0.6388  	[16.2, 21.7, 16.2, 16.2]	[right, right, back, up]	[2645.8550, 3142.2139, 2623.6125, 2658.7773]
7    	154746.18   	0.213   	0.7433  	[16.2, 21.7, 16.2, 21.7]	[right, front, back, back]	[2601.2039, 3038.0286, 2583.2174, 2688.8625]
8    	154012.31   	0.208   	0.8253  	[16.2, 21.7, 16.2, 21.7]	[right, front, back, back]	[2698.4428, 3048.4364, 2603.8802, 2728.2770]
9    	153182.16   	0.203   	0.9089  	[16.2, 21.7, 16.2, 21.7]	[right, right, back, back]	[2724.6901, 2820.1624, 2623.0836, 2596.0644]
10   	152159.61   	0.198   	0.9516  	[16.2, 21.7, 16.2, 21.7]	[right, right, back, back]	[2470.3301, 2719.5242, 2454.4794, 2459.7619]
11   	150844.06   	0.193   	0.9745  	[16.2, 21.7, 16.2, 21.7]	[right, right, left, back]	[2092.3193, 2696.9573, 1609.3831, 2058.2308]
12   	149467.11   	0.188   	0.9761  	[16.2, 21.7, 16.2, 21.7]	[front, right, left, down]	[1589.2606, 2761.5844, 1365.7530, 1675.9136]
13   	147991.42   	0.184   	0.9777  	[16.2, 21.7, 16.2, 16.2]	[front, right, left, right]	[1471.0209, 2811.4383, 1547.8144, 1446.3725]
14   	146285.08   	0.179   	0.9792  	[16.2, 21.7, 16.2, 16.2]	[front, right, left, back]	[1500.8627, 2678.6687, 1914.7908, 1391.0938]
15   	144351.22   	0.175   	0.9808  	[16.2, 21.7, 16.2, 16.2]	[front, right, left, back]	[1559.5384, 2682.5006, 2386.1435, 1862.5516]
16   	142431.56   	0.170   	0.9823  	[16.2, 21.7, 16.2, 16.2]	[front, right, left, back]	[1908.7834, 2680.4184, 2796.2916, 2335.5803]
17   	140428.51   	0.165   	0.9878  	[16.2, 21.7, 16.2, 16.2]	[front, back, left, back]	[2188.0108, 2198.5341, 2909.6448, 2679.8215]
18   	138483.95   	0.161   	0.9894  	[16.2, 21.7, 16.2, 16.2]	[left, back, left, left]	[2005.6368, 2329.0152, 2908.1014, 2328.6217]
19   	136348.63   	0.156   	0.9909  	[16.2, 21.7, 16.2, 16.2]	[front, back, left, left]	[2066.3647, 2199.9468, 2905.8916, 2118.0128]
20   	134078.14   	0.152   	0.9925  	[16.2, 21.7, 16.2, 16.2]	[front, back, left, left]	[2291.0557, 2264.2602, 2901.9854, 2167.2440]
21   	131557.58   	0.147   	0.9984  	[16.2, 21.7, 16.2, 16.2]	[front, back, front, left]	[2562.6355, 2399.2219, 2721.3307, 2203.2839]
22   	128916.16   	0.142   	0.9984  	[16.2, 21.7, 16.2, 16.2]	[up, back, front, left]	[2589.5428, 2428.7449, 2640.2517, 2186.4585]
23   	126330.07   	0.137   	0.9984  	[21.7, 21.7, 16.2, 16.2]	[left, back, front, left]	[2528.6791, 2676.0780, 2469.8781, 2265.9717]
24   	123783.56   	0.133   	0.9984  	[21.7, 21.7, 16.2, 16.2]	[left, back, front, left]	[2605.8384, 2986.6300, 2360.8535, 2448.6269]
25   	121168.64   	0.128   	0.9984  	[21.7, 21.7, 16.2, 16.2]	[left, left, front, left]	[2533.5540, 2883.2911, 2256.8671, 2560.2420]
26   	118523.95   	0.123   	0.9984  	[21.7, 21.7, 16.2, 16.2]	[left, left, front, left]	[2333.9809, 2760.1751, 2072.3667, 2739.3732]
27   	115997.37   	0.118   	0.9984  	[21.7, 21.7, 16.2, 16.2]	[down, left, front, left]	[1851.7592, 2616.7261, 1983.2187, 2638.4373]
28   	113242.71   	0.114   	0.9984  	[16.2, 21.7, 16.2, 16.2]	[left, left, right, front]	[1413.7406, 2523.5178, 1715.8386, 2255.0902]
29   	110430.38   	0.110   	0.9984  	[16.2, 21.7, 16.2, 16.2]	[front, left, right, front]	[1379.2260, 2210.4615, 2015.2498, 1944.9376]
30   	107657.37   	0.107   	0.9984  	[16.2, 21.7, 16.2, 16.2]	[left, down, right, front]	[1238.5634, 2018.4624, 2295.0316, 2106.7956]
31   	104659.54   	0.103   	1.0000  	[16.2, 16.2, 16.2, 16.2]	[back, left, right, front]	[1087.7629, 1888.8386, 2402.9506, 1949.4391]
32   	101514.87   	0.099   	1.0000  	[16.2, 16.2, 16.2, 16.2]	[back, left, right, front]	[889.5270, 2016.1508, 2366.5385, 1619.1838]
33   	98722.62    	0.096   	1.0000  	[16.2, 16.2, 16.2, 16.2]	[front, back, front, right]	[637.6689, 2163.9706, 2410.3595, 1855.3547]
34   	95839.41    	0.093   	1.0000  	[16.2, 16.2, 16.2, 16.2]	[front, left, front, front]	[596.5430, 2344.3394, 2393.3828, 2075.0001]
35   	93061.37    	0.089   	1.0000  	[16.2, 16.2, 16.2, 16.2]	[right, left, right, right]	[429.8405, 2607.4411, 2302.8565, 2032.5390]
36   	90653.82    	0.086   	1.0000  	[16.2, 16.2, 16.2, 16.2]	[hover, left, front, front]	[383.4850, 1972.5575, 2366.1991, 1826.6139]
37   	88549.81    	0.084   	1.0000  	[16.2, 16.2, 16.2, 16.2]	[back, right, right, up]	[281.8896, 1487.9687, 2372.8446, 1462.0766]
38   	86784.10    	0.082   	1.0000  	[16.2, 16.2, 16.2, 21.7]	[up, left, right, right]	[295.0090, 1164.4465, 2354.8807, 1177.7331]
39   	85092.44    	0.079   	1.0000  	[21.7, 16.2, 16.2, 21.7]	[back, front, right, right]	[358.4239, 938.4772, 2387.6996, 1012.0979]
40   	83486.59    	0.077   	1.0000  	[21.7, 16.2, 16.2, 21.7]	[back, back, right, front]	[404.3305, 740.1978, 2427.4153, 1207.0668]
41   	82084.91    	0.075   	1.0000  	[21.7, 16.2, 16.2, 21.7]	[back, right, hover, front]	[478.5021, 602.4146, 1797.9230, 1397.5979]
42   	80897.86    	0.074   	1.0000  	[21.7, 16.2, 16.2, 21.7]	[down, up, hover, down]	[572.3594, 526.0963, 1358.4982, 1438.6940]
43   	79828.61    	0.072   	1.0000  	[16.2, 21.7, 16.2, 16.2]	[back, front, hover, front]	[525.8006, 494.0733, 1108.7209, 1493.7625]
44   	78831.31    	0.071   	1.0000  	[16.2, 21.7, 16.2, 16.2]	[back, right, back, left]	[435.5572, 465.2630, 903.4499, 1375.9010]
45   	77917.18    	0.070   	1.0000  	[16.2, 21.7, 16.2, 16.2]	[left, right, up, left]	[416.1346, 479.4912, 762.7790, 1427.0889]
46   	76940.36    	0.069   	1.0000  	[16.2, 21.7, 21.7, 16.2]	[back, right, left, left]	[440.7244, 492.5244, 811.6669, 1592.9982]
47   	75868.27    	0.067   	1.0000  	[16.2, 21.7, 21.7, 16.2]	[back, right, left, left]	[485.9749, 569.1988, 754.3293, 1762.9939]
48   	74849.21    	0.066   	1.0000  	[16.2, 21.7, 21.7, 16.2]	[back, right, left, hover]	[613.8350, 700.0656, 760.7214, 1311.8764]
49   	73759.23    	0.065   	1.0000  	[16.2, 21.7, 21.7, 16.2]	[back, right, left, back]	[818.7301, 866.7396, 801.2848, 964.8280]
50   	72653.50    	0.063   	1.0000  	[16.2, 21.7, 21.7, 16.2]	[back, right, left, front]	[977.1312, 990.5696, 893.8488, 717.7498]
51   	71564.18    	0.062   	1.0000  	[16.2, 21.7, 21.7, 16.2]	[right, right, left, left]	[825.8958, 1120.2424, 961.8501, 511.9182]
52   	70456.69    	0.061   	1.0000  	[16.2, 21.7, 21.7, 16.2]	[right, right, left, down]	[653.5181, 1206.7365, 1091.8506, 444.3053]
53   	69380.88    	0.059   	1.0000  	[16.2, 21.7, 21.7, 10.8]	[right, hover, left, front]	[594.8447, 1036.9773, 1294.8307, 320.4033]
54   	68265.88    	0.058   	1.0000  	[16.2, 21.7, 21.7, 10.8]	[right, right, left, hover]	[580.4945, 862.4836, 1371.8332, 200.4809]
55   	67293.38    	0.057   	1.0000  	[16.2, 21.7, 21.7, 10.8]	[right, down, hover, back]	[648.9918, 873.2649, 1160.9301, 143.3754]
56   	66351.09    	0.056   	1.0000  	[16.2, 16.2, 21.7, 10.8]	[right, back, hover, back]	[758.4581, 766.7347, 971.0697, 127.7110]
57   	65422.29    	0.055   	1.0000  	[16.2, 16.2, 21.7, 10.8]	[right, right, hover, back]	[802.6295, 541.0161, 838.0468, 201.9982]
58   	64249.54    	0.054   	1.0000  	[16.2, 16.2, 21.7, 10.8]	[right, down, hover, back]	[1224.6131, 383.3842, 723.6262, 261.8645]
59   	62975.03    	0.052   	1.0000  	[16.2, 10.8, 21.7, 10.8]	[right, back, hover, back]	[1539.3178, 313.0725, 631.4329, 274.2138]
60   	61707.96    	0.051   	1.0000  	[16.2, 10.8, 21.7, 10.8]	[right, hover, front, back]	[1465.2679, 171.7112, 580.3396, 312.8124]
61   	60491.94    	0.050   	1.0000  	[16.2, 10.8, 21.7, 10.8]	[front, hover, down, back]	[1475.2639, 129.4319, 654.6750, 299.2959]
62   	59298.21    	0.049   	1.0000  	[16.2, 10.8, 16.2, 10.8]	[front, up, left, back]	[1483.9620, 103.9354, 717.5268, 311.9376]
63   	58170.81    	0.048   	1.0000  	[16.2, 16.2, 16.2, 10.8]	[front, left, hover, back]	[1344.8433, 128.6166, 567.7351, 387.7868]
64   	57047.97    	0.047   	1.0000  	[16.2, 16.2, 16.2, 10.8]	[front, front, hover, back]	[1433.2467, 147.2948, 446.6634, 479.8082]
65   	55954.16    	0.045   	1.0000  	[16.2, 16.2, 16.2, 10.8]	[front, left, hover, back]	[1469.5055, 154.4426, 351.3281, 650.9746]
66   	54705.06    	0.044   	1.0000  	[16.2, 16.2, 16.2, 10.8]	[right, left, hover, back]	[1719.3138, 156.4951, 285.4186, 820.0698]
67   	53477.45    	0.043   	1.0000  	[16.2, 16.2, 16.2, 10.8]	[front, left, back, back]	[1922.5430, 185.2108, 228.4482, 853.8320]
68   	52304.36    	0.042   	1.0000  	[16.2, 16.2, 16.2, 10.8]	[front, left, up, right]	[2059.0709, 198.4435, 194.0531, 631.4074]
69   	51120.38    	0.041   	1.0000  	[16.2, 16.2, 21.7, 10.8]	[front, left, back, up]	[2167.9077, 185.6743, 222.3521, 501.2870]
70   	49866.45    	0.039   	1.0000  	[16.2, 16.2, 21.7, 16.2]	[front, hover, back, right]	[2259.0057, 139.2890, 372.9218, 452.0284]
71   	48523.07    	0.038   	1.0000  	[16.2, 16.2, 21.7, 16.2]	[front, front, right, right]	[2378.8616, 107.7193, 440.5366, 458.2792]
72   	47278.37    	0.037   	1.0000  	[16.2, 16.2, 21.7, 16.2]	[front, front, right, right]	[2149.2520, 129.8650, 457.0310, 472.3129]
73   	46193.55    	0.036   	1.0000  	[16.2, 16.2, 21.7, 16.2]	[hover, front, right, right]	[1623.5796, 203.2480, 464.7010, 518.3458]
74   	45138.30    	0.035   	1.0000  	[16.2, 16.2, 21.7, 16.2]	[left, front, back, right]	[1265.0308, 254.0129, 372.4818, 544.3514]
75   	44216.92    	0.034   	1.0000  	[16.2, 16.2, 21.7, 16.2]	[right, front, back, right]	[1007.8239, 245.9777, 337.0462, 559.7480]
76   	43229.05    	0.033   	1.0000  	[16.2, 16.2, 21.7, 16.2]	[left, front, back, right]	[812.3525, 277.5339, 389.5866, 567.2933]
77   	42198.90    	0.032   	1.0000  	[16.2, 16.2, 21.7, 16.2]	[left, front, back, right]	[691.6376, 379.8055, 496.7118, 611.8041]
78   	41100.28    	0.031   	1.0000  	[16.2, 16.2, 21.7, 16.2]	[left, front, back, right]	[576.0750, 419.8923, 615.6796, 720.1958]
79   	39980.23    	0.030   	1.0000  	[16.2, 16.2, 21.7, 16.2]	[hover, front, back, right]	[411.0911, 462.0775, 736.0683, 882.3183]
80   	38945.13    	0.029   	1.0000  	[16.2, 16.2, 21.7, 16.2]	[right, up, left, right]	[299.2986, 613.8599, 754.3386, 791.0169]
81   	37966.30    	0.028   	1.0000  	[16.2, 21.7, 21.7, 16.2]	[right, left, left, front]	[281.1785, 671.2275, 808.4158, 712.2901]
82   	37072.72    	0.027   	1.0000  	[16.2, 21.7, 21.7, 16.2]	[right, left, hover, front]	[363.3620, 798.1944, 704.7538, 570.2529]
83   	36106.40    	0.027   	1.0000  	[16.2, 21.7, 21.7, 16.2]	[back, left, hover, front]	[355.6963, 877.4620, 610.8168, 487.4576]
84   	35128.47    	0.026   	1.0000  	[16.2, 21.7, 21.7, 16.2]	[back, left, hover, front]	[329.9899, 1034.2765, 532.2838, 469.6783]
85   	34176.02    	0.025   	1.0000  	[16.2, 21.7, 21.7, 16.2]	[back, left, hover, front]	[312.5081, 976.7422, 462.6947, 406.4567]
86   	33324.49    	0.024   	1.0000  	[16.2, 21.7, 21.7, 16.2]	[back, hover, hover, front]	[252.3579, 840.3717, 405.4175, 273.4608]
87   	32530.45    	0.024   	1.0000  	[16.2, 21.7, 21.7, 16.2]	[up, hover, hover, front]	[173.9465, 730.4870, 354.6263, 233.0560]
88   	31776.18    	0.023   	1.0000  	[21.7, 21.7, 21.7, 16.2]	[left, hover, hover, front]	[172.4485, 632.1534, 309.9051, 282.3320]
89   	31070.18    	0.022   	1.0000  	[21.7, 21.7, 21.7, 16.2]	[back, hover, right, front]	[186.1323, 546.7038, 279.6772, 332.7227]
90   	30348.50    	0.022   	1.0000  	[21.7, 21.7, 21.7, 16.2]	[back, hover, right, front]	[314.0240, 480.8070, 292.0999, 435.6629]
91   	29614.81    	0.021   	1.0000  	[21.7, 21.7, 21.7, 16.2]	[back, down, right, front]	[432.2878, 417.9358, 307.7804, 519.5723]
92   	28803.87    	0.021   	1.0000  	[21.7, 16.2, 21.7, 16.2]	[back, front, right, front]	[522.2345, 443.8533, 313.2112, 557.5829]
93   	27964.04    	0.020   	1.0000  	[21.7, 16.2, 21.7, 16.2]	[back, left, right, left]	[528.1987, 397.9811, 284.5663, 507.8824]
94   	27185.15    	0.019   	1.0000  	[21.7, 16.2, 21.7, 16.2]	[back, hover, front, left]	[434.0337, 317.6688, 255.7013, 469.4078]
95   	26458.37    	0.019   	1.0000  	[21.7, 16.2, 21.7, 16.2]	[right, hover, right, left]	[441.2305, 253.2594, 281.5539, 457.1028]
96   	25701.70    	0.018   	1.0000  	[21.7, 16.2, 21.7, 16.2]	[down, hover, right, left]	[508.6720, 197.5211, 327.7079, 467.6562]
97   	24983.75    	0.017   	1.0000  	[16.2, 16.2, 21.7, 16.2]	[back, hover, right, left]	[455.2623, 161.4499, 380.8278, 444.1864]
98   	24307.36    	0.017   	1.0000  	[16.2, 16.2, 21.7, 16.2]	[back, right, back, back]	[335.7896, 131.3549, 419.2213, 358.7951]
99   	23711.56    	0.016   	1.0000  	[16.2, 16.2, 21.7, 16.2]	[down, left, hover, back]	[258.6607, 105.9203, 479.2264, 369.8542]
[2025-12-18T15:02:10]
Strategy: greedy_ig
Pairwise: equal
News mode: IGd
Num agents: 4
Iteration: 15
Error margin: None
Gaussian radius 5 
Grid info: range: 0-50-50, cell_size:0.125, map shape: (400, 400), center:True
init UAV positions: [(-25.0, -5.0, 5.4), (-5.0, 10.0, 5.4), (25.0, 0.0, 5.4), (25.0, 10.0, 5.4)]
mcts_params: {}
Step	Entropy	MSE	Coverage	Heights	Actions	IGs
------------------------------------------------------------------------------------------------------------------------
0    	160000.00   	0.250   	0.0000  	[5.4, 5.4, 5.4, 5.4]	[-, -, -, -]	[-, -, -, -]
1    	159420.10   	0.245   	0.0391  	[5.4, 5.4, 5.4, 5.4]	[up, up, up, up]	[1952.2791, 3904.5582, 1952.2791, 1735.3592]
2    	158854.34   	0.241   	0.1500  	[10.8, 10.8, 10.8, 10.8]	[up, up, left, left]	[2191.4824, 4382.9647, 1846.7883, 1797.9315]
3    	158079.34   	0.235   	0.2953  	[16.2, 16.2, 10.8, 10.8]	[right, up, up, up]	[2464.7148, 4289.3444, 2147.9153, 1807.9178]
4    	157333.85   	0.230   	0.4738  	[16.2, 21.7, 16.2, 16.2]	[right, right, left, left]	[2586.1071, 3701.5120, 2026.6124, 1885.3819]
5    	156604.13   	0.225   	0.5448  	[16.2, 21.7, 16.2, 16.2]	[right, front, left, front]	[2788.1852, 3074.5375, 2093.5581, 1969.6991]
6    	155850.50   	0.220   	0.6112  	[16.2, 21.7, 16.2, 16.2]	[up, left, back, left]	[2936.0488, 2589.1694, 2519.9239, 2444.2656]
7    	155050.07   	0.215   	0.6894  	[21.7, 21.7, 16.2, 16.2]	[right, left, back, left]	[3007.1994, 2448.2487, 2677.8456, 2653.9864]
8    	154244.49   	0.211   	0.7534  	[21.7, 21.7, 16.2, 16.2]	[back, left, back, up]	[2854.8357, 2614.1582, 2700.7704, 2929.3543]
9    	153449.91   	0.206   	0.8444  	[21.7, 21.7, 16.2, 21.7]	[back, left, back, left]	[3008.2605, 2457.4945, 2779.8286, 2936.7111]
10   	152572.87   	0.201   	0.9078  	[21.7, 21.7, 16.2, 21.7]	[right, back, back, left]	[3012.8485, 2167.5422, 2854.6900, 2817.1379]
11   	151579.63   	0.196   	0.9578  	[21.7, 21.7, 16.2, 21.7]	[right, back, left, left]	[2917.8587, 2029.5215, 2518.1458, 2733.5107]
12   	150375.23   	0.191   	0.9859  	[21.7, 21.7, 16.2, 21.7]	[right, back, left, left]	[2501.6015, 1977.2990, 2107.3934, 2687.6170]
13   	148959.52   	0.186   	0.9875  	[21.7, 21.7, 16.2, 21.7]	[right, back, left, left]	[2036.7518, 2027.2749, 1612.8305, 2724.1284]
14   	147376.71   	0.181   	0.9891  	[21.7, 21.7, 16.2, 21.7]	[front, back, left, left]	[1557.1492, 1924.5952, 1624.3681, 2653.9328]
15   	145668.05   	0.176   	0.9906  	[21.7, 21.7, 16.2, 21.7]	[right, back, left, left]	[1538.4067, 2068.8869, 1563.2650, 2833.3979]
16   	143847.36   	0.171   	0.9922  	[21.7, 21.7, 16.2, 21.7]	[right, back, left, left]	[1952.2889, 2227.3175, 1789.5564, 3058.7169]
17   	141871.78   	0.166   	0.9938  	[21.7, 21.7, 16.2, 21.7]	[right, back, left, back]	[2619.8610, 2261.9159, 1658.5794, 2998.1354]
18   	139899.71   	0.161   	0.9977  	[21.7, 21.7, 16.2, 21.7]	[right, down, left, back]	[3152.9435, 1842.2002, 1704.8518, 2970.9078]
19   	137814.31   	0.157   	0.9984  	[21.7, 16.2, 16.2, 21.7]	[front, left, left, back]	[3184.6358, 1168.1621, 1608.3412, 2615.8466]
20   	135410.74   	0.152   	0.9992  	[21.7, 16.2, 16.2, 21.7]	[front, back, front, back]	[3125.4493, 724.2437, 1192.4065, 2206.4962]
21   	133360.45   	0.148   	0.9992  	[21.7, 16.2, 16.2, 21.7]	[front, back, front, front]	[3118.8084, 823.3539, 1350.7825, 1817.5938]
22   	131296.63   	0.145   	1.0000  	[21.7, 16.2, 16.2, 21.7]	[front, right, front, front]	[3160.1673, 941.8879, 1486.7438, 1433.3146]
23   	129324.42   	0.141   	1.0000  	[21.7, 16.2, 16.2, 21.7]	[front, right, left, front]	[3211.6645, 1127.9574, 1728.4543, 1352.6355]
24   	127271.86   	0.137   	1.0000  	[21.7, 16.2, 16.2, 21.7]	[front, right, front, front]	[3283.1910, 1554.3341, 1968.3113, 1213.2258]
25   	125309.79   	0.134   	1.0000  	[21.7, 16.2, 16.2, 21.7]	[front, right, front, hover]	[3061.4378, 1925.6861, 2146.1919, 954.1068]
26   	123336.63   	0.130   	1.0000  	[21.7, 16.2, 16.2, 21.7]	[left, right, front, down]	[2688.6342, 2210.0437, 1954.0835, 690.3164]
27   	121373.90   	0.127   	1.0000  	[21.7, 16.2, 16.2, 16.2]	[left, right, front, front]	[2583.0483, 2373.7965, 1819.6789, 619.0781]
28   	119602.50   	0.123   	1.0000  	[21.7, 16.2, 16.2, 16.2]	[down, right, front, left]	[2223.7850, 2467.2658, 1811.5040, 467.4136]
29   	117714.07   	0.120   	1.0000  	[16.2, 16.2, 16.2, 16.2]	[left, front, right, front]	[2166.2971, 2571.0211, 1554.7818, 448.8570]
30   	115481.21   	0.117   	1.0000  	[16.2, 16.2, 16.2, 16.2]	[left, right, right, back]	[1835.6459, 2703.2228, 1570.6309, 374.7497]
31   	113410.38   	0.114   	1.0000  	[16.2, 16.2, 16.2, 16.2]	[front, right, right, left]	[1400.3732, 2747.9035, 1585.8106, 340.7803]
32   	111027.71   	0.110   	1.0000  	[16.2, 16.2, 16.2, 16.2]	[left, right, up, back]	[1257.5466, 2803.1484, 1469.0049, 234.4268]
33   	108499.79   	0.107   	1.0000  	[16.2, 16.2, 21.7, 16.2]	[left, front, right, back]	[1166.8985, 2661.5408, 1467.5694, 245.4125]
34   	105986.19   	0.103   	1.0000  	[16.2, 16.2, 21.7, 16.2]	[left, up, right, back]	[1356.0567, 2515.2608, 1888.5393, 379.0827]
35   	103471.35   	0.100   	1.0000  	[16.2, 21.7, 21.7, 16.2]	[left, front, right, back]	[1712.9208, 2334.1435, 2174.0817, 590.6265]
36   	100646.92   	0.097   	1.0000  	[16.2, 21.7, 21.7, 16.2]	[left, front, front, back]	[2121.0738, 2169.8679, 2383.3623, 892.6742]
37   	97726.99    	0.093   	1.0000  	[16.2, 21.7, 21.7, 16.2]	[back, front, right, back]	[1860.5433, 2194.4237, 2261.8156, 1260.5693]
38   	94881.36    	0.089   	1.0000  	[16.2, 21.7, 21.7, 16.2]	[hover, front, right, back]	[1679.4963, 1984.0602, 1883.9891, 1758.0592]
39   	92325.81    	0.086   	1.0000  	[16.2, 21.7, 21.7, 16.2]	[hover, down, right, back]	[1383.2473, 1724.7649, 1952.6119, 2036.2401]
40   	89914.92    	0.083   	1.0000  	[16.2, 16.2, 21.7, 16.2]	[back, front, front, back]	[1131.8289, 1471.4785, 1516.4440, 2218.3625]
41   	87421.93    	0.080   	1.0000  	[16.2, 16.2, 21.7, 16.2]	[hover, front, down, right]	[883.5800, 1445.3960, 1330.7499, 2393.1090]
42   	85276.00    	0.078   	1.0000  	[16.2, 16.2, 16.2, 16.2]	[front, right, right, back]	[718.7250, 1398.6304, 1233.3977, 2613.0192]
43   	83071.23    	0.075   	1.0000  	[16.2, 16.2, 16.2, 16.2]	[up, front, front, right]	[678.3539, 1045.5583, 797.2596, 2474.0227]
44   	81103.98    	0.073   	1.0000  	[21.7, 16.2, 16.2, 16.2]	[right, left, hover, right]	[711.2668, 1024.3636, 662.7763, 2448.3295]
45   	79170.90    	0.071   	1.0000  	[21.7, 16.2, 16.2, 16.2]	[hover, up, down, right]	[617.5396, 1060.1679, 503.3814, 2563.0194]
46   	77182.45    	0.069   	1.0000  	[21.7, 21.7, 10.8, 16.2]	[back, front, right, right]	[543.5398, 1344.8214, 450.2826, 2689.0741]
47   	75164.22    	0.067   	1.0000  	[21.7, 21.7, 10.8, 16.2]	[back, left, back, right]	[528.7422, 1203.1170, 398.4333, 2819.9876]
48   	73276.98    	0.065   	1.0000  	[21.7, 21.7, 10.8, 16.2]	[back, hover, back, right]	[507.1367, 1033.6875, 323.1902, 2824.0969]
49   	71519.78    	0.063   	1.0000  	[21.7, 21.7, 10.8, 16.2]	[back, left, back, right]	[513.0881, 901.1177, 291.7818, 2840.9667]
50   	69833.59    	0.061   	1.0000  	[21.7, 21.7, 10.8, 16.2]	[back, left, up, right]	[525.7336, 806.5852, 280.5325, 2914.9492]
51   	68204.54    	0.059   	1.0000  	[21.7, 21.7, 16.2, 16.2]	[back, left, left, right]	[654.7999, 678.2146, 324.9164, 2913.0622]
52   	66674.82    	0.057   	1.0000  	[21.7, 21.7, 16.2, 16.2]	[back, left, up, right]	[821.2877, 630.4552, 394.2198, 2909.0727]
53   	64994.55    	0.055   	1.0000  	[21.7, 21.7, 21.7, 16.2]	[back, left, left, front]	[1073.9444, 674.4135, 491.8232, 2677.9599]
54   	63107.66    	0.053   	1.0000  	[21.7, 21.7, 21.7, 16.2]	[back, left, back, front]	[1189.2899, 765.9468, 610.8912, 2265.6208]
55   	61544.52    	0.052   	1.0000  	[21.7, 21.7, 21.7, 16.2]	[hover, left, left, hover]	[1012.0915, 946.2907, 670.1799, 1735.7220]
56   	60039.89    	0.050   	1.0000  	[21.7, 21.7, 21.7, 16.2]	[right, left, left, front]	[883.9560, 902.7373, 692.0312, 1441.3716]
57   	58612.40    	0.049   	1.0000  	[21.7, 21.7, 21.7, 16.2]	[right, down, left, left]	[824.2192, 777.1068, 609.1540, 1206.7812]
58   	57278.54    	0.047   	1.0000  	[21.7, 16.2, 21.7, 16.2]	[right, left, left, left]	[739.9883, 715.8466, 561.9703, 988.4794]
59   	56060.56    	0.046   	1.0000  	[21.7, 16.2, 21.7, 16.2]	[right, front, front, front]	[666.0408, 684.2612, 531.4424, 809.3081]
60   	54774.82    	0.045   	1.0000  	[21.7, 16.2, 21.7, 16.2]	[right, hover, front, front]	[847.9561, 519.7608, 699.0581, 721.5190]
61   	53448.22    	0.044   	1.0000  	[21.7, 16.2, 21.7, 16.2]	[right, left, left, front]	[1039.5064, 407.3816, 750.0435, 694.7501]
62   	52102.34    	0.042   	1.0000  	[21.7, 16.2, 21.7, 16.2]	[right, right, left, front]	[1295.4887, 295.0770, 697.1633, 644.0051]
63   	50677.99    	0.041   	1.0000  	[21.7, 16.2, 21.7, 16.2]	[right, left, left, up]	[1587.1499, 216.9353, 803.3636, 634.8709]
64   	49293.52    	0.040   	1.0000  	[21.7, 16.2, 21.7, 21.7]	[down, down, left, right]	[1293.7259, 164.0234, 1012.5768, 724.9234]
65   	48010.00    	0.038   	1.0000  	[16.2, 10.8, 21.7, 21.7]	[right, front, hover, front]	[1430.8252, 149.1842, 918.6806, 743.8408]
66   	46928.91    	0.037   	1.0000  	[16.2, 10.8, 21.7, 21.7]	[back, hover, hover, front]	[1194.0390, 99.8303, 790.7476, 840.1938]
67   	46014.74    	0.036   	1.0000  	[16.2, 10.8, 21.7, 21.7]	[hover, right, hover, hover]	[926.1761, 73.4878, 655.5265, 731.2793]
68   	45259.32    	0.036   	1.0000  	[16.2, 10.8, 21.7, 21.7]	[hover, right, hover, hover]	[710.2384, 57.3519, 566.4467, 635.4302]
69   	44596.04    	0.035   	1.0000  	[16.2, 10.8, 21.7, 21.7]	[front, right, hover, hover]	[576.2886, 83.0941, 495.1434, 550.2856]
70   	43967.97    	0.035   	1.0000  	[16.2, 10.8, 21.7, 21.7]	[front, right, hover, hover]	[504.8785, 109.0284, 432.3025, 481.3871]
71   	43347.88    	0.034   	1.0000  	[16.2, 10.8, 21.7, 21.7]	[front, right, hover, hover]	[538.2490, 138.0760, 389.1417, 405.5642]
72   	42732.30    	0.033   	1.0000  	[16.2, 10.8, 21.7, 21.7]	[front, right, hover, hover]	[506.7978, 163.6506, 369.2516, 312.5525]
73   	42166.86    	0.033   	1.0000  	[16.2, 10.8, 21.7, 21.7]	[front, right, back, hover]	[504.6112, 188.1292, 345.0201, 236.0095]
74   	41489.24    	0.032   	1.0000  	[16.2, 10.8, 21.7, 21.7]	[front, right, back, left]	[504.5289, 230.7932, 401.3430, 173.1070]
75   	40759.23    	0.032   	1.0000  	[16.2, 10.8, 21.7, 21.7]	[front, right, back, left]	[537.5616, 300.6077, 410.4579, 158.9804]
76   	39919.55    	0.031   	1.0000  	[16.2, 10.8, 21.7, 21.7]	[front, right, back, left]	[584.5342, 348.8608, 446.7504, 159.0184]
77   	38945.97    	0.030   	1.0000  	[16.2, 10.8, 21.7, 21.7]	[front, right, back, back]	[619.2511, 410.4017, 519.4389, 196.0885]
78   	37813.72    	0.029   	1.0000  	[16.2, 10.8, 21.7, 21.7]	[front, right, back, back]	[578.7497, 442.8708, 659.7889, 283.0844]
79   	36589.46    	0.028   	1.0000  	[16.2, 10.8, 21.7, 21.7]	[front, right, back, back]	[545.9260, 438.3359, 812.1145, 304.1425]
80   	35576.12    	0.027   	1.0000  	[16.2, 10.8, 21.7, 21.7]	[left, right, back, back]	[501.2711, 370.1616, 992.7007, 318.3465]
81   	34677.76    	0.026   	1.0000  	[16.2, 10.8, 21.7, 21.7]	[right, back, hover, back]	[496.8861, 206.5774, 829.3762, 352.2494]
82   	33891.95    	0.026   	1.0000  	[16.2, 10.8, 21.7, 21.7]	[left, left, hover, back]	[411.4105, 192.6308, 693.4242, 392.4568]
83   	33207.29    	0.025   	1.0000  	[16.2, 10.8, 21.7, 21.7]	[left, up, hover, back]	[332.9950, 193.3591, 581.6425, 429.6379]
84   	32569.06    	0.025   	1.0000  	[16.2, 16.2, 21.7, 21.7]	[left, back, hover, back]	[262.1921, 200.9099, 486.6999, 471.4928]
85   	31950.59    	0.024   	1.0000  	[16.2, 16.2, 21.7, 21.7]	[left, back, hover, back]	[255.1919, 200.8714, 408.3693, 503.2348]
86   	31366.02    	0.023   	1.0000  	[16.2, 16.2, 21.7, 21.7]	[back, back, hover, right]	[225.7739, 247.9823, 359.8130, 526.1574]
87   	30727.10    	0.023   	1.0000  	[16.2, 16.2, 21.7, 21.7]	[up, back, right, right]	[219.7909, 317.5820, 351.3322, 525.6603]
88   	30064.66    	0.022   	1.0000  	[21.7, 16.2, 21.7, 21.7]	[left, back, right, right]	[211.7530, 338.2170, 383.3290, 564.7609]
89   	29450.39    	0.022   	1.0000  	[21.7, 16.2, 21.7, 21.7]	[left, back, hover, back]	[213.5606, 345.0780, 371.2342, 452.6659]
90   	28847.42    	0.021   	1.0000  	[21.7, 16.2, 21.7, 21.7]	[left, back, right, down]	[219.7572, 380.5038, 339.8539, 373.5881]
91   	28171.28    	0.021   	1.0000  	[21.7, 16.2, 21.7, 16.2]	[left, back, right, right]	[224.7281, 441.4012, 336.5092, 366.5963]
92   	27574.87    	0.020   	1.0000  	[21.7, 16.2, 21.7, 16.2]	[left, back, down, back]	[241.4772, 332.3238, 340.6827, 264.6081]
93   	26970.49    	0.019   	1.0000  	[21.7, 16.2, 16.2, 16.2]	[hover, back, right, back]	[213.2236, 365.5225, 305.5921, 163.4274]
94   	26503.78    	0.019   	1.0000  	[21.7, 16.2, 16.2, 16.2]	[hover, down, right, hover]	[185.0747, 353.8123, 329.4608, 150.8607]
95   	26008.60    	0.019   	1.0000  	[21.7, 10.8, 16.2, 16.2]	[hover, back, up, down]	[164.2185, 318.0577, 339.7049, 86.1250]
96   	25476.03    	0.018   	1.0000  	[21.7, 10.8, 21.7, 10.8]	[hover, back, right, right]	[145.4385, 301.2726, 423.1143, 54.9873]
97   	24981.01    	0.018   	1.0000  	[21.7, 10.8, 21.7, 10.8]	[hover, left, right, right]	[127.2458, 140.0692, 480.9851, 54.4508]
98   	24538.45    	0.017   	1.0000  	[21.7, 10.8, 21.7, 10.8]	[back, left, hover, front]	[117.1728, 188.6227, 434.1137, 66.6987]
99   	24142.61    	0.017   	1.0000  	[21.7, 10.8, 21.7, 10.8]	[back, left, hover, front]	[111.2130, 183.8957, 362.8873, 87.8362]
[2025-12-18T15:02:20]
Strategy: greedy_ig
Pairwise: equal
News mode: IGd
Num agents: 4
Iteration: 16
Error margin: None
Gaussian radius 5 
Grid info: range: 0-50-50, cell_size:0.125, map shape: (400, 400), center:True
init UAV positions: [(-10.0, -20.0, 5.4), (-10.0, 25.0, 5.4), (25.0, -20.0, 5.4), (15.0, 5.0, 5.4)]
mcts_params: {}
Step	Entropy	MSE	Coverage	Heights	Actions	IGs
------------------------------------------------------------------------------------------------------------------------
0    	160000.00   	0.250   	0.0000  	[5.4, 5.4, 5.4, 5.4]	[-, -, -, -]	[-, -, -, -]
1    	159366.72   	0.244   	0.0469  	[5.4, 5.4, 5.4, 5.4]	[up, up, up, up]	[3514.1024, 1952.2791, 1757.0512, 3904.5582]
2    	158775.68   	0.239   	0.1781  	[10.8, 10.8, 10.8, 10.8]	[up, up, left, up]	[3204.0331, 2191.4824, 1820.4057, 4382.9647]
3    	158197.90   	0.234   	0.3609  	[16.2, 16.2, 10.8, 16.2]	[front, back, left, up]	[3258.7203, 2497.6723, 1968.4312, 3885.9001]
4    	157589.59   	0.229   	0.5062  	[16.2, 16.2, 10.8, 21.7]	[up, back, up, left]	[3214.5406, 2757.4968, 2051.9126, 3821.5666]
5    	156992.41   	0.224   	0.6656  	[21.7, 16.2, 16.2, 21.7]	[front, back, front, front]	[3352.1288, 2962.6946, 2252.7530, 3426.9015]
6    	156330.32   	0.219   	0.7672  	[21.7, 16.2, 16.2, 21.7]	[front, up, left, front]	[3375.6748, 3003.6239, 2527.1643, 3080.8969]
7    	155509.42   	0.213   	0.9000  	[21.7, 21.7, 16.2, 21.7]	[front, back, front, left]	[3179.9786, 2796.3091, 2623.1447, 2653.5228]
8    	154627.84   	0.209   	0.9109  	[21.7, 21.7, 16.2, 21.7]	[right, left, front, left]	[2715.3461, 2484.8859, 2666.4798, 2535.0743]
9    	153626.64   	0.204   	0.9516  	[21.7, 21.7, 16.2, 21.7]	[right, back, front, front]	[2513.7306, 2274.4065, 2492.4488, 2249.8890]
10   	152397.92   	0.199   	0.9656  	[21.7, 21.7, 16.2, 21.7]	[right, back, front, left]	[2363.8089, 2396.2696, 2385.3220, 2106.8603]
11   	151132.27   	0.194   	0.9688  	[21.7, 21.7, 16.2, 21.7]	[back, back, front, left]	[2150.8715, 2388.9768, 2484.8298, 2234.8441]
12   	149687.12   	0.189   	0.9766  	[21.7, 21.7, 16.2, 21.7]	[right, back, front, left]	[2222.6508, 2445.2752, 2480.5228, 2353.3185]
13   	148102.46   	0.184   	0.9797  	[21.7, 21.7, 16.2, 21.7]	[right, back, front, left]	[2387.9127, 2605.2812, 2568.7652, 2551.4409]
14   	146478.48   	0.179   	0.9828  	[21.7, 21.7, 16.2, 21.7]	[right, back, front, left]	[2659.3178, 2864.8878, 2748.5731, 2763.9667]
15   	144865.97   	0.174   	0.9859  	[21.7, 21.7, 16.2, 21.7]	[right, back, front, left]	[3051.1929, 3225.1397, 2897.8098, 2887.6314]
16   	143332.62   	0.169   	0.9898  	[21.7, 21.7, 16.2, 21.7]	[back, back, front, back]	[2818.4219, 3331.8179, 2897.6089, 2965.3351]
17   	141759.54   	0.164   	0.9966  	[21.7, 21.7, 16.2, 21.7]	[right, right, left, back]	[2388.3289, 3173.0380, 2721.4416, 2747.9991]
18   	140127.20   	0.159   	0.9966  	[21.7, 21.7, 16.2, 21.7]	[down, right, left, back]	[2170.3381, 2950.7081, 2661.1833, 2615.6699]
19   	138332.80   	0.155   	0.9966  	[16.2, 21.7, 16.2, 21.7]	[back, right, left, back]	[1764.8519, 2648.5075, 2578.8790, 2496.4753]
20   	136386.84   	0.151   	0.9966  	[16.2, 21.7, 16.2, 21.7]	[right, right, left, back]	[1331.0415, 2603.8171, 2582.2023, 2483.7452]
21   	134316.12   	0.147   	0.9966  	[16.2, 21.7, 16.2, 21.7]	[front, right, left, back]	[1042.5073, 2414.8174, 2651.4235, 2610.1680]
22   	132074.87   	0.142   	0.9966  	[16.2, 21.7, 16.2, 21.7]	[front, right, left, back]	[932.6819, 2264.8712, 2793.6660, 2876.5381]
23   	129692.50   	0.138   	0.9966  	[16.2, 21.7, 16.2, 21.7]	[front, right, left, back]	[972.7086, 2225.1087, 2918.8147, 3127.1814]
24   	127082.82   	0.133   	0.9966  	[16.2, 21.7, 16.2, 21.7]	[front, right, up, back]	[1253.1597, 2386.4701, 2989.0362, 3054.6815]
25   	124387.98   	0.128   	0.9966  	[16.2, 21.7, 21.7, 21.7]	[front, front, left, right]	[1514.9507, 2244.3043, 2965.8555, 2805.9728]
26   	121625.68   	0.124   	0.9966  	[16.2, 21.7, 21.7, 21.7]	[front, front, left, right]	[1704.6996, 2050.6253, 3022.9122, 2576.2325]
27   	118609.07   	0.119   	0.9966  	[16.2, 21.7, 21.7, 21.7]	[front, front, back, right]	[1826.4184, 1975.9358, 3089.2464, 2445.7828]
28   	115356.51   	0.114   	0.9966  	[16.2, 21.7, 21.7, 21.7]	[front, front, back, right]	[1919.1152, 1943.4567, 2913.5398, 2325.5543]
29   	111913.56   	0.110   	0.9966  	[16.2, 21.7, 21.7, 21.7]	[front, front, back, right]	[1960.9009, 1965.1270, 2840.4657, 2323.2121]
30   	108310.68   	0.104   	0.9966  	[16.2, 21.7, 21.7, 21.7]	[front, front, back, right]	[1976.7422, 2037.2947, 2855.0211, 2428.4701]
31   	104603.27   	0.100   	0.9966  	[16.2, 21.7, 21.7, 21.7]	[left, down, back, right]	[1754.3002, 1673.8359, 2964.5622, 2642.1158]
32   	101175.35   	0.096   	0.9966  	[16.2, 16.2, 21.7, 21.7]	[front, front, back, right]	[1705.4478, 1680.7850, 3109.2631, 2891.4993]
33   	97724.04    	0.091   	0.9997  	[16.2, 16.2, 21.7, 21.7]	[left, up, back, down]	[1278.3538, 1478.9004, 3321.0237, 2497.0487]
34   	94321.28    	0.087   	0.9997  	[16.2, 21.7, 21.7, 16.2]	[left, right, back, right]	[1424.4332, 1356.5173, 3405.2126, 2403.8309]
35   	90932.78    	0.083   	0.9997  	[16.2, 21.7, 21.7, 16.2]	[left, front, right, back]	[1795.7608, 1557.3370, 3251.5686, 1893.6715]
36   	87594.89    	0.079   	1.0000  	[16.2, 21.7, 21.7, 16.2]	[left, left, right, right]	[1925.1169, 1503.9673, 3106.9793, 1456.4916]
37   	84607.39    	0.076   	1.0000  	[16.2, 21.7, 21.7, 16.2]	[left, hover, back, front]	[2040.9499, 1444.2363, 2865.3764, 1176.8163]
38   	81963.52    	0.073   	1.0000  	[16.2, 21.7, 21.7, 16.2]	[left, hover, hover, front]	[2287.1191, 1374.6574, 2419.8510, 1002.6534]
39   	79581.54    	0.071   	1.0000  	[16.2, 21.7, 21.7, 16.2]	[left, hover, hover, left]	[2484.2039, 1281.3182, 2060.2506, 853.2485]
40   	77453.54    	0.068   	1.0000  	[16.2, 21.7, 21.7, 16.2]	[left, hover, left, up]	[2639.3843, 1178.8946, 1767.8745, 832.5832]
41   	75351.16    	0.066   	1.0000  	[16.2, 21.7, 21.7, 21.7]	[back, hover, left, left]	[2740.6765, 995.2376, 1656.1859, 860.6342]
42   	73547.12    	0.064   	1.0000  	[16.2, 21.7, 21.7, 21.7]	[left, left, hover, back]	[2738.1133, 876.8899, 1408.5007, 770.2782]
43   	71974.67    	0.062   	1.0000  	[16.2, 21.7, 21.7, 21.7]	[left, left, hover, front]	[2576.7500, 826.5701, 1214.2693, 681.8314]
44   	70516.80    	0.060   	1.0000  	[16.2, 21.7, 21.7, 21.7]	[back, left, hover, front]	[2214.1588, 703.4336, 1054.7475, 625.1411]
45   	69112.68    	0.059   	1.0000  	[16.2, 21.7, 21.7, 21.7]	[back, left, right, front]	[1826.0083, 606.7048, 917.5905, 584.6865]
46   	67683.71    	0.057   	1.0000  	[16.2, 21.7, 21.7, 21.7]	[back, left, right, front]	[1485.2812, 555.4711, 914.1068, 572.5071]
47   	66313.11    	0.056   	1.0000  	[16.2, 21.7, 21.7, 21.7]	[back, left, right, front]	[1276.1069, 548.6024, 880.6758, 609.5645]
48   	64926.50    	0.054   	1.0000  	[16.2, 21.7, 21.7, 21.7]	[back, left, right, front]	[1169.4155, 678.7320, 842.2246, 707.2148]
49   	63574.45    	0.053   	1.0000  	[16.2, 21.7, 21.7, 21.7]	[back, left, down, front]	[1114.0093, 864.5635, 839.9185, 937.7213]
50   	62281.35    	0.052   	1.0000  	[16.2, 21.7, 16.2, 21.7]	[back, hover, right, front]	[1097.3866, 802.9894, 821.8402, 1097.9716]
51   	61160.44    	0.050   	1.0000  	[16.2, 21.7, 16.2, 21.7]	[back, hover, right, front]	[1101.6143, 726.0648, 739.0027, 1090.1078]
52   	60121.71    	0.049   	1.0000  	[16.2, 21.7, 16.2, 21.7]	[back, back, up, right]	[1092.5840, 661.7840, 679.4013, 983.5919]
53   	59104.17    	0.048   	1.0000  	[16.2, 21.7, 21.7, 21.7]	[back, back, front, down]	[982.6657, 626.8294, 699.9475, 896.3302]
54   	58138.17    	0.047   	1.0000  	[16.2, 21.7, 21.7, 16.2]	[hover, back, front, front]	[759.0799, 605.1009, 741.8825, 850.5751]
55   	57281.56    	0.046   	1.0000  	[16.2, 21.7, 21.7, 16.2]	[hover, back, right, right]	[569.5654, 578.6899, 719.8546, 712.8627]
56   	56488.86    	0.045   	1.0000  	[16.2, 21.7, 21.7, 16.2]	[hover, back, right, hover]	[420.4372, 611.7567, 713.3111, 551.8874]
57   	55714.84    	0.044   	1.0000  	[16.2, 21.7, 21.7, 16.2]	[hover, back, front, left]	[306.9238, 649.5412, 663.6577, 439.5463]
58   	54913.91    	0.044   	1.0000  	[16.2, 21.7, 21.7, 16.2]	[right, back, front, left]	[224.4121, 627.5810, 606.0517, 352.1312]
59   	54013.74    	0.043   	1.0000  	[16.2, 21.7, 21.7, 16.2]	[right, back, front, left]	[193.9476, 566.6499, 561.3783, 298.8975]
60   	53135.34    	0.042   	1.0000  	[16.2, 21.7, 21.7, 16.2]	[right, left, front, left]	[231.3102, 645.8389, 533.8124, 312.4013]
61   	52193.41    	0.041   	1.0000  	[16.2, 21.7, 21.7, 16.2]	[right, down, front, left]	[406.3742, 757.0901, 569.1268, 357.9256]
62   	51134.81    	0.040   	1.0000  	[16.2, 16.2, 21.7, 16.2]	[right, back, front, left]	[527.0352, 910.7334, 644.3051, 442.7801]
63   	50091.48    	0.039   	1.0000  	[16.2, 16.2, 21.7, 16.2]	[right, hover, front, left]	[531.7122, 779.8871, 764.8649, 557.2564]
64   	49151.90    	0.038   	1.0000  	[16.2, 16.2, 21.7, 16.2]	[right, hover, hover, left]	[490.3013, 617.5655, 715.5154, 719.1961]
65   	48285.02    	0.037   	1.0000  	[16.2, 16.2, 21.7, 16.2]	[right, right, hover, left]	[466.6744, 504.5439, 669.0647, 882.2491]
66   	47430.15    	0.036   	1.0000  	[16.2, 16.2, 21.7, 16.2]	[right, right, hover, left]	[458.0480, 455.5141, 611.2426, 1026.9502]
67   	46631.18    	0.035   	1.0000  	[16.2, 16.2, 21.7, 16.2]	[right, right, hover, left]	[441.6601, 488.4210, 536.7562, 1103.3695]
68   	45839.63    	0.035   	1.0000  	[16.2, 16.2, 21.7, 16.2]	[right, right, left, back]	[367.2390, 559.5234, 462.3383, 965.8527]
69   	45052.77    	0.034   	1.0000  	[16.2, 16.2, 21.7, 16.2]	[left, right, left, back]	[299.1969, 596.3624, 442.4410, 773.7268]
70   	44219.84    	0.033   	1.0000  	[16.2, 16.2, 21.7, 16.2]	[right, right, left, back]	[250.0957, 697.3984, 442.9347, 705.0494]
71   	43323.73    	0.032   	1.0000  	[16.2, 16.2, 21.7, 16.2]	[front, right, left, back]	[191.7282, 724.6921, 474.0066, 622.2133]
72   	42255.69    	0.032   	1.0000  	[16.2, 16.2, 21.7, 16.2]	[front, right, left, back]	[175.7625, 799.0126, 541.8385, 627.7769]
73   	41053.33    	0.031   	1.0000  	[16.2, 16.2, 21.7, 16.2]	[front, right, left, back]	[196.0333, 899.4621, 656.4905, 676.2648]
74   	39595.93    	0.029   	1.0000  	[16.2, 16.2, 21.7, 16.2]	[front, right, left, back]	[266.9575, 1096.6996, 804.3673, 749.2512]
75   	38081.22    	0.028   	1.0000  	[16.2, 16.2, 21.7, 16.2]	[left, right, left, back]	[357.8631, 948.9988, 1007.3488, 879.3428]
76   	36653.22    	0.027   	1.0000  	[16.2, 16.2, 21.7, 16.2]	[front, hover, hover, back]	[515.7041, 808.4789, 929.4977, 985.8526]
77   	35199.31    	0.026   	1.0000  	[16.2, 16.2, 21.7, 16.2]	[left, hover, back, back]	[679.9180, 640.3130, 869.5242, 1138.2361]
78   	33758.39    	0.025   	1.0000  	[16.2, 16.2, 21.7, 16.2]	[left, front, hover, back]	[772.1989, 563.2115, 753.1430, 1131.6639]
79   	32495.54    	0.024   	1.0000  	[16.2, 16.2, 21.7, 16.2]	[left, front, hover, right]	[796.5010, 499.4699, 635.4304, 894.5211]
80   	31404.41    	0.023   	1.0000  	[16.2, 16.2, 21.7, 16.2]	[left, hover, front, left]	[813.2280, 416.2676, 536.9201, 720.7492]
81   	30456.05    	0.022   	1.0000  	[16.2, 16.2, 21.7, 16.2]	[front, front, back, right]	[753.3393, 341.8543, 464.2609, 591.0470]
82   	29602.02    	0.021   	1.0000  	[16.2, 16.2, 21.7, 16.2]	[front, front, left, right]	[619.8828, 303.5106, 397.9535, 546.8778]
83   	28823.66    	0.021   	1.0000  	[16.2, 16.2, 21.7, 16.2]	[front, front, down, right]	[586.6083, 297.7486, 384.7173, 507.5556]
84   	28092.52    	0.020   	1.0000  	[16.2, 16.2, 16.2, 16.2]	[front, front, front, right]	[586.2940, 306.4705, 360.1106, 461.7477]
85   	27449.72    	0.020   	1.0000  	[16.2, 16.2, 16.2, 16.2]	[front, front, front, right]	[523.3896, 296.3716, 358.5606, 407.3419]
86   	26899.82    	0.019   	1.0000  	[16.2, 16.2, 16.2, 16.2]	[left, front, left, right]	[439.3894, 353.5881, 259.6226, 350.8900]
87   	26339.00    	0.019   	1.0000  	[16.2, 16.2, 16.2, 16.2]	[left, front, right, right]	[402.5442, 424.0087, 188.7105, 305.1849]
88   	25803.57    	0.018   	1.0000  	[16.2, 16.2, 16.2, 16.2]	[up, front, hover, right]	[370.7928, 525.1283, 142.7849, 266.6717]
89   	25278.57    	0.018   	1.0000  	[21.7, 16.2, 16.2, 16.2]	[left, left, left, right]	[353.8684, 443.2360, 99.0850, 259.1107]
90   	24759.55    	0.017   	1.0000  	[21.7, 16.2, 16.2, 16.2]	[left, hover, down, right]	[416.2290, 354.2090, 79.0416, 279.0991]
91   	24192.67    	0.017   	1.0000  	[21.7, 16.2, 10.8, 16.2]	[left, right, front, right]	[539.5927, 290.3076, 75.1408, 271.6594]
92   	23762.76    	0.017   	1.0000  	[21.7, 16.2, 10.8, 16.2]	[back, left, hover, hover]	[503.5054, 228.9985, 51.2915, 210.2650]
93   	23394.24    	0.016   	1.0000  	[21.7, 16.2, 10.8, 16.2]	[back, left, right, hover]	[442.0970, 207.8993, 36.6607, 166.3976]
94   	23068.18    	0.016   	1.0000  	[21.7, 16.2, 10.8, 16.2]	[back, left, up, front]	[413.6355, 210.7664, 39.6405, 132.3683]
95   	22764.69    	0.016   	1.0000  	[21.7, 16.2, 16.2, 16.2]	[back, left, right, up]	[325.6301, 186.6431, 49.4415, 135.2681]
96   	22485.79    	0.016   	1.0000  	[21.7, 16.2, 16.2, 21.7]	[down, left, right, left]	[310.1095, 151.0276, 50.8123, 144.8028]
97   	22216.61    	0.015   	1.0000  	[16.2, 16.2, 16.2, 21.7]	[left, back, right, front]	[296.6326, 113.0436, 53.1602, 159.8622]
98   	21969.45    	0.015   	1.0000  	[16.2, 16.2, 16.2, 21.7]	[hover, up, right, front]	[241.4669, 94.4182, 50.5102, 163.7020]
99   	21700.21    	0.015   	1.0000  	[16.2, 21.7, 16.2, 21.7]	[front, back, right, front]	[199.1317, 87.7102, 61.3323, 165.8699]
[2025-12-18T15:02:30]
Strategy: greedy_ig
Pairwise: equal
News mode: IGd
Num agents: 4
Iteration: 17
Error margin: None
Gaussian radius 5 
Grid info: range: 0-50-50, cell_size:0.125, map shape: (400, 400), center:True
init UAV positions: [(-5.0, -10.0, 5.4), (-5.0, 20.0, 5.4), (15.0, -25.0, 5.4), (20.0, 10.0, 5.4)]
mcts_params: {}
Step	Entropy	MSE	Coverage	Heights	Actions	IGs
------------------------------------------------------------------------------------------------------------------------
0    	160000.00   	0.250   	0.0000  	[5.4, 5.4, 5.4, 5.4]	[-, -, -, -]	[-, -, -, -]
1    	159266.72   	0.244   	0.0547  	[5.4, 5.4, 5.4, 5.4]	[up, up, up, up]	[3904.5582, 3514.1024, 1952.2791, 3514.1024]
2    	158600.62   	0.238   	0.2062  	[10.8, 10.8, 10.8, 10.8]	[up, up, up, up]	[4382.9647, 3204.0331, 2191.4824, 3204.0331]
3    	157908.36   	0.232   	0.4266  	[16.2, 16.2, 16.2, 16.2]	[up, back, front, left]	[4404.8571, 3269.3349, 2445.4832, 3259.8576]
4    	157221.46   	0.226   	0.5988  	[21.7, 16.2, 16.2, 16.2]	[left, up, front, up]	[3839.6399, 3223.3389, 2757.6538, 3023.4828]
5    	156466.23   	0.221   	0.7722  	[21.7, 21.7, 16.2, 21.7]	[left, back, front, left]	[3564.8482, 3130.4978, 2953.6768, 2980.5645]
6    	155714.04   	0.215   	0.8409  	[21.7, 21.7, 16.2, 21.7]	[back, left, front, left]	[3136.5806, 2902.8625, 2912.7086, 2991.5924]
7    	154916.43   	0.210   	0.9152  	[21.7, 21.7, 16.2, 21.7]	[left, left, front, left]	[2671.7398, 2823.4588, 2784.6481, 2829.4139]
8    	154075.68   	0.206   	0.9597  	[21.7, 21.7, 16.2, 21.7]	[right, back, front, front]	[2261.2125, 2597.8692, 2650.4281, 2521.5979]
9    	153082.88   	0.201   	0.9722  	[21.7, 21.7, 16.2, 21.7]	[right, back, front, left]	[1964.7814, 2539.9692, 2651.6339, 2348.0351]
10   	151911.32   	0.197   	0.9753  	[21.7, 21.7, 16.2, 21.7]	[right, back, front, left]	[1861.7970, 2350.6191, 2542.5098, 2305.4629]
11   	150558.96   	0.192   	0.9766  	[21.7, 21.7, 16.2, 21.7]	[right, back, front, left]	[1939.8461, 2292.2840, 2509.4668, 2374.1043]
12   	149060.56   	0.187   	0.9766  	[21.7, 21.7, 16.2, 21.7]	[right, back, front, left]	[2079.1411, 2339.9975, 2613.6666, 2562.8368]
13   	147498.19   	0.182   	0.9766  	[21.7, 21.7, 16.2, 21.7]	[right, back, front, left]	[2308.7992, 2503.2536, 2811.7851, 2803.3442]
14   	145891.64   	0.176   	0.9766  	[21.7, 21.7, 16.2, 21.7]	[right, back, front, left]	[2621.4287, 2783.2330, 2928.1208, 3006.3149]
15   	144254.46   	0.171   	0.9766  	[21.7, 21.7, 16.2, 21.7]	[right, back, front, back]	[2901.4898, 3174.1067, 2916.3495, 2887.7242]
16   	142584.78   	0.166   	0.9809  	[21.7, 21.7, 16.2, 21.7]	[right, back, left, back]	[2930.7488, 2927.9715, 2727.2106, 2845.1484]
17   	140794.87   	0.162   	0.9866  	[21.7, 21.7, 16.2, 21.7]	[front, down, left, back]	[2877.2676, 2584.6040, 2591.2244, 2805.7804]
18   	138879.79   	0.157   	0.9866  	[21.7, 16.2, 16.2, 21.7]	[front, back, left, back]	[2859.8776, 2030.7238, 2540.5672, 2765.7418]
19   	136860.67   	0.153   	0.9866  	[21.7, 16.2, 16.2, 21.7]	[front, left, left, back]	[2767.9578, 1606.5159, 2504.9452, 2584.4530]
20   	134747.39   	0.149   	0.9866  	[21.7, 16.2, 16.2, 21.7]	[front, left, left, back]	[2728.4135, 1272.7199, 2571.6314, 2555.5217]
21   	132654.26   	0.145   	0.9866  	[21.7, 16.2, 16.2, 21.7]	[front, front, left, right]	[2767.8575, 900.1561, 2769.9301, 2178.8364]
22   	130490.09   	0.141   	0.9866  	[21.7, 16.2, 16.2, 21.7]	[front, hover, left, back]	[2780.7739, 763.1933, 2820.1511, 2181.7452]
23   	128429.86   	0.137   	0.9866  	[21.7, 16.2, 16.2, 21.7]	[front, front, left, right]	[3018.6804, 585.1460, 2900.0195, 2147.7472]
24   	126365.31   	0.132   	0.9866  	[21.7, 16.2, 16.2, 21.7]	[front, front, left, back]	[3157.8710, 654.6296, 2902.5200, 2402.1730]
25   	124321.40   	0.128   	0.9880  	[21.7, 16.2, 16.2, 21.7]	[left, front, left, right]	[3178.4697, 673.3950, 2730.4788, 2651.1892]
26   	122117.85   	0.124   	0.9989  	[21.7, 16.2, 16.2, 21.7]	[left, front, back, right]	[3049.2960, 721.6183, 2278.0797, 2808.4584]
27   	119734.54   	0.121   	0.9998  	[21.7, 16.2, 16.2, 21.7]	[left, front, back, right]	[2913.9166, 624.6498, 1550.9660, 2912.7860]
28   	117128.78   	0.117   	0.9998  	[21.7, 16.2, 16.2, 21.7]	[left, right, back, right]	[2589.2116, 422.7990, 1172.9242, 2961.9734]
29   	114323.83   	0.113   	0.9998  	[21.7, 16.2, 16.2, 21.7]	[left, right, back, right]	[2270.5842, 344.2900, 1164.8616, 3046.7852]
30   	111659.82   	0.109   	0.9998  	[21.7, 16.2, 16.2, 21.7]	[front, right, back, right]	[2013.5247, 366.2036, 1624.0555, 2866.5052]
31   	108802.56   	0.106   	0.9998  	[21.7, 16.2, 16.2, 21.7]	[left, right, back, down]	[1938.9331, 721.6076, 2181.0589, 2548.1505]
32   	105818.60   	0.102   	0.9998  	[21.7, 16.2, 16.2, 16.2]	[left, right, back, right]	[2090.4023, 1219.3560, 2566.4359, 2182.3577]
33   	102724.56   	0.098   	0.9998  	[21.7, 16.2, 16.2, 16.2]	[left, right, back, back]	[2501.8037, 1838.0881, 2766.2309, 1816.8565]
34   	99821.15    	0.094   	0.9998  	[21.7, 16.2, 16.2, 16.2]	[left, right, back, hover]	[2386.9069, 2307.9783, 2802.5702, 1392.8833]
35   	97019.98    	0.091   	0.9998  	[21.7, 16.2, 16.2, 16.2]	[down, right, back, back]	[2489.3745, 2576.8590, 2811.8416, 1122.8575]
36   	94308.26    	0.087   	0.9998  	[16.2, 16.2, 16.2, 16.2]	[left, right, right, left]	[2006.9529, 2852.7009, 2732.6003, 924.2660]
37   	91460.64    	0.084   	0.9998  	[16.2, 16.2, 16.2, 16.2]	[back, up, right, left]	[1700.7129, 2939.2220, 2655.2022, 745.4172]
38   	88724.83    	0.081   	0.9998  	[16.2, 21.7, 16.2, 16.2]	[back, right, right, left]	[1629.0509, 2800.8007, 2579.3605, 617.4387]
39   	86234.81    	0.078   	0.9998  	[16.2, 21.7, 16.2, 16.2]	[back, front, right, front]	[1359.8607, 2622.4508, 2106.2020, 474.7161]
40   	83887.44    	0.075   	0.9998  	[16.2, 21.7, 16.2, 16.2]	[back, front, front, up]	[1187.1064, 2601.2273, 1765.1944, 520.4160]
41   	81570.53    	0.072   	0.9998  	[16.2, 21.7, 16.2, 21.7]	[back, front, front, right]	[1053.5165, 2612.7503, 1495.5020, 547.7322]
42   	79431.89    	0.070   	0.9998  	[16.2, 21.7, 16.2, 21.7]	[back, front, front, right]	[943.1009, 2405.9817, 1558.2097, 581.7875]
43   	77282.02    	0.068   	1.0000  	[16.2, 21.7, 16.2, 21.7]	[back, down, front, front]	[835.9009, 2258.1569, 1703.4619, 638.1041]
44   	75590.07    	0.066   	1.0000  	[16.2, 16.2, 16.2, 21.7]	[back, front, right, front]	[851.1403, 1995.7045, 1388.7868, 593.4005]
45   	74183.68    	0.064   	1.0000  	[16.2, 16.2, 16.2, 21.7]	[back, right, front, front]	[940.0262, 1616.9849, 1101.8547, 609.3206]
46   	72959.71    	0.063   	1.0000  	[16.2, 16.2, 16.2, 21.7]	[back, hover, down, front]	[975.4803, 1227.6871, 1022.3613, 630.8496]
47   	71961.31    	0.062   	1.0000  	[16.2, 16.2, 10.8, 21.7]	[right, left, front, front]	[781.1665, 934.0165, 668.0967, 593.4974]
48   	71168.29    	0.061   	1.0000  	[16.2, 16.2, 10.8, 21.7]	[left, right, up, down]	[625.9868, 685.4210, 514.7497, 525.8023]
49   	70484.43    	0.060   	1.0000  	[16.2, 16.2, 16.2, 16.2]	[right, back, front, right]	[504.5736, 577.7202, 502.7542, 426.5517]
50   	69908.84    	0.059   	1.0000  	[16.2, 16.2, 16.2, 16.2]	[right, front, front, front]	[419.2664, 466.9634, 522.1038, 422.2564]
51   	69317.16    	0.059   	1.0000  	[16.2, 16.2, 16.2, 16.2]	[right, left, front, front]	[372.6864, 371.3056, 474.9988, 382.6968]
52   	68734.59    	0.058   	1.0000  	[16.2, 16.2, 16.2, 16.2]	[right, left, left, front]	[384.0348, 312.0165, 437.1308, 415.7156]
53   	68101.74    	0.057   	1.0000  	[16.2, 16.2, 16.2, 16.2]	[right, left, left, front]	[448.8805, 288.9269, 428.0451, 563.4541]
54   	67335.15    	0.057   	1.0000  	[16.2, 16.2, 16.2, 16.2]	[right, left, up, front]	[565.0307, 296.4898, 468.0460, 866.0203]
55   	66602.91    	0.056   	1.0000  	[16.2, 16.2, 21.7, 16.2]	[right, left, left, hover]	[684.3905, 268.4255, 520.4431, 746.4871]
56   	65847.52    	0.055   	1.0000  	[16.2, 16.2, 21.7, 16.2]	[right, left, left, left]	[803.9806, 291.4425, 567.6836, 684.0245]
57   	65081.51    	0.054   	1.0000  	[16.2, 16.2, 21.7, 16.2]	[right, left, left, left]	[951.4657, 306.3390, 446.0133, 625.6123]
58   	64290.36    	0.053   	1.0000  	[16.2, 16.2, 21.7, 16.2]	[right, left, down, left]	[1137.2660, 363.6140, 388.4948, 571.2050]
59   	63428.00    	0.052   	1.0000  	[16.2, 16.2, 16.2, 16.2]	[right, left, back, left]	[1140.3273, 470.5543, 286.4887, 576.3988]
60   	62500.73    	0.051   	1.0000  	[16.2, 16.2, 16.2, 16.2]	[front, left, back, left]	[901.8390, 623.6557, 280.4656, 634.3203]
61   	61609.16    	0.050   	1.0000  	[16.2, 16.2, 16.2, 16.2]	[back, left, back, left]	[716.2128, 792.6656, 312.7384, 684.0516]
62   	60771.25    	0.049   	1.0000  	[16.2, 16.2, 16.2, 16.2]	[front, left, back, left]	[581.2201, 686.4466, 331.2598, 759.4497]
63   	59931.57    	0.048   	1.0000  	[16.2, 16.2, 16.2, 16.2]	[front, down, back, left]	[534.4974, 702.0855, 365.4460, 895.3371]
64   	59043.48    	0.047   	1.0000  	[16.2, 10.8, 16.2, 16.2]	[front, front, back, left]	[527.6288, 451.7918, 415.4787, 944.2727]
65   	58102.43    	0.046   	1.0000  	[16.2, 10.8, 16.2, 16.2]	[front, back, back, left]	[563.0393, 270.4232, 495.1178, 891.9670]
66   	57114.82    	0.045   	1.0000  	[16.2, 10.8, 16.2, 16.2]	[front, front, back, left]	[633.9111, 169.4025, 617.5457, 802.8768]
67   	56197.99    	0.044   	1.0000  	[16.2, 10.8, 16.2, 16.2]	[front, hover, back, back]	[716.2643, 99.7395, 808.0950, 758.4246]
68   	55323.91    	0.043   	1.0000  	[16.2, 10.8, 16.2, 16.2]	[front, right, right, back]	[811.8570, 89.6673, 636.5190, 702.1558]
69   	54393.26    	0.043   	1.0000  	[16.2, 10.8, 16.2, 16.2]	[front, up, right, back]	[936.1793, 91.3599, 581.8189, 631.7720]
70   	53371.62    	0.042   	1.0000  	[16.2, 16.2, 16.2, 16.2]	[front, back, right, back]	[1072.9855, 115.5955, 652.7816, 662.5345]
71   	52241.85    	0.040   	1.0000  	[16.2, 16.2, 16.2, 16.2]	[front, back, right, back]	[1255.2599, 150.0466, 805.9598, 698.9326]
72   	51117.41    	0.039   	1.0000  	[16.2, 16.2, 16.2, 16.2]	[front, back, right, back]	[1074.5247, 154.4870, 783.6705, 794.7465]
73   	50007.43    	0.038   	1.0000  	[16.2, 16.2, 16.2, 16.2]	[left, back, right, back]	[894.0032, 160.3690, 777.5173, 895.7851]
74   	48880.19    	0.037   	1.0000  	[16.2, 16.2, 16.2, 16.2]	[left, back, right, back]	[716.8433, 155.1165, 733.6608, 1014.6181]
75   	47716.73    	0.036   	1.0000  	[16.2, 16.2, 16.2, 16.2]	[left, hover, right, back]	[652.2625, 148.8078, 694.3696, 1359.2001]
76   	46471.35    	0.035   	1.0000  	[16.2, 16.2, 16.2, 16.2]	[left, right, right, back]	[637.3702, 134.1364, 655.6580, 1734.6807]
77   	45418.51    	0.034   	1.0000  	[16.2, 16.2, 16.2, 16.2]	[left, up, right, back]	[618.8076, 138.6316, 641.6460, 1399.1608]
78   	44416.83    	0.033   	1.0000  	[16.2, 21.7, 16.2, 16.2]	[back, back, right, right]	[561.9305, 165.3587, 653.0483, 1156.4891]
79   	43532.17    	0.033   	1.0000  	[16.2, 21.7, 16.2, 16.2]	[back, back, front, right]	[508.3898, 184.8575, 579.3287, 825.6131]
80   	42714.31    	0.032   	1.0000  	[16.2, 21.7, 16.2, 16.2]	[back, back, front, left]	[514.2580, 204.0499, 552.3091, 603.7645]
81   	41912.22    	0.031   	1.0000  	[16.2, 21.7, 16.2, 16.2]	[left, right, front, left]	[460.1829, 242.1532, 562.2613, 494.1463]
82   	41014.32    	0.030   	1.0000  	[16.2, 21.7, 16.2, 16.2]	[left, right, front, right]	[383.8253, 401.0191, 581.1318, 426.5871]
83   	40052.80    	0.030   	1.0000  	[16.2, 21.7, 16.2, 16.2]	[left, right, front, right]	[358.6343, 541.2281, 541.6437, 392.7180]
84   	38982.28    	0.029   	1.0000  	[16.2, 21.7, 16.2, 16.2]	[left, right, front, front]	[371.0229, 701.9612, 546.1229, 345.5792]
85   	37768.42    	0.028   	1.0000  	[16.2, 21.7, 16.2, 16.2]	[up, right, front, up]	[424.2710, 793.6935, 543.5001, 329.0016]
86   	36384.64    	0.027   	1.0000  	[21.7, 21.7, 16.2, 21.7]	[front, back, front, left]	[501.5094, 986.6039, 614.1606, 301.0765]
87   	34877.98    	0.025   	1.0000  	[21.7, 21.7, 16.2, 21.7]	[left, right, front, front]	[509.8110, 1354.4545, 725.0081, 296.6286]
88   	33345.36    	0.024   	1.0000  	[21.7, 21.7, 16.2, 21.7]	[front, right, front, hover]	[471.8181, 1657.7373, 893.9704, 287.1066]
89   	31782.17    	0.023   	1.0000  	[21.7, 21.7, 16.2, 21.7]	[down, right, hover, right]	[434.8083, 1993.1992, 693.7101, 273.1512]
90   	30170.62    	0.022   	1.0000  	[16.2, 21.7, 16.2, 21.7]	[left, back, left, left]	[398.8426, 2171.9719, 559.2166, 240.4714]
91   	28695.34    	0.020   	1.0000  	[16.2, 21.7, 16.2, 21.7]	[front, right, right, right]	[366.8373, 2214.7634, 437.6854, 230.3939]
92   	27366.90    	0.019   	1.0000  	[16.2, 21.7, 16.2, 21.7]	[hover, back, left, front]	[293.4709, 2062.9245, 353.9512, 212.0750]
93   	26205.25    	0.018   	1.0000  	[16.2, 21.7, 16.2, 21.7]	[hover, down, left, up]	[231.0643, 1831.9235, 290.4584, 215.4112]
94   	25244.32    	0.018   	1.0000  	[16.2, 16.2, 16.2, 27.1]	[right, back, left, hover]	[188.3738, 1592.1645, 248.0670, 199.7006]
95   	24439.80    	0.017   	1.0000  	[16.2, 16.2, 16.2, 27.1]	[left, right, left, right]	[150.4750, 1392.6107, 215.8068, 188.6973]
96   	23801.07    	0.016   	1.0000  	[16.2, 16.2, 16.2, 27.1]	[right, hover, left, hover]	[123.9342, 1075.0663, 192.5107, 176.4210]
97   	23247.86    	0.016   	1.0000  	[16.2, 16.2, 16.2, 27.1]	[left, front, left, left]	[103.7928, 864.1757, 168.8279, 164.8349]
98   	22815.28    	0.016   	1.0000  	[16.2, 16.2, 16.2, 27.1]	[back, back, left, right]	[86.7593, 684.9889, 141.5072, 153.2542]
99   	22414.75    	0.015   	1.0000  	[16.2, 16.2, 16.2, 27.1]	[back, front, left, hover]	[82.0711, 562.2160, 132.1647, 138.6142]
[2025-12-18T15:02:40]
Strategy: greedy_ig
Pairwise: equal
News mode: IGd
Num agents: 4
Iteration: 18
Error margin: None
Gaussian radius 5 
Grid info: range: 0-50-50, cell_size:0.125, map shape: (400, 400), center:True
init UAV positions: [(-20.0, -20.0, 5.4), (-15.0, 0.0, 5.4), (25.0, -25.0, 5.4), (25.0, 25.0, 5.4)]
mcts_params: {}
Step	Entropy	MSE	Coverage	Heights	Actions	IGs
------------------------------------------------------------------------------------------------------------------------
0    	160000.00   	0.250   	0.0000  	[5.4, 5.4, 5.4, 5.4]	[-, -, -, -]	[-, -, -, -]
1    	159486.71   	0.246   	0.0391  	[5.4, 5.4, 5.4, 5.4]	[up, up, up, up]	[3162.6921, 3904.5582, 976.1395, 976.1395]
2    	159031.78   	0.242   	0.1444  	[10.8, 10.8, 10.8, 10.8]	[up, up, up, up]	[2315.8095, 4382.9647, 1095.7412, 1095.7412]
3    	158567.61   	0.238   	0.2936  	[16.2, 16.2, 16.2, 16.2]	[right, up, front, back]	[2415.7329, 3722.8017, 1252.8166, 1255.8494]
4    	158031.51   	0.234   	0.4062  	[16.2, 21.7, 16.2, 16.2]	[front, right, left, left]	[2342.9532, 3474.0299, 1534.6797, 1537.3843]
5    	157516.70   	0.230   	0.4688  	[16.2, 21.7, 16.2, 16.2]	[right, front, front, back]	[2358.2823, 3337.8513, 1739.7660, 1741.8614]
6    	156995.21   	0.225   	0.5469  	[16.2, 21.7, 16.2, 16.2]	[right, front, left, left]	[2500.6525, 3306.5547, 2052.5335, 2057.1753]
7    	156454.59   	0.221   	0.6328  	[16.2, 21.7, 16.2, 16.2]	[right, front, front, back]	[2614.2089, 3262.5458, 2281.5598, 2286.5373]
8    	155834.71   	0.216   	0.7212  	[16.2, 21.7, 16.2, 16.2]	[front, front, left, left]	[2649.0292, 3258.6865, 2616.7188, 2605.3156]
9    	155181.58   	0.212   	0.8009  	[16.2, 21.7, 16.2, 16.2]	[up, right, front, left]	[2847.1745, 3135.9950, 2591.1264, 2624.6627]
10   	154453.88   	0.207   	0.9056  	[21.7, 21.7, 16.2, 16.2]	[front, right, front, back]	[2846.4207, 2760.0186, 2648.6723, 2388.4920]
11   	153625.05   	0.202   	0.9578  	[21.7, 21.7, 16.2, 16.2]	[right, right, front, back]	[2731.4054, 2551.4926, 2600.4761, 2027.1301]
12   	152463.05   	0.197   	0.9920  	[21.7, 21.7, 16.2, 16.2]	[right, right, front, up]	[2578.5704, 2261.0242, 2069.6973, 1549.0430]
13   	151010.38   	0.192   	0.9959  	[21.7, 21.7, 16.2, 21.7]	[right, right, front, back]	[2421.9735, 1737.4052, 1569.5981, 1045.8600]
14   	149593.31   	0.187   	0.9959  	[21.7, 21.7, 16.2, 21.7]	[right, down, left, hover]	[2277.3322, 1660.4944, 1116.3096, 923.8586]
15   	148222.30   	0.184   	0.9959  	[21.7, 16.2, 16.2, 21.7]	[back, front, left, left]	[2087.1392, 1501.9968, 1168.4340, 993.1255]
16   	146639.50   	0.179   	0.9969  	[21.7, 16.2, 16.2, 21.7]	[right, right, left, up]	[2031.4983, 1325.1899, 1123.5749, 966.5129]
17   	144809.49   	0.175   	0.9969  	[21.7, 16.2, 16.2, 27.1]	[right, right, left, left]	[2094.1046, 1602.0731, 1432.7464, 1017.1027]
18   	142941.66   	0.170   	0.9969  	[21.7, 16.2, 16.2, 27.1]	[right, right, left, left]	[2084.0627, 1795.9077, 1630.3084, 1225.9329]
19   	141080.89   	0.166   	0.9969  	[21.7, 16.2, 16.2, 27.1]	[down, right, left, left]	[2217.4772, 2077.4111, 1841.3216, 1541.8758]
20   	139331.47   	0.162   	0.9969  	[16.2, 16.2, 16.2, 27.1]	[right, back, back, left]	[1884.6927, 1937.7934, 1932.9802, 1919.8048]
21   	137598.42   	0.158   	0.9969  	[16.2, 16.2, 16.2, 27.1]	[front, back, back, left]	[1598.9350, 2019.7149, 2092.2202, 2332.1719]
22   	135615.72   	0.154   	0.9969  	[16.2, 16.2, 16.2, 27.1]	[front, back, back, down]	[1660.5296, 1935.5540, 2276.5286, 2777.2136]
23   	133333.98   	0.150   	0.9969  	[16.2, 16.2, 16.2, 21.7]	[front, back, back, left]	[1479.1713, 1483.5510, 2570.4784, 3085.9303]
24   	131302.16   	0.146   	0.9969  	[16.2, 16.2, 16.2, 21.7]	[left, left, back, left]	[1036.5459, 1228.1237, 2782.8848, 3341.8189]
25   	129289.25   	0.142   	0.9984  	[16.2, 16.2, 16.2, 21.7]	[up, left, left, front]	[1050.0296, 1089.9530, 2637.2548, 2999.0609]
26   	126949.29   	0.138   	0.9992  	[21.7, 16.2, 16.2, 21.7]	[front, back, left, front]	[1083.0962, 974.2517, 2643.0193, 2983.2879]
27   	124665.65   	0.134   	1.0000  	[21.7, 16.2, 16.2, 21.7]	[front, back, left, hover]	[1101.6791, 1318.8779, 2678.3405, 2509.1518]
28   	122396.23   	0.129   	1.0000  	[21.7, 16.2, 16.2, 21.7]	[front, back, left, hover]	[1729.5396, 1989.6997, 2752.2722, 2144.5418]
29   	120187.32   	0.125   	1.0000  	[21.7, 16.2, 16.2, 21.7]	[front, back, front, hover]	[2385.8043, 2532.2746, 2354.6166, 1841.6267]
30   	118040.13   	0.121   	1.0000  	[21.7, 16.2, 16.2, 21.7]	[front, back, front, hover]	[2948.4489, 2835.5431, 2187.0954, 1590.6731]
31   	115760.42   	0.117   	1.0000  	[21.7, 16.2, 16.2, 21.7]	[left, up, front, hover]	[3003.5935, 3056.1898, 2023.9203, 1258.8313]
32   	113752.72   	0.114   	1.0000  	[21.7, 21.7, 16.2, 21.7]	[front, left, front, hover]	[2710.2456, 2657.6693, 1913.1414, 1005.0065]
33   	111619.44   	0.110   	1.0000  	[21.7, 21.7, 16.2, 21.7]	[left, left, front, right]	[2512.7175, 2470.5566, 1785.7156, 761.2380]
34   	109446.10   	0.107   	1.0000  	[21.7, 21.7, 16.2, 21.7]	[left, left, front, hover]	[2048.6257, 2339.9353, 1826.3163, 539.7973]
35   	107510.30   	0.104   	1.0000  	[21.7, 21.7, 16.2, 21.7]	[down, left, front, right]	[1810.4087, 2303.4906, 1748.2376, 500.6435]
36   	105502.18   	0.101   	1.0000  	[16.2, 21.7, 16.2, 21.7]	[left, left, front, back]	[1380.4609, 2343.5961, 1861.3348, 350.8265]
37   	103276.16   	0.097   	1.0000  	[16.2, 21.7, 16.2, 21.7]	[left, left, front, back]	[1296.3218, 2312.4041, 1715.2120, 388.4986]
38   	100737.43   	0.093   	1.0000  	[16.2, 21.7, 16.2, 21.7]	[left, left, front, back]	[1300.8012, 2241.9779, 1794.4760, 620.5669]
39   	98107.38    	0.090   	1.0000  	[16.2, 21.7, 16.2, 21.7]	[left, left, front, back]	[1303.6672, 1788.1848, 1239.1141, 1067.4131]
40   	95132.00    	0.086   	1.0000  	[16.2, 21.7, 16.2, 21.7]	[back, down, right, back]	[1404.9532, 1711.9442, 1312.3376, 1406.0398]
41   	91825.62    	0.083   	1.0000  	[16.2, 16.2, 16.2, 21.7]	[left, back, right, back]	[1292.5890, 1592.7431, 1164.7618, 1812.5868]
42   	88429.46    	0.079   	1.0000  	[16.2, 16.2, 16.2, 21.7]	[left, left, right, back]	[1685.6204, 1186.6837, 1627.3916, 2173.2445]
43   	85057.16    	0.075   	1.0000  	[16.2, 16.2, 16.2, 21.7]	[left, hover, right, back]	[1983.2510, 867.1496, 2029.6084, 2264.5250]
44   	81999.24    	0.072   	1.0000  	[16.2, 16.2, 16.2, 21.7]	[back, hover, right, right]	[1975.5580, 636.4924, 2282.7670, 2311.2726]
45   	79015.26    	0.069   	1.0000  	[16.2, 16.2, 16.2, 21.7]	[back, right, right, right]	[1873.5313, 586.4913, 2436.9440, 2195.8336]
46   	76111.33    	0.066   	1.0000  	[16.2, 16.2, 16.2, 21.7]	[back, right, right, right]	[1709.1849, 527.9169, 2443.5295, 2173.5239]
47   	73456.89    	0.063   	1.0000  	[16.2, 16.2, 16.2, 21.7]	[hover, right, right, right]	[1348.4666, 520.7503, 2430.9386, 2206.0963]
48   	70908.93    	0.061   	1.0000  	[16.2, 16.2, 16.2, 21.7]	[back, right, right, right]	[1146.5641, 481.5551, 2422.0396, 2250.9852]
49   	68553.78    	0.058   	1.0000  	[16.2, 16.2, 16.2, 21.7]	[right, right, right, right]	[965.5594, 482.3398, 2422.3104, 2327.0415]
50   	66568.19    	0.056   	1.0000  	[16.2, 16.2, 16.2, 21.7]	[up, right, back, right]	[839.2895, 507.0381, 2139.8994, 1828.2519]
51   	64736.11    	0.054   	1.0000  	[21.7, 16.2, 16.2, 21.7]	[front, right, back, down]	[797.7136, 553.9471, 1633.6850, 1900.4518]
52   	63177.81    	0.052   	1.0000  	[21.7, 16.2, 16.2, 16.2]	[front, right, front, back]	[789.4795, 605.1457, 1327.6252, 1288.6137]
53   	61831.85    	0.051   	1.0000  	[21.7, 16.2, 16.2, 16.2]	[front, right, back, front]	[797.0277, 439.2375, 1037.3433, 832.3774]
54   	60285.24    	0.049   	1.0000  	[21.7, 16.2, 16.2, 16.2]	[front, right, back, front]	[1046.2644, 630.8187, 884.0964, 657.2347]
55   	58663.47    	0.047   	1.0000  	[21.7, 16.2, 16.2, 16.2]	[front, right, hover, front]	[1078.3562, 916.0229, 698.0971, 608.0523]
56   	57408.04    	0.046   	1.0000  	[21.7, 16.2, 16.2, 16.2]	[hover, right, front, front]	[920.5626, 903.6539, 554.5123, 678.3743]
57   	56378.99    	0.045   	1.0000  	[21.7, 16.2, 16.2, 16.2]	[right, down, front, front]	[800.4723, 891.1030, 561.6228, 675.1315]
58   	55558.39    	0.044   	1.0000  	[21.7, 10.8, 16.2, 16.2]	[left, back, left, back]	[701.8601, 757.0937, 458.3059, 574.0655]
59   	54873.07    	0.043   	1.0000  	[21.7, 10.8, 16.2, 16.2]	[right, hover, left, front]	[618.0994, 490.3664, 474.5254, 450.7387]
60   	54266.21    	0.043   	1.0000  	[21.7, 10.8, 16.2, 16.2]	[left, front, left, front]	[540.5732, 349.1848, 497.8192, 385.5958]
61   	53592.70    	0.042   	1.0000  	[21.7, 10.8, 16.2, 16.2]	[hover, up, left, front]	[455.2781, 407.3318, 504.4948, 350.2089]
62   	52963.54    	0.042   	1.0000  	[21.7, 16.2, 16.2, 16.2]	[hover, front, back, front]	[367.8397, 442.6028, 418.3941, 280.1780]
63   	52378.78    	0.041   	1.0000  	[21.7, 16.2, 16.2, 16.2]	[back, front, left, front]	[321.1279, 475.2557, 362.9296, 293.1617]
64   	51749.31    	0.041   	1.0000  	[21.7, 16.2, 16.2, 16.2]	[right, front, back, front]	[268.0963, 502.6481, 302.0161, 398.8536]
65   	51104.63    	0.040   	1.0000  	[21.7, 16.2, 16.2, 16.2]	[up, front, back, left]	[270.8912, 502.7986, 297.1790, 392.6808]
66   	50453.59    	0.039   	1.0000  	[27.1, 16.2, 16.2, 16.2]	[back, left, back, left]	[259.8125, 431.1215, 258.8131, 442.2666]
67   	49890.47    	0.039   	1.0000  	[27.1, 16.2, 16.2, 16.2]	[back, front, down, left]	[239.4578, 362.9556, 228.7704, 373.8313]
68   	49381.38    	0.039   	1.0000  	[27.1, 16.2, 10.8, 16.2]	[back, front, back, left]	[287.6853, 345.0028, 196.2219, 349.7470]
69   	48893.05    	0.038   	1.0000  	[27.1, 16.2, 10.8, 16.2]	[back, front, back, left]	[302.5467, 368.0852, 157.7706, 336.4021]
70   	48349.19    	0.038   	1.0000  	[27.1, 16.2, 10.8, 16.2]	[back, front, back, left]	[335.3197, 441.1925, 229.4554, 339.7023]
71   	47753.11    	0.037   	1.0000  	[27.1, 16.2, 10.8, 16.2]	[back, front, back, left]	[364.8284, 572.0863, 337.4808, 329.6821]
72   	47038.68    	0.036   	1.0000  	[27.1, 16.2, 10.8, 16.2]	[down, front, back, left]	[400.9592, 749.5096, 440.3214, 320.0758]
73   	46325.24    	0.036   	1.0000  	[21.7, 16.2, 10.8, 16.2]	[back, hover, back, left]	[403.5574, 585.9182, 580.3481, 387.8273]
74   	45555.88    	0.035   	1.0000  	[21.7, 16.2, 10.8, 16.2]	[back, hover, back, left]	[401.6150, 455.3356, 756.7842, 515.9601]
75   	44865.68    	0.034   	1.0000  	[21.7, 16.2, 10.8, 16.2]	[left, left, right, hover]	[388.6194, 377.7782, 904.6807, 410.7364]
76   	44246.26    	0.034   	1.0000  	[21.7, 16.2, 10.8, 16.2]	[hover, left, right, back]	[364.4492, 364.3712, 794.2975, 327.6904]
77   	43655.00    	0.033   	1.0000  	[21.7, 16.2, 10.8, 16.2]	[hover, left, right, back]	[331.2937, 369.4293, 624.2211, 302.2808]
78   	43055.85    	0.033   	1.0000  	[21.7, 16.2, 10.8, 16.2]	[right, left, right, back]	[301.7519, 419.7544, 455.6271, 440.6360]
79   	42303.53    	0.032   	1.0000  	[21.7, 16.2, 10.8, 16.2]	[right, left, up, back]	[314.0807, 521.5819, 394.1124, 574.1984]
80   	41321.75    	0.031   	1.0000  	[21.7, 16.2, 16.2, 16.2]	[right, left, right, back]	[323.9337, 647.4075, 351.1430, 793.8683]
81   	40158.94    	0.030   	1.0000  	[21.7, 16.2, 16.2, 16.2]	[right, left, front, back]	[344.8310, 781.2262, 330.3442, 1071.0687]
82   	38838.11    	0.029   	1.0000  	[21.7, 16.2, 16.2, 16.2]	[right, left, front, back]	[336.8295, 963.3127, 300.9666, 1313.6120]
83   	37273.03    	0.028   	1.0000  	[21.7, 16.2, 16.2, 16.2]	[right, left, front, back]	[335.1445, 1137.4515, 304.0046, 1616.8001]
84   	35545.23    	0.026   	1.0000  	[21.7, 16.2, 16.2, 16.2]	[right, left, front, back]	[342.2072, 1352.9692, 302.9710, 1829.4596]
85   	33855.24    	0.025   	1.0000  	[21.7, 16.2, 16.2, 16.2]	[right, left, front, back]	[386.0382, 1167.5919, 292.1885, 2005.6852]
86   	32553.20    	0.023   	1.0000  	[21.7, 16.2, 16.2, 16.2]	[right, hover, front, hover]	[410.3468, 892.8928, 250.1968, 1509.3460]
87   	31570.65    	0.023   	1.0000  	[21.7, 16.2, 16.2, 16.2]	[back, hover, front, hover]	[413.7441, 699.0890, 252.7766, 1173.4783]
88   	30676.44    	0.022   	1.0000  	[21.7, 16.2, 16.2, 16.2]	[down, back, front, right]	[507.6416, 564.7822, 209.5501, 953.1770]
89   	29870.48    	0.021   	1.0000  	[16.2, 16.2, 16.2, 16.2]	[right, back, back, right]	[437.8005, 508.8422, 176.1308, 810.7123]
90   	29197.83    	0.021   	1.0000  	[16.2, 16.2, 16.2, 16.2]	[hover, back, front, right]	[349.0866, 461.0365, 138.8000, 744.5310]
91   	28570.67    	0.020   	1.0000  	[16.2, 16.2, 16.2, 16.2]	[hover, back, front, right]	[283.4760, 435.4065, 118.6895, 696.3900]
92   	28026.03    	0.020   	1.0000  	[16.2, 16.2, 16.2, 16.2]	[hover, right, front, right]	[221.5304, 385.7362, 130.3543, 582.0317]
93   	27486.84    	0.019   	1.0000  	[16.2, 16.2, 16.2, 16.2]	[hover, right, front, right]	[168.4639, 332.9129, 215.6363, 501.2326]
94   	27017.53    	0.019   	1.0000  	[16.2, 16.2, 16.2, 16.2]	[front, right, hover, right]	[123.1710, 340.3863, 166.2474, 409.9367]
95   	26532.41    	0.018   	1.0000  	[16.2, 16.2, 16.2, 16.2]	[front, right, hover, right]	[112.0529, 329.5167, 132.9365, 378.6195]
96   	26022.85    	0.018   	1.0000  	[16.2, 16.2, 16.2, 16.2]	[front, right, hover, right]	[161.9810, 305.2498, 107.7394, 396.8829]
97   	25489.60    	0.018   	1.0000  	[16.2, 16.2, 16.2, 16.2]	[front, back, left, right]	[222.5819, 250.0261, 90.4963, 462.2083]
98   	24977.88    	0.017   	1.0000  	[16.2, 16.2, 16.2, 16.2]	[front, back, left, back]	[327.9665, 232.0424, 97.4524, 425.9973]
99   	24445.40    	0.017   	1.0000  	[16.2, 16.2, 16.2, 16.2]	[front, back, left, front]	[464.5958, 186.3904, 125.3666, 351.7729]
[2025-12-18T15:02:50]
Strategy: greedy_ig
Pairwise: equal
News mode: IGd
Num agents: 4
Iteration: 19
Error margin: None
Gaussian radius 5 
Grid info: range: 0-50-50, cell_size:0.125, map shape: (400, 400), center:True
init UAV positions: [(-15.0, -15.0, 5.4), (-5.0, 20.0, 5.4), (10.0, -5.0, 5.4), (20.0, 20.0, 5.4)]
mcts_params: {}
Step	Entropy	MSE	Coverage	Heights	Actions	IGs
------------------------------------------------------------------------------------------------------------------------
0    	160000.00   	0.250   	0.0000  	[5.4, 5.4, 5.4, 5.4]	[-, -, -, -]	[-, -, -, -]
1    	159175.62   	0.243   	0.0625  	[5.4, 5.4, 5.4, 5.4]	[up, up, up, up]	[3904.5582, 3514.1024, 3904.5582, 3162.6921]
2    	158446.32   	0.237   	0.2319  	[10.8, 10.8, 10.8, 10.8]	[up, up, up, up]	[4382.9647, 3204.0331, 4382.9647, 2315.8095]
3    	157760.42   	0.231   	0.4717  	[16.2, 16.2, 16.2, 16.2]	[front, back, up, back]	[3445.9970, 3258.3412, 4476.9805, 2434.6875]
4    	157096.06   	0.225   	0.6459  	[16.2, 16.2, 21.7, 16.2]	[up, up, back, left]	[3344.2073, 3119.9053, 3836.2190, 2661.8453]
5    	156377.41   	0.220   	0.8225  	[21.7, 21.7, 21.7, 16.2]	[right, back, back, back]	[3227.2050, 3320.5605, 3320.4225, 2643.8053]
6    	155613.85   	0.214   	0.8764  	[21.7, 21.7, 21.7, 16.2]	[front, back, right, back]	[2895.1793, 3047.8998, 3066.0731, 2591.0413]
7    	154825.14   	0.210   	0.9169  	[21.7, 21.7, 21.7, 16.2]	[front, left, back, left]	[2710.5380, 2603.5633, 2662.1856, 2649.1123]
8    	153906.98   	0.205   	0.9580  	[21.7, 21.7, 21.7, 16.2]	[front, left, front, up]	[2391.5341, 2180.1643, 2273.1198, 2678.0045]
9    	152905.21   	0.200   	0.9791  	[21.7, 21.7, 21.7, 21.7]	[right, left, back, left]	[2110.5721, 2044.7367, 1894.7724, 2809.6109]
10   	151700.18   	0.196   	0.9880  	[21.7, 21.7, 21.7, 21.7]	[right, back, left, left]	[2106.6698, 2027.2424, 1638.3240, 2501.2192]
11   	150292.76   	0.191   	0.9888  	[21.7, 21.7, 21.7, 21.7]	[right, back, left, left]	[1757.0186, 1969.6016, 1611.0563, 2213.8167]
12   	148837.64   	0.187   	0.9895  	[21.7, 21.7, 21.7, 21.7]	[right, back, left, front]	[1441.9406, 1968.0356, 1472.7994, 1957.9787]
13   	147159.94   	0.182   	0.9903  	[21.7, 21.7, 21.7, 21.7]	[right, back, left, left]	[1372.7787, 2117.7681, 1492.3168, 2069.9672]
14   	145334.66   	0.177   	0.9911  	[21.7, 21.7, 21.7, 21.7]	[right, back, left, left]	[1888.3114, 2189.8379, 1655.7466, 2377.8308]
15   	143381.18   	0.172   	0.9919  	[21.7, 21.7, 21.7, 21.7]	[right, back, left, left]	[2507.8713, 2107.9158, 1607.2474, 2711.6446]
16   	141514.28   	0.167   	0.9927  	[21.7, 21.7, 21.7, 21.7]	[right, down, left, left]	[2881.5945, 1805.8530, 1790.3233, 3032.2395]
17   	139597.42   	0.162   	0.9958  	[21.7, 16.2, 21.7, 21.7]	[back, back, front, left]	[2954.1141, 1288.9572, 1551.3718, 3143.4615]
18   	137433.92   	0.157   	0.9981  	[21.7, 16.2, 21.7, 21.7]	[back, back, front, back]	[2890.0852, 1435.9183, 1644.4815, 2693.0006]
19   	135458.01   	0.153   	0.9981  	[21.7, 16.2, 21.7, 21.7]	[back, back, front, left]	[2874.8993, 1544.3478, 1774.7778, 2251.1468]
20   	133645.34   	0.149   	0.9988  	[21.7, 16.2, 21.7, 21.7]	[hover, right, left, down]	[2443.0028, 1502.7994, 1843.1705, 1915.5580]
21   	131864.21   	0.145   	0.9988  	[21.7, 16.2, 21.7, 16.2]	[hover, right, front, front]	[2185.4734, 1616.2737, 2049.2445, 1547.0433]
22   	130161.74   	0.142   	0.9988  	[21.7, 16.2, 21.7, 16.2]	[hover, right, front, front]	[1848.3380, 1838.2805, 2279.7916, 1255.8057]
23   	128480.88   	0.139   	0.9988  	[21.7, 16.2, 21.7, 16.2]	[hover, right, front, left]	[1501.8625, 1934.2709, 2440.0688, 1046.9827]
24   	126808.01   	0.135   	0.9997  	[21.7, 16.2, 21.7, 16.2]	[hover, right, front, hover]	[1207.7062, 1942.2774, 2324.3577, 711.7171]
25   	125157.38   	0.132   	0.9997  	[21.7, 16.2, 21.7, 16.2]	[front, right, right, back]	[1005.2500, 1991.6696, 2160.2707, 644.3962]
26   	123523.89   	0.129   	0.9997  	[21.7, 16.2, 21.7, 16.2]	[front, right, right, back]	[932.9479, 2067.8862, 1954.3334, 664.4815]
27   	121681.24   	0.126   	0.9997  	[21.7, 16.2, 21.7, 16.2]	[front, right, front, back]	[945.4599, 2199.0344, 2024.7492, 890.6771]
28   	119526.39   	0.123   	0.9997  	[21.7, 16.2, 21.7, 16.2]	[front, right, front, back]	[1416.5229, 2404.7923, 2041.4985, 1414.2374]
29   	117126.39   	0.119   	0.9997  	[21.7, 16.2, 21.7, 16.2]	[front, front, right, back]	[1872.6364, 2500.9746, 2094.9860, 1861.4701]
30   	114527.90   	0.114   	0.9997  	[21.7, 16.2, 21.7, 16.2]	[front, front, right, back]	[1985.4239, 2452.6474, 1975.5300, 2224.1298]
31   	111732.40   	0.110   	0.9997  	[21.7, 16.2, 21.7, 16.2]	[front, front, right, back]	[1895.9994, 2449.0037, 1669.2582, 2449.5876]
32   	108952.92   	0.106   	0.9997  	[21.7, 16.2, 21.7, 16.2]	[front, front, down, back]	[1500.4991, 2376.5911, 1469.8075, 2568.9306]
33   	106440.83   	0.102   	0.9997  	[21.7, 16.2, 16.2, 16.2]	[down, front, front, back]	[1547.4817, 2342.2282, 1280.9418, 2614.7216]
34   	103830.80   	0.099   	0.9997  	[16.2, 16.2, 16.2, 16.2]	[front, front, left, right]	[1488.3334, 2382.6757, 978.0270, 2734.6245]
35   	101590.63   	0.095   	0.9997  	[16.2, 16.2, 16.2, 16.2]	[right, up, left, back]	[1486.1662, 2116.0839, 984.7526, 2733.5948]
36   	99373.82    	0.092   	0.9997  	[16.2, 21.7, 16.2, 16.2]	[hover, front, left, right]	[1186.9749, 1932.8566, 972.6370, 2633.7251]
37   	97229.25    	0.090   	0.9997  	[16.2, 21.7, 16.2, 16.2]	[left, left, left, right]	[849.9483, 1703.3286, 1051.4261, 2615.0362]
38   	95022.98    	0.087   	0.9997  	[16.2, 21.7, 16.2, 16.2]	[left, right, left, right]	[905.6714, 1522.4515, 1368.1116, 2674.2198]
39   	92288.08    	0.083   	0.9997  	[16.2, 21.7, 16.2, 16.2]	[left, front, left, right]	[1293.7776, 1599.3528, 1640.0265, 2793.4805]
40   	89332.32    	0.080   	0.9997  	[16.2, 21.7, 16.2, 16.2]	[left, front, left, right]	[1498.1326, 1713.1213, 1354.6071, 2868.1674]
41   	86285.95    	0.077   	0.9997  	[16.2, 21.7, 16.2, 16.2]	[left, front, back, right]	[1744.7651, 1737.6585, 1114.0492, 2897.5535]
42   	83177.41    	0.073   	0.9997  	[16.2, 21.7, 16.2, 16.2]	[left, down, back, up]	[1842.4633, 1900.4850, 830.7369, 2927.6659]
43   	80084.22    	0.070   	0.9997  	[16.2, 16.2, 16.2, 21.7]	[left, front, back, right]	[2122.1022, 1853.3698, 705.9622, 2968.7808]
44   	77162.25    	0.067   	0.9997  	[16.2, 16.2, 16.2, 21.7]	[left, right, back, right]	[2130.6934, 1506.5052, 642.9062, 3000.2531]
45   	74597.18    	0.064   	0.9997  	[16.2, 16.2, 16.2, 21.7]	[left, hover, back, right]	[2209.0049, 1148.5147, 693.6354, 2769.8611]
46   	72125.31    	0.062   	0.9997  	[16.2, 16.2, 16.2, 21.7]	[left, left, back, front]	[2403.6676, 917.5637, 807.7694, 2569.4555]
47   	70071.03    	0.059   	0.9997  	[16.2, 16.2, 16.2, 21.7]	[left, left, back, hover]	[1956.6569, 748.9800, 906.9357, 2197.2700]
48   	68200.69    	0.057   	0.9997  	[16.2, 16.2, 16.2, 21.7]	[back, left, back, hover]	[1683.7612, 663.4003, 1010.8847, 1883.5554]
49   	66461.02    	0.056   	0.9997  	[16.2, 16.2, 16.2, 21.7]	[back, left, back, front]	[1439.9662, 589.0334, 1203.3382, 1627.5481]
50   	64856.15    	0.054   	0.9997  	[16.2, 16.2, 16.2, 21.7]	[right, back, back, down]	[1239.4905, 537.6385, 1382.9340, 1423.7048]
51   	63526.79    	0.053   	0.9997  	[16.2, 16.2, 16.2, 16.2]	[back, up, back, right]	[1096.3589, 564.6381, 1226.2523, 1225.3079]
52   	62325.20    	0.051   	1.0000  	[16.2, 21.7, 16.2, 16.2]	[back, back, right, back]	[935.8774, 557.5143, 1095.5878, 1031.4293]
53   	61265.56    	0.050   	1.0000  	[16.2, 21.7, 16.2, 16.2]	[back, back, hover, back]	[799.5195, 642.0027, 837.6165, 941.6950]
54   	60307.49    	0.049   	1.0000  	[16.2, 21.7, 16.2, 16.2]	[left, back, right, back]	[686.0593, 751.3329, 697.1978, 842.3257]
55   	59426.84    	0.048   	1.0000  	[16.2, 21.7, 16.2, 16.2]	[back, left, right, left]	[584.5558, 718.9730, 570.9560, 658.2329]
56   	58644.46    	0.048   	1.0000  	[16.2, 21.7, 16.2, 16.2]	[back, left, right, right]	[493.1315, 676.5633, 455.6295, 545.3136]
57   	57872.24    	0.047   	1.0000  	[16.2, 21.7, 16.2, 16.2]	[back, left, right, front]	[481.6663, 687.3224, 430.9437, 426.1017]
58   	57074.47    	0.046   	1.0000  	[16.2, 21.7, 16.2, 16.2]	[back, left, right, front]	[528.8191, 761.8194, 435.1764, 363.7763]
59   	56131.10    	0.045   	1.0000  	[16.2, 21.7, 16.2, 16.2]	[back, left, right, front]	[823.3923, 848.7585, 420.8891, 388.2327]
60   	55273.30    	0.044   	1.0000  	[16.2, 21.7, 16.2, 16.2]	[back, front, right, front]	[787.8676, 829.6045, 433.8945, 481.6940]
61   	54328.05    	0.043   	1.0000  	[16.2, 21.7, 16.2, 16.2]	[right, front, right, front]	[800.9462, 831.1627, 504.0952, 569.5137]
62   	53303.13    	0.042   	1.0000  	[16.2, 21.7, 16.2, 16.2]	[right, front, right, front]	[871.8616, 867.6511, 646.0304, 593.2485]
63   	52157.53    	0.041   	1.0000  	[16.2, 21.7, 16.2, 16.2]	[right, left, right, left]	[1020.3837, 863.5896, 852.3895, 560.0359]
64   	51092.26    	0.040   	1.0000  	[16.2, 21.7, 16.2, 16.2]	[right, hover, front, front]	[900.5181, 747.5010, 702.6513, 532.2584]
65   	50113.33    	0.039   	1.0000  	[16.2, 21.7, 16.2, 16.2]	[right, hover, front, left]	[830.5431, 648.2678, 605.1065, 520.3291]
66   	49069.57    	0.038   	1.0000  	[16.2, 21.7, 16.2, 16.2]	[right, hover, front, left]	[750.0778, 562.6541, 602.6331, 599.2168]
67   	47879.99    	0.037   	1.0000  	[16.2, 21.7, 16.2, 16.2]	[right, hover, front, left]	[680.5876, 490.5129, 788.5593, 677.2139]
68   	46522.51    	0.036   	1.0000  	[16.2, 21.7, 16.2, 16.2]	[right, left, front, left]	[637.6959, 416.7383, 1086.5058, 759.7775]
69   	45053.30    	0.035   	1.0000  	[16.2, 21.7, 16.2, 16.2]	[right, down, front, left]	[617.5734, 431.8214, 1470.0954, 681.1467]
70   	43585.55    	0.034   	1.0000  	[16.2, 16.2, 16.2, 16.2]	[right, front, front, back]	[671.6035, 405.7458, 1792.9899, 580.4351]
71   	42160.31    	0.032   	1.0000  	[16.2, 16.2, 16.2, 16.2]	[right, hover, front, back]	[643.8100, 323.8512, 1953.4173, 532.3382]
72   	40776.95    	0.031   	1.0000  	[16.2, 16.2, 16.2, 16.2]	[front, hover, front, back]	[515.6101, 259.0321, 2050.6096, 487.2124]
73   	39483.67    	0.030   	1.0000  	[16.2, 16.2, 16.2, 16.2]	[back, hover, front, back]	[412.8574, 210.2372, 2100.4549, 462.4982]
74   	38344.30    	0.029   	1.0000  	[16.2, 16.2, 16.2, 16.2]	[front, hover, front, left]	[331.3314, 162.2571, 1870.6713, 451.2244]
75   	37478.76    	0.028   	1.0000  	[16.2, 16.2, 16.2, 16.2]	[back, back, hover, up]	[267.5326, 135.3265, 1386.8564, 443.0452]
76   	36746.80    	0.027   	1.0000  	[16.2, 16.2, 16.2, 21.7]	[front, back, hover, back]	[209.0458, 122.5007, 1071.0693, 503.8577]
77   	36013.02    	0.027   	1.0000  	[16.2, 16.2, 16.2, 21.7]	[front, back, hover, back]	[196.2679, 170.0655, 845.4698, 623.0915]
78   	35328.81    	0.026   	1.0000  	[16.2, 16.2, 16.2, 21.7]	[front, back, left, left]	[188.7019, 247.8662, 670.5218, 655.3416]
79   	34584.04    	0.026   	1.0000  	[16.2, 16.2, 16.2, 21.7]	[front, back, back, left]	[255.9695, 288.8552, 572.4944, 698.3087]
80   	33794.52    	0.025   	1.0000  	[16.2, 16.2, 16.2, 21.7]	[front, back, up, left]	[301.1612, 295.8235, 499.7960, 599.6207]
81   	33120.99    	0.024   	1.0000  	[16.2, 16.2, 21.7, 21.7]	[front, back, hover, back]	[240.0075, 279.0087, 400.2915, 463.4469]
82   	32408.62    	0.024   	1.0000  	[16.2, 16.2, 21.7, 21.7]	[front, back, left, down]	[222.1637, 297.4503, 314.9981, 459.5746]
83   	31728.69    	0.023   	1.0000  	[16.2, 16.2, 21.7, 16.2]	[front, back, left, back]	[232.4123, 314.1165, 264.4161, 316.7347]
84   	31049.39    	0.022   	1.0000  	[16.2, 16.2, 21.7, 16.2]	[front, back, left, down]	[262.9041, 348.9141, 250.7310, 207.2137]
85   	30374.50    	0.022   	1.0000  	[16.2, 16.2, 21.7, 10.8]	[front, back, back, left]	[320.4063, 361.0796, 256.8033, 188.6231]
86   	29760.56    	0.021   	1.0000  	[16.2, 16.2, 21.7, 10.8]	[front, right, left, left]	[359.8333, 292.1662, 257.6720, 271.0170]
87   	29254.30    	0.021   	1.0000  	[16.2, 16.2, 21.7, 10.8]	[hover, right, left, front]	[307.2125, 342.2545, 260.5174, 221.6840]
88   	28798.24    	0.020   	1.0000  	[16.2, 16.2, 21.7, 10.8]	[hover, right, left, front]	[257.9648, 387.1129, 283.7546, 175.5041]
89   	28328.35    	0.020   	1.0000  	[16.2, 16.2, 21.7, 10.8]	[hover, right, left, front]	[217.7012, 450.8338, 307.3072, 172.1805]
90   	27860.99    	0.020   	1.0000  	[16.2, 16.2, 21.7, 10.8]	[left, front, left, front]	[184.3967, 453.7828, 365.9968, 182.1897]
91   	27361.31    	0.019   	1.0000  	[16.2, 16.2, 21.7, 10.8]	[left, right, front, front]	[215.5179, 421.9278, 378.5053, 218.3426]
92   	26859.41    	0.019   	1.0000  	[16.2, 16.2, 21.7, 10.8]	[left, right, left, front]	[278.6534, 427.2134, 353.0435, 210.0844]
93   	26298.29    	0.018   	1.0000  	[16.2, 16.2, 21.7, 10.8]	[left, right, down, front]	[336.2323, 456.0190, 296.9534, 195.0766]
94   	25743.99    	0.018   	1.0000  	[16.2, 16.2, 16.2, 10.8]	[left, right, front, right]	[357.2413, 479.4168, 282.5737, 176.3065]
95   	25193.21    	0.018   	1.0000  	[16.2, 16.2, 16.2, 10.8]	[back, right, left, up]	[344.7761, 538.9293, 286.1915, 137.6235]
96   	24620.21    	0.017   	1.0000  	[16.2, 16.2, 16.2, 16.2]	[back, right, front, front]	[352.1504, 654.2079, 218.0296, 143.2417]
97   	23850.79    	0.017   	1.0000  	[16.2, 16.2, 16.2, 16.2]	[back, right, down, front]	[325.0408, 992.0650, 197.8756, 159.6044]
98   	23229.38    	0.016   	1.0000  	[16.2, 16.2, 10.8, 16.2]	[back, back, left, front]	[316.4748, 833.0303, 146.1353, 169.0170]
99   	22695.09    	0.016   	1.0000  	[16.2, 16.2, 10.8, 16.2]	[back, hover, hover, front]	[314.5813, 634.5526, 85.4207, 195.0292]
[2025-12-18T15:03:00]
Strategy: greedy_ig
Pairwise: biased
News mode: IGd
Num agents: 4
Iteration: 0
Error margin: None
Gaussian radius 5 
Grid info: range: 0-50-50, cell_size:0.125, map shape: (400, 400), center:True
init UAV positions: [(-25.0, -5.0, 5.4), (-10.0, 10.0, 5.4), (10.0, 0.0, 5.4), (0.0, 20.0, 5.4)]
mcts_params: {}
Step	Entropy	MSE	Coverage	Heights	Actions	IGs
------------------------------------------------------------------------------------------------------------------------
0    	160000.00   	0.250   	0.0000  	[5.4, 5.4, 5.4, 5.4]	[-, -, -, -]	[-, -, -, -]
1    	158859.78   	0.239   	0.0547  	[5.4, 5.4, 5.4, 5.4]	[up, up, up, up]	[1952.2791, 3904.5582, 3904.5582, 3438.5303]
2    	157314.03   	0.227   	0.2100  	[10.8, 10.8, 10.8, 10.8]	[up, up, up, up]	[1895.1702, 3417.6225, 3789.2285, 2295.7901]
3    	154968.59   	0.213   	0.4231  	[16.2, 16.2, 16.2, 16.2]	[right, up, up, up]	[1684.3773, 2582.1963, 3246.3426, 1536.6268]
4    	151557.03   	0.199   	0.6012  	[16.2, 21.7, 21.7, 21.7]	[up, up, up, back]	[1616.3183, 1407.4342, 2131.1555, 1102.5111]
5    	148056.35   	0.187   	0.7623  	[21.7, 27.1, 27.1, 21.7]	[right, back, back, back]	[1446.9475, 858.2085, 1506.3044, 953.7297]
6    	144994.96   	0.178   	0.8163  	[21.7, 27.1, 27.1, 21.7]	[right, back, back, right]	[1056.6924, 580.6784, 1148.0221, 948.7558]
7    	142574.49   	0.170   	0.8684  	[21.7, 27.1, 27.1, 21.7]	[back, back, back, right]	[878.6054, 581.6336, 1061.2131, 1116.5745]
8    	140246.73   	0.162   	0.9427  	[21.7, 27.1, 27.1, 21.7]	[back, right, left, right]	[861.5560, 633.6146, 798.9509, 1149.8397]
9    	137221.09   	0.154   	0.9802  	[21.7, 27.1, 27.1, 21.7]	[right, right, left, right]	[845.6921, 559.8774, 584.2672, 1178.5458]
10   	133331.09   	0.146   	0.9934  	[21.7, 27.1, 27.1, 21.7]	[right, right, left, back]	[710.3279, 474.7200, 378.3377, 1027.6220]
11   	128728.72   	0.137   	0.9950  	[21.7, 27.1, 27.1, 21.7]	[right, right, left, back]	[525.0850, 387.2016, 281.0648, 861.8381]
12   	123561.98   	0.129   	0.9966  	[21.7, 27.1, 27.1, 21.7]	[right, right, left, back]	[367.8723, 396.8392, 318.7373, 650.7389]
13   	117943.84   	0.121   	0.9981  	[21.7, 27.1, 27.1, 21.7]	[right, right, left, back]	[439.1202, 315.9787, 580.7023, 460.1974]
14   	112402.32   	0.113   	0.9997  	[21.7, 27.1, 27.1, 21.7]	[right, front, left, back]	[581.2135, 272.1221, 567.0008, 516.0116]
15   	107341.57   	0.107   	1.0000  	[21.7, 27.1, 27.1, 21.7]	[right, front, front, back]	[639.2435, 402.8617, 524.9330, 573.1624]
16   	102587.83   	0.100   	1.0000  	[21.7, 27.1, 27.1, 21.7]	[right, front, front, back]	[568.5399, 543.9865, 588.9822, 443.9441]
17   	98781.66    	0.094   	1.0000  	[21.7, 27.1, 27.1, 21.7]	[back, right, front, back]	[412.5309, 432.7345, 744.5187, 432.8740]
18   	94981.15    	0.088   	1.0000  	[21.7, 27.1, 27.1, 21.7]	[right, front, front, left]	[166.5669, 277.8180, 883.0056, 423.6301]
19   	91346.03    	0.083   	1.0000  	[21.7, 27.1, 27.1, 21.7]	[right, down, front, left]	[252.9405, 194.3390, 1003.7169, 752.2399]
20   	87889.47    	0.079   	1.0000  	[21.7, 21.7, 27.1, 21.7]	[down, right, front, left]	[210.4004, 150.2526, 1102.7278, 1079.0008]
21   	84638.23    	0.075   	1.0000  	[16.2, 21.7, 27.1, 21.7]	[front, hover, right, left]	[100.6953, 70.4923, 778.6640, 1172.7896]
22   	81230.94    	0.071   	1.0000  	[16.2, 21.7, 27.1, 21.7]	[front, back, right, left]	[294.3989, 40.6751, 496.7669, 1207.1780]
23   	77067.11    	0.067   	1.0000  	[16.2, 21.7, 27.1, 21.7]	[front, back, right, left]	[812.3945, 30.6443, 359.0786, 1289.2963]
24   	72479.12    	0.063   	1.0000  	[16.2, 21.7, 27.1, 21.7]	[front, back, right, left]	[814.4878, 31.3988, 303.5154, 1365.8814]
25   	67685.30    	0.058   	1.0000  	[16.2, 21.7, 27.1, 21.7]	[front, back, right, left]	[483.3246, 40.0887, 271.4245, 1429.6067]
26   	62959.47    	0.054   	1.0000  	[16.2, 21.7, 27.1, 21.7]	[front, back, right, front]	[480.9085, 97.3177, 246.1776, 1084.6167]
27   	57903.67    	0.050   	1.0000  	[16.2, 21.7, 27.1, 21.7]	[front, back, right, front]	[726.5387, 478.5753, 224.7113, 858.1149]
28   	52773.98    	0.045   	1.0000  	[16.2, 21.7, 27.1, 21.7]	[front, back, front, front]	[846.4720, 896.1621, 138.0087, 768.0409]
29   	47788.36    	0.041   	1.0000  	[16.2, 21.7, 27.1, 21.7]	[front, back, back, front]	[920.7588, 1232.1815, 71.8361, 735.8769]
30   	43551.75    	0.037   	1.0000  	[16.2, 21.7, 27.1, 21.7]	[left, left, hover, front]	[906.4489, 843.8186, 32.4593, 706.8216]
31   	39880.69    	0.034   	1.0000  	[16.2, 21.7, 27.1, 21.7]	[left, left, hover, front]	[925.5365, 596.0510, 17.0689, 689.5697]
32   	36296.90    	0.031   	1.0000  	[16.2, 21.7, 27.1, 21.7]	[left, left, right, front]	[905.3983, 527.9842, 11.0103, 696.1584]
33   	32887.39    	0.027   	1.0000  	[16.2, 21.7, 27.1, 21.7]	[left, left, down, front]	[889.4533, 537.8473, 14.3020, 543.0415]
34   	29856.83    	0.025   	1.0000  	[16.2, 21.7, 21.7, 21.7]	[left, left, front, left]	[869.5441, 573.9308, 14.9819, 256.3429]
35   	27073.84    	0.023   	1.0000  	[16.2, 21.7, 21.7, 21.7]	[left, left, right, left]	[863.7784, 596.0815, 12.7907, 93.4236]
36   	23829.63    	0.020   	1.0000  	[16.2, 21.7, 21.7, 21.7]	[up, left, down, left]	[962.8679, 614.6063, 11.9785, 31.4950]
37   	20499.77    	0.017   	1.0000  	[21.7, 21.7, 16.2, 21.7]	[left, left, front, left]	[962.9637, 668.0838, 14.3917, 11.5427]
38   	17603.38    	0.015   	1.0000  	[21.7, 21.7, 16.2, 21.7]	[left, left, hover, down]	[783.0907, 673.3261, 13.9025, 4.8718]
39   	15366.36    	0.013   	1.0000  	[21.7, 21.7, 16.2, 16.2]	[left, back, hover, down]	[776.3660, 469.3928, 10.2907, 3.2516]
40   	14108.23    	0.012   	1.0000  	[21.7, 21.7, 16.2, 10.8]	[hover, hover, hover, back]	[495.6467, 210.5689, 7.7963, 2.9592]
41   	13605.14    	0.011   	1.0000  	[21.7, 21.7, 16.2, 10.8]	[hover, hover, front, right]	[190.0500, 80.6218, 6.3437, 2.7541]
42   	13422.99    	0.011   	1.0000  	[21.7, 21.7, 16.2, 10.8]	[hover, right, front, back]	[60.8503, 43.8349, 5.7751, 4.1247]
43   	13342.19    	0.011   	1.0000  	[21.7, 21.7, 16.2, 10.8]	[hover, right, hover, right]	[23.5748, 41.6300, 6.0091, 4.4507]
44   	13256.81    	0.011   	1.0000  	[21.7, 21.7, 16.2, 10.8]	[right, right, left, back]	[17.8260, 43.6287, 4.3805, 3.7258]
45   	13112.32    	0.011   	1.0000  	[21.7, 21.7, 16.2, 10.8]	[right, right, right, back]	[38.8715, 44.9162, 4.0231, 4.1236]
46   	12953.13    	0.011   	1.0000  	[21.7, 21.7, 16.2, 10.8]	[right, right, left, back]	[46.0273, 46.2442, 3.5569, 10.7989]
47   	12779.59    	0.011   	1.0000  	[21.7, 21.7, 16.2, 10.8]	[right, right, left, back]	[62.7030, 49.0474, 3.1160, 13.8466]
48   	12536.52    	0.010   	1.0000  	[21.7, 21.7, 16.2, 10.8]	[right, right, left, back]	[70.3518, 58.4081, 3.1276, 25.1659]
49   	12212.56    	0.010   	1.0000  	[21.7, 21.7, 16.2, 10.8]	[right, right, left, back]	[68.6229, 86.8942, 3.7794, 41.2643]
50   	11819.36    	0.010   	1.0000  	[21.7, 21.7, 16.2, 10.8]	[right, right, left, back]	[86.4182, 64.7102, 8.6035, 112.0675]
51   	11272.14    	0.009   	1.0000  	[21.7, 21.7, 16.2, 10.8]	[right, hover, left, back]	[144.5691, 30.4765, 12.6867, 287.3285]
52   	10892.16    	0.009   	1.0000  	[21.7, 21.7, 16.2, 10.8]	[right, hover, left, back]	[71.0810, 12.8532, 18.9776, 452.6649]
53   	10706.11    	0.009   	1.0000  	[21.7, 21.7, 16.2, 10.8]	[right, down, left, right]	[27.8853, 8.1981, 34.0107, 186.8045]
54   	10553.14    	0.008   	1.0000  	[21.7, 16.2, 16.2, 10.8]	[left, right, left, right]	[8.9857, 7.8038, 64.1516, 136.9902]
55   	10311.56    	0.008   	1.0000  	[21.7, 16.2, 16.2, 10.8]	[left, back, left, right]	[2.9642, 7.5900, 150.8459, 141.1939]
56   	10120.38    	0.008   	1.0000  	[21.7, 16.2, 16.2, 10.8]	[back, hover, left, right]	[1.7164, 4.8401, 101.4965, 132.3721]
57   	9956.68     	0.008   	1.0000  	[21.7, 16.2, 16.2, 10.8]	[up, front, back, right]	[1.6317, 4.1747, 49.4097, 129.7987]
58   	9808.74     	0.008   	1.0000  	[27.1, 16.2, 16.2, 10.8]	[back, front, back, right]	[1.4619, 3.9086, 24.6549, 129.9624]
59   	9658.12     	0.007   	1.0000  	[27.1, 16.2, 16.2, 10.8]	[back, front, right, right]	[1.9504, 3.6451, 17.0547, 134.8948]
60   	9498.39     	0.007   	1.0000  	[27.1, 16.2, 16.2, 10.8]	[back, back, back, right]	[1.7317, 2.8078, 15.7208, 136.1241]
61   	9353.15     	0.007   	1.0000  	[27.1, 16.2, 16.2, 10.8]	[back, front, back, right]	[2.7037, 2.0121, 14.7616, 133.3244]
62   	9174.16     	0.007   	1.0000  	[27.1, 16.2, 16.2, 10.8]	[back, right, back, right]	[3.2678, 1.7207, 12.1179, 152.4752]
63   	8962.36     	0.007   	1.0000  	[27.1, 16.2, 16.2, 10.8]	[back, hover, back, right]	[4.6153, 1.4016, 13.0175, 187.4043]
64   	8510.94     	0.006   	1.0000  	[27.1, 16.2, 16.2, 10.8]	[back, hover, back, right]	[22.8264, 1.8203, 13.5311, 310.5152]
65   	8328.86     	0.006   	1.0000  	[27.1, 16.2, 16.2, 10.8]	[left, front, back, right]	[23.1351, 1.6806, 20.4977, 92.3037]
66   	8181.34     	0.006   	1.0000  	[27.1, 16.2, 16.2, 10.8]	[left, front, back, front]	[31.0370, 2.2224, 23.9870, 21.9259]
67   	8004.34     	0.006   	1.0000  	[27.1, 16.2, 16.2, 10.8]	[left, front, back, front]	[37.8088, 3.3804, 28.4597, 11.4344]
68   	7787.30     	0.006   	1.0000  	[27.1, 16.2, 16.2, 10.8]	[left, front, back, left]	[41.5126, 4.1769, 58.6968, 6.4989]
69   	7470.88     	0.005   	1.0000  	[27.1, 16.2, 16.2, 10.8]	[left, front, back, left]	[41.0637, 8.2518, 125.5578, 4.9065]
70   	7187.78     	0.005   	1.0000  	[27.1, 16.2, 16.2, 10.8]	[left, front, left, hover]	[40.7430, 11.5621, 84.2271, 4.0600]
71   	6902.89     	0.005   	1.0000  	[27.1, 16.2, 16.2, 10.8]	[left, front, back, up]	[51.2476, 14.2174, 31.6514, 3.3068]
72   	6741.67     	0.005   	1.0000  	[27.1, 16.2, 16.2, 16.2]	[hover, front, down, back]	[30.4583, 16.0572, 16.4093, 4.7797]
73   	6645.46     	0.005   	1.0000  	[27.1, 16.2, 10.8, 16.2]	[hover, left, left, hover]	[17.7584, 14.1011, 13.6554, 1.6725]
74   	6587.93     	0.005   	1.0000  	[27.1, 16.2, 10.8, 16.2]	[hover, left, front, down]	[9.1468, 15.6080, 7.8424, 1.3478]
75   	6547.99     	0.005   	1.0000  	[27.1, 16.2, 10.8, 10.8]	[hover, left, front, left]	[5.4568, 15.7075, 6.1208, 1.3123]
76   	6511.78     	0.005   	1.0000  	[27.1, 16.2, 10.8, 10.8]	[hover, left, front, back]	[3.4158, 19.4535, 4.6314, 0.8617]
77   	6477.45     	0.005   	1.0000  	[27.1, 16.2, 10.8, 10.8]	[front, left, up, hover]	[2.7848, 19.3229, 3.9428, 0.5897]
78   	6366.61     	0.004   	1.0000  	[27.1, 16.2, 16.2, 10.8]	[front, left, front, left]	[3.3256, 67.0905, 4.0459, 0.2753]
79   	6157.76     	0.004   	1.0000  	[27.1, 16.2, 16.2, 10.8]	[front, left, front, up]	[3.3971, 130.6275, 4.5482, 0.7794]
80   	5917.12     	0.004   	1.0000  	[27.1, 16.2, 16.2, 16.2]	[down, left, front, up]	[2.7332, 157.0690, 3.9483, 1.2350]
81   	5660.96     	0.004   	1.0000  	[21.7, 16.2, 16.2, 21.7]	[left, left, front, front]	[2.8077, 159.9704, 3.6698, 1.4687]
82   	5410.05     	0.004   	1.0000  	[21.7, 16.2, 16.2, 21.7]	[front, left, down, front]	[2.8963, 133.3331, 4.0237, 1.9001]
83   	5148.99     	0.004   	1.0000  	[21.7, 16.2, 10.8, 21.7]	[hover, left, front, left]	[2.8958, 155.0178, 4.6742, 2.2015]
84   	4766.11     	0.003   	1.0000  	[21.7, 16.2, 10.8, 21.7]	[front, left, hover, down]	[2.3450, 180.8636, 4.2551, 2.1740]
85   	4614.90     	0.003   	1.0000  	[21.7, 16.2, 10.8, 16.2]	[front, front, right, front]	[2.3363, 66.4253, 4.7073, 2.6064]
86   	4561.45     	0.003   	1.0000  	[21.7, 16.2, 10.8, 16.2]	[front, front, back, left]	[1.9817, 18.8251, 3.3767, 3.0759]
87   	4536.36     	0.003   	1.0000  	[21.7, 16.2, 10.8, 16.2]	[front, back, hover, down]	[2.1738, 6.1821, 3.8987, 2.9155]
88   	4513.81     	0.003   	1.0000  	[21.7, 16.2, 10.8, 10.8]	[hover, back, right, front]	[1.4659, 5.2500, 3.1581, 1.9919]
89   	4481.98     	0.003   	1.0000  	[21.7, 16.2, 10.8, 10.8]	[hover, back, back, left]	[0.9994, 6.1490, 2.0334, 2.9499]
90   	4456.23     	0.003   	1.0000  	[21.7, 16.2, 10.8, 10.8]	[hover, back, back, left]	[0.9232, 6.2847, 2.7921, 3.0687]
91   	4435.92     	0.003   	1.0000  	[21.7, 16.2, 10.8, 10.8]	[front, back, right, right]	[0.9437, 6.7916, 3.4412, 2.3169]
92   	4421.15     	0.003   	1.0000  	[21.7, 16.2, 10.8, 10.8]	[hover, back, right, hover]	[0.9287, 6.6720, 3.6029, 1.2179]
93   	4408.96     	0.003   	1.0000  	[21.7, 16.2, 10.8, 10.8]	[hover, back, back, right]	[1.1085, 6.1566, 3.8669, 0.4773]
94   	4396.09     	0.003   	1.0000  	[21.7, 16.2, 10.8, 10.8]	[hover, back, back, front]	[1.1612, 7.0186, 3.7388, 0.3862]
95   	4378.70     	0.003   	1.0000  	[21.7, 16.2, 10.8, 10.8]	[hover, back, right, front]	[1.0076, 8.7615, 3.9224, 1.9153]
96   	4358.94     	0.003   	1.0000  	[21.7, 16.2, 10.8, 10.8]	[hover, back, back, front]	[1.1848, 9.3719, 4.8363, 3.1267]
97   	4340.41     	0.003   	1.0000  	[21.7, 16.2, 10.8, 10.8]	[left, back, right, front]	[1.3162, 7.9827, 5.6407, 3.9133]
98   	4318.59     	0.003   	1.0000  	[21.7, 16.2, 10.8, 10.8]	[down, back, right, front]	[1.7654, 8.6751, 9.4708, 4.9463]
99   	4295.88     	0.003   	1.0000  	[16.2, 16.2, 10.8, 10.8]	[back, back, right, front]	[1.2546, 11.8825, 10.2058, 4.1263]
[2025-12-18T15:03:11]
Strategy: greedy_ig
Pairwise: biased
News mode: IGd
Num agents: 4
Iteration: 1
Error margin: None
Gaussian radius 5 
Grid info: range: 0-50-50, cell_size:0.125, map shape: (400, 400), center:True
init UAV positions: [(-10.0, -10.0, 5.4), (-15.0, 0.0, 5.4), (15.0, -25.0, 5.4), (5.0, 25.0, 5.4)]
mcts_params: {}
Step	Entropy	MSE	Coverage	Heights	Actions	IGs
------------------------------------------------------------------------------------------------------------------------
0    	160000.00   	0.250   	0.0000  	[5.4, 5.4, 5.4, 5.4]	[-, -, -, -]	[-, -, -, -]
1    	158949.73   	0.241   	0.0469  	[5.4, 5.4, 5.4, 5.4]	[up, up, up, up]	[3904.5582, 3655.3311, 1952.2791, 1952.2791]
2    	157389.14   	0.229   	0.1800  	[10.8, 10.8, 10.8, 10.8]	[up, up, up, up]	[3282.6261, 3013.6084, 1891.4666, 1899.3108]
3    	155471.60   	0.217   	0.3738  	[16.2, 16.2, 16.2, 16.2]	[up, up, front, up]	[2647.8328, 1976.4901, 1745.4769, 1779.5831]
4    	153408.09   	0.206   	0.5737  	[21.7, 21.7, 16.2, 21.7]	[up, right, front, back]	[1719.1717, 1354.8545, 1601.0764, 1710.2650]
5    	151618.19   	0.197   	0.7089  	[27.1, 21.7, 16.2, 21.7]	[right, front, front, back]	[1222.9997, 1088.6704, 1483.6485, 1509.6038]
6    	149686.43   	0.188   	0.7894  	[27.1, 21.7, 16.2, 21.7]	[right, front, up, back]	[1084.3613, 1118.6485, 1418.2941, 1319.4727]
7    	147387.61   	0.179   	0.8562  	[27.1, 21.7, 21.7, 21.7]	[right, front, front, up]	[874.2279, 1169.1056, 1232.2168, 1186.0420]
8    	144473.65   	0.170   	0.9359  	[27.1, 21.7, 21.7, 27.1]	[front, front, left, back]	[714.0192, 1028.7509, 1094.3762, 990.0787]
9    	141277.12   	0.162   	0.9531  	[27.1, 21.7, 21.7, 27.1]	[front, right, left, right]	[605.6507, 813.3732, 992.9256, 718.7110]
10   	137392.72   	0.153   	0.9844  	[27.1, 21.7, 21.7, 27.1]	[front, right, left, back]	[538.9902, 726.9988, 1017.9063, 545.0372]
11   	132878.17   	0.145   	0.9844  	[27.1, 21.7, 21.7, 27.1]	[front, right, left, back]	[398.6762, 566.4788, 1016.7385, 392.7550]
12   	128303.13   	0.138   	0.9844  	[27.1, 21.7, 21.7, 27.1]	[left, right, left, back]	[278.1623, 582.1830, 977.6259, 405.9638]
13   	123738.55   	0.130   	0.9844  	[27.1, 21.7, 21.7, 27.1]	[front, right, left, back]	[276.6951, 582.5983, 1056.4154, 490.9454]
14   	119226.66   	0.121   	0.9844  	[27.1, 21.7, 21.7, 27.1]	[front, right, left, back]	[399.2013, 657.1643, 1148.8178, 629.8649]
15   	115082.08   	0.113   	0.9844  	[27.1, 21.7, 21.7, 27.1]	[left, right, left, back]	[532.8635, 918.8582, 1162.3712, 785.3555]
16   	111557.19   	0.106   	0.9844  	[27.1, 21.7, 21.7, 27.1]	[left, right, left, back]	[630.1587, 1061.4143, 1090.9680, 957.2117]
17   	107414.72   	0.099   	0.9998  	[27.1, 21.7, 21.7, 27.1]	[front, back, front, left]	[503.6976, 1005.5225, 1027.9707, 761.2126]
18   	102413.46   	0.093   	1.0000  	[27.1, 21.7, 21.7, 27.1]	[front, back, front, left]	[269.8514, 1037.8089, 989.2890, 671.7886]
19   	96713.54    	0.087   	1.0000  	[27.1, 21.7, 21.7, 27.1]	[down, back, front, left]	[146.6286, 1136.4033, 977.1678, 699.5651]
20   	90602.66    	0.080   	1.0000  	[21.7, 21.7, 21.7, 27.1]	[left, back, front, left]	[139.9743, 1184.6422, 841.6451, 731.6175]
21   	84460.80    	0.074   	1.0000  	[21.7, 21.7, 21.7, 27.1]	[front, back, front, left]	[59.0063, 1223.9464, 812.8950, 819.9670]
22   	78694.50    	0.068   	1.0000  	[21.7, 21.7, 21.7, 27.1]	[hover, back, front, left]	[27.2814, 1277.2343, 679.2525, 775.9022]
23   	73312.89    	0.063   	1.0000  	[21.7, 21.7, 21.7, 27.1]	[right, back, front, front]	[17.8533, 1369.6470, 634.8665, 555.9006]
24   	68295.11    	0.058   	1.0000  	[21.7, 21.7, 21.7, 27.1]	[right, back, front, front]	[18.0089, 1383.8505, 611.3267, 445.7156]
25   	63105.14    	0.053   	1.0000  	[21.7, 21.7, 21.7, 27.1]	[right, left, right, front]	[64.2506, 1038.2877, 549.8590, 340.3214]
26   	57580.11    	0.049   	1.0000  	[21.7, 21.7, 21.7, 27.1]	[right, left, right, front]	[112.9468, 806.3534, 507.3951, 283.8314]
27   	51643.06    	0.044   	1.0000  	[21.7, 21.7, 21.7, 27.1]	[right, left, right, front]	[235.1683, 719.7684, 510.5792, 279.5587]
28   	45505.09    	0.039   	1.0000  	[21.7, 21.7, 21.7, 27.1]	[right, left, right, front]	[426.9042, 715.6401, 516.5365, 296.7821]
29   	39581.59    	0.034   	1.0000  	[21.7, 21.7, 21.7, 27.1]	[right, left, right, left]	[568.5057, 740.4112, 533.5611, 259.2200]
30   	34226.50    	0.029   	1.0000  	[21.7, 21.7, 21.7, 27.1]	[right, left, right, left]	[692.9169, 731.3369, 646.9737, 168.5201]
31   	29670.11    	0.025   	1.0000  	[21.7, 21.7, 21.7, 27.1]	[right, left, right, left]	[434.1575, 722.2517, 710.3560, 81.9849]
32   	26556.80    	0.022   	1.0000  	[21.7, 21.7, 21.7, 27.1]	[back, left, back, down]	[247.7755, 723.5963, 367.2734, 46.7777]
33   	23791.65    	0.020   	1.0000  	[21.7, 21.7, 21.7, 21.7]	[back, left, up, front]	[270.1811, 505.4149, 275.4684, 61.5258]
34   	21523.41    	0.018   	1.0000  	[21.7, 21.7, 27.1, 21.7]	[back, left, right, down]	[273.5762, 225.8955, 185.8394, 35.2975]
35   	19704.06    	0.016   	1.0000  	[21.7, 21.7, 27.1, 16.2]	[back, down, front, front]	[246.8323, 92.2450, 132.4384, 40.5497]
36   	18310.07    	0.015   	1.0000  	[21.7, 16.2, 27.1, 16.2]	[back, back, down, right]	[361.5218, 60.2738, 102.0745, 30.8046]
37   	17104.57    	0.014   	1.0000  	[21.7, 16.2, 21.7, 16.2]	[back, hover, right, hover]	[443.1855, 22.2730, 95.9478, 20.3793]
38   	16011.04    	0.013   	1.0000  	[21.7, 16.2, 21.7, 16.2]	[back, hover, right, hover]	[489.6247, 9.4493, 52.2305, 15.1123]
39   	14949.22    	0.012   	1.0000  	[21.7, 16.2, 21.7, 16.2]	[back, right, down, hover]	[575.6283, 7.4703, 38.5278, 13.2390]
40   	13871.10    	0.011   	1.0000  	[21.7, 16.2, 16.2, 16.2]	[back, front, front, back]	[701.2654, 4.8847, 26.3547, 11.6220]
41   	12817.91    	0.010   	1.0000  	[21.7, 16.2, 16.2, 16.2]	[back, up, hover, back]	[715.0120, 4.6816, 14.4186, 10.3847]
42   	12204.60    	0.010   	1.0000  	[21.7, 21.7, 16.2, 16.2]	[hover, front, back, hover]	[356.8516, 14.9901, 10.1508, 8.9909]
43   	11907.77    	0.009   	1.0000  	[21.7, 21.7, 16.2, 16.2]	[left, front, back, hover]	[143.4243, 19.6809, 9.8217, 7.3142]
44   	11752.24    	0.009   	1.0000  	[21.7, 21.7, 16.2, 16.2]	[right, front, back, front]	[58.1836, 19.4916, 9.3991, 6.1785]
45   	11651.32    	0.009   	1.0000  	[21.7, 21.7, 16.2, 16.2]	[left, front, back, front]	[27.5510, 20.3362, 6.7922, 6.3741]
46   	11539.78    	0.009   	1.0000  	[21.7, 21.7, 16.2, 16.2]	[left, front, back, hover]	[26.0925, 27.0494, 14.2242, 3.4484]
47   	11403.34    	0.009   	1.0000  	[21.7, 21.7, 16.2, 16.2]	[left, front, back, hover]	[20.6694, 33.0090, 14.2756, 2.9651]
48   	11213.92    	0.009   	1.0000  	[21.7, 21.7, 16.2, 16.2]	[left, front, back, down]	[17.4881, 41.5309, 10.8016, 2.7928]
49   	10936.85    	0.008   	1.0000  	[21.7, 21.7, 16.2, 10.8]	[left, front, back, front]	[20.6129, 104.7845, 11.9379, 4.0509]
50   	10786.37    	0.008   	1.0000  	[21.7, 21.7, 16.2, 10.8]	[left, hover, back, hover]	[15.0180, 46.3727, 14.4806, 3.4508]
51   	10689.04    	0.008   	1.0000  	[21.7, 21.7, 16.2, 10.8]	[left, hover, back, hover]	[30.4188, 16.2147, 12.2247, 2.7163]
52   	10483.57    	0.008   	1.0000  	[21.7, 21.7, 16.2, 10.8]	[left, hover, hover, hover]	[105.5198, 5.9520, 5.7375, 1.9895]
53   	9790.72     	0.007   	1.0000  	[21.7, 21.7, 16.2, 10.8]	[left, right, down, back]	[449.5728, 3.6218, 3.8737, 1.7000]
54   	9377.45     	0.007   	1.0000  	[21.7, 21.7, 10.8, 10.8]	[hover, right, back, back]	[226.1414, 2.7472, 3.6579, 1.5930]
55   	9214.09     	0.007   	1.0000  	[21.7, 21.7, 10.8, 10.8]	[hover, right, right, up]	[84.7436, 2.6711, 3.6858, 1.5310]
56   	9142.29     	0.007   	1.0000  	[21.7, 21.7, 10.8, 16.2]	[front, right, left, back]	[34.7431, 2.2841, 1.7964, 3.1511]
57   	9100.15     	0.007   	1.0000  	[21.7, 21.7, 10.8, 16.2]	[front, right, up, back]	[16.7377, 3.2982, 1.2830, 3.5651]
58   	9060.22     	0.007   	1.0000  	[21.7, 21.7, 16.2, 16.2]	[front, right, down, back]	[10.5720, 5.0568, 1.6106, 4.3379]
59   	8999.90     	0.007   	1.0000  	[21.7, 21.7, 10.8, 16.2]	[back, right, front, back]	[6.8176, 13.7532, 1.3981, 11.3080]
60   	8881.56     	0.007   	1.0000  	[21.7, 21.7, 10.8, 16.2]	[back, right, up, back]	[5.1737, 38.6462, 0.8811, 15.1306]
61   	8700.60     	0.006   	1.0000  	[21.7, 21.7, 16.2, 16.2]	[back, right, left, back]	[6.1021, 89.2102, 1.1236, 19.7581]
62   	8562.45     	0.006   	1.0000  	[21.7, 21.7, 16.2, 16.2]	[back, front, left, back]	[3.7562, 30.9415, 2.2292, 35.8104]
63   	8370.71     	0.006   	1.0000  	[21.7, 21.7, 16.2, 16.2]	[back, hover, left, back]	[2.7202, 9.6591, 3.8337, 62.3784]
64   	8083.76     	0.006   	1.0000  	[21.7, 21.7, 16.2, 16.2]	[hover, hover, left, back]	[1.9276, 4.4226, 4.4105, 73.7089]
65   	7964.96     	0.006   	1.0000  	[21.7, 21.7, 16.2, 16.2]	[front, hover, front, back]	[1.4003, 2.4202, 4.0867, 42.9571]
66   	7927.16     	0.006   	1.0000  	[21.7, 21.7, 16.2, 16.2]	[front, left, down, down]	[1.8014, 2.1138, 3.4663, 23.1895]
67   	7893.22     	0.006   	1.0000  	[21.7, 21.7, 10.8, 10.8]	[front, back, left, left]	[2.5967, 2.0648, 4.0352, 24.5966]
68   	7876.11     	0.006   	1.0000  	[21.7, 21.7, 10.8, 10.8]	[front, back, left, hover]	[3.5104, 1.8977, 3.5582, 9.4805]
69   	7856.57     	0.006   	1.0000  	[21.7, 21.7, 10.8, 10.8]	[front, back, up, right]	[5.0895, 1.6055, 2.4636, 6.6930]
70   	7830.52     	0.006   	1.0000  	[21.7, 21.7, 16.2, 10.8]	[front, back, left, right]	[7.5834, 1.8946, 3.4882, 9.3508]
71   	7792.23     	0.006   	1.0000  	[21.7, 21.7, 16.2, 10.8]	[front, back, up, right]	[8.4675, 1.6527, 4.6542, 7.9055]
72   	7733.97     	0.006   	1.0000  	[21.7, 21.7, 21.7, 10.8]	[front, back, left, right]	[7.7891, 3.3841, 7.9760, 9.5220]
73   	7592.73     	0.005   	1.0000  	[21.7, 21.7, 21.7, 10.8]	[front, up, left, right]	[6.6436, 7.5308, 27.2679, 8.3171]
74   	7306.00     	0.005   	1.0000  	[21.7, 27.1, 21.7, 10.8]	[front, back, left, right]	[7.4697, 19.7020, 72.4750, 10.3841]
75   	7074.58     	0.005   	1.0000  	[21.7, 27.1, 21.7, 10.8]	[front, back, left, right]	[6.5596, 43.0185, 34.6231, 19.4235]
76   	6958.49     	0.005   	1.0000  	[21.7, 27.1, 21.7, 10.8]	[down, right, left, right]	[6.8244, 20.6803, 15.8079, 28.4689]
77   	6873.94     	0.005   	1.0000  	[16.2, 27.1, 21.7, 10.8]	[left, left, down, right]	[7.5237, 9.9711, 8.8587, 45.5955]
78   	6745.60     	0.005   	1.0000  	[16.2, 27.1, 16.2, 10.8]	[hover, hover, back, right]	[5.7368, 6.3389, 10.3582, 83.6930]
79   	6502.53     	0.005   	1.0000  	[16.2, 27.1, 16.2, 10.8]	[back, down, down, right]	[3.3888, 5.5722, 6.7300, 195.2932]
80   	6056.46     	0.004   	1.0000  	[16.2, 21.7, 10.8, 10.8]	[back, hover, up, right]	[4.0213, 4.8283, 4.1803, 377.6223]
81   	5536.84     	0.004   	1.0000  	[16.2, 21.7, 16.2, 10.8]	[hover, hover, front, right]	[4.3030, 4.4573, 3.4821, 453.3334]
82   	5308.67     	0.004   	1.0000  	[16.2, 21.7, 16.2, 10.8]	[hover, hover, front, front]	[4.0870, 4.0243, 2.4706, 185.3854]
83   	5138.09     	0.003   	1.0000  	[16.2, 21.7, 16.2, 10.8]	[hover, back, front, front]	[3.4821, 3.5740, 2.3563, 134.5874]
84   	4992.15     	0.003   	1.0000  	[16.2, 21.7, 16.2, 10.8]	[down, right, front, front]	[3.1710, 3.8251, 3.8884, 107.4714]
85   	4838.06     	0.003   	1.0000  	[10.8, 21.7, 16.2, 10.8]	[left, hover, front, front]	[3.3446, 2.2423, 5.6364, 108.7847]
86   	4704.89     	0.003   	1.0000  	[10.8, 21.7, 16.2, 10.8]	[front, down, front, front]	[2.5750, 2.2995, 7.1161, 119.6661]
87   	4545.75     	0.003   	1.0000  	[10.8, 16.2, 16.2, 10.8]	[left, right, front, front]	[1.9236, 3.0530, 9.0570, 136.2078]
88   	4372.26     	0.003   	1.0000  	[10.8, 16.2, 16.2, 10.8]	[front, back, front, front]	[1.2088, 3.7597, 14.1248, 143.4476]
89   	4143.06     	0.003   	1.0000  	[10.8, 16.2, 16.2, 10.8]	[hover, back, front, front]	[0.9891, 3.3350, 32.4339, 145.3017]
90   	3754.11     	0.002   	1.0000  	[10.8, 16.2, 16.2, 10.8]	[back, back, front, front]	[0.9873, 2.5118, 99.5752, 162.0194]
91   	3514.45     	0.002   	1.0000  	[10.8, 16.2, 16.2, 10.8]	[back, hover, right, front]	[1.2835, 1.7630, 38.6979, 170.9936]
92   	3306.74     	0.002   	1.0000  	[10.8, 16.2, 16.2, 10.8]	[hover, hover, hover, front]	[0.8580, 1.3853, 8.9765, 194.7973]
93   	3031.42     	0.002   	1.0000  	[10.8, 16.2, 16.2, 10.8]	[hover, down, hover, front]	[0.9785, 1.6217, 3.2779, 281.5960]
94   	2950.20     	0.002   	1.0000  	[10.8, 10.8, 16.2, 10.8]	[back, right, hover, hover]	[0.9285, 1.3053, 1.9600, 78.3914]
95   	2928.32     	0.002   	1.0000  	[10.8, 10.8, 16.2, 10.8]	[right, front, hover, hover]	[0.8366, 1.0241, 1.8857, 19.3619]
96   	2921.92     	0.002   	1.0000  	[10.8, 10.8, 16.2, 10.8]	[back, left, right, left]	[0.8357, 0.7364, 1.7589, 5.7161]
97   	2916.52     	0.002   	1.0000  	[10.8, 10.8, 16.2, 10.8]	[hover, right, up, back]	[0.5929, 0.5634, 1.5803, 5.5049]
98   	2909.40     	0.002   	1.0000  	[10.8, 10.8, 21.7, 10.8]	[front, left, right, up]	[0.3412, 0.3256, 2.5265, 5.2624]
99   	2900.64     	0.002   	1.0000  	[10.8, 10.8, 21.7, 16.2]	[back, left, right, back]	[0.4182, 0.3091, 3.1536, 5.5830]
[2025-12-18T15:03:22]
Strategy: greedy_ig
Pairwise: biased
News mode: IGd
Num agents: 4
Iteration: 2
Error margin: None
Gaussian radius 5 
Grid info: range: 0-50-50, cell_size:0.125, map shape: (400, 400), center:True
init UAV positions: [(-5.0, -25.0, 5.4), (-5.0, 5.0, 5.4), (15.0, -15.0, 5.4), (0.0, 25.0, 5.4)]
mcts_params: {}
Step	Entropy	MSE	Coverage	Heights	Actions	IGs
------------------------------------------------------------------------------------------------------------------------
0    	160000.00   	0.250   	0.0000  	[5.4, 5.4, 5.4, 5.4]	[-, -, -, -]	[-, -, -, -]
1    	159016.58   	0.241   	0.0469  	[5.4, 5.4, 5.4, 5.4]	[up, up, up, up]	[1952.2791, 3904.5582, 3904.5582, 1952.2791]
2    	157814.44   	0.229   	0.1875  	[10.8, 10.8, 10.8, 10.8]	[up, up, up, up]	[1899.2280, 3782.3355, 3801.2436, 1899.3108]
3    	156311.77   	0.218   	0.4219  	[16.2, 16.2, 16.2, 16.2]	[front, up, up, up]	[1736.7032, 3423.4249, 2304.7697, 1567.0956]
4    	154115.40   	0.206   	0.6119  	[16.2, 21.7, 21.7, 21.7]	[up, up, front, back]	[1704.3076, 2280.9424, 1602.4625, 1335.7013]
5    	151701.03   	0.195   	0.7519  	[21.7, 27.1, 21.7, 21.7]	[front, left, front, back]	[1543.7163, 1484.4251, 1321.3025, 1225.3114]
6    	149417.42   	0.187   	0.8113  	[21.7, 27.1, 21.7, 21.7]	[front, left, front, back]	[1312.8142, 896.4345, 1255.4667, 1119.6091]
7    	147235.91   	0.179   	0.8444  	[21.7, 27.1, 21.7, 21.7]	[up, front, front, right]	[1198.7301, 619.5931, 1130.8496, 924.9118]
8    	144848.61   	0.171   	0.9123  	[27.1, 27.1, 21.7, 21.7]	[front, front, front, right]	[1242.5268, 509.1458, 1050.8831, 861.6150]
9    	142422.78   	0.165   	0.9452  	[27.1, 27.1, 21.7, 21.7]	[front, down, front, right]	[1119.2054, 334.0946, 956.8460, 823.6036]
10   	139891.86   	0.158   	0.9639  	[27.1, 21.7, 21.7, 21.7]	[left, front, left, right]	[1031.6310, 343.5855, 855.7183, 791.9760]
11   	136723.71   	0.152   	0.9928  	[27.1, 21.7, 21.7, 21.7]	[front, left, left, back]	[939.7289, 206.6595, 839.9820, 837.3778]
12   	132764.99   	0.146   	0.9928  	[27.1, 21.7, 21.7, 21.7]	[front, front, left, back]	[794.9866, 70.3123, 750.3814, 805.5742]
13   	128181.84   	0.140   	0.9928  	[27.1, 21.7, 21.7, 21.7]	[front, right, left, back]	[680.0598, 31.8774, 590.6096, 816.3067]
14   	123296.07   	0.134   	0.9928  	[27.1, 21.7, 21.7, 21.7]	[front, right, left, back]	[495.7051, 53.1826, 462.8711, 876.7264]
15   	118940.17   	0.128   	0.9928  	[27.1, 21.7, 21.7, 21.7]	[front, right, back, back]	[363.6582, 105.5956, 413.6702, 894.4518]
16   	114691.34   	0.121   	0.9928  	[27.1, 21.7, 21.7, 21.7]	[front, right, left, back]	[394.6802, 269.3380, 495.4358, 1120.1021]
17   	110879.93   	0.114   	0.9928  	[27.1, 21.7, 21.7, 21.7]	[left, right, left, back]	[377.6785, 513.9726, 638.0022, 1332.0848]
18   	107760.14   	0.108   	0.9928  	[27.1, 21.7, 21.7, 21.7]	[left, right, back, back]	[234.9218, 798.9697, 775.8912, 1386.8266]
19   	105171.84   	0.103   	0.9928  	[27.1, 21.7, 21.7, 21.7]	[down, right, back, back]	[164.3250, 1069.6206, 961.7905, 1400.3651]
20   	102242.01   	0.098   	0.9928  	[21.7, 21.7, 21.7, 21.7]	[front, right, left, left]	[194.9031, 1195.9333, 1193.9607, 1315.7930]
21   	99065.61    	0.092   	0.9928  	[21.7, 21.7, 21.7, 21.7]	[front, back, back, left]	[84.2028, 1063.2494, 1254.6373, 1215.1140]
22   	95803.67    	0.087   	0.9928  	[21.7, 21.7, 21.7, 21.7]	[right, right, back, left]	[60.8896, 942.3901, 1168.6730, 1051.3445]
23   	92444.89    	0.082   	0.9928  	[21.7, 21.7, 21.7, 21.7]	[right, back, left, left]	[96.2198, 880.9085, 1012.4439, 1041.8646]
24   	89017.69    	0.078   	0.9997  	[21.7, 21.7, 21.7, 21.7]	[right, back, back, left]	[168.7626, 843.2551, 534.9046, 883.7043]
25   	85169.87    	0.073   	1.0000  	[21.7, 21.7, 21.7, 21.7]	[right, back, left, left]	[596.8991, 835.5088, 207.0555, 826.0013]
26   	80787.03    	0.069   	1.0000  	[21.7, 21.7, 21.7, 21.7]	[right, back, down, left]	[884.2123, 878.3961, 71.1575, 884.0536]
27   	75896.68    	0.064   	1.0000  	[21.7, 21.7, 16.2, 21.7]	[right, back, back, front]	[1028.5717, 1049.1418, 44.2847, 960.1608]
28   	70784.84    	0.058   	1.0000  	[21.7, 21.7, 16.2, 21.7]	[right, back, right, left]	[1106.4231, 1204.8616, 17.2858, 925.4120]
29   	65718.63    	0.053   	1.0000  	[21.7, 21.7, 16.2, 21.7]	[right, back, right, front]	[1187.3470, 1378.0925, 28.6968, 853.6163]
30   	61165.63    	0.049   	1.0000  	[21.7, 21.7, 16.2, 21.7]	[right, back, right, front]	[1028.1196, 1436.1333, 155.3568, 799.1803]
31   	57082.27    	0.045   	1.0000  	[21.7, 21.7, 16.2, 21.7]	[back, back, right, front]	[945.0716, 1144.1262, 124.2673, 776.4486]
32   	53331.44    	0.042   	1.0000  	[21.7, 21.7, 16.2, 21.7]	[back, left, right, front]	[863.9384, 770.5361, 55.4162, 774.4104]
33   	49566.75    	0.038   	1.0000  	[21.7, 21.7, 16.2, 21.7]	[back, left, right, front]	[812.0890, 529.9729, 28.9527, 763.2484]
34   	45694.13    	0.035   	1.0000  	[21.7, 21.7, 16.2, 21.7]	[back, left, right, front]	[769.4227, 375.5810, 17.1762, 766.2740]
35   	41835.14    	0.032   	1.0000  	[21.7, 21.7, 16.2, 21.7]	[back, left, right, front]	[692.4469, 417.4641, 21.4658, 781.5583]
36   	38240.13    	0.029   	1.0000  	[21.7, 21.7, 16.2, 21.7]	[back, left, right, hover]	[626.8285, 596.2414, 25.3132, 409.4858]
37   	34959.85    	0.026   	1.0000  	[21.7, 21.7, 16.2, 21.7]	[back, left, right, hover]	[556.7383, 738.0203, 28.5031, 155.8142]
38   	31806.93    	0.024   	1.0000  	[21.7, 21.7, 16.2, 21.7]	[back, left, right, hover]	[496.1325, 877.4491, 17.4567, 50.5916]
39   	28831.92    	0.021   	1.0000  	[21.7, 21.7, 16.2, 21.7]	[back, left, back, hover]	[473.4531, 970.4961, 5.7593, 17.1889]
40   	26973.58    	0.020   	1.0000  	[21.7, 21.7, 16.2, 21.7]	[hover, left, down, hover]	[298.3847, 710.4559, 3.0214, 9.1393]
41   	26153.56    	0.019   	1.0000  	[21.7, 21.7, 10.8, 21.7]	[hover, hover, right, hover]	[140.1063, 327.5388, 4.7252, 6.9684]
42   	25874.18    	0.019   	1.0000  	[21.7, 21.7, 10.8, 21.7]	[hover, hover, front, back]	[49.1141, 128.2920, 2.7457, 5.2189]
43   	25754.56    	0.019   	1.0000  	[21.7, 21.7, 10.8, 21.7]	[left, front, hover, back]	[18.7611, 52.6313, 1.4171, 4.7825]
44   	25695.16    	0.019   	1.0000  	[21.7, 21.7, 10.8, 21.7]	[right, back, hover, back]	[11.2938, 25.4740, 1.3234, 5.9596]
45   	25654.71    	0.019   	1.0000  	[21.7, 21.7, 10.8, 21.7]	[down, front, hover, back]	[8.0429, 15.0347, 0.9587, 6.6474]
46   	25600.20    	0.019   	1.0000  	[16.2, 21.7, 10.8, 21.7]	[back, front, right, back]	[7.7546, 8.9797, 0.7082, 6.5789]
47   	25516.20    	0.019   	1.0000  	[16.2, 21.7, 10.8, 21.7]	[right, down, front, back]	[7.0080, 5.7496, 0.3336, 18.8521]
48   	25362.66    	0.018   	1.0000  	[16.2, 16.2, 10.8, 21.7]	[hover, left, front, back]	[5.7244, 5.4845, 0.4837, 46.1699]
49   	25036.35    	0.018   	1.0000  	[16.2, 16.2, 10.8, 21.7]	[back, front, hover, back]	[5.1843, 6.7327, 0.3219, 150.4916]
50   	24871.90    	0.018   	1.0000  	[16.2, 16.2, 10.8, 21.7]	[down, front, hover, back]	[5.0930, 9.1426, 0.1581, 90.6327]
51   	24803.16    	0.018   	1.0000  	[10.8, 16.2, 10.8, 21.7]	[left, front, hover, back]	[3.9971, 12.0547, 0.3507, 38.9033]
52   	24774.69    	0.018   	1.0000  	[10.8, 16.2, 10.8, 21.7]	[front, front, hover, front]	[4.1557, 14.1711, 0.1195, 13.3985]
53   	24756.06    	0.018   	1.0000  	[10.8, 16.2, 10.8, 21.7]	[left, front, up, hover]	[3.4286, 10.5513, 0.0373, 6.7595]
54   	24743.66    	0.018   	1.0000  	[10.8, 16.2, 16.2, 21.7]	[left, front, up, front]	[1.6210, 9.5258, 0.2069, 4.3080]
55   	24726.30    	0.018   	1.0000  	[10.8, 16.2, 21.7, 21.7]	[left, front, front, right]	[4.2999, 12.4073, 1.5793, 3.1528]
56   	24709.23    	0.018   	1.0000  	[10.8, 16.2, 21.7, 21.7]	[left, front, front, front]	[3.6429, 12.1160, 1.9679, 2.5985]
57   	24687.62    	0.018   	1.0000  	[10.8, 16.2, 21.7, 21.7]	[front, left, front, front]	[2.9510, 5.4156, 6.6819, 2.8879]
58   	24630.53    	0.018   	1.0000  	[10.8, 16.2, 21.7, 21.7]	[front, back, front, left]	[4.3674, 3.5580, 21.1600, 2.7108]
59   	24501.28    	0.018   	1.0000  	[10.8, 16.2, 21.7, 21.7]	[front, down, front, front]	[4.2819, 3.9470, 58.9643, 2.7194]
60   	23942.36    	0.017   	1.0000  	[10.8, 10.8, 21.7, 21.7]	[front, back, front, down]	[6.4481, 3.2266, 410.5481, 2.7460]
61   	22954.82    	0.016   	1.0000  	[10.8, 10.8, 21.7, 16.2]	[hover, back, front, left]	[6.9445, 3.0732, 655.1457, 2.5723]
62   	21856.09    	0.015   	1.0000  	[10.8, 10.8, 21.7, 16.2]	[front, back, front, back]	[4.3460, 3.7224, 687.3789, 2.3068]
63   	20778.49    	0.015   	1.0000  	[10.8, 10.8, 21.7, 16.2]	[front, back, left, back]	[3.4841, 4.6841, 622.1786, 2.2879]
64   	19739.05    	0.014   	1.0000  	[10.8, 10.8, 21.7, 16.2]	[front, right, left, back]	[4.1253, 3.7409, 547.1064, 2.5793]
65   	18770.97    	0.013   	1.0000  	[10.8, 10.8, 21.7, 16.2]	[front, hover, left, back]	[7.3513, 4.7333, 482.4966, 2.3220]
66   	17859.85    	0.012   	1.0000  	[10.8, 10.8, 21.7, 16.2]	[front, hover, left, front]	[6.7504, 2.9632, 442.2976, 2.3459]
67   	16957.82    	0.012   	1.0000  	[10.8, 10.8, 21.7, 16.2]	[left, hover, left, right]	[5.9937, 2.7978, 447.5544, 1.7121]
68   	16063.65    	0.011   	1.0000  	[10.8, 10.8, 21.7, 16.2]	[left, back, left, hover]	[5.1237, 1.5961, 463.7331, 1.7253]
69   	15024.29    	0.010   	1.0000  	[10.8, 10.8, 21.7, 16.2]	[left, back, left, right]	[3.0992, 2.8551, 489.2508, 1.1572]
70   	13913.63    	0.009   	1.0000  	[10.8, 10.8, 21.7, 16.2]	[up, back, left, right]	[4.8732, 4.3798, 379.0148, 2.0330]
71   	12689.84    	0.008   	1.0000  	[16.2, 10.8, 21.7, 16.2]	[left, left, left, right]	[6.5728, 5.0642, 422.6795, 2.6412]
72   	11288.58    	0.007   	1.0000  	[16.2, 10.8, 21.7, 16.2]	[left, back, left, right]	[9.6431, 2.6409, 491.6017, 3.0331]
73   	9557.21     	0.006   	1.0000  	[16.2, 10.8, 21.7, 16.2]	[left, right, left, right]	[11.9528, 2.2811, 612.3768, 6.0260]
74   	7656.31     	0.005   	1.0000  	[16.2, 10.8, 21.7, 16.2]	[front, left, left, up]	[10.9253, 2.4604, 528.9238, 10.0984]
75   	6393.38     	0.004   	1.0000  	[16.2, 10.8, 21.7, 21.7]	[left, hover, back, right]	[5.2982, 1.6657, 374.9946, 19.5382]
76   	5673.31     	0.004   	1.0000  	[16.2, 10.8, 21.7, 21.7]	[down, right, front, right]	[4.8782, 1.4571, 216.9880, 45.2612]
77   	5251.41     	0.003   	1.0000  	[10.8, 10.8, 21.7, 21.7]	[hover, front, hover, right]	[4.5696, 1.5872, 75.0916, 113.4595]
78   	5060.97     	0.003   	1.0000  	[10.8, 10.8, 21.7, 21.7]	[hover, front, back, back]	[2.7534, 2.1429, 36.0958, 41.9521]
79   	4979.30     	0.003   	1.0000  	[10.8, 10.8, 21.7, 21.7]	[up, hover, back, hover]	[2.5498, 1.2172, 18.8421, 14.3528]
80   	4932.32     	0.003   	1.0000  	[16.2, 10.8, 21.7, 21.7]	[back, hover, back, hover]	[2.9891, 1.0564, 11.5808, 7.2135]
81   	4902.78     	0.003   	1.0000  	[16.2, 10.8, 21.7, 21.7]	[back, back, back, down]	[5.8623, 0.6468, 7.2227, 6.6008]
82   	4865.67     	0.003   	1.0000  	[16.2, 10.8, 21.7, 16.2]	[back, hover, back, right]	[10.3556, 0.7244, 5.6496, 7.6628]
83   	4800.64     	0.003   	1.0000  	[16.2, 10.8, 21.7, 16.2]	[back, right, back, back]	[19.8323, 0.6412, 4.7318, 5.9333]
84   	4698.86     	0.003   	1.0000  	[16.2, 10.8, 21.7, 16.2]	[back, right, back, down]	[41.3239, 0.7170, 3.4605, 4.4408]
85   	4552.21     	0.003   	1.0000  	[16.2, 10.8, 21.7, 10.8]	[back, right, back, up]	[58.2995, 1.8515, 2.4668, 3.4891]
86   	4381.88     	0.002   	1.0000  	[16.2, 10.8, 21.7, 16.2]	[back, right, back, hover]	[73.7528, 3.4727, 2.3772, 3.1339]
87   	4183.06     	0.002   	1.0000  	[16.2, 10.8, 21.7, 16.2]	[back, right, hover, hover]	[90.8836, 3.7446, 1.8403, 2.7740]
88   	3912.98     	0.002   	1.0000  	[16.2, 10.8, 21.7, 16.2]	[back, back, front, hover]	[107.2010, 3.8769, 1.5724, 2.3615]
89   	3530.75     	0.002   	1.0000  	[16.2, 10.8, 21.7, 16.2]	[back, right, front, back]	[166.2591, 3.1586, 2.0704, 2.3226]
90   	3369.41     	0.002   	1.0000  	[16.2, 10.8, 21.7, 16.2]	[left, right, front, hover]	[79.5722, 3.4626, 3.4141, 1.7569]
91   	3316.86     	0.002   	1.0000  	[16.2, 10.8, 21.7, 16.2]	[back, back, front, hover]	[25.4984, 4.5069, 4.6829, 1.5743]
92   	3298.52     	0.002   	1.0000  	[16.2, 10.8, 21.7, 16.2]	[down, right, front, right]	[9.8947, 5.1699, 5.9549, 1.2614]
93   	3283.96     	0.002   	1.0000  	[10.8, 10.8, 21.7, 16.2]	[front, up, front, down]	[5.3736, 4.3530, 5.3316, 1.1554]
94   	3250.72     	0.002   	1.0000  	[10.8, 16.2, 21.7, 10.8]	[up, up, back, front]	[4.1407, 11.0303, 4.4077, 1.0739]
95   	3166.76     	0.002   	1.0000  	[16.2, 21.7, 21.7, 10.8]	[front, right, hover, right]	[2.9604, 29.3182, 4.1170, 0.7873]
96   	3036.08     	0.001   	1.0000  	[16.2, 21.7, 21.7, 10.8]	[right, right, right, right]	[2.8982, 49.8234, 3.3978, 0.5155]
97   	2976.51     	0.001   	1.0000  	[16.2, 21.7, 21.7, 10.8]	[right, hover, front, front]	[3.2699, 24.0812, 2.7734, 0.2450]
98   	2949.06     	0.001   	1.0000  	[16.2, 21.7, 21.7, 10.8]	[front, hover, hover, hover]	[3.8698, 11.3271, 2.6577, 0.2644]
99   	2932.26     	0.001   	1.0000  	[16.2, 21.7, 21.7, 10.8]	[front, hover, hover, left]	[4.7438, 6.5990, 2.1750, 0.0826]
[2025-12-18T15:03:32]
Strategy: greedy_ig
Pairwise: biased
News mode: IGd
Num agents: 4
Iteration: 3
Error margin: None
Gaussian radius 5 
Grid info: range: 0-50-50, cell_size:0.125, map shape: (400, 400), center:True
init UAV positions: [(0.0, -10.0, 5.4), (-5.0, 15.0, 5.4), (15.0, -5.0, 5.4), (20.0, 20.0, 5.4)]
mcts_params: {}
Step	Entropy	MSE	Coverage	Heights	Actions	IGs
------------------------------------------------------------------------------------------------------------------------
0    	160000.00   	0.250   	0.0000  	[5.4, 5.4, 5.4, 5.4]	[-, -, -, -]	[-, -, -, -]
1    	158749.78   	0.238   	0.0625  	[5.4, 5.4, 5.4, 5.4]	[up, up, up, up]	[3904.5582, 3904.5582, 3904.5582, 3162.6921]
2    	157220.33   	0.225   	0.2381  	[10.8, 10.8, 10.8, 10.8]	[up, up, up, up]	[3743.4205, 3792.2506, 3485.0467, 1843.5263]
3    	155288.11   	0.211   	0.4839  	[16.2, 16.2, 16.2, 16.2]	[up, up, up, back]	[3103.2113, 2956.2879, 2316.4407, 1457.7599]
4    	152818.75   	0.199   	0.7106  	[21.7, 21.7, 21.7, 16.2]	[up, back, left, left]	[2038.1905, 1965.4752, 1484.5062, 1409.4178]
5    	149746.08   	0.188   	0.8036  	[27.1, 21.7, 21.7, 16.2]	[left, up, up, left]	[1355.4322, 1418.4433, 1154.9029, 1189.2715]
6    	145868.70   	0.177   	0.8802  	[27.1, 27.1, 27.1, 16.2]	[left, back, left, up]	[990.4054, 1061.9221, 1005.2896, 1184.5157]
7    	142477.50   	0.167   	0.9114  	[27.1, 27.1, 27.1, 21.7]	[left, left, back, back]	[845.7902, 804.8707, 859.3055, 1291.3784]
8    	139051.41   	0.159   	0.9841  	[27.1, 27.1, 27.1, 21.7]	[front, back, back, back]	[626.9342, 596.6645, 643.5199, 1186.7873]
9    	135503.10   	0.152   	0.9900  	[27.1, 27.1, 27.1, 21.7]	[front, left, left, back]	[472.8976, 391.8925, 592.5665, 1127.6406]
10   	131947.70   	0.145   	0.9962  	[27.1, 27.1, 27.1, 21.7]	[front, left, left, back]	[343.5740, 194.3245, 609.0651, 1126.6531]
11   	128638.12   	0.138   	0.9962  	[27.1, 27.1, 27.1, 21.7]	[front, down, left, back]	[283.5195, 90.6266, 662.8319, 1104.2357]
12   	125349.19   	0.132   	0.9962  	[27.1, 21.7, 27.1, 21.7]	[front, back, left, back]	[391.8143, 84.5157, 645.8270, 1150.6280]
13   	121765.52   	0.124   	0.9962  	[27.1, 21.7, 27.1, 21.7]	[front, back, left, back]	[528.4288, 356.5382, 602.9230, 1229.7703]
14   	117869.23   	0.117   	0.9978  	[27.1, 21.7, 27.1, 21.7]	[right, back, left, back]	[515.3108, 538.6628, 451.7077, 1259.1515]
15   	113838.83   	0.110   	0.9978  	[27.1, 21.7, 27.1, 21.7]	[right, back, front, back]	[557.6192, 467.2307, 284.3099, 1255.5801]
16   	109175.89   	0.103   	0.9986  	[27.1, 21.7, 27.1, 21.7]	[right, back, front, left]	[651.7962, 506.3192, 317.1041, 1149.7233]
17   	104184.42   	0.096   	0.9986  	[27.1, 21.7, 27.1, 21.7]	[right, back, front, left]	[731.7779, 685.0153, 474.0840, 1005.8113]
18   	98206.69    	0.089   	0.9986  	[27.1, 21.7, 27.1, 21.7]	[right, right, front, left]	[815.0947, 557.7436, 573.0510, 859.7506]
19   	91408.29    	0.081   	0.9986  	[27.1, 21.7, 27.1, 21.7]	[right, right, front, left]	[900.2208, 474.5035, 698.1020, 677.1706]
20   	84497.37    	0.074   	0.9986  	[27.1, 21.7, 27.1, 21.7]	[front, right, front, up]	[627.2964, 379.3899, 786.6870, 450.9953]
21   	77491.52    	0.067   	0.9986  	[27.1, 21.7, 27.1, 27.1]	[right, right, front, left]	[336.0280, 349.2814, 754.0848, 355.4090]
22   	70836.95    	0.061   	0.9997  	[27.1, 21.7, 27.1, 27.1]	[down, right, right, left]	[232.1014, 428.8078, 563.1849, 481.6658]
23   	64680.47    	0.056   	0.9997  	[21.7, 21.7, 27.1, 27.1]	[front, right, right, left]	[147.0697, 778.4225, 428.9210, 707.4655]
24   	59027.99    	0.051   	0.9997  	[21.7, 21.7, 27.1, 27.1]	[right, right, right, front]	[65.6360, 1044.5092, 415.0739, 720.7686]
25   	53915.62    	0.046   	0.9997  	[21.7, 21.7, 27.1, 27.1]	[down, right, right, front]	[38.3117, 1176.9972, 408.5540, 737.3788]
26   	49346.92    	0.041   	0.9997  	[16.2, 21.7, 27.1, 27.1]	[front, right, right, front]	[28.8825, 1020.4024, 384.1088, 767.9571]
27   	44799.88    	0.037   	1.0000  	[16.2, 21.7, 27.1, 27.1]	[hover, front, right, front]	[18.3315, 801.5189, 327.2585, 776.2304]
28   	40198.86    	0.033   	1.0000  	[16.2, 21.7, 27.1, 27.1]	[back, front, right, front]	[12.3369, 690.0335, 181.2355, 796.5346]
29   	35852.03    	0.029   	1.0000  	[16.2, 21.7, 27.1, 27.1]	[back, front, down, front]	[11.2898, 525.9538, 92.1082, 837.1230]
30   	31804.49    	0.026   	1.0000  	[16.2, 21.7, 21.7, 27.1]	[back, front, front, left]	[14.2308, 379.3253, 53.3055, 768.5981]
31   	28211.72    	0.023   	1.0000  	[16.2, 21.7, 21.7, 27.1]	[back, front, right, front]	[26.2013, 234.7176, 50.8442, 687.8750]
32   	25034.77    	0.021   	1.0000  	[16.2, 21.7, 21.7, 27.1]	[back, front, front, left]	[76.9796, 181.6422, 29.7398, 435.8391]
33   	21818.26    	0.018   	1.0000  	[16.2, 21.7, 21.7, 27.1]	[back, front, front, hover]	[341.7791, 280.2408, 15.7149, 225.2721]
34   	18675.88    	0.016   	1.0000  	[16.2, 21.7, 21.7, 27.1]	[back, front, down, hover]	[696.2077, 304.5925, 9.2270, 102.1495]
35   	16109.91    	0.014   	1.0000  	[16.2, 21.7, 16.2, 27.1]	[back, front, right, right]	[899.3235, 287.2049, 9.8922, 52.0498]
36   	14224.48    	0.013   	1.0000  	[16.2, 21.7, 16.2, 27.1]	[back, hover, down, back]	[997.6375, 124.5288, 5.9752, 37.6958]
37   	12768.82    	0.012   	1.0000  	[16.2, 21.7, 10.8, 27.1]	[back, hover, right, back]	[1019.2558, 49.4666, 6.1430, 45.9124]
38   	11674.19    	0.011   	1.0000  	[16.2, 21.7, 10.8, 27.1]	[back, left, back, back]	[963.9300, 21.0775, 4.6111, 51.2643]
39   	11153.28    	0.010   	1.0000  	[16.2, 21.7, 10.8, 27.1]	[hover, left, back, back]	[367.9228, 12.9890, 4.0225, 60.5964]
40   	10858.70    	0.010   	1.0000  	[16.2, 21.7, 10.8, 27.1]	[hover, left, front, back]	[99.3169, 11.7595, 3.4190, 74.3974]
41   	10585.71    	0.010   	1.0000  	[16.2, 21.7, 10.8, 27.1]	[left, left, hover, back]	[31.9044, 12.3110, 2.5732, 99.7076]
42   	10334.09    	0.009   	1.0000  	[16.2, 21.7, 10.8, 27.1]	[left, left, up, back]	[24.8940, 10.9781, 2.7586, 95.0887]
43   	10188.48    	0.009   	1.0000  	[16.2, 21.7, 16.2, 27.1]	[left, left, left, left]	[24.2229, 12.7531, 3.8261, 50.6279]
44   	10064.94    	0.009   	1.0000  	[16.2, 21.7, 16.2, 27.1]	[left, left, left, down]	[21.5184, 41.0244, 5.2008, 28.2396]
45   	9867.07     	0.009   	1.0000  	[16.2, 21.7, 16.2, 21.7]	[left, left, left, back]	[19.4852, 124.7778, 5.5155, 33.6370]
46   	9667.88     	0.009   	1.0000  	[16.2, 21.7, 16.2, 21.7]	[left, left, left, left]	[16.6783, 136.0200, 5.8792, 17.7866]
47   	9546.83     	0.008   	1.0000  	[16.2, 21.7, 16.2, 21.7]	[left, left, left, down]	[19.2066, 63.8146, 6.9668, 13.1212]
48   	9412.44     	0.008   	1.0000  	[16.2, 21.7, 16.2, 16.2]	[left, down, left, back]	[33.8303, 34.4834, 11.7101, 10.7785]
49   	9221.09     	0.008   	1.0000  	[16.2, 16.2, 16.2, 16.2]	[left, front, left, left]	[54.6191, 17.1273, 11.6653, 6.0355]
50   	8943.43     	0.008   	1.0000  	[16.2, 16.2, 16.2, 16.2]	[up, left, left, down]	[94.6401, 6.8171, 17.8556, 5.9478]
51   	8770.39     	0.008   	1.0000  	[21.7, 16.2, 16.2, 10.8]	[front, back, left, hover]	[62.4076, 4.0734, 25.5684, 5.6268]
52   	8631.51     	0.007   	1.0000  	[21.7, 16.2, 16.2, 10.8]	[hover, back, left, hover]	[25.3633, 4.1905, 47.6751, 6.3406]
53   	8443.46     	0.007   	1.0000  	[21.7, 16.2, 16.2, 10.8]	[front, back, left, front]	[12.8592, 4.4285, 104.7621, 5.1019]
54   	8214.00     	0.007   	1.0000  	[21.7, 16.2, 16.2, 10.8]	[front, down, left, up]	[8.6345, 3.1666, 172.3833, 5.7940]
55   	8111.39     	0.007   	1.0000  	[21.7, 10.8, 16.2, 16.2]	[front, back, front, hover]	[10.8687, 3.4488, 74.3615, 5.7889]
56   	8045.90     	0.007   	1.0000  	[21.7, 10.8, 16.2, 16.2]	[front, hover, hover, hover]	[12.7060, 3.5984, 27.9680, 6.0356]
57   	7976.69     	0.007   	1.0000  	[21.7, 10.8, 16.2, 16.2]	[front, hover, back, hover]	[17.0032, 3.0134, 14.8772, 5.3426]
58   	7865.58     	0.007   	1.0000  	[21.7, 10.8, 16.2, 16.2]	[front, hover, back, hover]	[25.5525, 2.3708, 9.8717, 5.0233]
59   	7628.41     	0.006   	1.0000  	[21.7, 10.8, 16.2, 16.2]	[front, left, left, hover]	[44.2234, 1.8036, 6.7003, 4.4077]
60   	7221.74     	0.006   	1.0000  	[21.7, 10.8, 16.2, 16.2]	[front, back, down, hover]	[95.0727, 1.6672, 6.3587, 3.4920]
61   	6823.10     	0.006   	1.0000  	[21.7, 10.8, 10.8, 16.2]	[front, back, back, right]	[154.2593, 0.8090, 7.5336, 3.0610]
62   	6564.00     	0.006   	1.0000  	[21.7, 10.8, 10.8, 16.2]	[front, back, back, back]	[87.9078, 4.2798, 11.3850, 3.4322]
63   	6463.21     	0.005   	1.0000  	[21.7, 10.8, 10.8, 16.2]	[down, back, back, front]	[54.2942, 8.1569, 14.3983, 2.5501]
64   	6368.66     	0.005   	1.0000  	[16.2, 10.8, 10.8, 16.2]	[left, back, back, right]	[43.7037, 6.8393, 20.3411, 1.8816]
65   	6303.77     	0.005   	1.0000  	[16.2, 10.8, 10.8, 16.2]	[hover, back, back, up]	[18.4649, 15.8837, 18.1487, 2.6037]
66   	6226.97     	0.005   	1.0000  	[16.2, 10.8, 10.8, 21.7]	[hover, back, back, right]	[9.9476, 46.1377, 18.7697, 3.4414]
67   	6079.92     	0.005   	1.0000  	[16.2, 10.8, 10.8, 21.7]	[hover, back, back, right]	[7.0712, 119.0075, 25.1762, 4.4164]
68   	5972.85     	0.005   	1.0000  	[16.2, 10.8, 10.8, 21.7]	[back, right, back, right]	[5.7450, 30.1337, 43.0597, 6.4408]
69   	5834.06     	0.005   	1.0000  	[16.2, 10.8, 10.8, 21.7]	[back, right, back, right]	[4.4440, 6.6953, 58.8874, 12.7601]
70   	5551.51     	0.005   	1.0000  	[16.2, 10.8, 10.8, 21.7]	[hover, up, back, right]	[4.1326, 3.0509, 90.7749, 25.5683]
71   	5253.72     	0.004   	1.0000  	[16.2, 16.2, 10.8, 21.7]	[hover, front, back, right]	[4.1986, 2.3729, 116.2346, 47.1563]
72   	5098.76     	0.004   	1.0000  	[16.2, 16.2, 10.8, 21.7]	[right, front, back, right]	[3.5989, 3.2094, 36.3576, 70.9620]
73   	4909.16     	0.004   	1.0000  	[16.2, 16.2, 10.8, 21.7]	[right, front, right, right]	[4.9154, 3.8944, 17.6387, 116.0006]
74   	4703.13     	0.004   	1.0000  	[16.2, 16.2, 10.8, 21.7]	[right, front, up, right]	[5.4200, 4.0990, 17.3824, 135.4721]
75   	4601.94     	0.004   	1.0000  	[16.2, 16.2, 16.2, 21.7]	[right, down, right, hover]	[7.3007, 4.1844, 13.0232, 59.1068]
76   	4550.04     	0.004   	1.0000  	[16.2, 10.8, 16.2, 21.7]	[front, right, right, hover]	[7.4120, 3.1253, 12.2496, 20.9605]
77   	4503.18     	0.004   	1.0000  	[16.2, 10.8, 16.2, 21.7]	[front, right, right, hover]	[15.4542, 2.8102, 11.1389, 8.8183]
78   	4474.35     	0.004   	1.0000  	[16.2, 10.8, 16.2, 21.7]	[right, right, right, hover]	[7.0753, 5.2655, 10.6090, 4.3423]
79   	4450.39     	0.003   	1.0000  	[16.2, 10.8, 16.2, 21.7]	[right, up, front, hover]	[4.1597, 5.9894, 8.4565, 3.5592]
80   	4428.29     	0.003   	1.0000  	[16.2, 16.2, 16.2, 21.7]	[right, front, front, down]	[5.4928, 4.9639, 9.5744, 2.5482]
81   	4403.83     	0.003   	1.0000  	[16.2, 16.2, 16.2, 16.2]	[back, hover, hover, right]	[5.5274, 3.8997, 10.3150, 2.5812]
82   	4378.77     	0.003   	1.0000  	[16.2, 16.2, 16.2, 16.2]	[right, hover, right, back]	[4.5867, 4.1304, 9.2948, 3.3063]
83   	4349.46     	0.003   	1.0000  	[16.2, 16.2, 16.2, 16.2]	[right, right, right, down]	[5.3307, 3.1335, 13.9977, 2.6085]
84   	4310.78     	0.003   	1.0000  	[16.2, 16.2, 16.2, 10.8]	[right, back, right, right]	[7.9035, 3.5441, 17.3944, 3.0912]
85   	4243.87     	0.003   	1.0000  	[16.2, 16.2, 16.2, 10.8]	[front, right, right, front]	[5.8073, 3.8572, 32.8987, 1.7346]
86   	4125.46     	0.003   	1.0000  	[16.2, 16.2, 16.2, 10.8]	[back, up, right, back]	[5.4244, 3.5207, 57.2191, 0.8977]
87   	3921.11     	0.003   	1.0000  	[16.2, 21.7, 16.2, 10.8]	[front, back, right, back]	[4.5920, 4.0126, 87.8235, 0.9719]
88   	3743.92     	0.003   	1.0000  	[16.2, 21.7, 16.2, 10.8]	[hover, right, right, left]	[4.8426, 4.9543, 74.8384, 0.6668]
89   	3666.81     	0.003   	1.0000  	[16.2, 21.7, 16.2, 10.8]	[hover, right, front, back]	[4.4975, 5.8214, 27.8251, 0.9922]
90   	3603.09     	0.003   	1.0000  	[16.2, 21.7, 16.2, 10.8]	[hover, up, back, right]	[3.3724, 8.5051, 15.2554, 0.5683]
91   	3494.45     	0.003   	1.0000  	[16.2, 27.1, 16.2, 10.8]	[front, right, hover, front]	[3.2676, 17.8178, 7.2619, 0.2065]
92   	3355.36     	0.003   	1.0000  	[16.2, 27.1, 16.2, 10.8]	[hover, right, front, back]	[3.0128, 24.1685, 4.9259, 0.1916]
93   	3286.40     	0.002   	1.0000  	[16.2, 27.1, 16.2, 10.8]	[hover, hover, front, left]	[1.9314, 11.5700, 5.7052, 0.1620]
94   	3255.21     	0.002   	1.0000  	[16.2, 27.1, 16.2, 10.8]	[left, hover, hover, right]	[1.6138, 5.6961, 3.7995, 0.3075]
95   	3237.38     	0.002   	1.0000  	[16.2, 27.1, 16.2, 10.8]	[up, hover, back, right]	[1.4965, 3.8265, 3.3039, 0.3284]
96   	3229.50     	0.002   	1.0000  	[21.7, 27.1, 16.2, 10.8]	[back, down, down, front]	[1.5168, 3.3773, 3.6139, 0.1355]
97   	3221.33     	0.002   	1.0000  	[21.7, 21.7, 10.8, 10.8]	[left, right, left, hover]	[1.9653, 3.9800, 2.9987, 0.4091]
98   	3207.34     	0.002   	1.0000  	[21.7, 21.7, 10.8, 10.8]	[down, back, back, hover]	[1.9994, 4.3029, 3.7571, 0.5686]
99   	3198.53     	0.002   	1.0000  	[16.2, 21.7, 10.8, 10.8]	[back, front, hover, hover]	[1.7633, 3.8956, 2.5065, 0.1684]
[2025-12-18T15:03:43]
Strategy: greedy_ig
Pairwise: biased
News mode: IGd
Num agents: 4
Iteration: 4
Error margin: None
Gaussian radius 5 
Grid info: range: 0-50-50, cell_size:0.125, map shape: (400, 400), center:True
init UAV positions: [(-10.0, 0.0, 5.4), (-20.0, 0.0, 5.4), (15.0, -20.0, 5.4), (5.0, 15.0, 5.4)]
mcts_params: {}
Step	Entropy	MSE	Coverage	Heights	Actions	IGs
------------------------------------------------------------------------------------------------------------------------
0    	160000.00   	0.250   	0.0000  	[5.4, 5.4, 5.4, 5.4]	[-, -, -, -]	[-, -, -, -]
1    	158644.25   	0.238   	0.0625  	[5.4, 5.4, 5.4, 5.4]	[up, up, up, up]	[3904.5582, 3100.6786, 3514.1024, 3904.5582]
2    	156805.65   	0.225   	0.2250  	[10.8, 10.8, 10.8, 10.8]	[up, up, up, up]	[3157.5081, 1716.7040, 2678.8427, 3723.6119]
3    	154604.28   	0.213   	0.4256  	[16.2, 16.2, 16.2, 16.2]	[up, right, front, up]	[2281.0266, 1199.9949, 2048.3391, 2715.0034]
4    	152155.36   	0.202   	0.5850  	[21.7, 16.2, 16.2, 21.7]	[up, right, up, back]	[1642.4996, 1025.9060, 1687.4188, 1885.8158]
5    	149487.61   	0.191   	0.7253  	[27.1, 16.2, 21.7, 21.7]	[back, right, front, up]	[1079.4646, 920.5368, 1574.5890, 1434.9298]
6    	146121.10   	0.180   	0.8314  	[27.1, 16.2, 21.7, 27.1]	[back, up, front, back]	[822.1941, 965.4301, 1298.3973, 1112.7865]
7    	143351.39   	0.172   	0.8712  	[27.1, 21.7, 21.7, 27.1]	[back, front, front, right]	[660.8940, 915.8601, 1111.0839, 843.3034]
8    	140591.87   	0.163   	0.9353  	[27.1, 21.7, 21.7, 27.1]	[right, front, front, back]	[675.6100, 1015.2272, 911.2759, 599.1013]
9    	137594.23   	0.155   	0.9525  	[27.1, 21.7, 21.7, 27.1]	[right, front, front, back]	[676.7535, 1107.8180, 684.1851, 411.5351]
10   	134279.86   	0.147   	0.9697  	[27.1, 21.7, 21.7, 27.1]	[right, front, front, back]	[646.3310, 1247.7709, 538.3246, 360.0538]
11   	130448.90   	0.139   	0.9869  	[27.1, 21.7, 21.7, 27.1]	[right, right, front, back]	[558.4927, 1102.7541, 604.6140, 366.1471]
12   	126311.42   	0.131   	0.9884  	[27.1, 21.7, 21.7, 27.1]	[right, right, front, right]	[384.7530, 1067.6129, 741.9160, 261.4961]
13   	121861.31   	0.124   	0.9900  	[27.1, 21.7, 21.7, 27.1]	[right, right, front, back]	[368.5390, 987.4888, 716.4077, 164.6831]
14   	117408.80   	0.117   	0.9916  	[27.1, 21.7, 21.7, 27.1]	[back, right, left, right]	[199.8946, 884.0879, 638.9882, 147.2973]
15   	113691.62   	0.113   	0.9916  	[27.1, 21.7, 21.7, 27.1]	[back, right, front, back]	[142.1673, 636.9509, 394.1313, 173.2378]
16   	110256.85   	0.109   	0.9927  	[27.1, 21.7, 21.7, 27.1]	[right, back, left, right]	[54.3130, 541.8723, 470.6595, 94.5281]
17   	106774.55   	0.105   	0.9927  	[27.1, 21.7, 21.7, 27.1]	[back, back, left, right]	[44.3729, 455.2822, 585.5373, 63.4873]
18   	103207.31   	0.101   	0.9927  	[27.1, 21.7, 21.7, 27.1]	[back, right, left, left]	[28.8276, 549.9779, 839.8254, 36.9102]
19   	99958.13    	0.098   	0.9927  	[27.1, 21.7, 21.7, 27.1]	[down, right, left, left]	[15.0869, 750.0536, 1070.4108, 36.5904]
20   	96770.03    	0.094   	0.9927  	[21.7, 21.7, 21.7, 27.1]	[right, back, left, left]	[20.4367, 709.8967, 1204.8429, 61.7247]
21   	93468.71    	0.090   	0.9927  	[21.7, 21.7, 21.7, 27.1]	[down, back, left, left]	[14.7351, 709.6763, 1286.4199, 116.8398]
22   	89760.51    	0.085   	0.9927  	[16.2, 21.7, 21.7, 27.1]	[right, back, left, left]	[17.4448, 632.7104, 1354.9375, 275.5116]
23   	85342.56    	0.080   	0.9927  	[16.2, 21.7, 21.7, 27.1]	[front, back, back, left]	[15.2876, 579.6220, 1292.2175, 419.4344]
24   	80149.90    	0.074   	0.9927  	[16.2, 21.7, 21.7, 27.1]	[front, back, back, left]	[15.7688, 572.1556, 1232.7039, 576.4496]
25   	74314.98    	0.068   	0.9927  	[16.2, 21.7, 21.7, 27.1]	[front, back, back, left]	[19.0104, 567.9625, 1177.2239, 680.3183]
26   	69468.18    	0.063   	0.9927  	[16.2, 21.7, 21.7, 27.1]	[front, left, left, left]	[34.1953, 496.6004, 1011.8278, 738.2189]
27   	65002.46    	0.058   	0.9941  	[16.2, 21.7, 21.7, 27.1]	[front, left, back, left]	[134.2768, 501.3081, 865.3948, 535.5875]
28   	60382.43    	0.053   	0.9941  	[16.2, 21.7, 21.7, 27.1]	[front, left, back, front]	[310.2946, 483.0045, 675.3459, 275.5383]
29   	55124.90    	0.048   	0.9941  	[16.2, 21.7, 21.7, 27.1]	[front, left, back, front]	[881.1131, 435.9166, 399.8923, 175.8491]
30   	49481.18    	0.043   	0.9941  	[16.2, 21.7, 21.7, 27.1]	[front, left, back, front]	[1199.7110, 380.4204, 360.6047, 236.8830]
31   	43742.50    	0.037   	0.9941  	[16.2, 21.7, 21.7, 27.1]	[front, left, back, front]	[1306.8469, 299.3465, 390.1736, 338.4618]
32   	38283.15    	0.032   	0.9945  	[16.2, 21.7, 21.7, 27.1]	[front, left, back, front]	[1335.4979, 171.8229, 188.5645, 453.1173]
33   	33642.57    	0.028   	0.9969  	[16.2, 21.7, 21.7, 27.1]	[front, front, right, front]	[1337.8322, 92.3952, 279.0958, 487.5521]
34   	29696.56    	0.024   	0.9992  	[16.2, 21.7, 21.7, 27.1]	[up, left, right, front]	[1356.6163, 121.2162, 270.9451, 393.4812]
35   	26660.06    	0.022   	1.0000  	[21.7, 21.7, 21.7, 27.1]	[left, back, down, down]	[1148.0943, 135.8344, 152.3708, 307.9312]
36   	24529.83    	0.020   	1.0000  	[21.7, 21.7, 16.2, 21.7]	[left, left, back, front]	[868.1866, 94.0577, 90.0219, 185.9877]
37   	22952.44    	0.019   	1.0000  	[21.7, 21.7, 16.2, 21.7]	[left, left, right, left]	[683.8922, 36.4619, 43.1439, 141.9299]
38   	21528.01    	0.018   	1.0000  	[21.7, 21.7, 16.2, 21.7]	[left, left, right, left]	[654.1698, 15.7643, 17.7248, 64.6246]
39   	20155.62    	0.016   	1.0000  	[21.7, 21.7, 16.2, 21.7]	[left, down, front, down]	[640.8285, 7.7209, 10.1385, 43.1009]
40   	18849.91    	0.015   	1.0000  	[21.7, 16.2, 16.2, 16.2]	[left, back, front, front]	[638.9796, 7.9925, 7.8002, 31.6004]
41   	17528.27    	0.014   	1.0000  	[21.7, 16.2, 16.2, 16.2]	[left, right, front, back]	[595.0517, 4.7778, 8.6744, 15.8515]
42   	16250.14    	0.014   	1.0000  	[21.7, 16.2, 16.2, 16.2]	[left, down, right, hover]	[492.4038, 3.4185, 6.5972, 10.0245]
43   	15030.94    	0.013   	1.0000  	[21.7, 10.8, 16.2, 16.2]	[left, front, back, back]	[416.8763, 4.1394, 5.6145, 7.4816]
44   	14092.75    	0.012   	1.0000  	[21.7, 10.8, 16.2, 16.2]	[left, hover, right, down]	[324.1271, 2.8282, 4.8945, 8.7737]
45   	13657.25    	0.011   	1.0000  	[21.7, 10.8, 16.2, 10.8]	[hover, hover, hover, left]	[247.8492, 1.6747, 4.0842, 8.3872]
46   	13493.64    	0.011   	1.0000  	[21.7, 10.8, 16.2, 10.8]	[hover, hover, back, back]	[95.6598, 0.7477, 3.9805, 6.6015]
47   	13427.01    	0.011   	1.0000  	[21.7, 10.8, 16.2, 10.8]	[hover, up, back, back]	[33.9213, 0.6376, 3.5708, 9.1951]
48   	13387.28    	0.011   	1.0000  	[21.7, 16.2, 16.2, 10.8]	[front, back, front, back]	[15.1004, 1.2862, 3.0678, 13.6181]
49   	13359.03    	0.011   	1.0000  	[21.7, 16.2, 16.2, 10.8]	[back, down, hover, back]	[8.6742, 0.8861, 2.5823, 12.3935]
50   	13327.22    	0.011   	1.0000  	[21.7, 10.8, 16.2, 10.8]	[back, hover, front, back]	[9.3755, 0.9071, 1.8932, 15.7846]
51   	13272.33    	0.011   	1.0000  	[21.7, 10.8, 16.2, 10.8]	[back, left, front, back]	[14.0531, 1.0210, 2.1653, 22.0892]
52   	13188.64    	0.011   	1.0000  	[21.7, 10.8, 16.2, 10.8]	[back, hover, up, back]	[16.4875, 0.5803, 1.4443, 32.3801]
53   	13066.79    	0.010   	1.0000  	[21.7, 10.8, 21.7, 10.8]	[back, back, right, back]	[18.8540, 0.2956, 2.3935, 56.8645]
54   	12889.85    	0.010   	1.0000  	[21.7, 10.8, 21.7, 10.8]	[back, hover, right, back]	[22.3589, 0.2619, 2.7076, 78.6999]
55   	12601.80    	0.010   	1.0000  	[21.7, 10.8, 21.7, 10.8]	[back, front, up, back]	[35.9832, 0.0642, 4.4308, 154.9840]
56   	12371.26    	0.010   	1.0000  	[21.7, 10.8, 27.1, 10.8]	[back, front, back, back]	[63.6058, 0.1337, 4.1482, 56.4862]
57   	12052.45    	0.010   	1.0000  	[21.7, 10.8, 27.1, 10.8]	[back, front, down, right]	[115.9812, 0.3059, 2.8599, 19.4844]
58   	11882.67    	0.009   	1.0000  	[21.7, 10.8, 21.7, 10.8]	[hover, up, right, right]	[55.2548, 0.2507, 3.2580, 17.5651]
59   	11804.51    	0.009   	1.0000  	[21.7, 16.2, 21.7, 10.8]	[back, front, back, right]	[20.8399, 0.6470, 3.0030, 10.4339]
60   	11753.63    	0.009   	1.0000  	[21.7, 16.2, 21.7, 10.8]	[hover, front, down, right]	[13.2096, 1.8140, 2.9190, 8.7627]
61   	11695.50    	0.009   	1.0000  	[21.7, 16.2, 16.2, 10.8]	[down, front, right, front]	[9.8707, 14.6213, 2.5857, 8.5731]
62   	11545.06    	0.009   	1.0000  	[16.2, 16.2, 16.2, 10.8]	[left, front, left, right]	[11.9362, 102.4351, 2.2724, 9.6808]
63   	11360.82    	0.009   	1.0000  	[16.2, 16.2, 16.2, 10.8]	[left, front, back, front]	[11.1483, 146.6250, 2.0210, 10.0574]
64   	11171.74    	0.009   	1.0000  	[16.2, 16.2, 16.2, 10.8]	[hover, front, right, up]	[8.4975, 170.2755, 2.0894, 6.6118]
65   	10953.99    	0.008   	1.0000  	[16.2, 16.2, 16.2, 16.2]	[down, front, down, front]	[5.7509, 222.2817, 2.3998, 10.0280]
66   	10626.95    	0.008   	1.0000  	[10.8, 16.2, 10.8, 16.2]	[hover, front, right, right]	[4.7909, 333.2104, 1.4194, 9.3260]
67   	10497.67    	0.008   	1.0000  	[10.8, 16.2, 10.8, 16.2]	[front, right, back, right]	[5.9454, 117.4805, 1.4497, 9.6911]
68   	10456.71    	0.008   	1.0000  	[10.8, 16.2, 10.8, 16.2]	[back, right, left, right]	[3.9116, 29.0778, 1.0175, 11.1071]
69   	10432.90    	0.008   	1.0000  	[10.8, 16.2, 10.8, 16.2]	[up, hover, right, right]	[2.2014, 8.1552, 0.8752, 10.9254]
70   	10415.97    	0.008   	1.0000  	[16.2, 16.2, 10.8, 16.2]	[right, hover, hover, back]	[3.0255, 3.0552, 0.9443, 10.6523]
71   	10399.43    	0.008   	1.0000  	[16.2, 16.2, 10.8, 16.2]	[right, back, hover, right]	[3.0505, 2.1442, 0.3882, 11.0234]
72   	10383.94    	0.008   	1.0000  	[16.2, 16.2, 10.8, 16.2]	[right, back, hover, right]	[3.5393, 1.7136, 0.4456, 10.1769]
73   	10367.01    	0.008   	1.0000  	[16.2, 16.2, 10.8, 16.2]	[right, down, right, right]	[5.0507, 1.9166, 0.7186, 10.6963]
74   	10348.68    	0.008   	1.0000  	[16.2, 10.8, 10.8, 16.2]	[right, left, hover, hover]	[6.2521, 1.4978, 0.4366, 9.4675]
75   	10330.86    	0.008   	1.0000  	[16.2, 10.8, 10.8, 16.2]	[right, hover, hover, hover]	[6.5250, 0.6990, 0.1256, 7.5884]
76   	10314.86    	0.008   	1.0000  	[16.2, 10.8, 10.8, 16.2]	[front, back, hover, hover]	[7.2844, 0.2872, 0.2688, 6.8308]
77   	10299.18    	0.008   	1.0000  	[16.2, 10.8, 10.8, 16.2]	[front, front, hover, left]	[7.9923, 0.6419, 0.2598, 6.6722]
78   	10285.08    	0.008   	1.0000  	[16.2, 10.8, 10.8, 16.2]	[right, back, left, hover]	[6.6318, 0.3900, 0.1050, 4.5324]
79   	10274.50    	0.008   	1.0000  	[16.2, 10.8, 10.8, 16.2]	[down, front, hover, front]	[7.6273, 0.3878, 0.0214, 4.4505]
80   	10262.94    	0.008   	1.0000  	[10.8, 10.8, 10.8, 16.2]	[hover, hover, left, right]	[5.3889, 0.3463, 0.0154, 3.9510]
81   	10256.06    	0.008   	1.0000  	[10.8, 10.8, 10.8, 16.2]	[hover, back, left, hover]	[4.4485, 0.1598, 0.0244, 3.4867]
82   	10250.52    	0.008   	1.0000  	[10.8, 10.8, 10.8, 16.2]	[up, front, left, right]	[2.6740, 0.1790, 0.2605, 2.9553]
83   	10243.14    	0.008   	1.0000  	[16.2, 10.8, 10.8, 16.2]	[up, back, left, hover]	[2.9392, 0.2919, 0.6061, 2.7426]
84   	10233.41    	0.007   	1.0000  	[21.7, 10.8, 10.8, 16.2]	[right, hover, left, hover]	[3.0392, 0.3893, 0.4828, 2.6166]
85   	10224.34    	0.007   	1.0000  	[21.7, 10.8, 10.8, 16.2]	[back, front, hover, hover]	[2.4856, 0.1679, 0.3663, 2.1880]
86   	10216.00    	0.007   	1.0000  	[21.7, 10.8, 10.8, 16.2]	[right, left, left, hover]	[2.4562, 0.0377, 0.1672, 1.8975]
87   	10206.75    	0.007   	1.0000  	[21.7, 10.8, 10.8, 16.2]	[right, hover, left, back]	[2.2860, 0.0072, 0.6442, 1.2729]
88   	10198.56    	0.007   	1.0000  	[21.7, 10.8, 10.8, 16.2]	[front, hover, left, left]	[2.4882, 0.0013, 0.8559, 1.3087]
89   	10189.60    	0.007   	1.0000  	[21.7, 10.8, 10.8, 16.2]	[right, hover, left, back]	[2.3800, 0.0003, 1.6206, 1.0251]
90   	10179.34    	0.007   	1.0000  	[21.7, 10.8, 10.8, 16.2]	[hover, hover, left, left]	[2.4022, 0.0000, 6.0925, 0.8905]
91   	10148.63    	0.007   	1.0000  	[21.7, 10.8, 10.8, 16.2]	[hover, hover, left, down]	[2.1334, 0.0000, 25.3721, 1.3146]
92   	10065.09    	0.007   	1.0000  	[21.7, 10.8, 10.8, 10.8]	[back, front, left, hover]	[3.0405, -0.0000, 77.5625, 1.0936]
93   	9893.17     	0.007   	1.0000  	[21.7, 10.8, 10.8, 10.8]	[hover, front, left, hover]	[2.9849, 0.0001, 167.2347, 1.4346]
94   	9850.01     	0.007   	1.0000  	[21.7, 10.8, 10.8, 10.8]	[down, front, hover, hover]	[2.8345, 0.0459, 36.2680, 1.2840]
95   	9840.31     	0.007   	1.0000  	[16.2, 10.8, 10.8, 10.8]	[hover, right, front, back]	[2.5672, 0.0123, 8.8655, 1.2271]
96   	9829.13     	0.007   	1.0000  	[16.2, 10.8, 10.8, 10.8]	[right, right, front, hover]	[2.7345, 0.0017, 9.7139, 1.0417]
97   	9823.17     	0.007   	1.0000  	[16.2, 10.8, 10.8, 10.8]	[back, right, front, hover]	[2.8470, 0.0002, 7.5581, 1.0361]
98   	9814.65     	0.007   	1.0000  	[16.2, 10.8, 10.8, 10.8]	[hover, right, front, hover]	[2.4362, 0.0480, 7.3182, 0.5748]
99   	9805.53     	0.007   	1.0000  	[16.2, 10.8, 10.8, 10.8]	[hover, right, hover, hover]	[2.5892, 2.2962, 4.8820, 0.8225]
[2025-12-18T15:03:53]
Strategy: greedy_ig
Pairwise: biased
News mode: IGd
Num agents: 4
Iteration: 5
Error margin: None
Gaussian radius 5 
Grid info: range: 0-50-50, cell_size:0.125, map shape: (400, 400), center:True
init UAV positions: [(-25.0, -5.0, 5.4), (-10.0, 20.0, 5.4), (10.0, -15.0, 5.4), (0.0, 0.0, 5.4)]
mcts_params: {}
Step	Entropy	MSE	Coverage	Heights	Actions	IGs
------------------------------------------------------------------------------------------------------------------------
0    	160000.00   	0.250   	0.0000  	[5.4, 5.4, 5.4, 5.4]	[-, -, -, -]	[-, -, -, -]
1    	158882.99   	0.239   	0.0547  	[5.4, 5.4, 5.4, 5.4]	[up, up, up, up]	[1952.2791, 3514.1024, 3904.5582, 3904.5582]
2    	157528.19   	0.227   	0.2125  	[10.8, 10.8, 10.8, 10.8]	[up, up, up, up]	[1897.4051, 2653.9137, 3776.7416, 3605.5819]
3    	155642.32   	0.214   	0.4462  	[16.2, 16.2, 16.2, 16.2]	[up, up, up, up]	[1796.8411, 2183.8552, 2698.7086, 2830.2698]
4    	152947.12   	0.201   	0.6850  	[21.7, 21.7, 21.7, 21.7]	[right, back, front, up]	[1652.9542, 1685.2592, 1867.1401, 1694.2776]
5    	149834.35   	0.190   	0.7436  	[21.7, 21.7, 21.7, 27.1]	[right, back, up, right]	[1279.8367, 1234.9065, 1336.8511, 1022.9793]
6    	146317.85   	0.179   	0.8098  	[21.7, 21.7, 27.1, 27.1]	[right, up, front, right]	[1104.9413, 1031.1295, 941.1193, 638.7865]
7    	142704.59   	0.170   	0.8583  	[21.7, 27.1, 27.1, 27.1]	[back, back, front, front]	[1043.3966, 1031.5976, 554.4594, 490.6021]
8    	139204.78   	0.161   	0.9067  	[21.7, 27.1, 27.1, 27.1]	[back, back, front, front]	[1058.0910, 824.9451, 480.3154, 442.1065]
9    	135425.09   	0.152   	0.9552  	[21.7, 27.1, 27.1, 27.1]	[right, back, front, front]	[1010.1857, 605.0367, 422.5921, 482.7495]
10   	131126.64   	0.144   	0.9794  	[21.7, 27.1, 27.1, 27.1]	[right, back, front, left]	[927.4350, 541.5834, 406.1744, 320.7466]
11   	126315.68   	0.136   	0.9833  	[21.7, 27.1, 27.1, 27.1]	[right, back, front, left]	[821.8502, 494.0286, 434.0710, 311.1234]
12   	121630.45   	0.128   	0.9872  	[21.7, 27.1, 27.1, 27.1]	[right, back, front, left]	[783.8885, 516.3694, 480.7448, 375.2742]
13   	116899.87   	0.120   	0.9903  	[21.7, 27.1, 27.1, 27.1]	[right, back, left, left]	[805.7708, 570.0125, 456.7855, 461.2587]
14   	112093.05   	0.112   	0.9903  	[21.7, 27.1, 27.1, 27.1]	[right, back, left, left]	[836.4541, 509.1049, 461.8288, 548.2580]
15   	107115.26   	0.104   	1.0000  	[21.7, 27.1, 27.1, 27.1]	[right, right, left, left]	[957.1558, 480.1860, 468.4018, 352.4867]
16   	101972.71   	0.097   	1.0000  	[21.7, 27.1, 27.1, 27.1]	[right, right, left, down]	[1030.8964, 519.8838, 430.4634, 308.7329]
17   	96756.58    	0.091   	1.0000  	[21.7, 27.1, 27.1, 21.7]	[right, right, left, front]	[1101.2050, 595.8839, 506.5818, 130.1659]
18   	91359.58    	0.085   	1.0000  	[21.7, 27.1, 27.1, 21.7]	[front, right, back, left]	[908.4148, 592.2046, 416.8880, 67.5839]
19   	85747.80    	0.079   	1.0000  	[21.7, 27.1, 27.1, 21.7]	[front, right, left, down]	[843.8643, 578.6289, 469.8711, 33.2282]
20   	80304.08    	0.073   	1.0000  	[21.7, 27.1, 27.1, 16.2]	[front, right, back, front]	[885.6223, 642.1699, 518.6379, 32.9131]
21   	75325.16    	0.068   	1.0000  	[21.7, 27.1, 27.1, 16.2]	[front, front, back, hover]	[895.5983, 523.8149, 513.0555, 19.8389]
22   	70828.39    	0.063   	1.0000  	[21.7, 27.1, 27.1, 16.2]	[front, front, back, hover]	[919.6462, 412.1555, 492.2511, 15.3257]
23   	66471.99    	0.058   	1.0000  	[21.7, 27.1, 27.1, 16.2]	[front, front, back, hover]	[959.3823, 354.6833, 542.5594, 13.0210]
24   	62170.85    	0.053   	1.0000  	[21.7, 27.1, 27.1, 16.2]	[front, front, back, hover]	[999.0836, 382.8626, 650.5835, 10.8008]
25   	58377.98    	0.049   	1.0000  	[21.7, 27.1, 27.1, 16.2]	[front, front, left, hover]	[819.4342, 405.2612, 524.0911, 9.7674]
26   	54590.17    	0.045   	1.0000  	[21.7, 27.1, 27.1, 16.2]	[left, front, back, back]	[681.9594, 342.9435, 362.5738, 8.5225]
27   	50934.81    	0.042   	1.0000  	[21.7, 27.1, 27.1, 16.2]	[left, right, left, back]	[565.8757, 291.1991, 190.9831, 18.9468]
28   	47671.01    	0.039   	1.0000  	[21.7, 27.1, 27.1, 16.2]	[left, front, down, back]	[645.8545, 280.3925, 110.7643, 41.1146]
29   	44792.47    	0.037   	1.0000  	[21.7, 27.1, 21.7, 16.2]	[left, right, back, back]	[634.4121, 219.5374, 113.4918, 113.0604]
30   	41793.33    	0.035   	1.0000  	[21.7, 27.1, 21.7, 16.2]	[left, right, back, back]	[746.2224, 135.6447, 53.1584, 536.6111]
31   	38661.42    	0.032   	1.0000  	[21.7, 27.1, 21.7, 16.2]	[left, right, down, back]	[879.7463, 68.8962, 40.7049, 752.5515]
32   	35375.85    	0.029   	1.0000  	[21.7, 27.1, 16.2, 16.2]	[left, left, left, back]	[984.3326, 35.0505, 20.4535, 803.0755]
33   	32097.77    	0.027   	1.0000  	[21.7, 27.1, 16.2, 16.2]	[left, back, front, back]	[1031.4054, 22.2457, 11.0856, 687.5337]
34   	29361.49    	0.025   	1.0000  	[21.7, 27.1, 16.2, 16.2]	[hover, back, back, back]	[548.0733, 24.2449, 7.3320, 685.4823]
35   	27242.09    	0.023   	1.0000  	[21.7, 27.1, 16.2, 16.2]	[hover, back, right, up]	[213.9220, 29.5875, 4.6188, 532.7522]
36   	25570.26    	0.021   	1.0000  	[21.7, 27.1, 16.2, 21.7]	[hover, back, front, right]	[68.3224, 38.1815, 4.0164, 422.3054]
37   	24249.29    	0.020   	1.0000  	[21.7, 27.1, 16.2, 21.7]	[hover, back, left, right]	[25.7416, 52.7059, 4.9388, 460.7166]
38   	23098.99    	0.019   	1.0000  	[21.7, 27.1, 16.2, 21.7]	[hover, back, front, right]	[12.1193, 76.0046, 6.0144, 443.2315]
39   	22022.71    	0.018   	1.0000  	[21.7, 27.1, 16.2, 21.7]	[back, back, front, right]	[8.0782, 69.0438, 8.1687, 429.5841]
40   	20967.84    	0.017   	1.0000  	[21.7, 27.1, 16.2, 21.7]	[back, right, front, right]	[6.0925, 34.1336, 13.1696, 451.9083]
41   	19916.80    	0.016   	1.0000  	[21.7, 27.1, 16.2, 21.7]	[hover, down, front, right]	[4.7916, 16.6978, 28.0224, 480.3436]
42   	18778.23    	0.016   	1.0000  	[21.7, 21.7, 16.2, 21.7]	[hover, back, front, right]	[4.4559, 19.9491, 37.5089, 450.2552]
43   	17421.12    	0.014   	1.0000  	[21.7, 21.7, 16.2, 21.7]	[right, back, front, right]	[3.7352, 9.8187, 51.5027, 462.8193]
44   	15686.88    	0.013   	1.0000  	[21.7, 21.7, 16.2, 21.7]	[back, down, front, right]	[3.3980, 10.2525, 65.4168, 712.9069]
45   	14301.34    	0.012   	1.0000  	[21.7, 16.2, 16.2, 21.7]	[back, down, front, front]	[4.4978, 7.4929, 129.7999, 514.1359]
46   	13294.76    	0.011   	1.0000  	[21.7, 10.8, 16.2, 21.7]	[left, back, front, front]	[5.0066, 10.5295, 213.7228, 324.7073]
47   	12314.58    	0.010   	1.0000  	[21.7, 10.8, 16.2, 21.7]	[back, left, front, front]	[5.5470, 9.2991, 414.0173, 236.4951]
48   	11670.63    	0.010   	1.0000  	[21.7, 10.8, 16.2, 21.7]	[hover, left, front, front]	[5.5211, 7.9343, 181.1605, 218.7325]
49   	11212.56    	0.010   	1.0000  	[21.7, 10.8, 16.2, 21.7]	[hover, left, down, front]	[5.1165, 9.8271, 73.2894, 217.7916]
50   	10760.89    	0.009   	1.0000  	[21.7, 10.8, 10.8, 21.7]	[hover, left, left, front]	[4.6287, 13.6629, 25.6127, 239.7355]
51   	10277.40    	0.009   	1.0000  	[21.7, 10.8, 10.8, 21.7]	[hover, left, up, front]	[3.9747, 13.2602, 5.9284, 287.9321]
52   	9702.41     	0.008   	1.0000  	[21.7, 10.8, 16.2, 21.7]	[hover, up, right, front]	[3.2551, 12.5328, 8.0689, 386.3693]
53   	9383.76     	0.008   	1.0000  	[21.7, 16.2, 16.2, 21.7]	[hover, left, right, hover]	[3.2048, 12.5444, 10.1016, 191.4647]
54   	9236.75     	0.008   	1.0000  	[21.7, 16.2, 16.2, 21.7]	[hover, left, right, hover]	[2.8741, 13.0669, 8.7089, 75.9045]
55   	9158.60     	0.008   	1.0000  	[21.7, 16.2, 16.2, 21.7]	[hover, left, right, hover]	[3.1468, 16.4619, 7.7483, 28.7111]
56   	9082.63     	0.008   	1.0000  	[21.7, 16.2, 16.2, 21.7]	[front, left, right, hover]	[2.7267, 31.7987, 11.5457, 14.6836]
57   	8994.08     	0.007   	1.0000  	[21.7, 16.2, 16.2, 21.7]	[hover, left, right, hover]	[2.6368, 46.2668, 13.2855, 9.6124]
58   	8858.83     	0.007   	1.0000  	[21.7, 16.2, 16.2, 21.7]	[back, left, right, down]	[2.3239, 86.3389, 13.0669, 7.0000]
59   	8639.73     	0.007   	1.0000  	[21.7, 16.2, 16.2, 16.2]	[front, left, right, right]	[1.7826, 167.4296, 18.4012, 6.9733]
60   	8498.70     	0.007   	1.0000  	[21.7, 16.2, 16.2, 16.2]	[hover, front, right, front]	[1.6384, 67.9987, 27.9286, 6.6481]
61   	8371.70     	0.007   	1.0000  	[21.7, 16.2, 16.2, 16.2]	[right, front, right, down]	[1.2974, 31.2689, 34.3483, 3.6167]
62   	8184.05     	0.007   	1.0000  	[21.7, 16.2, 16.2, 10.8]	[up, front, right, right]	[1.4740, 19.4577, 59.3701, 2.7438]
63   	7908.02     	0.006   	1.0000  	[27.1, 16.2, 16.2, 10.8]	[hover, front, right, back]	[1.1786, 16.8929, 102.6557, 1.9491]
64   	7796.24     	0.006   	1.0000  	[27.1, 16.2, 16.2, 10.8]	[hover, hover, front, back]	[1.1065, 13.7303, 58.7355, 2.2596]
65   	7737.42     	0.006   	1.0000  	[27.1, 16.2, 16.2, 10.8]	[hover, back, back, hover]	[1.0587, 11.1714, 25.1871, 2.0752]
66   	7696.82     	0.006   	1.0000  	[27.1, 16.2, 16.2, 10.8]	[hover, front, back, hover]	[1.0375, 9.7650, 13.4288, 1.7911]
67   	7658.54     	0.006   	1.0000  	[27.1, 16.2, 16.2, 10.8]	[hover, front, back, back]	[0.8958, 8.7555, 9.2586, 1.0037]
68   	7633.38     	0.006   	1.0000  	[27.1, 16.2, 16.2, 10.8]	[back, front, hover, up]	[0.8231, 8.4298, 7.4996, 0.8313]
69   	7586.34     	0.006   	1.0000  	[27.1, 16.2, 16.2, 16.2]	[back, front, front, left]	[4.3077, 8.8756, 5.7852, 0.9413]
70   	7482.29     	0.006   	1.0000  	[27.1, 16.2, 16.2, 16.2]	[back, front, left, right]	[17.0160, 9.6416, 5.7768, 1.0180]
71   	7134.16     	0.006   	1.0000  	[27.1, 16.2, 16.2, 16.2]	[back, front, left, hover]	[178.6422, 12.4247, 5.5118, 0.4853]
72   	6673.83     	0.005   	1.0000  	[27.1, 16.2, 16.2, 16.2]	[back, front, left, left]	[156.4382, 20.1376, 5.4026, 0.3967]
73   	6341.35     	0.005   	1.0000  	[27.1, 16.2, 16.2, 16.2]	[down, front, left, front]	[133.7401, 33.9613, 5.1220, 0.5292]
74   	6131.59     	0.005   	1.0000  	[21.7, 16.2, 16.2, 16.2]	[right, front, hover, front]	[61.5651, 52.1542, 4.9816, 1.1704]
75   	6015.91     	0.005   	1.0000  	[21.7, 16.2, 16.2, 16.2]	[right, left, left, front]	[58.2654, 19.9291, 4.6572, 1.9893]
76   	5883.72     	0.005   	1.0000  	[21.7, 16.2, 16.2, 16.2]	[right, left, left, down]	[76.7748, 8.8782, 3.8802, 2.8676]
77   	5733.69     	0.004   	1.0000  	[21.7, 16.2, 16.2, 10.8]	[right, back, back, left]	[85.2514, 4.7988, 3.2707, 3.7814]
78   	5568.21     	0.004   	1.0000  	[21.7, 16.2, 16.2, 10.8]	[right, hover, back, front]	[91.9009, 4.0084, 3.1984, 3.1352]
79   	5366.57     	0.004   	1.0000  	[21.7, 16.2, 16.2, 10.8]	[right, front, right, hover]	[114.3404, 3.1184, 4.9562, 2.0281]
80   	5087.40     	0.004   	1.0000  	[21.7, 16.2, 16.2, 10.8]	[right, back, right, left]	[190.5439, 1.6465, 5.6813, 1.0852]
81   	4958.60     	0.004   	1.0000  	[21.7, 16.2, 16.2, 10.8]	[hover, back, back, up]	[84.9684, 2.3260, 6.2041, 2.1144]
82   	4898.55     	0.004   	1.0000  	[21.7, 16.2, 16.2, 16.2]	[back, back, back, left]	[36.1514, 3.3464, 5.1083, 4.6763]
83   	4862.43     	0.004   	1.0000  	[21.7, 16.2, 16.2, 16.2]	[hover, down, hover, left]	[16.3896, 3.6937, 4.5232, 4.6931]
84   	4844.10     	0.004   	1.0000  	[21.7, 10.8, 16.2, 16.2]	[hover, right, right, down]	[8.8067, 3.5273, 2.9184, 4.1558]
85   	4830.74     	0.004   	1.0000  	[21.7, 10.8, 16.2, 10.8]	[hover, back, front, back]	[6.2215, 3.7664, 2.8124, 2.4348]
86   	4817.72     	0.004   	1.0000  	[21.7, 10.8, 16.2, 10.8]	[hover, hover, right, left]	[4.7860, 2.9537, 3.3020, 3.4967]
87   	4806.20     	0.004   	1.0000  	[21.7, 10.8, 16.2, 10.8]	[hover, hover, right, up]	[3.8241, 3.0917, 4.4214, 2.4961]
88   	4787.90     	0.004   	1.0000  	[21.7, 10.8, 16.2, 16.2]	[hover, hover, right, left]	[2.9472, 3.3766, 7.1202, 2.7954]
89   	4775.53     	0.004   	1.0000  	[21.7, 10.8, 16.2, 16.2]	[down, back, back, left]	[2.5557, 2.5332, 5.3233, 3.8941]
90   	4759.71     	0.003   	1.0000  	[16.2, 10.8, 16.2, 16.2]	[right, back, hover, hover]	[3.3854, 4.1399, 4.5666, 3.6521]
91   	4747.07     	0.003   	1.0000  	[16.2, 10.8, 16.2, 16.2]	[front, back, front, left]	[3.2770, 2.8545, 4.5050, 3.1249]
92   	4734.32     	0.003   	1.0000  	[16.2, 10.8, 16.2, 16.2]	[down, back, front, up]	[2.9685, 4.8170, 3.5776, 3.6011]
93   	4723.55     	0.003   	1.0000  	[10.8, 10.8, 16.2, 21.7]	[right, hover, front, back]	[2.3003, 4.7465, 2.4210, 3.6504]
94   	4716.32     	0.003   	1.0000  	[10.8, 10.8, 16.2, 21.7]	[back, hover, left, left]	[2.2447, 3.2294, 1.8694, 3.4373]
95   	4705.73     	0.003   	1.0000  	[10.8, 10.8, 16.2, 21.7]	[back, hover, back, back]	[2.0263, 4.0263, 1.9144, 3.6394]
96   	4698.75     	0.003   	1.0000  	[10.8, 10.8, 16.2, 21.7]	[hover, hover, left, down]	[1.4467, 2.1059, 2.0311, 4.2504]
97   	4690.84     	0.003   	1.0000  	[10.8, 10.8, 16.2, 16.2]	[hover, hover, up, back]	[1.1326, 1.7115, 1.7828, 4.9623]
98   	4685.17     	0.003   	1.0000  	[10.8, 10.8, 21.7, 16.2]	[left, up, back, left]	[0.8636, 0.9484, 1.5035, 4.5958]
99   	4675.16     	0.003   	1.0000  	[10.8, 16.2, 21.7, 16.2]	[right, back, up, hover]	[0.9622, 2.1976, 1.9131, 4.9971]
[2025-12-18T15:04:04]
Strategy: greedy_ig
Pairwise: biased
News mode: IGd
Num agents: 4
Iteration: 6
Error margin: None
Gaussian radius 5 
Grid info: range: 0-50-50, cell_size:0.125, map shape: (400, 400), center:True
init UAV positions: [(-25.0, -15.0, 5.4), (-15.0, 15.0, 5.4), (20.0, -10.0, 5.4), (0.0, 20.0, 5.4)]
mcts_params: {}
Step	Entropy	MSE	Coverage	Heights	Actions	IGs
------------------------------------------------------------------------------------------------------------------------
0    	160000.00   	0.250   	0.0000  	[5.4, 5.4, 5.4, 5.4]	[-, -, -, -]	[-, -, -, -]
1    	158915.03   	0.240   	0.0547  	[5.4, 5.4, 5.4, 5.4]	[up, up, up, up]	[1952.2791, 3904.5582, 3514.1024, 3514.1024]
2    	157616.30   	0.229   	0.2062  	[10.8, 10.8, 10.8, 10.8]	[up, up, up, up]	[1897.2960, 3721.5119, 2681.3926, 2427.9954]
3    	156052.70   	0.218   	0.4059  	[16.2, 16.2, 16.2, 16.2]	[right, up, up, up]	[1750.9411, 2090.7546, 2246.7876, 1751.3986]
4    	154544.47   	0.209   	0.5763  	[16.2, 21.7, 21.7, 21.7]	[right, back, left, back]	[1592.8532, 1492.3320, 2021.0742, 1556.1958]
5    	153235.22   	0.201   	0.6778  	[16.2, 21.7, 21.7, 21.7]	[up, back, left, back]	[1591.1190, 1195.0370, 1737.0602, 1351.5303]
6    	151527.48   	0.191   	0.7925  	[21.7, 21.7, 21.7, 21.7]	[right, back, up, up]	[1563.8757, 1046.6577, 1578.0609, 1223.9482]
7    	149042.45   	0.182   	0.9170  	[21.7, 21.7, 27.1, 27.1]	[right, back, left, back]	[1300.5291, 933.3232, 1334.3888, 1150.0667]
8    	146132.04   	0.173   	0.9273  	[21.7, 21.7, 27.1, 27.1]	[right, back, left, right]	[987.0751, 857.3559, 944.8841, 923.7151]
9    	143041.36   	0.165   	0.9516  	[21.7, 21.7, 27.1, 27.1]	[right, back, front, right]	[796.3728, 846.6251, 681.7338, 824.3453]
10   	140026.84   	0.158   	0.9773  	[21.7, 21.7, 27.1, 27.1]	[right, back, front, right]	[758.0588, 885.9952, 555.3148, 768.3116]
11   	136812.79   	0.150   	1.0000  	[21.7, 21.7, 27.1, 27.1]	[right, back, front, back]	[771.8794, 963.2639, 511.0696, 520.1796]
12   	132820.77   	0.142   	1.0000  	[21.7, 21.7, 27.1, 27.1]	[right, right, left, back]	[784.0926, 958.2066, 403.7172, 456.0052]
13   	128337.91   	0.134   	1.0000  	[21.7, 21.7, 27.1, 27.1]	[right, back, left, back]	[700.1266, 888.8060, 416.3868, 424.9145]
14   	123236.01   	0.126   	1.0000  	[21.7, 21.7, 27.1, 27.1]	[right, right, left, back]	[749.5528, 784.9945, 441.8914, 430.0804]
15   	117576.62   	0.118   	1.0000  	[21.7, 21.7, 27.1, 27.1]	[right, right, front, back]	[741.6072, 683.4639, 525.1644, 411.9211]
16   	111281.18   	0.110   	1.0000  	[21.7, 21.7, 27.1, 27.1]	[front, right, front, back]	[529.8409, 620.5457, 679.6638, 272.3290]
17   	104607.56   	0.102   	1.0000  	[21.7, 21.7, 27.1, 27.1]	[front, right, front, left]	[363.2867, 538.1251, 847.6473, 205.9249]
18   	97882.18    	0.094   	1.0000  	[21.7, 21.7, 27.1, 27.1]	[front, right, left, left]	[483.3391, 406.5631, 846.2114, 182.4359]
19   	91334.25    	0.087   	1.0000  	[21.7, 21.7, 27.1, 27.1]	[front, right, left, left]	[645.8632, 441.7563, 895.6920, 298.3890]
20   	85178.64    	0.079   	1.0000  	[21.7, 21.7, 27.1, 27.1]	[front, right, left, left]	[809.5202, 681.1215, 736.4030, 497.9282]
21   	79565.54    	0.073   	1.0000  	[21.7, 21.7, 27.1, 27.1]	[front, right, front, left]	[985.8409, 847.9887, 466.2123, 739.2825]
22   	74266.74    	0.066   	1.0000  	[21.7, 21.7, 27.1, 27.1]	[front, front, left, left]	[1145.4905, 887.2437, 241.7135, 871.1790]
23   	69478.17    	0.061   	1.0000  	[21.7, 21.7, 27.1, 27.1]	[front, front, down, back]	[1275.9348, 1006.1506, 129.2895, 754.5036]
24   	65264.67    	0.056   	1.0000  	[21.7, 21.7, 21.7, 27.1]	[front, front, front, left]	[1213.6981, 1068.7111, 112.3248, 475.6693]
25   	61543.18    	0.052   	1.0000  	[21.7, 21.7, 21.7, 27.1]	[left, front, right, down]	[1070.3809, 1078.4617, 47.4961, 261.4168]
26   	57291.49    	0.048   	1.0000  	[21.7, 21.7, 21.7, 21.7]	[left, front, right, back]	[933.0713, 1070.2512, 34.5813, 245.0013]
27   	52762.15    	0.044   	1.0000  	[21.7, 21.7, 21.7, 21.7]	[left, front, right, hover]	[743.2490, 1019.5680, 32.7610, 112.3617]
28   	48158.46    	0.040   	1.0000  	[21.7, 21.7, 21.7, 21.7]	[left, front, right, right]	[442.7229, 978.2730, 20.2673, 55.7660]
29   	44021.44    	0.036   	1.0000  	[21.7, 21.7, 21.7, 21.7]	[back, front, right, right]	[267.4405, 824.0822, 47.2942, 55.8352]
30   	39431.94    	0.032   	1.0000  	[21.7, 21.7, 21.7, 21.7]	[left, left, right, right]	[460.1989, 576.0348, 107.8855, 70.9625]
31   	35089.98    	0.029   	1.0000  	[21.7, 21.7, 21.7, 21.7]	[left, hover, right, right]	[765.2708, 256.5708, 137.7143, 85.5174]
32   	31094.97    	0.025   	1.0000  	[21.7, 21.7, 21.7, 21.7]	[left, up, right, right]	[1100.8159, 90.5152, 254.0407, 97.4830]
33   	27550.83    	0.021   	1.0000  	[21.7, 27.1, 21.7, 21.7]	[left, hover, right, right]	[1315.0877, 46.9143, 304.2412, 126.4150]
34   	25174.85    	0.019   	1.0000  	[21.7, 27.1, 21.7, 21.7]	[front, left, right, right]	[950.4734, 25.5777, 224.8880, 168.9198]
35   	23779.30    	0.018   	1.0000  	[21.7, 27.1, 21.7, 21.7]	[left, left, down, right]	[428.5086, 19.2928, 186.8840, 254.2807]
36   	23190.35    	0.018   	1.0000  	[21.7, 27.1, 16.2, 21.7]	[left, left, right, back]	[152.5887, 16.6085, 67.9695, 130.3283]
37   	22802.56    	0.017   	1.0000  	[21.7, 27.1, 16.2, 21.7]	[back, left, down, hover]	[103.3269, 14.2152, 37.4767, 55.0970]
38   	22596.45    	0.017   	1.0000  	[21.7, 27.1, 10.8, 21.7]	[back, left, front, front]	[46.2898, 12.3690, 16.2529, 26.3005]
39   	22498.38    	0.017   	1.0000  	[21.7, 27.1, 10.8, 21.7]	[down, left, front, front]	[25.3539, 13.3688, 18.2179, 15.5592]
40   	22438.49    	0.017   	1.0000  	[16.2, 27.1, 10.8, 21.7]	[back, left, up, hover]	[14.9695, 9.9097, 4.2117, 12.7663]
41   	22406.89    	0.017   	1.0000  	[16.2, 27.1, 16.2, 21.7]	[down, hover, back, hover]	[9.0034, 5.2339, 3.7218, 10.5813]
42   	22379.83    	0.017   	1.0000  	[10.8, 27.1, 16.2, 21.7]	[back, down, back, hover]	[8.2469, 4.4210, 4.7586, 9.2161]
43   	22348.94    	0.017   	1.0000  	[10.8, 21.7, 16.2, 21.7]	[back, front, back, back]	[5.9599, 5.0401, 10.8917, 7.6444]
44   	22328.21    	0.017   	1.0000  	[10.8, 21.7, 16.2, 21.7]	[back, left, left, down]	[6.2427, 4.6303, 6.9482, 7.9032]
45   	22314.55    	0.017   	1.0000  	[10.8, 21.7, 16.2, 16.2]	[back, right, back, right]	[5.9196, 3.6776, 5.7714, 7.8359]
46   	22305.44    	0.017   	1.0000  	[10.8, 21.7, 16.2, 16.2]	[hover, back, left, back]	[4.8063, 3.5674, 3.8492, 7.7111]
47   	22292.64    	0.017   	1.0000  	[10.8, 21.7, 16.2, 16.2]	[hover, back, left, front]	[4.0083, 3.5721, 4.9301, 7.8159]
48   	22279.99    	0.017   	1.0000  	[10.8, 21.7, 16.2, 16.2]	[hover, back, left, hover]	[3.6537, 3.8249, 6.9243, 6.4370]
49   	22268.62    	0.017   	1.0000  	[10.8, 21.7, 16.2, 16.2]	[hover, back, left, down]	[2.9980, 5.5157, 5.7073, 5.5354]
50   	22257.82    	0.017   	1.0000  	[10.8, 21.7, 16.2, 10.8]	[hover, back, down, back]	[2.1647, 6.7743, 6.0682, 4.9167]
51   	22245.38    	0.017   	1.0000  	[10.8, 21.7, 10.8, 10.8]	[front, back, left, right]	[1.6729, 7.0168, 6.1811, 4.1131]
52   	22223.15    	0.016   	1.0000  	[10.8, 21.7, 10.8, 10.8]	[front, up, left, left]	[2.4976, 7.9273, 6.7229, 3.0919]
53   	22191.83    	0.016   	1.0000  	[10.8, 27.1, 10.8, 10.8]	[front, back, front, left]	[2.8839, 12.1231, 7.1526, 2.6205]
54   	22095.77    	0.016   	1.0000  	[10.8, 27.1, 10.8, 10.8]	[front, back, hover, right]	[3.4994, 53.7522, 6.6379, 2.7393]
55   	22037.05    	0.016   	1.0000  	[10.8, 27.1, 10.8, 10.8]	[front, back, up, left]	[6.1284, 30.1016, 5.0275, 2.5383]
56   	22008.41    	0.016   	1.0000  	[10.8, 27.1, 16.2, 10.8]	[front, down, front, hover]	[5.1143, 17.2182, 6.0181, 2.7714]
57   	21983.80    	0.016   	1.0000  	[10.8, 21.7, 16.2, 10.8]	[back, left, left, hover]	[3.6306, 15.6509, 6.9869, 1.9454]
58   	21967.89    	0.016   	1.0000  	[10.8, 21.7, 16.2, 10.8]	[hover, hover, front, up]	[2.6567, 7.2137, 5.3126, 1.4317]
59   	21955.66    	0.016   	1.0000  	[10.8, 21.7, 16.2, 16.2]	[hover, hover, left, left]	[2.7776, 3.2770, 5.2849, 2.2240]
60   	21944.42    	0.016   	1.0000  	[10.8, 21.7, 16.2, 16.2]	[hover, right, left, left]	[2.4298, 2.2767, 7.7257, 1.9377]
61   	21933.59    	0.016   	1.0000  	[10.8, 21.7, 16.2, 16.2]	[hover, front, left, left]	[1.8724, 2.1738, 12.0970, 2.9188]
62   	21913.79    	0.016   	1.0000  	[10.8, 21.7, 16.2, 16.2]	[back, front, left, front]	[1.5649, 2.1581, 20.3539, 3.5245]
63   	21897.61    	0.016   	1.0000  	[10.8, 21.7, 16.2, 16.2]	[hover, front, back, left]	[1.3100, 2.0600, 15.4485, 3.5233]
64   	21880.25    	0.016   	1.0000  	[10.8, 21.7, 16.2, 16.2]	[back, front, back, left]	[0.7419, 1.8395, 11.1594, 5.6946]
65   	21852.43    	0.016   	1.0000  	[10.8, 21.7, 16.2, 16.2]	[back, right, back, left]	[0.5167, 1.6130, 14.7174, 5.6872]
66   	21772.06    	0.016   	1.0000  	[10.8, 21.7, 16.2, 16.2]	[back, right, back, left]	[0.6649, 1.7690, 37.8211, 7.2871]
67   	21518.59    	0.016   	1.0000  	[10.8, 21.7, 16.2, 16.2]	[back, front, back, left]	[0.4703, 1.5556, 115.4566, 11.5487]
68   	20900.12    	0.015   	1.0000  	[10.8, 21.7, 16.2, 16.2]	[back, front, back, left]	[0.3537, 1.3622, 303.7168, 13.7905]
69   	19938.86    	0.014   	1.0000  	[10.8, 21.7, 16.2, 16.2]	[front, right, back, back]	[0.3257, 1.4728, 289.2727, 14.8083]
70   	18795.42    	0.013   	1.0000  	[10.8, 21.7, 16.2, 16.2]	[right, down, back, hover]	[0.2874, 2.4936, 307.0065, 8.6813]
71   	17306.07    	0.012   	1.0000  	[10.8, 16.2, 16.2, 16.2]	[right, front, back, left]	[0.8690, 2.1372, 406.9438, 5.2923]
72   	15563.58    	0.011   	1.0000  	[10.8, 16.2, 16.2, 16.2]	[right, right, back, left]	[1.7305, 1.3494, 383.0590, 4.1978]
73   	14004.18    	0.010   	1.0000  	[10.8, 16.2, 16.2, 16.2]	[right, right, up, front]	[6.7643, 1.1910, 394.9678, 5.0999]
74   	12951.36    	0.009   	1.0000  	[10.8, 16.2, 21.7, 16.2]	[front, right, right, front]	[6.8317, 1.1991, 223.9660, 6.1559]
75   	12448.86    	0.009   	1.0000  	[10.8, 16.2, 21.7, 16.2]	[front, right, right, front]	[5.1609, 2.1792, 113.9612, 17.1288]
76   	12195.63    	0.009   	1.0000  	[10.8, 16.2, 21.7, 16.2]	[front, right, right, front]	[5.1323, 2.5327, 54.8422, 52.7260]
77   	11733.30    	0.008   	1.0000  	[10.8, 16.2, 21.7, 16.2]	[right, right, right, front]	[4.7134, 5.9546, 30.9052, 253.4704]
78   	10880.81    	0.008   	1.0000  	[10.8, 16.2, 21.7, 16.2]	[front, front, right, front]	[3.9300, 7.2676, 26.6808, 634.6513]
79   	9733.32     	0.007   	1.0000  	[10.8, 16.2, 21.7, 16.2]	[front, front, right, front]	[5.8611, 19.0729, 28.6532, 815.4631]
80   	8531.47     	0.006   	1.0000  	[10.8, 16.2, 21.7, 16.2]	[up, front, right, front]	[4.3910, 26.5611, 28.5165, 857.1551]
81   	7310.53     	0.005   	1.0000  	[16.2, 16.2, 21.7, 16.2]	[right, right, right, front]	[4.2592, 8.5792, 27.1997, 874.3875]
82   	6110.52     	0.004   	1.0000  	[16.2, 16.2, 21.7, 16.2]	[right, front, right, front]	[5.1254, 3.7038, 34.8020, 866.6607]
83   	5205.49     	0.003   	1.0000  	[16.2, 16.2, 21.7, 16.2]	[right, hover, right, front]	[5.7133, 2.3233, 36.7204, 643.5397]
84   	4832.90     	0.003   	1.0000  	[16.2, 16.2, 21.7, 16.2]	[up, hover, back, right]	[5.9430, 1.5735, 15.1829, 237.5220]
85   	4692.19     	0.003   	1.0000  	[21.7, 16.2, 21.7, 16.2]	[up, hover, down, hover]	[8.3067, 1.2913, 9.8406, 67.7823]
86   	4476.74     	0.003   	1.0000  	[27.1, 16.2, 16.2, 16.2]	[up, hover, right, right]	[25.1046, 1.5948, 10.3549, 16.8802]
87   	4384.17     	0.003   	1.0000  	[32.5, 16.2, 16.2, 16.2]	[front, hover, back, hover]	[11.3477, 1.4121, 7.1202, 6.1605]
88   	4342.16     	0.003   	1.0000  	[32.5, 16.2, 16.2, 16.2]	[right, right, down, back]	[5.4737, 1.2493, 5.8711, 4.0982]
89   	4315.14     	0.003   	1.0000  	[32.5, 16.2, 10.8, 16.2]	[down, hover, up, back]	[6.5080, 1.2245, 4.1315, 5.1434]
90   	4295.99     	0.003   	1.0000  	[27.1, 16.2, 16.2, 16.2]	[hover, hover, left, back]	[4.1725, 0.8219, 3.4624, 5.0356]
91   	4283.15     	0.003   	1.0000  	[27.1, 16.2, 16.2, 16.2]	[hover, hover, back, back]	[2.6968, 0.6169, 2.6582, 5.1352]
92   	4277.69     	0.003   	1.0000  	[27.1, 16.2, 16.2, 16.2]	[down, hover, right, back]	[2.0767, 0.5951, 2.3340, 4.1685]
93   	4270.32     	0.003   	1.0000  	[21.7, 16.2, 16.2, 16.2]	[right, hover, hover, right]	[2.3119, 0.5099, 2.3045, 3.9937]
94   	4264.09     	0.003   	1.0000  	[21.7, 16.2, 16.2, 16.2]	[front, hover, left, right]	[2.5535, 0.2447, 1.2473, 3.8801]
95   	4256.42     	0.003   	1.0000  	[21.7, 16.2, 16.2, 16.2]	[hover, hover, left, up]	[2.3226, 0.2249, 0.9339, 4.3212]
96   	4248.60     	0.003   	1.0000  	[21.7, 16.2, 16.2, 21.7]	[down, hover, left, hover]	[2.1275, 0.2017, 2.5470, 4.0218]
97   	4241.02     	0.003   	1.0000  	[16.2, 16.2, 16.2, 21.7]	[front, down, front, hover]	[1.7565, 0.3230, 2.7749, 3.5296]
98   	4233.48     	0.003   	1.0000  	[16.2, 10.8, 16.2, 21.7]	[right, back, left, hover]	[2.1348, 0.1544, 3.1304, 3.3343]
99   	4226.34     	0.003   	1.0000  	[16.2, 10.8, 16.2, 21.7]	[hover, back, front, down]	[2.0467, 0.4332, 3.1885, 3.2522]
[2025-12-18T15:04:14]
Strategy: greedy_ig
Pairwise: biased
News mode: IGd
Num agents: 4
Iteration: 7
Error margin: None
Gaussian radius 5 
Grid info: range: 0-50-50, cell_size:0.125, map shape: (400, 400), center:True
init UAV positions: [(-25.0, -15.0, 5.4), (0.0, 15.0, 5.4), (0.0, -15.0, 5.4), (15.0, 15.0, 5.4)]
mcts_params: {}
Step	Entropy	MSE	Coverage	Heights	Actions	IGs
------------------------------------------------------------------------------------------------------------------------
0    	160000.00   	0.250   	0.0000  	[5.4, 5.4, 5.4, 5.4]	[-, -, -, -]	[-, -, -, -]
1    	158850.27   	0.239   	0.0547  	[5.4, 5.4, 5.4, 5.4]	[up, up, up, up]	[1952.2791, 3904.5582, 3904.5582, 3904.5582]
2    	157293.28   	0.226   	0.2188  	[10.8, 10.8, 10.8, 10.8]	[up, up, up, up]	[1897.2960, 3721.3368, 3797.5505, 3369.7573]
3    	155416.78   	0.213   	0.4641  	[16.2, 16.2, 16.2, 16.2]	[right, up, up, up]	[1771.5026, 2484.2200, 2970.3251, 1806.7147]
4    	153530.39   	0.203   	0.6562  	[16.2, 21.7, 21.7, 21.7]	[right, back, front, back]	[1486.6431, 1738.3086, 2047.4165, 1360.7973]
5    	151500.51   	0.194   	0.7219  	[16.2, 21.7, 21.7, 21.7]	[up, up, right, back]	[1359.2151, 1286.7653, 1328.2832, 1018.0348]
6    	148961.78   	0.185   	0.8164  	[21.7, 27.1, 21.7, 21.7]	[right, back, right, back]	[1358.3775, 1092.5661, 1152.4015, 908.2671]
7    	146586.48   	0.178   	0.8500  	[21.7, 27.1, 21.7, 21.7]	[front, left, right, back]	[1228.7400, 909.1312, 1188.7552, 912.6381]
8    	144130.51   	0.170   	0.9172  	[21.7, 27.1, 21.7, 21.7]	[right, left, right, left]	[1220.3146, 966.6223, 1085.1431, 882.8849]
9    	141312.03   	0.162   	0.9648  	[21.7, 27.1, 21.7, 21.7]	[front, left, front, left]	[1177.6524, 915.0932, 886.2457, 820.4618]
10   	137706.05   	0.154   	0.9945  	[21.7, 27.1, 21.7, 21.7]	[front, back, front, left]	[1000.7239, 618.6389, 823.0686, 678.8837]
11   	133008.17   	0.147   	0.9945  	[21.7, 27.1, 21.7, 21.7]	[right, back, front, left]	[718.9732, 466.7334, 756.0066, 541.0696]
12   	128156.77   	0.139   	0.9945  	[21.7, 27.1, 21.7, 21.7]	[right, back, front, front]	[500.7884, 327.6634, 749.0324, 406.7576]
13   	123047.56   	0.132   	0.9945  	[21.7, 27.1, 21.7, 21.7]	[right, back, front, left]	[491.9833, 432.5294, 743.3998, 426.4766]
14   	117978.83   	0.124   	0.9945  	[21.7, 27.1, 21.7, 21.7]	[right, back, front, left]	[458.4547, 551.0327, 878.6059, 570.1840]
15   	113132.53   	0.116   	0.9945  	[21.7, 27.1, 21.7, 21.7]	[right, back, front, left]	[628.5503, 637.8856, 1075.8082, 823.9028]
16   	108769.32   	0.108   	0.9945  	[21.7, 27.1, 21.7, 21.7]	[right, right, front, left]	[831.5483, 493.1787, 1110.0613, 1003.8479]
17   	104540.55   	0.101   	0.9945  	[21.7, 27.1, 21.7, 21.7]	[right, right, left, left]	[962.9103, 468.1597, 994.0102, 1071.8776]
18   	100065.44   	0.094   	0.9945  	[21.7, 27.1, 21.7, 21.7]	[right, right, left, front]	[1033.0020, 514.6901, 1058.4060, 1071.4065]
19   	95593.88    	0.087   	0.9953  	[21.7, 27.1, 21.7, 21.7]	[back, right, left, front]	[911.1592, 503.4238, 1051.8205, 1051.0060]
20   	90880.20    	0.080   	0.9961  	[21.7, 27.1, 21.7, 21.7]	[back, right, left, front]	[835.0222, 483.4023, 965.9704, 592.2555]
21   	86157.69    	0.075   	0.9992  	[21.7, 27.1, 21.7, 21.7]	[back, right, left, right]	[470.9013, 479.5956, 838.9267, 237.5935]
22   	82349.98    	0.070   	1.0000  	[21.7, 27.1, 21.7, 21.7]	[down, front, left, front]	[218.7325, 543.3584, 437.1901, 94.6809]
23   	79552.44    	0.068   	1.0000  	[16.2, 27.1, 21.7, 21.7]	[back, front, back, front]	[158.8579, 447.2717, 448.4142, 56.1482]
24   	77189.88    	0.065   	1.0000  	[16.2, 27.1, 21.7, 21.7]	[right, front, left, right]	[121.2170, 357.7213, 538.7740, 41.4285]
25   	75010.45    	0.062   	1.0000  	[16.2, 27.1, 21.7, 21.7]	[back, front, left, right]	[44.0795, 350.2309, 815.9941, 26.4279]
26   	72954.11    	0.060   	1.0000  	[16.2, 27.1, 21.7, 21.7]	[left, front, back, right]	[18.6657, 333.8318, 750.8761, 21.5757]
27   	71171.51    	0.058   	1.0000  	[16.2, 27.1, 21.7, 21.7]	[left, front, back, right]	[85.3846, 289.5742, 694.1422, 17.5016]
28   	69673.21    	0.056   	1.0000  	[16.2, 27.1, 21.7, 21.7]	[left, front, back, right]	[209.0394, 183.9862, 714.3917, 14.4371]
29   	68569.55    	0.055   	1.0000  	[16.2, 27.1, 21.7, 21.7]	[left, right, back, right]	[105.0473, 93.5821, 752.9246, 13.4506]
30   	67697.12    	0.054   	1.0000  	[16.2, 27.1, 21.7, 21.7]	[left, down, back, right]	[38.7696, 51.2291, 745.8853, 11.5876]
31   	66932.24    	0.052   	1.0000  	[16.2, 21.7, 21.7, 21.7]	[left, front, back, right]	[16.2354, 23.1381, 671.0191, 6.7425]
32   	66251.93    	0.051   	1.0000  	[16.2, 21.7, 21.7, 21.7]	[left, left, back, down]	[10.0398, 13.1979, 563.5559, 4.7129]
33   	65782.80    	0.051   	1.0000  	[16.2, 21.7, 21.7, 16.2]	[left, right, back, right]	[6.8874, 12.5002, 293.5788, 5.2568]
34   	65551.16    	0.050   	1.0000  	[16.2, 21.7, 21.7, 16.2]	[left, hover, hover, right]	[8.0711, 8.7924, 126.0096, 2.3289]
35   	65459.64    	0.050   	1.0000  	[16.2, 21.7, 21.7, 16.2]	[left, back, right, back]	[7.8139, 7.5814, 48.2364, 1.9446]
36   	65415.66    	0.050   	1.0000  	[16.2, 21.7, 21.7, 16.2]	[front, back, right, hover]	[3.3613, 7.5532, 20.6275, 2.0413]
37   	65379.96    	0.050   	1.0000  	[16.2, 21.7, 21.7, 16.2]	[left, back, right, down]	[1.8854, 8.7033, 18.8397, 1.5844]
38   	65330.79    	0.050   	1.0000  	[16.2, 21.7, 21.7, 10.8]	[front, back, right, left]	[1.9307, 13.1943, 19.3822, 2.2480]
39   	65276.99    	0.050   	1.0000  	[16.2, 21.7, 21.7, 10.8]	[front, back, right, back]	[4.3175, 15.1138, 28.8197, 1.5591]
40   	65192.33    	0.050   	1.0000  	[16.2, 21.7, 21.7, 10.8]	[front, back, right, front]	[9.5192, 25.5017, 33.9329, 0.9379]
41   	65001.30    	0.049   	1.0000  	[16.2, 21.7, 21.7, 10.8]	[front, back, right, back]	[57.5484, 35.7122, 40.2678, 0.3333]
42   	64533.22    	0.049   	1.0000  	[16.2, 21.7, 21.7, 10.8]	[front, back, right, left]	[178.9398, 44.0926, 43.1500, 0.2455]
43   	63429.72    	0.048   	1.0000  	[16.2, 21.7, 21.7, 10.8]	[front, up, back, left]	[830.2831, 33.2407, 29.6706, 0.6011]
44   	61869.14    	0.047   	1.0000  	[16.2, 27.1, 21.7, 10.8]	[front, left, back, up]	[1179.2024, 27.0883, 13.8299, 0.4236]
45   	60226.28    	0.045   	1.0000  	[16.2, 27.1, 21.7, 16.2]	[front, hover, back, up]	[1271.7424, 17.1472, 7.2224, 1.8629]
46   	58618.69    	0.044   	1.0000  	[16.2, 27.1, 21.7, 21.7]	[front, hover, right, back]	[1285.8817, 11.0123, 4.4769, 2.5524]
47   	57139.57    	0.043   	1.0000  	[16.2, 27.1, 21.7, 21.7]	[front, down, down, up]	[1275.7615, 9.5705, 5.1786, 4.6102]
48   	55569.51    	0.041   	1.0000  	[16.2, 21.7, 16.2, 27.1]	[right, back, front, back]	[1276.0808, 12.8479, 3.5475, 10.0177]
49   	53654.23    	0.040   	1.0000  	[16.2, 21.7, 16.2, 27.1]	[up, left, down, back]	[1276.0971, 9.1166, 4.1209, 30.6986]
50   	50911.44    	0.037   	1.0000  	[21.7, 21.7, 10.8, 27.1]	[right, left, right, back]	[1220.0725, 9.8832, 5.2930, 370.4995]
51   	47236.60    	0.034   	1.0000  	[21.7, 21.7, 10.8, 27.1]	[right, left, front, back]	[1067.2114, 13.0578, 4.5891, 594.0066]
52   	42840.54    	0.031   	1.0000  	[21.7, 21.7, 10.8, 27.1]	[right, left, hover, back]	[998.4913, 20.9671, 3.1489, 709.1306]
53   	38169.69    	0.028   	1.0000  	[21.7, 21.7, 10.8, 27.1]	[right, left, back, back]	[982.2175, 37.2064, 3.3648, 794.7147]
54   	33511.51    	0.024   	1.0000  	[21.7, 21.7, 10.8, 27.1]	[right, left, left, back]	[994.5245, 81.5365, 3.3027, 776.6662]
55   	29023.60    	0.021   	1.0000  	[21.7, 21.7, 10.8, 27.1]	[right, left, right, left]	[1025.6242, 164.9451, 1.2082, 653.7472]
56   	24986.89    	0.018   	1.0000  	[21.7, 21.7, 10.8, 27.1]	[right, left, front, left]	[1017.3379, 73.1459, 0.8227, 552.3894]
57   	21176.62    	0.015   	1.0000  	[21.7, 21.7, 10.8, 27.1]	[right, down, right, left]	[1043.6116, 36.4217, 0.8790, 594.7202]
58   	17289.80    	0.012   	1.0000  	[21.7, 16.2, 10.8, 27.1]	[right, back, front, left]	[1124.1489, 33.1848, 0.3824, 600.5483]
59   	14218.46    	0.010   	1.0000  	[21.7, 16.2, 10.8, 27.1]	[front, hover, front, left]	[578.8868, 17.0356, 0.9162, 592.6294]
60   	11750.75    	0.008   	1.0000  	[21.7, 16.2, 10.8, 27.1]	[back, hover, back, left]	[221.2574, 10.2207, 0.0667, 544.8931]
61   	9574.59     	0.007   	1.0000  	[21.7, 16.2, 10.8, 27.1]	[back, front, front, left]	[74.2336, 7.3701, 0.0672, 464.7309]
62   	8092.66     	0.006   	1.0000  	[21.7, 16.2, 10.8, 27.1]	[front, left, back, hover]	[33.9355, 5.2222, 0.0264, 306.3858]
63   	7280.75     	0.005   	1.0000  	[21.7, 16.2, 10.8, 27.1]	[hover, down, left, hover]	[17.7023, 4.1510, 0.0304, 182.5865]
64   	6917.30     	0.005   	1.0000  	[21.7, 10.8, 10.8, 27.1]	[back, front, up, hover]	[11.2977, 4.6204, 0.5686, 79.6385]
65   	6758.61     	0.005   	1.0000  	[21.7, 10.8, 16.2, 27.1]	[back, front, left, hover]	[8.1271, 3.8957, 0.7094, 36.4479]
66   	6696.46     	0.005   	1.0000  	[21.7, 10.8, 16.2, 27.1]	[back, front, left, down]	[6.8279, 8.1655, 0.8393, 20.2702]
67   	6633.24     	0.005   	1.0000  	[21.7, 10.8, 16.2, 21.7]	[left, front, left, left]	[5.5725, 11.3163, 0.6918, 23.9268]
68   	6556.15     	0.005   	1.0000  	[21.7, 10.8, 16.2, 21.7]	[front, front, left, back]	[5.6190, 24.1998, 1.1082, 24.0027]
69   	6484.62     	0.005   	1.0000  	[21.7, 10.8, 16.2, 21.7]	[back, front, down, hover]	[4.8732, 41.7254, 0.8629, 19.9846]
70   	6402.79     	0.005   	1.0000  	[21.7, 10.8, 10.8, 21.7]	[hover, front, left, hover]	[3.9404, 56.7025, 0.7340, 14.2252]
71   	6273.34     	0.004   	1.0000  	[21.7, 10.8, 10.8, 21.7]	[up, front, hover, hover]	[3.4634, 105.0980, 0.8786, 11.6545]
72   	6069.16     	0.004   	1.0000  	[27.1, 10.8, 10.8, 21.7]	[down, front, hover, hover]	[3.5042, 220.6988, 0.7239, 9.5163]
73   	5796.12     	0.004   	1.0000  	[21.7, 10.8, 10.8, 21.7]	[hover, front, right, hover]	[3.3537, 419.0204, 0.2931, 8.9186]
74   	5632.47     	0.004   	1.0000  	[21.7, 10.8, 10.8, 21.7]	[hover, front, hover, hover]	[3.5399, 277.1082, 0.2993, 7.1003]
75   	5580.16     	0.004   	1.0000  	[21.7, 10.8, 10.8, 21.7]	[hover, hover, left, hover]	[3.1409, 78.5531, 0.0873, 6.1581]
76   	5548.30     	0.004   	1.0000  	[21.7, 10.8, 10.8, 21.7]	[hover, right, right, hover]	[2.5213, 24.1486, 0.2513, 6.2181]
77   	5516.37     	0.004   	1.0000  	[21.7, 10.8, 10.8, 21.7]	[left, right, left, hover]	[2.3488, 23.5285, 0.0654, 5.1624]
78   	5497.29     	0.004   	1.0000  	[21.7, 10.8, 10.8, 21.7]	[right, right, front, hover]	[2.1688, 12.2968, 0.0230, 4.7066]
79   	5487.94     	0.004   	1.0000  	[21.7, 10.8, 10.8, 21.7]	[front, hover, front, right]	[2.0429, 2.8255, 0.3373, 3.7067]
80   	5480.77     	0.004   	1.0000  	[21.7, 10.8, 10.8, 21.7]	[front, left, front, left]	[2.0814, 1.7467, 0.4421, 3.0498]
81   	5471.84     	0.004   	1.0000  	[21.7, 10.8, 10.8, 21.7]	[front, up, front, front]	[2.2617, 1.1779, 0.7460, 3.3776]
82   	5460.47     	0.004   	1.0000  	[21.7, 16.2, 10.8, 21.7]	[right, left, front, front]	[2.0614, 5.6045, 0.7354, 5.1438]
83   	5446.36     	0.004   	1.0000  	[21.7, 16.2, 10.8, 21.7]	[front, back, front, front]	[1.4299, 3.7318, 1.1480, 6.7407]
84   	5426.56     	0.004   	1.0000  	[21.7, 16.2, 10.8, 21.7]	[down, back, front, front]	[1.0114, 4.9164, 3.6227, 7.6899]
85   	5406.38     	0.004   	1.0000  	[16.2, 16.2, 10.8, 21.7]	[right, back, front, front]	[1.1507, 4.3823, 4.2207, 5.8069]
86   	5393.75     	0.004   	1.0000  	[16.2, 16.2, 10.8, 21.7]	[left, back, right, back]	[0.8810, 3.6044, 3.1579, 3.1725]
87   	5383.69     	0.004   	1.0000  	[16.2, 16.2, 10.8, 21.7]	[front, back, left, down]	[0.8273, 3.7417, 2.4452, 2.4390]
88   	5370.73     	0.003   	1.0000  	[16.2, 16.2, 10.8, 16.2]	[front, left, hover, hover]	[0.5060, 4.0952, 4.0868, 2.6806]
89   	5361.33     	0.003   	1.0000  	[16.2, 16.2, 10.8, 16.2]	[hover, down, hover, up]	[0.4441, 4.3757, 2.4992, 2.6811]
90   	5351.80     	0.003   	1.0000  	[16.2, 10.8, 10.8, 21.7]	[hover, back, right, front]	[0.6246, 5.1323, 1.4791, 2.9802]
91   	5340.29     	0.003   	1.0000  	[16.2, 10.8, 10.8, 21.7]	[hover, hover, right, front]	[0.5478, 3.0841, 1.9306, 3.7896]
92   	5310.84     	0.003   	1.0000  	[16.2, 10.8, 10.8, 21.7]	[hover, hover, right, front]	[0.5847, 2.6309, 4.2987, 9.8204]
93   	5265.94     	0.003   	1.0000  	[16.2, 10.8, 10.8, 21.7]	[hover, back, right, front]	[0.5058, 3.4007, 10.5127, 21.2807]
94   	5207.17     	0.003   	1.0000  	[16.2, 10.8, 10.8, 21.7]	[hover, back, up, front]	[0.3670, 4.1329, 20.4617, 18.8389]
95   	5086.59     	0.003   	1.0000  	[16.2, 10.8, 16.2, 21.7]	[hover, right, front, hover]	[0.4531, 3.8137, 49.2234, 7.3339]
96   	4862.50     	0.003   	1.0000  	[16.2, 10.8, 16.2, 21.7]	[left, hover, front, hover]	[0.2936, 3.2587, 97.7227, 2.9001]
97   	4796.37     	0.003   	1.0000  	[16.2, 10.8, 16.2, 21.7]	[left, hover, right, hover]	[0.2375, 2.6841, 36.1470, 1.7719]
98   	4773.75     	0.003   	1.0000  	[16.2, 10.8, 16.2, 21.7]	[left, back, right, hover]	[0.4000, 2.6791, 11.6916, 1.2868]
99   	4761.87     	0.003   	1.0000  	[16.2, 10.8, 16.2, 21.7]	[back, up, left, left]	[0.2880, 3.5654, 4.4656, 1.0390]
[2025-12-18T15:04:25]
Strategy: greedy_ig
Pairwise: biased
News mode: IGd
Num agents: 4
Iteration: 8
Error margin: None
Gaussian radius 5 
Grid info: range: 0-50-50, cell_size:0.125, map shape: (400, 400), center:True
init UAV positions: [(-5.0, -5.0, 5.4), (-5.0, 25.0, 5.4), (20.0, -10.0, 5.4), (5.0, 25.0, 5.4)]
mcts_params: {}
Step	Entropy	MSE	Coverage	Heights	Actions	IGs
------------------------------------------------------------------------------------------------------------------------
0    	160000.00   	0.250   	0.0000  	[5.4, 5.4, 5.4, 5.4]	[-, -, -, -]	[-, -, -, -]
1    	158990.25   	0.241   	0.0469  	[5.4, 5.4, 5.4, 5.4]	[up, up, up, up]	[3904.5582, 1952.2791, 3514.1024, 1735.3592]
2    	157675.80   	0.231   	0.1750  	[10.8, 10.8, 10.8, 10.8]	[up, up, up, up]	[3790.0103, 1584.1898, 2681.3926, 1315.4542]
3    	156290.30   	0.220   	0.3563  	[16.2, 16.2, 16.2, 16.2]	[up, back, up, back]	[3591.4557, 1308.7140, 2258.0021, 1199.8150]
4    	154361.89   	0.207   	0.5687  	[21.7, 16.2, 21.7, 16.2]	[up, up, left, up]	[2797.3277, 1263.6263, 1811.8398, 1055.8040]
5    	151905.41   	0.197   	0.7438  	[27.1, 21.7, 21.7, 21.7]	[left, back, left, back]	[1901.0083, 1054.0270, 1584.0647, 1007.2229]
6    	149720.88   	0.188   	0.7937  	[27.1, 21.7, 21.7, 21.7]	[back, back, up, right]	[1254.0027, 939.6361, 1341.1718, 932.3088]
7    	147467.20   	0.179   	0.8917  	[27.1, 21.7, 27.1, 21.7]	[left, up, left, right]	[811.5947, 987.8814, 1286.9796, 917.3709]
8    	144583.64   	0.170   	0.9503  	[27.1, 27.1, 27.1, 21.7]	[back, back, left, back]	[537.6626, 1087.1784, 1012.0738, 1002.1754]
9    	141106.75   	0.163   	0.9636  	[27.1, 27.1, 27.1, 21.7]	[back, back, left, back]	[272.1302, 955.3425, 764.2102, 1029.5359]
10   	137604.57   	0.156   	0.9636  	[27.1, 27.1, 27.1, 21.7]	[down, left, front, back]	[176.3247, 874.4154, 727.0442, 1022.9311]
11   	133909.66   	0.150   	0.9816  	[21.7, 27.1, 27.1, 21.7]	[left, back, left, back]	[115.7595, 739.9159, 628.4852, 1011.3170]
12   	130085.95   	0.143   	0.9816  	[21.7, 27.1, 27.1, 21.7]	[back, back, left, back]	[45.1920, 646.2273, 514.6038, 1019.7610]
13   	126551.67   	0.137   	0.9816  	[21.7, 27.1, 27.1, 21.7]	[down, left, left, back]	[24.4619, 533.6075, 533.3177, 1120.6437]
14   	123070.12   	0.131   	0.9872  	[16.2, 27.1, 27.1, 21.7]	[left, back, left, back]	[18.8261, 414.4685, 391.2213, 1169.5716]
15   	119751.88   	0.126   	0.9872  	[16.2, 27.1, 27.1, 21.7]	[front, back, back, back]	[12.3604, 234.9220, 249.9019, 1174.7640]
16   	116627.87   	0.121   	0.9872  	[16.2, 27.1, 27.1, 21.7]	[left, back, back, back]	[8.1108, 239.0073, 115.1585, 1162.5651]
17   	114232.00   	0.117   	0.9872  	[16.2, 27.1, 27.1, 21.7]	[left, left, left, back]	[5.4446, 218.2333, 95.7429, 1321.9609]
18   	111596.33   	0.113   	0.9872  	[16.2, 27.1, 27.1, 21.7]	[down, back, back, left]	[4.4919, 132.7494, 46.8104, 1044.0855]
19   	108747.04   	0.110   	0.9872  	[10.8, 27.1, 27.1, 21.7]	[front, left, back, left]	[4.2867, 127.5546, 29.7606, 964.8691]
20   	105944.36   	0.108   	0.9872  	[10.8, 27.1, 27.1, 21.7]	[front, left, front, left]	[6.1553, 80.4997, 16.6009, 813.2248]
21   	103196.27   	0.106   	0.9872  	[10.8, 27.1, 27.1, 21.7]	[front, left, front, left]	[26.1350, 33.0350, 15.0969, 697.5264]
22   	100360.14   	0.103   	0.9872  	[10.8, 27.1, 27.1, 21.7]	[front, hover, front, left]	[65.3693, 14.2698, 22.6028, 542.9388]
23   	97518.85    	0.101   	0.9872  	[10.8, 27.1, 27.1, 21.7]	[front, down, front, left]	[144.3566, 7.6692, 52.5315, 502.7541]
24   	94229.35    	0.098   	0.9872  	[10.8, 21.7, 27.1, 21.7]	[front, back, front, left]	[385.6631, 13.6608, 211.1192, 457.0552]
25   	90863.22    	0.094   	0.9872  	[10.8, 21.7, 27.1, 21.7]	[front, back, front, front]	[646.3966, 8.2393, 435.7322, 490.9686]
26   	87340.55    	0.090   	0.9872  	[10.8, 21.7, 27.1, 21.7]	[front, down, front, front]	[726.7792, 10.6682, 597.8897, 594.2678]
27   	83569.44    	0.085   	0.9872  	[10.8, 16.2, 27.1, 21.7]	[up, right, front, front]	[797.0414, 11.9537, 574.8823, 518.2614]
28   	80115.24    	0.080   	0.9884  	[16.2, 16.2, 27.1, 21.7]	[front, right, front, left]	[739.4002, 22.9839, 613.4623, 505.2340]
29   	76681.10    	0.076   	0.9900  	[16.2, 16.2, 27.1, 21.7]	[right, right, right, front]	[685.8981, 43.1722, 524.5161, 462.1874]
30   	73130.90    	0.072   	0.9900  	[16.2, 16.2, 27.1, 21.7]	[right, right, right, front]	[629.0084, 99.8570, 418.0974, 449.6785]
31   	69704.86    	0.068   	0.9900  	[16.2, 16.2, 27.1, 21.7]	[front, right, right, front]	[595.8928, 200.4441, 421.6620, 517.1396]
32   	65705.54    	0.064   	0.9903  	[16.2, 16.2, 27.1, 21.7]	[right, right, right, front]	[622.5694, 458.7922, 440.5713, 471.6278]
33   	60949.46    	0.059   	0.9903  	[16.2, 16.2, 27.1, 21.7]	[right, right, right, front]	[574.4716, 982.3661, 499.0779, 397.8474]
34   	56748.23    	0.055   	0.9903  	[16.2, 16.2, 27.1, 21.7]	[right, right, right, left]	[556.4659, 1331.5691, 566.2251, 323.1868]
35   	53281.26    	0.051   	0.9903  	[16.2, 16.2, 27.1, 21.7]	[right, right, right, left]	[749.1334, 1455.9755, 557.6717, 165.2066]
36   	50165.91    	0.047   	0.9997  	[16.2, 16.2, 27.1, 21.7]	[right, right, front, hover]	[923.2485, 1496.3028, 377.6171, 57.1193]
37   	47274.39    	0.044   	1.0000  	[16.2, 16.2, 27.1, 21.7]	[right, right, right, right]	[915.9614, 1519.7469, 195.5058, 24.1863]
38   	45029.95    	0.041   	1.0000  	[16.2, 16.2, 27.1, 21.7]	[right, right, down, hover]	[905.5927, 1534.6809, 110.0879, 12.0153]
39   	43075.14    	0.038   	1.0000  	[16.2, 16.2, 21.7, 21.7]	[right, front, front, right]	[843.3651, 1261.9108, 72.6466, 7.2137]
40   	41198.80    	0.035   	1.0000  	[16.2, 16.2, 21.7, 21.7]	[right, up, right, right]	[543.0123, 1214.6300, 29.0898, 6.0814]
41   	39512.35    	0.033   	1.0000  	[16.2, 21.7, 21.7, 21.7]	[back, front, down, hover]	[475.0541, 1052.4318, 22.3517, 5.4422]
42   	37294.28    	0.030   	1.0000  	[16.2, 21.7, 16.2, 21.7]	[up, front, front, back]	[639.2143, 851.7911, 22.7406, 4.4660]
43   	34452.94    	0.027   	1.0000  	[21.7, 21.7, 16.2, 21.7]	[back, front, right, back]	[613.7151, 668.2930, 17.7615, 5.7488]
44   	31360.57    	0.025   	1.0000  	[21.7, 21.7, 16.2, 21.7]	[back, front, down, up]	[491.8133, 451.0573, 12.6539, 7.1074]
45   	28537.95    	0.022   	1.0000  	[21.7, 21.7, 10.8, 27.1]	[right, front, left, back]	[348.5464, 236.1918, 9.0536, 15.4024]
46   	25771.45    	0.020   	1.0000  	[21.7, 21.7, 10.8, 27.1]	[up, front, back, back]	[151.9826, 216.5351, 7.4975, 26.2255]
47   	22821.39    	0.018   	1.0000  	[27.1, 21.7, 10.8, 27.1]	[back, front, back, back]	[131.6145, 240.7952, 8.5776, 45.9119]
48   	19639.78    	0.015   	1.0000  	[27.1, 21.7, 10.8, 27.1]	[back, front, right, back]	[244.0183, 391.0073, 8.5692, 72.1282]
49   	16766.75    	0.013   	1.0000  	[27.1, 21.7, 10.8, 27.1]	[back, front, back, back]	[378.5873, 252.7787, 7.2077, 117.3325]
50   	14515.52    	0.011   	1.0000  	[27.1, 21.7, 10.8, 27.1]	[back, down, hover, left]	[465.8577, 189.6122, 5.5284, 68.8281]
51   	12646.10    	0.010   	1.0000  	[27.1, 16.2, 10.8, 27.1]	[back, right, right, left]	[641.1478, 78.0571, 3.4436, 34.1768]
52   	11090.09    	0.009   	1.0000  	[27.1, 16.2, 10.8, 27.1]	[back, front, left, hover]	[597.8877, 24.6495, 3.0276, 14.4229]
53   	10228.07    	0.008   	1.0000  	[27.1, 16.2, 10.8, 27.1]	[down, down, up, down]	[450.0220, 12.4494, 3.6212, 7.2223]
54   	9574.88     	0.008   	1.0000  	[21.7, 10.8, 16.2, 21.7]	[back, right, left, back]	[386.5344, 6.2746, 4.4934, 8.5055]
55   	9244.97     	0.007   	1.0000  	[21.7, 10.8, 16.2, 21.7]	[hover, left, left, down]	[175.5806, 3.1872, 4.1369, 4.8140]
56   	9105.72     	0.007   	1.0000  	[21.7, 10.8, 16.2, 16.2]	[hover, right, left, back]	[71.7299, 2.7280, 6.6857, 5.0177]
57   	9052.03     	0.007   	1.0000  	[21.7, 10.8, 16.2, 16.2]	[down, back, left, left]	[40.9912, 2.4260, 8.2012, 3.7966]
58   	9003.26     	0.007   	1.0000  	[16.2, 10.8, 16.2, 16.2]	[back, back, left, front]	[39.2324, 3.3198, 8.4128, 3.2312]
59   	8967.10     	0.007   	1.0000  	[16.2, 10.8, 16.2, 16.2]	[right, back, left, down]	[25.2987, 3.4989, 10.1953, 2.9922]
60   	8937.67     	0.007   	1.0000  	[16.2, 10.8, 16.2, 10.8]	[hover, hover, left, front]	[19.9709, 2.0870, 12.2919, 2.9402]
61   	8902.52     	0.007   	1.0000  	[16.2, 10.8, 16.2, 10.8]	[front, left, front, hover]	[16.3722, 1.5575, 14.6863, 2.3326]
62   	8860.67     	0.007   	1.0000  	[16.2, 10.8, 16.2, 10.8]	[hover, up, left, up]	[13.7550, 2.6734, 18.1757, 1.8704]
63   	8785.54     	0.007   	1.0000  	[16.2, 16.2, 16.2, 16.2]	[left, back, up, front]	[11.0837, 2.9749, 29.1469, 2.1144]
64   	8555.24     	0.007   	1.0000  	[16.2, 16.2, 21.7, 16.2]	[left, left, front, front]	[9.1056, 2.2929, 114.5179, 2.0013]
65   	8309.55     	0.006   	1.0000  	[16.2, 16.2, 21.7, 16.2]	[left, left, left, front]	[8.8098, 4.4968, 104.1224, 1.7923]
66   	8060.78     	0.006   	1.0000  	[16.2, 16.2, 21.7, 16.2]	[back, left, left, front]	[10.0641, 8.4169, 115.4828, 1.9627]
67   	7884.37     	0.006   	1.0000  	[16.2, 16.2, 21.7, 16.2]	[left, left, left, left]	[9.8299, 6.1155, 88.9660, 1.5718]
68   	7807.22     	0.006   	1.0000  	[16.2, 16.2, 21.7, 16.2]	[left, back, front, right]	[6.3054, 7.6947, 42.5161, 1.1745]
69   	7764.61     	0.006   	1.0000  	[16.2, 16.2, 21.7, 16.2]	[left, back, back, left]	[6.6269, 7.6247, 17.6884, 0.8967]
70   	7737.58     	0.006   	1.0000  	[16.2, 16.2, 21.7, 16.2]	[left, left, down, hover]	[6.2715, 6.5673, 10.3717, 1.4048]
71   	7715.46     	0.006   	1.0000  	[16.2, 16.2, 16.2, 16.2]	[down, hover, left, hover]	[5.7357, 5.9246, 10.7273, 0.9624]
72   	7696.60     	0.006   	1.0000  	[10.8, 16.2, 16.2, 16.2]	[hover, down, front, right]	[4.4848, 6.1694, 8.2876, 0.9116]
73   	7680.54     	0.006   	1.0000  	[10.8, 10.8, 16.2, 16.2]	[up, left, back, left]	[3.5073, 6.2231, 5.4907, 0.5433]
74   	7662.55     	0.006   	1.0000  	[16.2, 10.8, 16.2, 16.2]	[front, hover, back, back]	[3.2029, 6.6210, 5.6081, 0.2936]
75   	7649.95     	0.006   	1.0000  	[16.2, 10.8, 16.2, 16.2]	[front, front, back, back]	[2.6126, 5.3291, 6.2330, 0.5584]
76   	7633.75     	0.006   	1.0000  	[16.2, 10.8, 16.2, 16.2]	[up, back, hover, back]	[4.2098, 4.0904, 5.8318, 0.6640]
77   	7617.86     	0.006   	1.0000  	[21.7, 10.8, 16.2, 16.2]	[front, back, hover, back]	[4.5402, 3.5894, 6.8284, 0.5928]
78   	7600.12     	0.006   	1.0000  	[21.7, 10.8, 16.2, 16.2]	[front, back, hover, down]	[5.1048, 2.9831, 5.8028, 0.8673]
79   	7578.54     	0.006   	1.0000  	[21.7, 10.8, 16.2, 10.8]	[left, back, back, right]	[4.9756, 4.8983, 4.8391, 0.5477]
80   	7559.18     	0.006   	1.0000  	[21.7, 10.8, 16.2, 10.8]	[left, right, down, back]	[4.1038, 5.5948, 6.1605, 0.3759]
81   	7541.49     	0.006   	1.0000  	[21.7, 10.8, 10.8, 10.8]	[front, up, back, hover]	[4.6421, 5.9413, 4.6854, 0.4613]
82   	7526.48     	0.005   	1.0000  	[21.7, 16.2, 10.8, 10.8]	[down, back, left, left]	[4.0819, 6.6503, 4.2374, 0.4916]
83   	7513.55     	0.005   	1.0000  	[16.2, 16.2, 10.8, 10.8]	[right, right, hover, right]	[4.7889, 5.7774, 3.4598, 0.4970]
84   	7505.08     	0.005   	1.0000  	[16.2, 16.2, 10.8, 10.8]	[front, right, hover, left]	[4.0353, 3.8778, 3.4608, 0.5640]
85   	7489.62     	0.005   	1.0000  	[16.2, 16.2, 10.8, 10.8]	[hover, up, up, hover]	[3.1898, 6.0042, 2.4611, 0.7019]
86   	7457.08     	0.005   	1.0000  	[16.2, 21.7, 16.2, 10.8]	[hover, right, back, hover]	[2.5137, 20.5381, 4.2583, 0.5919]
87   	7377.90     	0.005   	1.0000  	[16.2, 21.7, 16.2, 10.8]	[up, right, back, hover]	[2.1882, 67.2027, 5.0588, 0.1978]
88   	7339.03     	0.005   	1.0000  	[21.7, 21.7, 16.2, 10.8]	[left, back, back, back]	[2.4069, 29.2983, 4.0036, 0.1650]
89   	7321.92     	0.005   	1.0000  	[21.7, 21.7, 16.2, 10.8]	[right, right, right, back]	[2.5442, 10.9506, 4.5744, 0.1498]
90   	7306.43     	0.005   	1.0000  	[21.7, 21.7, 16.2, 10.8]	[hover, down, back, front]	[2.2831, 10.3976, 5.6095, 0.1206]
91   	7289.99     	0.005   	1.0000  	[21.7, 16.2, 16.2, 10.8]	[hover, back, back, front]	[2.3875, 5.2996, 6.3056, 0.3566]
92   	7268.78     	0.005   	1.0000  	[21.7, 16.2, 16.2, 10.8]	[down, down, back, front]	[2.5936, 2.9516, 10.1350, 0.3982]
93   	7251.55     	0.005   	1.0000  	[16.2, 10.8, 16.2, 10.8]	[up, right, hover, front]	[2.0716, 3.0636, 7.7637, 0.2187]
94   	7242.12     	0.005   	1.0000  	[21.7, 10.8, 16.2, 10.8]	[down, hover, hover, hover]	[1.9421, 1.7198, 7.2984, 0.0576]
95   	7233.15     	0.005   	1.0000  	[16.2, 10.8, 16.2, 10.8]	[hover, hover, hover, right]	[1.5804, 1.0507, 6.9843, 0.0325]
96   	7224.72     	0.005   	1.0000  	[16.2, 10.8, 16.2, 10.8]	[up, hover, back, right]	[1.1520, 1.1277, 5.3360, 0.0162]
97   	7217.78     	0.005   	1.0000  	[21.7, 10.8, 16.2, 10.8]	[right, front, front, front]	[0.9902, 0.8724, 4.3833, 0.0459]
98   	7210.65     	0.005   	1.0000  	[21.7, 10.8, 16.2, 10.8]	[hover, back, hover, front]	[0.6888, 0.9607, 3.7343, 0.0775]
99   	7207.28     	0.005   	1.0000  	[21.7, 10.8, 16.2, 10.8]	[left, hover, hover, hover]	[0.4964, 0.5730, 3.5320, 0.2342]
[2025-12-18T15:04:35]
Strategy: greedy_ig
Pairwise: biased
News mode: IGd
Num agents: 4
Iteration: 9
Error margin: None
Gaussian radius 5 
Grid info: range: 0-50-50, cell_size:0.125, map shape: (400, 400), center:True
init UAV positions: [(-15.0, 0.0, 5.4), (0.0, 5.0, 5.4), (10.0, -20.0, 5.4), (5.0, 5.0, 5.4)]
mcts_params: {}
Step	Entropy	MSE	Coverage	Heights	Actions	IGs
------------------------------------------------------------------------------------------------------------------------
0    	160000.00   	0.250   	0.0000  	[5.4, 5.4, 5.4, 5.4]	[-, -, -, -]	[-, -, -, -]
1    	158390.63   	0.238   	0.0594  	[5.4, 5.4, 5.4, 5.4]	[up, up, up, up]	[3904.5582, 3904.5582, 3514.1024, 2231.1761]
2    	156135.07   	0.224   	0.2062  	[10.8, 10.8, 10.8, 10.8]	[up, up, up, up]	[3742.7280, 2257.7829, 2670.0878, 1601.0235]
3    	153736.88   	0.211   	0.4059  	[16.2, 16.2, 16.2, 16.2]	[up, up, up, right]	[2466.4235, 1479.9627, 2257.8840, 1384.1968]
4    	150290.81   	0.197   	0.6075  	[21.7, 21.7, 21.7, 16.2]	[right, up, front, up]	[1621.0993, 1340.2546, 1810.6172, 1290.9120]
5    	147045.71   	0.186   	0.6989  	[21.7, 27.1, 21.7, 21.7]	[back, front, front, right]	[1089.2092, 857.1472, 1331.4039, 1137.4466]
6    	144410.51   	0.177   	0.7942  	[21.7, 27.1, 21.7, 21.7]	[back, left, up, front]	[1190.4105, 785.2151, 1078.7988, 972.3197]
7    	141548.26   	0.168   	0.8758  	[21.7, 27.1, 27.1, 21.7]	[back, left, front, front]	[1139.7463, 787.7345, 1068.0016, 1058.9841]
8    	138695.78   	0.160   	0.9250  	[21.7, 27.1, 27.1, 21.7]	[back, left, front, front]	[1188.6211, 891.8114, 986.5750, 834.9807]
9    	135551.99   	0.152   	0.9766  	[21.7, 27.1, 27.1, 21.7]	[right, back, front, right]	[1041.9945, 720.5520, 808.5074, 548.9236]
10   	132199.54   	0.146   	0.9850  	[21.7, 27.1, 27.1, 21.7]	[right, back, front, front]	[952.2687, 636.9512, 662.5158, 240.4880]
11   	128677.75   	0.140   	0.9853  	[21.7, 27.1, 27.1, 21.7]	[right, back, front, back]	[926.0840, 622.2936, 642.7018, 88.9494]
12   	125091.56   	0.133   	0.9861  	[21.7, 27.1, 27.1, 21.7]	[right, back, front, left]	[933.9030, 714.4760, 554.6988, 43.5229]
13   	121314.04   	0.127   	0.9869  	[21.7, 27.1, 27.1, 21.7]	[right, back, left, left]	[967.1023, 805.7295, 497.4365, 203.4605]
14   	117298.04   	0.119   	0.9892  	[21.7, 27.1, 27.1, 21.7]	[right, back, left, left]	[964.6632, 736.0743, 493.9233, 487.0087]
15   	112944.93   	0.112   	0.9912  	[21.7, 27.1, 27.1, 21.7]	[right, right, left, left]	[1060.0733, 512.0012, 491.9752, 666.3041]
16   	108517.03   	0.105   	0.9928  	[21.7, 27.1, 27.1, 21.7]	[right, right, left, left]	[1002.8500, 386.7625, 471.7137, 731.9715]
17   	103404.98   	0.098   	0.9944  	[21.7, 27.1, 27.1, 21.7]	[front, right, left, left]	[865.4718, 357.8494, 530.5142, 745.3543]
18   	97614.38    	0.090   	0.9959  	[21.7, 27.1, 27.1, 21.7]	[front, right, left, left]	[838.7778, 435.3588, 604.3065, 757.2049]
19   	91354.59    	0.083   	0.9975  	[21.7, 27.1, 27.1, 21.7]	[front, right, back, left]	[874.8485, 555.6419, 510.3591, 912.7727]
20   	85308.03    	0.076   	0.9991  	[21.7, 27.1, 27.1, 21.7]	[front, right, back, left]	[879.1742, 630.1126, 485.3280, 873.8634]
21   	79493.59    	0.070   	1.0000  	[21.7, 27.1, 27.1, 21.7]	[front, right, back, back]	[935.8668, 450.6400, 530.7237, 879.0184]
22   	74076.32    	0.064   	1.0000  	[21.7, 27.1, 27.1, 21.7]	[front, down, back, back]	[1059.3855, 434.9835, 570.9029, 929.2003]
23   	69042.93    	0.059   	1.0000  	[21.7, 21.7, 27.1, 21.7]	[front, back, back, back]	[1273.0654, 215.6441, 497.4775, 1008.5161]
24   	64585.44    	0.054   	1.0000  	[21.7, 21.7, 27.1, 21.7]	[front, front, left, back]	[1476.7654, 94.8969, 346.0661, 908.2383]
25   	60321.53    	0.050   	1.0000  	[21.7, 21.7, 27.1, 21.7]	[left, front, back, back]	[1095.1310, 98.8172, 176.6626, 884.2359]
26   	56103.58    	0.046   	1.0000  	[21.7, 21.7, 27.1, 21.7]	[left, front, down, back]	[788.8924, 302.6359, 99.0188, 787.1057]
27   	51619.82    	0.043   	1.0000  	[21.7, 21.7, 21.7, 21.7]	[left, front, left, back]	[687.1450, 454.3005, 72.8233, 566.5135]
28   	47461.07    	0.039   	1.0000  	[21.7, 21.7, 21.7, 21.7]	[left, front, left, right]	[670.7577, 508.9182, 27.9933, 565.5352]
29   	43293.27    	0.036   	1.0000  	[21.7, 21.7, 21.7, 21.7]	[left, front, down, back]	[650.7406, 530.0919, 23.6276, 713.2329]
30   	39184.02    	0.033   	1.0000  	[21.7, 21.7, 16.2, 21.7]	[left, front, back, right]	[697.9999, 586.9570, 17.2116, 783.5867]
31   	35442.91    	0.029   	1.0000  	[21.7, 21.7, 16.2, 21.7]	[left, front, right, right]	[721.3276, 703.4752, 13.8743, 741.1936]
32   	32111.44    	0.026   	1.0000  	[21.7, 21.7, 16.2, 21.7]	[left, front, hover, right]	[776.1991, 673.4615, 11.6593, 812.3156]
33   	29437.61    	0.024   	1.0000  	[21.7, 21.7, 16.2, 21.7]	[left, hover, front, right]	[519.3648, 345.2494, 10.0179, 864.2097]
34   	27334.11    	0.022   	1.0000  	[21.7, 21.7, 16.2, 21.7]	[left, left, up, right]	[219.7752, 150.0592, 10.6946, 886.7914]
35   	25381.58    	0.020   	1.0000  	[21.7, 21.7, 21.7, 21.7]	[down, left, front, right]	[96.0972, 109.4933, 17.4140, 969.4331]
36   	23369.44    	0.019   	1.0000  	[16.2, 21.7, 21.7, 21.7]	[front, left, front, right]	[60.4018, 100.2076, 29.3859, 1080.2006]
37   	21563.14    	0.017   	1.0000  	[16.2, 21.7, 21.7, 21.7]	[left, left, front, back]	[21.1274, 94.3275, 40.4665, 986.7421]
38   	20099.15    	0.016   	1.0000  	[16.2, 21.7, 21.7, 21.7]	[down, left, front, right]	[9.8261, 89.8690, 50.5975, 746.0653]
39   	19131.60    	0.015   	1.0000  	[10.8, 21.7, 21.7, 21.7]	[front, left, front, hover]	[7.5550, 90.9128, 67.0252, 356.6166]
40   	18412.53    	0.015   	1.0000  	[10.8, 21.7, 21.7, 21.7]	[back, left, front, front]	[3.0420, 109.6881, 77.5740, 135.1255]
41   	17412.71    	0.014   	1.0000  	[10.8, 21.7, 21.7, 21.7]	[back, left, front, up]	[3.9811, 112.8525, 76.7169, 80.5853]
42   	16017.25    	0.013   	1.0000  	[10.8, 21.7, 21.7, 27.1]	[back, front, front, left]	[4.4299, 46.4727, 205.8626, 65.3058]
43   	14541.59    	0.011   	1.0000  	[10.8, 21.7, 21.7, 27.1]	[back, front, front, left]	[5.8357, 16.0081, 194.6783, 64.0531]
44   	13380.24    	0.011   	1.0000  	[10.8, 21.7, 21.7, 27.1]	[back, front, right, left]	[32.2221, 5.7892, 188.3930, 70.3523]
45   	12520.55    	0.010   	1.0000  	[10.8, 21.7, 21.7, 27.1]	[back, left, right, left]	[40.5338, 3.0821, 194.4761, 74.4926]
46   	11743.01    	0.009   	1.0000  	[10.8, 21.7, 21.7, 27.1]	[back, back, right, left]	[49.7020, 3.7394, 178.4099, 80.1241]
47   	10980.74    	0.009   	1.0000  	[10.8, 21.7, 21.7, 27.1]	[back, back, right, left]	[56.2691, 4.3913, 184.9844, 85.8605]
48   	10132.69    	0.008   	1.0000  	[10.8, 21.7, 21.7, 27.1]	[back, back, right, left]	[68.7904, 6.0102, 209.1303, 103.9523]
49   	9228.73     	0.007   	1.0000  	[10.8, 21.7, 21.7, 27.1]	[back, back, right, left]	[87.9733, 8.3333, 247.3750, 116.6028]
50   	8374.28     	0.007   	1.0000  	[10.8, 21.7, 21.7, 27.1]	[back, down, right, back]	[135.8532, 7.7843, 310.5518, 74.6409]
51   	7406.49     	0.006   	1.0000  	[10.8, 16.2, 21.7, 27.1]	[back, back, right, back]	[280.4659, 10.2403, 370.3008, 37.7207]
52   	6636.33     	0.005   	1.0000  	[10.8, 16.2, 21.7, 27.1]	[left, back, right, back]	[61.5578, 12.8263, 408.0301, 18.4110]
53   	6243.02     	0.005   	1.0000  	[10.8, 16.2, 21.7, 27.1]	[right, back, hover, hover]	[10.1480, 17.0922, 196.6942, 7.9333]
54   	6054.69     	0.005   	1.0000  	[10.8, 16.2, 21.7, 27.1]	[right, back, hover, front]	[7.2881, 20.4706, 80.2101, 4.0052]
55   	5940.02     	0.005   	1.0000  	[10.8, 16.2, 21.7, 27.1]	[right, back, hover, hover]	[3.8303, 27.0141, 32.3250, 2.8065]
56   	5835.05     	0.004   	1.0000  	[10.8, 16.2, 21.7, 27.1]	[right, back, hover, down]	[2.0646, 30.1501, 16.4246, 2.0228]
57   	5700.91     	0.004   	1.0000  	[10.8, 16.2, 21.7, 21.7]	[right, back, back, left]	[0.7056, 40.0106, 11.0262, 1.6853]
58   	5454.48     	0.004   	1.0000  	[10.8, 16.2, 21.7, 21.7]	[right, back, back, front]	[1.1116, 42.2932, 8.8285, 1.2865]
59   	5142.80     	0.004   	1.0000  	[10.8, 16.2, 21.7, 21.7]	[right, back, left, front]	[2.2585, 87.4109, 7.4247, 1.7692]
60   	5005.63     	0.004   	1.0000  	[10.8, 16.2, 21.7, 21.7]	[right, back, hover, front]	[4.1443, 52.8691, 6.4221, 2.5873]
61   	4953.47     	0.004   	1.0000  	[10.8, 16.2, 21.7, 21.7]	[right, down, hover, front]	[6.2324, 27.8349, 6.4320, 4.0293]
62   	4902.89     	0.004   	1.0000  	[10.8, 10.8, 21.7, 21.7]	[right, left, hover, front]	[11.7776, 24.6593, 6.3076, 5.9266]
63   	4864.78     	0.004   	1.0000  	[10.8, 10.8, 21.7, 21.7]	[right, hover, hover, front]	[12.6267, 13.3728, 5.4764, 6.3347]
64   	4804.87     	0.003   	1.0000  	[10.8, 10.8, 21.7, 21.7]	[right, front, hover, front]	[34.8881, 10.0013, 5.2915, 8.2242]
65   	4656.58     	0.003   	1.0000  	[10.8, 10.8, 21.7, 21.7]	[right, front, right, front]	[112.8077, 11.0595, 4.7730, 11.6393]
66   	4376.88     	0.003   	1.0000  	[10.8, 10.8, 21.7, 21.7]	[right, front, back, front]	[235.4102, 11.2121, 4.7314, 29.9306]
67   	4240.55     	0.003   	1.0000  	[10.8, 10.8, 21.7, 21.7]	[hover, front, hover, front]	[51.5846, 8.9788, 3.7866, 42.0979]
68   	4196.63     	0.003   	1.0000  	[10.8, 10.8, 21.7, 21.7]	[hover, front, left, left]	[14.3562, 8.5584, 3.0489, 14.7371]
69   	4172.91     	0.003   	1.0000  	[10.8, 10.8, 21.7, 21.7]	[front, front, front, right]	[8.1499, 7.6902, 3.1679, 5.7911]
70   	4155.84     	0.003   	1.0000  	[10.8, 10.8, 21.7, 21.7]	[hover, hover, hover, hover]	[5.5822, 5.7503, 3.4293, 3.8301]
71   	4143.18     	0.003   	1.0000  	[10.8, 10.8, 21.7, 21.7]	[back, back, hover, hover]	[4.0753, 5.9943, 3.5766, 3.0065]
72   	4131.38     	0.003   	1.0000  	[10.8, 10.8, 21.7, 21.7]	[left, front, hover, hover]	[3.2495, 5.3155, 3.9072, 2.5516]
73   	4121.55     	0.003   	1.0000  	[10.8, 10.8, 21.7, 21.7]	[front, front, hover, right]	[2.8657, 4.0967, 3.0981, 1.8908]
74   	4112.40     	0.003   	1.0000  	[10.8, 10.8, 21.7, 21.7]	[left, front, hover, hover]	[2.3280, 4.2866, 3.0101, 1.6470]
75   	4106.01     	0.003   	1.0000  	[10.8, 10.8, 21.7, 21.7]	[hover, front, hover, right]	[2.1126, 3.8214, 2.9073, 1.5123]
76   	4099.46     	0.003   	1.0000  	[10.8, 10.8, 21.7, 21.7]	[hover, front, hover, left]	[1.6132, 3.6150, 2.3105, 1.4423]
77   	4092.79     	0.003   	1.0000  	[10.8, 10.8, 21.7, 21.7]	[back, left, down, hover]	[1.7553, 3.4122, 1.8814, 1.3059]
78   	4088.66     	0.003   	1.0000  	[10.8, 10.8, 16.2, 21.7]	[back, back, left, right]	[1.5684, 3.0283, 1.7557, 1.0850]
79   	4084.71     	0.003   	1.0000  	[10.8, 10.8, 16.2, 21.7]	[hover, hover, right, hover]	[1.1576, 3.6958, 1.2915, 1.1070]
80   	4080.12     	0.003   	1.0000  	[10.8, 10.8, 16.2, 21.7]	[right, hover, right, back]	[0.4867, 3.4094, 1.3588, 1.0638]
81   	4076.53     	0.003   	1.0000  	[10.8, 10.8, 16.2, 21.7]	[up, hover, right, back]	[0.8821, 2.5635, 1.6095, 1.2961]
82   	4075.00     	0.003   	1.0000  	[16.2, 10.8, 16.2, 21.7]	[front, left, front, back]	[0.6556, 1.8292, 1.5828, 1.6752]
83   	4072.43     	0.003   	1.0000  	[16.2, 10.8, 16.2, 21.7]	[front, front, right, left]	[0.5166, 1.5153, 1.9102, 1.4726]
84   	4066.54     	0.003   	1.0000  	[16.2, 10.8, 16.2, 21.7]	[front, hover, down, back]	[1.0005, 1.6387, 3.1898, 1.8814]
85   	4062.72     	0.003   	1.0000  	[16.2, 10.8, 10.8, 21.7]	[hover, hover, hover, back]	[0.4585, 1.7736, 2.2730, 2.2287]
86   	4058.52     	0.003   	1.0000  	[16.2, 10.8, 10.8, 21.7]	[left, front, front, left]	[0.2617, 1.5603, 1.8211, 2.3500]
87   	4053.90     	0.003   	1.0000  	[16.2, 10.8, 10.8, 21.7]	[left, front, front, hover]	[0.4827, 1.5538, 1.4661, 1.8662]
88   	4049.60     	0.003   	1.0000  	[16.2, 10.8, 10.8, 21.7]	[left, hover, front, hover]	[1.5028, 1.3468, 2.3077, 1.7193]
89   	4046.06     	0.003   	1.0000  	[16.2, 10.8, 10.8, 21.7]	[left, hover, hover, down]	[1.8634, 0.7376, 1.7512, 1.7689]
90   	4041.52     	0.003   	1.0000  	[16.2, 10.8, 10.8, 16.2]	[front, hover, hover, left]	[2.1650, 0.4214, 1.7469, 1.6915]
91   	4037.39     	0.003   	1.0000  	[16.2, 10.8, 10.8, 16.2]	[front, back, hover, back]	[2.7045, 0.4179, 1.5662, 1.6682]
92   	4032.94     	0.003   	1.0000  	[16.2, 10.8, 10.8, 16.2]	[front, back, up, down]	[3.2767, 0.7142, 1.1976, 1.8207]
93   	4029.33     	0.003   	1.0000  	[16.2, 10.8, 16.2, 10.8]	[front, right, hover, back]	[2.9404, 0.5073, 0.6333, 1.8004]
94   	4024.74     	0.003   	1.0000  	[16.2, 10.8, 16.2, 10.8]	[front, back, right, left]	[4.2120, 0.5430, 0.5741, 2.4212]
95   	4019.54     	0.003   	1.0000  	[16.2, 10.8, 16.2, 10.8]	[front, right, hover, back]	[7.5074, 0.7470, 0.6891, 2.6532]
96   	4011.46     	0.003   	1.0000  	[16.2, 10.8, 16.2, 10.8]	[right, back, down, hover]	[7.1981, 1.3549, 0.5774, 2.6382]
97   	3996.76     	0.003   	1.0000  	[16.2, 10.8, 10.8, 10.8]	[up, back, back, hover]	[7.1504, 2.6183, 0.8201, 2.7243]
98   	3943.34     	0.003   	1.0000  	[21.7, 10.8, 10.8, 10.8]	[up, back, hover, back]	[13.2062, 2.6257, 0.6464, 1.7681]
99   	3723.09     	0.002   	1.0000  	[27.1, 10.8, 10.8, 10.8]	[up, back, back, back]	[29.9218, 1.6565, 0.5931, 2.5648]
[2025-12-18T15:04:46]
Strategy: greedy_ig
Pairwise: biased
News mode: IGd
Num agents: 4
Iteration: 10
Error margin: None
Gaussian radius 5 
Grid info: range: 0-50-50, cell_size:0.125, map shape: (400, 400), center:True
init UAV positions: [(0.0, -10.0, 5.4), (-20.0, 15.0, 5.4), (10.0, -10.0, 5.4), (20.0, 0.0, 5.4)]
mcts_params: {}
Step	Entropy	MSE	Coverage	Heights	Actions	IGs
------------------------------------------------------------------------------------------------------------------------
0    	160000.00   	0.250   	0.0000  	[5.4, 5.4, 5.4, 5.4]	[-, -, -, -]	[-, -, -, -]
1    	158620.11   	0.238   	0.0625  	[5.4, 5.4, 5.4, 5.4]	[up, up, up, up]	[3904.5582, 3514.1024, 3470.7184, 3438.5303]
2    	156579.86   	0.225   	0.2225  	[10.8, 10.8, 10.8, 10.8]	[up, up, up, up]	[3183.9878, 2674.1652, 2452.7212, 2298.5767]
3    	153797.13   	0.211   	0.4006  	[16.2, 16.2, 16.2, 16.2]	[up, right, up, up]	[2465.4766, 2057.1203, 1657.1066, 1534.1402]
4    	150927.98   	0.199   	0.5663  	[21.7, 16.2, 21.7, 21.7]	[left, up, up, left]	[1552.8575, 1739.1686, 1311.1113, 1233.6906]
5    	148248.86   	0.189   	0.7159  	[21.7, 21.7, 27.1, 21.7]	[left, right, left, left]	[1322.6384, 1643.2984, 964.0599, 1090.1090]
6    	146253.09   	0.181   	0.7831  	[21.7, 21.7, 27.1, 21.7]	[left, right, left, front]	[1185.2582, 1435.1062, 762.3451, 1076.5726]
7    	144477.11   	0.173   	0.8689  	[21.7, 21.7, 27.1, 21.7]	[left, right, left, front]	[1184.6020, 1277.5856, 754.2189, 1151.6648]
8    	142317.42   	0.165   	0.9400  	[21.7, 21.7, 27.1, 21.7]	[front, right, left, front]	[932.0568, 1107.8930, 677.6340, 1155.7568]
9    	139812.46   	0.157   	0.9720  	[21.7, 21.7, 27.1, 21.7]	[front, right, left, front]	[873.6525, 957.5942, 689.1087, 1059.1366]
10   	136580.06   	0.150   	0.9962  	[21.7, 21.7, 27.1, 21.7]	[front, back, left, left]	[865.1845, 816.0845, 690.2865, 883.3222]
11   	132352.96   	0.142   	0.9994  	[21.7, 21.7, 27.1, 21.7]	[front, back, front, left]	[799.3249, 663.2158, 580.2011, 775.8475]
12   	127211.37   	0.134   	0.9994  	[21.7, 21.7, 27.1, 21.7]	[front, back, front, left]	[657.5295, 479.5391, 464.4981, 686.3488]
13   	121329.26   	0.126   	0.9994  	[21.7, 21.7, 27.1, 21.7]	[front, back, front, left]	[604.0940, 475.0909, 340.9055, 577.7043]
14   	114955.25   	0.118   	0.9994  	[21.7, 21.7, 27.1, 21.7]	[front, back, front, left]	[597.0850, 489.9448, 307.0256, 442.8782]
15   	108519.29   	0.110   	0.9994  	[21.7, 21.7, 27.1, 21.7]	[front, back, front, left]	[341.1323, 680.0218, 318.1822, 329.5460]
16   	102337.27   	0.104   	0.9994  	[21.7, 21.7, 27.1, 21.7]	[right, back, left, back]	[182.5399, 973.2604, 204.0593, 246.4109]
17   	95975.08    	0.098   	0.9994  	[21.7, 21.7, 27.1, 21.7]	[right, back, front, back]	[246.9925, 1132.6465, 185.5261, 227.5624]
18   	90068.12    	0.091   	0.9994  	[21.7, 21.7, 27.1, 21.7]	[right, back, front, back]	[417.2021, 1136.0992, 178.0567, 382.3488]
19   	85011.82    	0.086   	0.9994  	[21.7, 21.7, 27.1, 21.7]	[right, right, down, back]	[627.1800, 1106.9269, 220.0588, 599.5354]
20   	80361.32    	0.080   	0.9994  	[21.7, 21.7, 21.7, 21.7]	[right, right, front, back]	[883.7191, 1168.0833, 191.8203, 840.3764]
21   	76013.22    	0.074   	0.9994  	[21.7, 21.7, 21.7, 21.7]	[right, right, left, back]	[1039.7286, 1207.3306, 129.7549, 1047.6909]
22   	72010.83    	0.069   	0.9994  	[21.7, 21.7, 21.7, 21.7]	[right, right, hover, back]	[1294.9910, 1247.0641, 62.6057, 1216.6319]
23   	68874.88    	0.064   	0.9994  	[21.7, 21.7, 21.7, 21.7]	[right, right, right, left]	[1368.6738, 925.1256, 42.4146, 1336.2337]
24   	65808.73    	0.059   	0.9994  	[21.7, 21.7, 21.7, 21.7]	[back, front, right, left]	[1130.4849, 739.2008, 88.0909, 1430.0617]
25   	61999.21    	0.055   	0.9994  	[21.7, 21.7, 21.7, 21.7]	[back, front, right, back]	[757.2345, 620.4875, 264.0856, 1408.7612]
26   	57842.73    	0.050   	0.9994  	[21.7, 21.7, 21.7, 21.7]	[back, front, right, left]	[535.5047, 450.5276, 597.3298, 970.0611]
27   	53831.69    	0.046   	1.0000  	[21.7, 21.7, 21.7, 21.7]	[back, front, right, hover]	[327.1503, 209.9953, 770.0980, 442.1216]
28   	50253.27    	0.043   	1.0000  	[21.7, 21.7, 21.7, 21.7]	[up, front, right, front]	[124.9708, 245.4238, 688.8491, 220.1865]
29   	46485.87    	0.039   	1.0000  	[27.1, 21.7, 21.7, 21.7]	[back, front, right, front]	[139.0148, 300.6952, 620.3796, 296.4172]
30   	42270.73    	0.035   	1.0000  	[27.1, 21.7, 21.7, 21.7]	[back, front, right, front]	[260.7145, 343.9520, 490.0465, 387.9897]
31   	38386.59    	0.031   	1.0000  	[27.1, 21.7, 21.7, 21.7]	[back, front, front, front]	[384.9347, 253.9173, 251.4610, 430.1378]
32   	35008.91    	0.028   	1.0000  	[27.1, 21.7, 21.7, 21.7]	[back, right, right, front]	[630.5616, 200.7954, 261.5940, 448.1090]
33   	32505.93    	0.026   	1.0000  	[27.1, 21.7, 21.7, 21.7]	[left, front, front, front]	[442.7145, 69.6124, 121.3742, 457.1989]
34   	30541.72    	0.024   	1.0000  	[27.1, 21.7, 21.7, 21.7]	[back, right, back, front]	[270.2738, 48.2981, 73.5923, 506.4680]
35   	29045.01    	0.023   	1.0000  	[27.1, 21.7, 21.7, 21.7]	[down, right, back, front]	[162.5371, 15.8004, 67.7416, 577.8735]
36   	28055.42    	0.022   	1.0000  	[21.7, 21.7, 21.7, 21.7]	[left, front, back, hover]	[92.1989, 4.7731, 82.3036, 294.5012]
37   	27376.07    	0.022   	1.0000  	[21.7, 21.7, 21.7, 21.7]	[left, left, back, hover]	[114.7266, 3.2354, 81.5383, 115.0388]
38   	26844.00    	0.021   	1.0000  	[21.7, 21.7, 21.7, 21.7]	[left, left, back, hover]	[135.7841, 3.2056, 82.4554, 38.5259]
39   	26360.33    	0.021   	1.0000  	[21.7, 21.7, 21.7, 21.7]	[left, left, back, hover]	[151.5953, 4.5093, 87.9506, 14.3482]
40   	25947.61    	0.020   	1.0000  	[21.7, 21.7, 21.7, 21.7]	[left, left, back, right]	[159.5874, 4.4655, 98.5619, 7.9789]
41   	25615.42    	0.020   	1.0000  	[21.7, 21.7, 21.7, 21.7]	[left, down, back, hover]	[183.3207, 3.7927, 116.9997, 6.1829]
42   	25286.50    	0.019   	1.0000  	[21.7, 16.2, 21.7, 21.7]	[left, left, back, hover]	[261.1404, 4.2179, 126.7086, 4.8460]
43   	25062.73    	0.019   	1.0000  	[21.7, 16.2, 21.7, 21.7]	[hover, left, back, left]	[121.8094, 2.6005, 136.7674, 3.6978]
44   	24870.02    	0.019   	1.0000  	[21.7, 16.2, 21.7, 21.7]	[hover, back, back, down]	[43.0047, 2.4574, 178.1538, 3.4520]
45   	24786.96    	0.019   	1.0000  	[21.7, 16.2, 21.7, 16.2]	[hover, back, hover, back]	[15.1291, 2.4804, 79.0003, 3.3893]
46   	24750.79    	0.019   	1.0000  	[21.7, 16.2, 21.7, 16.2]	[hover, back, back, left]	[6.9424, 3.1910, 31.5282, 3.1819]
47   	24737.74    	0.019   	1.0000  	[21.7, 16.2, 21.7, 16.2]	[hover, down, down, left]	[4.0509, 3.3993, 16.8230, 2.9215]
48   	24724.02    	0.018   	1.0000  	[21.7, 10.8, 16.2, 16.2]	[hover, left, right, left]	[3.3198, 3.9928, 17.3677, 3.2291]
49   	24715.70    	0.018   	1.0000  	[21.7, 10.8, 16.2, 16.2]	[hover, hover, hover, hover]	[3.0358, 3.2846, 9.8222, 3.0716]
50   	24710.07    	0.018   	1.0000  	[21.7, 10.8, 16.2, 16.2]	[front, hover, hover, down]	[2.5717, 2.1903, 8.4365, 2.1769]
51   	24704.71    	0.018   	1.0000  	[21.7, 10.8, 16.2, 10.8]	[front, back, hover, right]	[4.4188, 1.8347, 6.2673, 1.4837]
52   	24700.14    	0.018   	1.0000  	[21.7, 10.8, 16.2, 10.8]	[front, back, back, back]	[4.7437, 2.2356, 4.6479, 1.7539]
53   	24691.77    	0.018   	1.0000  	[21.7, 10.8, 16.2, 10.8]	[front, back, back, hover]	[5.2576, 2.9660, 4.4212, 1.2830]
54   	24680.56    	0.018   	1.0000  	[21.7, 10.8, 16.2, 10.8]	[front, back, hover, hover]	[6.4242, 3.6574, 2.7577, 0.6342]
55   	24665.70    	0.018   	1.0000  	[21.7, 10.8, 16.2, 10.8]	[front, back, down, hover]	[6.3335, 5.2868, 1.9105, 0.9021]
56   	24632.20    	0.018   	1.0000  	[21.7, 10.8, 10.8, 10.8]	[front, back, hover, hover]	[13.0505, 5.9173, 1.7816, 0.5827]
57   	24525.83    	0.018   	1.0000  	[21.7, 10.8, 10.8, 10.8]	[front, up, up, back]	[36.4152, 6.1682, 1.2144, 0.3576]
58   	24415.50    	0.018   	1.0000  	[21.7, 16.2, 16.2, 10.8]	[front, up, hover, up]	[30.3726, 21.6292, 0.9599, 0.4287]
59   	24152.00    	0.018   	1.0000  	[21.7, 21.7, 16.2, 16.2]	[hover, up, left, back]	[10.7630, 59.5323, 1.0182, 2.6939]
60   	23397.35    	0.017   	1.0000  	[21.7, 27.1, 16.2, 16.2]	[hover, left, left, back]	[5.6481, 375.0079, 1.2449, 4.3014]
61   	21834.27    	0.016   	1.0000  	[21.7, 27.1, 16.2, 16.2]	[hover, left, left, back]	[3.9535, 588.8704, 4.0491, 5.8619]
62   	19563.97    	0.014   	1.0000  	[21.7, 27.1, 16.2, 16.2]	[hover, left, left, back]	[3.0842, 667.8648, 6.1421, 4.8175]
63   	17268.79    	0.012   	1.0000  	[21.7, 27.1, 16.2, 16.2]	[hover, left, left, back]	[3.0241, 561.5094, 8.4747, 10.3804]
64   	16033.09    	0.012   	1.0000  	[21.7, 27.1, 16.2, 16.2]	[hover, down, left, back]	[2.6656, 321.4663, 8.0676, 50.5820]
65   	15007.80    	0.011   	1.0000  	[21.7, 21.7, 16.2, 16.2]	[hover, left, left, right]	[2.3839, 314.0655, 16.8934, 16.2984]
66   	14428.96    	0.010   	1.0000  	[21.7, 21.7, 16.2, 16.2]	[right, front, left, right]	[2.0024, 135.9747, 30.6270, 10.1257]
67   	14079.73    	0.010   	1.0000  	[21.7, 21.7, 16.2, 16.2]	[right, front, left, right]	[2.6926, 51.0073, 55.8852, 5.7005]
68   	13541.02    	0.010   	1.0000  	[21.7, 21.7, 16.2, 16.2]	[right, back, left, right]	[2.0697, 23.9397, 117.8718, 53.7634]
69   	12898.93    	0.009   	1.0000  	[21.7, 21.7, 16.2, 16.2]	[right, back, left, right]	[2.6134, 23.0296, 119.7462, 150.0138]
70   	11989.52    	0.009   	1.0000  	[21.7, 21.7, 16.2, 16.2]	[right, back, front, right]	[3.1025, 47.8852, 59.2536, 286.3631]
71   	10814.25    	0.008   	1.0000  	[21.7, 21.7, 16.2, 16.2]	[right, hover, front, right]	[7.9595, 22.1407, 37.7304, 659.0786]
72   	9424.33     	0.007   	1.0000  	[21.7, 21.7, 16.2, 16.2]	[right, hover, front, right]	[19.3608, 10.8280, 26.1845, 892.9426]
73   	7931.06     	0.005   	1.0000  	[21.7, 21.7, 16.2, 16.2]	[right, hover, front, right]	[49.8353, 6.7800, 15.9869, 1015.5008]
74   	6536.88     	0.004   	1.0000  	[21.7, 21.7, 16.2, 16.2]	[front, back, front, right]	[15.4668, 4.8412, 23.8856, 1036.2941]
75   	5185.00     	0.003   	1.0000  	[21.7, 21.7, 16.2, 16.2]	[hover, down, front, right]	[6.1867, 5.1089, 21.4222, 1043.1836]
76   	4186.31     	0.003   	1.0000  	[21.7, 16.2, 16.2, 16.2]	[hover, left, front, right]	[3.2113, 5.6961, 17.8762, 785.0775]
77   	3782.27     	0.002   	1.0000  	[21.7, 16.2, 16.2, 16.2]	[hover, left, front, hover]	[1.7367, 5.5711, 16.0289, 285.4541]
78   	3667.14     	0.002   	1.0000  	[21.7, 16.2, 16.2, 16.2]	[down, hover, front, hover]	[1.6245, 5.0405, 12.4241, 76.3514]
79   	3624.96     	0.002   	1.0000  	[16.2, 16.2, 16.2, 16.2]	[right, front, right, back]	[2.2173, 3.6248, 10.7008, 22.8370]
80   	3600.40     	0.002   	1.0000  	[16.2, 16.2, 16.2, 16.2]	[back, down, up, hover]	[1.7005, 3.3350, 8.7920, 9.3286]
81   	3578.85     	0.002   	1.0000  	[16.2, 10.8, 21.7, 16.2]	[hover, front, front, hover]	[1.7201, 2.2970, 8.0206, 5.8395]
82   	3557.96     	0.002   	1.0000  	[16.2, 10.8, 21.7, 16.2]	[back, right, front, down]	[1.7309, 2.7420, 8.9863, 4.3802]
83   	3544.29     	0.002   	1.0000  	[16.2, 10.8, 21.7, 10.8]	[down, front, front, right]	[1.3144, 3.1019, 5.5354, 3.1990]
84   	3529.98     	0.002   	1.0000  	[10.8, 10.8, 21.7, 10.8]	[right, front, back, front]	[1.3991, 5.9815, 4.3341, 2.6181]
85   	3518.71     	0.002   	1.0000  	[10.8, 10.8, 21.7, 10.8]	[front, front, right, left]	[1.1902, 5.3839, 4.2776, 2.3344]
86   	3508.83     	0.002   	1.0000  	[10.8, 10.8, 21.7, 10.8]	[hover, left, right, up]	[0.6674, 5.8661, 4.2401, 2.1057]
87   	3496.84     	0.002   	1.0000  	[10.8, 10.8, 21.7, 16.2]	[right, front, right, front]	[0.6872, 6.4708, 4.2367, 3.2955]
88   	3485.29     	0.002   	1.0000  	[10.8, 10.8, 21.7, 16.2]	[back, front, back, left]	[0.3048, 6.9980, 4.3904, 2.8429]
89   	3476.66     	0.002   	1.0000  	[10.8, 10.8, 21.7, 16.2]	[hover, hover, back, left]	[0.0785, 5.1882, 4.8246, 2.2239]
90   	3467.46     	0.002   	1.0000  	[10.8, 10.8, 21.7, 16.2]	[hover, front, back, left]	[0.2441, 4.1397, 5.4451, 3.0862]
91   	3452.52     	0.002   	1.0000  	[10.8, 10.8, 21.7, 16.2]	[hover, left, back, left]	[0.0701, 3.3164, 6.7878, 2.4887]
92   	3444.05     	0.002   	1.0000  	[10.8, 10.8, 21.7, 16.2]	[hover, hover, hover, hover]	[0.0141, 1.6543, 6.0523, 2.0254]
93   	3437.01     	0.002   	1.0000  	[10.8, 10.8, 21.7, 16.2]	[hover, up, left, hover]	[0.0622, 1.0348, 5.4060, 2.0278]
94   	3425.93     	0.002   	1.0000  	[10.8, 16.2, 21.7, 16.2]	[hover, back, left, hover]	[0.0132, 1.2422, 5.5144, 1.8321]
95   	3415.39     	0.002   	1.0000  	[10.8, 16.2, 21.7, 16.2]	[hover, hover, back, hover]	[0.0101, 0.9803, 5.4808, 1.3011]
96   	3405.64     	0.002   	1.0000  	[10.8, 16.2, 21.7, 16.2]	[hover, hover, back, hover]	[0.0432, 0.8899, 5.2982, 0.8600]
97   	3393.60     	0.002   	1.0000  	[10.8, 16.2, 21.7, 16.2]	[hover, hover, back, hover]	[0.0080, 0.9587, 5.7111, 0.3520]
98   	3383.68     	0.002   	1.0000  	[10.8, 16.2, 21.7, 16.2]	[hover, hover, left, front]	[0.0428, 0.8227, 5.7195, 0.1857]
99   	3373.83     	0.002   	1.0000  	[10.8, 16.2, 21.7, 16.2]	[hover, hover, hover, front]	[0.0080, 1.0149, 5.0908, 0.4707]
[2025-12-18T15:04:57]
Strategy: greedy_ig
Pairwise: biased
News mode: IGd
Num agents: 4
Iteration: 11
Error margin: None
Gaussian radius 5 
Grid info: range: 0-50-50, cell_size:0.125, map shape: (400, 400), center:True
init UAV positions: [(-5.0, -25.0, 5.4), (-5.0, 20.0, 5.4), (20.0, -20.0, 5.4), (15.0, 25.0, 5.4)]
mcts_params: {}
Step	Entropy	MSE	Coverage	Heights	Actions	IGs
------------------------------------------------------------------------------------------------------------------------
0    	160000.00   	0.250   	0.0000  	[5.4, 5.4, 5.4, 5.4]	[-, -, -, -]	[-, -, -, -]
1    	159110.92   	0.241   	0.0469  	[5.4, 5.4, 5.4, 5.4]	[up, up, up, up]	[1952.2791, 3514.1024, 3162.6921, 1952.2791]
2    	158217.96   	0.233   	0.1694  	[10.8, 10.8, 10.8, 10.8]	[up, up, up, up]	[1899.2280, 2653.9137, 1863.1554, 1886.4186]
3    	157265.38   	0.225   	0.3311  	[16.2, 16.2, 16.2, 16.2]	[up, up, front, back]	[1780.6710, 2185.3924, 1471.3301, 1671.5705]
4    	156279.44   	0.217   	0.4850  	[21.7, 21.7, 16.2, 16.2]	[front, back, left, back]	[1760.6577, 1949.7889, 1391.9804, 1548.7305]
5    	155369.31   	0.210   	0.5905  	[21.7, 21.7, 16.2, 16.2]	[front, back, front, back]	[1624.1891, 1680.1755, 1358.1950, 1511.5536]
6    	153954.25   	0.201   	0.6959  	[21.7, 21.7, 16.2, 16.2]	[front, up, up, up]	[1548.0955, 1597.5839, 1459.3689, 1439.0399]
7    	151850.90   	0.191   	0.8475  	[21.7, 27.1, 21.7, 21.7]	[up, back, left, back]	[1379.1804, 1315.5162, 1265.2907, 1400.9227]
8    	149329.01   	0.182   	0.9053  	[27.1, 27.1, 21.7, 21.7]	[front, left, front, left]	[1126.2613, 1008.2276, 1115.6917, 1232.0024]
9    	146103.43   	0.174   	0.9500  	[27.1, 27.1, 21.7, 21.7]	[front, back, left, left]	[981.5427, 779.3670, 994.8328, 1090.7662]
10   	142728.57   	0.165   	0.9539  	[27.1, 27.1, 21.7, 21.7]	[left, back, left, left]	[710.0916, 593.9307, 951.6931, 1076.0881]
11   	139252.31   	0.158   	0.9750  	[27.1, 27.1, 21.7, 21.7]	[left, back, left, left]	[487.3404, 505.9343, 877.9147, 1072.6860]
12   	135506.32   	0.150   	0.9906  	[27.1, 27.1, 21.7, 21.7]	[front, right, left, left]	[309.5060, 315.1944, 715.7399, 866.2770]
13   	131619.07   	0.143   	0.9922  	[27.1, 27.1, 21.7, 21.7]	[front, right, left, left]	[298.2660, 242.3290, 645.8345, 758.2501]
14   	127489.34   	0.135   	0.9938  	[27.1, 27.1, 21.7, 21.7]	[front, right, left, left]	[294.9164, 296.4874, 706.1201, 735.8123]
15   	123172.80   	0.126   	0.9953  	[27.1, 27.1, 21.7, 21.7]	[front, right, left, left]	[317.8138, 506.1947, 832.4327, 686.2892]
16   	118905.22   	0.118   	0.9969  	[27.1, 27.1, 21.7, 21.7]	[front, right, left, left]	[315.6368, 756.5996, 1028.5707, 555.6759]
17   	114720.73   	0.111   	1.0000  	[27.1, 27.1, 21.7, 21.7]	[right, right, back, back]	[314.0449, 771.2278, 914.7596, 511.6417]
18   	110286.44   	0.105   	1.0000  	[27.1, 27.1, 21.7, 21.7]	[front, back, left, back]	[348.0936, 800.0341, 689.6707, 497.4103]
19   	105667.07   	0.099   	1.0000  	[27.1, 27.1, 21.7, 21.7]	[right, back, left, back]	[413.4000, 859.5511, 315.4717, 694.7918]
20   	100729.32   	0.093   	1.0000  	[27.1, 27.1, 21.7, 21.7]	[right, back, front, back]	[581.6579, 960.1444, 163.8725, 687.2440]
21   	95417.85    	0.086   	1.0000  	[27.1, 27.1, 21.7, 21.7]	[right, back, front, back]	[741.3695, 768.4697, 339.3213, 484.6762]
22   	90136.05    	0.080   	1.0000  	[27.1, 27.1, 21.7, 21.7]	[right, down, front, right]	[892.0553, 490.3123, 238.3222, 382.1667]
23   	84715.34    	0.074   	1.0000  	[27.1, 21.7, 21.7, 21.7]	[right, back, front, back]	[975.7363, 396.9217, 488.1095, 607.1675]
24   	79676.28    	0.069   	1.0000  	[27.1, 21.7, 21.7, 21.7]	[right, right, front, back]	[961.9020, 224.6555, 775.7887, 967.7364]
25   	75004.53    	0.063   	1.0000  	[27.1, 21.7, 21.7, 21.7]	[back, back, front, back]	[663.6600, 88.9175, 980.7317, 1211.5719]
26   	70285.60    	0.059   	1.0000  	[27.1, 21.7, 21.7, 21.7]	[back, left, front, right]	[543.3203, 43.7726, 1139.5078, 1033.3015]
27   	65188.27    	0.054   	1.0000  	[27.1, 21.7, 21.7, 21.7]	[back, left, front, right]	[432.6547, 73.4897, 1214.0020, 811.0930]
28   	59513.62    	0.049   	1.0000  	[27.1, 21.7, 21.7, 21.7]	[back, left, right, right]	[342.8019, 156.8401, 1235.2810, 488.8778]
29   	53346.29    	0.043   	1.0000  	[27.1, 21.7, 21.7, 21.7]	[back, left, right, right]	[272.2689, 119.7541, 1232.2689, 245.1524]
30   	46785.62    	0.038   	1.0000  	[27.1, 21.7, 21.7, 21.7]	[back, left, right, right]	[204.5934, 190.4598, 1245.3865, 340.6796]
31   	40073.51    	0.033   	1.0000  	[27.1, 21.7, 21.7, 21.7]	[right, left, right, right]	[136.2690, 364.2216, 1250.3387, 398.5976]
32   	33502.22    	0.028   	1.0000  	[27.1, 21.7, 21.7, 21.7]	[right, left, right, right]	[70.3821, 563.1798, 1247.0698, 368.0743]
33   	28497.75    	0.024   	1.0000  	[27.1, 21.7, 21.7, 21.7]	[right, left, right, back]	[28.8046, 779.4702, 1237.5660, 279.1381]
34   	24870.92    	0.021   	1.0000  	[27.1, 21.7, 21.7, 21.7]	[down, left, right, right]	[19.0894, 645.1148, 1281.0796, 174.3880]
35   	21752.50    	0.018   	1.0000  	[21.7, 21.7, 21.7, 21.7]	[back, front, right, front]	[17.4437, 367.5547, 1334.7346, 62.0115]
36   	19192.49    	0.016   	1.0000  	[21.7, 21.7, 21.7, 21.7]	[down, front, right, front]	[13.1751, 193.0103, 1346.0423, 77.7347]
37   	17207.58    	0.014   	1.0000  	[16.2, 21.7, 21.7, 21.7]	[back, front, right, front]	[27.6019, 120.0864, 1023.2939, 45.2840]
38   	15878.07    	0.013   	1.0000  	[16.2, 21.7, 21.7, 21.7]	[left, front, front, front]	[19.4046, 101.8965, 720.8611, 19.0602]
39   	15226.23    	0.012   	1.0000  	[16.2, 21.7, 21.7, 21.7]	[back, front, front, down]	[14.0065, 102.9528, 308.1021, 11.2126]
40   	14920.91    	0.012   	1.0000  	[16.2, 21.7, 21.7, 16.2]	[down, front, down, right]	[14.1130, 103.3454, 139.3328, 9.5644]
41   	14708.59    	0.012   	1.0000  	[10.8, 21.7, 16.2, 16.2]	[left, front, right, front]	[13.0340, 97.7831, 85.7353, 4.2436]
42   	14501.11    	0.011   	1.0000  	[10.8, 21.7, 16.2, 16.2]	[hover, front, back, front]	[8.1755, 114.3663, 26.1489, 5.4684]
43   	14228.51    	0.011   	1.0000  	[10.8, 21.7, 16.2, 16.2]	[left, front, back, front]	[6.4377, 147.9019, 31.1559, 5.2729]
44   	14024.56    	0.011   	1.0000  	[10.8, 21.7, 16.2, 16.2]	[left, front, up, front]	[6.0239, 145.2588, 15.2185, 5.6796]
45   	13887.46    	0.011   	1.0000  	[10.8, 21.7, 21.7, 16.2]	[up, left, up, front]	[4.3314, 70.0854, 10.9204, 6.3779]
46   	13799.41    	0.011   	1.0000  	[16.2, 21.7, 27.1, 16.2]	[front, left, left, front]	[3.4621, 30.1536, 17.7723, 5.8230]
47   	13702.18    	0.011   	1.0000  	[16.2, 21.7, 27.1, 16.2]	[left, left, left, right]	[3.3627, 13.5467, 27.4310, 1.7605]
48   	13581.94    	0.010   	1.0000  	[16.2, 21.7, 27.1, 16.2]	[front, down, left, down]	[4.5754, 7.7200, 38.2864, 1.9159]
49   	13448.50    	0.010   	1.0000  	[16.2, 16.2, 27.1, 10.8]	[front, front, left, front]	[4.0781, 8.7113, 46.7372, 2.1488]
50   	13294.29    	0.010   	1.0000  	[16.2, 16.2, 27.1, 10.8]	[front, right, left, hover]	[4.3077, 6.5975, 44.9372, 1.4205]
51   	13165.28    	0.010   	1.0000  	[16.2, 16.2, 27.1, 10.8]	[left, left, left, hover]	[3.6587, 5.4026, 44.9048, 0.8145]
52   	13036.70    	0.010   	1.0000  	[16.2, 16.2, 27.1, 10.8]	[back, back, left, left]	[2.7364, 4.4001, 46.3025, 0.7429]
53   	12909.68    	0.010   	1.0000  	[16.2, 16.2, 27.1, 10.8]	[front, down, left, back]	[2.0232, 5.0233, 51.2653, 0.3358]
54   	12806.91    	0.010   	1.0000  	[16.2, 10.8, 27.1, 10.8]	[right, back, left, right]	[2.0690, 4.5559, 46.1062, 0.1182]
55   	12748.98    	0.010   	1.0000  	[16.2, 10.8, 27.1, 10.8]	[up, hover, front, left]	[2.6254, 4.3045, 24.2613, 0.0225]
56   	12722.23    	0.010   	1.0000  	[21.7, 10.8, 27.1, 10.8]	[front, hover, down, left]	[3.1865, 3.3484, 14.3697, 0.0737]
57   	12693.99    	0.010   	1.0000  	[21.7, 10.8, 21.7, 10.8]	[front, back, left, up]	[6.2762, 2.7697, 13.5101, 0.5359]
58   	12669.72    	0.010   	1.0000  	[21.7, 10.8, 21.7, 16.2]	[front, right, front, left]	[9.6418, 2.5407, 6.9163, 1.8590]
59   	12643.04    	0.010   	1.0000  	[21.7, 10.8, 21.7, 16.2]	[right, back, left, left]	[10.6806, 3.2538, 4.9325, 3.6651]
60   	12601.13    	0.009   	1.0000  	[21.7, 10.8, 21.7, 16.2]	[right, back, down, left]	[15.4706, 4.2274, 5.7437, 3.5891]
61   	12535.72    	0.009   	1.0000  	[21.7, 10.8, 16.2, 16.2]	[up, back, left, down]	[19.3053, 6.0232, 3.0941, 5.4739]
62   	12439.01    	0.009   	1.0000  	[27.1, 10.8, 16.2, 10.8]	[front, back, left, back]	[35.8413, 8.2801, 1.8345, 5.1383]
63   	12273.41    	0.009   	1.0000  	[27.1, 10.8, 16.2, 10.8]	[front, back, hover, back]	[73.7278, 9.7826, 1.4605, 4.1713]
64   	12180.83    	0.009   	1.0000  	[27.1, 10.8, 16.2, 10.8]	[hover, right, back, left]	[36.9326, 8.9529, 1.4217, 3.6340]
65   	12134.71    	0.009   	1.0000  	[27.1, 10.8, 16.2, 10.8]	[hover, hover, down, hover]	[17.5906, 7.3444, 2.1114, 2.1930]
66   	12108.16    	0.009   	1.0000  	[27.1, 10.8, 10.8, 10.8]	[hover, hover, back, back]	[10.2564, 7.2121, 2.5840, 1.9703]
67   	12084.92    	0.009   	1.0000  	[27.1, 10.8, 10.8, 10.8]	[left, up, back, left]	[7.9032, 5.8046, 1.9124, 2.0906]
68   	12057.37    	0.009   	1.0000  	[27.1, 16.2, 10.8, 10.8]	[left, back, right, left]	[7.8719, 8.1832, 2.2418, 1.3999]
69   	11999.39    	0.009   	1.0000  	[27.1, 16.2, 10.8, 10.8]	[left, back, back, hover]	[12.4223, 15.2680, 2.7072, 0.7649]
70   	11918.37    	0.009   	1.0000  	[27.1, 16.2, 10.8, 10.8]	[left, back, hover, hover]	[17.8976, 16.1988, 1.7208, 0.9122]
71   	11789.82    	0.008   	1.0000  	[27.1, 16.2, 10.8, 10.8]	[left, left, up, front]	[34.0286, 6.1900, 0.8651, 1.0730]
72   	11590.57    	0.008   	1.0000  	[27.1, 16.2, 16.2, 10.8]	[left, left, back, right]	[51.5506, 3.3594, 1.7396, 0.8407]
73   	11343.42    	0.008   	1.0000  	[27.1, 16.2, 16.2, 10.8]	[left, hover, back, right]	[64.3714, 3.0512, 3.6155, 1.1631]
74   	11197.50    	0.008   	1.0000  	[27.1, 16.2, 16.2, 10.8]	[front, down, back, hover]	[43.4702, 2.5727, 5.2340, 0.7438]
75   	11112.24    	0.008   	1.0000  	[27.1, 10.8, 16.2, 10.8]	[front, front, right, hover]	[26.7204, 1.5862, 3.1840, 0.6661]
76   	11064.25    	0.008   	1.0000  	[27.1, 10.8, 16.2, 10.8]	[left, hover, back, hover]	[15.0601, 1.7966, 2.3002, 0.6945]
77   	11029.13    	0.008   	1.0000  	[27.1, 10.8, 16.2, 10.8]	[down, hover, back, back]	[18.6298, 0.9513, 2.8780, 0.2986]
78   	11000.27    	0.008   	1.0000  	[21.7, 10.8, 16.2, 10.8]	[back, back, back, back]	[14.8895, 0.5823, 5.8778, 0.6298]
79   	10915.96    	0.008   	1.0000  	[21.7, 10.8, 16.2, 10.8]	[hover, hover, back, back]	[11.2917, 0.7442, 40.2972, 1.6274]
80   	10869.80    	0.008   	1.0000  	[21.7, 10.8, 16.2, 10.8]	[hover, front, right, back]	[10.0893, 0.6095, 17.9155, 1.2864]
81   	10816.60    	0.008   	1.0000  	[21.7, 10.8, 16.2, 10.8]	[hover, front, right, back]	[8.8187, 0.7181, 27.3121, 1.2402]
82   	10715.98    	0.008   	1.0000  	[21.7, 10.8, 16.2, 10.8]	[hover, up, right, back]	[8.0857, 0.8195, 57.8803, 2.3000]
83   	10580.97    	0.007   	1.0000  	[21.7, 16.2, 16.2, 10.8]	[hover, right, right, up]	[7.4464, 1.5341, 68.5245, 2.3867]
84   	10474.12    	0.007   	1.0000  	[21.7, 16.2, 16.2, 16.2]	[hover, front, right, up]	[6.7730, 1.8389, 41.5909, 2.9538]
85   	10421.84    	0.007   	1.0000  	[21.7, 16.2, 16.2, 21.7]	[down, front, right, up]	[5.4364, 2.6900, 14.0270, 3.0949]
86   	10381.49    	0.007   	1.0000  	[16.2, 16.2, 16.2, 27.1]	[left, hover, right, left]	[4.8020, 2.4333, 5.5550, 4.8061]
87   	10287.20    	0.007   	1.0000  	[16.2, 16.2, 16.2, 27.1]	[front, hover, back, left]	[4.7416, 2.4227, 3.2527, 13.9556]
88   	10096.99    	0.007   	1.0000  	[16.2, 16.2, 16.2, 27.1]	[hover, hover, down, left]	[3.7827, 1.5523, 2.7327, 39.5294]
89   	9729.82     	0.007   	1.0000  	[16.2, 16.2, 10.8, 27.1]	[back, back, up, left]	[2.7603, 1.5173, 1.6587, 111.1787]
90   	9429.36     	0.007   	1.0000  	[16.2, 16.2, 16.2, 27.1]	[front, front, front, left]	[3.3823, 1.1218, 1.6767, 75.9003]
91   	9283.78     	0.006   	1.0000  	[16.2, 16.2, 16.2, 27.1]	[hover, hover, front, down]	[2.9412, 1.1862, 3.2067, 44.6729]
92   	9154.93     	0.006   	1.0000  	[16.2, 16.2, 16.2, 21.7]	[hover, front, front, back]	[2.6013, 1.0932, 2.9911, 52.0455]
93   	9104.74     	0.006   	1.0000  	[16.2, 16.2, 16.2, 21.7]	[front, front, front, back]	[2.4299, 1.4425, 3.0352, 24.2096]
94   	9081.18     	0.006   	1.0000  	[16.2, 16.2, 16.2, 21.7]	[hover, hover, front, back]	[1.9569, 1.5898, 2.3141, 10.7412]
95   	9071.09     	0.006   	1.0000  	[16.2, 16.2, 16.2, 21.7]	[hover, right, front, left]	[1.3332, 1.5898, 1.2318, 5.0071]
96   	9060.82     	0.006   	1.0000  	[16.2, 16.2, 16.2, 21.7]	[front, front, front, down]	[1.7023, 1.4229, 1.6518, 5.5627]
97   	9052.83     	0.006   	1.0000  	[16.2, 16.2, 16.2, 16.2]	[left, back, front, front]	[2.3305, 1.5170, 2.5291, 4.1116]
98   	9048.68     	0.006   	1.0000  	[16.2, 16.2, 16.2, 16.2]	[right, down, front, front]	[1.1067, 1.8365, 2.6892, 2.3570]
99   	9045.16     	0.006   	1.0000  	[16.2, 10.8, 16.2, 16.2]	[right, front, right, front]	[0.9849, 1.8260, 3.0389, 2.0843]
[2025-12-18T15:05:07]
Strategy: greedy_ig
Pairwise: biased
News mode: IGd
Num agents: 4
Iteration: 12
Error margin: None
Gaussian radius 5 
Grid info: range: 0-50-50, cell_size:0.125, map shape: (400, 400), center:True
init UAV positions: [(-20.0, -20.0, 5.4), (-20.0, 15.0, 5.4), (15.0, -25.0, 5.4), (25.0, 15.0, 5.4)]
mcts_params: {}
Step	Entropy	MSE	Coverage	Heights	Actions	IGs
------------------------------------------------------------------------------------------------------------------------
0    	160000.00   	0.250   	0.0000  	[5.4, 5.4, 5.4, 5.4]	[-, -, -, -]	[-, -, -, -]
1    	159109.08   	0.241   	0.0469  	[5.4, 5.4, 5.4, 5.4]	[up, up, up, up]	[3162.6921, 3514.1024, 1952.2791, 1952.2791]
2    	158222.21   	0.233   	0.1694  	[10.8, 10.8, 10.8, 10.8]	[up, up, up, up]	[1829.6626, 2669.8023, 1906.5646, 1886.9336]
3    	157416.20   	0.227   	0.3311  	[16.2, 16.2, 16.2, 16.2]	[right, right, front, left]	[1441.1500, 2056.0716, 1769.3896, 1733.4349]
4    	156664.65   	0.220   	0.4194  	[16.2, 16.2, 16.2, 16.2]	[front, up, front, left]	[1384.6310, 1736.6583, 1603.9269, 1594.3070]
5    	155809.57   	0.212   	0.5425  	[16.2, 21.7, 16.2, 16.2]	[up, right, up, up]	[1463.9752, 1638.5034, 1582.6094, 1592.5571]
6    	154879.93   	0.204   	0.7214  	[21.7, 21.7, 21.7, 21.7]	[front, back, front, left]	[1482.5308, 1473.7001, 1579.3158, 1576.5854]
7    	153960.52   	0.197   	0.8331  	[21.7, 21.7, 21.7, 21.7]	[right, right, front, left]	[1464.3268, 1439.7677, 1467.6079, 1399.5118]
8    	152740.44   	0.190   	0.9339  	[21.7, 21.7, 21.7, 21.7]	[right, right, left, back]	[1425.4611, 1320.2698, 1362.6703, 1266.6284]
9    	150717.55   	0.182   	0.9936  	[21.7, 21.7, 21.7, 21.7]	[front, right, left, back]	[1291.2656, 1158.2156, 1257.7264, 1125.2775]
10   	148086.35   	0.175   	0.9992  	[21.7, 21.7, 21.7, 21.7]	[front, right, left, back]	[1181.1847, 1048.6439, 1166.7188, 1043.6535]
11   	145201.62   	0.167   	0.9992  	[21.7, 21.7, 21.7, 21.7]	[front, right, left, back]	[1112.9091, 987.3582, 1100.2563, 997.8686]
12   	142252.27   	0.159   	0.9992  	[21.7, 21.7, 21.7, 21.7]	[front, right, left, back]	[1074.5517, 981.5320, 1071.7424, 996.6412]
13   	139264.98   	0.151   	0.9992  	[21.7, 21.7, 21.7, 21.7]	[front, right, left, back]	[1092.2166, 1025.6662, 1106.1581, 1059.7031]
14   	136323.41   	0.144   	0.9992  	[21.7, 21.7, 21.7, 21.7]	[front, right, left, back]	[1173.2643, 1129.1318, 1189.9351, 1159.6222]
15   	133132.43   	0.136   	0.9992  	[21.7, 21.7, 21.7, 21.7]	[front, back, left, back]	[1306.5798, 1025.4270, 1302.1715, 1243.8225]
16   	129879.03   	0.129   	0.9992  	[21.7, 21.7, 21.7, 21.7]	[front, back, left, back]	[1393.6481, 1053.5513, 1342.5456, 1184.7824]
17   	125877.46   	0.122   	0.9997  	[21.7, 21.7, 21.7, 21.7]	[right, back, front, left]	[1265.3794, 1050.0436, 1228.0791, 990.2660]
18   	121090.18   	0.115   	0.9997  	[21.7, 21.7, 21.7, 21.7]	[right, back, front, left]	[1167.2153, 921.1066, 1187.1297, 941.3499]
19   	115942.01   	0.107   	0.9997  	[21.7, 21.7, 21.7, 21.7]	[right, back, front, left]	[1147.7713, 875.0014, 1166.7561, 921.9468]
20   	110620.34   	0.100   	0.9997  	[21.7, 21.7, 21.7, 21.7]	[right, back, front, left]	[1164.5541, 892.4057, 1173.3142, 933.3618]
21   	105202.55   	0.092   	0.9997  	[21.7, 21.7, 21.7, 21.7]	[right, back, front, left]	[1226.6550, 967.8032, 1215.0795, 1001.3998]
22   	100024.96   	0.085   	0.9997  	[21.7, 21.7, 21.7, 21.7]	[right, back, front, left]	[1326.7257, 996.4915, 1294.3551, 1110.7865]
23   	94627.76    	0.077   	0.9997  	[21.7, 21.7, 21.7, 21.7]	[right, left, front, left]	[1485.8503, 940.3994, 1420.8353, 1181.6072]
24   	88570.74    	0.070   	0.9997  	[21.7, 21.7, 21.7, 21.7]	[back, left, front, left]	[1204.4080, 952.3429, 1484.0090, 1232.3611]
25   	81110.61    	0.063   	0.9998  	[21.7, 21.7, 21.7, 21.7]	[back, left, right, front]	[1133.7736, 972.6308, 1358.9747, 1032.1017]
26   	72315.27    	0.055   	1.0000  	[21.7, 21.7, 21.7, 21.7]	[back, left, right, front]	[1057.1339, 893.8352, 1275.2847, 947.9748]
27   	62748.56    	0.048   	1.0000  	[21.7, 21.7, 21.7, 21.7]	[back, left, right, front]	[1023.6295, 866.6798, 1238.3251, 924.3845]
28   	53003.31    	0.041   	1.0000  	[21.7, 21.7, 21.7, 21.7]	[back, left, right, front]	[1038.0046, 893.7517, 1232.2500, 948.2302]
29   	43306.51    	0.033   	1.0000  	[21.7, 21.7, 21.7, 21.7]	[back, left, right, front]	[1104.8628, 980.4495, 1268.7787, 1023.3655]
30   	33963.77    	0.026   	1.0000  	[21.7, 21.7, 21.7, 21.7]	[back, left, right, front]	[1237.5355, 939.3533, 1356.6479, 1167.5696]
31   	25938.00    	0.020   	1.0000  	[21.7, 21.7, 21.7, 21.7]	[back, left, right, front]	[1121.8299, 515.2417, 1455.3591, 1345.9999]
32   	19612.96    	0.015   	1.0000  	[21.7, 21.7, 21.7, 21.7]	[right, down, right, front]	[812.3379, 279.8305, 1528.9259, 1525.0772]
33   	15923.57    	0.012   	1.0000  	[21.7, 16.2, 21.7, 21.7]	[hover, front, right, front]	[383.0076, 117.9410, 942.2599, 929.9593]
34   	14277.65    	0.011   	1.0000  	[21.7, 16.2, 21.7, 21.7]	[hover, front, hover, right]	[140.3212, 165.1076, 393.3486, 385.4351]
35   	13637.94    	0.010   	1.0000  	[21.7, 16.2, 21.7, 21.7]	[front, front, back, left]	[71.6196, 64.0717, 145.8893, 153.2605]
36   	13394.10    	0.010   	1.0000  	[21.7, 16.2, 21.7, 21.7]	[front, left, front, right]	[60.3624, 21.9456, 52.8750, 56.9318]
37   	13212.27    	0.010   	1.0000  	[21.7, 16.2, 21.7, 21.7]	[front, front, back, right]	[59.4906, 11.2687, 22.9010, 33.0722]
38   	13053.77    	0.009   	1.0000  	[21.7, 16.2, 21.7, 21.7]	[front, hover, back, right]	[45.4902, 8.2189, 12.0225, 17.3301]
39   	12937.09    	0.009   	1.0000  	[21.7, 16.2, 21.7, 21.7]	[front, hover, left, down]	[23.2264, 7.2977, 3.9448, 9.2541]
40   	12810.89    	0.009   	1.0000  	[21.7, 16.2, 21.7, 16.2]	[front, hover, up, front]	[17.0686, 6.5908, 2.7517, 8.3052]
41   	12640.02    	0.009   	1.0000  	[21.7, 16.2, 27.1, 16.2]	[front, back, front, right]	[38.4236, 5.4962, 2.7692, 5.9258]
42   	12366.82    	0.009   	1.0000  	[21.7, 16.2, 27.1, 16.2]	[front, back, left, right]	[57.3008, 3.5332, 1.7881, 5.3994]
43   	11979.10    	0.008   	1.0000  	[21.7, 16.2, 27.1, 16.2]	[front, back, back, down]	[125.1987, 4.1961, 1.7638, 4.6040]
44   	11665.88    	0.008   	1.0000  	[21.7, 16.2, 27.1, 10.8]	[front, back, down, back]	[111.6096, 14.7945, 2.8712, 2.3720]
45   	11501.65    	0.008   	1.0000  	[21.7, 16.2, 21.7, 10.8]	[down, back, back, back]	[79.8165, 46.4532, 3.6323, 2.3855]
46   	11449.61    	0.008   	1.0000  	[16.2, 16.2, 21.7, 10.8]	[right, right, right, back]	[34.1975, 13.7496, 2.7909, 2.2714]
47   	11425.35    	0.008   	1.0000  	[16.2, 16.2, 21.7, 10.8]	[front, hover, up, back]	[11.2511, 5.2318, 2.4293, 3.8640]
48   	11406.86    	0.008   	1.0000  	[16.2, 16.2, 27.1, 10.8]	[left, left, back, back]	[7.8946, 2.5565, 3.5415, 3.2304]
49   	11381.21    	0.008   	1.0000  	[16.2, 16.2, 27.1, 10.8]	[left, hover, back, back]	[19.1766, 1.6360, 3.0165, 3.3454]
50   	11314.72    	0.008   	1.0000  	[16.2, 16.2, 27.1, 10.8]	[left, hover, back, back]	[65.9430, 1.4401, 3.7153, 2.1444]
51   	11209.40    	0.007   	1.0000  	[16.2, 16.2, 27.1, 10.8]	[left, hover, back, back]	[93.7272, 1.5074, 3.3827, 2.7879]
52   	11079.03    	0.007   	1.0000  	[16.2, 16.2, 27.1, 10.8]	[left, hover, down, back]	[101.6444, 1.3338, 3.0161, 3.8006]
53   	10950.80    	0.007   	1.0000  	[16.2, 16.2, 21.7, 10.8]	[left, front, left, back]	[101.6660, 0.9342, 2.5901, 4.8558]
54   	10817.06    	0.007   	1.0000  	[16.2, 16.2, 21.7, 10.8]	[left, down, hover, right]	[106.8175, 1.5554, 2.4319, 5.1224]
55   	10657.81    	0.007   	1.0000  	[16.2, 10.8, 21.7, 10.8]	[left, right, hover, right]	[121.9293, 1.2566, 2.1201, 4.8803]
56   	10418.64    	0.007   	1.0000  	[16.2, 10.8, 21.7, 10.8]	[left, front, right, back]	[186.8635, 0.7397, 2.0917, 8.5663]
57   	10023.20    	0.007   	1.0000  	[16.2, 10.8, 21.7, 10.8]	[left, front, right, up]	[292.9608, 0.7799, 1.9447, 20.3362]
58   	9403.98     	0.006   	1.0000  	[16.2, 10.8, 21.7, 16.2]	[left, front, right, right]	[513.4525, 0.4520, 1.5329, 34.9848]
59   	8827.06     	0.006   	1.0000  	[16.2, 10.8, 21.7, 16.2]	[back, front, down, right]	[325.9688, 1.4462, 1.4333, 93.5076]
60   	8529.34     	0.005   	1.0000  	[16.2, 10.8, 16.2, 16.2]	[back, front, back, back]	[191.3974, 2.2043, 0.9995, 25.9882]
61   	8315.40     	0.005   	1.0000  	[16.2, 10.8, 16.2, 16.2]	[back, front, right, back]	[128.1588, 2.6493, 0.9856, 10.9163]
62   	8089.44     	0.005   	1.0000  	[16.2, 10.8, 16.2, 16.2]	[back, left, right, hover]	[85.5666, 1.4477, 0.9508, 6.7364]
63   	7952.98     	0.005   	1.0000  	[16.2, 10.8, 16.2, 16.2]	[back, front, hover, hover]	[52.0260, 2.2539, 0.6659, 3.4208]
64   	7904.71     	0.005   	1.0000  	[16.2, 10.8, 16.2, 16.2]	[back, left, back, hover]	[25.3234, 1.8397, 0.4152, 2.0535]
65   	7887.47     	0.005   	1.0000  	[16.2, 10.8, 16.2, 16.2]	[back, front, down, front]	[12.6142, 1.4953, 0.6360, 1.9630]
66   	7879.40     	0.005   	1.0000  	[16.2, 10.8, 10.8, 16.2]	[back, hover, back, front]	[7.9007, 1.7550, 0.5163, 2.1004]
67   	7874.60     	0.005   	1.0000  	[16.2, 10.8, 10.8, 16.2]	[left, back, left, front]	[5.7618, 0.8930, 0.3163, 1.8486]
68   	7870.47     	0.005   	1.0000  	[16.2, 10.8, 10.8, 16.2]	[right, right, right, front]	[4.0329, 0.6140, 0.3643, 1.8033]
69   	7866.26     	0.005   	1.0000  	[16.2, 10.8, 10.8, 16.2]	[right, front, hover, front]	[3.7216, 0.4353, 0.3521, 1.5152]
70   	7858.35     	0.005   	1.0000  	[16.2, 10.8, 10.8, 16.2]	[right, back, left, left]	[7.3996, 0.5483, 0.5424, 1.3393]
71   	7851.16     	0.005   	1.0000  	[16.2, 10.8, 10.8, 16.2]	[back, hover, right, left]	[5.9716, 0.1943, 0.5684, 1.1477]
72   	7839.57     	0.005   	1.0000  	[16.2, 10.8, 10.8, 16.2]	[back, hover, hover, left]	[7.4759, 0.1150, 0.5452, 2.5319]
73   	7806.44     	0.005   	1.0000  	[16.2, 10.8, 10.8, 16.2]	[back, back, left, left]	[21.3938, 0.2396, 0.3303, 2.5597]
74   	7739.82     	0.005   	1.0000  	[16.2, 10.8, 10.8, 16.2]	[back, back, front, up]	[37.5773, 0.7463, 0.5699, 2.8337]
75   	7666.31     	0.005   	1.0000  	[16.2, 10.8, 10.8, 21.7]	[right, hover, left, back]	[36.5113, 0.7611, 0.2201, 2.6497]
76   	7631.48     	0.005   	1.0000  	[16.2, 10.8, 10.8, 21.7]	[right, hover, left, left]	[13.5100, 0.8708, 0.2585, 1.8681]
77   	7608.69     	0.005   	1.0000  	[16.2, 10.8, 10.8, 21.7]	[right, hover, left, up]	[4.6005, 0.6645, 0.6205, 2.3667]
78   	7571.67     	0.005   	1.0000  	[16.2, 10.8, 10.8, 27.1]	[right, hover, left, left]	[3.6350, 0.2888, 0.4389, 5.0872]
79   	7483.94     	0.005   	1.0000  	[16.2, 10.8, 10.8, 27.1]	[right, hover, left, left]	[3.5556, 0.7191, 0.7331, 14.4217]
80   	7304.14     	0.004   	1.0000  	[16.2, 10.8, 10.8, 27.1]	[right, hover, left, left]	[4.5568, 0.4433, 1.3069, 42.2345]
81   	7206.93     	0.004   	1.0000  	[16.2, 10.8, 10.8, 27.1]	[right, hover, left, left]	[9.1083, 0.2006, 1.5297, 21.6239]
82   	7163.17     	0.004   	1.0000  	[16.2, 10.8, 10.8, 27.1]	[right, hover, left, right]	[10.9824, 0.1193, 2.7983, 9.7509]
83   	7133.28     	0.004   	1.0000  	[16.2, 10.8, 10.8, 27.1]	[right, hover, left, hover]	[16.6827, 0.0708, 3.5880, 4.9747]
84   	7108.26     	0.004   	1.0000  	[16.2, 10.8, 10.8, 27.1]	[hover, hover, up, hover]	[10.0614, 0.2040, 4.2237, 2.5900]
85   	7063.69     	0.004   	1.0000  	[16.2, 10.8, 16.2, 27.1]	[hover, hover, left, front]	[7.8638, 0.3486, 13.9487, 2.0268]
86   	6949.55     	0.004   	1.0000  	[16.2, 10.8, 16.2, 27.1]	[back, hover, left, front]	[5.4599, 0.1669, 49.6745, 2.2599]
87   	6711.62     	0.004   	1.0000  	[16.2, 10.8, 16.2, 27.1]	[down, hover, left, front]	[4.6303, 0.3335, 124.7104, 2.6987]
88   	6636.45     	0.004   	1.0000  	[10.8, 10.8, 16.2, 27.1]	[hover, hover, left, front]	[5.2799, 0.1668, 41.7233, 2.9884]
89   	6603.57     	0.004   	1.0000  	[10.8, 10.8, 16.2, 27.1]	[hover, hover, left, front]	[4.7604, 0.0392, 14.3316, 3.9542]
90   	6576.01     	0.004   	1.0000  	[10.8, 10.8, 16.2, 27.1]	[hover, hover, down, front]	[3.3803, 0.0073, 8.0647, 6.6704]
91   	6552.86     	0.004   	1.0000  	[10.8, 10.8, 10.8, 27.1]	[left, up, front, front]	[2.2937, 0.0014, 6.1363, 5.9485]
92   	6537.57     	0.004   	1.0000  	[10.8, 16.2, 10.8, 27.1]	[hover, back, right, front]	[2.0833, 0.0064, 5.3375, 3.4650]
93   	6528.85     	0.004   	1.0000  	[10.8, 16.2, 10.8, 27.1]	[right, back, front, down]	[2.5084, 0.0165, 3.5479, 2.9765]
94   	6520.91     	0.004   	1.0000  	[10.8, 16.2, 10.8, 21.7]	[right, back, front, left]	[2.2200, 0.0233, 2.3477, 3.8263]
95   	6513.00     	0.004   	1.0000  	[10.8, 16.2, 10.8, 21.7]	[hover, right, front, hover]	[2.2123, 0.0475, 3.6462, 2.9828]
96   	6503.86     	0.004   	1.0000  	[10.8, 16.2, 10.8, 21.7]	[hover, right, front, hover]	[1.5543, 0.5849, 5.5255, 2.4828]
97   	6491.90     	0.004   	1.0000  	[10.8, 16.2, 10.8, 21.7]	[hover, right, front, hover]	[1.6871, 4.2941, 6.8204, 2.2497]
98   	6477.87     	0.004   	1.0000  	[10.8, 16.2, 10.8, 21.7]	[hover, right, front, hover]	[1.3997, 4.8615, 9.3529, 2.2343]
99   	6464.62     	0.004   	1.0000  	[10.8, 16.2, 10.8, 21.7]	[hover, front, front, back]	[1.0801, 3.7625, 9.1560, 1.4231]
[2025-12-18T15:05:18]
Strategy: greedy_ig
Pairwise: biased
News mode: IGd
Num agents: 4
Iteration: 13
Error margin: None
Gaussian radius 5 
Grid info: range: 0-50-50, cell_size:0.125, map shape: (400, 400), center:True
init UAV positions: [(0.0, -5.0, 5.4), (-5.0, 25.0, 5.4), (5.0, -20.0, 5.4), (20.0, 5.0, 5.4)]
mcts_params: {}
Step	Entropy	MSE	Coverage	Heights	Actions	IGs
------------------------------------------------------------------------------------------------------------------------
0    	160000.00   	0.250   	0.0000  	[5.4, 5.4, 5.4, 5.4]	[-, -, -, -]	[-, -, -, -]
1    	158915.45   	0.240   	0.0547  	[5.4, 5.4, 5.4, 5.4]	[up, up, up, up]	[3904.5582, 1952.2791, 3514.1024, 3514.1024]
2    	157606.82   	0.229   	0.2062  	[10.8, 10.8, 10.8, 10.8]	[up, up, up, up]	[3740.5292, 1887.5453, 2437.5894, 2663.6923]
3    	155723.26   	0.216   	0.4059  	[16.2, 16.2, 16.2, 16.2]	[up, up, up, up]	[2952.3726, 1791.8340, 1729.8544, 2099.6188]
4    	153092.54   	0.204   	0.6150  	[21.7, 21.7, 21.7, 21.7]	[up, back, front, left]	[1889.8017, 1739.7072, 1287.2080, 1580.7035]
5    	150161.08   	0.194   	0.7050  	[27.1, 21.7, 21.7, 21.7]	[left, back, front, left]	[1305.0932, 1443.0912, 1072.5157, 1234.7907]
6    	147335.79   	0.184   	0.7431  	[27.1, 21.7, 21.7, 21.7]	[left, back, up, front]	[985.8689, 1209.9279, 997.2693, 1050.5099]
7    	144301.58   	0.174   	0.8314  	[27.1, 21.7, 27.1, 21.7]	[left, up, front, front]	[861.6805, 1080.4820, 990.3152, 989.8950]
8    	140735.91   	0.165   	0.9119  	[27.1, 27.1, 27.1, 21.7]	[back, back, right, left]	[702.6137, 991.8000, 801.4257, 891.4871]
9    	136281.96   	0.156   	0.9517  	[27.1, 27.1, 27.1, 21.7]	[back, back, front, left]	[581.6472, 856.5355, 674.6199, 781.6713]
10   	132045.95   	0.149   	0.9589  	[27.1, 27.1, 27.1, 21.7]	[back, left, front, left]	[348.2864, 726.4846, 655.0042, 749.7731]
11   	127981.28   	0.142   	0.9769  	[27.1, 27.1, 27.1, 21.7]	[down, back, front, left]	[263.3779, 619.9916, 609.9370, 701.6821]
12   	124103.12   	0.136   	0.9769  	[21.7, 27.1, 27.1, 21.7]	[left, back, front, left]	[154.5888, 522.9689, 577.6658, 697.5942]
13   	120371.68   	0.129   	0.9769  	[21.7, 27.1, 27.1, 21.7]	[back, back, front, left]	[62.0321, 511.9586, 647.7562, 732.0238]
14   	116800.57   	0.122   	0.9769  	[21.7, 27.1, 27.1, 21.7]	[front, back, front, left]	[31.1037, 492.2009, 737.0486, 855.8871]
15   	113652.70   	0.116   	0.9769  	[21.7, 27.1, 27.1, 21.7]	[right, back, right, left]	[18.3994, 479.4563, 681.2662, 1098.5493]
16   	110487.93   	0.111   	0.9769  	[21.7, 27.1, 27.1, 21.7]	[right, back, front, back]	[25.6264, 429.7121, 586.7594, 983.5605]
17   	107506.89   	0.106   	0.9841  	[21.7, 27.1, 27.1, 21.7]	[right, left, front, back]	[79.8506, 391.8261, 343.3532, 883.8536]
18   	104887.83   	0.103   	0.9841  	[21.7, 27.1, 27.1, 21.7]	[right, back, down, back]	[198.7208, 237.7863, 236.6680, 899.3151]
19   	102400.67   	0.099   	0.9841  	[21.7, 27.1, 21.7, 21.7]	[right, down, right, back]	[480.6028, 133.1403, 151.0715, 839.4041]
20   	99839.45    	0.095   	0.9841  	[21.7, 21.7, 21.7, 21.7]	[right, left, hover, back]	[813.0659, 131.8387, 63.8064, 770.1885]
21   	97220.40    	0.092   	0.9841  	[21.7, 21.7, 21.7, 21.7]	[right, back, left, back]	[1177.9796, 57.6705, 38.5461, 732.6650]
22   	94381.73    	0.087   	0.9841  	[21.7, 21.7, 21.7, 21.7]	[right, down, left, up]	[1358.0136, 27.9291, 56.4574, 810.3795]
23   	91377.22    	0.084   	0.9928  	[21.7, 16.2, 21.7, 27.1]	[front, left, left, back]	[969.8612, 34.7538, 206.2499, 677.5070]
24   	88057.00    	0.080   	0.9928  	[21.7, 16.2, 21.7, 27.1]	[front, front, left, right]	[730.6269, 20.2358, 730.9540, 529.1386]
25   	84671.53    	0.076   	0.9928  	[21.7, 16.2, 21.7, 27.1]	[front, front, left, right]	[613.9371, 17.9021, 1047.1340, 470.9329]
26   	81101.45    	0.072   	0.9928  	[21.7, 16.2, 21.7, 27.1]	[front, front, left, right]	[617.5927, 32.8921, 1172.8110, 475.7635]
27   	77339.56    	0.067   	0.9928  	[21.7, 16.2, 21.7, 27.1]	[front, front, left, right]	[862.3229, 57.1110, 1177.3379, 513.2477]
28   	73394.61    	0.062   	0.9928  	[21.7, 16.2, 21.7, 27.1]	[front, front, left, right]	[1069.7545, 77.1234, 1124.0780, 555.6683]
29   	69743.92    	0.058   	0.9928  	[21.7, 16.2, 21.7, 27.1]	[front, front, left, right]	[1223.3862, 81.5918, 819.0134, 609.7275]
30   	66021.76    	0.053   	1.0000  	[21.7, 16.2, 21.7, 27.1]	[front, front, back, right]	[1349.2197, 76.3757, 526.6901, 553.7572]
31   	62816.14    	0.050   	1.0000  	[21.7, 16.2, 21.7, 27.1]	[front, front, back, down]	[1153.7074, 67.0774, 430.3887, 387.0326]
32   	59668.92    	0.047   	1.0000  	[21.7, 16.2, 21.7, 21.7]	[left, front, back, right]	[926.5831, 102.4409, 589.6776, 382.3298]
33   	56405.61    	0.044   	1.0000  	[21.7, 16.2, 21.7, 21.7]	[left, front, back, back]	[823.0980, 205.5063, 745.3215, 241.4553]
34   	53203.52    	0.041   	1.0000  	[21.7, 16.2, 21.7, 21.7]	[left, front, back, hover]	[781.9612, 93.7037, 860.2012, 93.4070]
35   	50060.84    	0.039   	1.0000  	[21.7, 16.2, 21.7, 21.7]	[left, left, back, hover]	[730.6162, 27.8330, 889.3162, 40.0140]
36   	46841.36    	0.036   	1.0000  	[21.7, 16.2, 21.7, 21.7]	[left, down, back, back]	[742.8876, 8.3673, 908.4513, 22.0230]
37   	43735.91    	0.034   	1.0000  	[21.7, 10.8, 21.7, 21.7]	[left, back, back, down]	[788.8938, 2.0792, 935.1881, 17.6041]
38   	40945.16    	0.032   	1.0000  	[21.7, 10.8, 21.7, 16.2]	[left, back, back, right]	[808.7235, 2.2809, 751.2167, 17.0577]
39   	38727.64    	0.030   	1.0000  	[21.7, 10.8, 21.7, 16.2]	[left, back, hover, hover]	[819.4277, 5.0825, 362.4742, 12.2774]
40   	37552.19    	0.029   	1.0000  	[21.7, 10.8, 21.7, 16.2]	[hover, back, hover, hover]	[426.5248, 5.9102, 133.3292, 8.9135]
41   	37110.65    	0.029   	1.0000  	[21.7, 10.8, 21.7, 16.2]	[front, right, hover, hover]	[178.3658, 3.6204, 43.2360, 8.6087]
42   	36938.56    	0.028   	1.0000  	[21.7, 10.8, 21.7, 16.2]	[back, left, hover, left]	[64.4203, 2.8189, 16.7763, 7.7843]
43   	36844.71    	0.028   	1.0000  	[21.7, 10.8, 21.7, 16.2]	[back, left, hover, left]	[34.2184, 3.0424, 9.4894, 5.7301]
44   	36789.31    	0.028   	1.0000  	[21.7, 10.8, 21.7, 16.2]	[hover, hover, right, left]	[20.3453, 2.6580, 7.4626, 7.5673]
45   	36749.94    	0.028   	1.0000  	[21.7, 10.8, 21.7, 16.2]	[front, front, front, left]	[13.7629, 2.0867, 6.1949, 8.7407]
46   	36714.61    	0.028   	1.0000  	[21.7, 10.8, 21.7, 16.2]	[back, hover, front, front]	[9.8759, 2.6249, 4.9718, 8.5026]
47   	36688.57    	0.028   	1.0000  	[21.7, 10.8, 21.7, 16.2]	[down, hover, front, back]	[8.0245, 2.9000, 5.0318, 7.3912]
48   	36666.08    	0.028   	1.0000  	[16.2, 10.8, 21.7, 16.2]	[left, hover, front, down]	[6.3593, 1.7388, 5.6351, 6.9490]
49   	36644.57    	0.028   	1.0000  	[16.2, 10.8, 21.7, 10.8]	[back, hover, right, left]	[4.8306, 1.6539, 5.0007, 6.5712]
50   	36624.01    	0.028   	1.0000  	[16.2, 10.8, 21.7, 10.8]	[back, hover, front, right]	[5.6896, 1.7644, 4.7321, 4.8359]
51   	36604.10    	0.028   	1.0000  	[16.2, 10.8, 21.7, 10.8]	[back, hover, front, hover]	[4.2706, 2.4425, 4.2993, 4.4237]
52   	36584.96    	0.028   	1.0000  	[16.2, 10.8, 21.7, 10.8]	[back, hover, front, hover]	[6.2700, 2.0199, 5.3489, 3.5004]
53   	36539.04    	0.028   	1.0000  	[16.2, 10.8, 21.7, 10.8]	[back, hover, up, hover]	[10.2484, 3.1524, 9.1247, 3.2363]
54   	36484.55    	0.028   	1.0000  	[16.2, 10.8, 27.1, 10.8]	[back, hover, left, hover]	[10.8286, 1.5739, 14.8020, 2.1000]
55   	36422.72    	0.028   	1.0000  	[16.2, 10.8, 27.1, 10.8]	[back, back, front, up]	[9.7164, 1.3314, 23.6169, 1.6206]
56   	36387.68    	0.028   	1.0000  	[16.2, 10.8, 27.1, 16.2]	[back, right, hover, up]	[11.0720, 1.1323, 10.6368, 2.4979]
57   	36363.91    	0.028   	1.0000  	[16.2, 10.8, 27.1, 21.7]	[back, left, hover, right]	[9.5699, 1.1926, 5.7461, 3.2546]
58   	36350.73    	0.028   	1.0000  	[16.2, 10.8, 27.1, 21.7]	[front, front, hover, front]	[6.4848, 1.1166, 3.8047, 3.1958]
59   	36341.95    	0.028   	1.0000  	[16.2, 10.8, 27.1, 21.7]	[back, hover, down, hover]	[5.0906, 1.1735, 3.0953, 2.7730]
60   	36328.44    	0.028   	1.0000  	[16.2, 10.8, 21.7, 21.7]	[hover, hover, front, left]	[3.8265, 0.5523, 3.8809, 2.6438]
61   	36315.63    	0.028   	1.0000  	[16.2, 10.8, 21.7, 21.7]	[left, back, hover, left]	[2.6880, 0.5281, 3.7075, 3.9114]
62   	36291.48    	0.027   	1.0000  	[16.2, 10.8, 21.7, 21.7]	[front, back, hover, left]	[1.9181, 0.7470, 3.7090, 9.0907]
63   	36253.74    	0.027   	1.0000  	[16.2, 10.8, 21.7, 21.7]	[front, hover, left, left]	[1.9672, 0.6612, 3.1777, 14.5741]
64   	36183.00    	0.027   	1.0000  	[16.2, 10.8, 21.7, 21.7]	[down, up, right, left]	[2.6006, 0.1960, 2.2235, 29.4453]
65   	36023.14    	0.027   	1.0000  	[10.8, 16.2, 21.7, 21.7]	[hover, back, back, left]	[2.7369, 0.9769, 2.6202, 50.5656]
66   	35667.59    	0.027   	1.0000  	[10.8, 16.2, 21.7, 21.7]	[front, right, right, left]	[1.4757, 0.8330, 2.3905, 105.0937]
67   	35522.15    	0.027   	1.0000  	[10.8, 16.2, 21.7, 21.7]	[right, right, right, back]	[0.8833, 1.3294, 3.0037, 43.6872]
68   	35445.36    	0.027   	1.0000  	[10.8, 16.2, 21.7, 21.7]	[left, right, right, front]	[0.5786, 1.9949, 3.4935, 20.2566]
69   	35368.00    	0.027   	1.0000  	[10.8, 16.2, 21.7, 21.7]	[front, right, right, front]	[0.5643, 3.5946, 5.0871, 16.7947]
70   	35287.75    	0.027   	1.0000  	[10.8, 16.2, 21.7, 21.7]	[front, right, right, front]	[1.1109, 4.8018, 5.2086, 16.5805]
71   	35183.13    	0.027   	1.0000  	[10.8, 16.2, 21.7, 21.7]	[front, right, right, front]	[2.1002, 6.4079, 5.7543, 23.2531]
72   	35062.53    	0.027   	1.0000  	[10.8, 16.2, 21.7, 21.7]	[front, right, right, front]	[3.5206, 9.1314, 7.0144, 36.9635]
73   	34318.69    	0.026   	1.0000  	[10.8, 16.2, 21.7, 21.7]	[front, right, right, front]	[4.5385, 324.5147, 19.6261, 50.7003]
74   	32777.30    	0.025   	1.0000  	[10.8, 16.2, 21.7, 21.7]	[left, right, back, front]	[4.0944, 858.9945, 24.7962, 73.5268]
75   	30689.99    	0.023   	1.0000  	[10.8, 16.2, 21.7, 21.7]	[hover, right, back, front]	[2.8147, 1007.1838, 31.2070, 101.9932]
76   	27755.50    	0.021   	1.0000  	[10.8, 16.2, 21.7, 21.7]	[left, up, back, front]	[1.7010, 855.9779, 31.2194, 167.4232]
77   	24114.92    	0.018   	1.0000  	[10.8, 21.7, 21.7, 21.7]	[right, up, back, front]	[1.1869, 618.0918, 39.2229, 272.0003]
78   	20909.56    	0.015   	1.0000  	[10.8, 27.1, 21.7, 21.7]	[left, back, back, right]	[0.6814, 471.7126, 46.5415, 188.2122]
79   	18369.69    	0.014   	1.0000  	[10.8, 27.1, 21.7, 21.7]	[hover, back, back, right]	[0.8417, 383.0474, 54.8319, 116.1535]
80   	16088.22    	0.012   	1.0000  	[10.8, 27.1, 21.7, 21.7]	[front, back, back, right]	[0.9547, 361.5797, 70.2917, 87.8708]
81   	13961.64    	0.010   	1.0000  	[10.8, 27.1, 21.7, 21.7]	[back, right, back, right]	[0.5563, 282.9790, 62.5163, 76.8544]
82   	12344.24    	0.009   	1.0000  	[10.8, 27.1, 21.7, 21.7]	[right, hover, right, right]	[0.8027, 186.0986, 35.9946, 74.3508]
83   	11594.84    	0.009   	1.0000  	[10.8, 27.1, 21.7, 21.7]	[front, front, down, right]	[0.4312, 111.0587, 19.0623, 68.2849]
84   	10996.55    	0.008   	1.0000  	[10.8, 27.1, 16.2, 21.7]	[up, front, back, right]	[0.8275, 101.0550, 31.2973, 68.7877]
85   	10159.20    	0.007   	1.0000  	[16.2, 27.1, 16.2, 21.7]	[front, front, back, right]	[0.9430, 174.8876, 15.5781, 80.6237]
86   	9114.34     	0.006   	1.0000  	[16.2, 27.1, 16.2, 21.7]	[front, front, down, right]	[1.7315, 244.8852, 10.8546, 81.0491]
87   	7938.69     	0.006   	1.0000  	[16.2, 27.1, 10.8, 21.7]	[right, front, right, front]	[1.4801, 269.6917, 9.4501, 36.0341]
88   	6619.54     	0.005   	1.0000  	[16.2, 27.1, 10.8, 21.7]	[right, front, front, front]	[0.8307, 283.6434, 7.0634, 13.2545]
89   	5554.36     	0.004   	1.0000  	[16.2, 27.1, 10.8, 21.7]	[down, hover, front, down]	[0.5981, 209.2869, 7.2581, 5.5733]
90   	4935.32     	0.003   	1.0000  	[10.8, 27.1, 10.8, 16.2]	[back, hover, hover, right]	[0.5050, 134.2381, 5.1749, 6.9268]
91   	4664.35     	0.003   	1.0000  	[10.8, 27.1, 10.8, 16.2]	[left, hover, hover, right]	[0.8310, 60.8114, 4.8841, 1.8723]
92   	4537.93     	0.003   	1.0000  	[10.8, 27.1, 10.8, 16.2]	[hover, hover, hover, left]	[0.9542, 30.3613, 3.7132, 1.0486]
93   	4467.37     	0.003   	1.0000  	[10.8, 27.1, 10.8, 16.2]	[hover, hover, up, left]	[0.9174, 16.2599, 3.1764, 0.7073]
94   	4428.56     	0.003   	1.0000  	[10.8, 27.1, 16.2, 16.2]	[hover, hover, left, left]	[0.7296, 9.6898, 2.6179, 0.8996]
95   	4402.21     	0.003   	1.0000  	[10.8, 27.1, 16.2, 16.2]	[up, hover, front, down]	[0.1428, 6.5244, 3.0624, 0.7747]
96   	4388.94     	0.003   	1.0000  	[16.2, 27.1, 16.2, 10.8]	[back, down, hover, hover]	[0.2290, 6.1029, 2.7913, 0.7665]
97   	4370.86     	0.003   	1.0000  	[16.2, 21.7, 16.2, 10.8]	[down, front, back, hover]	[0.2011, 7.9770, 2.8978, 0.3684]
98   	4354.18     	0.003   	1.0000  	[10.8, 21.7, 16.2, 10.8]	[back, right, left, up]	[0.9741, 7.5178, 2.1261, 0.2111]
99   	4346.65     	0.003   	1.0000  	[10.8, 21.7, 16.2, 16.2]	[back, down, right, left]	[0.3708, 4.4686, 1.6589, 0.4329]
[2025-12-18T15:05:28]
Strategy: greedy_ig
Pairwise: biased
News mode: IGd
Num agents: 4
Iteration: 14
Error margin: None
Gaussian radius 5 
Grid info: range: 0-50-50, cell_size:0.125, map shape: (400, 400), center:True
init UAV positions: [(-15.0, -5.0, 5.4), (-15.0, 0.0, 5.4), (25.0, 0.0, 5.4), (15.0, 20.0, 5.4)]
mcts_params: {}
Step	Entropy	MSE	Coverage	Heights	Actions	IGs
------------------------------------------------------------------------------------------------------------------------
0    	160000.00   	0.250   	0.0000  	[5.4, 5.4, 5.4, 5.4]	[-, -, -, -]	[-, -, -, -]
1    	158554.61   	0.239   	0.0516  	[5.4, 5.4, 5.4, 5.4]	[up, up, up, up]	[3904.5582, 2231.1761, 1952.2791, 3514.1024]
2    	156632.21   	0.227   	0.1750  	[10.8, 10.8, 10.8, 10.8]	[up, up, up, up]	[2449.0833, 1598.9700, 1889.5594, 2678.1710]
3    	154989.50   	0.218   	0.3563  	[16.2, 16.2, 16.2, 16.2]	[up, front, left, back]	[1401.8165, 1302.1465, 1734.6108, 1986.4084]
4    	153466.10   	0.209   	0.4786  	[21.7, 16.2, 16.2, 16.2]	[right, front, up, up]	[1462.4552, 1216.1382, 1651.1176, 1429.1336]
5    	151906.27   	0.200   	0.6083  	[21.7, 16.2, 21.7, 21.7]	[up, front, left, left]	[1464.6970, 1263.2542, 1485.6136, 1227.1653]
6    	149950.97   	0.190   	0.7473  	[27.1, 16.2, 21.7, 21.7]	[right, up, left, back]	[1436.9282, 1376.6710, 1264.7878, 1047.8018]
7    	148264.11   	0.182   	0.8147  	[27.1, 21.7, 21.7, 21.7]	[back, front, back, left]	[1047.4461, 1477.6912, 1037.2235, 1108.6646]
8    	146230.63   	0.175   	0.9153  	[27.1, 21.7, 21.7, 21.7]	[right, right, back, back]	[967.4253, 1244.3504, 1030.4008, 1017.9264]
9    	143634.52   	0.167   	0.9442  	[27.1, 21.7, 21.7, 21.7]	[right, right, back, back]	[821.2168, 1106.0856, 956.8635, 926.6700]
10   	140412.91   	0.159   	0.9653  	[27.1, 21.7, 21.7, 21.7]	[right, right, back, back]	[692.0409, 1053.9343, 895.5070, 820.9817]
11   	136259.44   	0.150   	0.9852  	[27.1, 21.7, 21.7, 21.7]	[right, right, left, up]	[558.7845, 1036.7328, 713.2988, 613.4201]
12   	131456.58   	0.142   	0.9867  	[27.1, 21.7, 21.7, 27.1]	[right, right, left, back]	[364.7072, 898.7339, 470.1091, 415.3050]
13   	126516.46   	0.133   	0.9883  	[27.1, 21.7, 21.7, 27.1]	[right, right, left, left]	[215.2411, 920.4722, 448.0379, 343.8300]
14   	121389.94   	0.125   	0.9898  	[27.1, 21.7, 21.7, 27.1]	[front, right, left, left]	[221.1059, 790.5921, 667.4891, 338.1543]
15   	115897.17   	0.117   	0.9914  	[27.1, 21.7, 21.7, 27.1]	[front, right, left, left]	[254.7009, 802.8584, 820.5497, 406.0417]
16   	110230.47   	0.109   	0.9930  	[27.1, 21.7, 21.7, 27.1]	[front, right, left, left]	[296.1846, 726.8703, 921.6878, 489.6210]
17   	104188.50   	0.101   	0.9945  	[27.1, 21.7, 21.7, 27.1]	[front, back, left, left]	[394.0094, 470.2824, 982.8741, 615.0862]
18   	97816.90    	0.093   	0.9961  	[27.1, 21.7, 21.7, 27.1]	[front, back, left, left]	[335.6069, 423.9835, 1030.7065, 663.0648]
19   	91785.34    	0.086   	0.9977  	[27.1, 21.7, 21.7, 27.1]	[front, back, left, front]	[352.0207, 662.7554, 1056.9849, 599.4359]
20   	85764.30    	0.079   	1.0000  	[27.1, 21.7, 21.7, 27.1]	[left, back, front, front]	[367.2492, 907.3113, 960.6878, 493.2898]
21   	79853.89    	0.072   	1.0000  	[27.1, 21.7, 21.7, 27.1]	[left, back, front, front]	[312.1766, 1089.7066, 937.2758, 347.3102]
22   	74604.24    	0.067   	1.0000  	[27.1, 21.7, 21.7, 27.1]	[left, back, front, down]	[241.4288, 1229.3494, 883.1957, 184.1557]
23   	69757.80    	0.061   	1.0000  	[27.1, 21.7, 21.7, 21.7]	[left, back, front, front]	[237.2317, 1360.7179, 739.5176, 174.4121]
24   	65214.12    	0.056   	1.0000  	[27.1, 21.7, 21.7, 21.7]	[left, back, front, left]	[177.6486, 1434.0373, 597.3392, 97.8510]
25   	60826.79    	0.051   	1.0000  	[27.1, 21.7, 21.7, 21.7]	[left, left, right, front]	[138.0064, 1368.3989, 371.6366, 43.8559]
26   	56185.61    	0.047   	1.0000  	[27.1, 21.7, 21.7, 21.7]	[front, left, front, down]	[95.3413, 1309.9448, 364.4679, 22.4273]
27   	52203.06    	0.044   	1.0000  	[27.1, 21.7, 21.7, 16.2]	[left, left, right, left]	[61.9752, 1145.5102, 335.8109, 22.6796]
28   	48652.09    	0.041   	1.0000  	[27.1, 21.7, 21.7, 16.2]	[down, left, front, left]	[48.1663, 992.3448, 437.7004, 10.0432]
29   	44929.33    	0.037   	1.0000  	[21.7, 21.7, 21.7, 16.2]	[left, left, front, down]	[43.8454, 990.9494, 541.0146, 7.9323]
30   	41756.36    	0.035   	1.0000  	[21.7, 21.7, 21.7, 10.8]	[left, left, right, back]	[26.9830, 1034.6892, 709.1596, 6.9809]
31   	39140.45    	0.032   	1.0000  	[21.7, 21.7, 21.7, 10.8]	[down, left, right, back]	[20.1897, 1040.1641, 763.1567, 5.8039]
32   	36660.77    	0.030   	1.0000  	[16.2, 21.7, 21.7, 10.8]	[front, left, right, back]	[15.3636, 1061.8587, 776.5046, 15.3321]
33   	34591.77    	0.028   	1.0000  	[16.2, 21.7, 21.7, 10.8]	[right, left, right, back]	[11.2438, 673.2570, 769.2284, 34.5712]
34   	32986.97    	0.026   	1.0000  	[16.2, 21.7, 21.7, 10.8]	[hover, back, right, back]	[10.7215, 282.4682, 772.7085, 58.1550]
35   	31651.82    	0.025   	1.0000  	[16.2, 21.7, 21.7, 10.8]	[hover, down, right, back]	[10.3973, 109.9648, 775.2708, 97.9812]
36   	30706.01    	0.024   	1.0000  	[16.2, 16.2, 21.7, 10.8]	[back, left, hover, back]	[9.6061, 83.0362, 404.3196, 170.4840]
37   	30027.50    	0.024   	1.0000  	[16.2, 16.2, 21.7, 10.8]	[back, back, hover, back]	[8.1086, 28.7604, 154.6884, 331.6755]
38   	28933.25    	0.023   	1.0000  	[16.2, 16.2, 21.7, 10.8]	[up, front, hover, back]	[8.5863, 9.4257, 49.5270, 604.5558]
39   	27738.24    	0.022   	1.0000  	[21.7, 16.2, 21.7, 10.8]	[back, front, hover, back]	[12.3305, 7.2649, 18.0875, 632.7799]
40   	26765.70    	0.021   	1.0000  	[21.7, 16.2, 21.7, 10.8]	[back, front, hover, back]	[10.4628, 6.6623, 10.1714, 944.1842]
41   	25768.54    	0.020   	1.0000  	[21.7, 16.2, 21.7, 10.8]	[back, front, hover, right]	[10.6019, 7.1223, 8.0401, 874.9990]
42   	24754.71    	0.020   	1.0000  	[21.7, 16.2, 21.7, 10.8]	[back, front, down, right]	[6.5780, 5.9614, 5.7562, 901.2254]
43   	23681.07    	0.019   	1.0000  	[21.7, 16.2, 16.2, 10.8]	[back, front, right, right]	[6.6326, 7.6951, 6.5608, 872.2716]
44   	22554.17    	0.018   	1.0000  	[21.7, 16.2, 16.2, 10.8]	[back, front, front, right]	[30.0683, 13.6690, 6.6421, 817.3259]
45   	21266.09    	0.017   	1.0000  	[21.7, 16.2, 16.2, 10.8]	[back, front, hover, right]	[131.4345, 13.9154, 4.0253, 824.8743]
46   	19921.03    	0.016   	1.0000  	[21.7, 16.2, 16.2, 10.8]	[back, front, hover, right]	[302.2534, 16.9740, 2.9422, 903.0056]
47   	18693.46    	0.015   	1.0000  	[21.7, 16.2, 16.2, 10.8]	[right, front, hover, right]	[204.1591, 33.0521, 2.0259, 920.3268]
48   	17480.47    	0.014   	1.0000  	[21.7, 16.2, 16.2, 10.8]	[right, front, left, right]	[114.0071, 88.1297, 1.8661, 947.3776]
49   	16372.09    	0.013   	1.0000  	[21.7, 16.2, 16.2, 10.8]	[right, hover, left, right]	[82.0406, 26.0412, 1.7672, 934.6354]
50   	15275.64    	0.012   	1.0000  	[21.7, 16.2, 16.2, 10.8]	[right, hover, left, right]	[74.3283, 8.8257, 2.9371, 970.1958]
51   	14170.63    	0.011   	1.0000  	[21.7, 16.2, 16.2, 10.8]	[right, right, left, right]	[75.5966, 4.0434, 4.5966, 1038.5260]
52   	13058.49    	0.010   	1.0000  	[21.7, 16.2, 16.2, 10.8]	[right, left, left, right]	[90.4643, 2.5619, 8.3285, 1122.7116]
53   	12067.20    	0.009   	1.0000  	[21.7, 16.2, 16.2, 10.8]	[right, right, left, up]	[105.9151, 1.6072, 12.6254, 584.9858]
54   	11410.07    	0.008   	1.0000  	[21.7, 16.2, 16.2, 16.2]	[right, back, left, right]	[103.3019, 1.4695, 37.6448, 204.6386]
55   	10625.39    	0.008   	1.0000  	[21.7, 16.2, 16.2, 16.2]	[right, up, left, front]	[141.1677, 1.1231, 83.5263, 84.3452]
56   	9608.82     	0.007   	1.0000  	[21.7, 21.7, 16.2, 16.2]	[hover, right, left, front]	[63.3910, 1.6151, 216.1220, 90.6662]
57   	8213.68     	0.006   	1.0000  	[21.7, 21.7, 16.2, 16.2]	[back, right, left, front]	[28.7361, 1.9316, 495.8374, 116.7355]
58   	7519.96     	0.005   	1.0000  	[21.7, 21.7, 16.2, 16.2]	[back, right, left, front]	[17.6701, 3.0356, 260.2773, 91.3944]
59   	7336.62     	0.005   	1.0000  	[21.7, 21.7, 16.2, 16.2]	[down, right, down, front]	[12.3331, 4.8289, 86.2348, 58.0825]
60   	7202.50     	0.005   	1.0000  	[16.2, 21.7, 10.8, 16.2]	[right, right, front, front]	[15.8192, 5.6753, 56.0218, 41.2851]
61   	7130.63     	0.005   	1.0000  	[16.2, 21.7, 10.8, 16.2]	[front, right, hover, front]	[13.9592, 4.9705, 9.7493, 32.2105]
62   	7049.67     	0.005   	1.0000  	[16.2, 21.7, 10.8, 16.2]	[front, right, back, front]	[11.3025, 12.1571, 5.6980, 27.6771]
63   	6915.18     	0.005   	1.0000  	[16.2, 21.7, 10.8, 16.2]	[front, right, back, front]	[10.3973, 32.4952, 6.4684, 22.6533]
64   	6726.53     	0.005   	1.0000  	[16.2, 21.7, 10.8, 16.2]	[front, right, back, front]	[10.5021, 52.1746, 15.5464, 17.3472]
65   	6633.58     	0.005   	1.0000  	[16.2, 21.7, 10.8, 16.2]	[back, hover, back, front]	[9.8375, 20.4550, 13.0017, 12.1642]
66   	6600.70     	0.005   	1.0000  	[16.2, 21.7, 10.8, 16.2]	[front, hover, hover, down]	[7.8134, 7.9653, 5.0565, 4.2049]
67   	6574.76     	0.005   	1.0000  	[16.2, 21.7, 10.8, 10.8]	[up, hover, back, front]	[6.1109, 4.9424, 4.4606, 3.8374]
68   	6556.94     	0.005   	1.0000  	[21.7, 21.7, 10.8, 10.8]	[front, hover, back, right]	[5.4855, 2.7897, 4.3019, 0.4003]
69   	6532.50     	0.005   	1.0000  	[21.7, 21.7, 10.8, 10.8]	[front, hover, back, left]	[6.5935, 2.1267, 6.2682, 0.1467]
70   	6498.88     	0.004   	1.0000  	[21.7, 21.7, 10.8, 10.8]	[front, front, back, back]	[8.3309, 1.4404, 9.8293, 0.0658]
71   	6444.09     	0.004   	1.0000  	[21.7, 21.7, 10.8, 10.8]	[front, front, back, back]	[14.4940, 1.2389, 17.3682, 0.6248]
72   	6325.92     	0.004   	1.0000  	[21.7, 21.7, 10.8, 10.8]	[front, down, back, right]	[18.7916, 1.1094, 37.9593, 0.2414]
73   	6022.68     	0.004   	1.0000  	[21.7, 16.2, 10.8, 10.8]	[front, left, back, back]	[42.8220, 0.9927, 108.7318, 0.0589]
74   	5561.48     	0.004   	1.0000  	[21.7, 16.2, 10.8, 10.8]	[front, left, back, hover]	[59.8033, 0.6340, 283.9719, 0.3380]
75   	5379.94     	0.004   	1.0000  	[21.7, 16.2, 10.8, 10.8]	[right, left, hover, hover]	[36.1177, 0.7838, 65.3369, 0.3084]
76   	5314.05     	0.004   	1.0000  	[21.7, 16.2, 10.8, 10.8]	[hover, left, hover, hover]	[19.0249, 0.7814, 10.4287, 0.1600]
77   	5283.66     	0.003   	1.0000  	[21.7, 16.2, 10.8, 10.8]	[left, left, up, back]	[11.2477, 0.5283, 2.2710, 0.0995]
78   	5263.78     	0.003   	1.0000  	[21.7, 16.2, 16.2, 10.8]	[left, back, front, back]	[9.3304, 0.3480, 1.5181, 0.2904]
79   	5247.57     	0.003   	1.0000  	[21.7, 16.2, 16.2, 10.8]	[down, back, right, back]	[9.0978, 0.8147, 2.1547, 1.8418]
80   	5232.25     	0.003   	1.0000  	[16.2, 16.2, 16.2, 10.8]	[front, back, front, back]	[9.9577, 1.2092, 1.9062, 1.1890]
81   	5213.58     	0.003   	1.0000  	[16.2, 16.2, 16.2, 10.8]	[left, back, right, back]	[11.2549, 1.3053, 2.1864, 0.8151]
82   	5201.15     	0.003   	1.0000  	[16.2, 16.2, 16.2, 10.8]	[front, back, right, back]	[9.0817, 2.3322, 3.2050, 0.0957]
83   	5185.62     	0.003   	1.0000  	[16.2, 16.2, 16.2, 10.8]	[hover, back, right, back]	[7.6945, 2.4045, 5.6554, 2.4109]
84   	5174.27     	0.003   	1.0000  	[16.2, 16.2, 16.2, 10.8]	[hover, back, hover, back]	[7.6315, 3.0475, 3.7728, 4.1653]
85   	5161.72     	0.003   	1.0000  	[16.2, 16.2, 16.2, 10.8]	[back, back, back, left]	[6.2201, 4.1563, 2.9168, 3.7512]
86   	5147.51     	0.003   	1.0000  	[16.2, 16.2, 16.2, 10.8]	[left, right, right, back]	[6.4497, 4.9177, 3.1648, 3.0365]
87   	5095.03     	0.003   	1.0000  	[16.2, 16.2, 16.2, 10.8]	[left, back, down, back]	[6.3379, 3.9777, 3.7254, 46.9146]
88   	5052.92     	0.003   	1.0000  	[16.2, 16.2, 10.8, 10.8]	[back, right, right, left]	[5.8746, 4.7028, 3.7811, 30.7372]
89   	4984.77     	0.003   	1.0000  	[16.2, 16.2, 10.8, 10.8]	[left, up, right, left]	[5.1819, 4.3401, 4.9083, 52.1035]
90   	4831.84     	0.003   	1.0000  	[16.2, 21.7, 10.8, 10.8]	[left, up, right, left]	[4.5959, 9.1705, 4.5322, 75.8099]
91   	4613.11     	0.003   	1.0000  	[16.2, 27.1, 10.8, 10.8]	[hover, right, right, left]	[4.7257, 18.2160, 3.2711, 62.1204]
92   	4299.62     	0.003   	1.0000  	[16.2, 27.1, 10.8, 10.8]	[hover, right, right, left]	[4.7939, 38.7449, 5.4924, 98.0594]
93   	4034.66     	0.002   	1.0000  	[16.2, 27.1, 10.8, 10.8]	[back, hover, up, left]	[3.4015, 16.6163, 17.8232, 101.5004]
94   	3758.98     	0.002   	1.0000  	[16.2, 27.1, 16.2, 10.8]	[hover, hover, right, left]	[3.0867, 6.0599, 47.7550, 119.2691]
95   	3586.02     	0.002   	1.0000  	[16.2, 27.1, 16.2, 10.8]	[left, down, back, left]	[2.5535, 3.8088, 19.2406, 129.1664]
96   	3431.48     	0.002   	1.0000  	[16.2, 21.7, 16.2, 10.8]	[back, right, back, left]	[3.1398, 3.8038, 9.8640, 133.0091]
97   	3277.32     	0.002   	1.0000  	[16.2, 21.7, 16.2, 10.8]	[left, back, down, left]	[3.5692, 5.6210, 6.5908, 132.5206]
98   	3132.50     	0.002   	1.0000  	[16.2, 21.7, 10.8, 10.8]	[left, hover, right, left]	[4.2235, 4.6289, 6.7069, 130.5672]
99   	2977.73     	0.002   	1.0000  	[16.2, 21.7, 10.8, 10.8]	[left, hover, front, left]	[4.2849, 3.9812, 5.0368, 145.6347]
[2025-12-18T15:05:39]
Strategy: greedy_ig
Pairwise: biased
News mode: IGd
Num agents: 4
Iteration: 15
Error margin: None
Gaussian radius 5 
Grid info: range: 0-50-50, cell_size:0.125, map shape: (400, 400), center:True
init UAV positions: [(-25.0, -5.0, 5.4), (-5.0, 10.0, 5.4), (25.0, 0.0, 5.4), (25.0, 10.0, 5.4)]
mcts_params: {}
Step	Entropy	MSE	Coverage	Heights	Actions	IGs
------------------------------------------------------------------------------------------------------------------------
0    	160000.00   	0.250   	0.0000  	[5.4, 5.4, 5.4, 5.4]	[-, -, -, -]	[-, -, -, -]
1    	159119.79   	0.242   	0.0391  	[5.4, 5.4, 5.4, 5.4]	[up, up, up, up]	[1952.2791, 3904.5582, 1952.2791, 1735.3592]
2    	157899.45   	0.233   	0.1500  	[10.8, 10.8, 10.8, 10.8]	[up, up, up, up]	[1897.4051, 3777.7557, 1599.8123, 1316.3421]
3    	156490.74   	0.223   	0.3187  	[16.2, 16.2, 16.2, 16.2]	[up, up, left, left]	[1761.6419, 3374.5155, 1310.1156, 1212.2498]
4    	154558.76   	0.211   	0.4988  	[21.7, 21.7, 16.2, 16.2]	[right, up, up, up]	[1626.4817, 2495.8004, 1269.3593, 1048.4642]
5    	152251.74   	0.200   	0.6847  	[21.7, 27.1, 21.7, 21.7]	[right, left, left, left]	[1396.6944, 1612.3118, 1136.3841, 1029.0330]
6    	149734.61   	0.192   	0.7300  	[21.7, 27.1, 21.7, 21.7]	[right, back, left, left]	[1220.2903, 1007.9597, 966.5853, 883.6945]
7    	147260.12   	0.183   	0.7612  	[21.7, 27.1, 21.7, 21.7]	[up, back, back, left]	[1068.4449, 638.8675, 860.8810, 994.5259]
8    	144846.99   	0.175   	0.8363  	[27.1, 27.1, 21.7, 21.7]	[right, right, back, front]	[846.6177, 478.2237, 935.9831, 951.1722]
9    	142630.11   	0.168   	0.8889  	[27.1, 27.1, 21.7, 21.7]	[back, right, back, left]	[845.1687, 540.5164, 1104.8044, 929.7645]
10   	139904.28   	0.160   	0.9514  	[27.1, 27.1, 21.7, 21.7]	[right, right, back, left]	[808.0743, 499.8389, 1124.3246, 826.2298]
11   	136199.70   	0.152   	0.9788  	[27.1, 27.1, 21.7, 21.7]	[right, right, left, left]	[731.9026, 457.8412, 1005.2872, 772.2227]
12   	131838.93   	0.144   	0.9803  	[27.1, 27.1, 21.7, 21.7]	[right, right, left, left]	[620.1343, 464.2436, 791.9017, 880.9316]
13   	127241.52   	0.136   	0.9819  	[27.1, 27.1, 21.7, 21.7]	[right, right, left, left]	[491.2362, 454.8698, 612.1365, 1025.3718]
14   	122690.34   	0.128   	0.9834  	[27.1, 27.1, 21.7, 21.7]	[front, front, left, left]	[370.2640, 406.5716, 699.7160, 1003.6776]
15   	118461.80   	0.121   	0.9850  	[27.1, 27.1, 21.7, 21.7]	[front, front, left, left]	[354.4320, 406.1138, 887.0829, 1026.9102]
16   	114736.31   	0.115   	0.9866  	[27.1, 27.1, 21.7, 21.7]	[front, right, left, left]	[422.8815, 259.7066, 1036.3417, 1152.2129]
17   	110874.60   	0.108   	0.9953  	[27.1, 27.1, 21.7, 21.7]	[front, right, left, back]	[500.4227, 137.0550, 1240.8186, 981.3178]
18   	106432.29   	0.102   	0.9969  	[27.1, 27.1, 21.7, 21.7]	[right, down, left, back]	[524.8774, 57.8741, 1298.1235, 994.4996]
19   	101307.74   	0.096   	0.9984  	[27.1, 21.7, 21.7, 21.7]	[right, front, left, back]	[598.5431, 74.7569, 1253.0637, 989.3979]
20   	95272.62    	0.090   	1.0000  	[27.1, 21.7, 21.7, 21.7]	[right, left, front, back]	[687.2174, 29.8030, 938.4536, 783.6651]
21   	89273.63    	0.084   	1.0000  	[27.1, 21.7, 21.7, 21.7]	[front, left, front, right]	[511.6213, 14.5970, 590.0728, 452.7466]
22   	83812.59    	0.080   	1.0000  	[27.1, 21.7, 21.7, 21.7]	[front, left, front, right]	[305.3469, 11.4656, 553.6340, 289.9848]
23   	79265.67    	0.075   	1.0000  	[27.1, 21.7, 21.7, 21.7]	[right, left, front, back]	[174.9473, 21.4981, 563.9465, 418.3545]
24   	75379.94    	0.071   	1.0000  	[27.1, 21.7, 21.7, 21.7]	[right, left, front, back]	[132.3020, 30.0518, 755.0135, 782.4132]
25   	71799.21    	0.067   	1.0000  	[27.1, 21.7, 21.7, 21.7]	[left, left, front, back]	[74.4776, 31.1647, 800.6710, 1089.3733]
26   	68451.95    	0.062   	1.0000  	[27.1, 21.7, 21.7, 21.7]	[left, left, front, back]	[62.3000, 30.9021, 689.4755, 1364.4144]
27   	65145.67    	0.058   	1.0000  	[27.1, 21.7, 21.7, 21.7]	[left, left, front, right]	[75.0136, 34.3705, 394.0753, 1230.5209]
28   	61100.00    	0.054   	1.0000  	[27.1, 21.7, 21.7, 21.7]	[left, up, right, right]	[95.2700, 27.7007, 256.5536, 1109.0179]
29   	56464.80    	0.050   	1.0000  	[27.1, 27.1, 21.7, 21.7]	[left, left, right, right]	[68.1301, 29.6986, 174.2937, 1150.3847]
30   	52053.41    	0.046   	1.0000  	[27.1, 27.1, 21.7, 21.7]	[left, left, right, right]	[56.7139, 35.4255, 169.0509, 1197.8417]
31   	48014.60    	0.042   	1.0000  	[27.1, 27.1, 21.7, 21.7]	[left, down, right, right]	[64.8685, 49.6162, 270.9426, 1255.0958]
32   	44139.52    	0.038   	1.0000  	[27.1, 21.7, 21.7, 21.7]	[left, left, right, right]	[134.9781, 24.3582, 467.7177, 1290.3567]
33   	41077.28    	0.036   	1.0000  	[27.1, 21.7, 21.7, 21.7]	[back, down, right, back]	[127.3700, 23.8309, 611.1501, 807.8210]
34   	38780.59    	0.034   	1.0000  	[27.1, 16.2, 21.7, 21.7]	[front, back, right, hover]	[108.2586, 15.6189, 648.8812, 338.9682]
35   	37025.84    	0.032   	1.0000  	[27.1, 16.2, 21.7, 21.7]	[left, back, right, hover]	[55.2966, 27.9307, 738.3308, 117.4473]
36   	35948.01    	0.031   	1.0000  	[27.1, 16.2, 21.7, 21.7]	[down, back, hover, left]	[33.6702, 73.7602, 396.5231, 47.8126]
37   	35205.37    	0.031   	1.0000  	[21.7, 16.2, 21.7, 21.7]	[front, back, hover, left]	[41.1551, 202.4849, 149.7113, 45.0272]
38   	34591.92    	0.030   	1.0000  	[21.7, 16.2, 21.7, 21.7]	[front, back, hover, left]	[27.0168, 382.0768, 45.4657, 45.0862]
39   	33527.54    	0.029   	1.0000  	[21.7, 16.2, 21.7, 21.7]	[front, back, hover, left]	[18.4079, 970.4553, 16.6463, 46.9270]
40   	32088.55    	0.028   	1.0000  	[21.7, 16.2, 21.7, 21.7]	[back, back, hover, left]	[14.3876, 1175.7394, 7.9775, 68.3923]
41   	30530.34    	0.026   	1.0000  	[21.7, 16.2, 21.7, 21.7]	[back, back, hover, left]	[12.0275, 1098.5551, 5.2506, 106.3328]
42   	28683.63    	0.024   	1.0000  	[21.7, 16.2, 21.7, 21.7]	[hover, back, down, left]	[9.6911, 969.1135, 4.3333, 286.3295]
43   	26315.84    	0.022   	1.0000  	[21.7, 16.2, 16.2, 21.7]	[hover, right, back, left]	[9.3646, 529.5929, 3.6580, 292.5105]
44   	24312.85    	0.021   	1.0000  	[21.7, 16.2, 16.2, 21.7]	[back, right, left, front]	[8.2535, 385.2485, 3.2187, 164.6853]
45   	22735.35    	0.019   	1.0000  	[21.7, 16.2, 16.2, 21.7]	[front, right, left, left]	[6.3736, 500.8826, 3.9423, 88.1812]
46   	21360.38    	0.018   	1.0000  	[21.7, 16.2, 16.2, 21.7]	[right, right, back, down]	[5.8384, 704.0732, 3.4239, 50.8823]
47   	20075.48    	0.017   	1.0000  	[21.7, 16.2, 16.2, 16.2]	[right, right, left, back]	[6.0336, 889.4958, 2.3406, 33.4857]
48   	18835.54    	0.016   	1.0000  	[21.7, 16.2, 16.2, 16.2]	[right, right, hover, back]	[4.4832, 973.0104, 2.1476, 46.4116]
49   	17655.41    	0.015   	1.0000  	[21.7, 16.2, 16.2, 16.2]	[left, right, hover, hover]	[3.8689, 1043.5322, 1.7883, 17.9994]
50   	16600.36    	0.014   	1.0000  	[21.7, 16.2, 16.2, 16.2]	[left, right, back, left]	[3.6266, 1056.0478, 1.6216, 6.6640]
51   	15736.14    	0.013   	1.0000  	[21.7, 16.2, 16.2, 16.2]	[hover, right, back, front]	[3.8897, 1063.7772, 2.0907, 4.0914]
52   	14899.16    	0.012   	1.0000  	[21.7, 16.2, 16.2, 16.2]	[hover, right, back, down]	[4.1867, 1108.2833, 1.8349, 5.1114]
53   	14240.30    	0.011   	1.0000  	[21.7, 16.2, 16.2, 10.8]	[hover, right, back, front]	[3.6808, 885.6215, 3.5265, 4.6117]
54   	13909.10    	0.011   	1.0000  	[21.7, 16.2, 16.2, 10.8]	[back, back, back, front]	[3.7565, 467.1613, 5.5732, 3.4946]
55   	13777.79    	0.011   	1.0000  	[21.7, 16.2, 16.2, 10.8]	[right, hover, back, front]	[3.4118, 158.8776, 5.7054, 4.3714]
56   	13726.33    	0.010   	1.0000  	[21.7, 16.2, 16.2, 10.8]	[right, left, up, front]	[3.7201, 52.1014, 4.6672, 4.7922]
57   	13674.98    	0.010   	1.0000  	[21.7, 16.2, 21.7, 10.8]	[right, left, right, front]	[3.0060, 36.1263, 4.3817, 9.1199]
58   	13606.32    	0.010   	1.0000  	[21.7, 16.2, 21.7, 10.8]	[right, left, right, front]	[3.9111, 29.5021, 7.0497, 12.5372]
59   	13514.54    	0.010   	1.0000  	[21.7, 16.2, 21.7, 10.8]	[right, left, right, front]	[5.7961, 30.7969, 26.9272, 12.5677]
60   	13434.84    	0.010   	1.0000  	[21.7, 16.2, 21.7, 10.8]	[right, left, right, front]	[6.6204, 41.7957, 10.6356, 22.1972]
61   	13331.82    	0.010   	1.0000  	[21.7, 16.2, 21.7, 10.8]	[right, left, down, front]	[15.4225, 47.7967, 7.6993, 41.6490]
62   	13168.74    	0.010   	1.0000  	[21.7, 16.2, 16.2, 10.8]	[front, left, back, front]	[17.2192, 49.4593, 8.5852, 106.9650]
63   	12944.08    	0.010   	1.0000  	[21.7, 16.2, 16.2, 10.8]	[hover, left, down, front]	[10.9938, 49.2796, 6.0127, 234.4913]
64   	12851.18    	0.009   	1.0000  	[21.7, 16.2, 10.8, 10.8]	[hover, left, right, hover]	[8.7379, 54.0717, 6.2168, 51.9418]
65   	12783.33    	0.009   	1.0000  	[21.7, 16.2, 10.8, 10.8]	[hover, left, back, hover]	[7.7258, 73.6011, 7.5118, 9.1861]
66   	12709.28    	0.009   	1.0000  	[21.7, 16.2, 10.8, 10.8]	[hover, left, left, right]	[6.6110, 77.5367, 4.7390, 4.9335]
67   	12681.80    	0.009   	1.0000  	[21.7, 16.2, 10.8, 10.8]	[hover, hover, right, right]	[6.5107, 26.6031, 3.4711, 2.5535]
68   	12666.02    	0.009   	1.0000  	[21.7, 16.2, 10.8, 10.8]	[back, hover, hover, right]	[5.5058, 9.2042, 3.4465, 1.0395]
69   	12651.00    	0.009   	1.0000  	[21.7, 16.2, 10.8, 10.8]	[back, front, hover, right]	[6.8097, 2.8019, 2.5593, 0.6938]
70   	12487.39    	0.009   	1.0000  	[21.7, 16.2, 10.8, 10.8]	[back, front, hover, up]	[73.1062, 3.3444, 3.1627, 3.8292]
71   	12155.94    	0.009   	1.0000  	[21.7, 16.2, 10.8, 16.2]	[back, front, hover, right]	[165.2167, 3.8137, 2.3736, 3.8033]
72   	11594.59    	0.008   	1.0000  	[21.7, 16.2, 10.8, 16.2]	[back, right, hover, right]	[354.1576, 3.3009, 1.0920, 5.2009]
73   	10694.75    	0.008   	1.0000  	[21.7, 16.2, 10.8, 16.2]	[back, right, right, right]	[483.2511, 5.1306, 0.7998, 5.0003]
74   	9537.16     	0.007   	1.0000  	[21.7, 16.2, 10.8, 16.2]	[back, right, hover, right]	[571.8558, 5.8033, 0.9032, 4.9926]
75   	8152.51     	0.006   	1.0000  	[21.7, 16.2, 10.8, 16.2]	[back, front, hover, right]	[613.1386, 4.9644, 0.9078, 13.8887]
76   	6891.37     	0.005   	1.0000  	[21.7, 16.2, 10.8, 16.2]	[back, down, front, right]	[524.3547, 4.5612, 0.4150, 37.7374]
77   	6120.70     	0.004   	1.0000  	[21.7, 10.8, 10.8, 16.2]	[left, right, right, right]	[273.5766, 4.6033, 0.3551, 93.7191]
78   	5709.28     	0.004   	1.0000  	[21.7, 10.8, 10.8, 16.2]	[right, right, hover, back]	[138.7566, 4.2277, 0.3633, 33.0141]
79   	5568.55     	0.004   	1.0000  	[21.7, 10.8, 10.8, 16.2]	[left, right, hover, hover]	[54.5616, 4.4913, 0.3131, 8.7677]
80   	5437.00     	0.004   	1.0000  	[21.7, 10.8, 10.8, 16.2]	[left, front, left, front]	[57.2356, 3.9354, 0.2465, 3.0332]
81   	5293.92     	0.004   	1.0000  	[21.7, 10.8, 10.8, 16.2]	[left, hover, hover, down]	[70.8596, 4.6555, 0.5287, 2.0945]
82   	5149.62     	0.004   	1.0000  	[21.7, 10.8, 10.8, 10.8]	[left, right, left, right]	[74.0572, 3.8133, 0.4414, 1.6722]
83   	4983.98     	0.003   	1.0000  	[21.7, 10.8, 10.8, 10.8]	[left, right, left, back]	[79.5973, 4.4738, 0.8071, 2.0819]
84   	4798.95     	0.003   	1.0000  	[21.7, 10.8, 10.8, 10.8]	[left, right, left, hover]	[88.6511, 8.4799, 0.5923, 1.9121]
85   	4607.14     	0.003   	1.0000  	[21.7, 10.8, 10.8, 10.8]	[left, right, left, hover]	[105.4737, 11.9308, 1.5344, 1.3870]
86   	4365.07     	0.003   	1.0000  	[21.7, 10.8, 10.8, 10.8]	[left, right, left, left]	[142.4274, 19.6013, 1.4432, 0.5254]
87   	4214.12     	0.003   	1.0000  	[21.7, 10.8, 10.8, 10.8]	[hover, right, back, up]	[69.4571, 31.6740, 1.8280, 0.4588]
88   	4160.76     	0.003   	1.0000  	[21.7, 10.8, 10.8, 16.2]	[hover, hover, hover, left]	[28.9143, 9.4846, 1.7811, 0.8033]
89   	4131.37     	0.003   	1.0000  	[21.7, 10.8, 10.8, 16.2]	[hover, left, up, left]	[14.2159, 5.6636, 1.0126, 2.1040]
90   	4111.48     	0.003   	1.0000  	[21.7, 10.8, 16.2, 16.2]	[hover, front, front, left]	[9.3933, 4.9696, 0.9619, 3.0912]
91   	4091.55     	0.003   	1.0000  	[21.7, 10.8, 16.2, 16.2]	[hover, front, front, back]	[7.3782, 5.2055, 0.7567, 3.3599]
92   	4075.62     	0.003   	1.0000  	[21.7, 10.8, 16.2, 16.2]	[hover, up, back, left]	[6.6635, 4.2978, 0.6926, 2.9136]
93   	4054.98     	0.003   	1.0000  	[21.7, 16.2, 16.2, 16.2]	[hover, front, front, left]	[5.7990, 8.6024, 1.0032, 2.8860]
94   	4038.56     	0.002   	1.0000  	[21.7, 16.2, 16.2, 16.2]	[front, front, hover, down]	[4.3700, 8.2725, 0.8770, 2.3151]
95   	4022.17     	0.002   	1.0000  	[21.7, 16.2, 16.2, 10.8]	[back, front, hover, back]	[3.8203, 9.6699, 0.5138, 2.8333]
96   	3999.59     	0.002   	1.0000  	[21.7, 16.2, 16.2, 10.8]	[front, front, hover, hover]	[3.4429, 12.5741, 0.5384, 2.0106]
97   	3982.11     	0.002   	1.0000  	[21.7, 16.2, 16.2, 10.8]	[hover, hover, back, hover]	[3.2229, 9.1987, 0.7480, 2.0767]
98   	3969.98     	0.002   	1.0000  	[21.7, 16.2, 16.2, 10.8]	[right, left, hover, hover]	[2.9605, 6.5910, 0.8371, 1.3293]
99   	3964.03     	0.002   	1.0000  	[21.7, 16.2, 16.2, 10.8]	[down, right, hover, hover]	[3.0699, 4.8076, 0.6665, 0.9937]
[2025-12-18T15:05:49]
Strategy: greedy_ig
Pairwise: biased
News mode: IGd
Num agents: 4
Iteration: 16
Error margin: None
Gaussian radius 5 
Grid info: range: 0-50-50, cell_size:0.125, map shape: (400, 400), center:True
init UAV positions: [(-10.0, -20.0, 5.4), (-10.0, 25.0, 5.4), (25.0, -20.0, 5.4), (15.0, 5.0, 5.4)]
mcts_params: {}
Step	Entropy	MSE	Coverage	Heights	Actions	IGs
------------------------------------------------------------------------------------------------------------------------
0    	160000.00   	0.250   	0.0000  	[5.4, 5.4, 5.4, 5.4]	[-, -, -, -]	[-, -, -, -]
1    	159063.46   	0.241   	0.0469  	[5.4, 5.4, 5.4, 5.4]	[up, up, up, up]	[3514.1024, 1952.2791, 1757.0512, 3904.5582]
2    	158050.54   	0.232   	0.1781  	[10.8, 10.8, 10.8, 10.8]	[up, up, left, up]	[2667.7266, 1885.2589, 1418.9847, 3782.4447]
3    	156955.96   	0.221   	0.3609  	[16.2, 16.2, 10.8, 16.2]	[up, up, up, up]	[2257.9489, 1783.4144, 1395.6685, 2958.7987]
4    	155809.57   	0.212   	0.5969  	[21.7, 21.7, 16.2, 21.7]	[front, back, left, left]	[2009.6759, 1759.8308, 1327.3754, 2198.6901]
5    	154506.04   	0.203   	0.6945  	[21.7, 21.7, 16.2, 21.7]	[front, back, front, up]	[1681.4976, 1570.7225, 1303.5492, 1697.1583]
6    	152814.19   	0.194   	0.8148  	[21.7, 21.7, 16.2, 27.1]	[up, back, left, left]	[1527.3187, 1411.3399, 1304.2916, 1378.8448]
7    	150487.03   	0.185   	0.9261  	[27.1, 21.7, 16.2, 27.1]	[front, back, front, left]	[1408.3589, 1205.0011, 1298.6887, 996.6732]
8    	147387.82   	0.176   	0.9370  	[27.1, 21.7, 16.2, 27.1]	[front, up, up, front]	[1046.1896, 953.1231, 1359.9505, 712.1002]
9    	143387.59   	0.166   	0.9856  	[27.1, 27.1, 21.7, 27.1]	[right, back, left, left]	[758.5041, 830.5623, 1266.7516, 542.8742]
10   	139154.85   	0.158   	0.9856  	[27.1, 27.1, 21.7, 27.1]	[right, back, front, front]	[582.5549, 617.6366, 1005.3849, 444.2067]
11   	134744.60   	0.150   	0.9919  	[27.1, 27.1, 21.7, 27.1]	[right, back, front, left]	[514.9755, 625.2306, 845.1534, 410.6747]
12   	130198.95   	0.141   	0.9919  	[27.1, 27.1, 21.7, 27.1]	[right, back, front, left]	[456.2273, 589.5961, 713.3768, 493.8608]
13   	125724.91   	0.133   	0.9919  	[27.1, 27.1, 21.7, 27.1]	[right, back, front, left]	[419.8557, 603.6734, 695.6672, 605.4858]
14   	121417.70   	0.124   	0.9919  	[27.1, 27.1, 21.7, 27.1]	[right, back, front, left]	[464.6673, 668.5145, 742.8379, 676.1672]
15   	117662.15   	0.117   	0.9919  	[27.1, 27.1, 21.7, 27.1]	[back, back, front, back]	[464.5310, 726.0698, 1004.9754, 541.5412]
16   	113930.02   	0.110   	0.9919  	[27.1, 27.1, 21.7, 27.1]	[right, right, front, back]	[344.9625, 640.3493, 1057.3963, 459.6631]
17   	109985.69   	0.103   	0.9919  	[27.1, 27.1, 21.7, 27.1]	[right, right, front, back]	[190.8347, 597.7808, 1155.4739, 542.2462]
18   	105219.21   	0.097   	0.9966  	[27.1, 27.1, 21.7, 27.1]	[down, right, left, back]	[132.7318, 621.8253, 1085.0905, 634.5272]
19   	99639.71    	0.091   	0.9966  	[21.7, 27.1, 21.7, 27.1]	[back, right, left, back]	[104.3294, 553.2422, 1106.8409, 698.5935]
20   	93771.14    	0.084   	0.9966  	[21.7, 27.1, 21.7, 27.1]	[right, right, left, back]	[43.8094, 542.4655, 1127.4495, 795.2881]
21   	88014.63    	0.078   	0.9966  	[21.7, 27.1, 21.7, 27.1]	[down, right, left, back]	[24.7240, 627.4549, 1207.9952, 758.7110]
22   	82779.42    	0.073   	0.9966  	[16.2, 27.1, 21.7, 27.1]	[back, front, left, right]	[19.2788, 544.2807, 1216.3311, 531.3368]
23   	78046.33    	0.068   	0.9966  	[16.2, 27.1, 21.7, 27.1]	[left, front, left, right]	[15.1636, 447.9710, 1181.2525, 387.0882]
24   	73667.17    	0.063   	0.9966  	[16.2, 27.1, 21.7, 27.1]	[hover, front, left, right]	[10.6368, 440.7314, 1211.2181, 350.9113]
25   	69529.68    	0.059   	0.9966  	[16.2, 27.1, 21.7, 27.1]	[left, front, left, right]	[10.0215, 469.5639, 1296.8782, 305.8132]
26   	65246.28    	0.055   	0.9966  	[16.2, 27.1, 21.7, 27.1]	[hover, front, back, right]	[7.5276, 533.4397, 1156.6280, 282.9773]
27   	60659.26    	0.050   	0.9966  	[16.2, 27.1, 21.7, 27.1]	[left, front, back, right]	[5.9232, 580.6049, 1184.3885, 309.1567]
28   	56425.91    	0.046   	0.9997  	[16.2, 27.1, 21.7, 27.1]	[left, right, back, right]	[5.3332, 451.3682, 1299.4359, 214.7605]
29   	52867.96    	0.043   	1.0000  	[16.2, 27.1, 21.7, 27.1]	[front, front, back, down]	[4.6574, 261.1502, 1344.0058, 163.7787]
30   	49814.89    	0.041   	1.0000  	[16.2, 27.1, 21.7, 21.7]	[front, down, back, right]	[5.3570, 199.1372, 1425.4906, 127.2464]
31   	46953.08    	0.038   	1.0000  	[16.2, 21.7, 21.7, 21.7]	[front, right, back, back]	[8.0650, 146.8893, 1415.2983, 105.9580]
32   	44372.24    	0.036   	1.0000  	[16.2, 21.7, 21.7, 21.7]	[front, front, back, back]	[11.6981, 66.2933, 1435.2758, 54.8045]
33   	42212.14    	0.034   	1.0000  	[16.2, 21.7, 21.7, 21.7]	[front, down, back, down]	[37.2133, 42.2754, 1195.7659, 42.2838]
34   	39949.35    	0.033   	1.0000  	[16.2, 16.2, 21.7, 16.2]	[front, right, back, right]	[863.5110, 32.2906, 586.3122, 34.6002]
35   	37609.41    	0.031   	1.0000  	[16.2, 16.2, 21.7, 16.2]	[front, left, right, left]	[1278.6757, 19.3580, 263.6107, 20.8824]
36   	35418.74    	0.029   	1.0000  	[16.2, 16.2, 21.7, 16.2]	[front, right, right, hover]	[1251.5141, 14.3331, 102.5621, 16.0460]
37   	32754.73    	0.027   	1.0000  	[16.2, 16.2, 21.7, 16.2]	[up, left, down, hover]	[1410.9062, 9.8976, 36.8092, 12.3199]
38   	29740.40    	0.025   	1.0000  	[21.7, 16.2, 16.2, 16.2]	[front, left, right, hover]	[1231.6997, 7.0666, 25.6024, 8.8255]
39   	27567.50    	0.023   	1.0000  	[21.7, 16.2, 16.2, 16.2]	[left, hover, right, right]	[844.8636, 7.1936, 13.1897, 6.0771]
40   	25720.08    	0.022   	1.0000  	[21.7, 16.2, 16.2, 16.2]	[left, left, down, left]	[808.3885, 6.4290, 8.2361, 5.4992]
41   	24044.54    	0.020   	1.0000  	[21.7, 16.2, 10.8, 16.2]	[left, hover, right, left]	[770.8967, 4.8881, 6.2754, 5.1940]
42   	22346.62    	0.019   	1.0000  	[21.7, 16.2, 10.8, 16.2]	[left, right, front, left]	[862.7436, 4.3667, 3.6708, 5.8284]
43   	20614.26    	0.018   	1.0000  	[21.7, 16.2, 10.8, 16.2]	[left, right, front, left]	[1042.4329, 4.1426, 2.7760, 6.5367]
44   	18953.93    	0.016   	1.0000  	[21.7, 16.2, 10.8, 16.2]	[left, up, up, left]	[1013.5363, 5.3848, 3.0475, 7.6907]
45   	17806.71    	0.015   	1.0000  	[21.7, 21.7, 16.2, 16.2]	[front, back, right, left]	[782.4489, 6.3904, 2.9489, 13.9058]
46   	17221.43    	0.015   	1.0000  	[21.7, 21.7, 16.2, 16.2]	[hover, back, hover, left]	[371.4649, 14.0325, 2.9020, 21.4103]
47   	16952.43    	0.015   	1.0000  	[21.7, 21.7, 16.2, 16.2]	[hover, back, hover, left]	[130.6302, 22.6343, 2.6605, 33.7279]
48   	16766.32    	0.014   	1.0000  	[21.7, 21.7, 16.2, 16.2]	[right, back, hover, left]	[67.3794, 29.5171, 2.3565, 49.7946]
49   	16470.07    	0.014   	1.0000  	[21.7, 21.7, 16.2, 16.2]	[right, back, hover, left]	[69.7411, 35.5690, 1.8721, 119.4091]
50   	16080.22    	0.014   	1.0000  	[21.7, 21.7, 16.2, 16.2]	[right, back, up, left]	[75.9590, 41.0195, 1.3928, 212.7894]
51   	15771.19    	0.013   	1.0000  	[21.7, 21.7, 21.7, 16.2]	[right, back, left, left]	[82.8685, 46.5236, 1.3710, 76.9927]
52   	15331.98    	0.013   	1.0000  	[21.7, 21.7, 21.7, 16.2]	[right, back, front, down]	[109.9510, 90.4209, 1.1117, 32.5187]
53   	14443.77    	0.012   	1.0000  	[21.7, 21.7, 21.7, 10.8]	[right, back, front, back]	[233.4412, 172.5165, 1.2423, 22.0569]
54   	13427.92    	0.011   	1.0000  	[21.7, 21.7, 21.7, 10.8]	[right, right, left, hover]	[572.5854, 94.9371, 1.4855, 8.9622]
55   	12023.70    	0.010   	1.0000  	[21.7, 21.7, 21.7, 10.8]	[right, right, left, front]	[900.4299, 49.1249, 3.7633, 5.7511]
56   	10907.25    	0.009   	1.0000  	[21.7, 21.7, 21.7, 10.8]	[right, left, left, front]	[642.2373, 25.5325, 5.4201, 7.3485]
57   	10477.37    	0.009   	1.0000  	[21.7, 21.7, 21.7, 10.8]	[down, left, left, front]	[318.9497, 16.8242, 6.1429, 9.2793]
58   	10214.59    	0.008   	1.0000  	[16.2, 21.7, 21.7, 10.8]	[right, left, left, front]	[203.1496, 16.7588, 8.2122, 9.8136]
59   	10104.52    	0.008   	1.0000  	[16.2, 21.7, 21.7, 10.8]	[front, hover, front, front]	[86.7182, 14.6600, 7.8078, 11.5880]
60   	10047.10    	0.008   	1.0000  	[16.2, 21.7, 21.7, 10.8]	[hover, left, front, front]	[25.8916, 13.0109, 7.8354, 10.8130]
61   	9978.11     	0.008   	1.0000  	[16.2, 21.7, 21.7, 10.8]	[back, hover, front, front]	[10.9106, 10.9164, 14.0670, 11.9822]
62   	9844.82     	0.008   	1.0000  	[16.2, 21.7, 21.7, 10.8]	[back, left, front, front]	[13.3032, 10.2523, 34.8491, 16.2590]
63   	9553.75     	0.008   	1.0000  	[16.2, 21.7, 21.7, 10.8]	[back, left, front, front]	[20.9883, 11.0760, 91.9109, 30.5787]
64   	8998.47     	0.007   	1.0000  	[16.2, 21.7, 21.7, 10.8]	[back, left, front, front]	[14.4936, 15.0608, 256.6260, 35.9892]
65   	8459.85     	0.007   	1.0000  	[16.2, 21.7, 21.7, 10.8]	[back, left, right, front]	[8.9733, 23.0639, 174.1118, 74.8269]
66   	7926.40     	0.006   	1.0000  	[16.2, 21.7, 21.7, 10.8]	[back, left, right, front]	[7.5483, 47.4341, 107.5473, 189.6281]
67   	7416.79     	0.006   	1.0000  	[16.2, 21.7, 21.7, 10.8]	[down, left, right, front]	[5.8388, 100.9841, 82.1678, 180.0579]
68   	6964.26     	0.005   	1.0000  	[10.8, 21.7, 21.7, 10.8]	[right, left, right, hover]	[3.5533, 174.6119, 78.9714, 45.8767]
69   	6657.65     	0.005   	1.0000  	[10.8, 21.7, 21.7, 10.8]	[left, hover, right, right]	[3.0811, 85.5774, 82.3595, 17.5425]
70   	6439.73     	0.005   	1.0000  	[10.8, 21.7, 21.7, 10.8]	[up, hover, right, up]	[1.8756, 39.1569, 84.6172, 12.0075]
71   	6232.51     	0.005   	1.0000  	[16.2, 21.7, 21.7, 16.2]	[left, hover, right, back]	[2.2396, 21.2789, 109.0627, 9.9904]
72   	5967.70     	0.004   	1.0000  	[16.2, 21.7, 21.7, 16.2]	[back, hover, right, right]	[1.9530, 14.7571, 176.1821, 10.1935]
73   	5832.66     	0.004   	1.0000  	[16.2, 21.7, 21.7, 16.2]	[up, hover, front, right]	[2.7905, 11.1022, 75.1118, 10.6550]
74   	5753.97     	0.004   	1.0000  	[21.7, 21.7, 21.7, 16.2]	[back, front, hover, right]	[4.7748, 9.3038, 31.9480, 13.2195]
75   	5710.28     	0.004   	1.0000  	[21.7, 21.7, 21.7, 16.2]	[back, front, right, right]	[4.1772, 9.9959, 13.5449, 11.5084]
76   	5668.87     	0.004   	1.0000  	[21.7, 21.7, 21.7, 16.2]	[back, front, down, right]	[4.1316, 10.1769, 12.6486, 10.2921]
77   	5620.35     	0.004   	1.0000  	[21.7, 21.7, 16.2, 16.2]	[down, front, right, right]	[4.4579, 11.1451, 6.3098, 20.7644]
78   	5529.57     	0.004   	1.0000  	[16.2, 21.7, 16.2, 16.2]	[right, front, down, right]	[4.0140, 13.7906, 4.7902, 45.9405]
79   	5366.74     	0.004   	1.0000  	[16.2, 21.7, 10.8, 16.2]	[hover, front, right, right]	[3.4532, 13.3430, 3.0881, 95.4825]
80   	5008.34     	0.003   	1.0000  	[16.2, 21.7, 10.8, 16.2]	[hover, front, front, right]	[3.3336, 22.9130, 2.5780, 201.1733]
81   	4395.04     	0.003   	1.0000  	[16.2, 21.7, 10.8, 16.2]	[hover, front, back, right]	[2.6589, 46.5445, 2.1250, 266.4319]
82   	4005.17     	0.003   	1.0000  	[16.2, 21.7, 10.8, 16.2]	[hover, hover, back, right]	[2.0507, 20.5179, 1.5197, 145.0900]
83   	3864.99     	0.003   	1.0000  	[16.2, 21.7, 10.8, 16.2]	[hover, hover, back, front]	[1.3523, 9.8561, 1.6577, 68.0282]
84   	3824.39     	0.003   	1.0000  	[16.2, 21.7, 10.8, 16.2]	[back, hover, hover, hover]	[1.0290, 5.7583, 1.2589, 20.1787]
85   	3802.62     	0.003   	1.0000  	[16.2, 21.7, 10.8, 16.2]	[front, hover, right, back]	[0.8330, 5.3761, 0.8796, 8.6842]
86   	3776.96     	0.003   	1.0000  	[16.2, 21.7, 10.8, 16.2]	[left, hover, hover, back]	[0.8016, 4.1323, 0.7340, 11.9697]
87   	3755.86     	0.003   	1.0000  	[16.2, 21.7, 10.8, 16.2]	[up, hover, hover, back]	[1.1787, 3.9269, 0.3298, 9.1161]
88   	3746.73     	0.003   	1.0000  	[21.7, 21.7, 10.8, 16.2]	[left, hover, back, hover]	[1.1625, 3.8396, 0.1363, 3.4867]
89   	3735.56     	0.003   	1.0000  	[21.7, 21.7, 10.8, 16.2]	[left, back, front, front]	[1.6928, 3.6209, 0.2250, 2.3056]
90   	3723.94     	0.003   	1.0000  	[21.7, 21.7, 10.8, 16.2]	[left, back, left, front]	[1.6333, 4.5356, 0.0786, 1.5540]
91   	3717.63     	0.003   	1.0000  	[21.7, 21.7, 10.8, 16.2]	[left, back, hover, left]	[1.3898, 3.5071, 0.0748, 1.3798]
92   	3712.68     	0.002   	1.0000  	[21.7, 21.7, 10.8, 16.2]	[left, back, back, left]	[2.1080, 3.2817, 0.2073, 1.5523]
93   	3705.63     	0.002   	1.0000  	[21.7, 21.7, 10.8, 16.2]	[left, hover, right, left]	[3.0871, 3.2319, 0.3764, 2.9914]
94   	3696.03     	0.002   	1.0000  	[21.7, 21.7, 10.8, 16.2]	[left, down, front, left]	[3.5766, 3.1979, 0.2292, 3.6347]
95   	3679.26     	0.002   	1.0000  	[21.7, 16.2, 10.8, 16.2]	[left, left, left, back]	[6.5367, 3.7648, 0.0649, 2.6780]
96   	3421.64     	0.002   	1.0000  	[21.7, 16.2, 10.8, 16.2]	[left, back, left, back]	[99.8934, 3.3344, 0.0176, 2.3791]
97   	3326.10     	0.002   	1.0000  	[21.7, 16.2, 10.8, 16.2]	[hover, down, left, left]	[32.2015, 3.3315, 0.1803, 1.8377]
98   	3276.84     	0.002   	1.0000  	[21.7, 10.8, 10.8, 16.2]	[front, back, left, left]	[19.4702, 2.8331, 0.7537, 2.5390]
99   	3244.61     	0.002   	1.0000  	[21.7, 10.8, 10.8, 16.2]	[front, left, left, left]	[11.9566, 2.6476, 1.2944, 3.6386]
[2025-12-18T15:06:00]
Strategy: greedy_ig
Pairwise: biased
News mode: IGd
Num agents: 4
Iteration: 17
Error margin: None
Gaussian radius 5 
Grid info: range: 0-50-50, cell_size:0.125, map shape: (400, 400), center:True
init UAV positions: [(-5.0, -10.0, 5.4), (-5.0, 20.0, 5.4), (15.0, -25.0, 5.4), (20.0, 10.0, 5.4)]
mcts_params: {}
Step	Entropy	MSE	Coverage	Heights	Actions	IGs
------------------------------------------------------------------------------------------------------------------------
0    	160000.00   	0.250   	0.0000  	[5.4, 5.4, 5.4, 5.4]	[-, -, -, -]	[-, -, -, -]
1    	158915.91   	0.240   	0.0547  	[5.4, 5.4, 5.4, 5.4]	[up, up, up, up]	[3904.5582, 3514.1024, 1952.2791, 3514.1024]
2    	157747.18   	0.229   	0.2062  	[10.8, 10.8, 10.8, 10.8]	[up, up, up, up]	[3790.6593, 2667.6712, 1900.1437, 2668.0671]
3    	156430.26   	0.217   	0.4266  	[16.2, 16.2, 16.2, 16.2]	[up, up, front, up]	[3505.8847, 2262.1321, 1716.5636, 2276.6066]
4    	154764.79   	0.205   	0.6863  	[21.7, 21.7, 16.2, 21.7]	[up, back, front, left]	[2636.4149, 1971.6814, 1506.8827, 1838.2194]
5    	152860.03   	0.196   	0.8273  	[27.1, 21.7, 16.2, 21.7]	[left, back, front, left]	[1876.4219, 1494.1114, 1533.4990, 1456.1716]
6    	150676.62   	0.187   	0.8828  	[27.1, 21.7, 16.2, 21.7]	[front, left, up, up]	[1181.6200, 1152.2355, 1577.1193, 1275.9917]
7    	147857.66   	0.177   	0.9547  	[27.1, 21.7, 21.7, 27.1]	[front, left, front, left]	[893.2611, 1055.1365, 1394.8747, 1155.7462]
8    	144396.21   	0.169   	0.9750  	[27.1, 21.7, 21.7, 27.1]	[front, back, left, left]	[746.9543, 818.2080, 1252.0775, 899.9369]
9    	140489.74   	0.161   	0.9750  	[27.1, 21.7, 21.7, 27.1]	[right, back, left, left]	[522.8754, 750.9659, 1090.0455, 648.6239]
10   	136418.42   	0.153   	0.9750  	[27.1, 21.7, 21.7, 27.1]	[right, back, left, left]	[384.9912, 712.1563, 945.4560, 486.9225]
11   	132131.69   	0.145   	0.9750  	[27.1, 21.7, 21.7, 27.1]	[right, back, left, left]	[285.8081, 731.7601, 802.6226, 470.2018]
12   	127721.43   	0.136   	0.9750  	[27.1, 21.7, 21.7, 27.1]	[right, back, left, left]	[400.1735, 760.8102, 764.6220, 577.6138]
13   	123131.05   	0.128   	0.9750  	[27.1, 21.7, 21.7, 27.1]	[right, back, left, left]	[602.1346, 751.9445, 742.4865, 698.1353]
14   	118761.16   	0.120   	0.9750  	[27.1, 21.7, 21.7, 27.1]	[right, back, left, left]	[700.2352, 673.6607, 588.3664, 653.8479]
15   	113963.94   	0.113   	0.9903  	[27.1, 21.7, 21.7, 27.1]	[front, back, front, back]	[775.6798, 446.9970, 409.2082, 534.2471]
16   	108455.60   	0.106   	0.9919  	[27.1, 21.7, 21.7, 27.1]	[front, back, front, back]	[800.9673, 434.5906, 532.1259, 440.7947]
17   	101824.28   	0.098   	0.9934  	[27.1, 21.7, 21.7, 27.1]	[front, right, front, back]	[898.9699, 430.6591, 428.6517, 293.9477]
18   	94742.94    	0.091   	0.9950  	[27.1, 21.7, 21.7, 27.1]	[front, right, front, back]	[669.6651, 607.2651, 369.9335, 284.3066]
19   	87857.69    	0.084   	0.9966  	[27.1, 21.7, 21.7, 27.1]	[down, right, front, back]	[502.6699, 800.5266, 552.3551, 464.1502]
20   	81589.42    	0.078   	0.9981  	[21.7, 21.7, 21.7, 27.1]	[front, right, front, back]	[300.2498, 928.8629, 843.1557, 634.9931]
21   	75993.92    	0.072   	0.9997  	[21.7, 21.7, 21.7, 27.1]	[right, right, front, right]	[175.7578, 1035.1724, 1131.8195, 591.3265]
22   	70936.10    	0.067   	0.9997  	[21.7, 21.7, 21.7, 27.1]	[front, right, front, right]	[74.1970, 1085.6175, 1227.8860, 543.6169]
23   	66475.76    	0.062   	0.9997  	[21.7, 21.7, 21.7, 27.1]	[down, right, left, right]	[42.2508, 1099.2993, 1263.0104, 523.9401]
24   	62132.63    	0.057   	0.9997  	[16.2, 21.7, 21.7, 27.1]	[right, front, left, right]	[28.4477, 906.7920, 1192.4120, 444.6675]
25   	58480.42    	0.053   	0.9997  	[16.2, 21.7, 21.7, 27.1]	[back, right, back, right]	[17.5635, 763.8008, 648.0460, 423.1856]
26   	55209.19    	0.049   	0.9997  	[16.2, 21.7, 21.7, 27.1]	[front, front, back, right]	[12.9372, 636.7692, 421.0796, 351.4195]
27   	52403.49    	0.046   	0.9997  	[16.2, 21.7, 21.7, 27.1]	[left, front, back, back]	[10.4154, 524.3728, 348.5075, 305.0233]
28   	49980.64    	0.044   	0.9997  	[16.2, 21.7, 21.7, 27.1]	[left, front, back, right]	[15.2424, 652.4003, 325.7682, 288.1637]
29   	47866.83    	0.041   	0.9997  	[16.2, 21.7, 21.7, 27.1]	[left, front, back, back]	[36.0948, 655.6038, 328.0309, 213.4847]
30   	45930.54    	0.039   	0.9997  	[16.2, 21.7, 21.7, 27.1]	[left, front, back, back]	[147.6500, 774.7253, 332.0358, 128.1578]
31   	43717.13    	0.036   	0.9997  	[16.2, 21.7, 21.7, 27.1]	[left, front, back, back]	[504.4859, 895.1982, 364.7945, 67.1499]
32   	41219.06    	0.034   	0.9997  	[16.2, 21.7, 21.7, 27.1]	[left, front, back, front]	[699.5631, 977.7571, 428.9866, 35.4860]
33   	39094.27    	0.031   	1.0000  	[16.2, 21.7, 21.7, 27.1]	[left, front, left, down]	[780.5734, 834.8346, 224.1183, 25.1281]
34   	37433.12    	0.030   	1.0000  	[16.2, 21.7, 21.7, 21.7]	[left, hover, hover, right]	[851.7977, 434.5955, 87.5542, 31.6642]
35   	36090.66    	0.028   	1.0000  	[16.2, 21.7, 21.7, 21.7]	[left, hover, right, front]	[917.1938, 159.7686, 31.1884, 22.0284]
36   	34840.41    	0.027   	1.0000  	[16.2, 21.7, 21.7, 21.7]	[left, hover, hover, hover]	[1051.0188, 51.5090, 13.2941, 17.3895]
37   	34186.40    	0.027   	1.0000  	[16.2, 21.7, 21.7, 21.7]	[left, left, hover, down]	[724.2125, 19.4254, 8.4726, 15.5485]
38   	33841.06    	0.026   	1.0000  	[16.2, 21.7, 21.7, 16.2]	[back, down, hover, right]	[374.4728, 11.8567, 5.9273, 17.6851]
39   	33673.14    	0.026   	1.0000  	[16.2, 16.2, 21.7, 16.2]	[back, front, hover, front]	[185.4489, 10.0636, 4.7082, 15.0174]
40   	33539.57    	0.026   	1.0000  	[16.2, 16.2, 21.7, 16.2]	[back, right, front, back]	[146.6624, 7.2684, 4.1005, 12.1698]
41   	33408.84    	0.026   	1.0000  	[16.2, 16.2, 21.7, 16.2]	[back, right, front, front]	[120.8581, 7.1981, 4.1061, 9.3579]
42   	33279.45    	0.025   	1.0000  	[16.2, 16.2, 21.7, 16.2]	[back, back, right, hover]	[98.5400, 5.8332, 3.8912, 9.3548]
43   	33155.19    	0.025   	1.0000  	[16.2, 16.2, 21.7, 16.2]	[back, back, front, hover]	[96.2647, 4.2740, 3.4483, 8.6653]
44   	33031.55    	0.025   	1.0000  	[16.2, 16.2, 21.7, 16.2]	[back, hover, up, left]	[82.9812, 2.7296, 5.1879, 6.4127]
45   	32604.88    	0.025   	1.0000  	[16.2, 16.2, 27.1, 16.2]	[back, front, right, back]	[90.5591, 2.3748, 143.7552, 5.0890]
46   	31729.28    	0.024   	1.0000  	[16.2, 16.2, 27.1, 16.2]	[back, front, right, right]	[123.5626, 2.0373, 270.2769, 4.0076]
47   	30440.82    	0.023   	1.0000  	[16.2, 16.2, 27.1, 16.2]	[back, down, right, front]	[226.4165, 1.7494, 376.3550, 3.1223]
48   	28750.64    	0.021   	1.0000  	[16.2, 10.8, 27.1, 16.2]	[back, left, right, left]	[447.9899, 1.1926, 399.8298, 2.6631]
49   	27217.95    	0.020   	1.0000  	[16.2, 10.8, 27.1, 16.2]	[right, front, front, left]	[190.8343, 0.8190, 406.2394, 3.3303]
50   	25710.69    	0.019   	1.0000  	[16.2, 10.8, 27.1, 16.2]	[right, up, right, left]	[103.4286, 0.5011, 390.1191, 5.1987]
51   	24080.00    	0.018   	1.0000  	[16.2, 16.2, 27.1, 16.2]	[right, left, front, left]	[87.4623, 0.7013, 428.6797, 6.1594]
52   	22203.86    	0.017   	1.0000  	[16.2, 16.2, 27.1, 16.2]	[right, up, right, front]	[81.6942, 0.6775, 429.1303, 6.2080]
53   	20172.88    	0.015   	1.0000  	[16.2, 21.7, 27.1, 16.2]	[right, back, front, left]	[68.6924, 0.9641, 369.2188, 4.7943]
54   	17511.90    	0.013   	1.0000  	[16.2, 21.7, 27.1, 16.2]	[right, back, front, left]	[207.7051, 0.8692, 298.0150, 6.7765]
55   	15015.61    	0.012   	1.0000  	[16.2, 21.7, 27.1, 16.2]	[right, back, right, left]	[431.9594, 0.5024, 170.2319, 12.3155]
56   	13074.28    	0.010   	1.0000  	[16.2, 21.7, 27.1, 16.2]	[right, left, right, left]	[608.4244, 0.6965, 132.1494, 17.9729]
57   	11528.75    	0.009   	1.0000  	[16.2, 21.7, 27.1, 16.2]	[right, down, right, up]	[778.4763, 1.2827, 91.5865, 27.7489]
58   	10104.21    	0.008   	1.0000  	[16.2, 16.2, 27.1, 21.7]	[right, back, down, up]	[851.8797, 1.4324, 42.0474, 61.4521]
59   	8889.34     	0.007   	1.0000  	[16.2, 16.2, 21.7, 27.1]	[right, left, front, back]	[723.0326, 1.4294, 60.3549, 87.9674]
60   	8261.35     	0.006   	1.0000  	[16.2, 16.2, 21.7, 27.1]	[hover, back, hover, left]	[263.8840, 1.6094, 31.3808, 98.9043]
61   	7994.43     	0.006   	1.0000  	[16.2, 16.2, 21.7, 27.1]	[front, hover, left, left]	[75.3671, 2.0743, 19.6394, 55.2480]
62   	7907.95     	0.006   	1.0000  	[16.2, 16.2, 21.7, 27.1]	[back, back, down, down]	[34.3769, 1.8401, 15.4553, 31.4256]
63   	7801.56     	0.006   	1.0000  	[16.2, 16.2, 16.2, 21.7]	[front, back, front, back]	[18.2993, 2.7064, 18.4983, 39.2140]
64   	7723.25     	0.006   	1.0000  	[16.2, 16.2, 16.2, 21.7]	[front, hover, hover, hover]	[18.5847, 2.4264, 13.0132, 21.4283]
65   	7665.20     	0.006   	1.0000  	[16.2, 16.2, 16.2, 21.7]	[front, hover, left, hover]	[13.8034, 1.7438, 10.8647, 14.3190]
66   	7621.55     	0.006   	1.0000  	[16.2, 16.2, 16.2, 21.7]	[front, back, left, hover]	[9.3056, 1.5561, 8.5583, 10.6530]
67   	7591.39     	0.006   	1.0000  	[16.2, 16.2, 16.2, 21.7]	[front, back, left, hover]	[6.1649, 2.6532, 7.7966, 7.6368]
68   	7559.42     	0.006   	1.0000  	[16.2, 16.2, 16.2, 21.7]	[down, back, left, front]	[6.4991, 5.5555, 11.6786, 6.0944]
69   	7511.07     	0.006   	1.0000  	[10.8, 16.2, 16.2, 21.7]	[front, right, left, front]	[6.2031, 7.5151, 17.6279, 7.6964]
70   	7458.38     	0.005   	1.0000  	[10.8, 16.2, 16.2, 21.7]	[hover, right, left, front]	[5.7517, 10.8863, 17.2044, 10.4046]
71   	7360.37     	0.005   	1.0000  	[10.8, 16.2, 16.2, 21.7]	[up, up, left, front]	[5.3230, 19.2849, 21.3733, 12.6036]
72   	7159.70     	0.005   	1.0000  	[16.2, 21.7, 16.2, 21.7]	[front, right, left, front]	[6.9324, 60.9796, 20.1717, 15.5913]
73   	6877.20     	0.005   	1.0000  	[16.2, 21.7, 16.2, 21.7]	[front, back, left, front]	[6.2722, 90.1706, 52.3286, 20.8403]
74   	6594.36     	0.005   	1.0000  	[16.2, 21.7, 16.2, 21.7]	[front, hover, left, front]	[4.9718, 42.4666, 118.2940, 26.5123]
75   	6391.42     	0.004   	1.0000  	[16.2, 21.7, 16.2, 21.7]	[left, hover, front, front]	[4.9813, 17.0141, 36.4211, 44.1065]
76   	6184.07     	0.004   	1.0000  	[16.2, 21.7, 16.2, 21.7]	[left, hover, left, front]	[5.7168, 8.5333, 9.5766, 67.8914]
77   	6093.66     	0.004   	1.0000  	[16.2, 21.7, 16.2, 21.7]	[left, down, down, hover]	[6.4727, 5.5454, 3.6415, 37.2538]
78   	6049.59     	0.004   	1.0000  	[16.2, 16.2, 10.8, 21.7]	[back, back, back, hover]	[5.3948, 5.6975, 1.7355, 16.8824]
79   	6015.56     	0.004   	1.0000  	[16.2, 16.2, 10.8, 21.7]	[left, right, back, right]	[6.4097, 4.7026, 2.4247, 11.2957]
80   	5980.23     	0.004   	1.0000  	[16.2, 16.2, 10.8, 21.7]	[left, hover, back, hover]	[8.3182, 3.3916, 3.2753, 7.7992]
81   	5951.12     	0.004   	1.0000  	[16.2, 16.2, 10.8, 21.7]	[back, hover, back, hover]	[7.0793, 3.3486, 3.4500, 6.9780]
82   	5928.18     	0.004   	1.0000  	[16.2, 16.2, 10.8, 21.7]	[front, hover, back, front]	[5.0167, 2.5680, 3.1762, 6.4937]
83   	5914.95     	0.004   	1.0000  	[16.2, 16.2, 10.8, 21.7]	[down, hover, hover, back]	[3.4351, 1.6890, 2.3950, 6.2398]
84   	5901.09     	0.004   	1.0000  	[10.8, 16.2, 10.8, 21.7]	[left, hover, hover, hover]	[3.4658, 1.6106, 2.1748, 5.0768]
85   	5885.36     	0.004   	1.0000  	[10.8, 16.2, 10.8, 21.7]	[up, back, front, left]	[2.3953, 1.5110, 1.7988, 3.9121]
86   	5873.35     	0.004   	1.0000  	[16.2, 16.2, 10.8, 21.7]	[front, back, back, down]	[2.6522, 1.3198, 1.7485, 4.0053]
87   	5865.28     	0.004   	1.0000  	[16.2, 16.2, 10.8, 16.2]	[back, hover, hover, left]	[1.6769, 1.3319, 1.5259, 3.9376]
88   	5855.04     	0.004   	1.0000  	[16.2, 16.2, 10.8, 16.2]	[left, hover, hover, front]	[2.4245, 1.3904, 1.5677, 3.1198]
89   	5847.23     	0.004   	1.0000  	[16.2, 16.2, 10.8, 16.2]	[back, hover, back, down]	[2.1620, 1.0593, 1.6792, 4.7947]
90   	5840.69     	0.004   	1.0000  	[16.2, 16.2, 10.8, 10.8]	[up, hover, back, left]	[2.1993, 0.8025, 2.4087, 3.9930]
91   	5834.04     	0.004   	1.0000  	[21.7, 16.2, 10.8, 10.8]	[left, hover, back, back]	[3.2544, 0.9868, 3.5837, 2.9210]
92   	5825.32     	0.004   	1.0000  	[21.7, 16.2, 10.8, 10.8]	[left, hover, back, back]	[4.4238, 0.6795, 3.2757, 2.9674]
93   	5820.53     	0.004   	1.0000  	[21.7, 16.2, 10.8, 10.8]	[back, left, back, back]	[4.1264, 0.7165, 2.5641, 3.0205]
94   	5810.72     	0.004   	1.0000  	[21.7, 16.2, 10.8, 10.8]	[back, left, left, back]	[4.3440, 0.5784, 2.3539, 3.0155]
95   	5804.85     	0.004   	1.0000  	[21.7, 16.2, 10.8, 10.8]	[hover, up, back, front]	[3.5466, 0.5541, 1.4769, 2.9464]
96   	5798.46     	0.004   	1.0000  	[21.7, 21.7, 10.8, 10.8]	[hover, front, front, hover]	[3.3878, 0.5275, 0.8907, 2.9823]
97   	5793.02     	0.004   	1.0000  	[21.7, 21.7, 10.8, 10.8]	[hover, back, right, hover]	[2.8951, 0.3959, 1.0714, 2.2954]
98   	5788.94     	0.004   	1.0000  	[21.7, 21.7, 10.8, 10.8]	[hover, hover, left, hover]	[2.4525, 0.4019, 1.0947, 2.5022]
99   	5786.55     	0.004   	1.0000  	[21.7, 21.7, 10.8, 10.8]	[hover, hover, hover, hover]	[2.4307, 0.4128, 1.4013, 1.7249]
[2025-12-18T15:06:11]
Strategy: greedy_ig
Pairwise: biased
News mode: IGd
Num agents: 4
Iteration: 18
Error margin: None
Gaussian radius 5 
Grid info: range: 0-50-50, cell_size:0.125, map shape: (400, 400), center:True
init UAV positions: [(-20.0, -20.0, 5.4), (-15.0, 0.0, 5.4), (25.0, -25.0, 5.4), (25.0, 25.0, 5.4)]
mcts_params: {}
Step	Entropy	MSE	Coverage	Heights	Actions	IGs
------------------------------------------------------------------------------------------------------------------------
0    	160000.00   	0.250   	0.0000  	[5.4, 5.4, 5.4, 5.4]	[-, -, -, -]	[-, -, -, -]
1    	159241.64   	0.243   	0.0391  	[5.4, 5.4, 5.4, 5.4]	[up, up, up, up]	[3162.6921, 3904.5582, 976.1395, 976.1395]
2    	158445.54   	0.235   	0.1444  	[10.8, 10.8, 10.8, 10.8]	[up, up, up, up]	[1829.6626, 3799.3315, 949.1727, 945.6309]
3    	157559.27   	0.228   	0.2936  	[16.2, 16.2, 16.2, 16.2]	[right, up, up, up]	[1444.7773, 2870.8976, 902.3715, 886.8756]
4    	156528.93   	0.221   	0.4375  	[16.2, 21.7, 21.7, 21.7]	[front, right, front, left]	[1244.8696, 2078.5320, 888.7515, 866.9070]
5    	155450.02   	0.214   	0.5000  	[16.2, 21.7, 21.7, 21.7]	[right, up, left, back]	[1228.1453, 1712.4067, 913.5390, 913.2310]
6    	154131.41   	0.207   	0.6320  	[16.2, 27.1, 21.7, 21.7]	[up, right, front, back]	[1207.2691, 1421.9003, 938.6050, 937.1145]
7    	152644.44   	0.199   	0.7219  	[21.7, 27.1, 21.7, 21.7]	[front, right, left, left]	[1183.4439, 1195.7696, 1018.8693, 1014.9884]
8    	151121.05   	0.192   	0.7797  	[21.7, 27.1, 21.7, 21.7]	[right, right, front, back]	[1091.3988, 975.6147, 1034.4207, 1027.0228]
9    	149360.90   	0.185   	0.8367  	[21.7, 27.1, 21.7, 21.7]	[front, front, left, left]	[1053.7632, 854.8358, 1139.1260, 1076.0700]
10   	147482.33   	0.178   	0.8867  	[21.7, 27.1, 21.7, 21.7]	[front, front, front, back]	[1058.7410, 798.7094, 1212.6696, 1083.0711]
11   	145269.27   	0.170   	0.9430  	[21.7, 27.1, 21.7, 21.7]	[front, front, left, left]	[1081.9065, 772.4739, 1313.2589, 1041.6860]
12   	142393.27   	0.162   	0.9742  	[21.7, 27.1, 21.7, 21.7]	[front, right, left, back]	[1060.3099, 592.2998, 1269.1685, 864.0964]
13   	138864.72   	0.154   	0.9742  	[21.7, 27.1, 21.7, 21.7]	[front, right, left, back]	[1035.6459, 501.6522, 1183.7676, 722.1374]
14   	135049.05   	0.146   	0.9742  	[21.7, 27.1, 21.7, 21.7]	[front, right, left, back]	[1039.0023, 425.8252, 1153.5355, 700.2432]
15   	131257.26   	0.138   	0.9780  	[21.7, 27.1, 21.7, 21.7]	[front, right, left, back]	[1139.9078, 445.4335, 1194.2526, 729.4482]
16   	127935.60   	0.131   	0.9842  	[21.7, 27.1, 21.7, 21.7]	[front, front, left, back]	[1270.9039, 348.7240, 1297.3549, 945.9421]
17   	124654.71   	0.125   	0.9905  	[21.7, 27.1, 21.7, 21.7]	[right, back, left, back]	[1039.0554, 201.0079, 1289.8921, 993.1494]
18   	121227.54   	0.119   	0.9905  	[21.7, 27.1, 21.7, 21.7]	[right, back, left, back]	[970.5034, 172.4256, 1352.6516, 1063.0540]
19   	117605.17   	0.112   	0.9905  	[21.7, 27.1, 21.7, 21.7]	[right, back, left, back]	[942.9376, 207.9590, 1448.5477, 1158.4851]
20   	113255.43   	0.105   	0.9905  	[21.7, 27.1, 21.7, 21.7]	[right, back, front, left]	[970.8916, 265.3403, 1294.8762, 902.1637]
21   	108075.28   	0.098   	0.9905  	[21.7, 27.1, 21.7, 21.7]	[right, back, front, left]	[971.9985, 338.3495, 1197.7549, 758.6594]
22   	102092.23   	0.091   	0.9905  	[21.7, 27.1, 21.7, 21.7]	[right, back, front, left]	[1051.7480, 382.5660, 1182.7093, 747.1311]
23   	95699.31    	0.083   	0.9905  	[21.7, 27.1, 21.7, 21.7]	[right, back, front, left]	[1200.0372, 475.0938, 1246.5361, 771.5368]
24   	89513.49    	0.076   	0.9905  	[21.7, 27.1, 21.7, 21.7]	[back, right, front, left]	[1012.4988, 347.9046, 1323.4039, 951.4795]
25   	83331.55    	0.070   	0.9905  	[21.7, 27.1, 21.7, 21.7]	[back, left, front, left]	[835.5877, 201.8306, 1310.9144, 1000.7513]
26   	77347.02    	0.064   	0.9928  	[21.7, 27.1, 21.7, 21.7]	[back, left, front, left]	[758.6440, 141.5827, 1352.6778, 1069.1338]
27   	71488.97    	0.057   	0.9952  	[21.7, 27.1, 21.7, 21.7]	[back, left, front, left]	[713.0312, 145.1354, 1445.2486, 1161.7859]
28   	64895.10    	0.051   	1.0000  	[21.7, 27.1, 21.7, 21.7]	[back, left, right, front]	[751.2601, 165.5205, 1291.5420, 913.9751]
29   	57414.69    	0.045   	1.0000  	[21.7, 27.1, 21.7, 21.7]	[back, left, right, front]	[815.5356, 155.8631, 1196.1040, 766.1361]
30   	49289.86    	0.039   	1.0000  	[21.7, 27.1, 21.7, 21.7]	[back, left, right, front]	[947.7005, 144.4196, 1207.2958, 755.2526]
31   	41291.95    	0.033   	1.0000  	[21.7, 27.1, 21.7, 21.7]	[back, left, right, front]	[882.3275, 168.4928, 1248.6737, 779.9089]
32   	34135.13    	0.028   	1.0000  	[21.7, 27.1, 21.7, 21.7]	[right, left, right, front]	[732.1764, 161.3475, 1277.5631, 874.8909]
33   	28047.45    	0.023   	1.0000  	[21.7, 27.1, 21.7, 21.7]	[hover, back, right, front]	[360.6442, 114.3380, 1362.5727, 1118.0582]
34   	22904.49    	0.019   	1.0000  	[21.7, 27.1, 21.7, 21.7]	[hover, down, right, front]	[135.1388, 88.5683, 1452.7480, 1363.2405]
35   	18454.53    	0.015   	1.0000  	[21.7, 21.7, 21.7, 21.7]	[front, left, right, front]	[72.3632, 78.9737, 1470.6773, 1535.2908]
36   	15831.89    	0.012   	1.0000  	[21.7, 21.7, 21.7, 21.7]	[front, hover, hover, hover]	[67.6096, 41.2604, 704.1218, 781.5739]
37   	14555.99    	0.011   	1.0000  	[21.7, 21.7, 21.7, 21.7]	[front, down, hover, right]	[62.7576, 24.8475, 246.5635, 323.7253]
38   	14018.23    	0.011   	1.0000  	[21.7, 16.2, 21.7, 21.7]	[front, back, back, left]	[56.8179, 22.5113, 70.2299, 109.2645]
39   	13671.90    	0.011   	1.0000  	[21.7, 16.2, 21.7, 21.7]	[front, left, front, right]	[41.2730, 21.6286, 26.8824, 57.0589]
40   	13399.14    	0.010   	1.0000  	[21.7, 16.2, 21.7, 21.7]	[front, hover, front, right]	[47.6455, 13.7940, 9.1445, 29.5284]
41   	13127.78    	0.010   	1.0000  	[21.7, 16.2, 21.7, 21.7]	[front, right, down, hover]	[48.6900, 10.3458, 4.8046, 14.7913]
42   	12727.49    	0.010   	1.0000  	[21.7, 16.2, 16.2, 21.7]	[front, hover, right, hover]	[81.0768, 7.3274, 5.2103, 9.1993]
43   	12153.60    	0.009   	1.0000  	[21.7, 16.2, 16.2, 21.7]	[front, left, right, right]	[112.5597, 6.2470, 2.8677, 6.8160]
44   	11730.80    	0.009   	1.0000  	[21.7, 16.2, 16.2, 21.7]	[left, down, down, left]	[93.0159, 5.5713, 3.5253, 4.5166]
45   	11477.56    	0.009   	1.0000  	[21.7, 10.8, 10.8, 21.7]	[left, left, back, left]	[79.7680, 5.1844, 4.4250, 4.7726]
46   	11291.46    	0.009   	1.0000  	[21.7, 10.8, 10.8, 21.7]	[left, hover, back, left]	[62.2234, 4.2694, 4.6984, 10.2771]
47   	11130.63    	0.009   	1.0000  	[21.7, 10.8, 10.8, 21.7]	[left, front, back, hover]	[57.2073, 4.0664, 9.2048, 3.6898]
48   	10977.14    	0.009   	1.0000  	[21.7, 10.8, 10.8, 21.7]	[left, front, back, back]	[52.6382, 3.1685, 25.0272, 2.3307]
49   	10834.81    	0.008   	1.0000  	[21.7, 10.8, 10.8, 21.7]	[left, right, back, back]	[53.9111, 3.2247, 16.4145, 2.3424]
50   	10692.89    	0.008   	1.0000  	[21.7, 10.8, 10.8, 21.7]	[left, front, back, back]	[72.6856, 2.0385, 4.8976, 2.6107]
51   	10487.93    	0.008   	1.0000  	[21.7, 10.8, 10.8, 21.7]	[left, up, back, back]	[123.3776, 2.8680, 1.8025, 3.1886]
52   	10005.84    	0.007   	1.0000  	[21.7, 16.2, 10.8, 21.7]	[left, front, back, back]	[349.2219, 3.1906, 2.6760, 3.9683]
53   	9624.57     	0.007   	1.0000  	[21.7, 16.2, 10.8, 21.7]	[front, front, back, back]	[229.4193, 6.5826, 4.1705, 9.5963]
54   	9278.26     	0.007   	1.0000  	[21.7, 16.2, 10.8, 21.7]	[back, front, up, back]	[107.7150, 12.7823, 4.3312, 31.5115]
55   	8766.96     	0.006   	1.0000  	[21.7, 16.2, 16.2, 21.7]	[back, front, left, back]	[60.7940, 65.3307, 4.4220, 100.4203]
56   	8002.13     	0.006   	1.0000  	[21.7, 16.2, 16.2, 21.7]	[back, front, left, back]	[37.8360, 215.2343, 3.3899, 41.0000]
57   	7055.57     	0.005   	1.0000  	[21.7, 16.2, 16.2, 21.7]	[back, front, left, back]	[24.2567, 432.5090, 3.7052, 12.2196]
58   	5986.86     	0.004   	1.0000  	[21.7, 16.2, 16.2, 21.7]	[back, front, left, hover]	[16.7222, 697.0328, 4.4353, 4.9677]
59   	5525.01     	0.004   	1.0000  	[21.7, 16.2, 16.2, 21.7]	[hover, front, left, hover]	[10.2054, 284.3853, 4.2051, 2.5690]
60   	5418.37     	0.004   	1.0000  	[21.7, 16.2, 16.2, 21.7]	[hover, down, front, front]	[7.0584, 99.1609, 4.0480, 1.9524]
61   	5388.59     	0.004   	1.0000  	[21.7, 10.8, 16.2, 21.7]	[hover, left, hover, hover]	[5.1055, 22.4383, 3.6080, 1.6213]
62   	5372.70     	0.004   	1.0000  	[21.7, 10.8, 16.2, 21.7]	[hover, up, back, hover]	[4.0499, 6.1590, 3.3223, 1.7413]
63   	5360.32     	0.004   	1.0000  	[21.7, 16.2, 16.2, 21.7]	[back, right, front, hover]	[3.2262, 5.6563, 2.6477, 1.5614]
64   	5315.71     	0.004   	1.0000  	[21.7, 16.2, 16.2, 21.7]	[hover, right, hover, right]	[2.9773, 23.1682, 2.1786, 1.3061]
65   	5291.45     	0.004   	1.0000  	[21.7, 16.2, 16.2, 21.7]	[hover, right, hover, right]	[2.6797, 9.9198, 1.7103, 1.3754]
66   	5269.35     	0.004   	1.0000  	[21.7, 16.2, 16.2, 21.7]	[back, right, hover, right]	[2.3954, 10.8447, 1.0311, 1.6657]
67   	5245.33     	0.004   	1.0000  	[21.7, 16.2, 16.2, 21.7]	[back, right, up, right]	[2.8602, 11.7969, 0.5863, 2.0581]
68   	5201.92     	0.003   	1.0000  	[21.7, 16.2, 21.7, 21.7]	[up, right, up, right]	[2.7069, 7.9252, 0.7547, 3.4985]
69   	5089.14     	0.003   	1.0000  	[27.1, 16.2, 27.1, 21.7]	[back, right, left, right]	[8.6039, 10.1055, 0.9945, 8.4234]
70   	4926.94     	0.003   	1.0000  	[27.1, 16.2, 27.1, 21.7]	[back, right, left, right]	[3.4848, 10.9496, 2.3816, 34.6039]
71   	4553.83     	0.003   	1.0000  	[27.1, 16.2, 27.1, 21.7]	[right, right, left, right]	[1.7045, 21.0722, 6.5263, 98.0648]
72   	4173.50     	0.003   	1.0000  	[27.1, 16.2, 27.1, 21.7]	[down, right, left, right]	[1.1924, 30.1238, 22.9614, 49.0257]
73   	3980.19     	0.003   	1.0000  	[21.7, 16.2, 27.1, 21.7]	[right, right, left, down]	[1.0424, 37.4030, 10.9225, 31.7790]
74   	3852.15     	0.002   	1.0000  	[21.7, 16.2, 27.1, 16.2]	[right, right, left, right]	[2.2660, 62.1722, 6.5550, 11.6196]
75   	3788.56     	0.002   	1.0000  	[21.7, 16.2, 27.1, 16.2]	[right, back, down, down]	[4.1588, 33.1238, 4.4663, 9.2485]
76   	3752.08     	0.002   	1.0000  	[21.7, 16.2, 21.7, 10.8]	[right, hover, down, back]	[5.6754, 18.7617, 5.5998, 7.5257]
77   	3722.04     	0.002   	1.0000  	[21.7, 16.2, 16.2, 10.8]	[right, hover, front, hover]	[6.8667, 12.4137, 5.6516, 6.2602]
78   	3697.74     	0.002   	1.0000  	[21.7, 16.2, 16.2, 10.8]	[right, hover, front, hover]	[6.8037, 10.0314, 6.3313, 3.1231]
79   	3679.23     	0.002   	1.0000  	[21.7, 16.2, 16.2, 10.8]	[down, hover, front, left]	[4.9876, 8.8866, 6.4119, 2.3403]
80   	3659.13     	0.002   	1.0000  	[16.2, 16.2, 16.2, 10.8]	[left, hover, front, left]	[3.9224, 6.6747, 8.1627, 2.4896]
81   	3634.82     	0.002   	1.0000  	[16.2, 16.2, 16.2, 10.8]	[front, hover, front, back]	[3.8160, 5.3476, 13.9805, 1.8121]
82   	3579.47     	0.002   	1.0000  	[16.2, 16.2, 16.2, 10.8]	[hover, left, front, hover]	[3.1425, 3.5904, 31.7042, 1.8729]
83   	3462.11     	0.002   	1.0000  	[16.2, 16.2, 16.2, 10.8]	[hover, left, front, hover]	[3.0386, 4.8096, 72.1916, 1.4898]
84   	3207.42     	0.002   	1.0000  	[16.2, 16.2, 16.2, 10.8]	[back, left, front, hover]	[2.0865, 3.5660, 185.7962, 1.0617]
85   	3109.34     	0.002   	1.0000  	[16.2, 16.2, 16.2, 10.8]	[back, back, hover, hover]	[2.3631, 3.0307, 64.7493, 0.9647]
86   	3072.38     	0.002   	1.0000  	[16.2, 16.2, 16.2, 10.8]	[hover, back, hover, hover]	[2.2236, 4.3880, 20.8789, 0.4818]
87   	3054.85     	0.002   	1.0000  	[16.2, 16.2, 16.2, 10.8]	[hover, back, hover, hover]	[1.6265, 4.5484, 7.6550, 0.4070]
88   	3043.11     	0.002   	1.0000  	[16.2, 16.2, 16.2, 10.8]	[hover, hover, left, hover]	[1.9110, 4.4645, 4.1093, 0.3793]
89   	3035.41     	0.002   	1.0000  	[16.2, 16.2, 16.2, 10.8]	[hover, hover, back, hover]	[1.5949, 4.7199, 2.5889, 0.6647]
90   	3024.25     	0.002   	1.0000  	[16.2, 16.2, 16.2, 10.8]	[down, hover, back, hover]	[1.8282, 5.8166, 2.8378, 0.9792]
91   	3016.11     	0.002   	1.0000  	[10.8, 16.2, 16.2, 10.8]	[front, hover, down, up]	[1.3683, 5.3648, 3.7948, 0.3179]
92   	3010.26     	0.002   	1.0000  	[10.8, 16.2, 10.8, 16.2]	[hover, hover, back, left]	[1.6041, 3.7376, 2.6538, 1.0883]
93   	3003.00     	0.002   	1.0000  	[10.8, 16.2, 10.8, 16.2]	[hover, hover, hover, hover]	[0.9118, 3.2569, 1.9940, 0.8662]
94   	2998.70     	0.002   	1.0000  	[10.8, 16.2, 10.8, 16.2]	[hover, right, hover, hover]	[0.8608, 2.5146, 1.5034, 0.7544]
95   	2993.88     	0.002   	1.0000  	[10.8, 16.2, 10.8, 16.2]	[up, up, back, hover]	[0.7861, 2.3521, 0.9248, 0.6131]
96   	2984.00     	0.002   	1.0000  	[16.2, 21.7, 10.8, 16.2]	[down, back, front, left]	[0.7494, 4.7991, 1.0404, 0.3304]
97   	2972.06     	0.002   	1.0000  	[10.8, 21.7, 10.8, 16.2]	[hover, back, hover, hover]	[0.4715, 6.1442, 0.9562, 0.3479]
98   	2951.46     	0.002   	1.0000  	[10.8, 21.7, 10.8, 16.2]	[left, back, hover, right]	[0.3691, 8.0735, 0.2498, 0.5069]
99   	2929.65     	0.002   	1.0000  	[10.8, 21.7, 10.8, 16.2]	[left, right, hover, hover]	[0.5746, 10.6518, 0.7044, 0.5858]
[2025-12-18T15:06:22]
Strategy: greedy_ig
Pairwise: biased
News mode: IGd
Num agents: 4
Iteration: 19
Error margin: None
Gaussian radius 5 
Grid info: range: 0-50-50, cell_size:0.125, map shape: (400, 400), center:True
init UAV positions: [(-15.0, -15.0, 5.4), (-5.0, 20.0, 5.4), (10.0, -5.0, 5.4), (20.0, 20.0, 5.4)]
mcts_params: {}
Step	Entropy	MSE	Coverage	Heights	Actions	IGs
------------------------------------------------------------------------------------------------------------------------
0    	160000.00   	0.250   	0.0000  	[5.4, 5.4, 5.4, 5.4]	[-, -, -, -]	[-, -, -, -]
1    	158780.19   	0.238   	0.0625  	[5.4, 5.4, 5.4, 5.4]	[up, up, up, up]	[3904.5582, 3514.1024, 3904.5582, 3162.6921]
2    	157495.59   	0.226   	0.2319  	[10.8, 10.8, 10.8, 10.8]	[up, up, up, up]	[3785.5715, 2667.6712, 3782.8798, 1844.6222]
3    	156193.91   	0.214   	0.4717  	[16.2, 16.2, 16.2, 16.2]	[up, up, up, back]	[2458.8986, 2262.0462, 3554.3336, 1466.6921]
4    	154625.32   	0.203   	0.7281  	[21.7, 21.7, 21.7, 16.2]	[front, back, up, left]	[1880.5634, 1961.5560, 2447.3227, 1345.9911]
5    	152793.36   	0.194   	0.8609  	[21.7, 21.7, 27.1, 16.2]	[right, back, back, left]	[1451.8182, 1575.0456, 1675.4181, 1306.3402]
6    	150669.38   	0.186   	0.9109  	[21.7, 21.7, 27.1, 16.2]	[front, left, left, up]	[1258.6226, 1294.3596, 1152.0550, 1386.5200]
7    	148142.94   	0.178   	0.9491  	[21.7, 21.7, 27.1, 21.7]	[front, left, left, back]	[1092.7757, 1168.3313, 919.1965, 1481.7293]
8    	145150.92   	0.170   	0.9764  	[21.7, 21.7, 27.1, 21.7]	[front, back, left, back]	[939.0180, 909.9240, 793.4945, 1358.0643]
9    	141799.87   	0.162   	0.9772  	[21.7, 21.7, 27.1, 21.7]	[front, back, left, back]	[683.3457, 569.5645, 710.4374, 1293.4396]
10   	138509.75   	0.155   	0.9780  	[21.7, 21.7, 27.1, 21.7]	[right, left, left, back]	[455.3532, 492.9767, 568.5044, 1232.8789]
11   	134749.04   	0.148   	0.9845  	[21.7, 21.7, 27.1, 21.7]	[right, back, left, back]	[496.4271, 514.6097, 505.4565, 1150.8791]
12   	130963.07   	0.141   	0.9845  	[21.7, 21.7, 27.1, 21.7]	[right, back, back, back]	[526.9831, 518.3193, 433.7851, 1070.7066]
13   	127497.36   	0.134   	0.9884  	[21.7, 21.7, 27.1, 21.7]	[front, back, left, back]	[625.3619, 614.3911, 267.6821, 1206.4839]
14   	124452.68   	0.128   	0.9884  	[21.7, 21.7, 27.1, 21.7]	[front, back, back, back]	[871.5597, 526.2689, 135.0470, 1288.7078]
15   	121703.73   	0.123   	0.9884  	[21.7, 21.7, 27.1, 21.7]	[front, back, down, back]	[1174.5574, 505.1461, 72.9584, 1418.3159]
16   	118723.97   	0.117   	0.9884  	[21.7, 21.7, 21.7, 21.7]	[front, right, left, left]	[1302.1540, 460.9083, 67.1016, 1352.3614]
17   	114800.51   	0.112   	0.9884  	[21.7, 21.7, 21.7, 21.7]	[right, right, left, left]	[1259.7299, 597.1581, 46.1236, 1163.2399]
18   	109884.35   	0.107   	0.9884  	[21.7, 21.7, 21.7, 21.7]	[right, right, front, left]	[1324.4409, 678.7119, 39.5654, 875.4735]
19   	105740.45   	0.102   	0.9884  	[21.7, 21.7, 21.7, 21.7]	[right, right, front, back]	[1378.9363, 550.5477, 54.4903, 551.3543]
20   	101539.49   	0.096   	0.9934  	[21.7, 21.7, 21.7, 21.7]	[right, right, front, left]	[1424.0659, 584.1363, 177.6979, 368.2605]
21   	96821.75    	0.090   	0.9934  	[21.7, 21.7, 21.7, 21.7]	[right, right, front, left]	[1291.2512, 663.5319, 601.0565, 664.5293]
22   	91616.64    	0.084   	0.9934  	[21.7, 21.7, 21.7, 21.7]	[back, right, front, left]	[953.1074, 910.1720, 915.6678, 913.3947]
23   	86020.24    	0.078   	0.9934  	[21.7, 21.7, 21.7, 21.7]	[back, right, front, left]	[758.7759, 983.5932, 1046.3449, 1116.4254]
24   	80360.30    	0.071   	0.9934  	[21.7, 21.7, 21.7, 21.7]	[back, back, front, left]	[636.2254, 972.2685, 1121.8503, 1251.5223]
25   	74760.86    	0.065   	0.9934  	[21.7, 21.7, 21.7, 21.7]	[back, right, front, front]	[690.7161, 732.9688, 1202.4937, 1181.9416]
26   	69310.44    	0.060   	0.9950  	[21.7, 21.7, 21.7, 21.7]	[back, back, right, front]	[644.7905, 488.4110, 1009.8968, 1140.9922]
27   	63835.28    	0.055   	0.9991  	[21.7, 21.7, 21.7, 21.7]	[back, back, front, front]	[687.9249, 204.4619, 860.4823, 1240.7720]
28   	58150.53    	0.049   	1.0000  	[21.7, 21.7, 21.7, 21.7]	[back, left, right, front]	[648.7263, 95.2221, 808.1205, 1123.0072]
29   	52229.62    	0.044   	1.0000  	[21.7, 21.7, 21.7, 21.7]	[back, left, right, front]	[527.4865, 95.6223, 752.1630, 1028.4363]
30   	46919.92    	0.040   	1.0000  	[21.7, 21.7, 21.7, 21.7]	[right, left, right, front]	[394.4962, 156.2206, 738.6385, 1007.6977]
31   	42284.03    	0.036   	1.0000  	[21.7, 21.7, 21.7, 21.7]	[back, left, right, front]	[255.4178, 190.4050, 739.4719, 1024.3012]
32   	38057.64    	0.032   	1.0000  	[21.7, 21.7, 21.7, 21.7]	[left, left, right, front]	[197.1396, 202.8360, 756.4856, 1063.2771]
33   	34404.17    	0.028   	1.0000  	[21.7, 21.7, 21.7, 21.7]	[left, left, right, front]	[155.8169, 206.4273, 794.9986, 935.7524]
34   	31807.93    	0.025   	1.0000  	[21.7, 21.7, 21.7, 21.7]	[left, left, right, left]	[80.4002, 211.1771, 857.7227, 734.2194]
35   	29822.12    	0.023   	1.0000  	[21.7, 21.7, 21.7, 21.7]	[left, left, right, hover]	[39.9070, 241.5542, 1007.0104, 364.6105]
36   	28190.12    	0.021   	1.0000  	[21.7, 21.7, 21.7, 21.7]	[left, left, right, up]	[25.3519, 185.7391, 994.2422, 133.7531]
37   	27320.58    	0.020   	1.0000  	[21.7, 21.7, 21.7, 27.1]	[left, left, right, back]	[18.4548, 79.6847, 475.4275, 78.6033]
38   	26875.80    	0.020   	1.0000  	[21.7, 21.7, 21.7, 27.1]	[left, down, down, right]	[14.6615, 49.4957, 248.8317, 59.1680]
39   	26656.30    	0.020   	1.0000  	[21.7, 16.2, 16.2, 27.1]	[left, left, front, back]	[16.3431, 14.1433, 100.8971, 41.3460]
40   	26490.18    	0.020   	1.0000  	[21.7, 16.2, 16.2, 27.1]	[left, down, hover, back]	[15.1690, 6.6603, 30.6446, 41.8678]
41   	26289.36    	0.019   	1.0000  	[21.7, 10.8, 16.2, 27.1]	[left, front, back, back]	[30.9277, 3.8303, 13.7414, 39.7418]
42   	26102.33    	0.019   	1.0000  	[21.7, 10.8, 16.2, 27.1]	[front, left, back, back]	[15.7836, 4.4882, 12.3805, 33.3575]
43   	25818.23    	0.019   	1.0000  	[21.7, 10.8, 16.2, 27.1]	[front, hover, back, back]	[14.3366, 3.4640, 76.4743, 23.4331]
44   	25402.18    	0.019   	1.0000  	[21.7, 10.8, 16.2, 27.1]	[front, hover, back, back]	[16.7602, 2.4773, 89.5782, 27.9842]
45   	24903.51    	0.018   	1.0000  	[21.7, 10.8, 16.2, 27.1]	[front, hover, back, back]	[35.6988, 2.5040, 95.8522, 36.7720]
46   	24357.83    	0.018   	1.0000  	[21.7, 10.8, 16.2, 27.1]	[front, back, back, back]	[94.0680, 1.5310, 92.0129, 24.3885]
47   	23673.15    	0.017   	1.0000  	[21.7, 10.8, 16.2, 27.1]	[front, front, back, back]	[288.1028, 1.8804, 92.8805, 13.6103]
48   	22705.23    	0.017   	1.0000  	[21.7, 10.8, 16.2, 27.1]	[front, hover, back, back]	[488.2433, 0.8399, 114.6500, 7.1398]
49   	21447.41    	0.016   	1.0000  	[21.7, 10.8, 16.2, 27.1]	[front, front, back, front]	[629.7990, 1.1407, 159.9524, 5.0715]
50   	20026.27    	0.014   	1.0000  	[21.7, 10.8, 16.2, 27.1]	[front, front, back, down]	[636.6192, 2.3711, 295.0806, 4.7141]
51   	19011.30    	0.014   	1.0000  	[21.7, 10.8, 16.2, 21.7]	[hover, up, back, left]	[304.4242, 1.4363, 464.2075, 4.2917]
52   	18553.14    	0.013   	1.0000  	[21.7, 16.2, 16.2, 21.7]	[front, right, left, front]	[104.6655, 2.2646, 218.6884, 2.8992]
53   	18402.73    	0.013   	1.0000  	[21.7, 16.2, 16.2, 21.7]	[down, front, right, hover]	[46.4104, 3.6100, 92.8006, 3.3456]
54   	18340.50    	0.013   	1.0000  	[16.2, 16.2, 16.2, 21.7]	[left, front, left, hover]	[15.8047, 5.2383, 33.6261, 3.1971]
55   	18288.51    	0.013   	1.0000  	[16.2, 16.2, 16.2, 21.7]	[hover, front, left, hover]	[6.8046, 8.7682, 27.4146, 3.1432]
56   	18233.43    	0.013   	1.0000  	[16.2, 16.2, 16.2, 21.7]	[front, front, left, hover]	[4.1879, 12.9389, 25.2559, 3.3920]
57   	18166.72    	0.013   	1.0000  	[16.2, 16.2, 16.2, 21.7]	[hover, front, left, front]	[2.5419, 23.2884, 16.7240, 3.2898]
58   	18067.23    	0.013   	1.0000  	[16.2, 16.2, 16.2, 21.7]	[hover, front, left, front]	[1.7513, 37.2534, 11.6190, 2.9148]
59   	17871.71    	0.013   	1.0000  	[16.2, 16.2, 16.2, 21.7]	[hover, front, left, front]	[0.6628, 59.9609, 8.5441, 2.5650]
60   	17634.80    	0.012   	1.0000  	[16.2, 16.2, 16.2, 21.7]	[right, front, left, front]	[0.4760, 68.9465, 7.6563, 3.1549]
61   	17541.82    	0.012   	1.0000  	[16.2, 16.2, 16.2, 21.7]	[right, left, left, right]	[0.6289, 39.1655, 7.3717, 3.4681]
62   	17500.83    	0.012   	1.0000  	[16.2, 16.2, 16.2, 21.7]	[right, front, left, front]	[2.2500, 12.7639, 7.1949, 3.6591]
63   	17476.49    	0.012   	1.0000  	[16.2, 16.2, 16.2, 21.7]	[right, down, left, hover]	[2.9199, 8.4142, 10.3832, 3.2499]
64   	17453.10    	0.012   	1.0000  	[16.2, 10.8, 16.2, 21.7]	[right, right, left, left]	[3.5727, 0.9523, 13.1708, 2.8725]
65   	17435.98    	0.012   	1.0000  	[16.2, 10.8, 16.2, 21.7]	[right, back, front, right]	[3.0258, 0.6090, 10.4987, 2.1465]
66   	17418.24    	0.012   	1.0000  	[16.2, 10.8, 16.2, 21.7]	[right, back, hover, up]	[6.8403, 1.0020, 7.6585, 1.9965]
67   	17405.05    	0.012   	1.0000  	[16.2, 10.8, 16.2, 27.1]	[right, back, front, right]	[9.7081, 1.2091, 5.7379, 1.7011]
68   	17381.15    	0.012   	1.0000  	[16.2, 10.8, 16.2, 27.1]	[right, back, hover, front]	[18.4861, 1.5205, 5.0934, 1.7356]
69   	17318.94    	0.012   	1.0000  	[16.2, 10.8, 16.2, 27.1]	[right, back, hover, front]	[67.1008, 1.3155, 4.4717, 2.5172]
70   	17177.75    	0.012   	1.0000  	[16.2, 10.8, 16.2, 27.1]	[right, up, back, front]	[142.9553, 0.9369, 5.2449, 6.8375]
71   	17125.08    	0.012   	1.0000  	[16.2, 16.2, 16.2, 27.1]	[back, back, back, right]	[46.5053, 1.8646, 4.5224, 3.2640]
72   	17103.26    	0.012   	1.0000  	[16.2, 16.2, 16.2, 27.1]	[right, right, front, right]	[12.4464, 2.2774, 3.8467, 2.4302]
73   	17090.95    	0.012   	1.0000  	[16.2, 16.2, 16.2, 27.1]	[down, hover, hover, front]	[5.8817, 1.7583, 3.7979, 2.0477]
74   	17083.38    	0.012   	1.0000  	[10.8, 16.2, 16.2, 27.1]	[front, down, front, down]	[3.3705, 1.6998, 4.2200, 1.6979]
75   	17074.42    	0.012   	1.0000  	[10.8, 10.8, 16.2, 21.7]	[back, back, front, right]	[2.1498, 2.2323, 3.6991, 2.6658]
76   	17067.83    	0.012   	1.0000  	[10.8, 10.8, 16.2, 21.7]	[back, right, down, back]	[1.1650, 1.3614, 4.0530, 2.5840]
77   	17058.33    	0.012   	1.0000  	[10.8, 10.8, 10.8, 21.7]	[back, right, front, hover]	[2.0563, 2.0444, 4.4613, 2.0536]
78   	17050.27    	0.012   	1.0000  	[10.8, 10.8, 10.8, 21.7]	[back, right, front, down]	[1.5523, 1.9331, 6.0404, 1.7274]
79   	17042.40    	0.012   	1.0000  	[10.8, 10.8, 10.8, 16.2]	[front, up, front, down]	[2.0575, 2.5668, 5.0795, 2.3732]
80   	17023.44    	0.012   	1.0000  	[10.8, 16.2, 10.8, 10.8]	[left, right, front, front]	[0.7768, 8.6311, 6.4525, 1.4090]
81   	16943.15    	0.012   	1.0000  	[10.8, 16.2, 10.8, 10.8]	[hover, right, front, front]	[0.6660, 52.4180, 6.6896, 1.5335]
82   	16627.14    	0.011   	1.0000  	[10.8, 16.2, 10.8, 10.8]	[hover, up, up, hover]	[0.5563, 199.0116, 6.1731, 1.1949]
83   	16119.47    	0.011   	1.0000  	[10.8, 21.7, 16.2, 10.8]	[front, right, front, back]	[0.7089, 298.9507, 8.8825, 0.4857]
84   	15478.19    	0.010   	1.0000  	[10.8, 21.7, 16.2, 10.8]	[front, right, front, back]	[1.0006, 347.4728, 11.6903, 0.3217]
85   	14632.67    	0.010   	1.0000  	[10.8, 21.7, 16.2, 10.8]	[left, front, front, front]	[0.3082, 377.8834, 53.5315, 0.3035]
86   	13595.65    	0.009   	1.0000  	[10.8, 21.7, 16.2, 10.8]	[left, right, hover, front]	[0.3802, 477.0541, 17.6188, 0.5008]
87   	12421.32    	0.008   	1.0000  	[10.8, 21.7, 16.2, 10.8]	[left, right, left, hover]	[0.7704, 578.2270, 6.9332, 0.5248]
88   	11108.97    	0.007   	1.0000  	[10.8, 21.7, 16.2, 10.8]	[up, front, hover, left]	[0.6452, 555.9366, 2.4079, 0.3078]
89   	9766.43     	0.006   	1.0000  	[16.2, 21.7, 16.2, 10.8]	[back, right, back, hover]	[0.7166, 541.5362, 1.4945, 0.3498]
90   	8294.91     	0.005   	1.0000  	[16.2, 21.7, 16.2, 10.8]	[back, front, back, hover]	[1.1200, 495.8190, 1.3324, 0.3702]
91   	6542.00     	0.004   	1.0000  	[16.2, 21.7, 16.2, 10.8]	[back, front, right, right]	[1.5570, 571.6947, 1.7905, 0.2841]
92   	5012.08     	0.003   	1.0000  	[16.2, 21.7, 16.2, 10.8]	[back, front, right, left]	[1.4819, 560.8710, 1.9107, 0.4871]
93   	4116.77     	0.002   	1.0000  	[16.2, 21.7, 16.2, 10.8]	[back, right, back, hover]	[1.4395, 353.5414, 2.0847, 0.5354]
94   	3744.73     	0.002   	1.0000  	[16.2, 21.7, 16.2, 10.8]	[back, front, back, back]	[1.9644, 146.5726, 3.0138, 0.2865]
95   	3627.00     	0.002   	1.0000  	[16.2, 21.7, 16.2, 10.8]	[back, down, back, right]	[2.8620, 71.8789, 3.9680, 0.2932]
96   	3590.77     	0.002   	1.0000  	[16.2, 16.2, 16.2, 10.8]	[back, hover, right, back]	[4.3937, 19.7068, 5.6870, 0.2813]
97   	3573.57     	0.002   	1.0000  	[16.2, 16.2, 16.2, 10.8]	[back, hover, right, front]	[6.0439, 6.6522, 7.7459, 0.5482]
98   	3561.05     	0.002   	1.0000  	[16.2, 16.2, 16.2, 10.8]	[right, back, back, hover]	[5.9558, 3.9153, 6.2441, 0.6421]
99   	3549.41     	0.002   	1.0000  	[16.2, 16.2, 16.2, 10.8]	[right, back, hover, hover]	[8.3135, 2.9242, 5.6117, 0.8622]
