[2025-12-18T15:06:33]
Strategy: greedy_ig
Pairwise: adaptive
News mode: IG_BM
Num agents: 4
Iteration: 0
Error margin: None
Gaussian radius 5 
Grid info: range: 0-50-50, cell_size:0.125, map shape: (400, 400), center:True
init UAV positions: [(-25.0, -5.0, 5.4), (-10.0, 10.0, 5.4), (10.0, 0.0, 5.4), (0.0, 20.0, 5.4)]
mcts_params: {}
Step	Entropy	MSE	Coverage	Heights	Actions	IGs
------------------------------------------------------------------------------------------------------------------------
0    	160000.00   	0.250   	0.0000  	[5.4, 5.4, 5.4, 5.4]	[-, -, -, -]	[-, -, -, -]
1    	153513.77   	0.231   	0.0547  	[5.4, 5.4, 5.4, 5.4]	[up, up, up, up]	[1952.2791, 3904.5582, 3904.5582, 3514.1024]
2    	141410.01   	0.203   	0.2100  	[10.8, 10.8, 10.8, 10.8]	[up, up, up, up]	[1995.7711, 4105.5321, 4342.2658, 2826.5338]
3    	131363.09   	0.179   	0.4231  	[16.2, 16.2, 16.2, 16.2]	[right, up, up, back]	[1931.6327, 3492.4344, 4330.5547, 2234.6262]
4    	125678.44   	0.163   	0.5825  	[16.2, 21.7, 21.7, 16.2]	[up, left, back, up]	[1765.5861, 2469.1780, 3558.5051, 1647.6011]
5    	120781.99   	0.149   	0.6850  	[21.7, 21.7, 21.7, 21.7]	[right, front, back, right]	[1714.5269, 1769.5370, 3259.7783, 1324.2472]
6    	117582.37   	0.139   	0.7631  	[21.7, 21.7, 21.7, 21.7]	[right, hover, back, right]	[1670.7895, 1223.9163, 3010.1121, 1323.5154]
7    	114850.56   	0.130   	0.8287  	[21.7, 21.7, 21.7, 21.7]	[back, hover, back, right]	[1690.2754, 819.2247, 2709.0005, 1390.0427]
8    	92255.60    	0.094   	0.9030  	[21.7, 21.7, 21.7, 21.7]	[right, hover, left, right]	[1796.6037, 540.2710, 2278.2468, 1503.0735]
9    	87277.46    	0.083   	0.9367  	[21.7, 21.7, 21.7, 21.7]	[back, right, left, back]	[1500.0317, 364.2035, 1380.2131, 1271.5127]
10   	85106.21    	0.078   	0.9656  	[21.7, 21.7, 21.7, 21.7]	[back, up, left, back]	[1155.3994, 306.0140, 831.7296, 1011.0733]
11   	45414.28    	0.037   	0.9769  	[21.7, 27.1, 21.7, 21.7]	[hover, back, left, back]	[695.9294, 335.3699, 484.4943, 839.5812]
12   	41532.37    	0.033   	0.9800  	[21.7, 27.1, 21.7, 21.7]	[hover, hover, left, back]	[377.8523, 100.5567, 295.5151, 472.6916]
13   	39854.15    	0.031   	0.9831  	[21.7, 27.1, 21.7, 21.7]	[right, right, left, back]	[194.3532, 62.6499, 192.1259, 441.5293]
14   	15770.11    	0.013   	0.9862  	[21.7, 27.1, 21.7, 21.7]	[right, right, left, back]	[108.9952, 60.7973, 150.1674, 486.3240]
15   	14855.04    	0.012   	0.9894  	[21.7, 27.1, 21.7, 21.7]	[right, right, left, back]	[87.8910, 77.7923, 92.5898, 550.1080]
16   	13743.45    	0.011   	0.9925  	[21.7, 27.1, 21.7, 21.7]	[right, right, hover, back]	[102.8647, 97.9359, 52.0884, 602.4178]
17   	12564.83    	0.009   	0.9956  	[21.7, 27.1, 21.7, 21.7]	[right, right, hover, back]	[117.4887, 128.2186, 27.8563, 620.9673]
18   	11401.24    	0.008   	0.9988  	[21.7, 27.1, 21.7, 21.7]	[right, right, hover, back]	[134.0990, 183.5557, 15.9701, 479.1133]
19   	10360.60    	0.006   	1.0000  	[21.7, 27.1, 21.7, 21.7]	[right, right, front, hover]	[157.2500, 142.7650, 10.9361, 275.6865]
20   	9438.17     	0.005   	1.0000  	[21.7, 27.1, 21.7, 21.7]	[up, down, up, hover]	[143.2223, 106.6540, 11.4493, 139.7473]
21   	8844.36     	0.005   	1.0000  	[27.1, 21.7, 27.1, 21.7]	[front, front, front, hover]	[82.1051, 75.6140, 12.9978, 63.1728]
22   	8750.59     	0.005   	1.0000  	[27.1, 21.7, 27.1, 21.7]	[hover, right, front, hover]	[42.0731, 59.2282, 17.0718, 28.2352]
23   	8196.26     	0.004   	1.0000  	[27.1, 21.7, 27.1, 21.7]	[front, hover, front, front]	[22.5090, 28.1545, 20.0279, 12.7149]
24   	8102.80     	0.004   	1.0000  	[27.1, 21.7, 27.1, 21.7]	[front, hover, front, up]	[12.9078, 14.4074, 21.1042, 8.5538]
25   	8050.94     	0.004   	1.0000  	[27.1, 21.7, 27.1, 27.1]	[front, hover, front, left]	[9.0880, 7.2938, 22.9421, 7.0721]
26   	8000.22     	0.004   	1.0000  	[27.1, 21.7, 27.1, 27.1]	[front, hover, front, left]	[7.4151, 4.3659, 33.1505, 4.8804]
27   	6138.36     	0.003   	1.0000  	[27.1, 21.7, 27.1, 27.1]	[front, back, right, left]	[6.1963, 3.3635, 25.1523, 4.8378]
28   	2883.85     	0.001   	1.0000  	[27.1, 21.7, 27.1, 27.1]	[front, back, right, left]	[5.7138, 2.1265, 15.1815, 6.2539]
29   	2794.25     	0.001   	1.0000  	[27.1, 21.7, 27.1, 27.1]	[front, back, left, front]	[7.2347, 3.0786, 7.6445, 0.7354]
30   	2711.95     	0.001   	1.0000  	[27.1, 21.7, 27.1, 27.1]	[hover, back, hover, front]	[4.5484, 3.5102, 5.3458, 1.0331]
31   	2650.17     	0.001   	1.0000  	[27.1, 21.7, 27.1, 27.1]	[hover, back, hover, front]	[2.8639, 6.1665, 3.8525, 1.4443]
32   	2575.87     	0.001   	1.0000  	[27.1, 21.7, 27.1, 27.1]	[hover, back, hover, front]	[1.9278, 10.7778, 2.7649, 1.7478]
33   	2501.37     	0.000   	1.0000  	[27.1, 21.7, 27.1, 27.1]	[left, back, down, front]	[1.2528, 13.7522, 2.1860, 2.8510]
34   	2404.20     	0.000   	1.0000  	[27.1, 21.7, 21.7, 27.1]	[left, back, front, front]	[4.8648, 17.5485, 2.2789, 4.3396]
35   	2305.35     	0.000   	1.0000  	[27.1, 21.7, 21.7, 27.1]	[left, back, left, left]	[6.4720, 14.3603, 2.4846, 5.5405]
36   	2216.07     	0.000   	1.0000  	[27.1, 21.7, 21.7, 27.1]	[left, hover, hover, left]	[7.6560, 7.8042, 1.6951, 7.2582]
37   	2154.30     	0.000   	1.0000  	[27.1, 21.7, 21.7, 27.1]	[left, hover, down, left]	[8.4515, 4.0372, 1.7758, 10.4332]
38   	2100.14     	0.000   	1.0000  	[27.1, 21.7, 16.2, 27.1]	[left, hover, left, front]	[11.5036, 1.7174, 1.7271, 10.4044]
39   	2081.87     	0.000   	1.0000  	[27.1, 21.7, 16.2, 27.1]	[left, left, down, left]	[5.2586, 1.2090, 1.5120, 4.7189]
40   	2069.12     	0.000   	1.0000  	[27.1, 21.7, 10.8, 27.1]	[right, right, left, right]	[2.8827, 0.9541, 1.5927, 2.5925]
41   	2063.48     	0.000   	1.0000  	[27.1, 21.7, 10.8, 27.1]	[left, down, back, left]	[1.4888, 0.7080, 0.9545, 1.3897]
42   	2060.56     	0.000   	1.0000  	[27.1, 16.2, 10.8, 27.1]	[right, back, hover, right]	[0.8106, 0.9193, 0.2358, 0.6763]
43   	2059.16     	0.000   	1.0000  	[27.1, 16.2, 10.8, 27.1]	[left, down, hover, left]	[0.5120, 0.6732, 0.0587, 0.4357]
44   	2058.19     	0.000   	1.0000  	[27.1, 10.8, 10.8, 27.1]	[right, right, hover, right]	[0.2776, 0.6858, 0.0143, 0.2083]
45   	2057.39     	0.000   	1.0000  	[27.1, 10.8, 10.8, 27.1]	[left, back, left, left]	[0.1910, 0.3678, 0.0059, 0.1402]
46   	2056.99     	0.000   	1.0000  	[27.1, 10.8, 10.8, 27.1]	[right, right, hover, right]	[0.0949, 0.2149, 0.0006, 0.0639]
47   	2056.83     	0.000   	1.0000  	[27.1, 10.8, 10.8, 27.1]	[left, front, hover, left]	[0.0512, 0.0281, 0.0004, 0.0376]
48   	2056.70     	0.000   	1.0000  	[27.1, 10.8, 10.8, 27.1]	[back, back, hover, back]	[0.0307, 0.0172, 0.0000, 0.0250]
49   	2056.27     	0.000   	1.0000  	[27.1, 10.8, 10.8, 27.1]	[back, front, up, back]	[0.1979, 0.0082, 0.0000, 0.2259]
50   	2055.70     	0.000   	1.0000  	[27.1, 10.8, 16.2, 27.1]	[back, back, up, back]	[0.3121, 0.0044, 0.0002, 0.3162]
51   	2055.23     	0.000   	1.0000  	[27.1, 10.8, 21.7, 27.1]	[back, front, front, back]	[0.2838, 0.0030, 0.0026, 0.3118]
52   	2052.65     	0.000   	1.0000  	[27.1, 10.8, 21.7, 27.1]	[back, left, right, back]	[1.3420, 0.0008, 0.0011, 0.4286]
53   	2041.56     	0.000   	1.0000  	[27.1, 10.8, 21.7, 27.1]	[back, left, front, back]	[5.5550, 0.0112, 0.0006, 1.4272]
54   	2026.56     	0.000   	1.0000  	[27.1, 10.8, 21.7, 27.1]	[back, left, down, back]	[6.8322, 0.0023, 0.0010, 2.2049]
55   	1905.24     	0.000   	1.0000  	[27.1, 10.8, 16.2, 27.1]	[right, left, right, right]	[4.0935, 0.1604, 0.0002, 1.2093]
56   	1897.42     	0.000   	1.0000  	[27.1, 10.8, 16.2, 27.1]	[back, left, front, back]	[1.9313, 0.0594, 0.0000, 0.4036]
57   	1892.51     	0.000   	1.0000  	[27.1, 10.8, 16.2, 27.1]	[back, up, down, front]	[0.8507, 0.0629, -0.0000, 0.2063]
58   	1890.06     	0.000   	1.0000  	[27.1, 16.2, 10.8, 27.1]	[back, left, front, back]	[0.4756, 0.0144, 0.0000, 0.1222]
59   	1888.51     	0.000   	1.0000  	[27.1, 16.2, 10.8, 27.1]	[hover, left, front, back]	[0.2883, 0.2015, -0.0000, 0.0711]
60   	1887.26     	0.000   	1.0000  	[27.1, 16.2, 10.8, 27.1]	[hover, left, right, hover]	[0.1742, 0.1146, 0.0000, 0.0487]
61   	1886.09     	0.000   	1.0000  	[27.1, 16.2, 10.8, 27.1]	[left, left, right, left]	[0.0842, 0.2624, 0.0000, 0.0464]
62   	1884.70     	0.000   	1.0000  	[27.1, 16.2, 10.8, 27.1]	[down, left, right, down]	[0.1323, 0.7683, 0.0003, 0.0674]
63   	1883.61     	0.000   	1.0000  	[21.7, 16.2, 10.8, 21.7]	[hover, left, right, hover]	[0.0539, 0.8468, 0.0001, 0.0585]
64   	1882.90     	0.000   	1.0000  	[21.7, 16.2, 10.8, 21.7]	[hover, left, right, hover]	[0.0216, 0.8278, 0.0116, 0.0109]
65   	1882.47     	0.000   	1.0000  	[21.7, 16.2, 10.8, 21.7]	[up, left, right, hover]	[0.0044, 0.3543, 0.0021, 0.0015]
66   	1882.10     	0.000   	1.0000  	[27.1, 16.2, 10.8, 21.7]	[left, left, right, hover]	[0.0033, 0.2470, 0.0006, 0.0013]
67   	1882.07     	0.000   	1.0000  	[27.1, 16.2, 10.8, 21.7]	[hover, hover, right, hover]	[0.0029, 0.0254, 0.0112, 0.0019]
68   	1882.08     	0.000   	1.0000  	[27.1, 16.2, 10.8, 21.7]	[hover, right, back, left]	[0.0074, 0.0035, 0.0211, 0.0005]
69   	1882.18     	0.000   	1.0000  	[27.1, 16.2, 10.8, 21.7]	[hover, left, up, left]	[0.0257, 0.0007, 0.0188, 0.0003]
70   	1882.17     	0.000   	1.0000  	[27.1, 16.2, 16.2, 21.7]	[hover, hover, right, left]	[0.0659, 0.0014, 0.2873, 0.0009]
71   	1881.53     	0.000   	1.0000  	[27.1, 16.2, 16.2, 21.7]	[hover, hover, right, front]	[0.0783, 0.0002, 1.3686, 0.0027]
72   	1880.62     	0.000   	1.0000  	[27.1, 16.2, 16.2, 21.7]	[hover, hover, right, front]	[0.0384, 0.0000, 2.2837, 0.0072]
73   	1880.42     	0.000   	1.0000  	[27.1, 16.2, 16.2, 21.7]	[hover, back, back, front]	[0.0160, 0.0000, 1.3887, 0.0179]
74   	1880.20     	0.000   	1.0000  	[27.1, 16.2, 16.2, 21.7]	[hover, back, back, front]	[0.0041, -0.0000, 0.7071, 0.0405]
75   	1879.49     	0.000   	1.0000  	[27.1, 16.2, 16.2, 21.7]	[hover, down, back, front]	[0.0065, -0.0000, 0.6425, 0.0274]
76   	1879.40     	0.000   	1.0000  	[27.1, 10.8, 16.2, 21.7]	[hover, right, back, front]	[0.0010, -0.0000, 0.4489, 0.0646]
77   	1879.50     	0.000   	1.0000  	[27.1, 10.8, 16.2, 21.7]	[hover, left, down, front]	[0.0002, -0.0000, 0.5844, 0.1119]
78   	1879.59     	0.000   	1.0000  	[27.1, 10.8, 10.8, 21.7]	[hover, hover, right, back]	[0.0004, -0.0000, 0.3288, 0.0336]
79   	1878.22     	0.000   	1.0000  	[27.1, 10.8, 10.8, 21.7]	[hover, hover, hover, back]	[0.0007, -0.0000, 0.2227, 0.0403]
80   	1878.18     	0.000   	1.0000  	[27.1, 10.8, 10.8, 21.7]	[left, hover, hover, front]	[0.0002, -0.0000, 0.0471, 0.0900]
81   	1878.22     	0.000   	1.0000  	[27.1, 10.8, 10.8, 21.7]	[left, hover, hover, front]	[0.0002, -0.0000, 0.0184, 0.0685]
82   	1878.18     	0.000   	1.0000  	[27.1, 10.8, 10.8, 21.7]	[left, hover, hover, back]	[0.0003, -0.0000, 0.0379, 0.0537]
83   	1877.77     	0.000   	1.0000  	[27.1, 10.8, 10.8, 21.7]	[hover, hover, up, back]	[0.0001, -0.0000, 0.0104, 0.1072]
84   	1877.80     	0.000   	1.0000  	[27.1, 10.8, 16.2, 21.7]	[hover, hover, back, hover]	[0.0001, -0.0000, 0.0110, 0.0582]
85   	1877.85     	0.000   	1.0000  	[27.1, 10.8, 16.2, 21.7]	[hover, hover, left, hover]	[0.0000, -0.0000, 0.0194, 0.1083]
86   	1877.98     	0.000   	1.0000  	[27.1, 10.8, 16.2, 21.7]	[hover, hover, hover, hover]	[0.0000, -0.0000, 0.0063, 0.0661]
87   	1877.88     	0.000   	1.0000  	[27.1, 10.8, 16.2, 21.7]	[hover, hover, hover, hover]	[0.0000, -0.0000, 0.0019, 0.0465]
88   	1877.92     	0.000   	1.0000  	[27.1, 10.8, 16.2, 21.7]	[hover, hover, hover, hover]	[-0.0000, -0.0000, 0.0017, 0.0972]
89   	1877.78     	0.000   	1.0000  	[27.1, 10.8, 16.2, 21.7]	[hover, hover, hover, hover]	[-0.0000, -0.0000, 0.0055, 0.1422]
90   	1877.70     	0.000   	1.0000  	[27.1, 10.8, 16.2, 21.7]	[hover, hover, hover, hover]	[-0.0000, -0.0000, 0.0017, 0.1305]
91   	1877.69     	0.000   	1.0000  	[27.1, 10.8, 16.2, 21.7]	[back, hover, hover, back]	[-0.0000, -0.0000, 0.0051, 0.1478]
92   	1877.64     	0.000   	1.0000  	[27.1, 10.8, 16.2, 21.7]	[down, hover, left, hover]	[-0.0000, -0.0000, 0.0178, 0.1421]
93   	1877.70     	0.000   	1.0000  	[21.7, 10.8, 16.2, 21.7]	[down, hover, left, hover]	[-0.0000, -0.0000, 0.0090, 0.1321]
94   	1877.69     	0.000   	1.0000  	[16.2, 10.8, 16.2, 21.7]	[down, hover, left, hover]	[-0.0000, -0.0000, 0.0026, 0.1224]
95   	1877.68     	0.000   	1.0000  	[10.8, 10.8, 16.2, 21.7]	[hover, hover, front, hover]	[-0.0000, -0.0000, 0.0054, 0.1364]
96   	1877.70     	0.000   	1.0000  	[10.8, 10.8, 16.2, 21.7]	[hover, hover, down, hover]	[-0.0000, -0.0000, 0.0025, 0.1453]
97   	1877.70     	0.000   	1.0000  	[10.8, 10.8, 10.8, 21.7]	[hover, hover, left, hover]	[-0.0000, -0.0000, 0.0005, 0.0701]
98   	1877.71     	0.000   	1.0000  	[10.8, 10.8, 10.8, 21.7]	[hover, hover, hover, hover]	[-0.0000, -0.0000, 0.0002, 0.0848]
99   	1877.71     	0.000   	1.0000  	[10.8, 10.8, 10.8, 21.7]	[hover, hover, hover, hover]	[-0.0000, -0.0000, 0.0000, 0.0230]
[2025-12-18T15:06:46]
Strategy: greedy_ig
Pairwise: adaptive
News mode: IG_BM
Num agents: 4
Iteration: 1
Error margin: None
Gaussian radius 5 
Grid info: range: 0-50-50, cell_size:0.125, map shape: (400, 400), center:True
init UAV positions: [(-10.0, -10.0, 5.4), (-15.0, 0.0, 5.4), (15.0, -25.0, 5.4), (5.0, 25.0, 5.4)]
mcts_params: {}
Step	Entropy	MSE	Coverage	Heights	Actions	IGs
------------------------------------------------------------------------------------------------------------------------
0    	160000.00   	0.250   	0.0000  	[5.4, 5.4, 5.4, 5.4]	[-, -, -, -]	[-, -, -, -]
1    	157424.59   	0.237   	0.0469  	[5.4, 5.4, 5.4, 5.4]	[up, up, up, up]	[3904.5582, 3904.5582, 1952.2791, 1952.2791]
2    	155031.52   	0.224   	0.1800  	[10.8, 10.8, 10.8, 10.8]	[up, up, up, up]	[3581.0873, 3461.9075, 1995.9196, 2148.5374]
3    	152855.85   	0.212   	0.3738  	[16.2, 16.2, 16.2, 16.2]	[up, up, front, back]	[3227.7721, 2557.4677, 2027.6229, 2510.8871]
4    	141866.75   	0.184   	0.5425  	[21.7, 21.7, 16.2, 16.2]	[right, front, front, back]	[2563.4468, 2130.8001, 1983.7198, 2387.1699]
5    	125585.06   	0.150   	0.6441  	[21.7, 21.7, 16.2, 16.2]	[back, front, front, up]	[2145.7370, 2009.8209, 1940.6099, 2408.6021]
6    	122774.46   	0.140   	0.7706  	[21.7, 21.7, 16.2, 21.7]	[right, front, front, back]	[1600.6060, 1814.2317, 1874.0798, 2147.9710]
7    	105809.04   	0.108   	0.8441  	[21.7, 21.7, 16.2, 21.7]	[right, front, front, back]	[1100.2218, 1802.4047, 1873.5186, 2024.7324]
8    	74806.56    	0.075   	0.9031  	[21.7, 21.7, 16.2, 21.7]	[front, right, front, right]	[809.9277, 1428.4215, 1907.3587, 1944.1193]
9    	70625.91    	0.066   	0.9391  	[21.7, 21.7, 16.2, 21.7]	[up, hover, front, right]	[517.3532, 945.6294, 1722.8598, 1815.4195]
10   	67208.86    	0.060   	0.9672  	[27.1, 21.7, 16.2, 21.7]	[right, right, front, right]	[365.3472, 626.9754, 1396.2816, 1383.0502]
11   	63039.92    	0.054   	0.9781  	[27.1, 21.7, 16.2, 21.7]	[right, left, front, back]	[275.4115, 420.7902, 1044.1189, 880.0970]
12   	61775.78    	0.052   	0.9789  	[27.1, 21.7, 16.2, 21.7]	[right, left, up, front]	[159.7916, 293.6382, 665.2205, 490.0533]
13   	60801.67    	0.050   	0.9805  	[27.1, 21.7, 21.7, 21.7]	[right, hover, front, hover]	[169.3073, 185.8148, 462.2465, 249.9409]
14   	60197.91    	0.050   	0.9844  	[27.1, 21.7, 21.7, 21.7]	[front, hover, left, back]	[127.5126, 112.3624, 261.8559, 110.5653]
15   	59687.65    	0.049   	0.9844  	[27.1, 21.7, 21.7, 21.7]	[front, up, up, up]	[89.2817, 78.4824, 172.8284, 70.8477]
16   	24910.23    	0.020   	0.9844  	[27.1, 27.1, 27.1, 27.1]	[front, right, left, left]	[64.9529, 112.7236, 187.8598, 47.5432]
17   	12191.33    	0.012   	0.9844  	[27.1, 27.1, 27.1, 27.1]	[front, back, front, back]	[48.8241, 63.6148, 57.3346, 30.3557]
18   	11833.66    	0.011   	0.9844  	[27.1, 27.1, 27.1, 27.1]	[back, back, right, back]	[29.4290, 41.5036, 43.0841, 29.5538]
19   	11415.59    	0.011   	0.9844  	[27.1, 27.1, 27.1, 27.1]	[back, back, hover, back]	[25.4899, 101.6434, 26.6556, 29.7857]
20   	11021.14    	0.010   	0.9844  	[27.1, 27.1, 27.1, 27.1]	[back, back, hover, back]	[26.8331, 179.2949, 15.8559, 30.2386]
21   	10527.12    	0.010   	0.9875  	[27.1, 27.1, 27.1, 27.1]	[back, back, hover, back]	[32.3414, 249.7188, 9.9499, 31.4213]
22   	9964.02     	0.009   	0.9906  	[27.1, 27.1, 27.1, 27.1]	[hover, back, back, back]	[22.5338, 321.6796, 6.5600, 50.0313]
23   	9353.33     	0.008   	0.9938  	[27.1, 27.1, 27.1, 27.1]	[hover, back, back, hover]	[14.3486, 426.4138, 10.4155, 31.1029]
24   	8882.12     	0.007   	1.0000  	[27.1, 27.1, 27.1, 27.1]	[hover, hover, back, left]	[9.5064, 333.6820, 12.8292, 18.7242]
25   	6709.04     	0.004   	1.0000  	[27.1, 27.1, 27.1, 27.1]	[hover, hover, back, left]	[6.5220, 260.3386, 13.1112, 18.6908]
26   	6098.38     	0.004   	1.0000  	[27.1, 27.1, 27.1, 27.1]	[hover, hover, back, left]	[4.4454, 194.8720, 11.6599, 21.3255]
27   	5553.36     	0.003   	1.0000  	[27.1, 27.1, 27.1, 27.1]	[hover, hover, back, left]	[3.2789, 136.9321, 16.9372, 36.7366]
28   	5030.10     	0.003   	1.0000  	[27.1, 27.1, 27.1, 27.1]	[hover, hover, left, left]	[2.1296, 95.0658, 10.8788, 66.2383]
29   	4482.85     	0.002   	1.0000  	[27.1, 27.1, 27.1, 27.1]	[hover, hover, left, left]	[1.5836, 61.8492, 10.7057, 124.1045]
30   	3992.77     	0.002   	1.0000  	[27.1, 27.1, 27.1, 27.1]	[left, hover, left, left]	[1.1971, 38.9803, 10.1182, 136.1188]
31   	3614.38     	0.001   	1.0000  	[27.1, 27.1, 27.1, 27.1]	[left, hover, left, hover]	[1.0149, 22.5362, 14.9588, 88.0998]
32   	3317.61     	0.001   	1.0000  	[27.1, 27.1, 27.1, 27.1]	[left, hover, left, hover]	[1.1832, 13.6566, 18.8692, 52.6918]
33   	3058.88     	0.001   	1.0000  	[27.1, 27.1, 27.1, 27.1]	[left, hover, left, hover]	[4.9441, 7.9578, 33.3870, 30.1414]
34   	2854.53     	0.001   	1.0000  	[27.1, 27.1, 27.1, 27.1]	[left, hover, left, hover]	[9.0604, 4.5583, 37.2421, 16.4658]
35   	2695.51     	0.001   	1.0000  	[27.1, 27.1, 27.1, 27.1]	[left, down, hover, hover]	[22.0598, 2.9275, 18.7085, 8.7329]
36   	2585.52     	0.000   	1.0000  	[27.1, 21.7, 27.1, 27.1]	[left, back, hover, front]	[24.5436, 2.6262, 9.5015, 4.4000]
37   	2534.97     	0.000   	1.0000  	[27.1, 21.7, 27.1, 27.1]	[hover, left, hover, front]	[10.4800, 1.8325, 3.9374, 5.4131]
38   	2492.53     	0.000   	1.0000  	[27.1, 21.7, 27.1, 27.1]	[hover, down, hover, front]	[4.8007, 1.2323, 1.8592, 10.2806]
39   	2449.87     	0.000   	1.0000  	[27.1, 16.2, 27.1, 27.1]	[hover, front, hover, front]	[2.6212, 0.6525, 1.0614, 14.5834]
40   	2391.55     	0.000   	1.0000  	[27.1, 16.2, 27.1, 27.1]	[hover, back, hover, front]	[1.2346, 0.1913, 0.5241, 22.3180]
41   	2326.23     	0.000   	1.0000  	[27.1, 16.2, 27.1, 27.1]	[hover, back, hover, front]	[0.6117, 0.2405, 0.2828, 32.5058]
42   	2283.77     	0.000   	1.0000  	[27.1, 16.2, 27.1, 27.1]	[front, left, front, hover]	[0.4097, 0.1539, 0.1797, 21.1702]
43   	2251.02     	0.000   	1.0000  	[27.1, 16.2, 27.1, 27.1]	[front, left, front, hover]	[0.6604, 0.0570, 0.4024, 14.1843]
44   	2229.79     	0.000   	1.0000  	[27.1, 16.2, 27.1, 27.1]	[front, hover, front, hover]	[1.6009, 0.0127, 1.2943, 8.6897]
45   	2208.00     	0.000   	1.0000  	[27.1, 16.2, 27.1, 27.1]	[front, down, front, hover]	[1.9971, 0.0075, 1.4902, 5.7079]
46   	2191.97     	0.000   	1.0000  	[27.1, 10.8, 27.1, 27.1]	[front, back, front, hover]	[2.1684, 0.0160, 2.5588, 3.5175]
47   	2170.97     	0.000   	1.0000  	[27.1, 10.8, 27.1, 27.1]	[front, left, front, hover]	[3.6286, 0.0029, 4.8957, 2.0536]
48   	2162.54     	0.000   	1.0000  	[27.1, 10.8, 27.1, 27.1]	[front, hover, front, front]	[2.0719, 0.0015, 2.3851, 1.0464]
49   	2157.43     	0.000   	1.0000  	[27.1, 10.8, 27.1, 27.1]	[front, hover, front, down]	[1.0365, 0.0009, 1.3900, 0.7511]
50   	2155.29     	0.000   	1.0000  	[27.1, 10.8, 27.1, 21.7]	[front, hover, front, left]	[0.5494, 0.0002, 0.8389, 0.5111]
51   	2153.93     	0.000   	1.0000  	[27.1, 10.8, 27.1, 21.7]	[front, hover, front, front]	[0.2689, 0.0002, 0.4817, 0.2343]
52   	2153.36     	0.000   	1.0000  	[27.1, 10.8, 27.1, 21.7]	[hover, front, hover, down]	[0.1888, 0.0000, 0.2956, 0.1443]
53   	2152.43     	0.000   	1.0000  	[27.1, 10.8, 27.1, 16.2]	[hover, up, hover, left]	[0.1759, 0.0001, 0.2446, 0.3243]
54   	2152.52     	0.000   	1.0000  	[27.1, 16.2, 27.1, 16.2]	[hover, hover, hover, hover]	[0.0685, 0.0000, 0.0650, 0.0775]
55   	2152.49     	0.000   	1.0000  	[27.1, 16.2, 27.1, 16.2]	[right, down, hover, up]	[0.0600, -0.0000, 0.0275, 0.0372]
56   	2152.22     	0.000   	1.0000  	[27.1, 10.8, 27.1, 21.7]	[right, front, front, down]	[0.1342, -0.0000, 0.0196, 0.0271]
57   	2151.06     	0.000   	1.0000  	[27.1, 10.8, 27.1, 16.2]	[right, front, hover, left]	[0.5359, -0.0000, 0.0104, 0.0099]
58   	2108.51     	0.000   	1.0000  	[27.1, 10.8, 27.1, 16.2]	[right, front, hover, down]	[3.4185, -0.0000, 0.0082, 0.0057]
59   	2088.98     	0.000   	1.0000  	[27.1, 10.8, 27.1, 10.8]	[right, up, right, left]	[11.0069, 0.0001, 0.0084, 0.0011]
60   	2054.95     	0.000   	1.0000  	[27.1, 16.2, 27.1, 10.8]	[right, right, down, front]	[17.2946, 0.0000, 0.0314, 0.0001]
61   	2032.02     	0.000   	1.0000  	[27.1, 16.2, 21.7, 10.8]	[right, front, right, back]	[13.4850, 0.0000, 0.0449, 0.0001]
62   	2018.31     	0.000   	1.0000  	[27.1, 16.2, 21.7, 10.8]	[down, down, right, back]	[11.0216, 0.0000, 0.0665, -0.0000]
63   	2009.98     	0.000   	1.0000  	[21.7, 10.8, 21.7, 10.8]	[right, front, right, back]	[8.5857, 0.0000, 0.1827, -0.0000]
64   	2005.04     	0.000   	1.0000  	[21.7, 10.8, 21.7, 10.8]	[back, left, right, hover]	[4.8109, -0.0000, 0.3792, -0.0000]
65   	2001.96     	0.000   	1.0000  	[21.7, 10.8, 21.7, 10.8]	[back, front, right, hover]	[2.5180, -0.0000, 0.8767, -0.0000]
66   	2000.27     	0.000   	1.0000  	[21.7, 10.8, 21.7, 10.8]	[hover, front, right, hover]	[1.1253, -0.0000, 1.2783, -0.0000]
67   	1999.87     	0.000   	1.0000  	[21.7, 10.8, 21.7, 10.8]	[hover, front, right, hover]	[0.6062, 0.0015, 1.4342, -0.0000]
68   	1998.97     	0.000   	1.0000  	[21.7, 10.8, 21.7, 10.8]	[front, front, back, hover]	[0.4074, 0.0001, 0.8853, -0.0000]
69   	1998.74     	0.000   	1.0000  	[21.7, 10.8, 21.7, 10.8]	[down, front, down, hover]	[0.1685, 0.0000, 0.2884, -0.0000]
70   	1998.63     	0.000   	1.0000  	[16.2, 10.8, 16.2, 10.8]	[right, front, right, back]	[0.0394, 0.0024, 0.1815, -0.0000]
71   	1998.56     	0.000   	1.0000  	[16.2, 10.8, 16.2, 10.8]	[left, right, back, back]	[0.0138, 0.0010, 0.0521, -0.0000]
72   	1998.55     	0.000   	1.0000  	[16.2, 10.8, 16.2, 10.8]	[front, front, back, hover]	[0.0098, 0.0005, 0.0050, -0.0000]
73   	1998.56     	0.000   	1.0000  	[16.2, 10.8, 16.2, 10.8]	[left, front, left, back]	[0.0055, 0.0009, 0.0017, -0.0000]
74   	1998.55     	0.000   	1.0000  	[16.2, 10.8, 16.2, 10.8]	[left, right, front, back]	[0.0018, 0.0003, 0.0031, -0.0000]
75   	1923.80     	0.000   	1.0000  	[16.2, 10.8, 16.2, 10.8]	[back, right, right, back]	[0.0009, 0.0009, 0.0010, -0.0000]
76   	1923.85     	0.000   	1.0000  	[16.2, 10.8, 16.2, 10.8]	[down, right, left, back]	[0.0013, 0.0003, 0.0009, -0.0000]
77   	1923.86     	0.000   	1.0000  	[10.8, 10.8, 16.2, 10.8]	[left, hover, front, front]	[0.0095, 0.0000, 0.0035, -0.0000]
78   	1923.92     	0.000   	1.0000  	[10.8, 10.8, 16.2, 10.8]	[back, hover, hover, hover]	[0.0181, -0.0000, 0.0197, -0.0000]
79   	1923.03     	0.000   	1.0000  	[10.8, 10.8, 16.2, 10.8]	[back, hover, left, hover]	[0.0047, 0.0000, 0.0098, -0.0000]
80   	1923.09     	0.000   	1.0000  	[10.8, 10.8, 16.2, 10.8]	[hover, left, left, hover]	[0.0165, -0.0000, 0.0650, -0.0000]
81   	1923.03     	0.000   	1.0000  	[10.8, 10.8, 16.2, 10.8]	[hover, left, hover, hover]	[0.0867, -0.0000, 0.1493, -0.0000]
82   	1923.11     	0.000   	1.0000  	[10.8, 10.8, 16.2, 10.8]	[hover, left, hover, front]	[0.0113, -0.0000, 0.0475, -0.0000]
83   	1923.20     	0.000   	1.0000  	[10.8, 10.8, 16.2, 10.8]	[left, left, hover, hover]	[0.0572, -0.0000, 0.1983, -0.0000]
84   	1923.14     	0.000   	1.0000  	[10.8, 10.8, 16.2, 10.8]	[right, hover, hover, hover]	[0.2295, -0.0000, 0.1843, -0.0000]
85   	1923.10     	0.000   	1.0000  	[10.8, 10.8, 16.2, 10.8]	[hover, hover, hover, hover]	[0.0740, -0.0000, 0.2392, -0.0000]
86   	1923.09     	0.000   	1.0000  	[10.8, 10.8, 16.2, 10.8]	[right, hover, right, hover]	[0.2846, -0.0000, 0.0065, -0.0000]
87   	1923.18     	0.000   	1.0000  	[10.8, 10.8, 16.2, 10.8]	[right, hover, right, hover]	[0.2504, -0.0000, 0.0099, -0.0000]
88   	1923.19     	0.000   	1.0000  	[10.8, 10.8, 16.2, 10.8]	[hover, hover, hover, hover]	[0.3900, -0.0000, 0.0808, -0.0000]
89   	1923.20     	0.000   	1.0000  	[10.8, 10.8, 16.2, 10.8]	[hover, hover, hover, hover]	[0.1363, -0.0000, 0.2135, -0.0000]
90   	1923.18     	0.000   	1.0000  	[10.8, 10.8, 16.2, 10.8]	[hover, hover, hover, hover]	[0.2895, -0.0000, 0.1156, -0.0000]
91   	1923.06     	0.000   	1.0000  	[10.8, 10.8, 16.2, 10.8]	[hover, hover, hover, hover]	[0.1039, -0.0000, 0.2387, -0.0000]
92   	1923.13     	0.000   	1.0000  	[10.8, 10.8, 16.2, 10.8]	[hover, hover, hover, hover]	[0.0275, -0.0000, 0.1212, -0.0000]
93   	1923.03     	0.000   	1.0000  	[10.8, 10.8, 16.2, 10.8]	[hover, hover, hover, hover]	[0.0801, -0.0000, 0.2190, -0.0000]
94   	1923.02     	0.000   	1.0000  	[10.8, 10.8, 16.2, 10.8]	[hover, hover, hover, hover]	[0.0322, -0.0000, 0.0487, -0.0000]
95   	1923.01     	0.000   	1.0000  	[10.8, 10.8, 16.2, 10.8]	[hover, hover, hover, hover]	[0.0085, -0.0000, 0.0285, -0.0000]
96   	1923.00     	0.000   	1.0000  	[10.8, 10.8, 16.2, 10.8]	[hover, hover, hover, hover]	[0.0013, -0.0000, 0.0068, -0.0000]
97   	1923.01     	0.000   	1.0000  	[10.8, 10.8, 16.2, 10.8]	[hover, hover, hover, hover]	[0.0002, -0.0000, 0.0015, -0.0000]
98   	1923.00     	0.000   	1.0000  	[10.8, 10.8, 16.2, 10.8]	[hover, hover, hover, hover]	[0.0014, -0.0000, 0.0106, -0.0000]
99   	1923.00     	0.000   	1.0000  	[10.8, 10.8, 16.2, 10.8]	[hover, hover, hover, hover]	[0.0003, -0.0000, 0.0012, -0.0000]
[2025-12-18T15:06:58]
Strategy: greedy_ig
Pairwise: adaptive
News mode: IG_BM
Num agents: 4
Iteration: 2
Error margin: None
Gaussian radius 5 
Grid info: range: 0-50-50, cell_size:0.125, map shape: (400, 400), center:True
init UAV positions: [(-5.0, -25.0, 5.4), (-5.0, 5.0, 5.4), (15.0, -15.0, 5.4), (0.0, 25.0, 5.4)]
mcts_params: {}
Step	Entropy	MSE	Coverage	Heights	Actions	IGs
------------------------------------------------------------------------------------------------------------------------
0    	160000.00   	0.250   	0.0000  	[5.4, 5.4, 5.4, 5.4]	[-, -, -, -]	[-, -, -, -]
1    	157880.43   	0.239   	0.0469  	[5.4, 5.4, 5.4, 5.4]	[up, up, up, up]	[1952.2791, 3904.5582, 3904.5582, 1952.2791]
2    	153058.95   	0.218   	0.1875  	[10.8, 10.8, 10.8, 10.8]	[up, up, up, up]	[2166.5781, 3929.4169, 3957.6227, 2148.5374]
3    	149694.63   	0.202   	0.4219  	[16.2, 16.2, 16.2, 16.2]	[front, up, up, back]	[2501.5537, 3816.9199, 2700.9080, 2345.3186]
4    	136093.25   	0.170   	0.5869  	[16.2, 21.7, 21.7, 16.2]	[front, up, front, up]	[2549.2763, 3026.2382, 2438.9049, 1835.3147]
5    	109303.41   	0.130   	0.7339  	[16.2, 27.1, 21.7, 21.7]	[front, back, front, back]	[2164.1579, 2494.5173, 2147.3405, 1481.8263]
6    	104087.76   	0.118   	0.7620  	[16.2, 27.1, 21.7, 21.7]	[left, left, front, right]	[1789.0365, 1828.6696, 1787.2214, 1307.2798]
7    	82349.04    	0.090   	0.8553  	[16.2, 27.1, 21.7, 21.7]	[left, left, front, right]	[1744.0131, 1464.7797, 1852.8868, 1389.3784]
8    	80022.73    	0.082   	0.9155  	[16.2, 27.1, 21.7, 21.7]	[left, down, front, right]	[1879.9001, 1278.5056, 1678.3792, 1429.0262]
9    	78125.26    	0.076   	0.9522  	[16.2, 21.7, 21.7, 21.7]	[left, left, down, right]	[1437.1187, 989.6748, 1627.7164, 1390.9789]
10   	76410.89    	0.071   	0.9727  	[16.2, 21.7, 16.2, 21.7]	[front, front, front, back]	[892.5201, 732.4445, 1412.1045, 1140.6526]
11   	74822.71    	0.067   	0.9727  	[16.2, 21.7, 16.2, 21.7]	[front, front, front, back]	[488.3233, 795.2963, 1099.6727, 755.7338]
12   	73500.65    	0.064   	0.9781  	[16.2, 21.7, 16.2, 21.7]	[front, front, front, back]	[279.3467, 957.6507, 599.3357, 386.4275]
13   	72466.80    	0.062   	0.9938  	[16.2, 21.7, 16.2, 21.7]	[front, front, front, back]	[190.6496, 864.1494, 303.1247, 241.8488]
14   	71725.81    	0.061   	1.0000  	[16.2, 21.7, 16.2, 21.7]	[front, down, front, back]	[137.5069, 702.2666, 230.3135, 204.4421]
15   	71051.23    	0.060   	1.0000  	[16.2, 16.2, 16.2, 21.7]	[front, front, right, left]	[106.5373, 654.3713, 128.2110, 243.4571]
16   	70502.64    	0.059   	1.0000  	[16.2, 16.2, 16.2, 21.7]	[front, left, hover, back]	[101.5245, 548.0051, 38.3028, 297.8246]
17   	70003.04    	0.058   	1.0000  	[16.2, 16.2, 16.2, 21.7]	[front, hover, back, back]	[136.0180, 330.2049, 14.2268, 393.7013]
18   	69221.87    	0.057   	1.0000  	[16.2, 16.2, 16.2, 21.7]	[front, hover, back, left]	[153.7814, 185.8707, 19.0557, 547.7318]
19   	68290.60    	0.056   	1.0000  	[16.2, 16.2, 16.2, 21.7]	[up, hover, back, back]	[189.6696, 98.4208, 37.4297, 668.1555]
20   	66943.77    	0.055   	1.0000  	[21.7, 16.2, 16.2, 21.7]	[right, hover, back, left]	[250.7419, 49.9015, 52.6692, 795.6451]
21   	65287.69    	0.053   	1.0000  	[21.7, 16.2, 16.2, 21.7]	[right, right, back, back]	[439.5437, 28.3063, 59.3285, 917.7012]
22   	63305.97    	0.052   	1.0000  	[21.7, 16.2, 16.2, 21.7]	[right, right, back, back]	[628.8039, 20.5718, 58.4647, 1091.2129]
23   	60642.04    	0.049   	1.0000  	[21.7, 16.2, 16.2, 21.7]	[right, right, back, left]	[885.6713, 38.0865, 63.2732, 1214.2107]
24   	57258.54    	0.047   	1.0000  	[21.7, 16.2, 16.2, 21.7]	[right, right, back, left]	[1177.7020, 56.1868, 77.5328, 1324.5250]
25   	53081.81    	0.043   	1.0000  	[21.7, 16.2, 16.2, 21.7]	[right, right, back, left]	[1466.3302, 79.0222, 92.6889, 1451.7722]
26   	49284.90    	0.039   	1.0000  	[21.7, 16.2, 16.2, 21.7]	[right, right, back, left]	[1649.8679, 142.3453, 185.8608, 1578.3639]
27   	45266.50    	0.035   	1.0000  	[21.7, 16.2, 16.2, 21.7]	[right, right, back, left]	[1772.1145, 272.1235, 171.8284, 1713.1399]
28   	41285.96    	0.031   	1.0000  	[21.7, 16.2, 16.2, 21.7]	[right, right, left, front]	[1843.0718, 424.6887, 105.0077, 1192.1840]
29   	37354.86    	0.027   	1.0000  	[21.7, 16.2, 16.2, 21.7]	[right, right, left, front]	[1623.6121, 583.8763, 66.2387, 859.4906]
30   	34047.76    	0.024   	1.0000  	[21.7, 16.2, 16.2, 21.7]	[back, right, left, front]	[1179.2099, 684.3945, 48.7308, 674.5719]
31   	31339.79    	0.022   	1.0000  	[21.7, 16.2, 16.2, 21.7]	[back, right, left, front]	[869.3835, 559.4998, 45.6749, 609.3783]
32   	14567.65    	0.008   	1.0000  	[21.7, 16.2, 16.2, 21.7]	[back, back, left, front]	[639.1370, 370.4017, 45.4531, 589.1512]
33   	7791.80     	0.004   	1.0000  	[21.7, 16.2, 16.2, 21.7]	[left, back, front, front]	[89.7062, 229.9631, 17.1827, 658.8754]
34   	4563.19     	0.002   	1.0000  	[21.7, 16.2, 16.2, 21.7]	[right, back, front, front]	[1.4327, 189.9386, 17.3194, 70.4514]
35   	4381.57     	0.002   	1.0000  	[21.7, 16.2, 16.2, 21.7]	[back, up, left, front]	[1.0258, 5.9126, 6.5787, 155.4514]
36   	4232.92     	0.002   	1.0000  	[21.7, 21.7, 16.2, 21.7]	[back, up, up, hover]	[1.1149, 4.9989, 5.6928, 106.5961]
37   	4129.61     	0.002   	1.0000  	[21.7, 27.1, 21.7, 21.7]	[back, left, left, hover]	[2.9349, 5.6647, 11.1349, 67.3158]
38   	3393.15     	0.001   	1.0000  	[21.7, 27.1, 21.7, 21.7]	[back, left, left, hover]	[5.1666, 5.0927, 27.9767, 42.3890]
39   	2628.78     	0.001   	1.0000  	[21.7, 27.1, 21.7, 21.7]	[back, front, left, hover]	[16.0650, 0.3710, 56.0937, 1.4280]
40   	2572.21     	0.001   	1.0000  	[21.7, 27.1, 21.7, 21.7]	[hover, hover, left, hover]	[8.4073, 0.2866, 52.4398, 0.8718]
41   	2551.00     	0.001   	1.0000  	[21.7, 27.1, 21.7, 21.7]	[hover, hover, back, hover]	[4.7665, 0.1892, 43.7598, 0.5167]
42   	2540.50     	0.001   	1.0000  	[21.7, 27.1, 21.7, 21.7]	[hover, hover, hover, hover]	[2.6164, 0.1218, 27.2133, 0.5423]
43   	2534.34     	0.001   	1.0000  	[21.7, 27.1, 21.7, 21.7]	[back, back, hover, hover]	[1.8590, 0.0893, 15.6424, 0.2852]
44   	2530.12     	0.001   	1.0000  	[21.7, 27.1, 21.7, 21.7]	[down, back, hover, down]	[1.4946, 0.0971, 9.8558, 0.2262]
45   	2458.68     	0.000   	1.0000  	[16.2, 27.1, 21.7, 16.2]	[right, back, hover, back]	[1.4536, 0.1380, 4.8219, 0.1719]
46   	2454.71     	0.000   	1.0000  	[16.2, 27.1, 21.7, 16.2]	[hover, back, hover, left]	[0.7286, 0.1625, 2.3817, 0.0753]
47   	2451.72     	0.000   	1.0000  	[16.2, 27.1, 21.7, 16.2]	[down, back, hover, back]	[0.8063, 0.2634, 1.3255, 0.0710]
48   	2183.77     	0.000   	1.0000  	[10.8, 27.1, 21.7, 16.2]	[up, back, hover, down]	[0.4472, 0.3031, 0.6705, 0.0357]
49   	2180.61     	0.000   	1.0000  	[16.2, 27.1, 21.7, 10.8]	[down, back, hover, left]	[0.1261, 0.5888, 0.3846, 0.0122]
50   	2176.47     	0.000   	1.0000  	[10.8, 27.1, 21.7, 10.8]	[right, back, hover, hover]	[0.3414, 0.4712, 0.3163, 0.0047]
51   	2172.67     	0.000   	1.0000  	[10.8, 27.1, 21.7, 10.8]	[back, back, hover, left]	[0.4350, 0.4201, 0.2801, 0.0040]
52   	2170.72     	0.000   	1.0000  	[10.8, 27.1, 21.7, 10.8]	[hover, hover, back, front]	[0.0580, 0.1197, 0.2141, 0.0034]
53   	2169.42     	0.000   	1.0000  	[10.8, 27.1, 21.7, 10.8]	[hover, down, hover, back]	[0.0908, 0.0546, 0.1315, 0.0097]
54   	2169.83     	0.000   	1.0000  	[10.8, 21.7, 21.7, 10.8]	[hover, down, hover, hover]	[0.1397, 0.0546, 0.0929, 0.0019]
55   	2169.82     	0.000   	1.0000  	[10.8, 16.2, 21.7, 10.8]	[right, right, hover, hover]	[0.2822, 0.2458, 0.0609, 0.0012]
56   	2166.36     	0.000   	1.0000  	[10.8, 16.2, 21.7, 10.8]	[left, down, hover, back]	[0.0151, 0.0653, 0.0443, 0.0002]
57   	2166.37     	0.000   	1.0000  	[10.8, 10.8, 21.7, 10.8]	[right, back, hover, up]	[0.0007, 0.0052, 0.0308, 0.0002]
58   	2166.08     	0.000   	1.0000  	[10.8, 10.8, 21.7, 16.2]	[front, hover, hover, back]	[0.0002, 0.0120, 0.0186, 0.0274]
59   	2165.58     	0.000   	1.0000  	[10.8, 10.8, 21.7, 16.2]	[back, back, hover, back]	[-0.0000, 0.0004, 0.0146, 0.1692]
60   	2165.83     	0.000   	1.0000  	[10.8, 10.8, 21.7, 16.2]	[front, up, left, back]	[0.0000, 0.0001, 0.0108, 0.0551]
61   	2165.48     	0.000   	1.0000  	[10.8, 16.2, 21.7, 16.2]	[hover, left, down, back]	[-0.0000, 0.0002, 0.0485, 0.1856]
62   	2165.28     	0.000   	1.0000  	[10.8, 16.2, 16.2, 16.2]	[front, left, left, back]	[-0.0000, 0.0005, 0.0042, 0.2724]
63   	2159.56     	0.000   	1.0000  	[10.8, 16.2, 16.2, 16.2]	[front, left, down, back]	[-0.0000, 0.0002, 0.0007, 0.3322]
64   	2113.06     	0.000   	1.0000  	[10.8, 16.2, 10.8, 16.2]	[front, left, front, right]	[-0.0000, 0.0000, 0.0013, 0.0567]
65   	2113.02     	0.000   	1.0000  	[10.8, 16.2, 10.8, 16.2]	[front, left, front, hover]	[0.0000, -0.0000, 0.0012, 0.0168]
66   	2113.02     	0.000   	1.0000  	[10.8, 16.2, 10.8, 16.2]	[front, hover, left, hover]	[0.0000, 0.0000, 0.0001, 0.0020]
67   	2113.02     	0.000   	1.0000  	[10.8, 16.2, 10.8, 16.2]	[front, hover, front, left]	[-0.0000, 0.0000, -0.0000, 0.0011]
68   	2113.02     	0.000   	1.0000  	[10.8, 16.2, 10.8, 16.2]	[front, hover, hover, left]	[0.0000, -0.0000, -0.0000, 0.0004]
69   	2113.02     	0.000   	1.0000  	[10.8, 16.2, 10.8, 16.2]	[front, down, hover, back]	[0.0002, -0.0000, -0.0000, 0.0002]
70   	2113.01     	0.000   	1.0000  	[10.8, 10.8, 10.8, 16.2]	[front, front, hover, down]	[0.0111, -0.0000, -0.0000, 0.0007]
71   	2113.00     	0.000   	1.0000  	[10.8, 10.8, 10.8, 10.8]	[front, front, hover, right]	[0.1134, -0.0000, -0.0000, 0.0002]
72   	2111.75     	0.000   	1.0000  	[10.8, 10.8, 10.8, 10.8]	[front, right, front, back]	[2.1724, -0.0000, -0.0000, 0.0000]
73   	2111.58     	0.000   	1.0000  	[10.8, 10.8, 10.8, 10.8]	[left, back, right, back]	[0.3014, -0.0000, -0.0000, -0.0000]
74   	2111.55     	0.000   	1.0000  	[10.8, 10.8, 10.8, 10.8]	[hover, back, front, hover]	[0.0866, -0.0000, -0.0000, 0.0000]
75   	2111.55     	0.000   	1.0000  	[10.8, 10.8, 10.8, 10.8]	[front, left, front, left]	[0.0112, -0.0000, -0.0000, -0.0000]
76   	2111.56     	0.000   	1.0000  	[10.8, 10.8, 10.8, 10.8]	[front, left, front, hover]	[0.0214, -0.0000, -0.0000, -0.0000]
77   	2111.54     	0.000   	1.0000  	[10.8, 10.8, 10.8, 10.8]	[hover, left, front, hover]	[0.0214, -0.0000, 0.0000, -0.0000]
78   	2111.54     	0.000   	1.0000  	[10.8, 10.8, 10.8, 10.8]	[hover, left, front, hover]	[0.0045, -0.0000, 0.0001, -0.0000]
79   	2111.54     	0.000   	1.0000  	[10.8, 10.8, 10.8, 10.8]	[hover, left, front, hover]	[0.0007, -0.0000, 0.0089, -0.0000]
80   	2111.49     	0.000   	1.0000  	[10.8, 10.8, 10.8, 10.8]	[hover, left, front, hover]	[0.0025, -0.0000, 0.0815, -0.0000]
81   	2111.31     	0.000   	1.0000  	[10.8, 10.8, 10.8, 10.8]	[right, left, front, hover]	[0.0005, -0.0000, 0.5925, -0.0000]
82   	2111.30     	0.000   	1.0000  	[10.8, 10.8, 10.8, 10.8]	[hover, left, front, hover]	[0.0004, -0.0000, 0.1832, -0.0000]
83   	2111.28     	0.000   	1.0000  	[10.8, 10.8, 10.8, 10.8]	[hover, hover, hover, hover]	[0.0001, -0.0000, 0.0897, -0.0000]
84   	2111.38     	0.000   	1.0000  	[10.8, 10.8, 10.8, 10.8]	[hover, hover, hover, hover]	[0.0000, -0.0000, 0.0451, -0.0000]
85   	2111.27     	0.000   	1.0000  	[10.8, 10.8, 10.8, 10.8]	[hover, hover, hover, hover]	[0.0000, -0.0000, 0.1509, -0.0000]
86   	2111.25     	0.000   	1.0000  	[10.8, 10.8, 10.8, 10.8]	[hover, hover, hover, hover]	[-0.0000, -0.0000, 0.0277, -0.0000]
87   	2111.24     	0.000   	1.0000  	[10.8, 10.8, 10.8, 10.8]	[hover, hover, hover, hover]	[-0.0000, -0.0000, 0.0077, -0.0000]
88   	2111.24     	0.000   	1.0000  	[10.8, 10.8, 10.8, 10.8]	[hover, hover, right, hover]	[-0.0000, -0.0000, 0.0032, -0.0000]
89   	2111.24     	0.000   	1.0000  	[10.8, 10.8, 10.8, 10.8]	[hover, hover, left, hover]	[-0.0000, -0.0000, 0.0016, -0.0000]
90   	2111.24     	0.000   	1.0000  	[10.8, 10.8, 10.8, 10.8]	[hover, hover, hover, hover]	[-0.0000, -0.0000, 0.0025, -0.0000]
91   	2111.24     	0.000   	1.0000  	[10.8, 10.8, 10.8, 10.8]	[hover, hover, left, hover]	[-0.0000, -0.0000, 0.0004, -0.0000]
92   	2111.24     	0.000   	1.0000  	[10.8, 10.8, 10.8, 10.8]	[hover, hover, hover, hover]	[-0.0000, -0.0000, 0.0001, -0.0000]
93   	2111.24     	0.000   	1.0000  	[10.8, 10.8, 10.8, 10.8]	[hover, hover, hover, hover]	[-0.0000, -0.0000, 0.0000, -0.0000]
94   	2111.24     	0.000   	1.0000  	[10.8, 10.8, 10.8, 10.8]	[hover, hover, hover, hover]	[-0.0000, -0.0000, -0.0000, -0.0000]
95   	2111.24     	0.000   	1.0000  	[10.8, 10.8, 10.8, 10.8]	[hover, hover, hover, hover]	[-0.0000, -0.0000, -0.0000, -0.0000]
96   	2111.24     	0.000   	1.0000  	[10.8, 10.8, 10.8, 10.8]	[hover, hover, hover, hover]	[-0.0000, -0.0000, -0.0000, -0.0000]
97   	2111.24     	0.000   	1.0000  	[10.8, 10.8, 10.8, 10.8]	[hover, hover, hover, hover]	[-0.0000, -0.0000, -0.0000, -0.0000]
98   	2111.24     	0.000   	1.0000  	[10.8, 10.8, 10.8, 10.8]	[hover, hover, hover, hover]	[-0.0000, -0.0000, -0.0000, -0.0000]
99   	2111.24     	0.000   	1.0000  	[10.8, 10.8, 10.8, 10.8]	[hover, hover, hover, hover]	[-0.0000, -0.0000, -0.0000, -0.0000]
[2025-12-18T15:07:08]
Strategy: greedy_ig
Pairwise: adaptive
News mode: IG_BM
Num agents: 4
Iteration: 3
Error margin: None
Gaussian radius 5 
Grid info: range: 0-50-50, cell_size:0.125, map shape: (400, 400), center:True
init UAV positions: [(0.0, -10.0, 5.4), (-5.0, 15.0, 5.4), (15.0, -5.0, 5.4), (20.0, 20.0, 5.4)]
mcts_params: {}
Step	Entropy	MSE	Coverage	Heights	Actions	IGs
------------------------------------------------------------------------------------------------------------------------
0    	160000.00   	0.250   	0.0000  	[5.4, 5.4, 5.4, 5.4]	[-, -, -, -]	[-, -, -, -]
1    	155793.72   	0.232   	0.0625  	[5.4, 5.4, 5.4, 5.4]	[up, up, up, up]	[3904.5582, 3904.5582, 3904.5582, 3162.6921]
2    	153241.77   	0.217   	0.2381  	[10.8, 10.8, 10.8, 10.8]	[up, up, up, up]	[3854.5761, 4182.1306, 4241.8137, 2055.7376]
3    	148224.91   	0.195   	0.4839  	[16.2, 16.2, 16.2, 16.2]	[up, up, up, left]	[3490.0579, 3593.8648, 3355.1486, 1855.3691]
4    	104618.29   	0.128   	0.7106  	[21.7, 21.7, 21.7, 16.2]	[left, back, front, back]	[2818.7219, 3303.9306, 2818.8112, 1809.7818]
5    	97024.81    	0.113   	0.7661  	[21.7, 21.7, 21.7, 16.2]	[left, left, left, back]	[2400.5867, 2379.6730, 2074.1240, 1342.2701]
6    	91843.43    	0.101   	0.8247  	[21.7, 21.7, 21.7, 16.2]	[left, left, back, left]	[2216.3507, 2190.3215, 1660.7047, 975.1495]
7    	86508.33    	0.089   	0.8833  	[21.7, 21.7, 21.7, 16.2]	[left, left, back, up]	[2127.2030, 1757.3237, 1669.3981, 789.6490]
8    	83175.67    	0.079   	0.9380  	[21.7, 21.7, 21.7, 21.7]	[back, back, back, left]	[1909.1792, 1305.2434, 1668.4702, 588.1085]
9    	70771.07    	0.062   	0.9841  	[21.7, 21.7, 21.7, 21.7]	[hover, back, back, left]	[1287.2943, 900.6296, 1355.6427, 534.5172]
10   	68013.28    	0.057   	0.9962  	[21.7, 21.7, 21.7, 21.7]	[hover, back, right, back]	[826.8363, 575.4287, 917.2126, 310.6212]
11   	59693.36    	0.046   	0.9981  	[21.7, 21.7, 21.7, 21.7]	[hover, back, hover, back]	[489.2250, 357.2886, 544.4321, 400.9077]
12   	53506.35    	0.039   	0.9981  	[21.7, 21.7, 21.7, 21.7]	[hover, back, left, back]	[271.0318, 232.8835, 316.1601, 283.6546]
13   	26512.96    	0.020   	0.9981  	[21.7, 21.7, 21.7, 21.7]	[right, back, right, back]	[142.6855, 171.0607, 186.7652, 270.7518]
14   	26119.80    	0.019   	0.9981  	[21.7, 21.7, 21.7, 21.7]	[left, back, front, right]	[88.9050, 142.8482, 106.3442, 55.0133]
15   	24990.43    	0.018   	0.9981  	[21.7, 21.7, 21.7, 21.7]	[right, back, up, right]	[55.8181, 165.7808, 80.0506, 91.0257]
16   	9985.73     	0.007   	0.9981  	[21.7, 21.7, 27.1, 21.7]	[up, right, left, back]	[39.0676, 112.1954, 61.4529, 80.4401]
17   	9327.08     	0.007   	0.9981  	[27.1, 21.7, 27.1, 21.7]	[front, left, front, back]	[50.6638, 42.6349, 36.3098, 77.3503]
18   	8856.03     	0.006   	0.9981  	[27.1, 21.7, 27.1, 21.7]	[front, right, front, back]	[59.2494, 22.8263, 28.6226, 74.9457]
19   	8199.69     	0.006   	0.9981  	[27.1, 21.7, 27.1, 21.7]	[front, right, front, back]	[74.8312, 15.0707, 23.2101, 72.4398]
20   	7843.78     	0.006   	0.9981  	[27.1, 21.7, 27.1, 21.7]	[front, right, front, back]	[100.6016, 7.9033, 21.3327, 72.9295]
21   	7494.44     	0.005   	0.9981  	[27.1, 21.7, 27.1, 21.7]	[front, right, front, hover]	[123.0866, 5.1665, 21.5364, 35.6654]
22   	7114.98     	0.005   	0.9981  	[27.1, 21.7, 27.1, 21.7]	[front, right, front, hover]	[163.8179, 3.7585, 25.6450, 16.1274]
23   	6743.98     	0.004   	0.9981  	[27.1, 21.7, 27.1, 21.7]	[front, right, front, hover]	[231.8211, 3.1876, 48.0534, 7.7755]
24   	6414.01     	0.004   	0.9981  	[27.1, 21.7, 27.1, 21.7]	[front, right, left, front]	[230.8147, 2.5873, 44.6647, 4.6479]
25   	6163.68     	0.004   	1.0000  	[27.1, 21.7, 27.1, 21.7]	[hover, right, left, front]	[171.0255, 3.1075, 40.8584, 4.9356]
26   	5983.02     	0.003   	1.0000  	[27.1, 21.7, 27.1, 21.7]	[hover, right, left, front]	[122.2972, 3.7998, 40.3828, 3.8856]
27   	5806.76     	0.003   	1.0000  	[27.1, 21.7, 27.1, 21.7]	[hover, front, left, front]	[84.1664, 2.7809, 45.4304, 3.7101]
28   	5450.40     	0.003   	1.0000  	[27.1, 21.7, 27.1, 21.7]	[hover, front, left, front]	[58.5235, 4.4471, 57.0886, 4.2079]
29   	3897.68     	0.001   	1.0000  	[27.1, 21.7, 27.1, 21.7]	[hover, front, left, front]	[37.6493, 5.0857, 70.8919, 4.8316]
30   	3741.82     	0.001   	1.0000  	[27.1, 21.7, 27.1, 21.7]	[hover, front, left, front]	[24.3390, 6.3439, 72.9748, 2.7345]
31   	2437.90     	0.000   	1.0000  	[27.1, 21.7, 27.1, 21.7]	[hover, front, hover, front]	[14.2362, 6.7024, 45.4295, 1.8052]
32   	2266.91     	0.000   	1.0000  	[27.1, 21.7, 27.1, 21.7]	[hover, front, hover, front]	[8.6194, 5.1657, 27.9529, 4.6513]
33   	2179.59     	0.000   	1.0000  	[27.1, 21.7, 27.1, 21.7]	[hover, front, hover, left]	[5.8618, 3.7175, 17.4172, 2.9514]
34   	2117.27     	0.000   	1.0000  	[27.1, 21.7, 27.1, 21.7]	[hover, front, hover, left]	[3.6014, 7.0120, 10.5737, 2.1417]
35   	2065.00     	0.000   	1.0000  	[27.1, 21.7, 27.1, 21.7]	[hover, front, hover, left]	[2.5844, 5.0202, 6.9910, 2.6657]
36   	2034.79     	0.000   	1.0000  	[27.1, 21.7, 27.1, 21.7]	[hover, hover, hover, left]	[1.6390, 2.3796, 3.9233, 2.0290]
37   	2012.40     	0.000   	1.0000  	[27.1, 21.7, 27.1, 21.7]	[hover, hover, hover, left]	[1.1403, 1.5160, 2.3055, 1.6439]
38   	1994.75     	0.000   	1.0000  	[27.1, 21.7, 27.1, 21.7]	[hover, hover, hover, left]	[0.7382, 0.9541, 1.4073, 2.5347]
39   	1981.64     	0.000   	1.0000  	[27.1, 21.7, 27.1, 21.7]	[back, hover, hover, left]	[0.5493, 0.4966, 0.9171, 3.1122]
40   	1972.27     	0.000   	1.0000  	[27.1, 21.7, 27.1, 21.7]	[back, hover, down, left]	[0.7276, 0.2520, 0.7739, 4.0420]
41   	1967.21     	0.000   	1.0000  	[27.1, 21.7, 21.7, 21.7]	[back, hover, front, left]	[0.8030, 0.1873, 0.6101, 3.5700]
42   	1962.52     	0.000   	1.0000  	[27.1, 21.7, 21.7, 21.7]	[back, front, left, hover]	[0.8867, 0.1689, 0.6427, 2.6693]
43   	1959.27     	0.000   	1.0000  	[27.1, 21.7, 21.7, 21.7]	[back, front, down, hover]	[0.7495, 0.1921, 0.3475, 1.6341]
44   	1954.49     	0.000   	1.0000  	[27.1, 21.7, 16.2, 21.7]	[back, front, left, hover]	[1.0252, 0.1962, 0.2704, 1.1305]
45   	1953.13     	0.000   	1.0000  	[27.1, 21.7, 16.2, 21.7]	[back, hover, left, hover]	[1.9727, 0.1014, 0.2374, 0.4368]
46   	1940.02     	0.000   	1.0000  	[27.1, 21.7, 16.2, 21.7]	[hover, hover, back, back]	[1.5024, 0.1919, 0.0915, 0.2187]
47   	1935.87     	0.000   	1.0000  	[27.1, 21.7, 16.2, 21.7]	[hover, hover, down, right]	[1.2202, 0.1905, 0.1277, 0.1756]
48   	1931.23     	0.000   	1.0000  	[27.1, 21.7, 10.8, 21.7]	[hover, hover, back, right]	[1.0646, 0.1647, 0.3857, 0.2794]
49   	1927.94     	0.000   	1.0000  	[27.1, 21.7, 10.8, 21.7]	[hover, hover, hover, left]	[0.7599, 0.1056, 0.0661, 0.2518]
50   	1921.42     	0.000   	1.0000  	[27.1, 21.7, 10.8, 21.7]	[hover, hover, hover, right]	[0.5872, 0.0730, 0.0155, 0.2199]
51   	1919.15     	0.000   	1.0000  	[27.1, 21.7, 10.8, 21.7]	[hover, hover, left, left]	[0.4447, 0.0718, 0.0616, 0.2882]
52   	1915.86     	0.000   	1.0000  	[27.1, 21.7, 10.8, 21.7]	[hover, hover, front, front]	[0.3908, 0.1083, 0.1023, 0.2685]
53   	1915.47     	0.000   	1.0000  	[27.1, 21.7, 10.8, 21.7]	[left, hover, front, hover]	[0.3855, 0.0776, 0.1674, 0.2175]
54   	1914.74     	0.000   	1.0000  	[27.1, 21.7, 10.8, 21.7]	[down, hover, front, hover]	[0.5859, 0.0337, 0.0899, 0.2548]
55   	1913.90     	0.000   	1.0000  	[21.7, 21.7, 10.8, 21.7]	[front, hover, hover, hover]	[0.5842, 0.0417, 0.2081, 0.2503]
56   	1913.20     	0.000   	1.0000  	[21.7, 21.7, 10.8, 21.7]	[back, hover, up, hover]	[0.4148, 0.0374, 0.0283, 0.1698]
57   	1902.99     	0.000   	1.0000  	[21.7, 21.7, 16.2, 21.7]	[back, hover, front, right]	[0.4157, 0.0343, 0.0054, 0.0668]
58   	1903.76     	0.000   	1.0000  	[21.7, 21.7, 16.2, 21.7]	[back, hover, hover, left]	[0.3291, 0.0253, 0.0059, 0.0598]
59   	1903.72     	0.000   	1.0000  	[21.7, 21.7, 16.2, 21.7]	[hover, hover, right, back]	[0.4482, 0.0137, 0.0332, 0.1816]
60   	1901.15     	0.000   	1.0000  	[21.7, 21.7, 16.2, 21.7]	[hover, hover, left, back]	[0.3520, 0.0162, 0.0237, 0.2164]
61   	1901.11     	0.000   	1.0000  	[21.7, 21.7, 16.2, 21.7]	[hover, hover, hover, back]	[0.3558, 0.0138, 0.0321, 0.1947]
62   	1900.55     	0.000   	1.0000  	[21.7, 21.7, 16.2, 21.7]	[hover, hover, hover, back]	[0.5398, 0.0258, 0.0036, 0.1564]
63   	1901.31     	0.000   	1.0000  	[21.7, 21.7, 16.2, 21.7]	[hover, hover, hover, up]	[0.3445, 0.0164, 0.0050, 0.1315]
64   	1899.84     	0.000   	1.0000  	[21.7, 21.7, 16.2, 27.1]	[left, hover, hover, back]	[0.4365, 0.0222, 0.0340, 0.2466]
65   	1898.58     	0.000   	1.0000  	[21.7, 21.7, 16.2, 27.1]	[down, hover, hover, hover]	[0.4644, 0.0091, 0.0050, 0.2014]
66   	1898.53     	0.000   	1.0000  	[16.2, 21.7, 16.2, 27.1]	[front, hover, hover, down]	[0.4762, 0.0186, 0.0006, 0.0873]
67   	1898.76     	0.000   	1.0000  	[16.2, 21.7, 16.2, 21.7]	[left, hover, hover, front]	[0.4082, 0.0087, 0.0022, 0.0780]
68   	1898.93     	0.000   	1.0000  	[16.2, 21.7, 16.2, 21.7]	[front, hover, hover, down]	[0.4310, 0.0193, 0.0003, 0.1930]
69   	1898.58     	0.000   	1.0000  	[16.2, 21.7, 16.2, 16.2]	[down, hover, hover, right]	[0.3808, 0.0080, 0.0011, 0.2509]
70   	1898.28     	0.000   	1.0000  	[10.8, 21.7, 16.2, 16.2]	[right, hover, hover, back]	[0.1943, 0.0033, 0.0003, 0.2096]
71   	1898.13     	0.000   	1.0000  	[10.8, 21.7, 16.2, 16.2]	[front, hover, hover, back]	[0.3169, 0.0015, 0.0001, 0.0305]
72   	1874.00     	0.000   	1.0000  	[10.8, 21.7, 16.2, 16.2]	[front, hover, hover, hover]	[0.3831, 0.0039, 0.0003, 0.0065]
73   	1873.89     	0.000   	1.0000  	[10.8, 21.7, 16.2, 16.2]	[hover, hover, hover, back]	[0.2303, 0.0119, 0.0001, 0.0021]
74   	1873.87     	0.000   	1.0000  	[10.8, 21.7, 16.2, 16.2]	[hover, hover, hover, up]	[0.0577, 0.0206, 0.0000, 0.0020]
75   	1873.78     	0.000   	1.0000  	[10.8, 21.7, 16.2, 21.7]	[hover, hover, hover, back]	[0.0239, 0.0434, -0.0000, 0.0417]
76   	1873.73     	0.000   	1.0000  	[10.8, 21.7, 16.2, 21.7]	[up, hover, down, back]	[0.0087, 0.0187, -0.0000, 0.0274]
77   	1873.70     	0.000   	1.0000  	[16.2, 21.7, 10.8, 21.7]	[down, hover, front, left]	[0.0126, 0.0077, -0.0000, 0.0152]
78   	1873.68     	0.000   	1.0000  	[10.8, 21.7, 10.8, 21.7]	[hover, left, hover, left]	[0.0038, 0.0032, -0.0000, 0.0214]
79   	1873.68     	0.000   	1.0000  	[10.8, 21.7, 10.8, 21.7]	[front, back, hover, back]	[0.0090, 0.0073, -0.0000, 0.0058]
80   	1873.67     	0.000   	1.0000  	[10.8, 21.7, 10.8, 21.7]	[hover, down, hover, back]	[0.0025, 0.0304, -0.0000, 0.0035]
81   	1873.68     	0.000   	1.0000  	[10.8, 16.2, 10.8, 21.7]	[back, left, hover, right]	[0.0017, 0.0089, -0.0000, 0.0018]
82   	1873.87     	0.000   	1.0000  	[10.8, 16.2, 10.8, 21.7]	[hover, back, hover, right]	[0.0327, 0.0025, -0.0000, 0.0028]
83   	1873.81     	0.000   	1.0000  	[10.8, 16.2, 10.8, 21.7]	[hover, down, hover, right]	[0.3270, 0.0026, -0.0000, 0.0044]
84   	1874.19     	0.000   	1.0000  	[10.8, 10.8, 10.8, 21.7]	[front, back, hover, right]	[0.2628, 0.0010, -0.0000, 0.1048]
85   	1874.02     	0.000   	1.0000  	[10.8, 10.8, 10.8, 21.7]	[hover, left, hover, right]	[0.2239, 0.0007, -0.0000, 0.3828]
86   	1852.00     	0.000   	1.0000  	[10.8, 10.8, 10.8, 21.7]	[hover, back, hover, right]	[0.2878, 0.0003, -0.0000, 0.3349]
87   	1851.37     	0.000   	1.0000  	[10.8, 10.8, 10.8, 21.7]	[hover, back, hover, right]	[0.3492, 0.3783, -0.0000, 0.4603]
88   	1851.23     	0.000   	1.0000  	[10.8, 10.8, 10.8, 21.7]	[hover, back, hover, right]	[0.3875, 0.1608, -0.0000, 1.0200]
89   	1851.08     	0.000   	1.0000  	[10.8, 10.8, 10.8, 21.7]	[hover, left, hover, right]	[0.0624, 0.0355, -0.0000, 0.8734]
90   	1850.92     	0.000   	1.0000  	[10.8, 10.8, 10.8, 21.7]	[hover, hover, hover, down]	[0.0928, 0.0065, -0.0000, 1.0494]
91   	1850.43     	0.000   	1.0000  	[10.8, 10.8, 10.8, 16.2]	[hover, front, hover, right]	[0.1323, 0.0011, -0.0000, 0.9470]
92   	1850.27     	0.000   	1.0000  	[10.8, 10.8, 10.8, 16.2]	[hover, front, hover, front]	[0.1838, 0.0063, -0.0000, 0.4800]
93   	1850.15     	0.000   	1.0000  	[10.8, 10.8, 10.8, 16.2]	[hover, right, hover, down]	[0.2476, 0.0038, -0.0000, 0.3062]
94   	1850.08     	0.000   	1.0000  	[10.8, 10.8, 10.8, 10.8]	[hover, right, hover, right]	[0.3123, 0.0024, -0.0000, 0.1127]
95   	1849.99     	0.000   	1.0000  	[10.8, 10.8, 10.8, 10.8]	[hover, right, hover, back]	[0.3659, 0.0014, -0.0000, 0.2285]
96   	1849.91     	0.000   	1.0000  	[10.8, 10.8, 10.8, 10.8]	[hover, hover, hover, left]	[0.3897, 0.0007, -0.0000, 0.0610]
97   	1849.78     	0.000   	1.0000  	[10.8, 10.8, 10.8, 10.8]	[hover, left, hover, left]	[0.3790, 0.0003, -0.0000, 0.0907]
98   	1849.71     	0.000   	1.0000  	[10.8, 10.8, 10.8, 10.8]	[hover, right, hover, hover]	[0.3367, 0.0064, -0.0000, 0.0186]
99   	1849.61     	0.000   	1.0000  	[10.8, 10.8, 10.8, 10.8]	[hover, hover, hover, hover]	[0.2664, 0.0034, -0.0000, 0.0487]
[2025-12-18T15:07:20]
Strategy: greedy_ig
Pairwise: adaptive
News mode: IG_BM
Num agents: 4
Iteration: 4
Error margin: None
Gaussian radius 5 
Grid info: range: 0-50-50, cell_size:0.125, map shape: (400, 400), center:True
init UAV positions: [(-10.0, 0.0, 5.4), (-20.0, 0.0, 5.4), (15.0, -20.0, 5.4), (5.0, 15.0, 5.4)]
mcts_params: {}
Step	Entropy	MSE	Coverage	Heights	Actions	IGs
------------------------------------------------------------------------------------------------------------------------
0    	160000.00   	0.250   	0.0000  	[5.4, 5.4, 5.4, 5.4]	[-, -, -, -]	[-, -, -, -]
1    	154903.78   	0.230   	0.0625  	[5.4, 5.4, 5.4, 5.4]	[up, up, up, up]	[3904.5582, 3514.1024, 3514.1024, 3904.5582]
2    	146752.02   	0.205   	0.2250  	[10.8, 10.8, 10.8, 10.8]	[up, up, up, up]	[3537.7859, 2392.0918, 2762.6404, 3879.9691]
3    	142532.57   	0.190   	0.4256  	[16.2, 16.2, 16.2, 16.2]	[up, up, front, up]	[3024.6164, 1826.4631, 2371.6420, 3057.9306]
4    	138978.84   	0.176   	0.5913  	[21.7, 21.7, 16.2, 21.7]	[up, up, front, back]	[2276.3464, 1383.5408, 2023.3495, 2569.7989]
5    	135554.91   	0.164   	0.7084  	[27.1, 27.1, 16.2, 21.7]	[back, right, up, right]	[1884.3939, 1277.9927, 2057.0947, 2154.8128]
6    	117654.07   	0.130   	0.8152  	[27.1, 27.1, 21.7, 21.7]	[back, right, front, right]	[1797.0313, 1190.5764, 2057.9534, 2055.1953]
7    	54801.98    	0.063   	0.8869  	[27.1, 27.1, 21.7, 21.7]	[back, right, left, back]	[1897.3070, 1134.3502, 1867.4030, 1598.4344]
8    	50050.93    	0.055   	0.9213  	[27.1, 27.1, 21.7, 21.7]	[down, front, left, right]	[1403.9915, 696.3220, 907.2973, 1189.3841]
9    	45937.24    	0.047   	0.9528  	[21.7, 27.1, 21.7, 21.7]	[back, front, left, front]	[1456.5090, 791.0604, 564.9365, 826.5428]
10   	44095.14    	0.042   	0.9762  	[21.7, 27.1, 21.7, 21.7]	[left, front, back, front]	[1052.8027, 974.2449, 405.2340, 558.2151]
11   	42753.36    	0.039   	1.0000  	[21.7, 27.1, 21.7, 21.7]	[hover, down, left, hover]	[658.0569, 834.7947, 316.4126, 327.2158]
12   	42275.59    	0.037   	1.0000  	[21.7, 21.7, 21.7, 21.7]	[hover, front, left, hover]	[388.1562, 1062.9878, 241.6720, 187.0595]
13   	41939.96    	0.036   	1.0000  	[21.7, 21.7, 21.7, 21.7]	[hover, left, left, back]	[204.9268, 922.7582, 183.1494, 102.3084]
14   	41666.36    	0.035   	1.0000  	[21.7, 21.7, 21.7, 21.7]	[hover, hover, left, back]	[108.7001, 649.8547, 140.1557, 133.5872]
15   	41432.52    	0.035   	1.0000  	[21.7, 21.7, 21.7, 21.7]	[right, hover, left, back]	[55.6268, 441.2357, 104.9077, 187.2206]
16   	41245.39    	0.034   	1.0000  	[21.7, 21.7, 21.7, 21.7]	[right, hover, left, back]	[50.9194, 277.0269, 101.0766, 188.7418]
17   	26929.00    	0.022   	1.0000  	[21.7, 21.7, 21.7, 21.7]	[up, hover, hover, back]	[51.6719, 164.6209, 55.8545, 178.6855]
18   	26853.96    	0.022   	1.0000  	[27.1, 21.7, 21.7, 21.7]	[left, hover, hover, back]	[17.6251, 91.8036, 31.6992, 150.1732]
19   	21849.13    	0.016   	1.0000  	[27.1, 21.7, 21.7, 21.7]	[front, right, hover, back]	[12.6049, 57.7852, 14.4468, 149.6750]
20   	17730.70    	0.011   	1.0000  	[27.1, 21.7, 21.7, 21.7]	[right, right, front, back]	[7.3431, 47.3773, 6.8388, 123.0182]
21   	17467.27    	0.011   	1.0000  	[27.1, 21.7, 21.7, 21.7]	[right, right, back, back]	[6.0822, 64.3070, 4.0820, 112.3850]
22   	17251.26    	0.011   	1.0000  	[27.1, 21.7, 21.7, 21.7]	[right, right, hover, hover]	[5.2322, 77.8935, 2.5647, 55.0233]
23   	15048.56    	0.009   	1.0000  	[27.1, 21.7, 21.7, 21.7]	[right, right, hover, left]	[5.1043, 91.3359, 1.4552, 26.1164]
24   	14700.69    	0.009   	1.0000  	[27.1, 21.7, 21.7, 21.7]	[right, right, right, right]	[6.2112, 147.3750, 0.7898, 14.8956]
25   	14040.12    	0.008   	1.0000  	[27.1, 21.7, 21.7, 21.7]	[right, right, right, hover]	[8.7766, 338.4910, 1.0199, 7.5687]
26   	13054.45    	0.008   	1.0000  	[27.1, 21.7, 21.7, 21.7]	[right, right, right, hover]	[12.9991, 599.3275, 0.4726, 3.8298]
27   	2649.82     	0.001   	1.0000  	[27.1, 21.7, 21.7, 21.7]	[hover, right, right, front]	[7.0411, 631.5716, 0.6467, 3.0208]
28   	2608.80     	0.001   	1.0000  	[27.1, 21.7, 21.7, 21.7]	[hover, hover, front, back]	[4.0129, 20.6226, 0.5556, 1.7927]
29   	2587.24     	0.000   	1.0000  	[27.1, 21.7, 21.7, 21.7]	[hover, hover, up, down]	[2.1982, 10.1874, 0.8747, 1.5488]
30   	2264.26     	0.000   	1.0000  	[27.1, 21.7, 27.1, 16.2]	[hover, hover, front, right]	[1.2562, 4.8327, 0.8486, 1.0044]
31   	2247.35     	0.000   	1.0000  	[27.1, 21.7, 27.1, 16.2]	[front, hover, front, back]	[0.6651, 2.1908, 0.3295, 0.8461]
32   	2236.26     	0.000   	1.0000  	[27.1, 21.7, 27.1, 16.2]	[front, hover, front, down]	[0.3916, 1.1883, 0.5214, 0.7344]
33   	2230.46     	0.000   	1.0000  	[27.1, 21.7, 27.1, 10.8]	[front, hover, front, back]	[0.6437, 0.7746, 0.6708, 0.1790]
34   	2222.39     	0.000   	1.0000  	[27.1, 21.7, 27.1, 10.8]	[front, hover, left, right]	[0.8029, 0.4819, 0.9459, 0.0924]
35   	2214.06     	0.000   	1.0000  	[27.1, 21.7, 27.1, 10.8]	[front, back, left, left]	[0.8947, 0.2690, 1.7734, 0.1098]
36   	2194.81     	0.000   	1.0000  	[27.1, 21.7, 27.1, 10.8]	[front, down, left, right]	[4.0502, 0.2074, 4.1394, 0.0341]
37   	2174.48     	0.000   	1.0000  	[27.1, 16.2, 27.1, 10.8]	[left, down, front, left]	[2.8054, 0.5233, 6.2566, 0.0098]
38   	2148.00     	0.000   	1.0000  	[27.1, 10.8, 27.1, 10.8]	[left, right, front, hover]	[2.8733, 0.2815, 10.8246, 0.0150]
39   	2121.68     	0.000   	1.0000  	[27.1, 10.8, 27.1, 10.8]	[left, right, front, up]	[3.4655, 0.6644, 9.3218, 0.0023]
40   	2102.98     	0.000   	1.0000  	[27.1, 10.8, 27.1, 16.2]	[left, front, front, front]	[4.2283, 0.2576, 6.1036, 0.0067]
41   	2088.89     	0.000   	1.0000  	[27.1, 10.8, 27.1, 16.2]	[left, front, down, front]	[4.8649, 0.2280, 4.3178, 0.0214]
42   	2069.55     	0.000   	1.0000  	[27.1, 10.8, 21.7, 16.2]	[left, front, left, front]	[5.8305, 0.0827, 6.2697, 0.0068]
43   	2053.57     	0.000   	1.0000  	[27.1, 10.8, 21.7, 16.2]	[left, hover, hover, front]	[8.4692, 0.0593, 4.0963, 0.1516]
44   	1982.48     	0.000   	1.0000  	[27.1, 10.8, 21.7, 16.2]	[hover, hover, hover, front]	[4.5128, 0.0109, 2.7568, 0.2112]
45   	1979.00     	0.000   	1.0000  	[27.1, 10.8, 21.7, 16.2]	[hover, left, hover, back]	[2.6551, 0.0020, 1.7570, 0.0024]
46   	1977.04     	0.000   	1.0000  	[27.1, 10.8, 21.7, 16.2]	[front, left, hover, up]	[1.5526, 0.0004, 0.9239, 0.0013]
47   	1943.51     	0.000   	1.0000  	[27.1, 10.8, 21.7, 21.7]	[front, left, left, left]	[0.8638, 0.0022, 0.5506, 0.0009]
48   	1925.06     	0.000   	1.0000  	[27.1, 10.8, 21.7, 21.7]	[hover, left, down, up]	[0.5473, 0.0251, 0.8379, 0.0045]
49   	1924.67     	0.000   	1.0000  	[27.1, 10.8, 16.2, 27.1]	[down, up, down, front]	[0.3774, 0.0180, 0.8779, 0.0705]
50   	1924.00     	0.000   	1.0000  	[21.7, 16.2, 10.8, 27.1]	[left, down, left, front]	[0.3990, 0.0088, 1.3031, 0.0199]
51   	1923.81     	0.000   	1.0000  	[21.7, 10.8, 10.8, 27.1]	[down, left, left, left]	[0.1841, 0.0048, 0.5931, 0.0201]
52   	1923.58     	0.000   	1.0000  	[16.2, 10.8, 10.8, 27.1]	[left, back, back, left]	[0.0812, 0.0042, 0.2403, 0.0544]
53   	1922.94     	0.000   	1.0000  	[16.2, 10.8, 10.8, 27.1]	[down, back, back, left]	[0.2969, 0.0018, 0.5971, 0.0135]
54   	1848.13     	0.000   	1.0000  	[10.8, 10.8, 10.8, 27.1]	[back, back, right, up]	[0.1264, 0.0017, 0.2825, 0.0142]
55   	1837.17     	0.000   	1.0000  	[10.8, 10.8, 10.8, 32.5]	[left, hover, back, left]	[0.0089, 0.0123, 0.0109, 0.0132]
56   	1837.13     	0.000   	1.0000  	[10.8, 10.8, 10.8, 32.5]	[front, left, front, left]	[0.0029, 0.1572, 0.0021, 0.0048]
57   	1837.61     	0.000   	1.0000  	[10.8, 10.8, 10.8, 32.5]	[front, right, back, left]	[0.0504, 0.0759, 0.0005, 0.0131]
58   	1836.85     	0.000   	1.0000  	[10.8, 10.8, 10.8, 32.5]	[front, left, front, left]	[0.1419, 0.3872, 0.0006, 0.1205]
59   	1836.32     	0.000   	1.0000  	[10.8, 10.8, 10.8, 32.5]	[front, right, back, back]	[0.0387, 0.3497, 0.0002, 0.1222]
60   	1835.35     	0.000   	1.0000  	[10.8, 10.8, 10.8, 32.5]	[left, hover, front, back]	[0.1300, 0.2424, 0.0001, 0.1330]
61   	1835.22     	0.000   	1.0000  	[10.8, 10.8, 10.8, 32.5]	[hover, hover, back, left]	[0.0239, 0.1527, 0.0000, 0.1026]
62   	1835.52     	0.000   	1.0000  	[10.8, 10.8, 10.8, 32.5]	[hover, hover, left, down]	[0.0040, 0.3639, -0.0000, 0.1425]
63   	1834.96     	0.000   	1.0000  	[10.8, 10.8, 10.8, 27.1]	[hover, right, front, back]	[0.0147, 0.3867, -0.0000, 0.1473]
64   	1835.03     	0.000   	1.0000  	[10.8, 10.8, 10.8, 27.1]	[hover, right, hover, back]	[0.0022, 0.2690, -0.0000, 0.0919]
65   	1834.76     	0.000   	1.0000  	[10.8, 10.8, 10.8, 27.1]	[hover, hover, front, back]	[0.0003, 0.3427, -0.0000, 0.0692]
66   	1835.09     	0.000   	1.0000  	[10.8, 10.8, 10.8, 27.1]	[hover, left, front, back]	[0.0000, 0.3565, -0.0000, 0.0484]
67   	1834.96     	0.000   	1.0000  	[10.8, 10.8, 10.8, 27.1]	[hover, left, front, hover]	[0.0000, 0.2178, 0.0000, 0.0477]
68   	1834.89     	0.000   	1.0000  	[10.8, 10.8, 10.8, 27.1]	[hover, hover, front, hover]	[0.0000, 0.3223, -0.0000, 0.0287]
69   	1834.73     	0.000   	1.0000  	[10.8, 10.8, 10.8, 27.1]	[hover, right, front, down]	[-0.0000, 0.3853, -0.0000, 0.0361]
70   	1835.04     	0.000   	1.0000  	[10.8, 10.8, 10.8, 21.7]	[hover, right, right, left]	[-0.0000, 0.3209, -0.0000, 0.0848]
71   	1834.81     	0.000   	1.0000  	[10.8, 10.8, 10.8, 21.7]	[hover, hover, right, front]	[-0.0000, 0.2942, 0.0003, 0.0758]
72   	1834.52     	0.000   	1.0000  	[10.8, 10.8, 10.8, 21.7]	[hover, hover, right, hover]	[-0.0000, 0.3853, 0.0001, 0.0707]
73   	1834.84     	0.000   	1.0000  	[10.8, 10.8, 10.8, 21.7]	[hover, hover, right, hover]	[-0.0000, 0.2254, 0.0000, 0.0472]
74   	1834.57     	0.000   	1.0000  	[10.8, 10.8, 10.8, 21.7]	[hover, hover, hover, hover]	[-0.0000, 0.3696, 0.0000, 0.0246]
75   	1834.35     	0.000   	1.0000  	[10.8, 10.8, 10.8, 21.7]	[hover, hover, hover, hover]	[-0.0000, 0.3253, -0.0000, 0.0179]
76   	1834.23     	0.000   	1.0000  	[10.8, 10.8, 10.8, 21.7]	[hover, hover, hover, hover]	[-0.0000, 0.1563, -0.0000, 0.0078]
77   	1834.34     	0.000   	1.0000  	[10.8, 10.8, 10.8, 21.7]	[hover, hover, right, hover]	[-0.0000, 0.0492, -0.0000, 0.0063]
78   	1834.34     	0.000   	1.0000  	[10.8, 10.8, 10.8, 21.7]	[hover, hover, right, hover]	[-0.0000, 0.0131, 0.0003, 0.0087]
79   	1834.32     	0.000   	1.0000  	[10.8, 10.8, 10.8, 21.7]	[hover, hover, right, hover]	[-0.0000, 0.0034, 0.0004, 0.0122]
80   	1834.34     	0.000   	1.0000  	[10.8, 10.8, 10.8, 21.7]	[hover, hover, right, left]	[-0.0000, 0.0009, 0.0022, 0.0060]
81   	1834.32     	0.000   	1.0000  	[10.8, 10.8, 10.8, 21.7]	[hover, hover, hover, down]	[-0.0000, 0.0002, 0.0005, 0.0164]
82   	1834.34     	0.000   	1.0000  	[10.8, 10.8, 10.8, 16.2]	[hover, hover, hover, front]	[-0.0000, 0.0021, 0.0011, 0.0057]
83   	1834.32     	0.000   	1.0000  	[10.8, 10.8, 10.8, 16.2]	[hover, hover, hover, left]	[-0.0000, 0.0005, 0.0001, 0.0157]
84   	1834.31     	0.000   	1.0000  	[10.8, 10.8, 10.8, 16.2]	[hover, hover, left, down]	[-0.0000, 0.0001, 0.0000, 0.0072]
85   	1834.31     	0.000   	1.0000  	[10.8, 10.8, 10.8, 10.8]	[hover, hover, left, left]	[-0.0000, 0.0000, -0.0000, 0.0013]
86   	1834.31     	0.000   	1.0000  	[10.8, 10.8, 10.8, 10.8]	[hover, right, hover, front]	[-0.0000, -0.0000, -0.0000, 0.0002]
87   	1834.31     	0.000   	1.0000  	[10.8, 10.8, 10.8, 10.8]	[hover, left, hover, hover]	[-0.0000, -0.0000, -0.0000, 0.0000]
88   	1834.31     	0.000   	1.0000  	[10.8, 10.8, 10.8, 10.8]	[hover, hover, hover, hover]	[-0.0000, -0.0000, -0.0000, 0.0001]
89   	1834.31     	0.000   	1.0000  	[10.8, 10.8, 10.8, 10.8]	[hover, hover, hover, hover]	[-0.0000, -0.0000, -0.0000, 0.0000]
90   	1834.31     	0.000   	1.0000  	[10.8, 10.8, 10.8, 10.8]	[hover, hover, hover, hover]	[-0.0000, -0.0000, -0.0000, -0.0000]
91   	1834.31     	0.000   	1.0000  	[10.8, 10.8, 10.8, 10.8]	[hover, hover, hover, front]	[-0.0000, 0.0000, 0.0000, -0.0000]
92   	1834.31     	0.000   	1.0000  	[10.8, 10.8, 10.8, 10.8]	[hover, hover, hover, front]	[-0.0000, -0.0000, -0.0000, -0.0000]
93   	1834.31     	0.000   	1.0000  	[10.8, 10.8, 10.8, 10.8]	[hover, hover, hover, front]	[-0.0000, -0.0000, -0.0000, -0.0000]
94   	1830.79     	0.000   	1.0000  	[10.8, 10.8, 10.8, 10.8]	[hover, right, left, front]	[-0.0000, -0.0000, -0.0000, -0.0000]
95   	1830.10     	0.000   	1.0000  	[10.8, 10.8, 10.8, 10.8]	[hover, right, left, front]	[-0.0000, -0.0000, -0.0000, -0.0000]
96   	1830.10     	0.000   	1.0000  	[10.8, 10.8, 10.8, 10.8]	[hover, right, left, hover]	[-0.0000, 0.0001, -0.0000, -0.0000]
97   	1830.10     	0.000   	1.0000  	[10.8, 10.8, 10.8, 10.8]	[hover, right, left, hover]	[-0.0000, 0.0000, -0.0000, -0.0000]
98   	1830.10     	0.000   	1.0000  	[10.8, 10.8, 10.8, 10.8]	[hover, hover, left, hover]	[-0.0000, -0.0000, -0.0000, -0.0000]
99   	1830.10     	0.000   	1.0000  	[10.8, 10.8, 10.8, 10.8]	[hover, hover, left, hover]	[-0.0000, -0.0000, -0.0000, -0.0000]
[2025-12-18T15:07:30]
Strategy: greedy_ig
Pairwise: adaptive
News mode: IG_BM
Num agents: 4
Iteration: 5
Error margin: None
Gaussian radius 5 
Grid info: range: 0-50-50, cell_size:0.125, map shape: (400, 400), center:True
init UAV positions: [(-25.0, -5.0, 5.4), (-10.0, 20.0, 5.4), (10.0, -15.0, 5.4), (0.0, 0.0, 5.4)]
mcts_params: {}
Step	Entropy	MSE	Coverage	Heights	Actions	IGs
------------------------------------------------------------------------------------------------------------------------
0    	160000.00   	0.250   	0.0000  	[5.4, 5.4, 5.4, 5.4]	[-, -, -, -]	[-, -, -, -]
1    	157482.00   	0.237   	0.0547  	[5.4, 5.4, 5.4, 5.4]	[up, up, up, up]	[1952.2791, 3514.1024, 3904.5582, 3904.5582]
2    	149547.38   	0.210   	0.2125  	[10.8, 10.8, 10.8, 10.8]	[up, up, up, up]	[1998.7423, 3214.2563, 3921.1530, 3910.2231]
3    	128329.22   	0.170   	0.4462  	[16.2, 16.2, 16.2, 16.2]	[right, back, up, up]	[2048.0542, 3107.3689, 2897.7059, 3406.8008]
4    	119520.74   	0.150   	0.6162  	[16.2, 16.2, 21.7, 21.7]	[up, up, front, front]	[1986.2745, 2759.4307, 2264.4796, 2443.3901]
5    	112049.51   	0.134   	0.7163  	[21.7, 21.7, 21.7, 21.7]	[right, back, right, up]	[1621.5695, 2118.5968, 1793.1008, 1787.6469]
6    	105581.50   	0.121   	0.7827  	[21.7, 21.7, 21.7, 27.1]	[back, left, front, right]	[1340.8786, 1624.9770, 1440.3348, 1478.3385]
7    	102586.94   	0.113   	0.8541  	[21.7, 21.7, 21.7, 27.1]	[back, hover, front, right]	[1406.7164, 1104.6971, 1301.5031, 1370.9239]
8    	98120.53    	0.102   	0.9002  	[21.7, 21.7, 21.7, 27.1]	[right, back, front, right]	[1381.9699, 787.7761, 1275.0459, 1349.9042]
9    	95481.43    	0.096   	0.9291  	[21.7, 21.7, 21.7, 27.1]	[right, front, front, front]	[1347.6119, 493.1298, 1314.1087, 1350.1805]
10   	92772.83    	0.089   	0.9600  	[21.7, 21.7, 21.7, 27.1]	[right, right, front, front]	[1250.5613, 369.5860, 1324.6277, 1384.5384]
11   	68552.54    	0.061   	0.9881  	[21.7, 21.7, 21.7, 27.1]	[right, right, front, hover]	[1224.2225, 461.4480, 1267.0329, 1028.6052]
12   	50400.57    	0.041   	0.9881  	[21.7, 21.7, 21.7, 27.1]	[right, right, front, hover]	[1249.0035, 416.2469, 1144.6437, 705.0166]
13   	46391.10    	0.037   	0.9881  	[21.7, 21.7, 21.7, 27.1]	[right, right, front, hover]	[1176.6895, 359.0814, 908.6257, 434.0037]
14   	43135.44    	0.034   	0.9881  	[21.7, 21.7, 21.7, 27.1]	[right, right, hover, hover]	[1220.3326, 263.1940, 432.0532, 219.8314]
15   	40442.91    	0.031   	0.9881  	[21.7, 21.7, 21.7, 27.1]	[right, right, hover, hover]	[1257.3570, 175.7379, 168.2883, 101.2165]
16   	17852.98    	0.014   	0.9881  	[21.7, 21.7, 21.7, 27.1]	[right, right, hover, hover]	[1310.7359, 113.7606, 57.0104, 41.2857]
17   	17171.26    	0.013   	0.9881  	[21.7, 21.7, 21.7, 27.1]	[right, right, left, back]	[275.9195, 76.1467, 17.3063, 18.9954]
18   	16683.63    	0.013   	0.9881  	[21.7, 21.7, 21.7, 27.1]	[back, right, right, back]	[322.8107, 35.6079, 7.7369, 24.0793]
19   	16281.13    	0.012   	0.9888  	[21.7, 21.7, 21.7, 27.1]	[hover, back, up, back]	[193.1723, 14.6052, 3.4397, 40.7556]
20   	9041.64     	0.007   	0.9888  	[21.7, 21.7, 27.1, 27.1]	[hover, back, back, back]	[105.2400, 10.3425, 4.0113, 49.3761]
21   	8744.34     	0.007   	0.9888  	[21.7, 21.7, 27.1, 27.1]	[left, back, back, back]	[61.1460, 3.3054, 2.6657, 53.0999]
22   	8382.53     	0.007   	0.9891  	[21.7, 21.7, 27.1, 27.1]	[left, back, back, back]	[72.7549, 4.6684, 4.0996, 112.8008]
23   	8107.84     	0.006   	0.9906  	[21.7, 21.7, 27.1, 27.1]	[left, back, back, left]	[82.8007, 6.4452, 5.4073, 73.7073]
24   	7809.51     	0.006   	0.9922  	[21.7, 21.7, 27.1, 27.1]	[left, back, back, left]	[92.1674, 10.5950, 9.0319, 69.1103]
25   	7437.88     	0.005   	0.9938  	[21.7, 21.7, 27.1, 27.1]	[left, back, back, left]	[102.5862, 17.2448, 13.5669, 73.5628]
26   	6979.24     	0.005   	0.9953  	[21.7, 21.7, 27.1, 27.1]	[left, back, back, left]	[113.4802, 20.5278, 18.7365, 83.0803]
27   	6412.25     	0.004   	0.9969  	[21.7, 21.7, 27.1, 27.1]	[left, back, back, left]	[131.4561, 31.8561, 20.6694, 97.9116]
28   	5887.04     	0.003   	0.9984  	[21.7, 21.7, 27.1, 27.1]	[left, hover, left, left]	[172.3373, 16.1301, 14.3430, 128.5857]
29   	5212.43     	0.003   	1.0000  	[21.7, 21.7, 27.1, 27.1]	[hover, left, hover, hover]	[91.8851, 8.0085, 7.8142, 73.2868]
30   	5026.50     	0.003   	1.0000  	[21.7, 21.7, 27.1, 27.1]	[hover, right, hover, front]	[49.7533, 4.2706, 4.2636, 51.6437]
31   	4616.52     	0.002   	1.0000  	[21.7, 21.7, 27.1, 27.1]	[hover, left, left, front]	[29.3215, 1.8123, 2.3694, 69.2854]
32   	4411.15     	0.002   	1.0000  	[21.7, 21.7, 27.1, 27.1]	[hover, right, left, front]	[18.5617, 1.0593, 2.8829, 80.5347]
33   	4184.94     	0.002   	1.0000  	[21.7, 21.7, 27.1, 27.1]	[hover, down, left, front]	[10.4409, 0.8428, 3.3689, 88.9973]
34   	3966.03     	0.002   	1.0000  	[21.7, 16.2, 27.1, 27.1]	[hover, back, left, front]	[6.3943, 0.8090, 3.5517, 98.8454]
35   	3714.34     	0.001   	1.0000  	[21.7, 16.2, 27.1, 27.1]	[hover, right, left, front]	[4.0155, 0.3739, 5.4064, 111.0642]
36   	3532.96     	0.001   	1.0000  	[21.7, 16.2, 27.1, 27.1]	[hover, down, left, hover]	[2.4133, 0.4389, 8.3783, 76.4093]
37   	3397.10     	0.001   	1.0000  	[21.7, 10.8, 27.1, 27.1]	[hover, right, left, hover]	[1.3683, 0.4464, 5.9879, 49.8958]
38   	3290.74     	0.001   	1.0000  	[21.7, 10.8, 27.1, 27.1]	[hover, back, front, hover]	[0.6630, 0.1673, 4.4864, 32.2579]
39   	3196.24     	0.001   	1.0000  	[21.7, 10.8, 27.1, 27.1]	[hover, left, front, hover]	[0.5202, 0.3532, 7.8638, 20.4369]
40   	3112.00     	0.001   	1.0000  	[21.7, 10.8, 27.1, 27.1]	[hover, right, front, hover]	[0.4268, 0.1396, 10.8232, 12.5226]
41   	3042.17     	0.001   	1.0000  	[21.7, 10.8, 27.1, 27.1]	[hover, front, front, hover]	[0.3733, 0.3395, 11.3673, 7.0822]
42   	2968.65     	0.001   	1.0000  	[21.7, 10.8, 27.1, 27.1]	[front, back, front, hover]	[0.4700, 0.1132, 12.4240, 4.5155]
43   	2908.32     	0.001   	1.0000  	[21.7, 10.8, 27.1, 27.1]	[front, hover, front, front]	[0.6976, 0.0231, 13.2210, 2.7836]
44   	2852.41     	0.001   	1.0000  	[21.7, 10.8, 27.1, 27.1]	[front, left, front, hover]	[3.0991, 0.0042, 13.9381, 1.7870]
45   	2807.76     	0.001   	1.0000  	[21.7, 10.8, 27.1, 27.1]	[front, up, hover, hover]	[6.8317, 0.0009, 8.4330, 1.1502]
46   	2770.13     	0.000   	1.0000  	[21.7, 16.2, 27.1, 27.1]	[front, left, hover, hover]	[9.6857, 0.0786, 4.5658, 0.6951]
47   	2744.64     	0.000   	1.0000  	[21.7, 16.2, 27.1, 27.1]	[front, left, hover, hover]	[9.5574, 0.0265, 2.7379, 0.7254]
48   	2720.98     	0.000   	1.0000  	[21.7, 16.2, 27.1, 27.1]	[front, left, front, hover]	[10.0257, 0.0176, 1.6216, 0.4052]
49   	2704.63     	0.000   	1.0000  	[21.7, 16.2, 27.1, 27.1]	[front, left, down, right]	[9.2009, 0.4930, 1.1785, 0.1881]
50   	2690.19     	0.000   	1.0000  	[21.7, 16.2, 21.7, 27.1]	[front, left, left, right]	[8.2169, 1.7799, 1.0918, 0.3784]
51   	2680.06     	0.000   	1.0000  	[21.7, 16.2, 21.7, 27.1]	[hover, left, hover, right]	[4.2551, 3.6862, 0.3932, 0.5374]
52   	2672.26     	0.000   	1.0000  	[21.7, 16.2, 21.7, 27.1]	[hover, left, left, right]	[1.9404, 4.9388, 0.2443, 0.6713]
53   	2661.59     	0.000   	1.0000  	[21.7, 16.2, 21.7, 27.1]	[hover, left, back, right]	[0.7203, 9.2069, 0.0849, 0.6838]
54   	2648.85     	0.000   	1.0000  	[21.7, 16.2, 21.7, 27.1]	[hover, left, left, right]	[0.3889, 21.1713, 0.0375, 1.5142]
55   	2626.49     	0.000   	1.0000  	[21.7, 16.2, 21.7, 27.1]	[hover, left, down, front]	[0.2043, 46.0486, 0.0318, 0.9503]
56   	2573.21     	0.000   	1.0000  	[21.7, 16.2, 16.2, 27.1]	[hover, left, down, right]	[0.1320, 75.7182, 0.0672, 0.4955]
57   	1933.12     	0.000   	1.0000  	[21.7, 16.2, 10.8, 27.1]	[hover, front, back, down]	[0.1100, 49.9898, 0.0757, 0.3893]
58   	1918.40     	0.000   	1.0000  	[21.7, 16.2, 10.8, 21.7]	[front, hover, hover, front]	[0.0492, 18.9462, 0.0428, 0.1445]
59   	1911.75     	0.000   	1.0000  	[21.7, 16.2, 10.8, 21.7]	[hover, hover, up, front]	[0.0716, 10.3870, 0.0282, 0.0510]
60   	1903.81     	0.000   	1.0000  	[21.7, 16.2, 16.2, 21.7]	[hover, hover, down, down]	[0.0356, 7.7527, 0.0298, 0.0285]
61   	1900.04     	0.000   	1.0000  	[21.7, 16.2, 10.8, 16.2]	[down, hover, up, right]	[0.0180, 4.3446, 0.0047, 0.0606]
62   	1898.23     	0.000   	1.0000  	[16.2, 16.2, 16.2, 16.2]	[left, hover, back, hover]	[0.0091, 2.4529, 0.0118, 0.0177]
63   	1898.09     	0.000   	1.0000  	[16.2, 16.2, 16.2, 16.2]	[hover, hover, back, left]	[0.0021, 1.4155, 0.0389, 0.0054]
64   	1897.12     	0.000   	1.0000  	[16.2, 16.2, 16.2, 16.2]	[down, hover, back, right]	[0.0024, 1.1807, 0.0117, 0.0022]
65   	1896.51     	0.000   	1.0000  	[10.8, 16.2, 16.2, 16.2]	[up, left, back, right]	[0.0011, 0.7704, 0.0059, 0.0061]
66   	1895.64     	0.000   	1.0000  	[16.2, 16.2, 16.2, 16.2]	[front, hover, back, right]	[0.0004, 0.4545, 0.0025, 0.0020]
67   	1895.31     	0.000   	1.0000  	[16.2, 16.2, 16.2, 16.2]	[front, left, hover, right]	[0.0002, 0.2800, 0.0013, 0.0041]
68   	1895.28     	0.000   	1.0000  	[16.2, 16.2, 16.2, 16.2]	[down, hover, hover, hover]	[0.0001, 0.0421, 0.0102, 0.0024]
69   	1895.20     	0.000   	1.0000  	[10.8, 16.2, 16.2, 16.2]	[left, hover, down, hover]	[0.0005, 0.0281, 0.0301, 0.0029]
70   	1895.19     	0.000   	1.0000  	[10.8, 16.2, 10.8, 16.2]	[left, front, right, hover]	[0.0017, 0.0110, 0.0100, 0.0008]
71   	1895.06     	0.000   	1.0000  	[10.8, 16.2, 10.8, 16.2]	[left, back, front, hover]	[0.0002, 0.0024, 0.0072, 0.0004]
72   	1895.07     	0.000   	1.0000  	[10.8, 16.2, 10.8, 16.2]	[hover, up, right, hover]	[0.0011, 0.0008, 0.0042, 0.0001]
73   	1895.03     	0.000   	1.0000  	[10.8, 21.7, 10.8, 16.2]	[hover, right, left, hover]	[0.0002, 0.0006, 0.0008, 0.0000]
74   	1895.01     	0.000   	1.0000  	[10.8, 21.7, 10.8, 16.2]	[hover, right, hover, hover]	[0.0000, 0.0098, 0.0056, 0.0000]
75   	1895.18     	0.000   	1.0000  	[10.8, 21.7, 10.8, 16.2]	[hover, right, hover, hover]	[-0.0000, 0.1038, 0.0015, 0.0000]
76   	1895.52     	0.000   	1.0000  	[10.8, 21.7, 10.8, 16.2]	[hover, front, front, hover]	[-0.0000, 0.1476, 0.0903, 0.0000]
77   	1895.72     	0.000   	1.0000  	[10.8, 21.7, 10.8, 16.2]	[hover, hover, hover, hover]	[-0.0000, 0.1562, 0.3276, 0.0000]
78   	1895.28     	0.000   	1.0000  	[10.8, 21.7, 10.8, 16.2]	[hover, front, hover, down]	[-0.0000, 0.1444, 0.3663, -0.0000]
79   	1895.06     	0.000   	1.0000  	[10.8, 21.7, 10.8, 10.8]	[hover, front, hover, back]	[-0.0000, 0.1526, 0.1332, -0.0000]
80   	1894.83     	0.000   	1.0000  	[10.8, 21.7, 10.8, 10.8]	[hover, up, hover, back]	[-0.0000, 0.1015, 0.2529, -0.0000]
81   	1894.66     	0.000   	1.0000  	[10.8, 27.1, 10.8, 10.8]	[hover, front, hover, back]	[-0.0000, 0.1406, 0.1090, -0.0000]
82   	1894.79     	0.000   	1.0000  	[10.8, 27.1, 10.8, 10.8]	[hover, front, hover, back]	[-0.0000, 0.1756, 0.0327, -0.0000]
83   	1875.90     	0.000   	1.0000  	[10.8, 27.1, 10.8, 10.8]	[hover, front, hover, back]	[-0.0000, 0.1666, 0.0336, 0.0000]
84   	1875.98     	0.000   	1.0000  	[10.8, 27.1, 10.8, 10.8]	[hover, right, hover, back]	[-0.0000, 0.0541, 0.0482, 0.0000]
85   	1876.16     	0.000   	1.0000  	[10.8, 27.1, 10.8, 10.8]	[hover, down, hover, back]	[-0.0000, 0.1243, 0.0148, 0.0001]
86   	1876.00     	0.000   	1.0000  	[10.8, 21.7, 10.8, 10.8]	[hover, back, hover, back]	[-0.0000, 0.1485, 0.0042, 0.0113]
87   	1875.79     	0.000   	1.0000  	[10.8, 21.7, 10.8, 10.8]	[hover, hover, hover, back]	[-0.0000, 0.1244, 0.0015, 0.0463]
88   	1875.32     	0.000   	1.0000  	[10.8, 21.7, 10.8, 10.8]	[hover, hover, hover, back]	[-0.0000, 0.0730, 0.0003, 0.7822]
89   	1872.23     	0.000   	1.0000  	[10.8, 21.7, 10.8, 10.8]	[hover, front, hover, back]	[-0.0000, 0.0364, 0.0001, 3.8543]
90   	1867.27     	0.000   	1.0000  	[10.8, 21.7, 10.8, 10.8]	[hover, hover, hover, back]	[-0.0000, 0.0150, 0.0000, 5.3768]
91   	1855.27     	0.000   	1.0000  	[10.8, 21.7, 10.8, 10.8]	[hover, up, hover, back]	[-0.0000, 0.0069, -0.0000, 11.5874]
92   	1853.69     	0.000   	1.0000  	[10.8, 27.1, 10.8, 10.8]	[hover, right, hover, left]	[-0.0000, 0.0595, -0.0000, 1.9858]
93   	1852.87     	0.000   	1.0000  	[10.8, 27.1, 10.8, 10.8]	[hover, right, hover, left]	[-0.0000, 0.0762, 0.0000, 1.0888]
94   	1852.41     	0.000   	1.0000  	[10.8, 27.1, 10.8, 10.8]	[hover, right, hover, up]	[-0.0000, 0.0867, 0.0020, 0.3402]
95   	1852.17     	0.000   	1.0000  	[10.8, 27.1, 10.8, 16.2]	[hover, right, hover, down]	[-0.0000, 0.1157, 0.0021, 0.1351]
96   	1833.64     	0.000   	1.0000  	[10.8, 27.1, 10.8, 10.8]	[hover, right, hover, left]	[-0.0000, 0.1657, 0.0006, 0.0565]
97   	1833.66     	0.000   	1.0000  	[10.8, 27.1, 10.8, 10.8]	[hover, back, hover, left]	[-0.0000, 0.0005, 0.0003, 0.0013]
98   	1833.70     	0.000   	1.0000  	[10.8, 27.1, 10.8, 10.8]	[hover, right, hover, left]	[-0.0000, 0.0003, 0.0001, 0.0002]
99   	1833.66     	0.000   	1.0000  	[10.8, 27.1, 10.8, 10.8]	[hover, right, hover, left]	[-0.0000, 0.0085, 0.0001, 0.0000]
[2025-12-18T15:07:42]
Strategy: greedy_ig
Pairwise: adaptive
News mode: IG_BM
Num agents: 4
Iteration: 6
Error margin: None
Gaussian radius 5 
Grid info: range: 0-50-50, cell_size:0.125, map shape: (400, 400), center:True
init UAV positions: [(-25.0, -15.0, 5.4), (-15.0, 15.0, 5.4), (20.0, -10.0, 5.4), (0.0, 20.0, 5.4)]
mcts_params: {}
Step	Entropy	MSE	Coverage	Heights	Actions	IGs
------------------------------------------------------------------------------------------------------------------------
0    	160000.00   	0.250   	0.0000  	[5.4, 5.4, 5.4, 5.4]	[-, -, -, -]	[-, -, -, -]
1    	157818.84   	0.239   	0.0547  	[5.4, 5.4, 5.4, 5.4]	[up, up, up, up]	[1952.2791, 3904.5582, 3514.1024, 3514.1024]
2    	155638.58   	0.226   	0.2062  	[10.8, 10.8, 10.8, 10.8]	[up, up, up, up]	[2004.9236, 4293.6080, 3064.4020, 3063.9617]
3    	153510.61   	0.215   	0.4059  	[16.2, 16.2, 16.2, 16.2]	[right, back, left, back]	[2086.5771, 3097.3869, 2859.4150, 2650.6307]
4    	144091.07   	0.189   	0.4950  	[16.2, 16.2, 16.2, 16.2]	[right, back, up, up]	[2080.7117, 2419.8411, 2819.1013, 2139.7910]
5    	140706.42   	0.176   	0.6622  	[16.2, 16.2, 21.7, 21.7]	[right, back, left, back]	[2074.9279, 2088.2942, 2803.0800, 2079.1212]
6    	110504.42   	0.117   	0.7573  	[16.2, 16.2, 21.7, 21.7]	[right, back, left, right]	[2097.3347, 1662.8042, 2642.5846, 1981.0526]
7    	74683.97    	0.077   	0.8527  	[16.2, 16.2, 21.7, 21.7]	[right, right, left, right]	[2040.5892, 1247.5069, 2277.6095, 1934.6900]
8    	68618.64    	0.066   	0.9019  	[16.2, 16.2, 21.7, 21.7]	[right, right, back, right]	[1548.6287, 875.0083, 1671.4608, 1902.0837]
9    	64004.67    	0.058   	0.9513  	[16.2, 16.2, 21.7, 21.7]	[right, right, left, right]	[929.3197, 581.9862, 941.2255, 1892.5789]
10   	60530.40    	0.053   	0.9802  	[16.2, 16.2, 21.7, 21.7]	[up, right, left, back]	[502.6134, 331.8787, 442.8216, 1314.7484]
11   	57655.67    	0.049   	0.9820  	[21.7, 16.2, 21.7, 21.7]	[right, up, right, front]	[253.2128, 195.5235, 211.7925, 795.8415]
12   	44842.59    	0.036   	0.9820  	[21.7, 21.7, 21.7, 21.7]	[right, up, right, back]	[143.2657, 134.2473, 159.4694, 469.8986]
13   	42845.40    	0.034   	0.9820  	[21.7, 27.1, 21.7, 21.7]	[right, right, right, front]	[109.7636, 103.4606, 220.5729, 285.7727]
14   	40917.40    	0.032   	0.9852  	[21.7, 27.1, 21.7, 21.7]	[right, right, right, hover]	[125.9067, 94.8981, 235.4800, 143.5356]
15   	38222.56    	0.029   	0.9870  	[21.7, 27.1, 21.7, 21.7]	[right, right, hover, back]	[163.7038, 94.3320, 132.7828, 76.3178]
16   	36671.54    	0.028   	0.9870  	[21.7, 27.1, 21.7, 21.7]	[front, right, hover, front]	[131.7942, 94.0266, 62.6290, 44.4337]
17   	10768.89    	0.009   	0.9870  	[21.7, 27.1, 21.7, 21.7]	[front, front, front, up]	[273.7610, 76.7177, 35.1465, 22.2322]
18   	10448.50    	0.009   	0.9870  	[21.7, 27.1, 21.7, 27.1]	[back, front, back, left]	[27.9909, 70.9508, 25.4954, 14.7518]
19   	10320.84    	0.009   	0.9870  	[21.7, 27.1, 21.7, 27.1]	[back, front, hover, left]	[17.7499, 45.7957, 13.5540, 10.3567]
20   	10214.00    	0.009   	0.9870  	[21.7, 27.1, 21.7, 27.1]	[hover, left, up, left]	[7.4514, 28.0741, 7.2006, 33.1426]
21   	9928.53     	0.009   	0.9870  	[21.7, 27.1, 27.1, 27.1]	[up, left, front, left]	[4.3266, 36.7161, 8.2948, 93.6923]
22   	9692.74     	0.008   	0.9878  	[27.1, 27.1, 27.1, 27.1]	[left, left, front, left]	[4.3077, 65.4205, 6.0707, 145.4519]
23   	9380.03     	0.008   	0.9886  	[27.1, 27.1, 27.1, 27.1]	[front, left, front, left]	[5.2523, 92.5246, 5.8656, 199.5219]
24   	8961.93     	0.007   	0.9894  	[27.1, 27.1, 27.1, 27.1]	[left, left, front, left]	[5.3220, 120.8099, 6.7187, 331.3076]
25   	7982.41     	0.006   	0.9967  	[27.1, 27.1, 27.1, 27.1]	[left, left, front, back]	[10.7841, 166.5809, 7.3135, 302.9763]
26   	6268.92     	0.004   	0.9975  	[27.1, 27.1, 27.1, 27.1]	[left, left, front, hover]	[23.1777, 181.3122, 5.9599, 218.4228]
27   	5190.38     	0.003   	0.9975  	[27.1, 27.1, 27.1, 27.1]	[left, back, front, hover]	[41.2050, 147.9199, 9.2435, 150.0525]
28   	4737.67     	0.002   	0.9984  	[27.1, 27.1, 27.1, 27.1]	[left, hover, front, hover]	[57.3738, 97.9456, 8.6980, 98.3207]
29   	4334.73     	0.002   	0.9992  	[27.1, 27.1, 27.1, 27.1]	[left, hover, down, back]	[88.0835, 61.8898, 6.1283, 63.7753]
30   	4040.23     	0.002   	1.0000  	[27.1, 27.1, 21.7, 27.1]	[hover, front, front, front]	[58.5365, 39.0518, 6.9223, 40.9734]
31   	3799.98     	0.001   	1.0000  	[27.1, 27.1, 21.7, 27.1]	[hover, hover, hover, hover]	[40.1758, 25.1350, 3.8246, 25.8863]
32   	3632.86     	0.001   	1.0000  	[27.1, 27.1, 21.7, 27.1]	[hover, back, hover, back]	[28.5364, 16.6007, 1.6542, 16.4795]
33   	2958.45     	0.001   	1.0000  	[27.1, 27.1, 21.7, 27.1]	[hover, back, left, back]	[19.8453, 12.9135, 0.7591, 11.2414]
34   	2894.13     	0.001   	1.0000  	[27.1, 27.1, 21.7, 27.1]	[hover, back, right, back]	[12.9727, 9.4106, 0.6367, 7.4824]
35   	2843.49     	0.001   	1.0000  	[27.1, 27.1, 21.7, 27.1]	[hover, back, down, back]	[8.4455, 8.5203, 0.6814, 5.2739]
36   	2804.08     	0.001   	1.0000  	[27.1, 27.1, 16.2, 27.1]	[hover, back, right, back]	[5.8361, 7.4679, 0.7724, 3.6977]
37   	2772.70     	0.001   	1.0000  	[27.1, 27.1, 16.2, 27.1]	[hover, back, down, back]	[3.7891, 6.8169, 0.5461, 3.9995]
38   	2727.04     	0.001   	1.0000  	[27.1, 27.1, 10.8, 27.1]	[hover, back, right, back]	[2.8913, 18.2037, 0.2984, 14.5893]
39   	2702.94     	0.001   	1.0000  	[27.1, 27.1, 10.8, 27.1]	[hover, hover, front, hover]	[1.5547, 9.9790, 0.1698, 7.8661]
40   	2691.93     	0.001   	1.0000  	[27.1, 27.1, 10.8, 27.1]	[front, hover, up, hover]	[1.2439, 5.3031, 0.3301, 4.2245]
41   	2682.86     	0.001   	1.0000  	[27.1, 27.1, 16.2, 27.1]	[front, hover, down, hover]	[1.7487, 3.5010, 0.3601, 2.8329]
42   	2676.11     	0.001   	1.0000  	[27.1, 27.1, 10.8, 27.1]	[front, hover, right, hover]	[1.8948, 2.4389, 0.4147, 1.8773]
43   	2668.25     	0.001   	1.0000  	[27.1, 27.1, 10.8, 27.1]	[front, hover, back, hover]	[2.9548, 1.6321, 0.3088, 1.2130]
44   	2657.85     	0.001   	1.0000  	[27.1, 27.1, 10.8, 27.1]	[front, hover, back, hover]	[4.7930, 1.1475, 0.3599, 0.8058]
45   	2639.67     	0.001   	1.0000  	[27.1, 27.1, 10.8, 27.1]	[front, hover, back, hover]	[9.5695, 0.7442, 0.1419, 0.5016]
46   	2611.40     	0.000   	1.0000  	[27.1, 27.1, 10.8, 27.1]	[front, hover, hover, hover]	[19.7745, 0.5140, 0.0299, 0.3444]
47   	2591.84     	0.000   	1.0000  	[27.1, 27.1, 10.8, 27.1]	[hover, left, up, hover]	[13.8284, 0.3894, 0.0071, 0.2908]
48   	2578.97     	0.000   	1.0000  	[27.1, 27.1, 16.2, 27.1]	[hover, right, back, down]	[9.4244, 0.3312, 0.0042, 0.3287]
49   	2566.42     	0.000   	1.0000  	[27.1, 27.1, 16.2, 21.7]	[hover, left, hover, down]	[6.6379, 0.2045, 0.0075, 0.3040]
50   	2560.88     	0.000   	1.0000  	[27.1, 27.1, 16.2, 16.2]	[front, hover, hover, down]	[4.1699, 0.0898, 0.0020, 0.2229]
51   	2557.29     	0.000   	1.0000  	[27.1, 27.1, 16.2, 10.8]	[hover, down, hover, up]	[2.7719, 0.0642, 0.0051, 0.0404]
52   	2553.83     	0.000   	1.0000  	[27.1, 21.7, 16.2, 16.2]	[back, back, hover, down]	[1.9391, 0.0615, 0.0015, 0.0344]
53   	2552.91     	0.000   	1.0000  	[27.1, 21.7, 16.2, 10.8]	[front, down, hover, left]	[1.1587, 0.0987, 0.0003, 0.0168]
54   	2552.60     	0.000   	1.0000  	[27.1, 16.2, 16.2, 10.8]	[hover, back, front, left]	[0.7720, 0.0445, 0.0001, 0.0009]
55   	2552.32     	0.000   	1.0000  	[27.1, 16.2, 16.2, 10.8]	[hover, left, down, left]	[0.4240, 0.0350, 0.0004, 0.0256]
56   	2549.43     	0.000   	1.0000  	[27.1, 16.2, 10.8, 10.8]	[hover, down, front, front]	[0.2334, 0.0104, 0.0001, 0.0099]
57   	2549.11     	0.000   	1.0000  	[27.1, 10.8, 10.8, 10.8]	[hover, up, hover, hover]	[0.1611, 0.0021, 0.0000, 0.0004]
58   	2548.78     	0.000   	1.0000  	[27.1, 16.2, 10.8, 10.8]	[hover, left, hover, front]	[0.1658, 0.0018, -0.0000, 0.0002]
59   	2548.15     	0.000   	1.0000  	[27.1, 16.2, 10.8, 10.8]	[hover, back, hover, hover]	[0.0928, 0.0003, -0.0000, 0.0004]
60   	2547.66     	0.000   	1.0000  	[27.1, 16.2, 10.8, 10.8]	[hover, down, hover, front]	[0.0814, 0.0007, -0.0000, 0.0011]
61   	2547.48     	0.000   	1.0000  	[27.1, 10.8, 10.8, 10.8]	[hover, left, hover, front]	[0.0696, 0.0001, -0.0000, 0.0795]
62   	2546.54     	0.000   	1.0000  	[27.1, 10.8, 10.8, 10.8]	[front, front, back, front]	[0.0662, 0.0000, -0.0000, 0.4216]
63   	2546.56     	0.000   	1.0000  	[27.1, 10.8, 10.8, 10.8]	[front, back, back, front]	[0.0345, 0.0000, -0.0000, 0.0816]
64   	2546.44     	0.000   	1.0000  	[27.1, 10.8, 10.8, 10.8]	[hover, back, back, front]	[0.0303, 0.0000, 0.0000, 0.0869]
65   	2545.84     	0.000   	1.0000  	[27.1, 10.8, 10.8, 10.8]	[right, hover, back, front]	[0.0156, -0.0000, -0.0000, 0.6815]
66   	2545.38     	0.000   	1.0000  	[27.1, 10.8, 10.8, 10.8]	[right, hover, back, front]	[0.0416, -0.0000, 0.0000, 0.5031]
67   	2544.96     	0.000   	1.0000  	[27.1, 10.8, 10.8, 10.8]	[right, hover, back, front]	[0.0288, 0.0000, 0.0028, 1.8324]
68   	2544.97     	0.000   	1.0000  	[27.1, 10.8, 10.8, 10.8]	[right, hover, back, hover]	[0.2740, 0.0001, 1.1128, 1.0688]
69   	2542.56     	0.000   	1.0000  	[27.1, 10.8, 10.8, 10.8]	[right, hover, back, hover]	[1.0919, 0.0000, 1.3396, 0.9520]
70   	2536.02     	0.000   	1.0000  	[27.1, 10.8, 10.8, 10.8]	[right, hover, back, front]	[3.1844, -0.0000, 1.5983, 0.2568]
71   	2532.00     	0.000   	1.0000  	[27.1, 10.8, 10.8, 10.8]	[back, hover, back, hover]	[2.0626, -0.0000, 3.3214, 0.2731]
72   	2529.88     	0.000   	1.0000  	[27.1, 10.8, 10.8, 10.8]	[back, hover, left, hover]	[1.5565, -0.0000, 0.7247, 0.0758]
73   	2528.93     	0.000   	1.0000  	[27.1, 10.8, 10.8, 10.8]	[back, hover, hover, hover]	[1.1304, -0.0000, 0.2148, 0.0232]
74   	2528.12     	0.000   	1.0000  	[27.1, 10.8, 10.8, 10.8]	[right, hover, left, hover]	[0.9414, -0.0000, 0.3963, 0.0192]
75   	2528.03     	0.000   	1.0000  	[27.1, 10.8, 10.8, 10.8]	[down, hover, right, hover]	[1.3106, -0.0000, 0.2758, 0.0049]
76   	2526.94     	0.000   	1.0000  	[21.7, 10.8, 10.8, 10.8]	[front, hover, left, right]	[1.5630, -0.0000, 0.0737, 0.0072]
77   	2526.40     	0.000   	1.0000  	[21.7, 10.8, 10.8, 10.8]	[right, hover, up, hover]	[1.0191, -0.0000, 0.0187, 0.0027]
78   	2526.31     	0.000   	1.0000  	[21.7, 10.8, 16.2, 10.8]	[down, hover, left, hover]	[1.0433, -0.0000, 0.0089, 0.0095]
79   	2526.00     	0.000   	1.0000  	[16.2, 10.8, 16.2, 10.8]	[front, hover, left, hover]	[0.8473, -0.0000, 0.0838, 0.0177]
80   	2526.16     	0.000   	1.0000  	[16.2, 10.8, 16.2, 10.8]	[front, hover, left, left]	[0.5422, -0.0000, 0.1207, 0.0033]
81   	2524.83     	0.000   	1.0000  	[16.2, 10.8, 16.2, 10.8]	[hover, hover, left, left]	[0.4417, -0.0000, 0.8893, 0.0018]
82   	2519.85     	0.000   	1.0000  	[16.2, 10.8, 16.2, 10.8]	[hover, hover, left, hover]	[0.4340, -0.0000, 4.9388, 0.0005]
83   	1977.95     	0.000   	1.0000  	[16.2, 10.8, 16.2, 10.8]	[hover, hover, left, hover]	[0.3981, -0.0000, 21.6935, 0.0007]
84   	1978.12     	0.000   	1.0000  	[16.2, 10.8, 16.2, 10.8]	[hover, hover, up, hover]	[0.2898, -0.0000, 0.1381, 0.0001]
85   	1978.10     	0.000   	1.0000  	[16.2, 10.8, 21.7, 10.8]	[hover, hover, front, hover]	[0.2335, -0.0000, 0.3451, 0.0000]
86   	1977.81     	0.000   	1.0000  	[16.2, 10.8, 21.7, 10.8]	[hover, hover, front, hover]	[0.2938, -0.0000, 0.3466, 0.0000]
87   	1977.61     	0.000   	1.0000  	[16.2, 10.8, 21.7, 10.8]	[hover, hover, left, hover]	[0.2913, -0.0000, 0.2447, 0.0000]
88   	1977.61     	0.000   	1.0000  	[16.2, 10.8, 21.7, 10.8]	[front, hover, down, hover]	[0.2677, -0.0000, 0.3759, 0.0000]
89   	1977.20     	0.000   	1.0000  	[16.2, 10.8, 16.2, 10.8]	[hover, hover, left, hover]	[0.2440, -0.0000, 0.2839, -0.0000]
90   	1976.81     	0.000   	1.0000  	[16.2, 10.8, 16.2, 10.8]	[hover, hover, left, left]	[0.1837, -0.0000, 0.3161, -0.0000]
91   	1976.77     	0.000   	1.0000  	[16.2, 10.8, 16.2, 10.8]	[hover, hover, left, hover]	[0.1242, -0.0000, 0.2564, -0.0000]
92   	1976.40     	0.000   	1.0000  	[16.2, 10.8, 16.2, 10.8]	[hover, hover, up, hover]	[0.2526, -0.0000, 0.2154, -0.0000]
93   	1976.29     	0.000   	1.0000  	[16.2, 10.8, 21.7, 10.8]	[hover, hover, front, hover]	[0.2296, -0.0000, 0.1718, -0.0000]
94   	1976.45     	0.000   	1.0000  	[16.2, 10.8, 21.7, 10.8]	[hover, hover, front, hover]	[0.1772, -0.0000, 0.2751, -0.0000]
95   	1975.59     	0.000   	1.0000  	[16.2, 10.8, 21.7, 10.8]	[hover, hover, front, hover]	[0.1150, -0.0000, 0.7844, -0.0000]
96   	1972.59     	0.000   	1.0000  	[16.2, 10.8, 21.7, 10.8]	[hover, front, front, hover]	[0.0724, -0.0000, 1.7242, -0.0000]
97   	1852.37     	0.000   	1.0000  	[16.2, 10.8, 21.7, 10.8]	[left, front, front, hover]	[0.0419, -0.0000, 1.9237, -0.0000]
98   	1851.99     	0.000   	1.0000  	[16.2, 10.8, 21.7, 10.8]	[hover, front, front, hover]	[0.0229, 0.0000, 0.1115, -0.0000]
99   	1851.38     	0.000   	1.0000  	[16.2, 10.8, 21.7, 10.8]	[hover, front, front, hover]	[0.0115, -0.0000, 0.1116, -0.0000]
[2025-12-18T15:07:54]
Strategy: greedy_ig
Pairwise: adaptive
News mode: IG_BM
Num agents: 4
Iteration: 7
Error margin: None
Gaussian radius 5 
Grid info: range: 0-50-50, cell_size:0.125, map shape: (400, 400), center:True
init UAV positions: [(-25.0, -15.0, 5.4), (0.0, 15.0, 5.4), (0.0, -15.0, 5.4), (15.0, 15.0, 5.4)]
mcts_params: {}
Step	Entropy	MSE	Coverage	Heights	Actions	IGs
------------------------------------------------------------------------------------------------------------------------
0    	160000.00   	0.250   	0.0000  	[5.4, 5.4, 5.4, 5.4]	[-, -, -, -]	[-, -, -, -]
1    	155604.59   	0.230   	0.0547  	[5.4, 5.4, 5.4, 5.4]	[up, up, up, up]	[1952.2791, 3904.5582, 3904.5582, 3904.5582]
2    	151370.40   	0.209   	0.2188  	[10.8, 10.8, 10.8, 10.8]	[up, up, up, up]	[2004.9236, 3833.7413, 3925.1020, 3781.1036]
3    	147958.29   	0.193   	0.4641  	[16.2, 16.2, 16.2, 16.2]	[right, up, up, back]	[2117.9683, 2773.3547, 3275.5766, 2296.2733]
4    	130988.82   	0.156   	0.6477  	[16.2, 21.7, 21.7, 16.2]	[right, back, front, up]	[1864.0965, 2453.6758, 2954.3915, 1925.1661]
5    	105838.25   	0.120   	0.7188  	[16.2, 21.7, 21.7, 21.7]	[front, left, right, back]	[1453.9433, 2108.9857, 2255.7979, 1605.6637]
6    	81485.59    	0.088   	0.8070  	[16.2, 21.7, 21.7, 21.7]	[front, left, right, back]	[1383.4980, 2085.0516, 1934.2311, 1292.8425]
7    	79221.50    	0.080   	0.8844  	[16.2, 21.7, 21.7, 21.7]	[front, left, right, back]	[1201.0029, 2125.2191, 1812.8877, 1140.2038]
8    	77280.01    	0.073   	0.9437  	[16.2, 21.7, 21.7, 21.7]	[front, left, right, back]	[974.5858, 2090.8252, 1719.7073, 1084.9166]
9    	75951.46    	0.069   	0.9875  	[16.2, 21.7, 21.7, 21.7]	[front, front, back, back]	[726.3960, 1412.2996, 1123.4672, 940.9952]
10   	74928.37    	0.065   	0.9938  	[16.2, 21.7, 21.7, 21.7]	[front, hover, hover, back]	[556.3541, 938.2345, 672.8072, 806.5724]
11   	74173.21    	0.063   	0.9938  	[16.2, 21.7, 21.7, 21.7]	[front, hover, hover, back]	[417.5353, 595.1271, 358.1836, 594.5104]
12   	73725.56    	0.062   	0.9938  	[16.2, 21.7, 21.7, 21.7]	[front, hover, hover, back]	[334.7095, 364.5399, 160.8746, 356.7270]
13   	73457.24    	0.061   	0.9938  	[16.2, 21.7, 21.7, 21.7]	[front, hover, front, left]	[283.0418, 210.6281, 79.5150, 173.1401]
14   	73156.20    	0.061   	0.9938  	[16.2, 21.7, 21.7, 21.7]	[front, back, front, up]	[240.9170, 123.3655, 144.7186, 130.0209]
15   	72669.42    	0.060   	0.9938  	[16.2, 21.7, 21.7, 27.1]	[right, back, front, left]	[139.4313, 203.3564, 147.4196, 145.2446]
16   	58212.55    	0.042   	0.9938  	[16.2, 21.7, 21.7, 27.1]	[hover, back, left, left]	[67.3549, 210.2733, 167.8635, 208.8652]
17   	43594.27    	0.031   	0.9938  	[16.2, 21.7, 21.7, 27.1]	[right, back, left, left]	[39.2469, 116.4236, 65.3294, 413.1593]
18   	41453.51    	0.029   	0.9939  	[16.2, 21.7, 21.7, 27.1]	[up, back, left, left]	[34.8042, 54.7199, 75.7943, 546.9471]
19   	22583.36    	0.016   	0.9947  	[21.7, 21.7, 21.7, 27.1]	[right, back, left, left]	[52.9249, 36.0966, 91.3429, 690.2039]
20   	20387.35    	0.014   	0.9955  	[21.7, 21.7, 21.7, 27.1]	[right, back, up, left]	[57.1751, 36.6523, 40.6885, 748.3540]
21   	18586.53    	0.013   	0.9962  	[21.7, 21.7, 27.1, 27.1]	[right, back, back, left]	[116.9873, 66.5234, 44.6737, 678.8289]
22   	16904.58    	0.012   	0.9969  	[21.7, 21.7, 27.1, 27.1]	[right, back, back, down]	[366.7382, 147.3332, 42.7965, 559.8991]
23   	15292.60    	0.010   	0.9969  	[21.7, 21.7, 27.1, 21.7]	[right, hover, left, left]	[777.4723, 74.1489, 31.7104, 438.5460]
24   	13803.58    	0.009   	0.9977  	[21.7, 21.7, 27.1, 21.7]	[right, hover, left, hover]	[1113.8053, 33.3937, 20.3932, 195.3783]
25   	12213.69    	0.008   	0.9984  	[21.7, 21.7, 27.1, 21.7]	[right, hover, left, hover]	[1362.2536, 14.5690, 15.8433, 87.0681]
26   	10536.65    	0.006   	0.9992  	[21.7, 21.7, 27.1, 21.7]	[right, hover, hover, hover]	[1539.1945, 5.4167, 6.6544, 33.0495]
27   	9081.42     	0.005   	1.0000  	[21.7, 21.7, 27.1, 21.7]	[back, hover, hover, hover]	[1164.2099, 2.2858, 2.8790, 13.0111]
28   	8158.11     	0.004   	1.0000  	[21.7, 21.7, 27.1, 21.7]	[hover, hover, hover, front]	[693.2892, 1.4062, 1.4434, 6.5461]
29   	7668.28     	0.004   	1.0000  	[21.7, 21.7, 27.1, 21.7]	[hover, right, hover, up]	[374.6359, 0.9738, 0.9715, 5.1341]
30   	7331.94     	0.004   	1.0000  	[21.7, 21.7, 27.1, 27.1]	[back, hover, front, front]	[219.6880, 0.7787, 0.8034, 8.9507]
31   	7151.98     	0.004   	1.0000  	[21.7, 21.7, 27.1, 27.1]	[front, hover, front, front]	[112.5904, 0.6171, 1.9755, 9.8411]
32   	7035.55     	0.004   	1.0000  	[21.7, 21.7, 27.1, 27.1]	[back, right, front, front]	[63.1392, 0.3144, 2.3352, 10.2143]
33   	5250.66     	0.002   	1.0000  	[21.7, 21.7, 27.1, 27.1]	[hover, right, front, front]	[30.9705, 0.3868, 2.7406, 13.1217]
34   	5178.35     	0.002   	1.0000  	[21.7, 21.7, 27.1, 27.1]	[front, right, front, front]	[19.7368, 0.6600, 0.5895, 18.0686]
35   	3670.48     	0.001   	1.0000  	[21.7, 21.7, 27.1, 27.1]	[back, right, front, front]	[11.1163, 0.7328, 0.9148, 34.1178]
36   	3541.39     	0.001   	1.0000  	[21.7, 21.7, 27.1, 27.1]	[back, right, front, front]	[8.1301, 1.3805, 2.7475, 44.6040]
37   	1994.37     	0.000   	1.0000  	[21.7, 21.7, 27.1, 27.1]	[back, right, hover, right]	[7.5824, 2.9885, 1.4127, 41.9848]
38   	1985.65     	0.000   	1.0000  	[21.7, 21.7, 27.1, 27.1]	[hover, right, hover, down]	[1.2150, 7.7308, 0.8336, 0.9995]
39   	1980.01     	0.000   	1.0000  	[21.7, 21.7, 27.1, 21.7]	[hover, hover, hover, front]	[1.1089, 4.8065, 0.6133, 1.4021]
40   	1975.27     	0.000   	1.0000  	[21.7, 21.7, 27.1, 21.7]	[hover, hover, hover, hover]	[0.9992, 2.7894, 0.3767, 1.1195]
41   	1968.83     	0.000   	1.0000  	[21.7, 21.7, 27.1, 21.7]	[hover, hover, hover, right]	[0.6780, 1.9790, 0.2823, 0.9024]
42   	1967.16     	0.000   	1.0000  	[21.7, 21.7, 27.1, 21.7]	[hover, hover, hover, down]	[0.6372, 1.3508, 0.2249, 0.7389]
43   	1963.45     	0.000   	1.0000  	[21.7, 21.7, 27.1, 16.2]	[front, hover, hover, front]	[0.5512, 1.1412, 0.2814, 0.6596]
44   	1962.03     	0.000   	1.0000  	[21.7, 21.7, 27.1, 16.2]	[front, front, down, right]	[0.4850, 0.8071, 0.1799, 0.3293]
45   	1956.64     	0.000   	1.0000  	[21.7, 21.7, 21.7, 16.2]	[front, back, right, down]	[2.2633, 0.7883, 0.2106, 0.3900]
46   	1949.72     	0.000   	1.0000  	[21.7, 21.7, 21.7, 10.8]	[hover, front, down, back]	[0.9881, 0.7839, 0.1050, 0.2663]
47   	1946.93     	0.000   	1.0000  	[21.7, 21.7, 16.2, 10.8]	[front, back, right, right]	[0.4521, 0.6324, 0.0726, 0.3829]
48   	1944.96     	0.000   	1.0000  	[21.7, 21.7, 16.2, 10.8]	[down, down, right, right]	[0.2418, 0.6481, 0.0099, 0.0682]
49   	1941.72     	0.000   	1.0000  	[16.2, 16.2, 16.2, 10.8]	[right, right, down, up]	[0.3699, 0.7302, 0.0004, 0.0058]
50   	1941.31     	0.000   	1.0000  	[16.2, 16.2, 10.8, 16.2]	[down, back, right, up]	[0.2112, 0.3771, 0.0001, 0.0590]
51   	1940.18     	0.000   	1.0000  	[10.8, 16.2, 10.8, 21.7]	[up, back, hover, right]	[0.0947, 0.1663, 0.0022, 0.0325]
52   	1939.82     	0.000   	1.0000  	[16.2, 16.2, 10.8, 21.7]	[down, back, hover, right]	[0.1873, 0.1190, 0.0003, 0.0855]
53   	1939.59     	0.000   	1.0000  	[10.8, 16.2, 10.8, 21.7]	[right, right, hover, right]	[0.2897, 0.0531, 0.0002, 0.1656]
54   	1938.73     	0.000   	1.0000  	[10.8, 16.2, 10.8, 21.7]	[front, hover, right, right]	[0.0952, 0.0214, 0.0000, 0.1458]
55   	1938.14     	0.000   	1.0000  	[10.8, 16.2, 10.8, 21.7]	[right, hover, right, right]	[0.0155, 0.0401, 0.0000, 0.0227]
56   	1937.89     	0.000   	1.0000  	[10.8, 16.2, 10.8, 21.7]	[hover, hover, up, back]	[0.0017, 0.0162, 0.0004, 0.0027]
57   	1937.95     	0.000   	1.0000  	[10.8, 16.2, 16.2, 21.7]	[back, hover, up, back]	[0.0004, 0.0115, 0.0077, 0.0264]
58   	1937.78     	0.000   	1.0000  	[10.8, 16.2, 21.7, 21.7]	[front, down, right, back]	[0.0000, 0.0255, 0.0956, 0.1992]
59   	1884.73     	0.000   	1.0000  	[10.8, 10.8, 21.7, 21.7]	[right, front, back, back]	[-0.0000, 0.0154, 0.0421, 0.3286]
60   	1838.65     	0.000   	1.0000  	[10.8, 10.8, 21.7, 21.7]	[front, right, back, down]	[-0.0000, 0.0451, 0.0483, 0.0001]
61   	1838.63     	0.000   	1.0000  	[10.8, 10.8, 21.7, 16.2]	[hover, front, right, right]	[-0.0000, 0.0084, 0.0017, 0.0000]
62   	1838.63     	0.000   	1.0000  	[10.8, 10.8, 21.7, 16.2]	[hover, hover, down, down]	[-0.0000, 0.0017, 0.0028, 0.0001]
63   	1838.63     	0.000   	1.0000  	[10.8, 10.8, 16.2, 10.8]	[hover, back, front, right]	[-0.0000, 0.0003, 0.0001, -0.0000]
64   	1838.63     	0.000   	1.0000  	[10.8, 10.8, 16.2, 10.8]	[hover, hover, right, back]	[-0.0000, 0.0000, 0.0005, -0.0000]
65   	1838.63     	0.000   	1.0000  	[10.8, 10.8, 16.2, 10.8]	[hover, right, down, hover]	[-0.0000, 0.0000, 0.0003, -0.0000]
66   	1838.63     	0.000   	1.0000  	[10.8, 10.8, 10.8, 10.8]	[hover, hover, right, back]	[-0.0000, -0.0000, -0.0000, -0.0000]
67   	1838.63     	0.000   	1.0000  	[10.8, 10.8, 10.8, 10.8]	[hover, back, right, back]	[-0.0000, -0.0000, -0.0000, -0.0000]
68   	1838.63     	0.000   	1.0000  	[10.8, 10.8, 10.8, 10.8]	[hover, hover, back, back]	[-0.0000, -0.0000, -0.0000, -0.0000]
69   	1838.63     	0.000   	1.0000  	[10.8, 10.8, 10.8, 10.8]	[hover, hover, back, back]	[-0.0000, -0.0000, -0.0000, -0.0000]
70   	1838.63     	0.000   	1.0000  	[10.8, 10.8, 10.8, 10.8]	[hover, hover, back, back]	[-0.0000, -0.0000, -0.0000, -0.0000]
71   	1838.63     	0.000   	1.0000  	[10.8, 10.8, 10.8, 10.8]	[hover, hover, front, back]	[-0.0000, -0.0000, -0.0000, -0.0000]
72   	1838.63     	0.000   	1.0000  	[10.8, 10.8, 10.8, 10.8]	[hover, hover, back, back]	[-0.0000, -0.0000, -0.0000, -0.0000]
73   	1838.63     	0.000   	1.0000  	[10.8, 10.8, 10.8, 10.8]	[hover, hover, front, hover]	[-0.0000, -0.0000, -0.0000, -0.0000]
74   	1838.63     	0.000   	1.0000  	[10.8, 10.8, 10.8, 10.8]	[hover, hover, front, hover]	[-0.0000, -0.0000, -0.0000, -0.0000]
75   	1838.63     	0.000   	1.0000  	[10.8, 10.8, 10.8, 10.8]	[hover, hover, front, hover]	[-0.0000, -0.0000, -0.0000, -0.0000]
76   	1838.63     	0.000   	1.0000  	[10.8, 10.8, 10.8, 10.8]	[hover, hover, front, hover]	[-0.0000, -0.0000, -0.0000, -0.0000]
77   	1838.63     	0.000   	1.0000  	[10.8, 10.8, 10.8, 10.8]	[hover, hover, hover, hover]	[-0.0000, -0.0000, -0.0000, -0.0000]
78   	1838.63     	0.000   	1.0000  	[10.8, 10.8, 10.8, 10.8]	[hover, hover, hover, hover]	[-0.0000, -0.0000, -0.0000, -0.0000]
79   	1838.63     	0.000   	1.0000  	[10.8, 10.8, 10.8, 10.8]	[hover, hover, hover, hover]	[-0.0000, -0.0000, -0.0000, -0.0000]
80   	1838.63     	0.000   	1.0000  	[10.8, 10.8, 10.8, 10.8]	[hover, hover, hover, hover]	[-0.0000, -0.0000, -0.0000, -0.0000]
81   	1838.63     	0.000   	1.0000  	[10.8, 10.8, 10.8, 10.8]	[hover, hover, hover, hover]	[-0.0000, -0.0000, -0.0000, -0.0000]
82   	1838.63     	0.000   	1.0000  	[10.8, 10.8, 10.8, 10.8]	[hover, hover, hover, hover]	[-0.0000, -0.0000, -0.0000, -0.0000]
83   	1838.63     	0.000   	1.0000  	[10.8, 10.8, 10.8, 10.8]	[hover, hover, back, hover]	[-0.0000, -0.0000, -0.0000, -0.0000]
84   	1838.63     	0.000   	1.0000  	[10.8, 10.8, 10.8, 10.8]	[hover, hover, back, hover]	[-0.0000, -0.0000, -0.0000, -0.0000]
85   	1838.63     	0.000   	1.0000  	[10.8, 10.8, 10.8, 10.8]	[hover, hover, back, hover]	[-0.0000, -0.0000, -0.0000, -0.0000]
86   	1838.63     	0.000   	1.0000  	[10.8, 10.8, 10.8, 10.8]	[hover, hover, front, hover]	[-0.0000, -0.0000, -0.0000, -0.0000]
87   	1838.63     	0.000   	1.0000  	[10.8, 10.8, 10.8, 10.8]	[hover, hover, back, hover]	[-0.0000, -0.0000, -0.0000, -0.0000]
88   	1838.63     	0.000   	1.0000  	[10.8, 10.8, 10.8, 10.8]	[hover, hover, front, hover]	[-0.0000, -0.0000, -0.0000, -0.0000]
89   	1838.63     	0.000   	1.0000  	[10.8, 10.8, 10.8, 10.8]	[hover, hover, back, hover]	[-0.0000, -0.0000, -0.0000, -0.0000]
90   	1838.63     	0.000   	1.0000  	[10.8, 10.8, 10.8, 10.8]	[hover, hover, front, hover]	[-0.0000, -0.0000, -0.0000, -0.0000]
91   	1838.63     	0.000   	1.0000  	[10.8, 10.8, 10.8, 10.8]	[hover, hover, back, hover]	[-0.0000, -0.0000, -0.0000, -0.0000]
92   	1838.63     	0.000   	1.0000  	[10.8, 10.8, 10.8, 10.8]	[hover, hover, front, hover]	[-0.0000, -0.0000, -0.0000, -0.0000]
93   	1838.63     	0.000   	1.0000  	[10.8, 10.8, 10.8, 10.8]	[hover, hover, back, hover]	[-0.0000, -0.0000, -0.0000, -0.0000]
94   	1838.63     	0.000   	1.0000  	[10.8, 10.8, 10.8, 10.8]	[hover, hover, front, hover]	[-0.0000, -0.0000, -0.0000, -0.0000]
95   	1838.63     	0.000   	1.0000  	[10.8, 10.8, 10.8, 10.8]	[hover, hover, back, hover]	[-0.0000, -0.0000, -0.0000, -0.0000]
96   	1838.63     	0.000   	1.0000  	[10.8, 10.8, 10.8, 10.8]	[hover, hover, front, hover]	[-0.0000, -0.0000, -0.0000, -0.0000]
97   	1838.63     	0.000   	1.0000  	[10.8, 10.8, 10.8, 10.8]	[hover, hover, back, hover]	[-0.0000, -0.0000, -0.0000, -0.0000]
98   	1838.63     	0.000   	1.0000  	[10.8, 10.8, 10.8, 10.8]	[hover, hover, front, hover]	[-0.0000, -0.0000, -0.0000, -0.0000]
99   	1838.63     	0.000   	1.0000  	[10.8, 10.8, 10.8, 10.8]	[hover, hover, back, hover]	[-0.0000, -0.0000, -0.0000, -0.0000]
[2025-12-18T15:08:05]
Strategy: greedy_ig
Pairwise: adaptive
News mode: IG_BM
Num agents: 4
Iteration: 8
Error margin: None
Gaussian radius 5 
Grid info: range: 0-50-50, cell_size:0.125, map shape: (400, 400), center:True
init UAV positions: [(-5.0, -5.0, 5.4), (-5.0, 25.0, 5.4), (20.0, -10.0, 5.4), (5.0, 25.0, 5.4)]
mcts_params: {}
Step	Entropy	MSE	Coverage	Heights	Actions	IGs
------------------------------------------------------------------------------------------------------------------------
0    	160000.00   	0.250   	0.0000  	[5.4, 5.4, 5.4, 5.4]	[-, -, -, -]	[-, -, -, -]
1    	158613.02   	0.241   	0.0469  	[5.4, 5.4, 5.4, 5.4]	[up, up, up, up]	[3904.5582, 1952.2791, 3514.1024, 1952.2791]
2    	157321.96   	0.233   	0.1750  	[10.8, 10.8, 10.8, 10.8]	[up, up, up, up]	[3915.8045, 1970.7189, 3064.4020, 2014.5499]
3    	150752.67   	0.207   	0.3563  	[16.2, 16.2, 16.2, 16.2]	[up, back, left, back]	[3890.0926, 2237.2771, 2946.8112, 2225.7157]
4    	137463.28   	0.175   	0.5250  	[21.7, 16.2, 16.2, 16.2]	[up, back, up, back]	[3236.5128, 2266.0982, 2750.3947, 2085.2394]
5    	132054.97   	0.159   	0.7063  	[27.1, 16.2, 21.7, 16.2]	[left, back, left, up]	[2776.4760, 1990.4231, 2231.6127, 1948.8930]
6    	127343.86   	0.145   	0.7758  	[27.1, 16.2, 21.7, 21.7]	[back, left, back, back]	[2301.5636, 1748.1209, 1685.3072, 1932.0462]
7    	122724.36   	0.134   	0.8573  	[27.1, 16.2, 21.7, 21.7]	[left, left, left, back]	[1879.7927, 1937.6634, 1273.5236, 2014.4354]
8    	97047.17    	0.097   	0.8942  	[27.1, 16.2, 21.7, 21.7]	[back, left, left, back]	[1489.0427, 2248.9975, 932.5817, 2059.2613]
9    	93466.02    	0.090   	0.9237  	[27.1, 16.2, 21.7, 21.7]	[down, left, left, right]	[1344.7286, 1813.6002, 673.4564, 1427.8539]
10   	86188.52    	0.076   	0.9567  	[21.7, 16.2, 21.7, 21.7]	[left, back, left, right]	[993.9113, 1396.8454, 475.6705, 1449.9664]
11   	84456.86    	0.072   	0.9809  	[21.7, 16.2, 21.7, 21.7]	[back, back, left, right]	[743.0286, 882.6052, 397.1949, 1182.2779]
12   	58339.85    	0.049   	0.9906  	[21.7, 16.2, 21.7, 21.7]	[hover, back, left, front]	[444.4338, 497.1912, 349.8253, 992.6707]
13   	57401.73    	0.046   	1.0000  	[21.7, 16.2, 21.7, 21.7]	[hover, back, left, hover]	[257.4116, 267.7767, 310.3238, 618.0738]
14   	56811.44    	0.045   	1.0000  	[21.7, 16.2, 21.7, 21.7]	[hover, back, left, hover]	[130.3615, 148.0478, 265.1867, 360.8855]
15   	56416.97    	0.045   	1.0000  	[21.7, 16.2, 21.7, 21.7]	[hover, up, left, hover]	[64.8347, 88.2678, 169.0729, 190.4443]
16   	56103.61    	0.044   	1.0000  	[21.7, 21.7, 21.7, 21.7]	[right, right, front, left]	[30.4491, 63.7438, 76.0881, 93.4886]
17   	55728.43    	0.044   	1.0000  	[21.7, 21.7, 21.7, 21.7]	[right, right, front, up]	[27.9641, 61.5435, 45.8442, 91.4996]
18   	37323.66    	0.027   	1.0000  	[21.7, 21.7, 21.7, 27.1]	[right, right, front, left]	[49.7704, 67.8896, 24.8415, 117.8334]
19   	25637.90    	0.018   	1.0000  	[21.7, 21.7, 21.7, 27.1]	[right, front, right, back]	[87.3020, 13.5416, 17.8764, 61.0139]
20   	25143.08    	0.017   	1.0000  	[21.7, 21.7, 21.7, 27.1]	[right, front, front, right]	[116.0621, 17.6241, 9.2815, 23.5775]
21   	6259.62     	0.004   	1.0000  	[21.7, 21.7, 21.7, 27.1]	[up, up, front, back]	[138.7185, 39.3274, 9.0994, 19.1987]
22   	5899.45     	0.004   	1.0000  	[27.1, 27.1, 21.7, 27.1]	[right, front, front, back]	[95.6369, 78.4363, 18.0089, 9.7855]
23   	5513.08     	0.003   	1.0000  	[27.1, 27.1, 21.7, 27.1]	[right, left, front, back]	[125.7413, 79.0329, 40.1658, 9.0906]
24   	5249.04     	0.003   	1.0000  	[27.1, 27.1, 21.7, 27.1]	[right, hover, front, back]	[136.0756, 54.0152, 86.7808, 11.9710]
25   	5032.35     	0.003   	1.0000  	[27.1, 27.1, 21.7, 27.1]	[down, hover, left, back]	[109.5197, 32.8594, 80.8834, 30.5842]
26   	4851.96     	0.002   	1.0000  	[21.7, 27.1, 21.7, 27.1]	[right, hover, front, back]	[114.9969, 18.4380, 58.3653, 69.8731]
27   	4760.69     	0.002   	1.0000  	[21.7, 27.1, 21.7, 27.1]	[hover, hover, hover, hover]	[56.7805, 11.0044, 39.1929, 39.0671]
28   	4718.93     	0.002   	1.0000  	[21.7, 27.1, 21.7, 27.1]	[hover, hover, hover, hover]	[27.8642, 6.4487, 23.8032, 21.7988]
29   	4697.04     	0.002   	1.0000  	[21.7, 27.1, 21.7, 27.1]	[hover, hover, hover, hover]	[12.3335, 3.9661, 15.3314, 10.8591]
30   	4686.38     	0.002   	1.0000  	[21.7, 27.1, 21.7, 27.1]	[hover, hover, hover, hover]	[6.3901, 2.0274, 8.8738, 5.7244]
31   	4679.74     	0.002   	1.0000  	[21.7, 27.1, 21.7, 27.1]	[front, hover, hover, hover]	[3.6058, 1.2787, 5.5473, 3.1097]
32   	4676.55     	0.002   	1.0000  	[21.7, 27.1, 21.7, 27.1]	[back, hover, hover, hover]	[1.9951, 0.8954, 3.3237, 1.7014]
33   	4674.22     	0.002   	1.0000  	[21.7, 27.1, 21.7, 27.1]	[front, right, hover, hover]	[1.4656, 0.6822, 1.8512, 0.9937]
34   	3888.12     	0.001   	1.0000  	[21.7, 27.1, 21.7, 27.1]	[back, right, hover, hover]	[0.8242, 0.7364, 1.2732, 0.6513]
35   	3884.32     	0.001   	1.0000  	[21.7, 27.1, 21.7, 27.1]	[hover, right, hover, down]	[0.6294, 0.5197, 0.8249, 0.5933]
36   	3874.85     	0.001   	1.0000  	[21.7, 27.1, 21.7, 21.7]	[down, right, hover, back]	[0.8715, 1.2610, 0.5937, 0.6807]
37   	3859.88     	0.001   	1.0000  	[16.2, 27.1, 21.7, 21.7]	[right, right, hover, right]	[0.6554, 2.5678, 0.3231, 0.4408]
38   	3853.95     	0.001   	1.0000  	[16.2, 27.1, 21.7, 21.7]	[down, right, left, down]	[0.3752, 3.5854, 0.2450, 0.4136]
39   	3840.63     	0.001   	1.0000  	[10.8, 27.1, 21.7, 16.2]	[right, right, down, back]	[0.4804, 9.7540, 0.2489, 0.2680]
40   	3833.79     	0.001   	1.0000  	[10.8, 27.1, 16.2, 16.2]	[back, right, front, right]	[0.0824, 6.1239, 0.2956, 0.0689]
41   	3831.68     	0.001   	1.0000  	[10.8, 27.1, 16.2, 16.2]	[back, down, left, back]	[0.0520, 5.1535, 0.2006, 0.0133]
42   	3829.08     	0.001   	1.0000  	[10.8, 21.7, 16.2, 16.2]	[hover, front, down, back]	[0.0067, 5.1806, 0.1025, 0.0058]
43   	3828.23     	0.001   	1.0000  	[10.8, 21.7, 10.8, 16.2]	[hover, hover, hover, down]	[0.0405, 2.8943, 0.0320, 0.0090]
44   	3827.41     	0.001   	1.0000  	[10.8, 21.7, 10.8, 10.8]	[hover, hover, front, hover]	[0.0393, 1.7807, 0.0161, 0.0064]
45   	3826.83     	0.001   	1.0000  	[10.8, 21.7, 10.8, 10.8]	[right, down, hover, up]	[0.0014, 1.1817, 0.0304, 0.0007]
46   	3827.10     	0.001   	1.0000  	[10.8, 16.2, 10.8, 16.2]	[hover, right, up, hover]	[0.0020, 1.3489, 0.0052, 0.0003]
47   	3826.84     	0.001   	1.0000  	[10.8, 16.2, 16.2, 16.2]	[hover, front, back, hover]	[0.0034, 0.9182, 0.0013, 0.0004]
48   	3826.66     	0.001   	1.0000  	[10.8, 16.2, 16.2, 16.2]	[hover, down, back, hover]	[0.0034, 0.4734, 0.0065, 0.0005]
49   	3826.49     	0.001   	1.0000  	[10.8, 10.8, 16.2, 16.2]	[hover, right, back, left]	[0.0002, 0.4654, 0.0249, 0.0001]
50   	3826.20     	0.001   	1.0000  	[10.8, 10.8, 16.2, 16.2]	[hover, front, back, left]	[0.0002, 0.6279, 0.0952, 0.0016]
51   	3826.21     	0.001   	1.0000  	[10.8, 10.8, 16.2, 16.2]	[hover, hover, back, left]	[0.0000, 0.2636, 0.0605, 0.0966]
52   	3826.25     	0.001   	1.0000  	[10.8, 10.8, 16.2, 16.2]	[hover, hover, back, left]	[-0.0000, 0.4018, 0.1493, 0.0298]
53   	3825.70     	0.001   	1.0000  	[10.8, 10.8, 16.2, 16.2]	[back, back, back, front]	[-0.0000, 0.2165, 1.2049, 0.0369]
54   	3825.12     	0.001   	1.0000  	[10.8, 10.8, 16.2, 16.2]	[hover, back, back, down]	[-0.0000, 0.3911, 1.8298, 0.0134]
55   	3824.23     	0.001   	1.0000  	[10.8, 10.8, 16.2, 10.8]	[hover, right, back, up]	[-0.0000, 0.2050, 2.4917, 0.0053]
56   	3084.49     	0.001   	1.0000  	[10.8, 10.8, 16.2, 16.2]	[hover, back, back, left]	[-0.0000, 0.0489, 3.4541, 0.0031]
57   	3079.42     	0.001   	1.0000  	[10.8, 10.8, 16.2, 16.2]	[hover, hover, back, left]	[-0.0000, 0.0093, 7.0048, 0.0135]
58   	3063.71     	0.001   	1.0000  	[10.8, 10.8, 16.2, 16.2]	[hover, hover, back, up]	[-0.0000, 0.0017, 25.9349, 0.1447]
59   	3058.23     	0.001   	1.0000  	[10.8, 10.8, 16.2, 21.7]	[hover, hover, right, left]	[-0.0000, 0.0091, 12.0677, 0.2513]
60   	3055.23     	0.001   	1.0000  	[10.8, 10.8, 16.2, 21.7]	[hover, hover, hover, left]	[-0.0000, 0.0017, 6.4380, 0.4825]
61   	3052.29     	0.001   	1.0000  	[10.8, 10.8, 16.2, 21.7]	[hover, hover, hover, left]	[-0.0000, 0.0003, 3.2662, 1.4572]
62   	3051.57     	0.001   	1.0000  	[10.8, 10.8, 16.2, 21.7]	[hover, hover, hover, left]	[-0.0000, 0.0000, 1.0391, 1.1063]
63   	3051.20     	0.001   	1.0000  	[10.8, 10.8, 16.2, 21.7]	[hover, back, hover, front]	[-0.0000, 0.0000, 0.3731, 0.5751]
64   	3050.97     	0.001   	1.0000  	[10.8, 10.8, 16.2, 21.7]	[hover, back, hover, down]	[-0.0000, 0.0226, 0.3064, 0.4784]
65   	2134.85     	0.000   	1.0000  	[10.8, 10.8, 16.2, 16.2]	[hover, back, hover, left]	[-0.0000, 0.0218, 0.0971, 0.3765]
66   	2134.76     	0.000   	1.0000  	[10.8, 10.8, 16.2, 16.2]	[hover, back, up, left]	[-0.0000, 0.0039, 0.0028, 0.0560]
67   	2135.09     	0.000   	1.0000  	[10.8, 10.8, 21.7, 16.2]	[hover, hover, right, front]	[-0.0000, 0.0013, 0.0020, 0.0145]
68   	2135.28     	0.000   	1.0000  	[10.8, 10.8, 21.7, 16.2]	[hover, hover, right, front]	[-0.0000, 0.0008, 0.0222, 0.1857]
69   	2135.08     	0.000   	1.0000  	[10.8, 10.8, 21.7, 16.2]	[hover, hover, right, front]	[-0.0000, 0.0001, 0.0251, 0.2652]
70   	2135.14     	0.000   	1.0000  	[10.8, 10.8, 21.7, 16.2]	[hover, hover, right, hover]	[-0.0000, 0.0002, 0.0211, 0.2012]
71   	2135.42     	0.000   	1.0000  	[10.8, 10.8, 21.7, 16.2]	[hover, hover, down, hover]	[-0.0000, 0.0000, 0.0353, 0.2332]
72   	2135.31     	0.000   	1.0000  	[10.8, 10.8, 16.2, 16.2]	[hover, hover, front, hover]	[-0.0000, -0.0000, 0.0253, 0.1671]
73   	2135.25     	0.000   	1.0000  	[10.8, 10.8, 16.2, 16.2]	[hover, back, down, hover]	[-0.0000, -0.0000, 0.0161, 0.2321]
74   	2135.03     	0.000   	1.0000  	[10.8, 10.8, 10.8, 16.2]	[hover, back, up, hover]	[-0.0000, 0.0000, 0.0032, 0.2441]
75   	2134.96     	0.000   	1.0000  	[10.8, 10.8, 16.2, 16.2]	[hover, back, down, front]	[-0.0000, -0.0000, 0.0035, 0.2074]
76   	2134.90     	0.000   	1.0000  	[10.8, 10.8, 10.8, 16.2]	[hover, up, right, front]	[-0.0000, 0.0001, 0.0008, 0.1764]
77   	1856.67     	0.000   	1.0000  	[10.8, 16.2, 10.8, 16.2]	[left, left, right, hover]	[-0.0000, 0.0346, 0.0001, 0.1389]
78   	1856.53     	0.000   	1.0000  	[10.8, 16.2, 10.8, 16.2]	[hover, left, right, hover]	[-0.0000, 0.0658, 0.0000, 0.1031]
79   	1856.52     	0.000   	1.0000  	[10.8, 16.2, 10.8, 16.2]	[right, back, left, hover]	[-0.0000, 0.0064, 0.0005, 0.0778]
80   	1856.49     	0.000   	1.0000  	[10.8, 16.2, 10.8, 16.2]	[hover, back, right, hover]	[-0.0000, 0.0121, 0.0003, 0.0566]
81   	1856.47     	0.000   	1.0000  	[10.8, 16.2, 10.8, 16.2]	[hover, back, hover, hover]	[-0.0000, 0.0074, 0.0002, 0.0404]
82   	1856.46     	0.000   	1.0000  	[10.8, 16.2, 10.8, 16.2]	[hover, down, left, hover]	[-0.0000, 0.0013, 0.0037, 0.0277]
83   	1856.65     	0.000   	1.0000  	[10.8, 10.8, 10.8, 16.2]	[hover, left, front, hover]	[-0.0000, 0.0005, 0.0024, 0.0205]
84   	1856.59     	0.000   	1.0000  	[10.8, 10.8, 10.8, 16.2]	[hover, left, hover, hover]	[-0.0000, 0.0002, 0.0415, 0.1367]
85   	1856.55     	0.000   	1.0000  	[10.8, 10.8, 10.8, 16.2]	[hover, left, hover, hover]	[-0.0000, 0.0000, 0.0251, 0.1079]
86   	1856.48     	0.000   	1.0000  	[10.8, 10.8, 10.8, 16.2]	[hover, left, hover, hover]	[-0.0000, 0.0239, 0.0149, 0.0816]
87   	1856.46     	0.000   	1.0000  	[10.8, 10.8, 10.8, 16.2]	[hover, left, hover, hover]	[-0.0000, 0.0024, 0.0089, 0.0558]
88   	1856.48     	0.000   	1.0000  	[10.8, 10.8, 10.8, 16.2]	[hover, left, hover, hover]	[-0.0000, 0.0114, 0.0052, 0.0428]
89   	1856.44     	0.000   	1.0000  	[10.8, 10.8, 10.8, 16.2]	[hover, back, hover, back]	[-0.0000, 0.0309, 0.0030, 0.0313]
90   	1826.54     	0.000   	1.0000  	[10.8, 10.8, 10.8, 16.2]	[hover, left, right, back]	[-0.0000, 0.0043, 0.0017, 0.0223]
91   	1826.66     	0.000   	1.0000  	[10.8, 10.8, 10.8, 16.2]	[hover, left, back, back]	[-0.0000, -0.0000, 0.0007, 0.0151]
92   	1826.61     	0.000   	1.0000  	[10.8, 10.8, 10.8, 16.2]	[hover, left, left, back]	[-0.0000, -0.0000, 0.0004, 0.1048]
93   	1826.56     	0.000   	1.0000  	[10.8, 10.8, 10.8, 16.2]	[hover, hover, front, back]	[-0.0000, -0.0000, 0.0002, 0.0732]
94   	1826.54     	0.000   	1.0000  	[10.8, 10.8, 10.8, 16.2]	[hover, hover, right, hover]	[-0.0000, -0.0000, 0.0001, 0.0311]
95   	1826.53     	0.000   	1.0000  	[10.8, 10.8, 10.8, 16.2]	[hover, left, right, hover]	[-0.0000, -0.0000, 0.0024, 0.0120]
96   	1826.52     	0.000   	1.0000  	[10.8, 10.8, 10.8, 16.2]	[hover, left, hover, hover]	[-0.0000, -0.0000, 0.0007, 0.0044]
97   	1826.53     	0.000   	1.0000  	[10.8, 10.8, 10.8, 16.2]	[hover, left, hover, hover]	[-0.0000, 0.0000, 0.0002, 0.0016]
98   	1826.53     	0.000   	1.0000  	[10.8, 10.8, 10.8, 16.2]	[hover, left, hover, hover]	[-0.0000, -0.0000, 0.0000, 0.0081]
99   	1826.52     	0.000   	1.0000  	[10.8, 10.8, 10.8, 16.2]	[hover, hover, hover, hover]	[-0.0000, -0.0000, -0.0000, 0.0032]
[2025-12-18T15:08:15]
Strategy: greedy_ig
Pairwise: adaptive
News mode: IG_BM
Num agents: 4
Iteration: 9
Error margin: None
Gaussian radius 5 
Grid info: range: 0-50-50, cell_size:0.125, map shape: (400, 400), center:True
init UAV positions: [(-15.0, 0.0, 5.4), (0.0, 5.0, 5.4), (10.0, -20.0, 5.4), (5.0, 5.0, 5.4)]
mcts_params: {}
Step	Entropy	MSE	Coverage	Heights	Actions	IGs
------------------------------------------------------------------------------------------------------------------------
0    	160000.00   	0.250   	0.0000  	[5.4, 5.4, 5.4, 5.4]	[-, -, -, -]	[-, -, -, -]
1    	156358.21   	0.233   	0.0594  	[5.4, 5.4, 5.4, 5.4]	[up, up, up, up]	[3904.5582, 3904.5582, 3514.1024, 3904.5582]
2    	144759.53   	0.203   	0.2062  	[10.8, 10.8, 10.8, 10.8]	[up, up, up, up]	[3828.3735, 3825.0698, 2781.4308, 4104.4644]
3    	138654.71   	0.183   	0.4059  	[16.2, 16.2, 16.2, 16.2]	[up, up, up, up]	[2710.5651, 2584.8027, 2470.8744, 3047.9049]
4    	105996.38   	0.132   	0.6200  	[21.7, 21.7, 21.7, 21.7]	[back, up, front, up]	[2038.7575, 2113.5272, 2495.5032, 2484.3258]
5    	99015.79    	0.117   	0.7333  	[21.7, 27.1, 21.7, 27.1]	[back, front, front, right]	[1891.0048, 1662.6155, 1618.6388, 2032.8301]
6    	94639.26    	0.106   	0.8348  	[21.7, 27.1, 21.7, 27.1]	[back, right, right, front]	[1935.9238, 1379.2458, 1284.6770, 1810.9700]
7    	91162.66    	0.097   	0.8922  	[21.7, 27.1, 21.7, 27.1]	[back, right, front, front]	[1998.2423, 1184.2071, 973.8940, 1456.9100]
8    	88091.87    	0.090   	0.9375  	[21.7, 27.1, 21.7, 27.1]	[right, right, front, right]	[1894.8910, 1088.9687, 727.9813, 1143.1663]
9    	57915.07    	0.058   	0.9491  	[21.7, 27.1, 21.7, 27.1]	[right, front, front, down]	[1712.1239, 825.0930, 556.8450, 817.0443]
10   	56291.99    	0.055   	0.9491  	[21.7, 27.1, 21.7, 21.7]	[left, hover, front, front]	[675.1716, 513.7506, 417.7343, 552.0990]
11   	55270.76    	0.054   	0.9491  	[21.7, 27.1, 21.7, 21.7]	[hover, hover, front, right]	[387.1086, 288.9433, 341.6662, 384.0030]
12   	54555.00    	0.052   	0.9491  	[21.7, 27.1, 21.7, 21.7]	[left, left, front, hover]	[225.0418, 174.5203, 257.3263, 186.2321]
13   	53968.85    	0.051   	0.9500  	[21.7, 27.1, 21.7, 21.7]	[hover, left, front, hover]	[131.3397, 232.7946, 174.2234, 83.9275]
14   	53327.35    	0.050   	0.9516  	[21.7, 27.1, 21.7, 21.7]	[right, left, front, left]	[80.9148, 365.5157, 128.8505, 36.1314]
15   	52594.07    	0.048   	0.9531  	[21.7, 27.1, 21.7, 21.7]	[up, left, front, left]	[51.8522, 549.1512, 87.1201, 50.4230]
16   	33439.67    	0.029   	0.9688  	[27.1, 27.1, 21.7, 21.7]	[front, left, left, left]	[49.4471, 720.5158, 48.1608, 73.1818]
17   	18499.83    	0.017   	0.9844  	[27.1, 27.1, 21.7, 21.7]	[front, left, left, left]	[66.8156, 850.6592, 43.8066, 166.7988]
18   	13777.59    	0.013   	1.0000  	[27.1, 27.1, 21.7, 21.7]	[front, down, left, left]	[155.9409, 725.1294, 66.8577, 275.4945]
19   	11323.00    	0.009   	1.0000  	[27.1, 21.7, 21.7, 21.7]	[front, left, left, left]	[219.9508, 862.8848, 97.1421, 335.3573]
20   	9090.09     	0.007   	1.0000  	[27.1, 21.7, 21.7, 21.7]	[front, front, left, left]	[220.5541, 656.6790, 127.1302, 375.7167]
21   	7376.28     	0.005   	1.0000  	[27.1, 21.7, 21.7, 21.7]	[front, hover, left, left]	[182.7349, 393.4793, 134.7828, 372.7475]
22   	6236.26     	0.004   	1.0000  	[27.1, 21.7, 21.7, 21.7]	[front, hover, left, left]	[137.3986, 207.8310, 135.9962, 280.6750]
23   	5623.93     	0.003   	1.0000  	[27.1, 21.7, 21.7, 21.7]	[hover, hover, left, hover]	[58.6237, 94.7190, 135.7956, 124.2936]
24   	5377.40     	0.003   	1.0000  	[27.1, 21.7, 21.7, 21.7]	[hover, hover, left, hover]	[22.3337, 35.5188, 63.9873, 46.6310]
25   	5283.05     	0.003   	1.0000  	[27.1, 21.7, 21.7, 21.7]	[hover, hover, down, back]	[8.2265, 14.0806, 27.0839, 18.5138]
26   	5244.74     	0.003   	1.0000  	[27.1, 21.7, 16.2, 21.7]	[hover, back, left, front]	[3.1389, 6.0930, 13.4373, 7.2684]
27   	5224.68     	0.003   	1.0000  	[27.1, 21.7, 16.2, 21.7]	[up, front, front, back]	[1.3551, 2.5980, 8.2615, 3.4083]
28   	5208.51     	0.003   	1.0000  	[32.5, 21.7, 16.2, 21.7]	[right, back, hover, hover]	[1.7799, 1.5644, 3.3154, 1.8455]
29   	5196.26     	0.003   	1.0000  	[32.5, 21.7, 16.2, 21.7]	[back, back, hover, back]	[2.4024, 0.7804, 1.2089, 0.8535]
30   	5178.27     	0.003   	1.0000  	[32.5, 21.7, 16.2, 21.7]	[right, back, back, back]	[3.0334, 1.4708, 1.0446, 1.0746]
31   	5157.52     	0.003   	1.0000  	[32.5, 21.7, 16.2, 21.7]	[right, back, back, back]	[3.2889, 3.5561, 0.3217, 2.6073]
32   	5127.04     	0.003   	1.0000  	[32.5, 21.7, 16.2, 21.7]	[right, back, back, back]	[4.1696, 5.2199, 0.1842, 3.6397]
33   	5077.67     	0.003   	1.0000  	[32.5, 21.7, 16.2, 21.7]	[right, up, back, up]	[5.7288, 6.8077, 0.0327, 3.9196]
34   	4996.30     	0.003   	1.0000  	[32.5, 27.1, 16.2, 27.1]	[right, right, back, right]	[17.0629, 9.9661, 0.1060, 6.2761]
35   	4899.51     	0.003   	1.0000  	[32.5, 27.1, 16.2, 27.1]	[back, right, back, right]	[21.5237, 11.6714, 0.9609, 9.1611]
36   	4776.83     	0.003   	1.0000  	[32.5, 27.1, 16.2, 27.1]	[back, right, back, right]	[27.5835, 13.2021, 2.5030, 11.1662]
37   	4629.85     	0.002   	1.0000  	[32.5, 27.1, 16.2, 27.1]	[back, right, back, right]	[35.9658, 14.1697, 3.6128, 12.1026]
38   	4455.38     	0.002   	1.0000  	[32.5, 27.1, 16.2, 27.1]	[back, right, back, right]	[48.3776, 17.8622, 9.1435, 14.9317]
39   	4250.98     	0.002   	1.0000  	[32.5, 27.1, 16.2, 27.1]	[hover, right, back, right]	[40.8543, 27.9296, 18.2635, 21.7168]
40   	4021.85     	0.002   	1.0000  	[32.5, 27.1, 16.2, 27.1]	[hover, right, back, right]	[33.4776, 62.2998, 22.5312, 43.5361]
41   	3515.55     	0.001   	1.0000  	[32.5, 27.1, 16.2, 27.1]	[hover, back, right, back]	[26.3545, 72.9348, 13.9217, 50.9239]
42   	3216.55     	0.001   	1.0000  	[32.5, 27.1, 16.2, 27.1]	[hover, back, left, back]	[20.4982, 86.2336, 9.0104, 62.4560]
43   	2906.73     	0.001   	1.0000  	[32.5, 27.1, 16.2, 27.1]	[hover, back, right, right]	[14.5935, 81.6861, 4.9420, 61.3543]
44   	2373.39     	0.000   	1.0000  	[32.5, 27.1, 16.2, 27.1]	[hover, hover, right, back]	[9.8057, 50.0207, 4.1765, 59.7732]
45   	2199.63     	0.000   	1.0000  	[32.5, 27.1, 16.2, 27.1]	[hover, hover, right, hover]	[6.7859, 28.7867, 5.9772, 34.1708]
46   	2116.98     	0.000   	1.0000  	[32.5, 27.1, 16.2, 27.1]	[hover, hover, right, hover]	[4.0079, 15.1201, 4.8550, 17.8909]
47   	2061.20     	0.000   	1.0000  	[32.5, 27.1, 16.2, 27.1]	[hover, hover, right, hover]	[2.8138, 8.9292, 2.0731, 10.6914]
48   	2021.58     	0.000   	1.0000  	[32.5, 27.1, 16.2, 27.1]	[hover, hover, right, hover]	[1.9682, 5.0970, 1.5961, 6.0872]
49   	1998.06     	0.000   	1.0000  	[32.5, 27.1, 16.2, 27.1]	[hover, hover, right, hover]	[1.1752, 2.6611, 1.2079, 3.1552]
50   	1982.94     	0.000   	1.0000  	[32.5, 27.1, 16.2, 27.1]	[front, hover, hover, hover]	[0.7601, 1.4635, 0.6572, 1.7802]
51   	1974.43     	0.000   	1.0000  	[32.5, 27.1, 16.2, 27.1]	[right, hover, hover, hover]	[0.5945, 0.8460, 0.3926, 1.0985]
52   	1968.28     	0.000   	1.0000  	[32.5, 27.1, 16.2, 27.1]	[right, hover, hover, hover]	[0.5441, 0.6975, 0.4221, 0.8018]
53   	1962.23     	0.000   	1.0000  	[32.5, 27.1, 16.2, 27.1]	[hover, right, front, down]	[0.4247, 0.5666, 0.1511, 0.5732]
54   	1956.43     	0.000   	1.0000  	[32.5, 27.1, 16.2, 21.7]	[front, down, back, right]	[0.3406, 0.5238, 0.1028, 0.4582]
55   	1948.87     	0.000   	1.0000  	[32.5, 21.7, 16.2, 21.7]	[front, back, right, back]	[0.5462, 0.5787, 0.1936, 0.7237]
56   	1940.22     	0.000   	1.0000  	[32.5, 21.7, 16.2, 21.7]	[front, back, right, right]	[1.0676, 0.3371, 0.2238, 0.4532]
57   	1936.19     	0.000   	1.0000  	[32.5, 21.7, 16.2, 21.7]	[left, back, right, down]	[0.8136, 0.4503, 0.7026, 0.7329]
58   	1932.06     	0.000   	1.0000  	[32.5, 21.7, 16.2, 16.2]	[hover, back, right, down]	[0.6398, 0.3382, 1.6343, 0.7757]
59   	1929.93     	0.000   	1.0000  	[32.5, 21.7, 16.2, 10.8]	[hover, right, right, right]	[0.5304, 0.2704, 0.2903, 0.5533]
60   	1927.26     	0.000   	1.0000  	[32.5, 21.7, 16.2, 10.8]	[hover, down, down, back]	[0.4345, 0.0946, 0.3897, 0.4386]
61   	1927.35     	0.000   	1.0000  	[32.5, 16.2, 10.8, 10.8]	[hover, right, back, back]	[0.3504, 0.0062, 0.4224, 0.2038]
62   	1927.11     	0.000   	1.0000  	[32.5, 16.2, 10.8, 10.8]	[hover, hover, right, right]	[0.2910, 0.1254, 0.0322, 0.1081]
63   	1926.97     	0.000   	1.0000  	[32.5, 16.2, 10.8, 10.8]	[hover, right, hover, hover]	[0.2289, 0.0681, 0.0009, 0.0016]
64   	1926.93     	0.000   	1.0000  	[32.5, 16.2, 10.8, 10.8]	[right, right, hover, hover]	[0.1698, 0.0011, 0.0000, 0.0000]
65   	1926.87     	0.000   	1.0000  	[32.5, 16.2, 10.8, 10.8]	[hover, hover, hover, hover]	[0.1472, 0.0010, 0.0000, -0.0000]
66   	1926.91     	0.000   	1.0000  	[32.5, 16.2, 10.8, 10.8]	[down, hover, back, back]	[0.1376, 0.0000, -0.0000, -0.0000]
67   	1926.80     	0.000   	1.0000  	[27.1, 16.2, 10.8, 10.8]	[front, hover, hover, hover]	[0.2597, -0.0000, -0.0000, -0.0000]
68   	1926.83     	0.000   	1.0000  	[27.1, 16.2, 10.8, 10.8]	[right, down, hover, hover]	[0.2339, -0.0000, -0.0000, -0.0000]
69   	1926.87     	0.000   	1.0000  	[27.1, 10.8, 10.8, 10.8]	[down, front, hover, hover]	[0.1977, -0.0000, -0.0000, -0.0000]
70   	1926.85     	0.000   	1.0000  	[21.7, 10.8, 10.8, 10.8]	[front, back, hover, hover]	[0.2815, -0.0000, -0.0000, -0.0000]
71   	1926.93     	0.000   	1.0000  	[21.7, 10.8, 10.8, 10.8]	[down, hover, hover, hover]	[0.2792, -0.0000, -0.0000, -0.0000]
72   	1926.89     	0.000   	1.0000  	[16.2, 10.8, 10.8, 10.8]	[down, hover, hover, hover]	[0.2897, -0.0000, -0.0000, -0.0000]
73   	1926.60     	0.000   	1.0000  	[10.8, 10.8, 10.8, 10.8]	[right, hover, hover, hover]	[0.5695, -0.0000, -0.0000, -0.0000]
74   	1926.63     	0.000   	1.0000  	[10.8, 10.8, 10.8, 10.8]	[front, hover, hover, hover]	[0.2279, -0.0000, -0.0000, -0.0000]
75   	1926.60     	0.000   	1.0000  	[10.8, 10.8, 10.8, 10.8]	[front, hover, hover, hover]	[0.3240, -0.0000, -0.0000, -0.0000]
76   	1926.51     	0.000   	1.0000  	[10.8, 10.8, 10.8, 10.8]	[right, hover, hover, hover]	[0.2351, -0.0000, -0.0000, -0.0000]
77   	1926.52     	0.000   	1.0000  	[10.8, 10.8, 10.8, 10.8]	[hover, hover, hover, hover]	[0.0512, -0.0000, -0.0000, -0.0000]
78   	1926.49     	0.000   	1.0000  	[10.8, 10.8, 10.8, 10.8]	[hover, hover, hover, hover]	[0.0487, -0.0000, -0.0000, -0.0000]
79   	1926.51     	0.000   	1.0000  	[10.8, 10.8, 10.8, 10.8]	[hover, hover, hover, hover]	[0.0089, -0.0000, -0.0000, -0.0000]
80   	1926.49     	0.000   	1.0000  	[10.8, 10.8, 10.8, 10.8]	[hover, hover, hover, hover]	[0.0406, -0.0000, -0.0000, -0.0000]
81   	1926.49     	0.000   	1.0000  	[10.8, 10.8, 10.8, 10.8]	[hover, hover, hover, hover]	[0.0075, -0.0000, -0.0000, -0.0000]
82   	1926.48     	0.000   	1.0000  	[10.8, 10.8, 10.8, 10.8]	[hover, hover, hover, hover]	[0.0013, -0.0000, -0.0000, -0.0000]
83   	1926.48     	0.000   	1.0000  	[10.8, 10.8, 10.8, 10.8]	[back, hover, hover, hover]	[0.0002, -0.0000, -0.0000, -0.0000]
84   	1926.48     	0.000   	1.0000  	[10.8, 10.8, 10.8, 10.8]	[back, hover, hover, hover]	[0.0000, -0.0000, -0.0000, -0.0000]
85   	1926.48     	0.000   	1.0000  	[10.8, 10.8, 10.8, 10.8]	[back, hover, hover, hover]	[-0.0000, -0.0000, -0.0000, -0.0000]
86   	1926.48     	0.000   	1.0000  	[10.8, 10.8, 10.8, 10.8]	[hover, hover, hover, hover]	[0.0000, -0.0000, -0.0000, -0.0000]
87   	1926.48     	0.000   	1.0000  	[10.8, 10.8, 10.8, 10.8]	[hover, hover, hover, hover]	[-0.0000, -0.0000, -0.0000, -0.0000]
88   	1926.48     	0.000   	1.0000  	[10.8, 10.8, 10.8, 10.8]	[hover, hover, hover, hover]	[-0.0000, -0.0000, -0.0000, -0.0000]
89   	1926.48     	0.000   	1.0000  	[10.8, 10.8, 10.8, 10.8]	[hover, hover, hover, hover]	[-0.0000, -0.0000, -0.0000, -0.0000]
90   	1926.48     	0.000   	1.0000  	[10.8, 10.8, 10.8, 10.8]	[hover, hover, hover, hover]	[-0.0000, -0.0000, -0.0000, -0.0000]
91   	1926.48     	0.000   	1.0000  	[10.8, 10.8, 10.8, 10.8]	[hover, hover, hover, hover]	[-0.0000, -0.0000, -0.0000, -0.0000]
92   	1926.48     	0.000   	1.0000  	[10.8, 10.8, 10.8, 10.8]	[hover, hover, hover, hover]	[-0.0000, -0.0000, -0.0000, -0.0000]
93   	1926.48     	0.000   	1.0000  	[10.8, 10.8, 10.8, 10.8]	[hover, hover, hover, hover]	[-0.0000, -0.0000, -0.0000, -0.0000]
94   	1926.48     	0.000   	1.0000  	[10.8, 10.8, 10.8, 10.8]	[hover, hover, hover, hover]	[-0.0000, -0.0000, -0.0000, -0.0000]
95   	1926.48     	0.000   	1.0000  	[10.8, 10.8, 10.8, 10.8]	[hover, hover, hover, hover]	[-0.0000, -0.0000, -0.0000, -0.0000]
96   	1926.48     	0.000   	1.0000  	[10.8, 10.8, 10.8, 10.8]	[hover, hover, hover, hover]	[-0.0000, -0.0000, -0.0000, -0.0000]
97   	1926.48     	0.000   	1.0000  	[10.8, 10.8, 10.8, 10.8]	[hover, hover, hover, hover]	[-0.0000, -0.0000, -0.0000, -0.0000]
98   	1926.48     	0.000   	1.0000  	[10.8, 10.8, 10.8, 10.8]	[back, hover, hover, hover]	[-0.0000, -0.0000, -0.0000, -0.0000]
99   	1926.48     	0.000   	1.0000  	[10.8, 10.8, 10.8, 10.8]	[back, hover, hover, hover]	[-0.0000, -0.0000, -0.0000, -0.0000]
[2025-12-18T15:08:28]
Strategy: greedy_ig
Pairwise: adaptive
News mode: IG_BM
Num agents: 4
Iteration: 10
Error margin: None
Gaussian radius 5 
Grid info: range: 0-50-50, cell_size:0.125, map shape: (400, 400), center:True
init UAV positions: [(0.0, -10.0, 5.4), (-20.0, 15.0, 5.4), (10.0, -10.0, 5.4), (20.0, 0.0, 5.4)]
mcts_params: {}
Step	Entropy	MSE	Coverage	Heights	Actions	IGs
------------------------------------------------------------------------------------------------------------------------
0    	160000.00   	0.250   	0.0000  	[5.4, 5.4, 5.4, 5.4]	[-, -, -, -]	[-, -, -, -]
1    	155957.48   	0.232   	0.0625  	[5.4, 5.4, 5.4, 5.4]	[up, up, up, up]	[3904.5582, 3514.1024, 3904.5582, 3514.1024]
2    	143910.64   	0.205   	0.2225  	[10.8, 10.8, 10.8, 10.8]	[up, up, up, up]	[3483.2593, 2954.2144, 3626.9638, 3213.3004]
3    	138276.98   	0.188   	0.4006  	[16.2, 16.2, 16.2, 16.2]	[up, right, up, left]	[3219.6614, 2800.4445, 2901.2807, 2557.3206]
4    	133484.34   	0.173   	0.5413  	[21.7, 16.2, 21.7, 16.2]	[left, right, up, front]	[2556.0811, 2524.6209, 2020.5217, 2339.0245]
5    	130437.75   	0.162   	0.6780  	[21.7, 16.2, 27.1, 16.2]	[left, up, left, front]	[2348.8414, 2478.6791, 1524.0799, 2383.4405]
6    	106058.46   	0.123   	0.7878  	[21.7, 21.7, 27.1, 16.2]	[left, back, left, front]	[2243.4164, 2462.6884, 1201.7238, 2340.3524]
7    	84698.19    	0.092   	0.8480  	[21.7, 21.7, 27.1, 16.2]	[left, right, left, front]	[2163.2716, 2053.4110, 1031.4637, 2094.5366]
8    	63229.43    	0.065   	0.9237  	[21.7, 21.7, 27.1, 16.2]	[back, right, left, front]	[1790.8842, 1838.1676, 810.8533, 1868.0599]
9    	59763.25    	0.056   	0.9791  	[21.7, 21.7, 27.1, 16.2]	[hover, right, left, left]	[1196.7740, 1743.7406, 690.5004, 1683.4935]
10   	58007.39    	0.051   	0.9986  	[21.7, 21.7, 27.1, 16.2]	[hover, front, left, left]	[741.4308, 1128.8103, 629.8765, 1230.2163]
11   	55082.54    	0.047   	1.0000  	[21.7, 21.7, 27.1, 16.2]	[hover, down, front, left]	[389.4644, 619.0202, 406.0082, 748.3779]
12   	41561.15    	0.033   	1.0000  	[21.7, 16.2, 27.1, 16.2]	[front, right, front, left]	[227.4874, 290.2246, 261.5447, 316.4269]
13   	31259.30    	0.024   	1.0000  	[21.7, 16.2, 27.1, 16.2]	[front, up, left, up]	[284.6794, 137.4718, 121.7849, 120.0165]
14   	15358.03    	0.014   	1.0000  	[21.7, 21.7, 27.1, 21.7]	[front, left, back, back]	[119.0048, 72.0430, 74.7258, 81.4308]
15   	14864.10    	0.013   	1.0000  	[21.7, 21.7, 27.1, 21.7]	[front, left, back, up]	[57.6147, 63.5253, 100.3856, 49.0831]
16   	14437.62    	0.013   	1.0000  	[21.7, 21.7, 27.1, 27.1]	[front, left, right, right]	[31.9308, 77.4281, 66.8114, 50.8156]
17   	14013.62    	0.012   	1.0000  	[21.7, 21.7, 27.1, 27.1]	[front, left, right, right]	[21.2650, 87.8266, 50.1796, 70.8079]
18   	13075.16    	0.011   	1.0000  	[21.7, 21.7, 27.1, 27.1]	[front, hover, right, back]	[16.6786, 55.4907, 56.6897, 76.2840]
19   	12766.94    	0.011   	1.0000  	[21.7, 21.7, 27.1, 27.1]	[front, hover, right, back]	[21.8627, 36.9942, 76.6214, 87.2665]
20   	12462.33    	0.011   	1.0000  	[21.7, 21.7, 27.1, 27.1]	[front, hover, right, back]	[35.3672, 23.1582, 120.1932, 153.1272]
21   	12115.36    	0.010   	1.0000  	[21.7, 21.7, 27.1, 27.1]	[hover, hover, right, back]	[18.4012, 11.5737, 229.7110, 207.6460]
22   	11731.90    	0.009   	1.0000  	[21.7, 21.7, 27.1, 27.1]	[hover, back, right, back]	[10.8560, 8.5897, 351.4726, 249.1280]
23   	11359.01    	0.008   	1.0000  	[21.7, 21.7, 27.1, 27.1]	[hover, back, hover, back]	[8.3548, 7.8587, 252.9434, 280.3070]
24   	11050.22    	0.007   	1.0000  	[21.7, 21.7, 27.1, 27.1]	[hover, back, hover, back]	[5.8120, 5.9213, 169.3878, 300.1988]
25   	10847.21    	0.007   	1.0000  	[21.7, 21.7, 27.1, 27.1]	[hover, back, hover, hover]	[3.6997, 6.3360, 106.2293, 191.6282]
26   	10725.64    	0.007   	1.0000  	[21.7, 21.7, 27.1, 27.1]	[right, back, hover, hover]	[2.5239, 7.9392, 62.7960, 117.9889]
27   	8409.29     	0.004   	1.0000  	[21.7, 21.7, 27.1, 27.1]	[up, back, hover, hover]	[3.4424, 10.3085, 37.7941, 70.4332]
28   	7838.02     	0.004   	1.0000  	[27.1, 21.7, 27.1, 27.1]	[right, back, hover, hover]	[4.3729, 7.9510, 21.7471, 39.2623]
29   	7757.37     	0.004   	1.0000  	[27.1, 21.7, 27.1, 27.1]	[back, back, hover, hover]	[4.4869, 15.4175, 13.1276, 21.5966]
30   	3157.94     	0.001   	1.0000  	[27.1, 21.7, 27.1, 27.1]	[right, back, front, hover]	[6.8036, 46.5603, 7.9144, 12.7039]
31   	2823.19     	0.001   	1.0000  	[27.1, 21.7, 27.1, 27.1]	[right, hover, front, hover]	[1.1309, 24.9052, 5.6996, 7.3941]
32   	2773.11     	0.001   	1.0000  	[27.1, 21.7, 27.1, 27.1]	[right, hover, front, hover]	[2.8690, 11.9845, 6.9276, 4.7573]
33   	2726.90     	0.001   	1.0000  	[27.1, 21.7, 27.1, 27.1]	[right, hover, front, down]	[10.0316, 6.4911, 9.3419, 2.6778]
34   	2631.97     	0.001   	1.0000  	[27.1, 21.7, 27.1, 21.7]	[right, hover, front, back]	[33.8266, 3.7712, 12.6217, 2.8658]
35   	2564.27     	0.000   	1.0000  	[27.1, 21.7, 27.1, 21.7]	[hover, hover, front, right]	[21.5020, 1.9484, 23.9700, 2.8072]
36   	2520.30     	0.000   	1.0000  	[27.1, 21.7, 27.1, 21.7]	[right, hover, front, down]	[12.9775, 1.2231, 17.9261, 2.3417]
37   	2494.68     	0.000   	1.0000  	[27.1, 21.7, 27.1, 16.2]	[down, hover, hover, right]	[10.5053, 0.7546, 10.2277, 2.3746]
38   	2485.16     	0.000   	1.0000  	[21.7, 21.7, 27.1, 16.2]	[front, hover, hover, back]	[6.3587, 0.5365, 4.9941, 1.6587]
39   	2481.45     	0.000   	1.0000  	[21.7, 21.7, 27.1, 16.2]	[hover, down, hover, hover]	[2.5952, 0.4725, 2.1472, 1.0596]
40   	2480.52     	0.000   	1.0000  	[21.7, 16.2, 27.1, 16.2]	[front, left, front, back]	[1.0705, 0.5261, 0.9298, 0.9485]
41   	2480.53     	0.000   	1.0000  	[21.7, 16.2, 27.1, 16.2]	[hover, back, front, down]	[0.6507, 0.4766, 0.4423, 0.8830]
42   	2480.84     	0.000   	1.0000  	[21.7, 16.2, 27.1, 10.8]	[back, front, right, right]	[0.5113, 0.2932, 0.3333, 0.6030]
43   	2480.47     	0.000   	1.0000  	[21.7, 16.2, 27.1, 10.8]	[front, back, down, hover]	[0.5005, 0.1138, 0.5362, 0.7127]
44   	2479.89     	0.000   	1.0000  	[21.7, 16.2, 21.7, 10.8]	[front, front, front, front]	[0.4724, 0.0817, 0.3166, 0.3274]
45   	2479.69     	0.000   	1.0000  	[21.7, 16.2, 21.7, 10.8]	[hover, down, hover, hover]	[0.2806, 0.0730, 0.1083, 0.0764]
46   	2479.49     	0.000   	1.0000  	[21.7, 10.8, 21.7, 10.8]	[hover, left, hover, back]	[0.1693, 0.0347, 0.0393, 0.0354]
47   	2479.53     	0.000   	1.0000  	[21.7, 10.8, 21.7, 10.8]	[hover, left, front, left]	[0.0228, 0.1307, 0.0062, 0.0198]
48   	2479.89     	0.000   	1.0000  	[21.7, 10.8, 21.7, 10.8]	[hover, hover, hover, up]	[0.0608, 0.0464, 0.0151, 0.0080]
49   	2480.18     	0.000   	1.0000  	[21.7, 10.8, 21.7, 16.2]	[front, front, back, back]	[0.1522, 0.0139, 0.0810, 0.0178]
50   	2480.27     	0.000   	1.0000  	[21.7, 10.8, 21.7, 16.2]	[hover, back, front, hover]	[0.1246, 0.0046, 0.1725, 0.0058]
51   	2480.28     	0.000   	1.0000  	[21.7, 10.8, 21.7, 16.2]	[hover, front, right, left]	[0.0503, 0.0016, 0.1153, 0.0028]
52   	2480.84     	0.000   	1.0000  	[21.7, 10.8, 21.7, 16.2]	[down, hover, down, left]	[0.0350, 0.0146, 0.0586, 0.0326]
53   	2481.09     	0.000   	1.0000  	[16.2, 10.8, 16.2, 16.2]	[back, hover, back, left]	[0.2170, 0.0050, 0.2824, 0.0577]
54   	2481.08     	0.000   	1.0000  	[16.2, 10.8, 16.2, 16.2]	[down, hover, down, left]	[0.2603, 0.0466, 0.1282, 0.0283]
55   	2480.29     	0.000   	1.0000  	[10.8, 10.8, 10.8, 16.2]	[left, hover, up, left]	[0.0135, 0.0169, 0.0139, 0.9692]
56   	2420.53     	0.000   	1.0000  	[10.8, 10.8, 16.2, 16.2]	[back, hover, right, left]	[0.0007, 0.1409, 0.0032, 2.1841]
57   	2420.32     	0.000   	1.0000  	[10.8, 10.8, 16.2, 16.2]	[left, hover, hover, left]	[0.0000, 0.0534, 0.0009, 0.1828]
58   	2420.50     	0.000   	1.0000  	[10.8, 10.8, 16.2, 16.2]	[back, hover, hover, left]	[0.0001, 0.0188, 0.0031, 0.4097]
59   	2420.62     	0.000   	1.0000  	[10.8, 10.8, 16.2, 16.2]	[up, hover, right, left]	[0.0016, 0.0066, 0.0008, 0.4904]
60   	2420.65     	0.000   	1.0000  	[16.2, 10.8, 16.2, 16.2]	[back, hover, hover, down]	[0.0004, 0.0022, 0.0002, 0.6166]
61   	2420.16     	0.000   	1.0000  	[16.2, 10.8, 16.2, 10.8]	[back, hover, hover, left]	[0.0001, 0.0007, 0.0000, 1.2013]
62   	2419.85     	0.000   	1.0000  	[16.2, 10.8, 16.2, 10.8]	[left, hover, hover, left]	[0.0004, 0.0002, 0.0002, 0.6360]
63   	2419.72     	0.000   	1.0000  	[16.2, 10.8, 16.2, 10.8]	[down, hover, hover, left]	[0.0027, 0.0001, 0.0000, 0.6178]
64   	2419.67     	0.000   	1.0000  	[10.8, 10.8, 16.2, 10.8]	[hover, hover, hover, back]	[0.0005, 0.0000, -0.0000, 0.1900]
65   	2419.65     	0.000   	1.0000  	[10.8, 10.8, 16.2, 10.8]	[front, hover, down, hover]	[0.0005, -0.0000, -0.0000, 0.0385]
66   	2419.65     	0.000   	1.0000  	[10.8, 10.8, 10.8, 10.8]	[hover, hover, back, hover]	[0.0001, -0.0000, -0.0000, 0.0079]
67   	2419.65     	0.000   	1.0000  	[10.8, 10.8, 10.8, 10.8]	[right, hover, back, hover]	[-0.0000, -0.0000, -0.0000, 0.0093]
68   	2419.65     	0.000   	1.0000  	[10.8, 10.8, 10.8, 10.8]	[left, hover, back, right]	[-0.0000, -0.0000, 0.0000, 0.0021]
69   	2419.51     	0.000   	1.0000  	[10.8, 10.8, 10.8, 10.8]	[right, front, back, right]	[-0.0000, -0.0000, -0.0000, 0.1632]
70   	2419.40     	0.000   	1.0000  	[10.8, 10.8, 10.8, 10.8]	[hover, up, hover, right]	[-0.0000, 0.0403, -0.0000, 0.0355]
71   	2419.32     	0.000   	1.0000  	[10.8, 16.2, 10.8, 10.8]	[left, front, back, hover]	[-0.0000, 0.0749, -0.0000, 0.0060]
72   	2419.33     	0.000   	1.0000  	[10.8, 16.2, 10.8, 10.8]	[right, right, back, hover]	[-0.0000, 0.0929, -0.0000, 0.0257]
73   	2419.44     	0.000   	1.0000  	[10.8, 16.2, 10.8, 10.8]	[right, front, back, hover]	[-0.0000, 0.1469, 0.0037, 0.0749]
74   	2419.63     	0.000   	1.0000  	[10.8, 16.2, 10.8, 10.8]	[right, front, back, hover]	[-0.0000, 0.5358, 0.0276, 0.0125]
75   	2419.22     	0.000   	1.0000  	[10.8, 16.2, 10.8, 10.8]	[hover, hover, back, left]	[-0.0000, 0.4200, 0.1418, 0.0014]
76   	2418.27     	0.000   	1.0000  	[10.8, 16.2, 10.8, 10.8]	[hover, down, back, up]	[-0.0000, 0.3501, 1.0456, 0.0003]
77   	2417.23     	0.000   	1.0000  	[10.8, 10.8, 10.8, 16.2]	[hover, front, back, left]	[-0.0000, 0.2475, 2.0145, 0.0006]
78   	2414.59     	0.000   	1.0000  	[10.8, 10.8, 10.8, 16.2]	[hover, hover, back, hover]	[-0.0000, 0.0770, 4.0501, 0.0009]
79   	2411.96     	0.000   	1.0000  	[10.8, 10.8, 10.8, 16.2]	[hover, hover, back, hover]	[-0.0000, 0.0442, 3.6595, 0.0002]
80   	2411.30     	0.000   	1.0000  	[10.8, 10.8, 10.8, 16.2]	[hover, hover, left, down]	[-0.0000, 0.0105, 1.4603, 0.0005]
81   	2411.13     	0.000   	1.0000  	[10.8, 10.8, 10.8, 10.8]	[right, hover, left, left]	[-0.0000, 0.0243, 0.9149, 0.0020]
82   	2411.29     	0.000   	1.0000  	[10.8, 10.8, 10.8, 10.8]	[right, hover, back, left]	[-0.0000, 0.0046, 0.5594, 0.0002]
83   	2410.84     	0.000   	1.0000  	[10.8, 10.8, 10.8, 10.8]	[right, front, left, hover]	[-0.0000, 0.0030, 0.6649, 0.0001]
84   	2411.04     	0.000   	1.0000  	[10.8, 10.8, 10.8, 10.8]	[right, front, front, hover]	[-0.0000, 0.0134, 0.2277, 0.0000]
85   	2410.75     	0.000   	1.0000  	[10.8, 10.8, 10.8, 10.8]	[back, front, right, hover]	[-0.0000, 0.0105, 0.4016, 0.0000]
86   	2410.41     	0.000   	1.0000  	[10.8, 10.8, 10.8, 10.8]	[back, front, right, hover]	[-0.0000, 0.2770, 0.2435, -0.0000]
87   	2404.60     	0.000   	1.0000  	[10.8, 10.8, 10.8, 10.8]	[back, front, hover, hover]	[0.0000, 3.8858, 0.0608, -0.0000]
88   	2403.69     	0.000   	1.0000  	[10.8, 10.8, 10.8, 10.8]	[back, hover, hover, hover]	[0.0006, 3.4808, 0.0769, -0.0000]
89   	2403.32     	0.000   	1.0000  	[10.8, 10.8, 10.8, 10.8]	[back, hover, front, hover]	[0.0028, 1.8692, 0.0219, -0.0000]
90   	2403.50     	0.000   	1.0000  	[10.8, 10.8, 10.8, 10.8]	[back, hover, back, hover]	[0.0014, 1.6061, 0.0694, -0.0000]
91   	2403.55     	0.000   	1.0000  	[10.8, 10.8, 10.8, 10.8]	[back, front, hover, hover]	[0.0014, 1.3846, 0.0133, -0.0000]
92   	2403.28     	0.000   	1.0000  	[10.8, 10.8, 10.8, 10.8]	[left, hover, left, hover]	[0.0000, 1.1526, 0.0023, -0.0000]
93   	2403.66     	0.000   	1.0000  	[10.8, 10.8, 10.8, 10.8]	[left, hover, left, hover]	[0.0005, 0.9763, 0.0014, -0.0000]
94   	2403.31     	0.000   	1.0000  	[10.8, 10.8, 10.8, 10.8]	[left, hover, left, hover]	[0.0023, 0.6198, 0.0036, -0.0000]
95   	2402.87     	0.000   	1.0000  	[10.8, 10.8, 10.8, 10.8]	[left, right, left, hover]	[0.1203, 0.5389, 0.0628, -0.0000]
96   	2402.64     	0.000   	1.0000  	[10.8, 10.8, 10.8, 10.8]	[left, hover, left, hover]	[0.0099, 0.1814, 0.0098, -0.0000]
97   	2402.61     	0.000   	1.0000  	[10.8, 10.8, 10.8, 10.8]	[left, left, front, hover]	[0.0212, 0.0679, 0.0029, -0.0000]
98   	2402.60     	0.000   	1.0000  	[10.8, 10.8, 10.8, 10.8]	[left, up, front, hover]	[0.0062, 0.0257, 0.0030, -0.0000]
99   	2402.60     	0.000   	1.0000  	[10.8, 16.2, 10.8, 10.8]	[left, right, left, hover]	[0.0077, 0.0216, 0.0009, -0.0000]
[2025-12-18T15:08:38]
Strategy: greedy_ig
Pairwise: adaptive
News mode: IG_BM
Num agents: 4
Iteration: 11
Error margin: None
Gaussian radius 5 
Grid info: range: 0-50-50, cell_size:0.125, map shape: (400, 400), center:True
init UAV positions: [(-5.0, -25.0, 5.4), (-5.0, 20.0, 5.4), (20.0, -20.0, 5.4), (15.0, 25.0, 5.4)]
mcts_params: {}
Step	Entropy	MSE	Coverage	Heights	Actions	IGs
------------------------------------------------------------------------------------------------------------------------
0    	160000.00   	0.250   	0.0000  	[5.4, 5.4, 5.4, 5.4]	[-, -, -, -]	[-, -, -, -]
1    	158361.24   	0.241   	0.0469  	[5.4, 5.4, 5.4, 5.4]	[up, up, up, up]	[1952.2791, 3514.1024, 3162.6921, 1952.2791]
2    	156825.03   	0.233   	0.1694  	[10.8, 10.8, 10.8, 10.8]	[up, up, up, up]	[2166.5781, 3214.2563, 1946.1529, 2165.2952]
3    	154893.79   	0.222   	0.3311  	[16.2, 16.2, 16.2, 16.2]	[front, back, front, back]	[2471.4390, 3110.5300, 1705.9520, 2476.1119]
4    	148788.17   	0.199   	0.4194  	[16.2, 16.2, 16.2, 16.2]	[front, up, left, back]	[2508.3420, 2827.2559, 1701.1667, 2310.4329]
5    	145851.88   	0.186   	0.5514  	[16.2, 21.7, 16.2, 16.2]	[up, back, left, back]	[2559.7535, 2767.2916, 1667.7491, 2049.1913]
6    	142941.85   	0.173   	0.6741  	[21.7, 21.7, 16.2, 16.2]	[front, back, front, back]	[2465.9664, 2588.7982, 1583.4665, 1816.2348]
7    	109434.97   	0.114   	0.7772  	[21.7, 21.7, 16.2, 16.2]	[front, back, front, back]	[2381.5978, 2420.2764, 1647.1281, 1746.8619]
8    	103299.17   	0.101   	0.8303  	[21.7, 21.7, 16.2, 16.2]	[left, left, front, back]	[1988.2751, 1944.2427, 1612.9869, 1605.2489]
9    	100791.05   	0.093   	0.8959  	[21.7, 21.7, 16.2, 16.2]	[left, left, up, back]	[1896.3687, 1842.6562, 1258.4464, 1192.6862]
10   	98084.48    	0.087   	0.9575  	[21.7, 21.7, 21.7, 16.2]	[left, left, left, left]	[1513.3905, 1460.5594, 990.1547, 909.6201]
11   	89625.86    	0.075   	0.9800  	[21.7, 21.7, 21.7, 16.2]	[front, front, left, up]	[1101.1667, 1143.7886, 920.0602, 830.2201]
12   	55549.27    	0.045   	0.9894  	[21.7, 21.7, 21.7, 21.7]	[front, front, front, left]	[715.2259, 878.3307, 730.1493, 707.2315]
13   	43703.44    	0.034   	0.9950  	[21.7, 21.7, 21.7, 21.7]	[front, hover, left, left]	[429.1127, 597.6792, 609.8151, 313.6772]
14   	13245.30    	0.011   	0.9950  	[21.7, 21.7, 21.7, 21.7]	[front, hover, front, front]	[260.8187, 403.1035, 491.8135, 117.1582]
15   	11891.22    	0.009   	0.9950  	[21.7, 21.7, 21.7, 21.7]	[front, hover, left, front]	[160.5915, 255.3657, 40.4507, 104.0430]
16   	10841.34    	0.009   	0.9950  	[21.7, 21.7, 21.7, 21.7]	[front, hover, left, front]	[115.9932, 148.2845, 30.8207, 126.3873]
17   	10111.42    	0.008   	0.9950  	[21.7, 21.7, 21.7, 21.7]	[front, hover, left, left]	[104.5516, 84.4772, 30.7256, 77.1055]
18   	9533.17     	0.008   	0.9950  	[21.7, 21.7, 21.7, 21.7]	[front, hover, left, left]	[119.3868, 47.6385, 49.3783, 46.0986]
19   	9043.50     	0.007   	0.9950  	[21.7, 21.7, 21.7, 21.7]	[hover, right, left, left]	[65.4026, 25.2954, 78.9435, 33.0418]
20   	8630.93     	0.007   	0.9950  	[21.7, 21.7, 21.7, 21.7]	[hover, up, back, left]	[36.2200, 16.8369, 97.2220, 29.1116]
21   	8203.14     	0.006   	0.9950  	[21.7, 27.1, 21.7, 21.7]	[hover, back, back, left]	[19.5806, 14.0752, 128.2494, 25.3367]
22   	7687.31     	0.006   	0.9950  	[21.7, 27.1, 21.7, 21.7]	[right, back, back, left]	[10.2067, 18.6291, 178.3352, 22.8185]
23   	7187.92     	0.005   	0.9950  	[21.7, 27.1, 21.7, 21.7]	[right, back, left, hover]	[9.0998, 22.1700, 179.6428, 11.8995]
24   	6910.11     	0.005   	0.9950  	[21.7, 27.1, 21.7, 21.7]	[right, back, back, hover]	[15.6297, 25.4122, 195.2702, 6.4629]
25   	6486.64     	0.005   	0.9950  	[21.7, 27.1, 21.7, 21.7]	[right, back, hover, back]	[11.9294, 29.8278, 123.2356, 3.3118]
26   	6260.97     	0.005   	0.9950  	[21.7, 27.1, 21.7, 21.7]	[right, back, hover, back]	[8.6419, 36.7028, 72.7142, 3.5462]
27   	6098.83     	0.004   	0.9950  	[21.7, 27.1, 21.7, 21.7]	[right, back, hover, back]	[7.3695, 48.8598, 42.6877, 5.1622]
28   	5973.25     	0.004   	0.9950  	[21.7, 27.1, 21.7, 21.7]	[right, back, hover, back]	[11.1967, 40.5597, 23.4519, 5.0803]
29   	5866.15     	0.004   	0.9950  	[21.7, 27.1, 21.7, 21.7]	[right, right, hover, back]	[31.5639, 28.9730, 12.7551, 5.3029]
30   	5755.54     	0.004   	0.9950  	[21.7, 27.1, 21.7, 21.7]	[right, right, right, back]	[176.2769, 27.9825, 7.3925, 6.9073]
31   	5649.87     	0.004   	1.0000  	[21.7, 27.1, 21.7, 21.7]	[back, right, right, back]	[148.5530, 18.0766, 11.9739, 9.5933]
32   	4787.61     	0.003   	1.0000  	[21.7, 27.1, 21.7, 21.7]	[back, right, right, back]	[140.8425, 10.8648, 24.5829, 20.0036]
33   	3852.83     	0.002   	1.0000  	[21.7, 27.1, 21.7, 21.7]	[back, right, right, hover]	[117.0537, 7.4033, 27.3294, 11.1709]
34   	3691.25     	0.002   	1.0000  	[21.7, 27.1, 21.7, 21.7]	[back, right, right, hover]	[93.4515, 12.1880, 13.7260, 6.6626]
35   	3495.26     	0.001   	1.0000  	[21.7, 27.1, 21.7, 21.7]	[back, right, right, hover]	[75.1131, 41.4884, 6.0165, 3.8533]
36   	3320.84     	0.001   	1.0000  	[21.7, 27.1, 21.7, 21.7]	[front, front, right, hover]	[54.5498, 28.4940, 4.5071, 2.6477]
37   	3177.92     	0.001   	1.0000  	[21.7, 27.1, 21.7, 21.7]	[front, front, right, hover]	[41.3898, 19.0838, 9.0110, 1.7423]
38   	3098.76     	0.001   	1.0000  	[21.7, 27.1, 21.7, 21.7]	[hover, front, right, hover]	[29.5548, 15.3199, 27.0894, 1.1571]
39   	3051.77     	0.001   	1.0000  	[21.7, 27.1, 21.7, 21.7]	[front, front, front, hover]	[19.4005, 11.9048, 13.0340, 0.9544]
40   	3008.18     	0.001   	1.0000  	[21.7, 27.1, 21.7, 21.7]	[front, front, front, hover]	[20.1961, 12.9262, 7.3316, 0.6252]
41   	2944.43     	0.001   	1.0000  	[21.7, 27.1, 21.7, 21.7]	[front, front, front, hover]	[26.8867, 18.4205, 5.4017, 0.3810]
42   	2896.30     	0.001   	1.0000  	[21.7, 27.1, 21.7, 21.7]	[hover, front, front, hover]	[15.0873, 17.8085, 3.9227, 0.2275]
43   	2871.25     	0.001   	1.0000  	[21.7, 27.1, 21.7, 21.7]	[hover, hover, front, hover]	[7.2358, 8.8944, 3.7875, 0.1388]
44   	2853.28     	0.001   	1.0000  	[21.7, 27.1, 21.7, 21.7]	[hover, hover, front, hover]	[3.9143, 4.5332, 4.0819, 0.1629]
45   	2844.81     	0.001   	1.0000  	[21.7, 27.1, 21.7, 21.7]	[hover, hover, front, right]	[1.4047, 2.0145, 3.4473, 0.1051]
46   	2837.48     	0.001   	1.0000  	[21.7, 27.1, 21.7, 21.7]	[hover, hover, front, right]	[0.5403, 0.9774, 3.4090, 0.8584]
47   	2082.52     	0.000   	1.0000  	[21.7, 27.1, 21.7, 21.7]	[back, back, front, right]	[0.1782, 0.3336, 1.5185, 3.3713]
48   	1926.40     	0.000   	1.0000  	[21.7, 27.1, 21.7, 21.7]	[back, right, hover, right]	[0.3586, 0.3063, 0.5771, 4.3608]
49   	1920.56     	0.000   	1.0000  	[21.7, 27.1, 21.7, 21.7]	[back, hover, hover, right]	[0.9410, 0.2578, 0.1507, 2.2790]
50   	1913.87     	0.000   	1.0000  	[21.7, 27.1, 21.7, 21.7]	[back, hover, front, down]	[1.4215, 0.1486, 0.0804, 1.6613]
51   	1907.18     	0.000   	1.0000  	[21.7, 27.1, 21.7, 16.2]	[back, down, front, back]	[2.1915, 0.1465, 0.0372, 1.2808]
52   	1898.18     	0.000   	1.0000  	[21.7, 21.7, 21.7, 16.2]	[back, back, front, right]	[2.6888, 0.1319, 0.0772, 0.9958]
53   	1890.93     	0.000   	1.0000  	[21.7, 21.7, 21.7, 16.2]	[back, back, hover, right]	[2.9765, 0.0383, 0.1504, 0.8632]
54   	1883.62     	0.000   	1.0000  	[21.7, 21.7, 21.7, 16.2]	[back, back, hover, right]	[3.1957, 0.0761, 0.0573, 2.1850]
55   	1875.76     	0.000   	1.0000  	[21.7, 21.7, 21.7, 16.2]	[hover, back, hover, right]	[1.4374, 0.4433, 0.0253, 5.5301]
56   	1873.01     	0.000   	1.0000  	[21.7, 21.7, 21.7, 16.2]	[hover, back, hover, right]	[0.6923, 0.4329, 0.0116, 2.8783]
57   	1870.34     	0.000   	1.0000  	[21.7, 21.7, 21.7, 16.2]	[down, back, hover, down]	[0.5543, 0.5397, 0.0051, 2.1013]
58   	1869.43     	0.000   	1.0000  	[16.2, 21.7, 21.7, 10.8]	[right, back, down, back]	[0.1693, 0.2684, 0.0080, 0.7234]
59   	1869.49     	0.000   	1.0000  	[16.2, 21.7, 16.2, 10.8]	[back, back, back, right]	[0.0877, 0.0819, 0.0414, 0.1486]
60   	1869.08     	0.000   	1.0000  	[16.2, 21.7, 16.2, 10.8]	[back, back, hover, hover]	[0.1814, 0.0943, 0.0268, 0.3408]
61   	1869.00     	0.000   	1.0000  	[16.2, 21.7, 16.2, 10.8]	[back, back, hover, front]	[0.0328, 0.0096, 0.0172, 0.0541]
62   	1869.08     	0.000   	1.0000  	[16.2, 21.7, 16.2, 10.8]	[hover, right, front, front]	[0.0017, 0.0004, 0.0107, 0.0036]
63   	1869.32     	0.000   	1.0000  	[16.2, 21.7, 16.2, 10.8]	[hover, down, left, front]	[0.0002, 0.0024, 0.0561, 0.0036]
64   	1869.61     	0.000   	1.0000  	[16.2, 16.2, 16.2, 10.8]	[hover, down, left, back]	[0.0001, 0.0070, 0.1942, 0.0015]
65   	1869.74     	0.000   	1.0000  	[16.2, 10.8, 16.2, 10.8]	[hover, left, left, front]	[0.0000, 0.0001, 0.2263, 0.0004]
66   	1869.67     	0.000   	1.0000  	[16.2, 10.8, 16.2, 10.8]	[back, hover, left, front]	[-0.0000, -0.0000, 0.0854, 0.0001]
67   	1869.52     	0.000   	1.0000  	[16.2, 10.8, 16.2, 10.8]	[down, hover, left, right]	[-0.0000, -0.0000, 0.1801, 0.0001]
68   	1869.71     	0.000   	1.0000  	[10.8, 10.8, 16.2, 10.8]	[right, hover, back, front]	[-0.0000, 0.0001, 0.2481, 0.0003]
69   	1869.66     	0.000   	1.0000  	[10.8, 10.8, 16.2, 10.8]	[right, hover, back, front]	[-0.0000, 0.0000, 0.1244, 0.0000]
70   	1869.54     	0.000   	1.0000  	[10.8, 10.8, 16.2, 10.8]	[hover, right, back, back]	[-0.0000, -0.0000, 0.2270, 0.0001]
71   	1869.43     	0.000   	1.0000  	[10.8, 10.8, 16.2, 10.8]	[hover, right, hover, front]	[-0.0000, -0.0000, 0.2470, 0.0000]
72   	1869.31     	0.000   	1.0000  	[10.8, 10.8, 16.2, 10.8]	[hover, right, hover, front]	[-0.0000, -0.0000, 0.2493, 0.0001]
73   	1869.20     	0.000   	1.0000  	[10.8, 10.8, 16.2, 10.8]	[hover, hover, hover, front]	[-0.0000, -0.0000, 0.2161, -0.0000]
74   	1868.81     	0.000   	1.0000  	[10.8, 10.8, 16.2, 10.8]	[hover, hover, hover, front]	[-0.0000, -0.0000, 0.1641, 0.4604]
75   	1868.68     	0.000   	1.0000  	[10.8, 10.8, 16.2, 10.8]	[hover, hover, back, front]	[-0.0000, -0.0000, 0.1063, 0.1445]
76   	1868.63     	0.000   	1.0000  	[10.8, 10.8, 16.2, 10.8]	[hover, hover, back, front]	[-0.0000, -0.0000, 0.0736, 0.0306]
77   	1868.53     	0.000   	1.0000  	[10.8, 10.8, 16.2, 10.8]	[hover, hover, right, front]	[-0.0000, -0.0000, 0.0501, 0.1188]
78   	1855.91     	0.000   	1.0000  	[10.8, 10.8, 16.2, 10.8]	[hover, hover, right, left]	[-0.0000, -0.0000, 0.0354, 0.0149]
79   	1855.81     	0.000   	1.0000  	[10.8, 10.8, 16.2, 10.8]	[hover, hover, right, right]	[-0.0000, -0.0000, 0.1840, -0.0000]
80   	1855.74     	0.000   	1.0000  	[10.8, 10.8, 16.2, 10.8]	[hover, hover, hover, front]	[-0.0000, -0.0000, 0.1326, -0.0000]
81   	1855.68     	0.000   	1.0000  	[10.8, 10.8, 16.2, 10.8]	[hover, hover, hover, front]	[-0.0000, -0.0000, 0.0905, -0.0000]
82   	1855.64     	0.000   	1.0000  	[10.8, 10.8, 16.2, 10.8]	[hover, hover, hover, hover]	[-0.0000, -0.0000, 0.0532, -0.0000]
83   	1855.62     	0.000   	1.0000  	[10.8, 10.8, 16.2, 10.8]	[hover, hover, hover, hover]	[-0.0000, -0.0000, 0.0300, -0.0000]
84   	1855.60     	0.000   	1.0000  	[10.8, 10.8, 16.2, 10.8]	[hover, hover, hover, hover]	[-0.0000, -0.0000, 0.0170, -0.0000]
85   	1855.59     	0.000   	1.0000  	[10.8, 10.8, 16.2, 10.8]	[hover, hover, hover, hover]	[-0.0000, -0.0000, 0.0101, -0.0000]
86   	1855.59     	0.000   	1.0000  	[10.8, 10.8, 16.2, 10.8]	[hover, hover, hover, hover]	[-0.0000, -0.0000, 0.0057, -0.0000]
87   	1855.59     	0.000   	1.0000  	[10.8, 10.8, 16.2, 10.8]	[hover, hover, right, hover]	[-0.0000, -0.0000, 0.0033, -0.0000]
88   	1855.60     	0.000   	1.0000  	[10.8, 10.8, 16.2, 10.8]	[hover, hover, right, hover]	[-0.0000, -0.0000, 0.0016, -0.0000]
89   	1855.70     	0.000   	1.0000  	[10.8, 10.8, 16.2, 10.8]	[hover, hover, hover, hover]	[-0.0000, -0.0000, 0.0105, -0.0000]
90   	1855.65     	0.000   	1.0000  	[10.8, 10.8, 16.2, 10.8]	[hover, hover, hover, hover]	[-0.0000, -0.0000, 0.0623, -0.0000]
91   	1855.62     	0.000   	1.0000  	[10.8, 10.8, 16.2, 10.8]	[hover, hover, hover, hover]	[-0.0000, -0.0000, 0.0326, -0.0000]
92   	1855.60     	0.000   	1.0000  	[10.8, 10.8, 16.2, 10.8]	[hover, hover, hover, hover]	[-0.0000, -0.0000, 0.0174, -0.0000]
93   	1855.59     	0.000   	1.0000  	[10.8, 10.8, 16.2, 10.8]	[hover, hover, hover, hover]	[-0.0000, -0.0000, 0.0089, -0.0000]
94   	1855.63     	0.000   	1.0000  	[10.8, 10.8, 16.2, 10.8]	[hover, hover, hover, hover]	[-0.0000, -0.0000, 0.0044, -0.0000]
95   	1855.61     	0.000   	1.0000  	[10.8, 10.8, 16.2, 10.8]	[hover, hover, hover, hover]	[-0.0000, -0.0000, 0.0251, -0.0000]
96   	1855.71     	0.000   	1.0000  	[10.8, 10.8, 16.2, 10.8]	[hover, hover, hover, hover]	[-0.0000, -0.0000, 0.0124, -0.0000]
97   	1855.98     	0.000   	1.0000  	[10.8, 10.8, 16.2, 10.8]	[hover, hover, hover, hover]	[-0.0000, -0.0000, 0.0698, -0.0000]
98   	1855.85     	0.000   	1.0000  	[10.8, 10.8, 16.2, 10.8]	[hover, hover, hover, hover]	[-0.0000, -0.0000, 0.2159, -0.0000]
99   	1855.75     	0.000   	1.0000  	[10.8, 10.8, 16.2, 10.8]	[hover, hover, hover, hover]	[-0.0000, -0.0000, 0.1554, -0.0000]
[2025-12-18T15:08:49]
Strategy: greedy_ig
Pairwise: adaptive
News mode: IG_BM
Num agents: 4
Iteration: 12
Error margin: None
Gaussian radius 5 
Grid info: range: 0-50-50, cell_size:0.125, map shape: (400, 400), center:True
init UAV positions: [(-20.0, -20.0, 5.4), (-20.0, 15.0, 5.4), (15.0, -25.0, 5.4), (25.0, 15.0, 5.4)]
mcts_params: {}
Step	Entropy	MSE	Coverage	Heights	Actions	IGs
------------------------------------------------------------------------------------------------------------------------
0    	160000.00   	0.250   	0.0000  	[5.4, 5.4, 5.4, 5.4]	[-, -, -, -]	[-, -, -, -]
1    	157990.25   	0.240   	0.0469  	[5.4, 5.4, 5.4, 5.4]	[up, up, up, up]	[3162.6921, 3514.1024, 1952.2791, 1952.2791]
2    	157267.44   	0.233   	0.1694  	[10.8, 10.8, 10.8, 10.8]	[up, up, up, up]	[2334.3796, 2909.4264, 2007.7739, 1927.3829]
3    	156566.64   	0.226   	0.3311  	[16.2, 16.2, 16.2, 16.2]	[right, right, front, left]	[2260.3982, 2718.5667, 2072.9048, 1958.5456]
4    	155870.91   	0.220   	0.4194  	[16.2, 16.2, 16.2, 16.2]	[front, right, front, left]	[2375.3243, 2510.9341, 1988.7112, 1899.4388]
5    	155184.44   	0.214   	0.5116  	[16.2, 16.2, 16.2, 16.2]	[front, up, front, left]	[2245.6725, 2444.0704, 1864.8471, 1855.3939]
6    	154488.02   	0.208   	0.6394  	[16.2, 21.7, 16.2, 16.2]	[right, back, up, up]	[2081.7872, 2481.0258, 1893.4458, 1902.3118]
7    	146955.92   	0.180   	0.8050  	[16.2, 21.7, 21.7, 21.7]	[up, right, front, left]	[2254.0136, 2458.1551, 2005.5802, 2027.7775]
8    	103076.77   	0.092   	0.9339  	[21.7, 21.7, 21.7, 21.7]	[right, back, left, back]	[2213.3654, 2313.1687, 2059.1241, 1983.1377]
9    	95919.98    	0.080   	0.9992  	[21.7, 21.7, 21.7, 21.7]	[front, right, front, back]	[1666.4966, 1713.1824, 1712.1445, 1556.4925]
10   	54202.71    	0.043   	0.9992  	[21.7, 21.7, 21.7, 21.7]	[right, back, left, left]	[1127.1298, 1129.8735, 1261.9072, 1005.4852]
11   	16506.50    	0.013   	0.9992  	[21.7, 21.7, 21.7, 21.7]	[front, right, left, up]	[628.4183, 497.4532, 580.7927, 613.4597]
12   	13958.49    	0.011   	0.9992  	[21.7, 21.7, 21.7, 27.1]	[left, right, back, front]	[266.4386, 232.0213, 359.4396, 308.0125]
13   	12102.71    	0.009   	0.9995  	[21.7, 21.7, 21.7, 27.1]	[left, front, left, left]	[281.5255, 144.4800, 204.1960, 211.4527]
14   	9428.90     	0.006   	1.0000  	[21.7, 21.7, 21.7, 27.1]	[front, front, left, left]	[216.0884, 200.4011, 108.6595, 145.0985]
15   	8361.49     	0.005   	1.0000  	[21.7, 21.7, 21.7, 27.1]	[front, front, left, left]	[134.2678, 171.3988, 65.2916, 94.4989]
16   	7628.07     	0.005   	1.0000  	[21.7, 21.7, 21.7, 27.1]	[front, left, left, left]	[74.8066, 108.9278, 43.9415, 69.8427]
17   	7054.67     	0.004   	1.0000  	[21.7, 21.7, 21.7, 27.1]	[front, left, left, left]	[40.2262, 81.9930, 36.0229, 65.8529]
18   	6546.21     	0.004   	1.0000  	[21.7, 21.7, 21.7, 27.1]	[front, left, left, left]	[26.7469, 74.3227, 59.4259, 83.8658]
19   	5358.18     	0.003   	1.0000  	[21.7, 21.7, 21.7, 27.1]	[front, left, front, hover]	[33.2181, 70.7305, 39.2100, 45.9021]
20   	5132.54     	0.003   	1.0000  	[21.7, 21.7, 21.7, 27.1]	[front, hover, front, hover]	[46.1865, 37.7016, 21.7749, 22.8582]
21   	4997.47     	0.003   	1.0000  	[21.7, 21.7, 21.7, 27.1]	[right, hover, front, hover]	[26.2028, 18.6460, 12.2419, 11.9136]
22   	4904.35     	0.003   	1.0000  	[21.7, 21.7, 21.7, 27.1]	[right, hover, front, hover]	[19.2426, 10.2360, 6.7942, 6.2548]
23   	4833.64     	0.002   	1.0000  	[21.7, 21.7, 21.7, 27.1]	[right, back, hover, back]	[14.0189, 5.8237, 4.0683, 4.1002]
24   	4763.84     	0.002   	1.0000  	[21.7, 21.7, 21.7, 27.1]	[right, up, back, back]	[13.1853, 4.2711, 2.4061, 5.1615]
25   	4706.19     	0.002   	1.0000  	[21.7, 27.1, 21.7, 27.1]	[right, right, back, back]	[17.2126, 3.3285, 2.0969, 5.9106]
26   	4634.10     	0.002   	1.0000  	[21.7, 27.1, 21.7, 27.1]	[right, right, back, back]	[18.7024, 2.3077, 2.0419, 7.5606]
27   	4569.17     	0.002   	1.0000  	[21.7, 27.1, 21.7, 27.1]	[right, right, back, back]	[21.4340, 2.8190, 6.2080, 8.0616]
28   	4466.76     	0.002   	1.0000  	[21.7, 27.1, 21.7, 27.1]	[up, right, hover, back]	[35.4594, 11.5561, 3.7286, 11.2329]
29   	4312.24     	0.002   	1.0000  	[27.1, 27.1, 21.7, 27.1]	[back, right, right, back]	[42.7981, 18.8592, 2.4176, 23.1061]
30   	4064.25     	0.002   	1.0000  	[27.1, 27.1, 21.7, 27.1]	[back, right, right, right]	[47.9325, 25.2706, 3.3349, 14.3065]
31   	3870.50     	0.002   	1.0000  	[27.1, 27.1, 21.7, 27.1]	[right, right, right, right]	[53.1974, 41.5055, 2.4718, 10.1682]
32   	3188.21     	0.001   	1.0000  	[27.1, 27.1, 21.7, 27.1]	[back, right, up, right]	[48.1642, 43.6860, 2.3394, 10.4519]
33   	2830.23     	0.001   	1.0000  	[27.1, 27.1, 27.1, 27.1]	[back, back, right, right]	[37.4299, 37.4079, 1.7759, 11.9050]
34   	2644.61     	0.001   	1.0000  	[27.1, 27.1, 27.1, 27.1]	[back, back, right, right]	[31.6716, 29.0394, 2.2622, 15.3277]
35   	2436.85     	0.001   	1.0000  	[27.1, 27.1, 27.1, 27.1]	[back, back, right, right]	[28.1856, 21.7557, 4.6554, 50.1816]
36   	2259.94     	0.000   	1.0000  	[27.1, 27.1, 27.1, 27.1]	[back, back, right, hover]	[23.1225, 17.1596, 11.2493, 30.7579]
37   	2116.99     	0.000   	1.0000  	[27.1, 27.1, 27.1, 27.1]	[back, back, right, hover]	[16.0895, 13.2071, 24.0300, 17.0248]
38   	2044.61     	0.000   	1.0000  	[27.1, 27.1, 27.1, 27.1]	[hover, back, front, hover]	[7.8553, 9.1788, 13.4243, 8.3669]
39   	1999.66     	0.000   	1.0000  	[27.1, 27.1, 27.1, 27.1]	[hover, back, hover, hover]	[4.6646, 6.8157, 7.0096, 4.7191]
40   	1977.60     	0.000   	1.0000  	[27.1, 27.1, 27.1, 27.1]	[hover, hover, hover, hover]	[2.3072, 3.3969, 3.4038, 2.3002]
41   	1968.48     	0.000   	1.0000  	[27.1, 27.1, 27.1, 27.1]	[hover, hover, hover, hover]	[1.1560, 1.6001, 1.6259, 1.2068]
42   	1962.16     	0.000   	1.0000  	[27.1, 27.1, 27.1, 27.1]	[hover, hover, hover, hover]	[0.6637, 0.8933, 0.9801, 0.7330]
43   	1959.93     	0.000   	1.0000  	[27.1, 27.1, 27.1, 27.1]	[hover, hover, hover, hover]	[0.2808, 0.3786, 0.5029, 0.3283]
44   	1960.01     	0.000   	1.0000  	[27.1, 27.1, 27.1, 27.1]	[hover, hover, down, front]	[0.2200, 0.2180, 0.3612, 0.2426]
45   	1958.98     	0.000   	1.0000  	[27.1, 27.1, 21.7, 27.1]	[back, hover, right, right]	[0.2461, 0.2286, 0.5959, 0.2565]
46   	1957.37     	0.000   	1.0000  	[27.1, 27.1, 21.7, 27.1]	[back, hover, back, down]	[0.1734, 0.1509, 0.4636, 0.2316]
47   	1956.90     	0.000   	1.0000  	[27.1, 27.1, 21.7, 21.7]	[back, hover, back, back]	[0.0645, 0.0492, 0.2182, 0.1183]
48   	1956.37     	0.000   	1.0000  	[27.1, 27.1, 21.7, 21.7]	[back, front, hover, back]	[0.0423, 0.0370, 0.1385, 0.0685]
49   	1956.13     	0.000   	1.0000  	[27.1, 27.1, 21.7, 21.7]	[left, right, back, back]	[0.0234, 0.0126, 0.0514, 0.0221]
50   	1955.89     	0.000   	1.0000  	[27.1, 27.1, 21.7, 21.7]	[left, down, left, down]	[0.0778, 0.0089, 0.0258, 0.0156]
51   	1955.35     	0.000   	1.0000  	[27.1, 21.7, 21.7, 16.2]	[left, back, back, right]	[0.1228, 0.0061, 0.0108, 0.0066]
52   	1955.24     	0.000   	1.0000  	[27.1, 21.7, 21.7, 16.2]	[left, back, down, left]	[0.0617, 0.0008, 0.0094, 0.0007]
53   	1954.77     	0.000   	1.0000  	[27.1, 21.7, 16.2, 16.2]	[left, left, left, back]	[0.2245, 0.0003, 0.0487, 0.0011]
54   	1954.67     	0.000   	1.0000  	[27.1, 21.7, 16.2, 16.2]	[left, right, hover, right]	[0.7727, 0.0001, 0.0048, 0.0002]
55   	1953.40     	0.000   	1.0000  	[27.1, 21.7, 16.2, 16.2]	[left, back, hover, back]	[1.6455, 0.0002, 0.0261, 0.0010]
56   	1951.72     	0.000   	1.0000  	[27.1, 21.7, 16.2, 16.2]	[front, back, hover, right]	[1.3195, 0.0003, 0.0040, 0.0008]
57   	1950.86     	0.000   	1.0000  	[27.1, 21.7, 16.2, 16.2]	[front, back, left, right]	[0.9312, 0.0000, 0.0004, 0.0001]
58   	1950.12     	0.000   	1.0000  	[27.1, 21.7, 16.2, 16.2]	[front, right, left, right]	[0.7529, 0.0001, 0.0000, 0.0001]
59   	1949.57     	0.000   	1.0000  	[27.1, 21.7, 16.2, 16.2]	[down, down, left, hover]	[0.5358, -0.0000, 0.0005, 0.0000]
60   	1949.02     	0.000   	1.0000  	[21.7, 16.2, 16.2, 16.2]	[left, right, left, hover]	[0.5951, 0.0000, 0.0003, -0.0000]
61   	1948.91     	0.000   	1.0000  	[21.7, 16.2, 16.2, 16.2]	[down, right, hover, down]	[0.4725, 0.0000, 0.0014, -0.0000]
62   	1948.89     	0.000   	1.0000  	[16.2, 16.2, 16.2, 10.8]	[left, hover, hover, front]	[0.4085, -0.0000, 0.0005, -0.0000]
63   	1949.04     	0.000   	1.0000  	[16.2, 16.2, 16.2, 10.8]	[back, hover, hover, hover]	[0.4404, 0.0000, 0.0031, 0.0000]
64   	1948.60     	0.000   	1.0000  	[16.2, 16.2, 16.2, 10.8]	[left, down, hover, hover]	[0.5450, -0.0000, 0.0162, -0.0000]
65   	1948.71     	0.000   	1.0000  	[16.2, 10.8, 16.2, 10.8]	[front, hover, hover, back]	[0.3274, -0.0000, 0.0072, -0.0000]
66   	1948.70     	0.000   	1.0000  	[16.2, 10.8, 16.2, 10.8]	[front, hover, right, hover]	[0.3593, -0.0000, 0.0028, -0.0000]
67   	1948.37     	0.000   	1.0000  	[16.2, 10.8, 16.2, 10.8]	[front, hover, right, hover]	[0.5604, -0.0000, 0.0013, -0.0000]
68   	1948.24     	0.000   	1.0000  	[16.2, 10.8, 16.2, 10.8]	[hover, hover, right, hover]	[0.2795, -0.0000, 0.0100, -0.0000]
69   	1948.65     	0.000   	1.0000  	[16.2, 10.8, 16.2, 10.8]	[front, hover, right, hover]	[0.1639, -0.0000, 0.0064, -0.0000]
70   	1948.51     	0.000   	1.0000  	[16.2, 10.8, 16.2, 10.8]	[front, hover, hover, hover]	[0.5270, -0.0000, 0.0043, -0.0000]
71   	1948.24     	0.000   	1.0000  	[16.2, 10.8, 16.2, 10.8]	[front, hover, hover, hover]	[0.5191, -0.0000, 0.0029, -0.0000]
72   	1948.29     	0.000   	1.0000  	[16.2, 10.8, 16.2, 10.8]	[up, hover, hover, hover]	[0.5589, -0.0000, 0.0019, -0.0000]
73   	1948.36     	0.000   	1.0000  	[21.7, 10.8, 16.2, 10.8]	[left, hover, hover, hover]	[0.5114, -0.0000, 0.0013, -0.0000]
74   	1948.30     	0.000   	1.0000  	[21.7, 10.8, 16.2, 10.8]	[hover, hover, hover, hover]	[0.4555, -0.0000, 0.0008, -0.0000]
75   	1948.12     	0.000   	1.0000  	[21.7, 10.8, 16.2, 10.8]	[hover, hover, right, hover]	[0.3374, -0.0000, 0.0005, -0.0000]
76   	1948.49     	0.000   	1.0000  	[21.7, 10.8, 16.2, 10.8]	[front, hover, hover, hover]	[0.3116, -0.0000, 0.0003, -0.0000]
77   	1948.30     	0.000   	1.0000  	[21.7, 10.8, 16.2, 10.8]	[back, hover, hover, hover]	[0.3276, -0.0000, 0.0002, -0.0000]
78   	1948.13     	0.000   	1.0000  	[21.7, 10.8, 16.2, 10.8]	[hover, hover, hover, hover]	[0.3266, -0.0000, 0.0002, -0.0000]
79   	1948.31     	0.000   	1.0000  	[21.7, 10.8, 16.2, 10.8]	[hover, hover, hover, hover]	[0.2941, -0.0000, 0.0001, -0.0000]
80   	1948.53     	0.000   	1.0000  	[21.7, 10.8, 16.2, 10.8]	[hover, hover, hover, hover]	[0.2217, -0.0000, 0.0001, -0.0000]
81   	1948.52     	0.000   	1.0000  	[21.7, 10.8, 16.2, 10.8]	[hover, hover, hover, hover]	[0.2016, -0.0000, 0.0000, -0.0000]
82   	1948.41     	0.000   	1.0000  	[21.7, 10.8, 16.2, 10.8]	[hover, hover, hover, hover]	[0.1946, -0.0000, 0.0000, -0.0000]
83   	1948.35     	0.000   	1.0000  	[21.7, 10.8, 16.2, 10.8]	[hover, hover, hover, hover]	[0.0954, -0.0000, 0.0000, -0.0000]
84   	1948.41     	0.000   	1.0000  	[21.7, 10.8, 16.2, 10.8]	[hover, hover, hover, hover]	[0.0563, -0.0000, -0.0000, -0.0000]
85   	1948.41     	0.000   	1.0000  	[21.7, 10.8, 16.2, 10.8]	[hover, hover, hover, hover]	[0.1040, -0.0000, -0.0000, -0.0000]
86   	1948.31     	0.000   	1.0000  	[21.7, 10.8, 16.2, 10.8]	[hover, hover, down, hover]	[0.1210, -0.0000, -0.0000, -0.0000]
87   	1948.37     	0.000   	1.0000  	[21.7, 10.8, 10.8, 10.8]	[hover, hover, back, hover]	[0.0746, -0.0000, -0.0000, -0.0000]
88   	1948.48     	0.000   	1.0000  	[21.7, 10.8, 10.8, 10.8]	[hover, hover, right, hover]	[0.0873, -0.0000, -0.0000, -0.0000]
89   	1948.63     	0.000   	1.0000  	[21.7, 10.8, 10.8, 10.8]	[hover, hover, hover, hover]	[0.1473, -0.0000, -0.0000, -0.0000]
90   	1948.80     	0.000   	1.0000  	[21.7, 10.8, 10.8, 10.8]	[hover, hover, hover, hover]	[0.2083, -0.0000, -0.0000, -0.0000]
91   	1948.66     	0.000   	1.0000  	[21.7, 10.8, 10.8, 10.8]	[hover, hover, hover, hover]	[0.2458, -0.0000, -0.0000, -0.0000]
92   	1948.51     	0.000   	1.0000  	[21.7, 10.8, 10.8, 10.8]	[hover, hover, hover, hover]	[0.2163, -0.0000, -0.0000, -0.0000]
93   	1948.38     	0.000   	1.0000  	[21.7, 10.8, 10.8, 10.8]	[hover, hover, hover, hover]	[0.1659, -0.0000, -0.0000, -0.0000]
94   	1948.49     	0.000   	1.0000  	[21.7, 10.8, 10.8, 10.8]	[hover, hover, hover, hover]	[0.0875, -0.0000, -0.0000, -0.0000]
95   	1948.42     	0.000   	1.0000  	[21.7, 10.8, 10.8, 10.8]	[hover, hover, hover, hover]	[0.1492, -0.0000, -0.0000, -0.0000]
96   	1948.42     	0.000   	1.0000  	[21.7, 10.8, 10.8, 10.8]	[hover, hover, hover, hover]	[0.1247, -0.0000, -0.0000, -0.0000]
97   	1948.47     	0.000   	1.0000  	[21.7, 10.8, 10.8, 10.8]	[hover, hover, hover, hover]	[0.1266, -0.0000, -0.0000, -0.0000]
98   	1948.57     	0.000   	1.0000  	[21.7, 10.8, 10.8, 10.8]	[front, hover, hover, hover]	[0.1546, -0.0000, -0.0000, -0.0000]
99   	1948.60     	0.000   	1.0000  	[21.7, 10.8, 10.8, 10.8]	[down, hover, hover, hover]	[0.2909, -0.0000, -0.0000, -0.0000]
[2025-12-18T15:09:01]
Strategy: greedy_ig
Pairwise: adaptive
News mode: IG_BM
Num agents: 4
Iteration: 13
Error margin: None
Gaussian radius 5 
Grid info: range: 0-50-50, cell_size:0.125, map shape: (400, 400), center:True
init UAV positions: [(0.0, -5.0, 5.4), (-5.0, 25.0, 5.4), (5.0, -20.0, 5.4), (20.0, 5.0, 5.4)]
mcts_params: {}
Step	Entropy	MSE	Coverage	Heights	Actions	IGs
------------------------------------------------------------------------------------------------------------------------
0    	160000.00   	0.250   	0.0000  	[5.4, 5.4, 5.4, 5.4]	[-, -, -, -]	[-, -, -, -]
1    	156333.33   	0.234   	0.0547  	[5.4, 5.4, 5.4, 5.4]	[up, up, up, up]	[3904.5582, 1952.2791, 3514.1024, 3514.1024]
2    	148664.45   	0.211   	0.2062  	[10.8, 10.8, 10.8, 10.8]	[up, up, up, up]	[3856.4648, 2144.3624, 2763.8930, 3176.4619]
3    	144299.32   	0.196   	0.4059  	[16.2, 16.2, 16.2, 16.2]	[up, back, up, left]	[3282.6864, 2487.0326, 1975.9640, 3072.8658]
4    	116510.42   	0.152   	0.5463  	[21.7, 16.2, 21.7, 16.2]	[front, back, front, up]	[2494.4095, 2667.0897, 1544.0988, 2674.6326]
5    	99519.61    	0.125   	0.6323  	[21.7, 16.2, 21.7, 21.7]	[left, up, right, left]	[2055.4129, 2458.8745, 1305.1379, 2241.0221]
6    	92165.10    	0.110   	0.7152  	[21.7, 21.7, 21.7, 21.7]	[left, back, right, front]	[1878.7953, 1916.4804, 1352.8129, 1779.3480]
7    	89074.17    	0.101   	0.7869  	[21.7, 21.7, 21.7, 21.7]	[left, left, right, front]	[1881.7731, 1601.5781, 1130.0709, 1647.0446]
8    	87282.36    	0.094   	0.8667  	[21.7, 21.7, 21.7, 21.7]	[left, left, front, front]	[1950.0482, 1655.8535, 859.1159, 1292.1316]
9    	85697.72    	0.089   	0.9247  	[21.7, 21.7, 21.7, 21.7]	[back, back, front, down]	[1700.4671, 1378.2591, 560.3536, 925.9195]
10   	84165.14    	0.084   	0.9403  	[21.7, 21.7, 21.7, 16.2]	[back, left, front, front]	[1644.1646, 1166.3973, 415.4177, 634.3475]
11   	76265.57    	0.069   	0.9694  	[21.7, 21.7, 21.7, 16.2]	[back, back, front, right]	[1634.3283, 801.0505, 398.3600, 368.4748]
12   	75857.50    	0.068   	0.9912  	[21.7, 21.7, 21.7, 16.2]	[back, front, left, hover]	[1306.5197, 540.7042, 188.0374, 148.3650]
13   	75455.33    	0.067   	1.0000  	[21.7, 21.7, 21.7, 16.2]	[down, hover, up, hover]	[900.3899, 366.4126, 220.8337, 47.0928]
14   	65682.37    	0.053   	1.0000  	[16.2, 21.7, 27.1, 16.2]	[back, hover, left, left]	[747.8154, 238.9622, 268.8576, 29.3407]
15   	40408.46    	0.031   	1.0000  	[16.2, 21.7, 27.1, 16.2]	[left, back, front, left]	[780.7747, 168.7359, 251.5345, 36.5807]
16   	25188.76    	0.017   	1.0000  	[16.2, 21.7, 27.1, 16.2]	[hover, back, right, left]	[490.6858, 190.8346, 37.0078, 129.3102]
17   	24180.10    	0.016   	1.0000  	[16.2, 21.7, 27.1, 16.2]	[hover, back, back, back]	[314.4639, 123.6406, 33.3246, 42.0938]
18   	23154.02    	0.015   	1.0000  	[16.2, 21.7, 27.1, 16.2]	[hover, back, back, back]	[196.3298, 75.9818, 47.1910, 25.8438]
19   	21954.47    	0.014   	1.0000  	[16.2, 21.7, 27.1, 16.2]	[hover, back, back, back]	[123.0384, 51.3804, 55.7514, 17.9773]
20   	19837.32    	0.012   	1.0000  	[16.2, 21.7, 27.1, 16.2]	[right, back, left, up]	[80.7400, 44.6858, 41.0193, 18.4584]
21   	19695.98    	0.012   	1.0000  	[16.2, 21.7, 27.1, 21.7]	[left, back, right, up]	[62.6625, 48.4469, 29.7322, 15.9034]
22   	19404.69    	0.012   	1.0000  	[16.2, 21.7, 27.1, 27.1]	[right, back, hover, up]	[36.9936, 53.6946, 20.8427, 21.2624]
23   	19236.41    	0.012   	1.0000  	[16.2, 21.7, 27.1, 32.5]	[right, hover, hover, left]	[28.6242, 27.4258, 14.3262, 27.6367]
24   	11950.06    	0.006   	1.0000  	[16.2, 21.7, 27.1, 32.5]	[right, right, hover, left]	[27.4055, 13.3454, 9.8219, 45.0557]
25   	11475.63    	0.006   	1.0000  	[16.2, 21.7, 27.1, 32.5]	[right, left, hover, left]	[12.5912, 7.4877, 6.6690, 17.5175]
26   	11035.63    	0.006   	1.0000  	[16.2, 21.7, 27.1, 32.5]	[right, hover, hover, left]	[9.9787, 4.5723, 4.8751, 23.3522]
27   	10722.15    	0.006   	1.0000  	[16.2, 21.7, 27.1, 32.5]	[right, hover, hover, left]	[7.5852, 2.4463, 3.3551, 24.7062]
28   	10407.05    	0.006   	1.0000  	[16.2, 21.7, 27.1, 32.5]	[right, hover, hover, back]	[13.5286, 1.6774, 2.4513, 21.9253]
29   	10251.73    	0.005   	1.0000  	[16.2, 21.7, 27.1, 32.5]	[right, front, front, back]	[19.7400, 1.3843, 1.9426, 18.5533]
30   	10134.46    	0.005   	1.0000  	[16.2, 21.7, 27.1, 32.5]	[right, front, back, back]	[27.5677, 1.2731, 1.8294, 19.1874]
31   	10002.35    	0.005   	1.0000  	[16.2, 21.7, 27.1, 32.5]	[right, front, front, back]	[37.3192, 1.5724, 1.5047, 28.7345]
32   	2821.25     	0.001   	1.0000  	[16.2, 21.7, 27.1, 32.5]	[front, front, hover, back]	[12.3839, 2.7199, 1.2418, 34.4374]
33   	2811.15     	0.001   	1.0000  	[16.2, 21.7, 27.1, 32.5]	[back, front, hover, front]	[5.8277, 4.0010, 0.9405, 1.0882]
34   	2799.88     	0.001   	1.0000  	[16.2, 21.7, 27.1, 32.5]	[hover, front, front, front]	[2.0657, 6.7021, 0.7576, 1.2513]
35   	2783.71     	0.001   	1.0000  	[16.2, 21.7, 27.1, 32.5]	[front, front, front, front]	[1.3113, 13.6739, 1.0839, 1.7454]
36   	2740.75     	0.001   	1.0000  	[16.2, 21.7, 27.1, 32.5]	[front, front, front, front]	[1.4547, 40.4850, 2.1196, 5.4331]
37   	2706.03     	0.000   	1.0000  	[16.2, 21.7, 27.1, 32.5]	[front, hover, front, front]	[1.8923, 22.4824, 2.8004, 5.8541]
38   	2676.08     	0.000   	1.0000  	[16.2, 21.7, 27.1, 32.5]	[front, hover, front, hover]	[1.0948, 12.6406, 6.0312, 3.6420]
39   	2415.87     	0.000   	1.0000  	[16.2, 21.7, 27.1, 32.5]	[front, right, front, down]	[2.0268, 6.8403, 8.9459, 2.4016]
40   	2396.35     	0.000   	1.0000  	[16.2, 21.7, 27.1, 27.1]	[front, left, front, front]	[1.3754, 4.3387, 5.4471, 2.5953]
41   	2383.14     	0.000   	1.0000  	[16.2, 21.7, 27.1, 27.1]	[front, hover, down, left]	[1.2734, 2.8306, 4.0249, 2.2017]
42   	2373.23     	0.000   	1.0000  	[16.2, 21.7, 21.7, 27.1]	[front, hover, right, hover]	[1.9540, 1.7863, 3.7788, 1.2320]
43   	2369.60     	0.000   	1.0000  	[16.2, 21.7, 21.7, 27.1]	[front, right, front, hover]	[0.6150, 0.7819, 1.2793, 0.5305]
44   	1903.37     	0.000   	1.0000  	[16.2, 21.7, 21.7, 27.1]	[front, right, front, hover]	[0.8820, 0.7938, 0.5440, 0.3529]
45   	1899.65     	0.000   	1.0000  	[16.2, 21.7, 21.7, 27.1]	[front, right, front, hover]	[1.1176, 0.4120, 0.1770, 0.2611]
46   	1858.34     	0.000   	1.0000  	[16.2, 21.7, 21.7, 27.1]	[left, left, down, hover]	[0.5042, 0.1598, 0.0793, 0.2546]
47   	1858.13     	0.000   	1.0000  	[16.2, 21.7, 16.2, 27.1]	[right, left, right, hover]	[0.0861, 0.1809, 0.0209, 0.2134]
48   	1858.06     	0.000   	1.0000  	[16.2, 21.7, 16.2, 27.1]	[hover, left, back, hover]	[0.0105, 0.4969, 0.0052, 0.1815]
49   	1858.04     	0.000   	1.0000  	[16.2, 21.7, 16.2, 27.1]	[front, left, right, hover]	[0.0684, 0.2223, 0.0147, 0.1163]
50   	1858.26     	0.000   	1.0000  	[16.2, 21.7, 16.2, 27.1]	[up, left, right, hover]	[0.0076, 0.1714, 0.0012, 0.0987]
51   	1858.21     	0.000   	1.0000  	[21.7, 21.7, 16.2, 27.1]	[left, left, hover, hover]	[0.0050, 0.0915, 0.0003, 0.0507]
52   	1858.15     	0.000   	1.0000  	[21.7, 21.7, 16.2, 27.1]	[up, hover, hover, back]	[0.0072, 0.0323, 0.0002, 0.0233]
53   	1857.96     	0.000   	1.0000  	[27.1, 21.7, 16.2, 27.1]	[back, hover, hover, back]	[0.0040, 0.0070, 0.0000, 0.1138]
54   	1857.79     	0.000   	1.0000  	[27.1, 21.7, 16.2, 27.1]	[back, front, hover, back]	[0.0049, 0.0016, 0.0000, 0.1377]
55   	1857.75     	0.000   	1.0000  	[27.1, 21.7, 16.2, 27.1]	[back, down, hover, back]	[0.0059, 0.0010, 0.0000, 0.1656]
56   	1857.85     	0.000   	1.0000  	[27.1, 16.2, 16.2, 27.1]	[back, down, hover, down]	[0.0035, 0.0004, -0.0000, 0.2377]
57   	1855.15     	0.000   	1.0000  	[27.1, 10.8, 16.2, 21.7]	[back, front, down, down]	[0.0027, 0.0001, -0.0000, 0.3149]
58   	1854.82     	0.000   	1.0000  	[27.1, 10.8, 10.8, 16.2]	[down, back, back, up]	[0.0020, 0.0001, 0.0000, 0.1653]
59   	1854.75     	0.000   	1.0000  	[21.7, 10.8, 10.8, 21.7]	[left, front, back, up]	[0.0008, 0.0000, 0.0000, 0.0943]
60   	1854.65     	0.000   	1.0000  	[21.7, 10.8, 10.8, 27.1]	[right, front, back, back]	[0.0006, -0.0000, 0.0002, 0.1158]
61   	1854.37     	0.000   	1.0000  	[21.7, 10.8, 10.8, 27.1]	[hover, front, hover, back]	[0.0002, -0.0000, 0.0000, 0.2583]
62   	1853.95     	0.000   	1.0000  	[21.7, 10.8, 10.8, 27.1]	[left, hover, hover, back]	[0.0001, -0.0000, -0.0000, 0.2545]
63   	1853.79     	0.000   	1.0000  	[21.7, 10.8, 10.8, 27.1]	[right, hover, hover, back]	[0.0001, 0.0000, -0.0000, 0.1563]
64   	1853.65     	0.000   	1.0000  	[21.7, 10.8, 10.8, 27.1]	[up, hover, hover, down]	[0.0000, 0.0000, -0.0000, 0.1381]
65   	1853.54     	0.000   	1.0000  	[27.1, 10.8, 10.8, 21.7]	[back, hover, hover, left]	[0.0000, 0.0002, -0.0000, 0.1632]
66   	1853.59     	0.000   	1.0000  	[27.1, 10.8, 10.8, 21.7]	[back, hover, hover, hover]	[0.1401, 0.0000, -0.0000, 0.0789]
67   	1853.32     	0.000   	1.0000  	[27.1, 10.8, 10.8, 21.7]	[back, hover, hover, hover]	[0.2799, -0.0000, -0.0000, 0.0541]
68   	1853.36     	0.000   	1.0000  	[27.1, 10.8, 10.8, 21.7]	[down, hover, back, hover]	[0.3007, 0.0000, -0.0000, 0.0605]
69   	1853.19     	0.000   	1.0000  	[21.7, 10.8, 10.8, 21.7]	[back, hover, back, hover]	[0.5696, -0.0000, -0.0000, 0.1037]
70   	1853.02     	0.000   	1.0000  	[21.7, 10.8, 10.8, 21.7]	[back, hover, back, hover]	[0.4258, -0.0000, -0.0000, 0.0680]
71   	1853.11     	0.000   	1.0000  	[21.7, 10.8, 10.8, 21.7]	[back, hover, back, hover]	[0.4250, -0.0000, -0.0000, 0.1263]
72   	1853.03     	0.000   	1.0000  	[21.7, 10.8, 10.8, 21.7]	[back, hover, back, hover]	[0.3719, -0.0000, -0.0000, 0.0900]
73   	1852.77     	0.000   	1.0000  	[21.7, 10.8, 10.8, 21.7]	[back, hover, back, hover]	[0.3216, -0.0000, -0.0000, 0.1498]
74   	1852.49     	0.000   	1.0000  	[21.7, 10.8, 10.8, 21.7]	[back, hover, back, hover]	[0.2602, -0.0000, 0.3490, 0.1146]
75   	1852.25     	0.000   	1.0000  	[21.7, 10.8, 10.8, 21.7]	[hover, hover, back, hover]	[0.1181, -0.0000, 0.4018, 0.1530]
76   	1852.32     	0.000   	1.0000  	[21.7, 10.8, 10.8, 21.7]	[down, hover, back, hover]	[0.0571, -0.0000, 0.3755, 0.1189]
77   	1852.48     	0.000   	1.0000  	[16.2, 10.8, 10.8, 21.7]	[right, hover, back, hover]	[0.0656, -0.0000, 0.3250, 0.1480]
78   	1852.12     	0.000   	1.0000  	[16.2, 10.8, 10.8, 21.7]	[down, hover, left, hover]	[0.0861, -0.0000, 0.1722, 0.0906]
79   	1852.39     	0.000   	1.0000  	[10.8, 10.8, 10.8, 21.7]	[front, hover, left, hover]	[0.0169, -0.0000, 0.0386, 0.1333]
80   	1852.32     	0.000   	1.0000  	[10.8, 10.8, 10.8, 21.7]	[back, hover, left, hover]	[0.0856, -0.0000, 0.2057, 0.1513]
81   	1851.75     	0.000   	1.0000  	[10.8, 10.8, 10.8, 21.7]	[hover, hover, back, hover]	[0.0855, -0.0000, 0.2056, 0.1396]
82   	1851.51     	0.000   	1.0000  	[10.8, 10.8, 10.8, 21.7]	[hover, hover, hover, hover]	[0.0067, -0.0000, 0.2130, 0.1004]
83   	1851.60     	0.000   	1.0000  	[10.8, 10.8, 10.8, 21.7]	[hover, hover, up, hover]	[0.0002, -0.0000, 0.0101, 0.0617]
84   	1851.50     	0.000   	1.0000  	[10.8, 10.8, 16.2, 21.7]	[up, hover, left, hover]	[0.0000, -0.0000, 0.0765, 0.1242]
85   	1837.76     	0.000   	1.0000  	[16.2, 10.8, 16.2, 21.7]	[left, hover, left, hover]	[0.0002, -0.0000, 0.0539, 0.0842]
86   	1837.57     	0.000   	1.0000  	[16.2, 10.8, 16.2, 21.7]	[left, hover, front, hover]	[0.0080, -0.0000, 0.1378, 0.0502]
87   	1832.72     	0.000   	1.0000  	[16.2, 10.8, 16.2, 21.7]	[left, hover, down, hover]	[0.0025, -0.0000, 0.0379, 0.0343]
88   	1832.84     	0.000   	1.0000  	[16.2, 10.8, 10.8, 21.7]	[hover, hover, left, hover]	[0.0013, -0.0000, 0.1086, 0.0183]
89   	1833.22     	0.000   	1.0000  	[16.2, 10.8, 10.8, 21.7]	[hover, hover, front, down]	[0.0002, -0.0000, 0.0362, 0.0349]
90   	1833.47     	0.000   	1.0000  	[16.2, 10.8, 10.8, 16.2]	[front, hover, left, left]	[0.0008, -0.0000, 0.2137, 0.0280]
91   	1833.61     	0.000   	1.0000  	[16.2, 10.8, 10.8, 16.2]	[down, hover, hover, left]	[0.0624, -0.0000, 0.0830, 0.0138]
92   	1833.47     	0.000   	1.0000  	[10.8, 10.8, 10.8, 16.2]	[left, hover, front, down]	[0.2621, -0.0000, 0.0284, 0.0355]
93   	1833.49     	0.000   	1.0000  	[10.8, 10.8, 10.8, 10.8]	[right, hover, front, left]	[0.2400, -0.0000, 0.0080, 0.2260]
94   	1833.70     	0.000   	1.0000  	[10.8, 10.8, 10.8, 10.8]	[right, hover, hover, front]	[0.0839, -0.0000, 0.0000, 0.0884]
95   	1833.91     	0.000   	1.0000  	[10.8, 10.8, 10.8, 10.8]	[hover, hover, hover, hover]	[0.1436, -0.0000, 0.0000, 0.3687]
96   	1833.85     	0.000   	1.0000  	[10.8, 10.8, 10.8, 10.8]	[hover, hover, hover, hover]	[0.0511, -0.0000, -0.0000, 0.1901]
97   	1833.73     	0.000   	1.0000  	[10.8, 10.8, 10.8, 10.8]	[hover, hover, hover, hover]	[0.0070, -0.0000, -0.0000, 0.3366]
98   	1833.59     	0.000   	1.0000  	[10.8, 10.8, 10.8, 10.8]	[hover, hover, hover, hover]	[0.0286, -0.0000, -0.0000, 0.3829]
99   	1833.46     	0.000   	1.0000  	[10.8, 10.8, 10.8, 10.8]	[hover, hover, hover, hover]	[0.1986, -0.0000, 0.0000, 0.2535]
[2025-12-18T15:09:12]
Strategy: greedy_ig
Pairwise: adaptive
News mode: IG_BM
Num agents: 4
Iteration: 14
Error margin: None
Gaussian radius 5 
Grid info: range: 0-50-50, cell_size:0.125, map shape: (400, 400), center:True
init UAV positions: [(-15.0, -5.0, 5.4), (-15.0, 0.0, 5.4), (25.0, 0.0, 5.4), (15.0, 20.0, 5.4)]
mcts_params: {}
Step	Entropy	MSE	Coverage	Heights	Actions	IGs
------------------------------------------------------------------------------------------------------------------------
0    	160000.00   	0.250   	0.0000  	[5.4, 5.4, 5.4, 5.4]	[-, -, -, -]	[-, -, -, -]
1    	154987.16   	0.232   	0.0516  	[5.4, 5.4, 5.4, 5.4]	[up, up, up, up]	[3904.5582, 3904.5582, 1952.2791, 3514.1024]
2    	149704.79   	0.213   	0.1750  	[10.8, 10.8, 10.8, 10.8]	[up, up, up, up]	[3171.2472, 3173.1921, 2203.4117, 2845.4973]
3    	146839.68   	0.200   	0.3563  	[16.2, 16.2, 16.2, 16.2]	[up, up, left, back]	[2449.7698, 2452.4094, 2476.7176, 2409.0082]
4    	144361.45   	0.190   	0.4861  	[21.7, 21.7, 16.2, 16.2]	[right, right, left, up]	[2137.2338, 2143.9648, 2560.5943, 1759.8090]
5    	118716.95   	0.151   	0.5791  	[21.7, 21.7, 16.2, 21.7]	[right, right, left, left]	[1889.2542, 1891.9235, 2618.2389, 1658.0174]
6    	92755.81    	0.117   	0.6453  	[21.7, 21.7, 16.2, 21.7]	[up, up, back, left]	[1791.6512, 1792.6091, 2590.4747, 1636.9914]
7    	88367.67    	0.105   	0.7723  	[27.1, 27.1, 16.2, 21.7]	[back, front, back, left]	[1678.1129, 1379.1701, 2631.9207, 1269.9839]
8    	83952.48    	0.094   	0.8677  	[27.1, 27.1, 16.2, 21.7]	[right, front, back, left]	[1518.8741, 1344.5964, 2641.5598, 1123.3139]
9    	79715.33    	0.083   	0.9223  	[27.1, 27.1, 16.2, 21.7]	[right, front, back, left]	[1290.4395, 1283.3606, 2452.6765, 995.3284]
10   	76216.99    	0.073   	0.9614  	[27.1, 27.1, 16.2, 21.7]	[back, left, back, left]	[1045.0214, 946.2825, 2144.1414, 860.8830]
11   	73184.40    	0.067   	0.9950  	[27.1, 27.1, 16.2, 21.7]	[down, down, left, left]	[778.6389, 704.0653, 1267.9558, 773.2242]
12   	72054.11    	0.064   	0.9950  	[21.7, 21.7, 16.2, 21.7]	[back, front, left, left]	[589.0609, 668.3320, 711.7514, 675.3199]
13   	71272.26    	0.062   	0.9950  	[21.7, 21.7, 16.2, 21.7]	[left, left, left, left]	[413.7803, 472.0013, 422.5551, 602.5529]
14   	70716.75    	0.060   	0.9950  	[21.7, 21.7, 16.2, 21.7]	[left, hover, left, back]	[391.5979, 258.1419, 257.8309, 404.6824]
15   	70312.71    	0.059   	0.9966  	[21.7, 21.7, 16.2, 21.7]	[left, hover, left, hover]	[459.5311, 137.2718, 180.2275, 225.5465]
16   	69989.28    	0.058   	0.9981  	[21.7, 21.7, 16.2, 21.7]	[left, hover, left, back]	[409.2979, 74.2982, 131.6985, 135.1637]
17   	69670.46    	0.058   	1.0000  	[21.7, 21.7, 16.2, 21.7]	[hover, hover, left, up]	[284.8329, 38.5189, 111.5712, 128.2380]
18   	69312.19    	0.057   	1.0000  	[21.7, 21.7, 16.2, 27.1]	[hover, right, left, right]	[188.8862, 20.6416, 132.3855, 171.7903]
19   	23550.86    	0.017   	1.0000  	[21.7, 21.7, 16.2, 27.1]	[hover, right, left, back]	[113.0949, 25.6235, 174.3199, 212.9172]
20   	23123.69    	0.016   	1.0000  	[21.7, 21.7, 16.2, 27.1]	[hover, right, left, right]	[63.9323, 42.6581, 259.5038, 33.7625]
21   	22849.82    	0.016   	1.0000  	[21.7, 21.7, 16.2, 27.1]	[front, right, hover, right]	[25.7497, 74.1403, 107.3355, 47.4383]
22   	22623.92    	0.016   	1.0000  	[21.7, 21.7, 16.2, 27.1]	[back, right, hover, right]	[11.7511, 84.6812, 48.4317, 58.2355]
23   	22379.78    	0.015   	1.0000  	[21.7, 21.7, 16.2, 27.1]	[front, back, hover, right]	[6.0698, 91.8267, 17.3876, 61.7036]
24   	22148.55    	0.015   	1.0000  	[21.7, 21.7, 16.2, 27.1]	[front, right, front, right]	[4.6531, 105.2494, 8.0705, 63.4902]
25   	6312.66     	0.004   	1.0000  	[21.7, 21.7, 16.2, 27.1]	[front, back, front, right]	[3.6978, 108.4208, 7.0308, 75.5110]
26   	6144.98     	0.004   	1.0000  	[21.7, 21.7, 16.2, 27.1]	[right, right, front, right]	[1.6228, 64.1987, 2.1755, 84.2199]
27   	5989.51     	0.003   	1.0000  	[21.7, 21.7, 16.2, 27.1]	[front, right, front, front]	[1.6244, 67.8339, 1.2180, 63.4205]
28   	5902.66     	0.003   	1.0000  	[21.7, 21.7, 16.2, 27.1]	[up, right, front, hover]	[1.5764, 101.4811, 1.3534, 43.6918]
29   	5403.34     	0.003   	1.0000  	[27.1, 21.7, 16.2, 27.1]	[right, front, front, hover]	[1.8318, 64.3076, 1.5882, 26.2998]
30   	5325.77     	0.003   	1.0000  	[27.1, 21.7, 16.2, 27.1]	[right, front, front, hover]	[1.0184, 45.1204, 1.4949, 15.3745]
31   	5278.81     	0.003   	1.0000  	[27.1, 21.7, 16.2, 27.1]	[right, hover, front, hover]	[3.1838, 20.6060, 1.5212, 8.2877]
32   	5205.01     	0.002   	1.0000  	[27.1, 21.7, 16.2, 27.1]	[right, hover, front, hover]	[9.7057, 10.4193, 2.2808, 4.9047]
33   	5150.02     	0.002   	1.0000  	[27.1, 21.7, 16.2, 27.1]	[right, hover, front, back]	[17.4617, 4.6342, 4.7845, 2.6442]
34   	5073.33     	0.002   	1.0000  	[27.1, 21.7, 16.2, 27.1]	[right, back, hover, back]	[29.5681, 3.2947, 2.3105, 5.1366]
35   	4994.62     	0.002   	1.0000  	[27.1, 21.7, 16.2, 27.1]	[right, back, hover, back]	[41.1014, 2.8647, 1.8414, 8.7746]
36   	4868.60     	0.002   	1.0000  	[27.1, 21.7, 16.2, 27.1]	[back, back, hover, back]	[62.7918, 2.6190, 1.0518, 14.2405]
37   	4684.01     	0.002   	1.0000  	[27.1, 21.7, 16.2, 27.1]	[back, back, hover, back]	[94.5929, 5.6443, 0.4125, 26.2460]
38   	4474.23     	0.002   	1.0000  	[27.1, 21.7, 16.2, 27.1]	[back, back, hover, back]	[92.1887, 10.4038, 0.5541, 51.6194]
39   	4297.84     	0.002   	1.0000  	[27.1, 21.7, 16.2, 27.1]	[hover, back, hover, back]	[60.8006, 20.7254, 0.3462, 51.9052]
40   	4172.77     	0.001   	1.0000  	[27.1, 21.7, 16.2, 27.1]	[hover, back, left, down]	[36.0657, 32.0391, 0.2631, 30.9746]
41   	4055.07     	0.001   	1.0000  	[27.1, 21.7, 16.2, 21.7]	[hover, back, left, back]	[20.5535, 58.5272, 0.2639, 30.8348]
42   	4007.03     	0.001   	1.0000  	[27.1, 21.7, 16.2, 21.7]	[hover, hover, back, right]	[8.7561, 23.3189, 0.1718, 15.5138]
43   	3991.06     	0.001   	1.0000  	[27.1, 21.7, 16.2, 21.7]	[hover, hover, down, back]	[3.5249, 8.4321, 0.1050, 5.4992]
44   	3987.62     	0.001   	1.0000  	[27.1, 21.7, 10.8, 21.7]	[down, hover, back, down]	[1.4755, 2.8163, 0.3570, 2.9898]
45   	3985.23     	0.001   	1.0000  	[21.7, 21.7, 10.8, 16.2]	[back, back, back, right]	[0.9842, 1.0119, 0.1248, 2.1981]
46   	3984.33     	0.001   	1.0000  	[21.7, 21.7, 10.8, 16.2]	[hover, down, back, back]	[0.8529, 0.5400, 0.0280, 1.1354]
47   	3983.83     	0.001   	1.0000  	[21.7, 16.2, 10.8, 16.2]	[hover, right, right, down]	[0.4624, 0.4144, 0.0125, 0.3896]
48   	3983.21     	0.001   	1.0000  	[21.7, 16.2, 10.8, 10.8]	[hover, right, back, right]	[0.3687, 0.0795, 0.0041, 0.7158]
49   	3982.99     	0.001   	1.0000  	[21.7, 16.2, 10.8, 10.8]	[hover, back, back, left]	[0.3320, 0.0288, 0.0014, 0.1088]
50   	3982.68     	0.001   	1.0000  	[21.7, 16.2, 10.8, 10.8]	[hover, down, back, up]	[0.1564, 0.0385, 0.0314, 0.0439]
51   	3982.61     	0.001   	1.0000  	[21.7, 10.8, 10.8, 16.2]	[hover, left, back, down]	[0.0789, 0.0463, 0.1251, 0.0190]
52   	3982.48     	0.001   	1.0000  	[21.7, 10.8, 10.8, 10.8]	[hover, right, back, left]	[0.0315, 0.0067, 0.3818, 0.0175]
53   	3982.08     	0.001   	1.0000  	[21.7, 10.8, 10.8, 10.8]	[left, left, back, back]	[0.0142, 0.0014, 1.2799, 0.0012]
54   	3981.38     	0.001   	1.0000  	[21.7, 10.8, 10.8, 10.8]	[down, right, back, hover]	[0.0118, 0.0006, 2.5854, 0.0012]
55   	3980.95     	0.001   	1.0000  	[16.2, 10.8, 10.8, 10.8]	[front, right, hover, hover]	[0.0328, 0.0010, 1.4134, 0.0018]
56   	2840.04     	0.001   	1.0000  	[16.2, 10.8, 10.8, 10.8]	[left, front, hover, hover]	[0.0607, 0.0002, 0.8326, 0.0000]
57   	2839.50     	0.001   	1.0000  	[16.2, 10.8, 10.8, 10.8]	[down, front, hover, left]	[0.0394, 0.0007, 0.6339, -0.0000]
58   	2839.20     	0.001   	1.0000  	[10.8, 10.8, 10.8, 10.8]	[left, front, hover, left]	[0.0284, 0.0004, 0.1648, -0.0000]
59   	2839.10     	0.001   	1.0000  	[10.8, 10.8, 10.8, 10.8]	[hover, hover, up, up]	[0.0420, 0.0012, 0.0646, 0.0001]
60   	2838.96     	0.001   	1.0000  	[10.8, 10.8, 16.2, 16.2]	[hover, hover, down, front]	[0.0086, 0.0002, 0.0587, 0.0002]
61   	1947.84     	0.000   	1.0000  	[10.8, 10.8, 10.8, 16.2]	[hover, hover, up, left]	[0.0143, 0.0000, 0.0165, 0.0001]
62   	1947.89     	0.000   	1.0000  	[10.8, 10.8, 16.2, 16.2]	[hover, hover, right, left]	[0.0020, -0.0000, 0.0174, 0.0008]
63   	1948.24     	0.000   	1.0000  	[10.8, 10.8, 16.2, 16.2]	[hover, back, right, left]	[0.0197, 0.0000, 0.0147, 0.0029]
64   	1948.57     	0.000   	1.0000  	[10.8, 10.8, 16.2, 16.2]	[hover, back, front, left]	[0.0930, 0.0006, 0.0170, 0.0022]
65   	1948.73     	0.000   	1.0000  	[10.8, 10.8, 16.2, 16.2]	[hover, hover, left, back]	[0.3711, 0.0002, 0.0054, 0.0005]
66   	1948.70     	0.000   	1.0000  	[10.8, 10.8, 16.2, 16.2]	[hover, hover, down, hover]	[0.2578, 0.0000, 0.0020, 0.0008]
67   	1948.37     	0.000   	1.0000  	[10.8, 10.8, 10.8, 16.2]	[hover, front, up, hover]	[0.1414, 0.0007, 0.0007, 0.0005]
68   	1948.07     	0.000   	1.0000  	[10.8, 10.8, 16.2, 16.2]	[hover, front, right, hover]	[0.3625, 0.0002, 0.0001, 0.0000]
69   	1947.83     	0.000   	1.0000  	[10.8, 10.8, 16.2, 16.2]	[hover, hover, left, hover]	[0.3110, 0.0000, 0.0001, 0.0001]
70   	1947.79     	0.000   	1.0000  	[10.8, 10.8, 16.2, 16.2]	[right, hover, left, down]	[0.0973, -0.0000, 0.0001, -0.0000]
71   	1947.75     	0.000   	1.0000  	[10.8, 10.8, 16.2, 10.8]	[hover, front, back, left]	[0.0581, -0.0000, 0.0001, -0.0000]
72   	1947.73     	0.000   	1.0000  	[10.8, 10.8, 16.2, 10.8]	[hover, front, down, left]	[0.0301, 0.0001, 0.0000, -0.0000]
73   	1947.65     	0.000   	1.0000  	[10.8, 10.8, 10.8, 10.8]	[hover, front, left, left]	[0.0154, 0.0007, -0.0000, -0.0000]
74   	1947.62     	0.000   	1.0000  	[10.8, 10.8, 10.8, 10.8]	[right, front, front, left]	[0.0085, 0.0003, -0.0000, 0.0001]
75   	1947.62     	0.000   	1.0000  	[10.8, 10.8, 10.8, 10.8]	[back, front, left, left]	[0.0037, 0.0051, -0.0000, 0.0000]
76   	1947.57     	0.000   	1.0000  	[10.8, 10.8, 10.8, 10.8]	[right, front, front, left]	[0.0021, 1.0355, -0.0000, -0.0000]
77   	1947.56     	0.000   	1.0000  	[10.8, 10.8, 10.8, 10.8]	[hover, front, front, hover]	[0.0012, 0.5743, -0.0000, -0.0000]
78   	1947.54     	0.000   	1.0000  	[10.8, 10.8, 10.8, 10.8]	[hover, front, front, hover]	[0.0007, 0.5848, -0.0000, -0.0000]
79   	1947.47     	0.000   	1.0000  	[10.8, 10.8, 10.8, 10.8]	[front, front, hover, hover]	[0.0004, 2.1728, -0.0000, -0.0000]
80   	1947.29     	0.000   	1.0000  	[10.8, 10.8, 10.8, 10.8]	[hover, left, hover, hover]	[0.0041, 0.8381, -0.0000, -0.0000]
81   	1947.26     	0.000   	1.0000  	[10.8, 10.8, 10.8, 10.8]	[hover, hover, hover, hover]	[0.0014, 0.0589, -0.0000, -0.0000]
82   	1947.26     	0.000   	1.0000  	[10.8, 10.8, 10.8, 10.8]	[hover, hover, front, hover]	[0.0005, 0.0171, -0.0000, -0.0000]
83   	1947.26     	0.000   	1.0000  	[10.8, 10.8, 10.8, 10.8]	[hover, hover, front, hover]	[0.0063, 0.0060, -0.0000, -0.0000]
84   	1947.26     	0.000   	1.0000  	[10.8, 10.8, 10.8, 10.8]	[hover, left, front, hover]	[0.0021, 0.0037, 0.0006, -0.0000]
85   	1947.23     	0.000   	1.0000  	[10.8, 10.8, 10.8, 10.8]	[hover, left, front, hover]	[0.0007, 0.1112, 0.0003, -0.0000]
86   	1947.24     	0.000   	1.0000  	[10.8, 10.8, 10.8, 10.8]	[hover, left, front, hover]	[0.0002, 0.0363, 0.0001, -0.0000]
87   	1947.26     	0.000   	1.0000  	[10.8, 10.8, 10.8, 10.8]	[hover, left, front, hover]	[0.0001, 0.0504, 0.0001, -0.0000]
88   	1947.18     	0.000   	1.0000  	[10.8, 10.8, 10.8, 10.8]	[hover, left, front, hover]	[0.0000, 0.1419, 0.0001, -0.0000]
89   	1947.17     	0.000   	1.0000  	[10.8, 10.8, 10.8, 10.8]	[hover, left, front, hover]	[-0.0000, 0.0255, 0.0015, -0.0000]
90   	1852.08     	0.000   	1.0000  	[10.8, 10.8, 10.8, 10.8]	[hover, left, right, hover]	[-0.0000, 0.0205, 0.0003, -0.0000]
91   	1852.08     	0.000   	1.0000  	[10.8, 10.8, 10.8, 10.8]	[hover, left, front, hover]	[-0.0000, 0.0032, 0.0001, -0.0000]
92   	1852.08     	0.000   	1.0000  	[10.8, 10.8, 10.8, 10.8]	[hover, front, front, hover]	[-0.0000, 0.0011, 0.0003, -0.0000]
93   	1852.08     	0.000   	1.0000  	[10.8, 10.8, 10.8, 10.8]	[hover, front, left, hover]	[0.0001, 0.0005, 0.0000, -0.0000]
94   	1852.08     	0.000   	1.0000  	[10.8, 10.8, 10.8, 10.8]	[hover, hover, hover, hover]	[0.0000, 0.0014, 0.0000, -0.0000]
95   	1852.08     	0.000   	1.0000  	[10.8, 10.8, 10.8, 10.8]	[hover, hover, hover, hover]	[-0.0000, 0.0004, -0.0000, -0.0000]
96   	1852.08     	0.000   	1.0000  	[10.8, 10.8, 10.8, 10.8]	[hover, right, hover, hover]	[-0.0000, 0.0001, -0.0000, -0.0000]
97   	1852.08     	0.000   	1.0000  	[10.8, 10.8, 10.8, 10.8]	[hover, right, hover, hover]	[0.0001, 0.0003, -0.0000, -0.0000]
98   	1852.08     	0.000   	1.0000  	[10.8, 10.8, 10.8, 10.8]	[hover, hover, hover, hover]	[0.0000, 0.0000, -0.0000, -0.0000]
99   	1852.08     	0.000   	1.0000  	[10.8, 10.8, 10.8, 10.8]	[hover, left, hover, hover]	[-0.0000, -0.0000, -0.0000, -0.0000]
[2025-12-18T15:09:23]
Strategy: greedy_ig
Pairwise: adaptive
News mode: IG_BM
Num agents: 4
Iteration: 15
Error margin: None
Gaussian radius 5 
Grid info: range: 0-50-50, cell_size:0.125, map shape: (400, 400), center:True
init UAV positions: [(-25.0, -5.0, 5.4), (-5.0, 10.0, 5.4), (25.0, 0.0, 5.4), (25.0, 10.0, 5.4)]
mcts_params: {}
Step	Entropy	MSE	Coverage	Heights	Actions	IGs
------------------------------------------------------------------------------------------------------------------------
0    	160000.00   	0.250   	0.0000  	[5.4, 5.4, 5.4, 5.4]	[-, -, -, -]	[-, -, -, -]
1    	155801.92   	0.236   	0.0391  	[5.4, 5.4, 5.4, 5.4]	[up, up, up, up]	[1952.2791, 3904.5582, 1952.2791, 1952.2791]
2    	151844.43   	0.220   	0.1500  	[10.8, 10.8, 10.8, 10.8]	[up, up, up, up]	[1998.7423, 4010.4289, 2175.8619, 1976.9738]
3    	148963.16   	0.207   	0.3187  	[16.2, 16.2, 16.2, 16.2]	[right, up, left, left]	[1998.3939, 3951.8545, 2079.9752, 1818.9483]
4    	146296.80   	0.194   	0.4738  	[16.2, 21.7, 16.2, 16.2]	[up, up, left, up]	[1872.1572, 3104.3341, 2220.1961, 1781.9423]
5    	116992.47   	0.149   	0.6652  	[21.7, 27.1, 16.2, 21.7]	[right, right, left, left]	[1807.7753, 2717.4983, 2373.1668, 1852.2030]
6    	110517.47   	0.135   	0.6878  	[21.7, 27.1, 16.2, 21.7]	[right, left, back, front]	[1697.7088, 1854.5522, 2183.0094, 1256.4836]
7    	106094.35   	0.124   	0.7373  	[21.7, 27.1, 16.2, 21.7]	[back, left, back, left]	[1623.0323, 1527.9459, 2406.5742, 1046.4323]
8    	102094.74   	0.114   	0.8100  	[21.7, 27.1, 16.2, 21.7]	[back, back, back, left]	[1701.3960, 1174.9768, 2602.7099, 733.6740]
9    	99280.51    	0.106   	0.8725  	[21.7, 27.1, 16.2, 21.7]	[right, back, back, left]	[1813.6266, 959.1431, 2522.8664, 478.9933]
10   	96695.95    	0.098   	0.9225  	[21.7, 27.1, 16.2, 21.7]	[right, back, back, left]	[1701.9028, 831.2309, 2240.5863, 346.5351]
11   	60877.24    	0.053   	0.9647  	[21.7, 27.1, 16.2, 21.7]	[right, back, left, left]	[1589.1448, 731.1730, 1852.0632, 277.4455]
12   	56338.68    	0.046   	0.9772  	[21.7, 27.1, 16.2, 21.7]	[back, back, left, left]	[1070.5123, 515.1244, 1095.3745, 264.6925]
13   	52768.36    	0.042   	0.9881  	[21.7, 27.1, 16.2, 21.7]	[left, back, left, left]	[526.6811, 421.8701, 563.0273, 305.6980]
14   	51790.13    	0.040   	0.9902  	[21.7, 27.1, 16.2, 21.7]	[left, back, left, left]	[342.1161, 256.2853, 219.4665, 431.1285]
15   	51040.66    	0.039   	0.9912  	[21.7, 27.1, 16.2, 21.7]	[hover, left, up, left]	[184.8074, 153.9186, 104.3248, 664.4555]
16   	50350.10    	0.038   	0.9912  	[21.7, 27.1, 21.7, 21.7]	[hover, hover, front, left]	[94.5155, 79.9493, 86.1021, 1014.3999]
17   	9804.10     	0.007   	1.0000  	[21.7, 27.1, 21.7, 21.7]	[hover, front, front, back]	[47.1540, 40.9276, 67.1850, 831.3315]
18   	9305.04     	0.006   	1.0000  	[21.7, 27.1, 21.7, 21.7]	[hover, front, right, front]	[24.5908, 30.7007, 44.9521, 442.3937]
19   	8835.27     	0.006   	1.0000  	[21.7, 27.1, 21.7, 21.7]	[hover, front, up, hover]	[13.0615, 39.1017, 52.9293, 302.0197]
20   	8373.56     	0.005   	1.0000  	[21.7, 27.1, 27.1, 21.7]	[right, front, right, hover]	[8.5845, 41.8122, 99.5761, 194.2132]
21   	7934.01     	0.005   	1.0000  	[21.7, 27.1, 27.1, 21.7]	[up, front, hover, hover]	[11.2560, 44.1227, 69.7605, 120.1217]
22   	7667.71     	0.004   	1.0000  	[27.1, 27.1, 27.1, 21.7]	[right, front, hover, hover]	[9.7863, 46.4371, 47.0577, 71.6028]
23   	7544.74     	0.004   	1.0000  	[27.1, 27.1, 27.1, 21.7]	[right, front, hover, hover]	[10.3205, 54.4076, 32.2801, 42.9208]
24   	7467.48     	0.004   	1.0000  	[27.1, 27.1, 27.1, 21.7]	[right, hover, hover, hover]	[10.6884, 30.8226, 22.5534, 23.2753]
25   	7400.84     	0.004   	1.0000  	[27.1, 27.1, 27.1, 21.7]	[right, right, hover, hover]	[15.6766, 17.8201, 15.2671, 13.1397]
26   	6545.75     	0.003   	1.0000  	[27.1, 27.1, 27.1, 21.7]	[right, right, front, hover]	[21.0414, 28.0806, 10.6092, 7.5657]
27   	6364.84     	0.003   	1.0000  	[27.1, 27.1, 27.1, 21.7]	[right, right, front, hover]	[43.7496, 38.4141, 13.8471, 4.6929]
28   	5485.05     	0.002   	1.0000  	[27.1, 27.1, 27.1, 21.7]	[front, right, front, hover]	[28.3838, 45.2790, 20.4584, 3.0224]
29   	4060.39     	0.002   	1.0000  	[27.1, 27.1, 27.1, 21.7]	[hover, right, front, back]	[18.1528, 48.0607, 26.2242, 2.5353]
30   	3812.86     	0.001   	1.0000  	[27.1, 27.1, 27.1, 21.7]	[hover, right, front, front]	[11.4353, 56.2609, 42.7255, 1.8113]
31   	3551.40     	0.001   	1.0000  	[27.1, 27.1, 27.1, 21.7]	[hover, right, front, hover]	[7.1880, 54.6744, 71.3817, 1.4093]
32   	3371.74     	0.001   	1.0000  	[27.1, 27.1, 27.1, 21.7]	[right, hover, hover, back]	[4.6221, 34.7911, 43.8494, 1.2966]
33   	3250.41     	0.001   	1.0000  	[27.1, 27.1, 27.1, 21.7]	[down, hover, hover, hover]	[4.1563, 20.1630, 26.2726, 1.0055]
34   	3166.41     	0.001   	1.0000  	[21.7, 27.1, 27.1, 21.7]	[back, hover, hover, front]	[4.3106, 11.8064, 15.1511, 0.7340]
35   	3114.56     	0.001   	1.0000  	[21.7, 27.1, 27.1, 21.7]	[hover, hover, hover, hover]	[2.7852, 6.6369, 8.2937, 0.6572]
36   	3078.36     	0.001   	1.0000  	[21.7, 27.1, 27.1, 21.7]	[hover, hover, right, hover]	[2.0227, 4.0627, 4.9086, 0.5544]
37   	3055.81     	0.001   	1.0000  	[21.7, 27.1, 27.1, 21.7]	[hover, hover, hover, hover]	[1.2328, 2.0095, 2.6856, 0.4281]
38   	3040.73     	0.001   	1.0000  	[21.7, 27.1, 27.1, 21.7]	[down, hover, hover, back]	[1.0713, 1.0943, 1.5253, 0.5889]
39   	3024.63     	0.001   	1.0000  	[16.2, 27.1, 27.1, 21.7]	[right, hover, hover, back]	[1.2366, 0.6570, 0.8270, 0.5294]
40   	3020.94     	0.001   	1.0000  	[16.2, 27.1, 27.1, 21.7]	[back, hover, down, back]	[1.2889, 0.3255, 0.3483, 0.3552]
41   	3018.17     	0.001   	1.0000  	[16.2, 27.1, 21.7, 21.7]	[back, hover, front, back]	[1.3735, 0.2783, 0.7816, 0.4166]
42   	3018.94     	0.001   	1.0000  	[16.2, 27.1, 21.7, 21.7]	[back, down, down, back]	[1.2275, 0.2530, 0.5508, 1.2637]
43   	3018.32     	0.001   	1.0000  	[16.2, 21.7, 16.2, 21.7]	[hover, right, right, back]	[1.1304, 0.3901, 0.4719, 1.2896]
44   	3016.58     	0.001   	1.0000  	[16.2, 21.7, 16.2, 21.7]	[hover, down, down, back]	[1.1363, 0.1625, 0.3406, 3.0356]
45   	3005.28     	0.001   	1.0000  	[16.2, 16.2, 10.8, 21.7]	[down, front, right, back]	[1.2902, 0.1438, 0.0782, 11.3200]
46   	2994.02     	0.001   	1.0000  	[10.8, 16.2, 10.8, 21.7]	[front, right, front, back]	[1.0399, 0.2534, 0.1088, 13.5669]
47   	2987.18     	0.001   	1.0000  	[10.8, 16.2, 10.8, 21.7]	[right, left, front, hover]	[1.1020, 0.1070, 0.2230, 8.8176]
48   	2983.80     	0.001   	1.0000  	[10.8, 16.2, 10.8, 21.7]	[hover, front, hover, hover]	[0.7379, 0.0858, 0.0364, 5.5747]
49   	2982.49     	0.001   	1.0000  	[10.8, 16.2, 10.8, 21.7]	[hover, left, hover, hover]	[0.2795, 0.0612, 0.0077, 3.5196]
50   	2982.29     	0.001   	1.0000  	[10.8, 16.2, 10.8, 21.7]	[hover, down, hover, hover]	[0.1720, 0.0734, 0.0025, 2.4503]
51   	2982.05     	0.001   	1.0000  	[10.8, 10.8, 10.8, 21.7]	[right, left, left, hover]	[0.5372, 0.3897, 0.0054, 1.7837]
52   	2982.23     	0.001   	1.0000  	[10.8, 10.8, 10.8, 21.7]	[hover, left, left, hover]	[0.7122, 0.3578, 0.0014, 1.1000]
53   	2981.45     	0.001   	1.0000  	[10.8, 10.8, 10.8, 21.7]	[hover, back, hover, hover]	[0.3269, 0.3631, 0.0013, 0.8855]
54   	2980.95     	0.001   	1.0000  	[10.8, 10.8, 10.8, 21.7]	[hover, back, hover, hover]	[0.0764, 0.3458, 0.0008, 0.5272]
55   	2981.06     	0.001   	1.0000  	[10.8, 10.8, 10.8, 21.7]	[right, hover, left, front]	[0.0143, 0.0765, 0.0001, 0.4979]
56   	2981.50     	0.001   	1.0000  	[10.8, 10.8, 10.8, 21.7]	[hover, hover, left, back]	[0.0025, 0.3801, 0.0002, 0.3451]
57   	2981.70     	0.001   	1.0000  	[10.8, 10.8, 10.8, 21.7]	[hover, hover, back, front]	[0.0004, 0.1507, 0.0007, 0.4198]
58   	2981.53     	0.001   	1.0000  	[10.8, 10.8, 10.8, 21.7]	[hover, hover, hover, front]	[0.0001, 0.0256, 0.0010, 0.4285]
59   	2947.70     	0.001   	1.0000  	[10.8, 10.8, 10.8, 21.7]	[hover, hover, front, front]	[0.0000, 0.0031, 0.0035, 0.3734]
60   	2947.87     	0.001   	1.0000  	[10.8, 10.8, 10.8, 21.7]	[hover, hover, left, front]	[0.0000, 0.0153, 0.0007, 0.3221]
61   	2840.32     	0.001   	1.0000  	[10.8, 10.8, 10.8, 21.7]	[hover, right, back, down]	[-0.0000, 0.0747, 0.0000, 0.3935]
62   	2839.80     	0.001   	1.0000  	[10.8, 10.8, 10.8, 16.2]	[back, right, front, left]	[-0.0000, 0.3759, -0.0000, 0.2668]
63   	2839.70     	0.001   	1.0000  	[10.8, 10.8, 10.8, 16.2]	[hover, hover, front, back]	[-0.0000, 0.1109, -0.0000, 0.2234]
64   	2839.56     	0.001   	1.0000  	[10.8, 10.8, 10.8, 16.2]	[hover, hover, front, left]	[-0.0000, 0.0438, -0.0000, 0.1530]
65   	2839.52     	0.001   	1.0000  	[10.8, 10.8, 10.8, 16.2]	[hover, hover, left, hover]	[-0.0000, 0.0156, -0.0000, 0.0616]
66   	2839.50     	0.001   	1.0000  	[10.8, 10.8, 10.8, 16.2]	[hover, hover, left, hover]	[-0.0000, 0.0060, 0.0163, 0.0418]
67   	2839.49     	0.001   	1.0000  	[10.8, 10.8, 10.8, 16.2]	[hover, hover, left, hover]	[-0.0000, 0.0020, 0.0046, 0.0221]
68   	2839.48     	0.001   	1.0000  	[10.8, 10.8, 10.8, 16.2]	[hover, hover, left, down]	[-0.0000, 0.0007, 0.0101, 0.0406]
69   	2839.35     	0.001   	1.0000  	[10.8, 10.8, 10.8, 10.8]	[hover, left, left, back]	[-0.0000, 0.0003, 0.0544, 0.0136]
70   	2839.48     	0.001   	1.0000  	[10.8, 10.8, 10.8, 10.8]	[hover, left, left, left]	[-0.0000, 0.0001, 0.0463, 0.0029]
71   	2839.39     	0.001   	1.0000  	[10.8, 10.8, 10.8, 10.8]	[hover, right, left, left]	[-0.0000, 0.0022, 0.5736, 0.0006]
72   	2839.38     	0.001   	1.0000  	[10.8, 10.8, 10.8, 10.8]	[hover, right, back, back]	[-0.0000, 0.0010, 0.1810, 0.0002]
73   	2839.34     	0.001   	1.0000  	[10.8, 10.8, 10.8, 10.8]	[hover, left, back, back]	[-0.0000, 0.0003, 0.3933, 0.0001]
74   	2839.22     	0.001   	1.0000  	[10.8, 10.8, 10.8, 10.8]	[hover, right, back, back]	[-0.0000, 0.0001, 0.3142, 0.0004]
75   	2839.06     	0.001   	1.0000  	[10.8, 10.8, 10.8, 10.8]	[hover, hover, back, back]	[-0.0000, 0.0000, 0.3429, 0.0498]
76   	2839.02     	0.001   	1.0000  	[10.8, 10.8, 10.8, 10.8]	[hover, hover, back, right]	[-0.0000, 0.0000, 0.1003, 0.0199]
77   	2839.01     	0.001   	1.0000  	[10.8, 10.8, 10.8, 10.8]	[hover, hover, left, right]	[-0.0000, -0.0000, 0.0265, 0.0041]
78   	2839.00     	0.001   	1.0000  	[10.8, 10.8, 10.8, 10.8]	[hover, hover, back, up]	[-0.0000, 0.0001, 0.0050, 0.0042]
79   	2838.93     	0.001   	1.0000  	[10.8, 10.8, 10.8, 16.2]	[hover, hover, up, right]	[-0.0000, 0.0000, 0.3444, 0.0021]
80   	2838.89     	0.001   	1.0000  	[10.8, 10.8, 16.2, 16.2]	[hover, hover, back, down]	[-0.0000, -0.0000, 0.1902, 0.0036]
81   	2837.75     	0.001   	1.0000  	[10.8, 10.8, 16.2, 10.8]	[hover, hover, back, right]	[-0.0000, -0.0000, 0.1641, 0.0018]
82   	2837.75     	0.001   	1.0000  	[10.8, 10.8, 16.2, 10.8]	[hover, hover, right, back]	[-0.0000, -0.0000, 0.0020, 0.0011]
83   	2837.59     	0.001   	1.0000  	[10.8, 10.8, 16.2, 10.8]	[hover, hover, hover, left]	[-0.0000, -0.0000, 0.0007, 0.0010]
84   	2837.54     	0.001   	1.0000  	[10.8, 10.8, 16.2, 10.8]	[hover, hover, up, hover]	[-0.0000, -0.0000, 0.0004, 0.0008]
85   	2837.54     	0.001   	1.0000  	[10.8, 10.8, 21.7, 10.8]	[hover, hover, down, left]	[-0.0000, -0.0000, 0.0004, 0.0004]
86   	2837.54     	0.001   	1.0000  	[10.8, 10.8, 16.2, 10.8]	[hover, hover, hover, right]	[-0.0000, -0.0000, 0.0007, 0.0001]
87   	2837.54     	0.001   	1.0000  	[10.8, 10.8, 16.2, 10.8]	[hover, hover, hover, right]	[-0.0000, -0.0000, 0.0008, 0.0001]
88   	2837.53     	0.001   	1.0000  	[10.8, 10.8, 16.2, 10.8]	[hover, hover, hover, right]	[-0.0000, -0.0000, 0.0003, 0.0000]
89   	2837.53     	0.001   	1.0000  	[10.8, 10.8, 16.2, 10.8]	[hover, hover, front, right]	[-0.0000, -0.0000, 0.0001, -0.0000]
90   	2837.32     	0.001   	1.0000  	[10.8, 10.8, 16.2, 10.8]	[hover, back, back, right]	[-0.0000, -0.0000, 0.0000, 0.2712]
91   	2837.15     	0.001   	1.0000  	[10.8, 10.8, 16.2, 10.8]	[hover, back, front, up]	[-0.0000, -0.0000, 0.0000, 0.3101]
92   	2837.03     	0.001   	1.0000  	[10.8, 10.8, 16.2, 16.2]	[hover, back, back, right]	[-0.0000, -0.0000, -0.0000, 0.3788]
93   	1874.97     	0.000   	1.0000  	[10.8, 10.8, 16.2, 16.2]	[hover, up, hover, right]	[-0.0000, 0.0005, -0.0000, 1.3112]
94   	1872.50     	0.000   	1.0000  	[10.8, 16.2, 16.2, 16.2]	[hover, up, hover, front]	[-0.0000, 0.2734, -0.0000, 0.2311]
95   	1872.42     	0.000   	1.0000  	[10.8, 21.7, 16.2, 16.2]	[hover, back, front, right]	[-0.0000, 0.2604, -0.0000, 0.2261]
96   	1843.88     	0.000   	1.0000  	[10.8, 21.7, 16.2, 16.2]	[hover, back, down, right]	[-0.0000, 0.4882, -0.0000, 0.1435]
97   	1843.63     	0.000   	1.0000  	[10.8, 21.7, 10.8, 16.2]	[hover, right, front, hover]	[-0.0000, 0.0295, -0.0000, 0.1422]
98   	1843.77     	0.000   	1.0000  	[10.8, 21.7, 10.8, 16.2]	[hover, back, front, hover]	[-0.0000, 0.0137, 0.0000, 0.2465]
99   	1843.28     	0.000   	1.0000  	[10.8, 21.7, 10.8, 16.2]	[hover, left, up, hover]	[-0.0000, 0.0083, 0.0000, 0.2190]
[2025-12-18T15:09:33]
Strategy: greedy_ig
Pairwise: adaptive
News mode: IG_BM
Num agents: 4
Iteration: 16
Error margin: None
Gaussian radius 5 
Grid info: range: 0-50-50, cell_size:0.125, map shape: (400, 400), center:True
init UAV positions: [(-10.0, -20.0, 5.4), (-10.0, 25.0, 5.4), (25.0, -20.0, 5.4), (15.0, 5.0, 5.4)]
mcts_params: {}
Step	Entropy	MSE	Coverage	Heights	Actions	IGs
------------------------------------------------------------------------------------------------------------------------
0    	160000.00   	0.250   	0.0000  	[5.4, 5.4, 5.4, 5.4]	[-, -, -, -]	[-, -, -, -]
1    	158276.41   	0.241   	0.0469  	[5.4, 5.4, 5.4, 5.4]	[up, up, up, up]	[3514.1024, 1952.2791, 1757.0512, 3904.5582]
2    	157641.78   	0.235   	0.1781  	[10.8, 10.8, 10.8, 10.8]	[up, up, left, up]	[3212.9830, 2176.5189, 1529.8099, 4348.3200]
3    	156912.14   	0.228   	0.3609  	[16.2, 16.2, 10.8, 16.2]	[front, back, up, up]	[3233.8107, 2522.7302, 1483.4251, 3853.5540]
4    	156089.02   	0.220   	0.5219  	[16.2, 16.2, 16.2, 21.7]	[up, back, left, left]	[3133.4163, 2748.9277, 1461.8708, 3619.6539]
5    	140911.44   	0.180   	0.6656  	[21.7, 16.2, 16.2, 21.7]	[front, back, front, left]	[3072.0088, 2930.3853, 1479.1769, 3131.5654]
6    	117139.17   	0.139   	0.7453  	[21.7, 16.2, 16.2, 21.7]	[front, up, left, left]	[2824.2933, 2908.0173, 1624.2223, 2466.9692]
7    	77706.18    	0.083   	0.8484  	[21.7, 21.7, 16.2, 21.7]	[front, back, left, front]	[2202.3289, 2756.4876, 1630.2849, 1702.1448]
8    	72990.63    	0.072   	0.8977  	[21.7, 21.7, 16.2, 21.7]	[left, left, left, front]	[1665.6719, 2094.0443, 1162.9109, 1421.8234]
9    	68708.09    	0.063   	0.9666  	[21.7, 21.7, 16.2, 21.7]	[front, back, front, right]	[1198.4923, 1493.9568, 716.1241, 1135.3921]
10   	67358.84    	0.060   	0.9744  	[21.7, 21.7, 16.2, 21.7]	[front, back, up, right]	[787.5072, 906.8909, 483.7182, 1097.3007]
11   	66519.66    	0.058   	0.9822  	[21.7, 21.7, 21.7, 21.7]	[front, back, front, front]	[464.4987, 488.3500, 338.8221, 923.0736]
12   	65768.24    	0.056   	0.9931  	[21.7, 21.7, 21.7, 21.7]	[front, up, up, right]	[276.6551, 241.1856, 360.0118, 662.5755]
13   	29710.52    	0.023   	0.9950  	[21.7, 27.1, 27.1, 21.7]	[front, right, front, hover]	[226.1259, 305.4643, 387.2858, 405.9720]
14   	28846.06    	0.022   	0.9950  	[21.7, 27.1, 27.1, 21.7]	[front, front, front, hover]	[259.1875, 172.8200, 97.8548, 236.2339]
15   	25578.24    	0.019   	0.9950  	[21.7, 27.1, 27.1, 21.7]	[right, front, front, hover]	[246.0497, 225.3188, 73.6222, 120.9260]
16   	8420.80     	0.006   	0.9950  	[21.7, 27.1, 27.1, 21.7]	[right, right, front, left]	[282.1020, 217.1487, 55.0136, 68.5429]
17   	7910.26     	0.006   	0.9950  	[21.7, 27.1, 27.1, 21.7]	[up, left, front, up]	[45.5316, 67.7287, 44.0649, 36.6990]
18   	7429.07     	0.005   	0.9950  	[27.1, 27.1, 27.1, 27.1]	[left, hover, front, back]	[64.4828, 45.8274, 36.8824, 37.7906]
19   	7053.76     	0.005   	0.9950  	[27.1, 27.1, 27.1, 27.1]	[hover, hover, front, back]	[41.0253, 29.1451, 36.5127, 36.8021]
20   	6786.25     	0.005   	0.9950  	[27.1, 27.1, 27.1, 27.1]	[hover, hover, hover, back]	[26.9286, 18.7510, 21.1145, 32.0765]
21   	6568.95     	0.005   	0.9950  	[27.1, 27.1, 27.1, 27.1]	[hover, hover, hover, back]	[16.8608, 11.1532, 12.2488, 24.9500]
22   	6449.04     	0.005   	0.9950  	[27.1, 27.1, 27.1, 27.1]	[hover, back, hover, back]	[9.8939, 7.7363, 7.2077, 20.7992]
23   	6328.35     	0.004   	0.9950  	[27.1, 27.1, 27.1, 27.1]	[hover, back, hover, back]	[6.6100, 17.5860, 4.3887, 18.2588]
24   	6143.54     	0.004   	0.9950  	[27.1, 27.1, 27.1, 27.1]	[back, back, back, back]	[4.7605, 48.6249, 2.8842, 18.4364]
25   	5893.38     	0.004   	0.9950  	[27.1, 27.1, 27.1, 27.1]	[back, back, back, back]	[9.1344, 75.4103, 3.0627, 28.5181]
26   	5301.99     	0.004   	0.9950  	[27.1, 27.1, 27.1, 27.1]	[back, back, back, left]	[17.5498, 120.0544, 2.5779, 26.4511]
27   	4761.27     	0.003   	0.9969  	[27.1, 27.1, 27.1, 27.1]	[back, back, back, left]	[31.0475, 194.7416, 2.4959, 25.7977]
28   	4286.22     	0.002   	1.0000  	[27.1, 27.1, 27.1, 27.1]	[back, hover, back, left]	[47.4379, 143.1841, 2.3097, 22.8309]
29   	3792.83     	0.002   	1.0000  	[27.1, 27.1, 27.1, 27.1]	[back, hover, back, left]	[86.8219, 103.6999, 3.5647, 19.9111]
30   	3320.71     	0.001   	1.0000  	[27.1, 27.1, 27.1, 27.1]	[back, hover, back, left]	[103.5300, 70.0249, 8.4751, 20.9223]
31   	2957.10     	0.001   	1.0000  	[27.1, 27.1, 27.1, 27.1]	[hover, hover, left, left]	[63.8825, 44.2229, 6.3861, 36.1257]
32   	2713.99     	0.001   	1.0000  	[27.1, 27.1, 27.1, 27.1]	[hover, hover, left, up]	[36.6476, 25.7958, 4.9523, 28.2186]
33   	2540.99     	0.001   	1.0000  	[27.1, 27.1, 27.1, 32.5]	[hover, hover, left, front]	[20.3963, 14.3515, 4.0928, 19.2966]
34   	2425.66     	0.000   	1.0000  	[27.1, 27.1, 27.1, 32.5]	[hover, hover, left, hover]	[11.4267, 8.1371, 4.6254, 12.4270]
35   	2341.74     	0.000   	1.0000  	[27.1, 27.1, 27.1, 32.5]	[hover, hover, left, hover]	[6.5787, 4.5783, 9.4492, 7.8881]
36   	2256.90     	0.000   	1.0000  	[27.1, 27.1, 27.1, 32.5]	[hover, hover, left, hover]	[3.9652, 2.8141, 20.5843, 5.2138]
37   	2211.06     	0.000   	1.0000  	[27.1, 27.1, 27.1, 32.5]	[back, hover, hover, hover]	[1.9697, 1.4676, 10.6016, 2.9587]
38   	2191.07     	0.000   	1.0000  	[27.1, 27.1, 27.1, 32.5]	[hover, hover, hover, hover]	[1.1461, 0.8186, 4.7701, 1.6555]
39   	2179.01     	0.000   	1.0000  	[27.1, 27.1, 27.1, 32.5]	[right, hover, hover, hover]	[0.8977, 0.4832, 2.4419, 1.0305]
40   	2170.73     	0.000   	1.0000  	[27.1, 27.1, 27.1, 32.5]	[right, front, hover, front]	[0.7340, 0.3385, 1.4205, 0.7272]
41   	2165.32     	0.000   	1.0000  	[27.1, 27.1, 27.1, 32.5]	[right, front, back, front]	[0.4821, 0.3758, 0.7676, 0.6033]
42   	2159.99     	0.000   	1.0000  	[27.1, 27.1, 27.1, 32.5]	[right, front, hover, front]	[0.4142, 0.3754, 0.4683, 1.3830]
43   	2144.51     	0.000   	1.0000  	[27.1, 27.1, 27.1, 32.5]	[right, down, hover, front]	[0.9292, 0.3951, 0.3172, 4.8837]
44   	2117.39     	0.000   	1.0000  	[27.1, 21.7, 27.1, 32.5]	[right, hover, hover, front]	[3.2554, 0.3554, 0.2726, 7.7992]
45   	2100.31     	0.000   	1.0000  	[27.1, 21.7, 27.1, 32.5]	[right, up, hover, hover]	[3.6046, 0.2686, 0.1994, 6.3377]
46   	2084.50     	0.000   	1.0000  	[27.1, 27.1, 27.1, 32.5]	[front, front, hover, hover]	[2.7939, 0.2555, 0.1438, 5.2585]
47   	2066.48     	0.000   	1.0000  	[27.1, 27.1, 27.1, 32.5]	[down, front, hover, hover]	[2.2316, 0.4864, 0.1275, 4.3290]
48   	2044.13     	0.000   	1.0000  	[21.7, 27.1, 27.1, 32.5]	[right, front, hover, hover]	[2.8109, 3.3198, 0.0885, 3.3539]
49   	2035.13     	0.000   	1.0000  	[21.7, 27.1, 27.1, 32.5]	[hover, front, hover, hover]	[1.5705, 2.2258, 0.0814, 2.5778]
50   	2025.76     	0.000   	1.0000  	[21.7, 27.1, 27.1, 32.5]	[hover, hover, hover, hover]	[1.1160, 1.5238, 0.0433, 2.0475]
51   	2022.82     	0.000   	1.0000  	[21.7, 27.1, 27.1, 32.5]	[down, hover, hover, hover]	[0.9060, 0.8669, 0.0259, 1.3923]
52   	2020.71     	0.000   	1.0000  	[16.2, 27.1, 27.1, 32.5]	[right, right, back, hover]	[1.1183, 0.6109, 0.0147, 0.8980]
53   	2018.47     	0.000   	1.0000  	[16.2, 27.1, 27.1, 32.5]	[hover, right, back, hover]	[1.0722, 0.7149, 0.0227, 0.6395]
54   	2016.06     	0.000   	1.0000  	[16.2, 27.1, 27.1, 32.5]	[back, right, back, hover]	[0.6587, 1.0106, 0.0200, 0.4855]
55   	2013.97     	0.000   	1.0000  	[16.2, 27.1, 27.1, 32.5]	[hover, right, left, hover]	[0.3282, 1.2469, 0.0107, 0.3743]
56   	2010.90     	0.000   	1.0000  	[16.2, 27.1, 27.1, 32.5]	[down, right, down, hover]	[0.3345, 1.4078, 0.0207, 0.3308]
57   	2005.28     	0.000   	1.0000  	[10.8, 27.1, 21.7, 32.5]	[right, right, front, hover]	[0.2748, 2.9344, 0.0091, 0.2503]
58   	1995.92     	0.000   	1.0000  	[10.8, 27.1, 21.7, 32.5]	[back, right, left, hover]	[0.1667, 4.6768, 0.0064, 0.1795]
59   	1983.67     	0.000   	1.0000  	[10.8, 27.1, 21.7, 32.5]	[back, back, down, hover]	[0.1545, 5.3801, 0.0045, 0.1189]
60   	1974.71     	0.000   	1.0000  	[10.8, 27.1, 16.2, 32.5]	[left, back, front, hover]	[0.2258, 4.2175, 0.0024, 0.0854]
61   	1940.25     	0.000   	1.0000  	[10.8, 27.1, 16.2, 32.5]	[right, back, left, hover]	[0.0692, 2.9934, 0.0045, 0.0644]
62   	1940.22     	0.000   	1.0000  	[10.8, 27.1, 16.2, 32.5]	[hover, down, down, hover]	[0.2048, 0.4434, 0.0127, 0.0458]
63   	1889.59     	0.000   	1.0000  	[10.8, 21.7, 10.8, 32.5]	[left, right, front, hover]	[0.0492, 0.4861, 0.0046, 0.0345]
64   	1889.54     	0.000   	1.0000  	[10.8, 21.7, 10.8, 32.5]	[left, front, left, front]	[0.2168, 0.6886, 0.0131, 0.0331]
65   	1888.91     	0.000   	1.0000  	[10.8, 21.7, 10.8, 32.5]	[left, front, left, front]	[0.3971, 0.6601, 0.0023, 0.0213]
66   	1887.78     	0.000   	1.0000  	[10.8, 21.7, 10.8, 32.5]	[hover, front, back, right]	[0.3107, 1.4173, 0.0004, 0.0181]
67   	1886.45     	0.000   	1.0000  	[10.8, 21.7, 10.8, 32.5]	[back, hover, front, right]	[0.2721, 0.7027, 0.0003, 0.0489]
68   	1886.11     	0.000   	1.0000  	[10.8, 21.7, 10.8, 32.5]	[right, hover, front, right]	[0.0457, 0.3489, 0.0000, 0.0501]
69   	1885.94     	0.000   	1.0000  	[10.8, 21.7, 10.8, 32.5]	[left, down, hover, right]	[0.0095, 0.5157, -0.0000, 0.1853]
70   	1885.52     	0.000   	1.0000  	[10.8, 16.2, 10.8, 32.5]	[right, front, hover, right]	[0.0011, 0.5669, 0.0000, 0.2576]
71   	1884.55     	0.000   	1.0000  	[10.8, 16.2, 10.8, 32.5]	[hover, right, hover, back]	[0.0050, 0.5308, 0.0003, 0.2469]
72   	1884.51     	0.000   	1.0000  	[10.8, 16.2, 10.8, 32.5]	[hover, down, hover, back]	[0.0272, 0.4233, 0.0000, 0.2023]
73   	1884.39     	0.000   	1.0000  	[10.8, 10.8, 10.8, 32.5]	[hover, front, hover, down]	[0.1295, 0.8113, -0.0000, 0.2294]
74   	1883.84     	0.000   	1.0000  	[10.8, 10.8, 10.8, 27.1]	[left, right, hover, back]	[0.3550, 0.5523, -0.0000, 0.3382]
75   	1883.15     	0.000   	1.0000  	[10.8, 10.8, 10.8, 27.1]	[right, hover, hover, right]	[0.3692, 0.5202, -0.0000, 0.3156]
76   	1883.09     	0.000   	1.0000  	[10.8, 10.8, 10.8, 27.1]	[hover, right, hover, back]	[0.1462, 0.3738, -0.0000, 0.3524]
77   	1865.71     	0.000   	1.0000  	[10.8, 10.8, 10.8, 27.1]	[left, hover, hover, down]	[0.0315, 0.3023, -0.0000, 0.5534]
78   	1865.76     	0.000   	1.0000  	[10.8, 10.8, 10.8, 21.7]	[right, back, hover, front]	[0.0095, 0.1034, -0.0000, 0.0971]
79   	1865.61     	0.000   	1.0000  	[10.8, 10.8, 10.8, 21.7]	[right, back, hover, right]	[0.0505, 0.1611, -0.0000, 0.0607]
80   	1865.59     	0.000   	1.0000  	[10.8, 10.8, 10.8, 21.7]	[front, back, front, down]	[0.0096, 0.0271, -0.0000, 0.0680]
81   	1865.58     	0.000   	1.0000  	[10.8, 10.8, 10.8, 16.2]	[right, hover, back, right]	[0.0511, 0.0013, -0.0000, 0.0039]
82   	1864.90     	0.000   	1.0000  	[10.8, 10.8, 10.8, 16.2]	[hover, hover, hover, right]	[0.0096, 0.0008, -0.0000, 0.0026]
83   	1864.89     	0.000   	1.0000  	[10.8, 10.8, 10.8, 16.2]	[hover, hover, hover, right]	[0.0017, 0.0092, -0.0000, 0.0108]
84   	1864.89     	0.000   	1.0000  	[10.8, 10.8, 10.8, 16.2]	[hover, hover, hover, hover]	[0.0095, 0.0016, -0.0000, 0.0032]
85   	1864.89     	0.000   	1.0000  	[10.8, 10.8, 10.8, 16.2]	[hover, hover, hover, hover]	[0.0017, 0.0001, -0.0000, 0.0001]
86   	1864.89     	0.000   	1.0000  	[10.8, 10.8, 10.8, 16.2]	[back, back, front, hover]	[0.0003, 0.0000, -0.0000, 0.0000]
87   	1864.89     	0.000   	1.0000  	[10.8, 10.8, 10.8, 16.2]	[hover, back, front, down]	[0.0000, 0.0001, -0.0000, -0.0000]
88   	1856.94     	0.000   	1.0000  	[10.8, 10.8, 10.8, 10.8]	[hover, back, front, front]	[-0.0000, 0.0000, -0.0000, -0.0000]
89   	1856.94     	0.000   	1.0000  	[10.8, 10.8, 10.8, 10.8]	[right, back, front, back]	[-0.0000, 0.0000, 0.0021, -0.0000]
90   	1856.99     	0.000   	1.0000  	[10.8, 10.8, 10.8, 10.8]	[hover, back, front, front]	[-0.0000, 0.0000, 0.0131, -0.0000]
91   	1856.89     	0.000   	1.0000  	[10.8, 10.8, 10.8, 10.8]	[hover, hover, front, hover]	[-0.0000, 0.0000, 0.1147, -0.0000]
92   	1856.70     	0.000   	1.0000  	[10.8, 10.8, 10.8, 10.8]	[hover, back, front, hover]	[-0.0000, 0.0000, 0.2416, -0.0000]
93   	1855.48     	0.000   	1.0000  	[10.8, 10.8, 10.8, 10.8]	[hover, front, front, hover]	[-0.0000, -0.0000, 1.2190, -0.0000]
94   	1851.45     	0.000   	1.0000  	[10.8, 10.8, 10.8, 10.8]	[hover, back, front, back]	[-0.0000, -0.0000, 5.5288, -0.0000]
95   	1846.17     	0.000   	1.0000  	[10.8, 10.8, 10.8, 10.8]	[hover, front, front, back]	[-0.0000, -0.0000, 8.0182, -0.0000]
96   	1844.63     	0.000   	1.0000  	[10.8, 10.8, 10.8, 10.8]	[hover, front, right, back]	[-0.0000, -0.0000, 4.7123, -0.0000]
97   	1843.04     	0.000   	1.0000  	[10.8, 10.8, 10.8, 10.8]	[hover, back, right, back]	[-0.0000, -0.0000, 4.3788, -0.0000]
98   	1841.68     	0.000   	1.0000  	[10.8, 10.8, 10.8, 10.8]	[hover, back, hover, back]	[-0.0000, -0.0000, 3.2967, -0.0000]
99   	1840.47     	0.000   	1.0000  	[10.8, 10.8, 10.8, 10.8]	[hover, back, hover, back]	[-0.0000, -0.0000, 1.6357, -0.0000]
[2025-12-18T15:09:46]
Strategy: greedy_ig
Pairwise: adaptive
News mode: IG_BM
Num agents: 4
Iteration: 17
Error margin: None
Gaussian radius 5 
Grid info: range: 0-50-50, cell_size:0.125, map shape: (400, 400), center:True
init UAV positions: [(-5.0, -10.0, 5.4), (-5.0, 20.0, 5.4), (15.0, -25.0, 5.4), (20.0, 10.0, 5.4)]
mcts_params: {}
Step	Entropy	MSE	Coverage	Heights	Actions	IGs
------------------------------------------------------------------------------------------------------------------------
0    	160000.00   	0.250   	0.0000  	[5.4, 5.4, 5.4, 5.4]	[-, -, -, -]	[-, -, -, -]
1    	156201.26   	0.233   	0.0547  	[5.4, 5.4, 5.4, 5.4]	[up, up, up, up]	[3904.5582, 3514.1024, 1952.2791, 3514.1024]
2    	153820.27   	0.219   	0.2062  	[10.8, 10.8, 10.8, 10.8]	[up, up, up, up]	[3936.1836, 3141.6441, 1995.7700, 2831.7680]
3    	151432.61   	0.206   	0.4266  	[16.2, 16.2, 16.2, 16.2]	[up, back, front, up]	[3836.1285, 3091.5680, 2031.5982, 2552.0467]
4    	145202.73   	0.181   	0.6425  	[21.7, 16.2, 16.2, 21.7]	[up, up, front, left]	[3059.6339, 2958.4569, 1913.9432, 2557.5105]
5    	127268.75   	0.142   	0.8273  	[27.1, 21.7, 16.2, 21.7]	[left, back, front, left]	[2738.9198, 2834.1371, 1784.6142, 2086.6281]
6    	109396.37   	0.110   	0.8828  	[27.1, 21.7, 16.2, 21.7]	[left, left, front, back]	[2134.2256, 2104.4013, 1723.5679, 1689.7240]
7    	104243.62   	0.099   	0.9437  	[27.1, 21.7, 16.2, 21.7]	[down, left, up, left]	[1818.2929, 2024.5013, 1163.4787, 1284.3374]
8    	101060.39   	0.092   	0.9728  	[21.7, 21.7, 21.7, 21.7]	[left, left, left, back]	[1344.3010, 1632.3766, 812.5241, 1043.0302]
9    	86586.49    	0.072   	0.9825  	[21.7, 21.7, 21.7, 21.7]	[back, back, left, left]	[1090.7232, 1266.3891, 626.3772, 1017.6536]
10   	80537.58    	0.064   	0.9825  	[21.7, 21.7, 21.7, 21.7]	[hover, back, left, left]	[699.4490, 846.0446, 330.4000, 854.7029]
11   	19041.62    	0.016   	0.9825  	[21.7, 21.7, 21.7, 21.7]	[hover, back, left, left]	[429.4299, 499.3463, 228.4320, 706.5016]
12   	16881.09    	0.014   	0.9825  	[21.7, 21.7, 21.7, 21.7]	[hover, back, left, left]	[232.8783, 279.3373, 153.0889, 96.4948]
13   	15411.47    	0.013   	0.9825  	[21.7, 21.7, 21.7, 21.7]	[hover, back, left, up]	[120.4901, 166.2925, 119.6446, 88.1068]
14   	14306.94    	0.012   	0.9825  	[21.7, 21.7, 21.7, 27.1]	[front, back, left, front]	[61.4715, 105.7100, 97.6220, 127.6549]
15   	13375.68    	0.012   	0.9825  	[21.7, 21.7, 21.7, 27.1]	[front, back, left, front]	[54.9202, 69.5733, 83.6188, 226.3306]
16   	12821.36    	0.011   	0.9888  	[21.7, 21.7, 21.7, 27.1]	[front, back, left, right]	[69.8254, 75.4924, 75.9830, 210.5465]
17   	12378.69    	0.010   	0.9919  	[21.7, 21.7, 21.7, 27.1]	[front, back, hover, right]	[89.0758, 49.8819, 30.5621, 225.5568]
18   	11939.44    	0.010   	0.9950  	[21.7, 21.7, 21.7, 27.1]	[front, right, up, right]	[112.8975, 27.0843, 13.8415, 243.5467]
19   	11630.50    	0.009   	0.9981  	[21.7, 21.7, 27.1, 27.1]	[front, right, front, right]	[148.6833, 17.2825, 13.8826, 243.9918]
20   	11318.24    	0.009   	1.0000  	[21.7, 21.7, 27.1, 27.1]	[front, right, right, hover]	[189.8499, 14.9436, 12.7612, 183.1779]
21   	10977.02    	0.008   	1.0000  	[21.7, 21.7, 27.1, 27.1]	[front, front, front, hover]	[255.3114, 10.7459, 12.4610, 137.2167]
22   	9663.73     	0.006   	1.0000  	[21.7, 21.7, 27.1, 27.1]	[front, up, front, hover]	[201.1266, 11.3284, 13.7895, 99.3810]
23   	7333.74     	0.004   	1.0000  	[21.7, 27.1, 27.1, 27.1]	[down, front, front, hover]	[141.7649, 13.0015, 11.1843, 70.4333]
24   	7104.01     	0.004   	1.0000  	[16.2, 27.1, 27.1, 27.1]	[front, up, front, hover]	[118.2755, 2.6084, 13.6391, 47.0260]
25   	6896.90     	0.004   	1.0000  	[16.2, 32.5, 27.1, 27.1]	[left, left, front, hover]	[112.6760, 2.8196, 22.4571, 31.9064]
26   	6448.85     	0.003   	1.0000  	[16.2, 32.5, 27.1, 27.1]	[hover, front, front, back]	[60.9893, 2.8395, 30.4005, 26.6156]
27   	6199.31     	0.003   	1.0000  	[16.2, 32.5, 27.1, 27.1]	[hover, front, hover, back]	[33.8188, 2.0371, 15.7646, 36.9760]
28   	5985.67     	0.003   	1.0000  	[16.2, 32.5, 27.1, 27.1]	[hover, front, right, back]	[18.7677, 2.8914, 10.5073, 39.4590]
29   	5790.67     	0.003   	1.0000  	[16.2, 32.5, 27.1, 27.1]	[hover, front, right, back]	[10.4416, 4.8468, 12.9480, 40.7077]
30   	5579.01     	0.003   	1.0000  	[16.2, 32.5, 27.1, 27.1]	[hover, front, right, back]	[5.8164, 5.9256, 13.3978, 41.7666]
31   	5351.04     	0.002   	1.0000  	[16.2, 32.5, 27.1, 27.1]	[hover, right, right, back]	[4.3552, 4.9319, 17.7078, 41.0682]
32   	5100.08     	0.002   	1.0000  	[16.2, 32.5, 27.1, 27.1]	[right, right, right, back]	[2.6714, 6.1886, 23.6704, 32.9676]
33   	4799.43     	0.002   	1.0000  	[16.2, 32.5, 27.1, 27.1]	[up, right, right, hover]	[2.2900, 8.4439, 30.9745, 25.6262]
34   	4512.27     	0.002   	1.0000  	[21.7, 32.5, 27.1, 27.1]	[right, right, right, hover]	[4.3071, 11.4688, 25.3187, 18.2005]
35   	4243.58     	0.002   	1.0000  	[21.7, 32.5, 27.1, 27.1]	[right, right, hover, hover]	[7.4916, 16.1538, 16.2895, 12.8619]
36   	4019.86     	0.001   	1.0000  	[21.7, 32.5, 27.1, 27.1]	[right, hover, hover, hover]	[14.9113, 10.8692, 10.3262, 8.8026]
37   	3821.97     	0.001   	1.0000  	[21.7, 32.5, 27.1, 27.1]	[right, hover, hover, hover]	[25.2275, 7.3872, 5.9866, 6.0796]
38   	3691.15     	0.001   	1.0000  	[21.7, 32.5, 27.1, 27.1]	[right, hover, back, hover]	[26.0537, 4.9234, 4.1730, 4.3265]
39   	3564.46     	0.001   	1.0000  	[21.7, 32.5, 27.1, 27.1]	[right, hover, back, hover]	[32.8390, 3.5734, 3.8465, 3.0368]
40   	3428.41     	0.001   	1.0000  	[21.7, 32.5, 27.1, 27.1]	[right, back, back, hover]	[42.3437, 2.5482, 4.3286, 2.1618]
41   	3285.08     	0.001   	1.0000  	[21.7, 32.5, 27.1, 27.1]	[right, back, back, hover]	[55.6446, 2.1939, 4.9509, 1.5229]
42   	3128.38     	0.001   	1.0000  	[21.7, 32.5, 27.1, 27.1]	[right, back, back, hover]	[57.7858, 2.4116, 5.9261, 1.2944]
43   	3020.49     	0.001   	1.0000  	[21.7, 32.5, 27.1, 27.1]	[back, back, back, down]	[30.1470, 2.6220, 6.1040, 1.1204]
44   	2937.26     	0.001   	1.0000  	[21.7, 32.5, 27.1, 21.7]	[hover, back, hover, right]	[14.5740, 2.4054, 4.3489, 1.4787]
45   	2876.64     	0.001   	1.0000  	[21.7, 32.5, 27.1, 21.7]	[hover, hover, hover, back]	[6.1034, 1.4562, 2.4050, 1.1681]
46   	2833.41     	0.001   	1.0000  	[21.7, 32.5, 27.1, 21.7]	[back, hover, hover, back]	[3.2545, 0.9008, 1.4348, 0.8483]
47   	2794.10     	0.001   	1.0000  	[21.7, 32.5, 27.1, 21.7]	[back, front, hover, back]	[3.7054, 0.7427, 0.9704, 0.6777]
48   	2767.82     	0.001   	1.0000  	[21.7, 32.5, 27.1, 21.7]	[back, hover, down, hover]	[5.8916, 0.4244, 0.7544, 0.7959]
49   	1894.22     	0.000   	1.0000  	[21.7, 32.5, 21.7, 21.7]	[back, right, right, hover]	[7.8848, 0.2870, 0.8365, 0.6664]
50   	1892.96     	0.000   	1.0000  	[21.7, 32.5, 21.7, 21.7]	[front, down, back, back]	[0.4486, 0.2358, 0.6719, 0.4377]
51   	1891.14     	0.000   	1.0000  	[21.7, 27.1, 21.7, 21.7]	[down, back, back, hover]	[0.7185, 0.2442, 0.4781, 0.3470]
52   	1891.44     	0.000   	1.0000  	[16.2, 27.1, 21.7, 21.7]	[front, down, back, hover]	[0.5913, 0.1731, 0.1520, 0.2329]
53   	1890.68     	0.000   	1.0000  	[16.2, 21.7, 21.7, 21.7]	[front, down, hover, hover]	[0.2808, 0.2060, 0.0968, 0.2354]
54   	1890.12     	0.000   	1.0000  	[16.2, 16.2, 21.7, 21.7]	[right, back, back, down]	[0.3399, 0.2628, 0.0375, 0.1175]
55   	1889.95     	0.000   	1.0000  	[16.2, 16.2, 21.7, 16.2]	[front, back, down, right]	[0.3898, 0.2578, 0.0477, 0.1770]
56   	1889.56     	0.000   	1.0000  	[16.2, 16.2, 16.2, 16.2]	[front, back, left, front]	[0.5248, 0.2444, 0.0659, 0.0329]
57   	1889.22     	0.000   	1.0000  	[16.2, 16.2, 16.2, 16.2]	[down, left, hover, down]	[0.3864, 0.0938, 0.1859, 0.1078]
58   	1889.07     	0.000   	1.0000  	[10.8, 16.2, 16.2, 10.8]	[right, down, hover, right]	[0.1483, 0.0206, 0.2346, 0.3282]
59   	1888.71     	0.000   	1.0000  	[10.8, 10.8, 16.2, 10.8]	[front, left, left, front]	[0.0535, 0.0402, 0.2066, 0.1122]
60   	1889.21     	0.000   	1.0000  	[10.8, 10.8, 16.2, 10.8]	[up, back, left, right]	[0.0379, 0.0186, 0.1988, 0.0756]
61   	1889.19     	0.000   	1.0000  	[16.2, 10.8, 16.2, 10.8]	[right, front, left, front]	[0.0133, 0.0220, 0.2434, 0.3110]
62   	1889.38     	0.000   	1.0000  	[16.2, 10.8, 16.2, 10.8]	[hover, front, front, hover]	[0.0028, 0.0792, 0.0903, 0.1548]
63   	1889.32     	0.000   	1.0000  	[16.2, 10.8, 16.2, 10.8]	[hover, front, down, hover]	[0.0010, 0.0199, 0.2810, 0.3868]
64   	1888.92     	0.000   	1.0000  	[16.2, 10.8, 10.8, 10.8]	[hover, hover, left, hover]	[0.0007, 0.0019, 0.3702, 0.1096]
65   	1888.62     	0.000   	1.0000  	[16.2, 10.8, 10.8, 10.8]	[hover, hover, hover, front]	[0.0003, 0.0003, 0.1238, 0.2501]
66   	1888.44     	0.000   	1.0000  	[16.2, 10.8, 10.8, 10.8]	[hover, hover, front, back]	[0.0001, 0.0001, 0.0102, 0.3888]
67   	1888.31     	0.000   	1.0000  	[16.2, 10.8, 10.8, 10.8]	[hover, left, front, hover]	[0.0001, -0.0000, 0.0020, 0.3137]
68   	1888.22     	0.000   	1.0000  	[16.2, 10.8, 10.8, 10.8]	[hover, right, right, front]	[0.0000, 0.0001, 0.0187, 0.1547]
69   	1888.19     	0.000   	1.0000  	[16.2, 10.8, 10.8, 10.8]	[hover, left, front, hover]	[0.0000, 0.0000, 0.0022, 0.0524]
70   	1888.18     	0.000   	1.0000  	[16.2, 10.8, 10.8, 10.8]	[hover, left, hover, back]	[-0.0000, -0.0000, 0.0004, 0.0155]
71   	1888.18     	0.000   	1.0000  	[16.2, 10.8, 10.8, 10.8]	[down, back, hover, hover]	[-0.0000, -0.0000, -0.0000, 0.0053]
72   	1888.19     	0.000   	1.0000  	[10.8, 10.8, 10.8, 10.8]	[back, up, hover, front]	[-0.0000, -0.0000, -0.0000, 0.0017]
73   	1888.13     	0.000   	1.0000  	[10.8, 16.2, 10.8, 10.8]	[back, left, right, back]	[0.0000, 0.0362, -0.0000, 0.0138]
74   	1888.16     	0.000   	1.0000  	[10.8, 16.2, 10.8, 10.8]	[back, up, back, hover]	[-0.0000, 0.2944, 0.0000, 0.1202]
75   	1885.18     	0.000   	1.0000  	[10.8, 21.7, 10.8, 10.8]	[back, left, back, hover]	[0.0000, 0.4573, -0.0000, 0.0441]
76   	1884.01     	0.000   	1.0000  	[10.8, 21.7, 10.8, 10.8]	[hover, left, right, front]	[-0.0000, 1.3523, -0.0000, 0.0158]
77   	1881.56     	0.000   	1.0000  	[10.8, 21.7, 10.8, 10.8]	[hover, left, hover, hover]	[-0.0000, 3.4257, -0.0000, 0.0043]
78   	1880.19     	0.000   	1.0000  	[10.8, 21.7, 10.8, 10.8]	[hover, left, hover, hover]	[-0.0000, 2.3167, -0.0000, 0.0012]
79   	1880.20     	0.000   	1.0000  	[10.8, 21.7, 10.8, 10.8]	[hover, down, front, front]	[-0.0000, 1.3230, -0.0000, 0.0003]
80   	1875.37     	0.000   	1.0000  	[10.8, 16.2, 10.8, 10.8]	[hover, back, front, back]	[-0.0000, 1.4989, 0.0000, 0.0000]
81   	1875.29     	0.000   	1.0000  	[10.8, 16.2, 10.8, 10.8]	[back, hover, hover, front]	[-0.0000, 0.9919, -0.0000, 0.0000]
82   	1875.00     	0.000   	1.0000  	[10.8, 16.2, 10.8, 10.8]	[front, hover, hover, back]	[-0.0000, 0.8363, -0.0000, -0.0000]
83   	1874.79     	0.000   	1.0000  	[10.8, 16.2, 10.8, 10.8]	[hover, front, hover, front]	[-0.0000, 0.6117, -0.0000, -0.0000]
84   	1874.61     	0.000   	1.0000  	[10.8, 16.2, 10.8, 10.8]	[hover, left, hover, hover]	[-0.0000, 0.4336, -0.0000, -0.0000]
85   	1874.46     	0.000   	1.0000  	[10.8, 16.2, 10.8, 10.8]	[back, hover, hover, hover]	[-0.0000, 0.3111, -0.0000, -0.0000]
86   	1874.29     	0.000   	1.0000  	[10.8, 16.2, 10.8, 10.8]	[back, up, hover, hover]	[-0.0000, 0.2110, -0.0000, -0.0000]
87   	1874.22     	0.000   	1.0000  	[10.8, 21.7, 10.8, 10.8]	[back, down, hover, hover]	[-0.0000, 0.1575, -0.0000, -0.0000]
88   	1874.18     	0.000   	1.0000  	[10.8, 16.2, 10.8, 10.8]	[front, front, hover, front]	[-0.0000, 0.1052, -0.0000, -0.0000]
89   	1874.24     	0.000   	1.0000  	[10.8, 16.2, 10.8, 10.8]	[front, front, hover, front]	[-0.0000, 0.1123, -0.0000, -0.0000]
90   	1874.10     	0.000   	1.0000  	[10.8, 16.2, 10.8, 10.8]	[back, front, hover, front]	[-0.0000, 0.1815, -0.0000, -0.0000]
91   	1874.01     	0.000   	1.0000  	[10.8, 16.2, 10.8, 10.8]	[front, front, hover, front]	[-0.0000, 0.3771, -0.0000, -0.0000]
92   	1874.12     	0.000   	1.0000  	[10.8, 16.2, 10.8, 10.8]	[back, front, hover, back]	[-0.0000, 0.4015, -0.0000, -0.0000]
93   	1874.09     	0.000   	1.0000  	[10.8, 16.2, 10.8, 10.8]	[front, front, hover, front]	[-0.0000, 0.8757, -0.0000, -0.0000]
94   	1874.16     	0.000   	1.0000  	[10.8, 16.2, 10.8, 10.8]	[back, front, hover, back]	[-0.0000, 0.9683, -0.0000, -0.0000]
95   	1873.47     	0.000   	1.0000  	[10.8, 16.2, 10.8, 10.8]	[front, front, hover, front]	[-0.0000, 0.9463, -0.0000, -0.0000]
96   	1872.90     	0.000   	1.0000  	[10.8, 16.2, 10.8, 10.8]	[back, front, hover, back]	[-0.0000, 1.1094, -0.0000, -0.0000]
97   	1871.41     	0.000   	1.0000  	[10.8, 16.2, 10.8, 10.8]	[front, front, hover, front]	[-0.0000, 2.2342, -0.0000, -0.0000]
98   	1871.13     	0.000   	1.0000  	[10.8, 16.2, 10.8, 10.8]	[back, right, hover, back]	[-0.0000, 1.1462, -0.0000, -0.0000]
99   	1870.78     	0.000   	1.0000  	[10.8, 16.2, 10.8, 10.8]	[front, hover, hover, front]	[-0.0000, 1.0224, -0.0000, -0.0000]
[2025-12-18T15:09:59]
Strategy: greedy_ig
Pairwise: adaptive
News mode: IG_BM
Num agents: 4
Iteration: 18
Error margin: None
Gaussian radius 5 
Grid info: range: 0-50-50, cell_size:0.125, map shape: (400, 400), center:True
init UAV positions: [(-20.0, -20.0, 5.4), (-15.0, 0.0, 5.4), (25.0, -25.0, 5.4), (25.0, 25.0, 5.4)]
mcts_params: {}
Step	Entropy	MSE	Coverage	Heights	Actions	IGs
------------------------------------------------------------------------------------------------------------------------
0    	160000.00   	0.250   	0.0000  	[5.4, 5.4, 5.4, 5.4]	[-, -, -, -]	[-, -, -, -]
1    	155985.71   	0.237   	0.0391  	[5.4, 5.4, 5.4, 5.4]	[up, up, up, up]	[3162.6921, 3904.5582, 976.1395, 976.1395]
2    	153938.88   	0.227   	0.1444  	[10.8, 10.8, 10.8, 10.8]	[up, up, up, up]	[2334.3796, 3903.3184, 1075.6101, 1088.3334]
3    	152182.58   	0.217   	0.2936  	[16.2, 16.2, 16.2, 16.2]	[right, up, front, back]	[2344.1326, 3174.6742, 1108.4958, 1272.2973]
4    	150503.81   	0.209   	0.4062  	[16.2, 21.7, 16.2, 16.2]	[right, right, left, left]	[2122.7729, 2852.7751, 1170.1248, 1380.6085]
5    	148942.70   	0.202   	0.4844  	[16.2, 21.7, 16.2, 16.2]	[right, right, left, left]	[2064.5513, 2430.9306, 1195.5159, 1328.2410]
6    	147280.46   	0.193   	0.5625  	[16.2, 21.7, 16.2, 16.2]	[right, right, front, back]	[1995.3035, 2287.2403, 1356.5466, 1495.4351]
7    	137904.29   	0.169   	0.6484  	[16.2, 21.7, 16.2, 16.2]	[right, right, front, back]	[1880.0199, 2173.0262, 1460.5824, 1534.0210]
8    	95238.57    	0.109   	0.7312  	[16.2, 21.7, 16.2, 16.2]	[right, right, left, left]	[1698.0331, 2162.0470, 1658.6205, 1685.0908]
9    	73124.47    	0.081   	0.7844  	[16.2, 21.7, 16.2, 16.2]	[front, front, front, back]	[1072.0143, 1599.4604, 1377.7464, 1432.9375]
10   	66389.75    	0.070   	0.8367  	[16.2, 21.7, 16.2, 16.2]	[right, front, front, back]	[564.0221, 1462.2963, 1370.3341, 1374.8384]
11   	37152.29    	0.044   	0.8891  	[16.2, 21.7, 16.2, 16.2]	[front, front, front, back]	[315.9998, 1435.6844, 1228.7702, 1140.8668]
12   	33678.35    	0.038   	0.9117  	[16.2, 21.7, 16.2, 16.2]	[up, front, front, back]	[216.9295, 1527.4278, 871.2490, 799.3052]
13   	31043.08    	0.034   	0.9344  	[21.7, 21.7, 16.2, 16.2]	[up, left, front, back]	[161.2963, 1425.3249, 533.8527, 489.5596]
14   	25761.69    	0.027   	0.9500  	[27.1, 21.7, 16.2, 16.2]	[front, left, front, back]	[131.3631, 1356.8294, 295.3311, 290.3966]
15   	23979.14    	0.024   	0.9656  	[27.1, 21.7, 16.2, 16.2]	[left, left, left, left]	[94.8561, 1295.3256, 197.9285, 187.4666]
16   	22752.56    	0.021   	0.9812  	[27.1, 21.7, 16.2, 16.2]	[left, left, up, right]	[127.4411, 1365.0956, 169.9040, 127.9414]
17   	21622.36    	0.019   	0.9969  	[27.1, 21.7, 21.7, 16.2]	[left, left, front, hover]	[201.1440, 1075.2938, 158.5675, 89.2494]
18   	20761.98    	0.018   	1.0000  	[27.1, 21.7, 21.7, 16.2]	[left, down, front, hover]	[243.8156, 781.4478, 156.4298, 61.0195]
19   	20007.24    	0.016   	1.0000  	[27.1, 16.2, 21.7, 16.2]	[front, front, front, hover]	[193.4175, 666.0847, 187.9773, 42.5162]
20   	19245.50    	0.015   	1.0000  	[27.1, 16.2, 21.7, 16.2]	[front, left, left, hover]	[148.9205, 534.0232, 204.0051, 34.6701]
21   	14254.86    	0.009   	1.0000  	[27.1, 16.2, 21.7, 16.2]	[front, hover, left, up]	[130.0432, 310.4900, 202.4640, 29.9958]
22   	11913.49    	0.007   	1.0000  	[27.1, 16.2, 21.7, 21.7]	[front, hover, left, left]	[101.5510, 166.4756, 95.1046, 31.0451]
23   	11151.36    	0.007   	1.0000  	[27.1, 16.2, 21.7, 21.7]	[front, hover, left, back]	[81.5562, 88.6269, 46.9708, 21.1996]
24   	10950.17    	0.007   	1.0000  	[27.1, 16.2, 21.7, 21.7]	[front, hover, left, back]	[67.5149, 41.6277, 27.5236, 18.4159]
25   	10832.85    	0.006   	1.0000  	[27.1, 16.2, 21.7, 21.7]	[front, back, left, back]	[39.6165, 23.4296, 17.5722, 22.1173]
26   	10758.01    	0.006   	1.0000  	[27.1, 16.2, 21.7, 21.7]	[hover, back, left, left]	[20.9478, 23.2613, 12.5323, 15.0470]
27   	10691.49    	0.006   	1.0000  	[27.1, 16.2, 21.7, 21.7]	[hover, back, left, left]	[11.9870, 26.5395, 20.2787, 8.6095]
28   	10631.17    	0.006   	1.0000  	[27.1, 16.2, 21.7, 21.7]	[right, back, back, left]	[8.0615, 30.8761, 11.5034, 6.1811]
29   	3480.44     	0.002   	1.0000  	[27.1, 16.2, 21.7, 21.7]	[right, back, back, left]	[5.4298, 48.8453, 10.7580, 11.1999]
30   	3260.56     	0.001   	1.0000  	[27.1, 16.2, 21.7, 21.7]	[down, back, back, left]	[3.8794, 67.6084, 13.7452, 22.1191]
31   	2978.25     	0.001   	1.0000  	[21.7, 16.2, 21.7, 21.7]	[front, back, back, left]	[3.1336, 97.5801, 19.3368, 35.9859]
32   	2686.67     	0.001   	1.0000  	[21.7, 16.2, 21.7, 21.7]	[right, back, back, left]	[2.9885, 100.2607, 21.1671, 61.2014]
33   	2417.09     	0.000   	1.0000  	[21.7, 16.2, 21.7, 21.7]	[right, back, back, left]	[2.0785, 93.8407, 22.4759, 78.1020]
34   	2265.59     	0.000   	1.0000  	[21.7, 16.2, 21.7, 21.7]	[right, back, back, hover]	[1.3980, 88.0101, 18.9518, 33.4992]
35   	2197.28     	0.000   	1.0000  	[21.7, 16.2, 21.7, 21.7]	[right, hover, up, hover]	[1.5132, 35.6797, 12.9299, 10.9067]
36   	2176.39     	0.000   	1.0000  	[21.7, 16.2, 27.1, 21.7]	[right, right, right, hover]	[1.5806, 12.3958, 5.5198, 3.6946]
37   	2165.19     	0.000   	1.0000  	[21.7, 16.2, 27.1, 21.7]	[back, left, hover, hover]	[1.5681, 5.5142, 2.5511, 1.6226]
38   	2040.56     	0.000   	1.0000  	[21.7, 16.2, 27.1, 21.7]	[back, hover, right, hover]	[1.4393, 2.3373, 1.4221, 0.8353]
39   	2035.46     	0.000   	1.0000  	[21.7, 16.2, 27.1, 21.7]	[back, hover, right, front]	[1.3001, 1.1268, 1.1525, 0.4350]
40   	2031.03     	0.000   	1.0000  	[21.7, 16.2, 27.1, 21.7]	[right, hover, right, right]	[1.4156, 0.7919, 1.0919, 0.3854]
41   	1913.54     	0.000   	1.0000  	[21.7, 16.2, 27.1, 21.7]	[back, hover, right, right]	[1.5664, 0.3449, 0.8312, 0.3738]
42   	1910.95     	0.000   	1.0000  	[21.7, 16.2, 27.1, 21.7]	[back, down, right, right]	[1.0813, 0.3897, 0.8980, 0.5090]
43   	1908.66     	0.000   	1.0000  	[21.7, 10.8, 27.1, 21.7]	[back, left, right, right]	[1.4362, 0.3608, 0.9789, 0.6150]
44   	1907.11     	0.000   	1.0000  	[21.7, 10.8, 27.1, 21.7]	[back, front, down, right]	[1.7981, 0.0563, 0.9529, 0.5985]
45   	1904.31     	0.000   	1.0000  	[21.7, 10.8, 21.7, 21.7]	[back, left, right, down]	[1.6697, 0.0090, 1.1698, 0.7343]
46   	1902.53     	0.000   	1.0000  	[21.7, 10.8, 21.7, 16.2]	[down, front, back, back]	[0.6953, 0.0027, 0.7641, 0.3656]
47   	1901.67     	0.000   	1.0000  	[16.2, 10.8, 21.7, 16.2]	[back, back, down, back]	[0.5230, 0.0005, 0.4527, 0.2736]
48   	1901.56     	0.000   	1.0000  	[16.2, 10.8, 16.2, 16.2]	[down, front, right, right]	[0.4388, 0.0006, 0.2889, 0.0732]
49   	1901.04     	0.000   	1.0000  	[10.8, 10.8, 16.2, 16.2]	[back, back, back, right]	[0.1657, 0.0001, 0.2248, 0.0924]
50   	1900.98     	0.000   	1.0000  	[10.8, 10.8, 16.2, 16.2]	[back, back, down, front]	[0.0892, 0.0000, 0.0558, 0.0557]
51   	1900.78     	0.000   	1.0000  	[10.8, 10.8, 10.8, 16.2]	[right, back, right, left]	[0.1105, 0.0173, 0.0410, 0.0325]
52   	1900.69     	0.000   	1.0000  	[10.8, 10.8, 10.8, 16.2]	[right, right, back, hover]	[0.0364, 0.0037, 0.0072, 0.0108]
53   	1900.82     	0.000   	1.0000  	[10.8, 10.8, 10.8, 16.2]	[hover, right, hover, down]	[0.0012, 0.0009, 0.0005, 0.0118]
54   	1892.73     	0.000   	1.0000  	[10.8, 10.8, 10.8, 10.8]	[front, back, right, left]	[0.0001, 0.0022, 0.0001, 0.1344]
55   	1892.68     	0.000   	1.0000  	[10.8, 10.8, 10.8, 10.8]	[front, back, right, front]	[0.0002, 0.0028, 0.0000, 0.0917]
56   	1893.02     	0.000   	1.0000  	[10.8, 10.8, 10.8, 10.8]	[front, left, back, left]	[0.0001, 0.0005, 0.0000, 0.0469]
57   	1893.40     	0.000   	1.0000  	[10.8, 10.8, 10.8, 10.8]	[front, hover, back, hover]	[0.0018, 0.0016, -0.0000, 0.3424]
58   	1893.37     	0.000   	1.0000  	[10.8, 10.8, 10.8, 10.8]	[front, right, hover, hover]	[0.0126, 0.0002, -0.0000, 0.1525]
59   	1893.34     	0.000   	1.0000  	[10.8, 10.8, 10.8, 10.8]	[front, left, hover, hover]	[0.0039, 0.0000, -0.0000, 0.2185]
60   	1893.18     	0.000   	1.0000  	[10.8, 10.8, 10.8, 10.8]	[front, hover, hover, hover]	[0.0271, 0.0000, -0.0000, 0.2860]
61   	1893.30     	0.000   	1.0000  	[10.8, 10.8, 10.8, 10.8]	[front, left, hover, hover]	[0.0313, -0.0000, -0.0000, 0.3456]
62   	1893.38     	0.000   	1.0000  	[10.8, 10.8, 10.8, 10.8]	[front, hover, hover, hover]	[0.4607, -0.0000, -0.0000, 0.0396]
63   	1893.27     	0.000   	1.0000  	[10.8, 10.8, 10.8, 10.8]	[front, hover, hover, hover]	[0.6894, -0.0000, -0.0000, 0.0647]
64   	1893.28     	0.000   	1.0000  	[10.8, 10.8, 10.8, 10.8]	[front, hover, hover, hover]	[0.5576, -0.0000, -0.0000, 0.1009]
65   	1893.11     	0.000   	1.0000  	[10.8, 10.8, 10.8, 10.8]	[front, hover, hover, hover]	[0.3175, -0.0000, -0.0000, 0.1469]
66   	1893.05     	0.000   	1.0000  	[10.8, 10.8, 10.8, 10.8]	[front, hover, hover, hover]	[0.6967, -0.0000, -0.0000, 0.2211]
67   	1893.12     	0.000   	1.0000  	[10.8, 10.8, 10.8, 10.8]	[left, hover, hover, hover]	[0.3066, -0.0000, -0.0000, 0.2894]
68   	1893.32     	0.000   	1.0000  	[10.8, 10.8, 10.8, 10.8]	[hover, hover, hover, hover]	[0.0988, -0.0000, -0.0000, 0.0270]
69   	1893.50     	0.000   	1.0000  	[10.8, 10.8, 10.8, 10.8]	[right, hover, hover, right]	[0.3696, -0.0000, -0.0000, 0.0437]
70   	1893.51     	0.000   	1.0000  	[10.8, 10.8, 10.8, 10.8]	[left, hover, hover, back]	[0.1719, -0.0000, -0.0000, 0.0956]
71   	1893.49     	0.000   	1.0000  	[10.8, 10.8, 10.8, 10.8]	[left, hover, hover, right]	[0.0386, -0.0000, -0.0000, 0.1384]
72   	1893.42     	0.000   	1.0000  	[10.8, 10.8, 10.8, 10.8]	[left, hover, hover, back]	[0.0919, -0.0000, -0.0000, 0.2246]
73   	1893.33     	0.000   	1.0000  	[10.8, 10.8, 10.8, 10.8]	[left, hover, hover, back]	[0.0363, -0.0000, -0.0000, 0.2914]
74   	1893.25     	0.000   	1.0000  	[10.8, 10.8, 10.8, 10.8]	[up, hover, hover, right]	[0.0474, -0.0000, -0.0000, 0.3574]
75   	1893.19     	0.000   	1.0000  	[16.2, 10.8, 10.8, 10.8]	[back, hover, hover, hover]	[0.0167, -0.0000, -0.0000, 0.3894]
76   	1893.10     	0.000   	1.0000  	[16.2, 10.8, 10.8, 10.8]	[down, hover, hover, hover]	[0.0170, -0.0000, -0.0000, 0.3779]
77   	1893.43     	0.000   	1.0000  	[10.8, 10.8, 10.8, 10.8]	[left, hover, hover, front]	[0.0154, -0.0000, -0.0000, 0.3332]
78   	1893.41     	0.000   	1.0000  	[10.8, 10.8, 10.8, 10.8]	[back, hover, hover, hover]	[0.0317, -0.0000, -0.0000, 0.1590]
79   	1893.37     	0.000   	1.0000  	[10.8, 10.8, 10.8, 10.8]	[back, hover, hover, hover]	[0.1263, -0.0000, -0.0000, 0.2224]
80   	1893.32     	0.000   	1.0000  	[10.8, 10.8, 10.8, 10.8]	[hover, hover, hover, hover]	[0.0277, -0.0000, -0.0000, 0.2898]
81   	1893.46     	0.000   	1.0000  	[10.8, 10.8, 10.8, 10.8]	[hover, hover, hover, hover]	[0.0071, -0.0000, -0.0000, 0.3514]
82   	1893.45     	0.000   	1.0000  	[10.8, 10.8, 10.8, 10.8]	[hover, hover, hover, hover]	[0.0018, -0.0000, -0.0000, 0.0424]
83   	1893.44     	0.000   	1.0000  	[10.8, 10.8, 10.8, 10.8]	[hover, hover, hover, hover]	[0.0051, -0.0000, -0.0000, 0.0702]
84   	1893.43     	0.000   	1.0000  	[10.8, 10.8, 10.8, 10.8]	[up, hover, hover, hover]	[0.0013, -0.0000, -0.0000, 0.1070]
85   	1893.39     	0.000   	1.0000  	[16.2, 10.8, 10.8, 10.8]	[up, hover, hover, hover]	[0.0063, -0.0000, -0.0000, 0.1605]
86   	1890.80     	0.000   	1.0000  	[21.7, 10.8, 10.8, 10.8]	[up, hover, hover, front]	[0.0027, -0.0000, -0.0000, 0.2286]
87   	1890.61     	0.000   	1.0000  	[27.1, 10.8, 10.8, 10.8]	[right, hover, hover, front]	[0.0038, -0.0000, -0.0000, 0.3480]
88   	1890.50     	0.000   	1.0000  	[27.1, 10.8, 10.8, 10.8]	[front, hover, hover, hover]	[0.0012, -0.0000, -0.0000, 0.3354]
89   	1890.36     	0.000   	1.0000  	[27.1, 10.8, 10.8, 10.8]	[right, hover, hover, hover]	[0.0006, -0.0000, -0.0000, 0.1315]
90   	1890.23     	0.000   	1.0000  	[27.1, 10.8, 10.8, 10.8]	[down, hover, hover, hover]	[0.0004, -0.0000, -0.0000, 0.0346]
91   	1890.16     	0.000   	1.0000  	[21.7, 10.8, 10.8, 10.8]	[right, hover, hover, hover]	[0.0002, -0.0000, -0.0000, 0.0083]
92   	1890.16     	0.000   	1.0000  	[21.7, 10.8, 10.8, 10.8]	[down, hover, hover, hover]	[0.0002, -0.0000, -0.0000, 0.0019]
93   	1890.16     	0.000   	1.0000  	[16.2, 10.8, 10.8, 10.8]	[front, hover, hover, hover]	[0.0001, -0.0000, -0.0000, 0.0004]
94   	1890.16     	0.000   	1.0000  	[16.2, 10.8, 10.8, 10.8]	[right, hover, hover, hover]	[0.0001, -0.0000, -0.0000, 0.0001]
95   	1890.16     	0.000   	1.0000  	[16.2, 10.8, 10.8, 10.8]	[down, hover, hover, hover]	[0.0002, -0.0000, -0.0000, -0.0000]
96   	1890.16     	0.000   	1.0000  	[10.8, 10.8, 10.8, 10.8]	[right, hover, hover, hover]	[0.0011, -0.0000, -0.0000, -0.0000]
97   	1890.16     	0.000   	1.0000  	[10.8, 10.8, 10.8, 10.8]	[right, hover, hover, hover]	[0.0002, -0.0000, -0.0000, -0.0000]
98   	1890.16     	0.000   	1.0000  	[10.8, 10.8, 10.8, 10.8]	[front, hover, hover, hover]	[0.0000, -0.0000, -0.0000, -0.0000]
99   	1890.16     	0.000   	1.0000  	[10.8, 10.8, 10.8, 10.8]	[front, hover, hover, hover]	[0.0001, -0.0000, -0.0000, -0.0000]
[2025-12-18T15:10:09]
Strategy: greedy_ig
Pairwise: adaptive
News mode: IG_BM
Num agents: 4
Iteration: 19
Error margin: None
Gaussian radius 5 
Grid info: range: 0-50-50, cell_size:0.125, map shape: (400, 400), center:True
init UAV positions: [(-15.0, -15.0, 5.4), (-5.0, 20.0, 5.4), (10.0, -5.0, 5.4), (20.0, 20.0, 5.4)]
mcts_params: {}
Step	Entropy	MSE	Coverage	Heights	Actions	IGs
------------------------------------------------------------------------------------------------------------------------
0    	160000.00   	0.250   	0.0000  	[5.4, 5.4, 5.4, 5.4]	[-, -, -, -]	[-, -, -, -]
1    	157777.62   	0.238   	0.0625  	[5.4, 5.4, 5.4, 5.4]	[up, up, up, up]	[3904.5582, 3514.1024, 3904.5582, 3162.6921]
2    	155848.21   	0.226   	0.2319  	[10.8, 10.8, 10.8, 10.8]	[up, up, up, up]	[4331.4962, 3141.6441, 4320.6480, 2099.5382]
3    	153829.51   	0.214   	0.4717  	[16.2, 16.2, 16.2, 16.2]	[up, back, up, left]	[3120.3986, 3041.7169, 4453.0718, 1877.3053]
4    	144290.84   	0.184   	0.6844  	[21.7, 16.2, 21.7, 16.2]	[front, up, up, back]	[2880.2335, 2939.2978, 3618.8351, 1789.9021]
5    	130822.26   	0.149   	0.8609  	[21.7, 21.7, 27.1, 16.2]	[right, back, back, left]	[2720.0920, 2953.4927, 3154.3443, 1431.9550]
6    	81098.97    	0.082   	0.9109  	[21.7, 21.7, 27.1, 16.2]	[front, back, hover, back]	[2075.3075, 2674.5991, 2370.2553, 1146.1081]
7    	75651.34    	0.072   	0.9225  	[21.7, 21.7, 27.1, 16.2]	[front, left, back, up]	[1444.0896, 1733.0031, 1713.4952, 748.4156]
8    	67976.34    	0.060   	0.9644  	[21.7, 21.7, 27.1, 21.7]	[front, left, down, back]	[1026.4445, 1610.8452, 1539.9602, 559.2089]
9    	66035.97    	0.056   	0.9855  	[21.7, 21.7, 21.7, 21.7]	[front, left, right, back]	[685.0712, 1228.6137, 1151.0333, 402.5784]
10   	64726.59    	0.052   	0.9944  	[21.7, 21.7, 21.7, 21.7]	[front, front, back, back]	[469.8790, 902.3108, 883.0666, 318.3868]
11   	63910.03    	0.050   	1.0000  	[21.7, 21.7, 21.7, 21.7]	[front, hover, hover, back]	[323.1534, 570.6821, 525.2932, 265.8866]
12   	31948.87    	0.024   	1.0000  	[21.7, 21.7, 21.7, 21.7]	[up, hover, left, left]	[253.3858, 350.6595, 322.0967, 291.4258]
13   	31401.18    	0.023   	1.0000  	[27.1, 21.7, 21.7, 21.7]	[front, hover, left, back]	[187.3498, 214.0492, 229.7509, 171.5979]
14   	30929.60    	0.023   	1.0000  	[27.1, 21.7, 21.7, 21.7]	[hover, hover, left, back]	[115.1100, 120.6917, 209.8801, 187.3869]
15   	30529.46    	0.022   	1.0000  	[27.1, 21.7, 21.7, 21.7]	[hover, hover, left, back]	[69.9791, 68.0060, 180.1010, 192.2896]
16   	30127.37    	0.021   	1.0000  	[27.1, 21.7, 21.7, 21.7]	[right, back, left, back]	[45.1328, 40.8438, 172.0567, 187.0359]
17   	10968.25    	0.007   	1.0000  	[27.1, 21.7, 21.7, 21.7]	[right, back, left, right]	[34.6119, 54.4777, 167.4924, 180.6661]
18   	10453.01    	0.006   	1.0000  	[27.1, 21.7, 21.7, 21.7]	[right, back, left, back]	[23.7223, 46.2060, 107.8336, 159.3497]
19   	10101.50    	0.006   	1.0000  	[27.1, 21.7, 21.7, 21.7]	[right, back, left, hover]	[20.6906, 41.8367, 136.3542, 82.2453]
20   	9827.81     	0.005   	1.0000  	[27.1, 21.7, 21.7, 21.7]	[right, back, left, hover]	[18.5568, 42.3930, 145.4990, 39.4875]
21   	7057.66     	0.003   	1.0000  	[27.1, 21.7, 21.7, 21.7]	[right, back, hover, left]	[21.3536, 38.7056, 91.0311, 21.6060]
22   	4136.85     	0.002   	1.0000  	[27.1, 21.7, 21.7, 21.7]	[right, back, hover, left]	[23.2911, 32.5851, 51.2395, 25.0979]
23   	4022.04     	0.001   	1.0000  	[27.1, 21.7, 21.7, 21.7]	[back, back, hover, left]	[14.7207, 39.8882, 28.3805, 8.7766]
24   	3924.87     	0.001   	1.0000  	[27.1, 21.7, 21.7, 21.7]	[back, back, hover, left]	[10.6281, 40.5570, 15.8930, 4.8326]
25   	3852.02     	0.001   	1.0000  	[27.1, 21.7, 21.7, 21.7]	[back, hover, hover, left]	[8.2251, 18.0482, 7.8533, 3.7146]
26   	3791.16     	0.001   	1.0000  	[27.1, 21.7, 21.7, 21.7]	[back, hover, front, left]	[7.1619, 8.4667, 4.1847, 3.2937]
27   	3722.68     	0.001   	1.0000  	[27.1, 21.7, 21.7, 21.7]	[back, hover, front, left]	[7.5968, 4.5023, 2.8390, 2.9499]
28   	3617.07     	0.001   	1.0000  	[27.1, 21.7, 21.7, 21.7]	[back, hover, front, left]	[8.5399, 2.1664, 2.4959, 3.5735]
29   	2854.25     	0.001   	1.0000  	[27.1, 21.7, 21.7, 21.7]	[back, hover, front, up]	[7.3449, 0.9371, 2.2987, 2.2179]
30   	2388.06     	0.000   	1.0000  	[27.1, 21.7, 21.7, 27.1]	[hover, hover, right, front]	[4.5811, 0.4288, 2.2015, 1.2607]
31   	2382.27     	0.000   	1.0000  	[27.1, 21.7, 21.7, 27.1]	[right, front, front, hover]	[2.8645, 0.3053, 1.1742, 0.7864]
32   	2378.92     	0.000   	1.0000  	[27.1, 21.7, 21.7, 27.1]	[down, front, left, hover]	[2.9436, 0.2311, 1.2588, 0.4594]
33   	2374.69     	0.000   	1.0000  	[21.7, 21.7, 21.7, 27.1]	[back, front, front, front]	[2.3813, 0.2831, 1.2950, 0.3796]
34   	2369.66     	0.000   	1.0000  	[21.7, 21.7, 21.7, 27.1]	[hover, up, front, front]	[1.3146, 0.3130, 1.6319, 0.4944]
35   	2364.67     	0.000   	1.0000  	[21.7, 27.1, 21.7, 27.1]	[down, front, front, front]	[1.1828, 0.3920, 1.8355, 0.6459]
36   	2345.11     	0.000   	1.0000  	[16.2, 27.1, 21.7, 27.1]	[right, front, front, front]	[1.2176, 0.6079, 10.5207, 1.0150]
37   	2330.84     	0.000   	1.0000  	[16.2, 27.1, 21.7, 27.1]	[down, front, right, front]	[1.1768, 0.8871, 6.3124, 1.3319]
38   	2316.98     	0.000   	1.0000  	[10.8, 27.1, 21.7, 27.1]	[right, front, right, front]	[0.8054, 1.0787, 4.2666, 1.6973]
39   	2287.32     	0.000   	1.0000  	[10.8, 27.1, 21.7, 27.1]	[back, front, right, front]	[0.5116, 4.8382, 7.1585, 4.8731]
40   	2247.53     	0.000   	1.0000  	[10.8, 27.1, 21.7, 27.1]	[back, front, right, right]	[0.5032, 2.8006, 10.3347, 4.0841]
41   	2204.01     	0.000   	1.0000  	[10.8, 27.1, 21.7, 27.1]	[hover, down, right, right]	[0.1412, 2.9134, 7.3708, 2.5344]
42   	2178.03     	0.000   	1.0000  	[10.8, 21.7, 21.7, 27.1]	[left, front, right, right]	[0.2131, 1.5846, 3.9352, 1.6337]
43   	2149.01     	0.000   	1.0000  	[10.8, 21.7, 21.7, 27.1]	[hover, hover, right, right]	[0.2506, 0.8797, 4.7877, 1.2615]
44   	2123.06     	0.000   	1.0000  	[10.8, 21.7, 21.7, 27.1]	[hover, right, right, right]	[0.0633, 0.6076, 5.4260, 1.2920]
45   	2072.81     	0.000   	1.0000  	[10.8, 21.7, 21.7, 27.1]	[up, right, right, right]	[0.0333, 0.5580, 13.8480, 1.2239]
46   	2034.85     	0.000   	1.0000  	[16.2, 21.7, 21.7, 27.1]	[left, right, back, right]	[0.2057, 1.3235, 6.5662, 4.8891]
47   	2013.27     	0.000   	1.0000  	[16.2, 21.7, 21.7, 27.1]	[left, right, back, right]	[0.1690, 1.5339, 2.5912, 2.1633]
48   	1999.52     	0.000   	1.0000  	[16.2, 21.7, 21.7, 27.1]	[down, right, back, down]	[0.2458, 1.7371, 1.3027, 1.8199]
49   	1924.00     	0.000   	1.0000  	[10.8, 21.7, 21.7, 21.7]	[left, right, back, front]	[0.1471, 1.2629, 0.7669, 0.6365]
50   	1916.46     	0.000   	1.0000  	[10.8, 21.7, 21.7, 21.7]	[left, right, front, back]	[0.0757, 1.4804, 0.3738, 0.2678]
51   	1908.29     	0.000   	1.0000  	[10.8, 21.7, 21.7, 21.7]	[front, right, hover, front]	[0.0277, 1.8887, 0.1727, 0.1523]
52   	1901.36     	0.000   	1.0000  	[10.8, 21.7, 21.7, 21.7]	[right, right, hover, back]	[0.0162, 2.9662, 0.1399, 0.1766]
53   	1898.85     	0.000   	1.0000  	[10.8, 21.7, 21.7, 21.7]	[front, back, left, front]	[0.0157, 1.1819, 0.0471, 0.0749]
54   	1897.86     	0.000   	1.0000  	[10.8, 21.7, 21.7, 21.7]	[hover, right, front, left]	[0.0446, 0.3933, 0.0564, 0.0542]
55   	1897.23     	0.000   	1.0000  	[10.8, 21.7, 21.7, 21.7]	[hover, left, right, right]	[0.0104, 0.0998, 0.0385, 0.0652]
56   	1897.05     	0.000   	1.0000  	[10.8, 21.7, 21.7, 21.7]	[hover, back, left, back]	[0.0033, 0.0918, 0.0088, 0.0124]
57   	1833.97     	0.000   	1.0000  	[10.8, 21.7, 21.7, 21.7]	[left, back, right, back]	[0.0027, 0.1049, 0.0062, 0.0147]
58   	1833.79     	0.000   	1.0000  	[10.8, 21.7, 21.7, 21.7]	[left, back, left, left]	[0.0016, 0.0037, 0.0031, 0.0045]
59   	1833.86     	0.000   	1.0000  	[10.8, 21.7, 21.7, 21.7]	[front, right, up, front]	[0.0121, 0.0055, 0.0031, 0.0045]
60   	1833.80     	0.000   	1.0000  	[10.8, 21.7, 27.1, 21.7]	[hover, down, front, up]	[0.0077, 0.0192, 0.0098, 0.0057]
61   	1833.72     	0.000   	1.0000  	[10.8, 16.2, 27.1, 27.1]	[right, front, down, down]	[0.0047, 0.0056, 0.0061, 0.0063]
62   	1833.71     	0.000   	1.0000  	[10.8, 16.2, 21.7, 21.7]	[back, right, up, front]	[0.0028, 0.0017, 0.0020, 0.0012]
63   	1833.74     	0.000   	1.0000  	[10.8, 16.2, 27.1, 21.7]	[right, down, right, right]	[0.0019, 0.0045, 0.0010, 0.0010]
64   	1834.07     	0.000   	1.0000  	[10.8, 10.8, 27.1, 21.7]	[right, front, front, front]	[0.0328, 0.0006, 0.0003, 0.0008]
65   	1834.47     	0.000   	1.0000  	[10.8, 10.8, 27.1, 21.7]	[hover, right, front, up]	[0.3226, 0.0001, 0.0001, 0.0002]
66   	1834.44     	0.000   	1.0000  	[10.8, 10.8, 27.1, 27.1]	[hover, front, hover, hover]	[0.1586, 0.0000, 0.0003, 0.0004]
67   	1834.40     	0.000   	1.0000  	[10.8, 10.8, 27.1, 27.1]	[hover, front, hover, hover]	[0.2231, 0.0002, 0.0003, 0.0004]
68   	1834.33     	0.000   	1.0000  	[10.8, 10.8, 27.1, 27.1]	[hover, front, hover, hover]	[0.2981, 0.0003, 0.0000, 0.0001]
69   	1834.53     	0.000   	1.0000  	[10.8, 10.8, 27.1, 27.1]	[hover, back, hover, hover]	[0.3649, 0.0004, 0.0003, 0.0005]
70   	1834.49     	0.000   	1.0000  	[10.8, 10.8, 27.1, 27.1]	[hover, hover, hover, hover]	[0.0496, 0.0023, 0.0012, 0.0021]
71   	1834.47     	0.000   	1.0000  	[10.8, 10.8, 27.1, 27.1]	[hover, hover, hover, hover]	[0.0764, 0.0001, 0.0002, 0.0005]
72   	1834.51     	0.000   	1.0000  	[10.8, 10.8, 27.1, 27.1]	[hover, back, hover, hover]	[0.1302, -0.0000, 0.0000, 0.0001]
73   	1834.50     	0.000   	1.0000  	[10.8, 10.8, 27.1, 27.1]	[front, back, hover, hover]	[0.0091, -0.0000, -0.0000, 0.0001]
74   	1834.51     	0.000   	1.0000  	[10.8, 10.8, 27.1, 27.1]	[hover, hover, hover, hover]	[0.0218, -0.0000, -0.0000, -0.0000]
75   	1834.51     	0.000   	1.0000  	[10.8, 10.8, 27.1, 27.1]	[hover, hover, up, front]	[0.0018, -0.0000, -0.0000, -0.0000]
76   	1834.66     	0.000   	1.0000  	[10.8, 10.8, 32.5, 27.1]	[hover, back, left, down]	[0.0001, -0.0000, -0.0000, -0.0000]
77   	1834.58     	0.000   	1.0000  	[10.8, 10.8, 32.5, 21.7]	[hover, back, front, down]	[0.0004, -0.0000, -0.0000, -0.0000]
78   	1834.53     	0.000   	1.0000  	[10.8, 10.8, 32.5, 16.2]	[hover, back, front, front]	[0.0009, 0.0000, -0.0000, -0.0000]
79   	1834.63     	0.000   	1.0000  	[10.8, 10.8, 32.5, 16.2]	[hover, back, hover, left]	[0.0023, 0.0004, -0.0000, 0.0001]
80   	1834.70     	0.000   	1.0000  	[10.8, 10.8, 32.5, 16.2]	[hover, back, right, hover]	[0.0002, 0.0010, -0.0000, 0.0001]
81   	1834.66     	0.000   	1.0000  	[10.8, 10.8, 32.5, 16.2]	[up, back, right, hover]	[0.0000, 0.0004, -0.0000, 0.0000]
82   	1834.61     	0.000   	1.0000  	[16.2, 10.8, 32.5, 16.2]	[right, back, right, down]	[0.0008, 0.0339, -0.0000, -0.0000]
83   	1834.56     	0.000   	1.0000  	[16.2, 10.8, 32.5, 10.8]	[right, back, right, back]	[0.0086, 0.0296, -0.0000, -0.0000]
84   	1834.56     	0.000   	1.0000  	[16.2, 10.8, 32.5, 10.8]	[right, back, hover, front]	[0.0002, 0.0020, -0.0000, -0.0000]
85   	1834.51     	0.000   	1.0000  	[16.2, 10.8, 32.5, 10.8]	[down, back, hover, left]	[0.0001, 0.0534, -0.0000, -0.0000]
86   	1834.51     	0.000   	1.0000  	[10.8, 10.8, 32.5, 10.8]	[right, hover, hover, left]	[0.0000, 0.0023, -0.0000, -0.0000]
87   	1834.51     	0.000   	1.0000  	[10.8, 10.8, 32.5, 10.8]	[back, hover, hover, back]	[0.0000, 0.0017, -0.0000, -0.0000]
88   	1834.51     	0.000   	1.0000  	[10.8, 10.8, 32.5, 10.8]	[back, hover, hover, front]	[0.0001, 0.0018, -0.0000, -0.0000]
89   	1834.51     	0.000   	1.0000  	[10.8, 10.8, 32.5, 10.8]	[back, hover, hover, left]	[0.0000, 0.0001, -0.0000, -0.0000]
90   	1834.51     	0.000   	1.0000  	[10.8, 10.8, 32.5, 10.8]	[back, hover, hover, left]	[-0.0000, -0.0000, -0.0000, -0.0000]
91   	1834.51     	0.000   	1.0000  	[10.8, 10.8, 32.5, 10.8]	[hover, back, hover, left]	[-0.0000, -0.0000, -0.0000, 0.0002]
92   	1834.51     	0.000   	1.0000  	[10.8, 10.8, 32.5, 10.8]	[hover, hover, hover, left]	[-0.0000, -0.0000, -0.0000, 0.0003]
93   	1834.45     	0.000   	1.0000  	[10.8, 10.8, 32.5, 10.8]	[hover, hover, hover, left]	[-0.0000, -0.0000, -0.0000, 0.0724]
94   	1834.43     	0.000   	1.0000  	[10.8, 10.8, 32.5, 10.8]	[hover, hover, hover, left]	[-0.0000, -0.0000, -0.0000, 0.0803]
95   	1834.23     	0.000   	1.0000  	[10.8, 10.8, 32.5, 10.8]	[hover, hover, hover, left]	[-0.0000, -0.0000, -0.0000, 0.4092]
96   	1834.32     	0.000   	1.0000  	[10.8, 10.8, 32.5, 10.8]	[hover, hover, hover, left]	[-0.0000, -0.0000, -0.0000, 1.9302]
97   	1834.06     	0.000   	1.0000  	[10.8, 10.8, 32.5, 10.8]	[hover, hover, hover, back]	[-0.0000, -0.0000, -0.0000, 1.5909]
98   	1833.74     	0.000   	1.0000  	[10.8, 10.8, 32.5, 10.8]	[hover, hover, hover, hover]	[-0.0000, -0.0000, -0.0000, 0.7639]
99   	1833.61     	0.000   	1.0000  	[10.8, 10.8, 32.5, 10.8]	[hover, hover, hover, hover]	[-0.0000, -0.0000, -0.0000, 0.5786]
[2025-12-18T15:10:21]
Strategy: greedy_ig
Pairwise: equal
News mode: IG_BM
Num agents: 4
Iteration: 0
Error margin: None
Gaussian radius 5 
Grid info: range: 0-50-50, cell_size:0.125, map shape: (400, 400), center:True
init UAV positions: [(-25.0, -5.0, 5.4), (-10.0, 10.0, 5.4), (10.0, 0.0, 5.4), (0.0, 20.0, 5.4)]
mcts_params: {}
Step	Entropy	MSE	Coverage	Heights	Actions	IGs
------------------------------------------------------------------------------------------------------------------------
0    	160000.00   	0.250   	0.0000  	[5.4, 5.4, 5.4, 5.4]	[-, -, -, -]	[-, -, -, -]
1    	153947.05   	0.233   	0.0547  	[5.4, 5.4, 5.4, 5.4]	[up, up, up, up]	[1952.2791, 3904.5582, 3904.5582, 3514.1024]
2    	143361.23   	0.211   	0.2100  	[10.8, 10.8, 10.8, 10.8]	[up, up, up, up]	[2188.5529, 4173.9790, 4382.9647, 2997.9768]
3    	135383.11   	0.193   	0.4231  	[16.2, 16.2, 16.2, 16.2]	[right, up, up, back]	[2404.7196, 3787.5490, 4352.1327, 2713.9330]
4    	130969.08   	0.181   	0.5825  	[16.2, 21.7, 21.7, 16.2]	[right, left, back, right]	[2511.6473, 3041.5926, 3726.4717, 2357.4277]
5    	126918.12   	0.170   	0.6623  	[16.2, 21.7, 21.7, 16.2]	[right, front, back, right]	[2568.6120, 2556.1583, 3515.4025, 2342.6820]
6    	124376.74   	0.162   	0.7397  	[16.2, 21.7, 21.7, 16.2]	[back, hover, back, right]	[2612.6983, 2108.4664, 3424.0590, 2381.2601]
7    	122985.06   	0.156   	0.8100  	[16.2, 21.7, 21.7, 16.2]	[back, hover, back, right]	[2661.0964, 1797.3307, 3382.8975, 2438.5245]
8    	106797.86   	0.130   	0.8803  	[16.2, 21.7, 21.7, 16.2]	[back, hover, left, right]	[2696.8926, 1538.7976, 3172.9746, 2550.9917]
9    	103496.68   	0.122   	0.9525  	[16.2, 21.7, 21.7, 16.2]	[right, back, left, back]	[2478.5845, 1343.6846, 2771.2287, 2149.2998]
10   	94796.86    	0.106   	0.9625  	[16.2, 21.7, 21.7, 16.2]	[right, back, right, back]	[1953.9655, 1251.6203, 2242.5668, 1769.8173]
11   	91949.95    	0.100   	0.9656  	[16.2, 21.7, 21.7, 16.2]	[up, right, right, back]	[1567.1144, 1230.5558, 1926.1593, 1446.3308]
12   	83155.80    	0.087   	0.9753  	[21.7, 21.7, 21.7, 16.2]	[left, right, right, back]	[1347.2336, 1146.2332, 2028.2093, 1199.7273]
13   	80523.60    	0.082   	1.0000  	[21.7, 21.7, 21.7, 16.2]	[hover, back, hover, back]	[1148.3265, 1090.8237, 1678.7422, 1020.5743]
14   	60098.21    	0.063   	1.0000  	[21.7, 21.7, 21.7, 16.2]	[hover, back, hover, back]	[973.6912, 1067.7042, 1382.1542, 894.8345]
15   	53619.55    	0.055   	1.0000  	[21.7, 21.7, 21.7, 16.2]	[right, back, hover, back]	[829.3173, 606.4105, 1106.7323, 759.7344]
16   	51407.78    	0.052   	1.0000  	[21.7, 21.7, 21.7, 16.2]	[left, back, hover, back]	[713.7249, 542.2217, 876.2561, 648.8694]
17   	49364.51    	0.050   	1.0000  	[21.7, 21.7, 21.7, 16.2]	[hover, back, hover, back]	[596.2533, 480.5264, 688.5669, 601.6283]
18   	47362.00    	0.047   	1.0000  	[21.7, 21.7, 21.7, 16.2]	[hover, back, hover, back]	[485.9565, 449.8424, 537.0411, 601.3588]
19   	46787.86    	0.046   	1.0000  	[21.7, 21.7, 21.7, 16.2]	[hover, left, hover, back]	[399.1287, 376.0980, 393.4191, 458.1329]
20   	46556.09    	0.045   	1.0000  	[21.7, 21.7, 21.7, 16.2]	[hover, left, hover, hover]	[315.6489, 319.9352, 288.5205, 310.4545]
21   	43386.60    	0.042   	1.0000  	[21.7, 21.7, 21.7, 16.2]	[hover, hover, left, hover]	[249.1446, 253.2927, 233.9173, 216.9927]
22   	42848.72    	0.041   	1.0000  	[21.7, 21.7, 21.7, 16.2]	[front, hover, front, left]	[197.8558, 201.7772, 193.8547, 164.9875]
23   	18173.23    	0.022   	1.0000  	[21.7, 21.7, 21.7, 16.2]	[front, hover, front, left]	[161.3832, 157.7160, 218.2286, 167.9574]
24   	17708.72    	0.021   	1.0000  	[21.7, 21.7, 21.7, 16.2]	[front, back, front, left]	[192.2938, 133.4297, 243.0288, 111.6193]
25   	17163.98    	0.020   	1.0000  	[21.7, 21.7, 21.7, 16.2]	[front, hover, front, left]	[235.4670, 112.5067, 272.2992, 97.8567]
26   	16564.46    	0.020   	1.0000  	[21.7, 21.7, 21.7, 16.2]	[front, hover, front, left]	[281.1402, 94.7314, 321.9362, 85.3217]
27   	16088.26    	0.019   	1.0000  	[21.7, 21.7, 21.7, 16.2]	[front, hover, front, left]	[330.8151, 77.9195, 377.8147, 73.3659]
28   	15719.98    	0.018   	1.0000  	[21.7, 21.7, 21.7, 16.2]	[front, front, front, left]	[410.1298, 64.2106, 466.7422, 55.9103]
29   	15236.95    	0.017   	1.0000  	[21.7, 21.7, 21.7, 16.2]	[front, front, front, left]	[546.2945, 55.8711, 577.2769, 44.8970]
30   	15004.67    	0.016   	1.0000  	[21.7, 21.7, 21.7, 16.2]	[front, front, right, left]	[627.5765, 66.6142, 661.1508, 44.6985]
31   	14777.95    	0.016   	1.0000  	[21.7, 21.7, 21.7, 16.2]	[hover, front, hover, left]	[542.7950, 85.1359, 578.2223, 54.9498]
32   	14542.31    	0.015   	1.0000  	[21.7, 21.7, 21.7, 16.2]	[hover, front, hover, hover]	[464.1126, 103.7184, 509.0751, 42.0714]
33   	14322.74    	0.014   	1.0000  	[21.7, 21.7, 21.7, 16.2]	[hover, front, hover, hover]	[392.6192, 119.0410, 444.8841, 33.5340]
34   	14105.52    	0.014   	1.0000  	[21.7, 21.7, 21.7, 16.2]	[hover, front, hover, hover]	[330.2224, 136.9298, 387.7894, 25.4186]
35   	13984.41    	0.013   	1.0000  	[21.7, 21.7, 21.7, 16.2]	[hover, front, hover, hover]	[279.3593, 182.6169, 339.2012, 21.2522]
36   	12442.27    	0.011   	1.0000  	[21.7, 21.7, 21.7, 16.2]	[right, front, hover, hover]	[235.0411, 226.5504, 295.4726, 19.0749]
37   	10224.03    	0.008   	1.0000  	[21.7, 21.7, 21.7, 16.2]	[left, right, hover, hover]	[184.0527, 215.0223, 260.9752, 15.1485]
38   	10149.55    	0.008   	1.0000  	[21.7, 21.7, 21.7, 16.2]	[hover, left, hover, hover]	[142.2805, 140.4105, 230.5857, 12.3250]
39   	10098.25    	0.008   	1.0000  	[21.7, 21.7, 21.7, 16.2]	[hover, hover, hover, hover]	[109.2418, 107.5904, 203.6981, 9.7553]
40   	9549.63     	0.007   	1.0000  	[21.7, 21.7, 21.7, 16.2]	[right, right, hover, hover]	[86.6987, 85.1366, 179.0471, 7.9624]
41   	9516.12     	0.007   	1.0000  	[21.7, 21.7, 21.7, 16.2]	[left, left, hover, hover]	[70.1603, 69.1324, 157.2993, 7.1297]
42   	9489.51     	0.007   	1.0000  	[21.7, 21.7, 21.7, 16.2]	[hover, hover, hover, hover]	[55.5008, 54.5493, 138.8550, 6.1796]
43   	9214.67     	0.006   	1.0000  	[21.7, 21.7, 21.7, 16.2]	[right, right, hover, right]	[43.4854, 44.2705, 121.4941, 5.2254]
44   	9137.79     	0.006   	1.0000  	[21.7, 21.7, 21.7, 16.2]	[right, right, hover, up]	[38.3837, 37.3936, 105.7127, 5.7703]
45   	9074.92     	0.006   	1.0000  	[21.7, 21.7, 21.7, 21.7]	[right, right, hover, right]	[30.9451, 31.9375, 90.7890, 10.5536]
46   	9020.89     	0.006   	1.0000  	[21.7, 21.7, 21.7, 21.7]	[right, right, hover, right]	[26.2342, 26.4882, 77.5020, 16.8271]
47   	8966.55     	0.006   	1.0000  	[21.7, 21.7, 21.7, 21.7]	[right, right, hover, right]	[25.8334, 25.7192, 65.6710, 18.9659]
48   	8919.83     	0.006   	1.0000  	[21.7, 21.7, 21.7, 21.7]	[right, right, hover, right]	[23.9258, 23.1065, 53.4413, 20.2771]
49   	8874.11     	0.006   	1.0000  	[21.7, 21.7, 21.7, 21.7]	[right, right, hover, right]	[27.0262, 26.2808, 43.2891, 24.4517]
50   	8834.99     	0.006   	1.0000  	[21.7, 21.7, 21.7, 21.7]	[right, right, back, right]	[31.3607, 29.3510, 32.6156, 28.3891]
51   	5635.43     	0.003   	1.0000  	[21.7, 21.7, 21.7, 21.7]	[back, back, back, right]	[26.0650, 24.9072, 29.8332, 36.5998]
52   	2724.04     	0.001   	1.0000  	[21.7, 21.7, 21.7, 21.7]	[back, back, back, right]	[22.3542, 21.1620, 26.0960, 63.5926]
53   	2623.13     	0.001   	1.0000  	[21.7, 21.7, 21.7, 21.7]	[back, back, back, front]	[19.8671, 18.0192, 22.5943, 59.4374]
54   	2553.99     	0.001   	1.0000  	[21.7, 21.7, 21.7, 21.7]	[back, right, back, hover]	[13.8838, 12.6246, 19.6516, 48.4320]
55   	2475.26     	0.001   	1.0000  	[21.7, 21.7, 21.7, 21.7]	[back, back, back, hover]	[12.9371, 9.4502, 20.6257, 41.7510]
56   	2404.59     	0.001   	1.0000  	[21.7, 21.7, 21.7, 21.7]	[back, back, back, hover]	[13.3518, 8.2717, 21.6755, 32.0760]
57   	2342.39     	0.001   	1.0000  	[21.7, 21.7, 21.7, 21.7]	[back, back, back, hover]	[12.5411, 8.0860, 23.7087, 23.6477]
58   	2290.01     	0.001   	1.0000  	[21.7, 21.7, 21.7, 21.7]	[back, back, hover, hover]	[14.1300, 7.7609, 16.2679, 16.0595]
59   	2261.07     	0.001   	1.0000  	[21.7, 21.7, 21.7, 21.7]	[hover, back, hover, hover]	[8.4067, 8.2439, 9.6524, 9.6948]
60   	2243.87     	0.001   	1.0000  	[21.7, 21.7, 21.7, 21.7]	[hover, back, hover, hover]	[5.1153, 6.0239, 6.2310, 6.3313]
61   	2235.44     	0.001   	1.0000  	[21.7, 21.7, 21.7, 21.7]	[hover, down, hover, hover]	[3.4501, 4.2446, 4.0212, 4.1998]
62   	2227.65     	0.001   	1.0000  	[21.7, 16.2, 21.7, 21.7]	[left, back, left, hover]	[2.9574, 3.5677, 3.5408, 3.3107]
63   	2214.33     	0.000   	1.0000  	[21.7, 16.2, 21.7, 21.7]	[left, right, left, hover]	[2.8477, 3.2361, 2.8433, 2.6805]
64   	2207.01     	0.000   	1.0000  	[21.7, 16.2, 21.7, 21.7]	[left, hover, left, hover]	[2.4379, 1.9608, 2.3959, 1.5455]
65   	2203.12     	0.000   	1.0000  	[21.7, 16.2, 21.7, 21.7]	[left, front, left, front]	[2.3672, 1.2119, 2.0994, 0.9604]
66   	2196.68     	0.000   	1.0000  	[21.7, 16.2, 21.7, 21.7]	[left, back, left, up]	[2.4088, 1.3956, 2.2219, 0.9716]
67   	2192.69     	0.000   	1.0000  	[21.7, 16.2, 21.7, 27.1]	[left, hover, left, left]	[2.4997, 1.1527, 2.1501, 1.0925]
68   	2191.50     	0.000   	1.0000  	[21.7, 16.2, 21.7, 27.1]	[left, down, left, front]	[2.8093, 1.4085, 2.3147, 1.1034]
69   	2185.59     	0.000   	1.0000  	[21.7, 10.8, 21.7, 27.1]	[left, back, left, front]	[4.4497, 1.0131, 3.8187, 0.9828]
70   	2184.17     	0.000   	1.0000  	[21.7, 10.8, 21.7, 27.1]	[hover, right, left, front]	[3.5867, 0.7202, 3.4297, 1.2564]
71   	2182.34     	0.000   	1.0000  	[21.7, 10.8, 21.7, 27.1]	[front, hover, hover, front]	[3.3328, 0.1518, 3.2044, 1.9455]
72   	2177.15     	0.000   	1.0000  	[21.7, 10.8, 21.7, 27.1]	[front, hover, hover, front]	[3.4094, 0.0398, 2.8344, 3.2795]
73   	2175.52     	0.000   	1.0000  	[21.7, 10.8, 21.7, 27.1]	[front, left, hover, front]	[4.2592, 0.0131, 2.3089, 5.1216]
74   	2168.65     	0.000   	1.0000  	[21.7, 10.8, 21.7, 27.1]	[front, right, front, front]	[6.1769, 0.0066, 1.9444, 7.3569]
75   	2165.89     	0.000   	1.0000  	[21.7, 10.8, 21.7, 27.1]	[front, hover, front, hover]	[7.0990, 0.0099, 1.5080, 6.8835]
76   	2159.48     	0.000   	1.0000  	[21.7, 10.8, 21.7, 27.1]	[front, hover, front, hover]	[10.3124, 0.0035, 2.1029, 6.7954]
77   	2146.18     	0.000   	1.0000  	[21.7, 10.8, 21.7, 27.1]	[front, left, front, hover]	[16.6615, 0.0085, 2.6733, 6.3843]
78   	2138.20     	0.000   	1.0000  	[21.7, 10.8, 21.7, 27.1]	[front, right, front, hover]	[21.1801, 0.0018, 3.1257, 5.7580]
79   	2110.99     	0.000   	1.0000  	[21.7, 10.8, 21.7, 27.1]	[hover, left, front, hover]	[19.2907, 0.0073, 5.2632, 5.4670]
80   	2093.42     	0.000   	1.0000  	[21.7, 10.8, 21.7, 27.1]	[hover, up, front, hover]	[17.3018, 0.0013, 8.8719, 4.9531]
81   	2076.54     	0.000   	1.0000  	[21.7, 16.2, 21.7, 27.1]	[hover, front, front, hover]	[13.7933, 0.0086, 13.6883, 4.4579]
82   	2065.66     	0.000   	1.0000  	[21.7, 16.2, 21.7, 27.1]	[hover, front, hover, hover]	[10.2176, 0.0242, 10.1909, 4.2681]
83   	2021.61     	0.000   	1.0000  	[21.7, 16.2, 21.7, 27.1]	[hover, front, hover, hover]	[8.3193, 0.0083, 8.3150, 3.9735]
84   	2013.16     	0.000   	1.0000  	[21.7, 16.2, 21.7, 27.1]	[hover, down, hover, hover]	[5.8794, 0.0065, 5.8546, 3.7589]
85   	2006.66     	0.000   	1.0000  	[21.7, 10.8, 21.7, 27.1]	[hover, front, hover, hover]	[4.2995, 0.0017, 4.2712, 3.7280]
86   	2001.74     	0.000   	1.0000  	[21.7, 10.8, 21.7, 27.1]	[hover, front, hover, hover]	[3.7116, 0.0045, 3.7071, 3.4530]
87   	1997.19     	0.000   	1.0000  	[21.7, 10.8, 21.7, 27.1]	[hover, front, right, hover]	[2.5874, 0.7076, 2.6623, 3.3984]
88   	1991.23     	0.000   	1.0000  	[21.7, 10.8, 21.7, 27.1]	[hover, right, hover, hover]	[2.1050, 0.2125, 2.1836, 3.1418]
89   	1990.23     	0.000   	1.0000  	[21.7, 10.8, 21.7, 27.1]	[hover, front, hover, hover]	[1.5488, 0.2917, 1.5607, 2.9090]
90   	1987.54     	0.000   	1.0000  	[21.7, 10.8, 21.7, 27.1]	[hover, front, hover, hover]	[1.1208, 0.3643, 1.1496, 2.9217]
91   	1982.76     	0.000   	1.0000  	[21.7, 10.8, 21.7, 27.1]	[hover, front, left, hover]	[1.2167, 0.3787, 1.2227, 2.7093]
92   	1976.57     	0.000   	1.0000  	[21.7, 10.8, 21.7, 27.1]	[hover, front, hover, hover]	[0.8620, 1.0671, 0.8769, 2.4946]
93   	1973.39     	0.000   	1.0000  	[21.7, 10.8, 21.7, 27.1]	[hover, front, hover, hover]	[0.5561, 1.9413, 0.5623, 2.0962]
94   	1968.59     	0.000   	1.0000  	[21.7, 10.8, 21.7, 27.1]	[hover, front, hover, hover]	[0.5907, 2.7678, 0.5931, 1.7570]
95   	1964.53     	0.000   	1.0000  	[21.7, 10.8, 21.7, 27.1]	[hover, front, hover, hover]	[0.4931, 3.9051, 0.4941, 1.4281]
96   	1960.01     	0.000   	1.0000  	[21.7, 10.8, 21.7, 27.1]	[hover, left, hover, hover]	[0.4813, 4.0102, 0.4816, 1.0957]
97   	1958.15     	0.000   	1.0000  	[21.7, 10.8, 21.7, 27.1]	[front, hover, hover, hover]	[0.3912, 1.9453, 0.3912, 0.5879]
98   	1956.11     	0.000   	1.0000  	[21.7, 10.8, 21.7, 27.1]	[front, right, hover, hover]	[0.4020, 1.3010, 0.4016, 0.4292]
99   	1956.17     	0.000   	1.0000  	[21.7, 10.8, 21.7, 27.1]	[hover, left, left, right]	[0.3428, 0.6243, 0.3427, 0.2667]
[2025-12-18T15:10:34]
Strategy: greedy_ig
Pairwise: equal
News mode: IG_BM
Num agents: 4
Iteration: 1
Error margin: None
Gaussian radius 5 
Grid info: range: 0-50-50, cell_size:0.125, map shape: (400, 400), center:True
init UAV positions: [(-10.0, -10.0, 5.4), (-15.0, 0.0, 5.4), (15.0, -25.0, 5.4), (5.0, 25.0, 5.4)]
mcts_params: {}
Step	Entropy	MSE	Coverage	Heights	Actions	IGs
------------------------------------------------------------------------------------------------------------------------
0    	160000.00   	0.250   	0.0000  	[5.4, 5.4, 5.4, 5.4]	[-, -, -, -]	[-, -, -, -]
1    	158038.93   	0.241   	0.0469  	[5.4, 5.4, 5.4, 5.4]	[up, up, up, up]	[3904.5582, 3904.5582, 1952.2791, 1952.2791]
2    	156201.45   	0.232   	0.1800  	[10.8, 10.8, 10.8, 10.8]	[up, up, up, up]	[4021.3127, 4021.3127, 2191.4824, 2191.4824]
3    	154516.54   	0.224   	0.3738  	[16.2, 16.2, 16.2, 16.2]	[up, up, front, back]	[3863.0328, 3270.4667, 2497.6723, 2513.5942]
4    	146537.06   	0.205   	0.5425  	[21.7, 21.7, 16.2, 16.2]	[right, right, front, back]	[3355.5894, 3076.0329, 2753.1592, 2754.4773]
5    	134777.12   	0.181   	0.6269  	[21.7, 21.7, 16.2, 16.2]	[back, front, front, back]	[2952.2234, 2936.3191, 2955.9526, 2959.8904]
6    	130575.25   	0.169   	0.7175  	[21.7, 21.7, 16.2, 16.2]	[right, front, front, up]	[2572.6033, 2761.6744, 2910.2844, 2882.3819]
7    	117161.77   	0.144   	0.8214  	[21.7, 21.7, 16.2, 21.7]	[right, front, front, back]	[2206.1711, 2725.1236, 2833.9469, 2948.4580]
8    	93762.36    	0.117   	0.8789  	[21.7, 21.7, 16.2, 21.7]	[front, front, front, right]	[1919.3653, 2692.3314, 2665.5599, 2838.5552]
9    	88553.64    	0.107   	0.9359  	[21.7, 21.7, 16.2, 21.7]	[right, hover, front, right]	[1591.7940, 2246.4607, 2357.0435, 2812.4293]
10   	85565.45    	0.100   	0.9641  	[21.7, 21.7, 16.2, 21.7]	[front, left, front, right]	[1371.4139, 1929.7170, 1950.5940, 2350.0825]
11   	74532.20    	0.086   	0.9781  	[21.7, 21.7, 16.2, 21.7]	[front, down, front, down]	[1174.3732, 1710.6159, 1578.7559, 1919.4760]
12   	72673.02    	0.082   	0.9781  	[21.7, 16.2, 16.2, 16.2]	[right, front, up, front]	[924.7550, 1714.1696, 1178.3846, 1456.6255]
13   	71218.26    	0.078   	0.9805  	[21.7, 16.2, 21.7, 16.2]	[right, hover, left, right]	[815.4700, 1319.6624, 972.9271, 1223.7006]
14   	70120.15    	0.075   	0.9805  	[21.7, 16.2, 21.7, 16.2]	[back, hover, front, hover]	[715.9202, 1018.5402, 783.2065, 898.7674]
15   	43162.25    	0.052   	0.9805  	[21.7, 16.2, 21.7, 16.2]	[back, right, left, hover]	[692.5736, 828.6674, 652.2975, 660.8550]
16   	42590.75    	0.050   	0.9805  	[21.7, 16.2, 21.7, 16.2]	[back, left, right, hover]	[740.9196, 652.5348, 474.6496, 497.1064]
17   	42108.77    	0.049   	0.9805  	[21.7, 16.2, 21.7, 16.2]	[left, left, front, hover]	[684.4303, 576.8966, 405.8865, 372.9844]
18   	41923.81    	0.048   	0.9805  	[21.7, 16.2, 21.7, 16.2]	[left, hover, front, hover]	[654.8682, 450.8922, 361.2228, 274.6866]
19   	41750.46    	0.047   	0.9805  	[21.7, 16.2, 21.7, 16.2]	[left, back, left, back]	[683.1955, 376.9687, 308.5420, 200.4345]
20   	39140.90    	0.044   	0.9805  	[21.7, 16.2, 21.7, 16.2]	[left, up, left, up]	[758.1503, 359.8251, 330.0019, 187.9377]
21   	38642.93    	0.043   	0.9805  	[21.7, 21.7, 21.7, 21.7]	[left, right, left, left]	[899.5494, 398.7696, 311.2273, 204.2969]
22   	33726.37    	0.037   	0.9805  	[21.7, 21.7, 21.7, 21.7]	[left, back, left, back]	[1163.6266, 376.4612, 270.2324, 196.9255]
23   	32652.04    	0.034   	0.9836  	[21.7, 21.7, 21.7, 21.7]	[left, back, left, back]	[1386.0800, 344.3743, 249.6181, 209.9693]
24   	31562.97    	0.033   	0.9961  	[21.7, 21.7, 21.7, 21.7]	[hover, back, left, back]	[1157.6582, 336.4470, 223.7593, 245.0262]
25   	31037.66    	0.031   	0.9961  	[21.7, 21.7, 21.7, 21.7]	[hover, back, left, back]	[974.0281, 361.6467, 201.9216, 297.9430]
26   	30501.47    	0.030   	0.9969  	[21.7, 21.7, 21.7, 21.7]	[hover, back, left, back]	[812.2223, 394.4339, 199.1462, 347.5003]
27   	26643.03    	0.025   	0.9977  	[21.7, 21.7, 21.7, 21.7]	[hover, back, back, back]	[670.5704, 414.4063, 180.2676, 410.2746]
28   	26243.86    	0.024   	0.9984  	[21.7, 21.7, 21.7, 21.7]	[hover, back, front, back]	[540.8792, 410.1351, 150.7655, 483.0015]
29   	25967.20    	0.023   	0.9992  	[21.7, 21.7, 21.7, 21.7]	[hover, back, hover, back]	[428.9191, 424.3018, 130.6500, 594.3552]
30   	10570.24    	0.010   	1.0000  	[21.7, 21.7, 21.7, 21.7]	[hover, right, hover, left]	[328.3701, 335.1054, 115.2027, 581.6999]
31   	10440.99    	0.010   	1.0000  	[21.7, 21.7, 21.7, 21.7]	[hover, hover, hover, right]	[248.8282, 251.2711, 102.2447, 316.3567]
32   	10343.57    	0.010   	1.0000  	[21.7, 21.7, 21.7, 21.7]	[hover, hover, right, hover]	[194.3750, 196.8788, 93.1859, 275.9225]
33   	10249.54    	0.009   	1.0000  	[21.7, 21.7, 21.7, 21.7]	[hover, hover, right, hover]	[151.8999, 154.7166, 89.4200, 242.8020]
34   	9362.83     	0.008   	1.0000  	[21.7, 21.7, 21.7, 21.7]	[right, right, right, hover]	[119.7370, 128.3390, 81.3949, 213.1743]
35   	7409.92     	0.006   	1.0000  	[21.7, 21.7, 21.7, 21.7]	[left, left, back, hover]	[99.4607, 99.1465, 72.4401, 184.9530]
36   	7241.42     	0.006   	1.0000  	[21.7, 21.7, 21.7, 21.7]	[hover, right, front, hover]	[81.1399, 82.1564, 66.2128, 164.0300]
37   	7202.50     	0.006   	1.0000  	[21.7, 21.7, 21.7, 21.7]	[hover, left, left, hover]	[67.1063, 66.7266, 58.7183, 143.6827]
38   	6846.51     	0.005   	1.0000  	[21.7, 21.7, 21.7, 21.7]	[right, right, hover, hover]	[54.5955, 55.9829, 53.5205, 124.6590]
39   	6750.04     	0.005   	1.0000  	[21.7, 21.7, 21.7, 21.7]	[up, right, right, hover]	[45.7744, 45.0233, 47.4630, 107.4537]
40   	6443.19     	0.005   	1.0000  	[27.1, 21.7, 21.7, 21.7]	[front, right, hover, hover]	[45.2552, 38.3279, 42.5882, 92.4106]
41   	6316.69     	0.004   	1.0000  	[27.1, 21.7, 21.7, 21.7]	[hover, right, left, hover]	[36.9864, 33.0557, 36.1956, 79.4889]
42   	6213.53     	0.004   	1.0000  	[27.1, 21.7, 21.7, 21.7]	[hover, right, left, hover]	[32.7501, 31.2054, 35.5373, 67.8905]
43   	6106.17     	0.004   	1.0000  	[27.1, 21.7, 21.7, 21.7]	[hover, right, left, hover]	[28.4562, 31.8356, 45.7047, 58.7803]
44   	6029.16     	0.004   	1.0000  	[27.1, 21.7, 21.7, 21.7]	[hover, right, hover, hover]	[24.9328, 34.8364, 38.5396, 49.0848]
45   	5941.57     	0.004   	1.0000  	[27.1, 21.7, 21.7, 21.7]	[hover, right, hover, front]	[23.2256, 44.0657, 33.8969, 41.9796]
46   	5866.55     	0.004   	1.0000  	[27.1, 21.7, 21.7, 21.7]	[hover, hover, hover, front]	[21.4154, 35.6023, 29.7157, 38.7134]
47   	5808.36     	0.004   	1.0000  	[27.1, 21.7, 21.7, 21.7]	[hover, front, hover, front]	[19.7116, 29.3805, 25.2510, 34.4133]
48   	5754.37     	0.004   	1.0000  	[27.1, 21.7, 21.7, 21.7]	[hover, front, hover, front]	[17.5136, 30.0394, 21.5470, 35.4629]
49   	5699.68     	0.003   	1.0000  	[27.1, 21.7, 21.7, 21.7]	[hover, front, hover, front]	[16.3703, 26.6533, 18.8437, 36.0749]
50   	5654.32     	0.003   	1.0000  	[27.1, 21.7, 21.7, 21.7]	[hover, front, hover, front]	[14.3867, 26.6768, 16.3198, 40.2557]
51   	5617.12     	0.003   	1.0000  	[27.1, 21.7, 21.7, 21.7]	[hover, front, hover, front]	[13.1019, 26.5618, 14.3327, 47.6230]
52   	5561.25     	0.003   	1.0000  	[27.1, 21.7, 21.7, 21.7]	[hover, front, hover, front]	[12.4897, 29.2832, 12.5496, 68.1471]
53   	2721.08     	0.001   	1.0000  	[27.1, 21.7, 21.7, 21.7]	[hover, front, right, left]	[11.9286, 34.3526, 11.2353, 69.5563]
54   	2701.34     	0.001   	1.0000  	[27.1, 21.7, 21.7, 21.7]	[hover, front, left, right]	[10.8707, 42.5533, 9.9235, 40.8147]
55   	2682.72     	0.001   	1.0000  	[27.1, 21.7, 21.7, 21.7]	[hover, hover, hover, hover]	[10.3622, 33.4776, 9.1346, 32.0408]
56   	2670.15     	0.001   	1.0000  	[27.1, 21.7, 21.7, 21.7]	[hover, hover, hover, hover]	[9.6976, 26.6577, 8.0553, 25.1106]
57   	2655.89     	0.001   	1.0000  	[27.1, 21.7, 21.7, 21.7]	[hover, hover, hover, hover]	[9.2395, 21.7630, 7.1326, 20.6390]
58   	2547.58     	0.001   	1.0000  	[27.1, 21.7, 21.7, 21.7]	[hover, hover, right, hover]	[8.4968, 16.3733, 5.7716, 15.2685]
59   	2544.88     	0.001   	1.0000  	[27.1, 21.7, 21.7, 21.7]	[hover, hover, left, hover]	[7.6501, 12.5812, 5.1104, 11.6445]
60   	2540.33     	0.001   	1.0000  	[27.1, 21.7, 21.7, 21.7]	[hover, hover, hover, hover]	[7.4422, 10.5771, 4.5863, 9.7375]
61   	2520.44     	0.001   	1.0000  	[27.1, 21.7, 21.7, 21.7]	[hover, hover, back, left]	[7.1722, 8.7413, 4.1322, 7.9682]
62   	2513.74     	0.001   	1.0000  	[27.1, 21.7, 21.7, 21.7]	[hover, hover, up, right]	[6.6773, 6.9271, 3.6322, 6.3646]
63   	2484.47     	0.001   	1.0000  	[27.1, 21.7, 27.1, 21.7]	[hover, hover, right, left]	[6.3979, 5.1893, 3.8686, 4.8016]
64   	2474.60     	0.001   	1.0000  	[27.1, 21.7, 27.1, 21.7]	[hover, hover, hover, right]	[5.9452, 4.2468, 3.0328, 3.9059]
65   	2464.69     	0.001   	1.0000  	[27.1, 21.7, 27.1, 21.7]	[hover, hover, hover, hover]	[5.3907, 3.7041, 2.6900, 3.4272]
66   	2457.85     	0.001   	1.0000  	[27.1, 21.7, 27.1, 21.7]	[hover, hover, hover, left]	[5.0227, 2.9310, 2.6279, 3.0704]
67   	2451.91     	0.001   	1.0000  	[27.1, 21.7, 27.1, 21.7]	[hover, hover, hover, hover]	[4.5043, 2.4644, 2.5818, 2.5751]
68   	2445.93     	0.001   	1.0000  	[27.1, 21.7, 27.1, 21.7]	[hover, hover, hover, hover]	[4.3859, 1.8497, 2.4198, 1.9307]
69   	2442.87     	0.001   	1.0000  	[27.1, 21.7, 27.1, 21.7]	[hover, hover, hover, right]	[4.0025, 1.4752, 2.0847, 1.4416]
70   	2440.66     	0.001   	1.0000  	[27.1, 21.7, 27.1, 21.7]	[hover, up, hover, up]	[3.9199, 1.0938, 1.9949, 1.0752]
71   	2435.16     	0.001   	1.0000  	[27.1, 27.1, 27.1, 27.1]	[hover, left, hover, back]	[3.7704, 1.1720, 1.9463, 1.1133]
72   	2427.27     	0.001   	1.0000  	[27.1, 27.1, 27.1, 27.1]	[hover, back, hover, back]	[3.5611, 1.1489, 1.7089, 1.0954]
73   	2422.41     	0.001   	1.0000  	[27.1, 27.1, 27.1, 27.1]	[hover, back, hover, back]	[3.1124, 1.0126, 1.4400, 1.6340]
74   	2137.13     	0.000   	1.0000  	[27.1, 27.1, 27.1, 27.1]	[hover, back, hover, back]	[2.8412, 1.5830, 1.2700, 3.0607]
75   	2127.76     	0.000   	1.0000  	[27.1, 27.1, 27.1, 27.1]	[hover, back, hover, back]	[2.8664, 2.1408, 1.2497, 4.0389]
76   	1999.40     	0.000   	1.0000  	[27.1, 27.1, 27.1, 27.1]	[hover, back, hover, back]	[2.5239, 3.1531, 1.0175, 5.7657]
77   	1990.04     	0.000   	1.0000  	[27.1, 27.1, 27.1, 27.1]	[hover, back, hover, back]	[2.4679, 4.3811, 0.9510, 8.1169]
78   	1978.97     	0.000   	1.0000  	[27.1, 27.1, 27.1, 27.1]	[hover, back, hover, left]	[2.4047, 7.0718, 0.9368, 7.0232]
79   	1969.30     	0.000   	1.0000  	[27.1, 27.1, 27.1, 27.1]	[hover, hover, hover, hover]	[2.1057, 6.2167, 0.7386, 6.1990]
80   	1963.99     	0.000   	1.0000  	[27.1, 27.1, 27.1, 27.1]	[hover, hover, hover, hover]	[1.9445, 5.5976, 0.6413, 5.6227]
81   	1957.65     	0.000   	1.0000  	[27.1, 27.1, 27.1, 27.1]	[down, hover, hover, hover]	[1.8845, 5.0132, 0.6588, 5.0240]
82   	1951.61     	0.000   	1.0000  	[21.7, 27.1, 27.1, 27.1]	[left, hover, hover, hover]	[2.4084, 4.4978, 0.6588, 4.4905]
83   	1947.98     	0.000   	1.0000  	[21.7, 27.1, 27.1, 27.1]	[back, hover, hover, hover]	[2.9448, 3.9283, 0.6604, 3.9094]
84   	1947.32     	0.000   	1.0000  	[21.7, 27.1, 27.1, 27.1]	[hover, hover, hover, hover]	[2.9965, 3.3686, 0.7207, 3.3497]
85   	1939.97     	0.000   	1.0000  	[21.7, 27.1, 27.1, 27.1]	[hover, hover, hover, hover]	[2.5958, 3.4087, 0.7472, 3.3841]
86   	1933.79     	0.000   	1.0000  	[21.7, 27.1, 27.1, 27.1]	[hover, hover, hover, hover]	[2.0926, 2.8187, 0.7108, 2.8151]
87   	1931.62     	0.000   	1.0000  	[21.7, 27.1, 27.1, 27.1]	[hover, hover, hover, hover]	[1.7208, 2.4594, 0.6439, 2.4551]
88   	1930.08     	0.000   	1.0000  	[21.7, 27.1, 27.1, 27.1]	[hover, hover, hover, hover]	[1.4768, 2.3431, 0.6861, 2.3414]
89   	1925.51     	0.000   	1.0000  	[21.7, 27.1, 27.1, 27.1]	[hover, hover, hover, hover]	[1.4993, 2.1849, 0.6568, 2.1805]
90   	1920.70     	0.000   	1.0000  	[21.7, 27.1, 27.1, 27.1]	[hover, hover, hover, hover]	[1.1762, 1.8819, 0.5273, 1.8811]
91   	1920.34     	0.000   	1.0000  	[21.7, 27.1, 27.1, 27.1]	[hover, hover, hover, hover]	[1.0131, 1.4998, 0.3972, 1.4991]
92   	1919.50     	0.000   	1.0000  	[21.7, 27.1, 27.1, 27.1]	[hover, hover, hover, hover]	[0.9949, 1.3654, 0.3558, 1.3653]
93   	1919.35     	0.000   	1.0000  	[21.7, 27.1, 27.1, 27.1]	[hover, hover, hover, hover]	[0.9860, 1.2763, 0.3343, 1.2761]
94   	1913.76     	0.000   	1.0000  	[21.7, 27.1, 27.1, 27.1]	[hover, hover, hover, hover]	[1.3067, 1.0906, 0.3339, 1.0906]
95   	1909.52     	0.000   	1.0000  	[21.7, 27.1, 27.1, 27.1]	[hover, hover, hover, hover]	[0.8810, 0.8223, 0.2658, 0.8223]
96   	1909.78     	0.000   	1.0000  	[21.7, 27.1, 27.1, 27.1]	[hover, hover, hover, hover]	[0.5948, 0.5412, 0.2622, 0.5412]
97   	1907.11     	0.000   	1.0000  	[21.7, 27.1, 27.1, 27.1]	[hover, hover, hover, hover]	[0.6542, 0.5764, 0.2462, 0.5764]
98   	1906.52     	0.000   	1.0000  	[21.7, 27.1, 27.1, 27.1]	[front, hover, hover, hover]	[0.4299, 0.4823, 0.2619, 0.4823]
99   	1904.72     	0.000   	1.0000  	[21.7, 27.1, 27.1, 27.1]	[hover, hover, hover, hover]	[0.3700, 0.4753, 0.2558, 0.4753]
[2025-12-18T15:10:47]
Strategy: greedy_ig
Pairwise: equal
News mode: IG_BM
Num agents: 4
Iteration: 2
Error margin: None
Gaussian radius 5 
Grid info: range: 0-50-50, cell_size:0.125, map shape: (400, 400), center:True
init UAV positions: [(-5.0, -25.0, 5.4), (-5.0, 5.0, 5.4), (15.0, -15.0, 5.4), (0.0, 25.0, 5.4)]
mcts_params: {}
Step	Entropy	MSE	Coverage	Heights	Actions	IGs
------------------------------------------------------------------------------------------------------------------------
0    	160000.00   	0.250   	0.0000  	[5.4, 5.4, 5.4, 5.4]	[-, -, -, -]	[-, -, -, -]
1    	158311.80   	0.241   	0.0469  	[5.4, 5.4, 5.4, 5.4]	[up, up, up, up]	[1952.2791, 3904.5582, 3904.5582, 1952.2791]
2    	154483.96   	0.226   	0.1875  	[10.8, 10.8, 10.8, 10.8]	[up, up, up, up]	[2191.4824, 4382.9647, 4382.9647, 2191.4824]
3    	151870.46   	0.216   	0.4219  	[16.2, 16.2, 16.2, 16.2]	[front, up, front, back]	[2513.2151, 4377.0976, 3453.5789, 2387.7809]
4    	129524.86   	0.181   	0.5641  	[16.2, 21.7, 16.2, 16.2]	[front, back, up, back]	[2761.1851, 3786.3442, 3251.1557, 2188.7112]
5    	123279.26   	0.167   	0.6436  	[16.2, 21.7, 21.7, 16.2]	[front, left, left, up]	[2661.3945, 3295.1074, 2829.0773, 2153.6547]
6    	119255.00   	0.157   	0.7100  	[16.2, 21.7, 21.7, 21.7]	[left, left, front, back]	[2425.9865, 3061.7579, 2591.2593, 2124.7446]
7    	101712.91   	0.133   	0.7853  	[16.2, 21.7, 21.7, 21.7]	[left, front, front, right]	[2383.6175, 2586.6554, 2618.0544, 2131.5752]
8    	98019.94    	0.123   	0.8486  	[16.2, 21.7, 21.7, 21.7]	[left, front, front, right]	[2457.1375, 2325.2349, 2451.3817, 2213.9381]
9    	95828.50    	0.116   	0.9103  	[16.2, 21.7, 21.7, 21.7]	[left, front, front, right]	[2057.7096, 2144.9511, 2276.1855, 2278.2145]
10   	92544.35    	0.108   	0.9556  	[16.2, 21.7, 21.7, 21.7]	[front, left, front, right]	[1710.8437, 2030.9098, 2061.8071, 2301.8237]
11   	90950.32    	0.103   	0.9870  	[16.2, 21.7, 21.7, 21.7]	[front, front, front, back]	[1435.9172, 1726.0620, 1774.6284, 2066.1921]
12   	89687.65    	0.098   	0.9948  	[16.2, 21.7, 21.7, 21.7]	[front, down, front, hover]	[1192.6264, 1639.4360, 1453.3123, 1591.5135]
13   	88802.45    	0.095   	0.9948  	[16.2, 16.2, 21.7, 21.7]	[front, left, right, hover]	[999.9872, 1433.3546, 1137.4214, 1223.1342]
14   	88062.36    	0.092   	0.9948  	[16.2, 16.2, 21.7, 21.7]	[right, front, front, hover]	[840.9925, 1220.1592, 889.2453, 937.2865]
15   	87476.21    	0.090   	0.9948  	[16.2, 16.2, 21.7, 21.7]	[up, hover, down, back]	[790.7665, 943.9491, 721.8342, 720.7604]
16   	86930.01    	0.089   	0.9948  	[21.7, 16.2, 16.2, 21.7]	[right, hover, front, back]	[757.3450, 735.8558, 602.0882, 636.2847]
17   	62591.47    	0.063   	0.9948  	[21.7, 16.2, 16.2, 21.7]	[right, hover, right, back]	[820.1905, 575.6497, 456.7093, 634.6751]
18   	61414.01    	0.061   	0.9948  	[21.7, 16.2, 16.2, 21.7]	[right, back, hover, back]	[716.8633, 464.5915, 346.6368, 628.0224]
19   	60717.12    	0.060   	0.9948  	[21.7, 16.2, 16.2, 21.7]	[right, front, left, back]	[703.3053, 373.9054, 277.4633, 657.5442]
20   	60054.18    	0.058   	0.9948  	[21.7, 16.2, 16.2, 21.7]	[back, right, hover, back]	[676.4612, 327.4035, 221.1698, 708.4937]
21   	59649.45    	0.057   	0.9948  	[21.7, 16.2, 16.2, 21.7]	[back, right, right, back]	[646.5328, 283.2279, 184.0580, 792.9456]
22   	59202.88    	0.056   	0.9948  	[21.7, 16.2, 16.2, 21.7]	[back, right, hover, back]	[673.2731, 269.5337, 144.1196, 1032.3963]
23   	39211.15    	0.037   	1.0000  	[21.7, 16.2, 16.2, 21.7]	[right, right, back, hover]	[654.8630, 312.7540, 119.1641, 852.5809]
24   	38639.38    	0.036   	1.0000  	[21.7, 16.2, 16.2, 21.7]	[right, right, up, hover]	[620.6839, 247.9295, 118.7380, 699.3620]
25   	25283.29    	0.024   	1.0000  	[21.7, 16.2, 21.7, 21.7]	[right, back, back, hover]	[556.3991, 215.8281, 135.0465, 566.4646]
26   	24567.48    	0.023   	1.0000  	[21.7, 16.2, 21.7, 21.7]	[right, up, back, hover]	[404.9316, 201.0601, 103.5271, 451.3489]
27   	23925.63    	0.022   	1.0000  	[21.7, 21.7, 21.7, 21.7]	[right, back, back, hover]	[336.5597, 226.9068, 99.0362, 343.3298]
28   	23360.93    	0.022   	1.0000  	[21.7, 21.7, 21.7, 21.7]	[hover, back, left, hover]	[257.0355, 256.6797, 84.6696, 262.8805]
29   	10856.40    	0.012   	1.0000  	[21.7, 21.7, 21.7, 21.7]	[hover, back, back, hover]	[195.2797, 296.4081, 74.2322, 200.4499]
30   	10500.27    	0.011   	1.0000  	[21.7, 21.7, 21.7, 21.7]	[hover, left, back, left]	[148.1184, 128.5420, 68.6746, 154.4998]
31   	10227.28    	0.011   	1.0000  	[21.7, 21.7, 21.7, 21.7]	[left, left, back, left]	[114.4877, 157.5781, 62.8063, 140.0979]
32   	9980.97     	0.011   	1.0000  	[21.7, 21.7, 21.7, 21.7]	[left, left, back, left]	[104.6346, 205.8154, 58.2120, 129.0771]
33   	9711.43     	0.010   	1.0000  	[21.7, 21.7, 21.7, 21.7]	[left, left, back, left]	[103.6864, 239.3883, 66.6627, 120.2613]
34   	8992.46     	0.009   	1.0000  	[21.7, 21.7, 21.7, 21.7]	[left, back, back, left]	[94.2340, 227.3514, 60.5813, 141.7603]
35   	8555.24     	0.009   	1.0000  	[21.7, 21.7, 21.7, 21.7]	[left, back, down, left]	[84.4801, 225.6673, 57.0047, 210.9075]
36   	8156.76     	0.008   	1.0000  	[21.7, 21.7, 16.2, 21.7]	[left, back, right, left]	[132.7806, 246.6871, 53.5952, 301.1294]
37   	7726.63     	0.007   	1.0000  	[21.7, 21.7, 16.2, 21.7]	[left, back, back, left]	[187.2082, 269.0431, 51.2519, 417.2586]
38   	7363.44     	0.007   	1.0000  	[21.7, 21.7, 16.2, 21.7]	[left, back, hover, hover]	[249.1380, 267.9217, 38.8980, 319.1680]
39   	7068.31     	0.006   	1.0000  	[21.7, 21.7, 16.2, 21.7]	[left, back, hover, hover]	[224.3970, 221.7330, 31.7165, 226.8294]
40   	6883.99     	0.005   	1.0000  	[21.7, 21.7, 16.2, 21.7]	[hover, hover, hover, hover]	[152.1193, 149.8713, 24.4595, 154.1302]
41   	6752.36     	0.005   	1.0000  	[21.7, 21.7, 16.2, 21.7]	[hover, hover, front, hover]	[104.1755, 102.4843, 19.9774, 105.9131]
42   	6660.76     	0.005   	1.0000  	[21.7, 21.7, 16.2, 21.7]	[hover, hover, back, hover]	[70.8102, 69.5800, 16.9833, 72.7085]
43   	6602.75     	0.005   	1.0000  	[21.7, 21.7, 16.2, 21.7]	[front, front, left, front]	[53.3912, 50.3102, 13.9653, 56.2091]
44   	6535.85     	0.005   	1.0000  	[21.7, 21.7, 16.2, 21.7]	[front, front, up, front]	[54.1399, 50.3068, 11.1063, 56.6001]
45   	6470.29     	0.005   	1.0000  	[21.7, 21.7, 21.7, 21.7]	[front, front, front, front]	[48.4325, 48.2898, 12.1058, 51.2736]
46   	6406.31     	0.004   	1.0000  	[21.7, 21.7, 21.7, 21.7]	[front, front, front, front]	[41.6961, 37.7279, 12.5715, 44.8354]
47   	6353.36     	0.004   	1.0000  	[21.7, 21.7, 21.7, 21.7]	[front, front, front, front]	[37.4701, 31.5965, 16.1896, 41.0847]
48   	6305.81     	0.004   	1.0000  	[21.7, 21.7, 21.7, 21.7]	[front, front, front, front]	[42.9877, 33.7652, 20.6565, 47.2500]
49   	6229.62     	0.004   	1.0000  	[21.7, 21.7, 21.7, 21.7]	[front, front, front, front]	[55.9208, 45.2759, 20.2538, 60.9561]
50   	6134.96     	0.004   	1.0000  	[21.7, 21.7, 21.7, 21.7]	[front, front, front, front]	[76.6267, 53.0625, 22.0421, 83.0611]
51   	6051.64     	0.004   	1.0000  	[21.7, 21.7, 21.7, 21.7]	[hover, front, front, hover]	[55.5178, 55.1790, 25.4067, 61.2845]
52   	5989.49     	0.004   	1.0000  	[21.7, 21.7, 21.7, 21.7]	[right, right, front, hover]	[39.4338, 38.4776, 28.9741, 42.6378]
53   	3211.93     	0.002   	1.0000  	[21.7, 21.7, 21.7, 21.7]	[right, right, front, hover]	[29.0163, 28.1896, 35.5343, 30.4059]
54   	3133.08     	0.001   	1.0000  	[21.7, 21.7, 21.7, 21.7]	[right, right, front, hover]	[20.9897, 20.1796, 51.6049, 22.0567]
55   	2576.31     	0.001   	1.0000  	[21.7, 21.7, 21.7, 21.7]	[right, right, left, hover]	[17.6645, 16.9444, 44.3654, 17.9111]
56   	2515.78     	0.001   	1.0000  	[21.7, 21.7, 21.7, 21.7]	[right, right, right, hover]	[16.0816, 15.3049, 38.6953, 15.0560]
57   	2469.51     	0.001   	1.0000  	[21.7, 21.7, 21.7, 21.7]	[right, right, hover, hover]	[15.7303, 14.8003, 30.9747, 13.2790]
58   	2429.62     	0.001   	1.0000  	[21.7, 21.7, 21.7, 21.7]	[right, right, hover, hover]	[17.1091, 15.9145, 25.4714, 11.6582]
59   	2384.83     	0.001   	1.0000  	[21.7, 21.7, 21.7, 21.7]	[right, right, hover, hover]	[17.7846, 16.4582, 20.8356, 10.5672]
60   	2358.30     	0.001   	1.0000  	[21.7, 21.7, 21.7, 21.7]	[right, right, hover, hover]	[17.2079, 15.8817, 15.8814, 9.0376]
61   	2346.96     	0.001   	1.0000  	[21.7, 21.7, 21.7, 21.7]	[hover, hover, hover, hover]	[11.3907, 10.4358, 10.4702, 8.1613]
62   	2333.96     	0.001   	1.0000  	[21.7, 21.7, 21.7, 21.7]	[hover, hover, hover, hover]	[8.5127, 7.7353, 7.5837, 7.8332]
63   	2324.86     	0.001   	1.0000  	[21.7, 21.7, 21.7, 21.7]	[hover, back, hover, hover]	[5.5829, 4.9680, 4.8894, 6.8171]
64   	2231.33     	0.001   	1.0000  	[21.7, 21.7, 21.7, 21.7]	[hover, front, left, hover]	[3.7959, 3.4926, 3.4198, 5.6240]
65   	2196.01     	0.000   	1.0000  	[21.7, 21.7, 21.7, 21.7]	[left, hover, hover, hover]	[2.2222, 2.0264, 2.0488, 4.8874]
66   	2192.43     	0.000   	1.0000  	[21.7, 21.7, 21.7, 21.7]	[right, back, hover, hover]	[1.7868, 1.6770, 1.5386, 3.9213]
67   	2188.80     	0.000   	1.0000  	[21.7, 21.7, 21.7, 21.7]	[hover, up, right, hover]	[1.1420, 1.2104, 1.0166, 3.6642]
68   	2185.69     	0.000   	1.0000  	[21.7, 27.1, 21.7, 21.7]	[hover, back, back, hover]	[0.5810, 1.4476, 0.5655, 3.4589]
69   	2183.84     	0.000   	1.0000  	[21.7, 27.1, 21.7, 21.7]	[up, back, back, hover]	[0.3487, 1.3388, 1.1954, 3.1366]
70   	2183.38     	0.000   	1.0000  	[27.1, 27.1, 21.7, 21.7]	[back, back, back, hover]	[0.7975, 1.4598, 1.4539, 2.5975]
71   	2181.24     	0.000   	1.0000  	[27.1, 27.1, 21.7, 21.7]	[back, back, back, hover]	[0.9416, 1.7963, 1.5082, 2.2838]
72   	2178.44     	0.000   	1.0000  	[27.1, 27.1, 21.7, 21.7]	[back, back, back, hover]	[1.0196, 2.1426, 1.5817, 1.9074]
73   	2174.64     	0.000   	1.0000  	[27.1, 27.1, 21.7, 21.7]	[back, back, back, hover]	[1.0369, 3.0885, 1.6802, 1.4887]
74   	2169.55     	0.000   	1.0000  	[27.1, 27.1, 21.7, 21.7]	[back, back, back, hover]	[1.0530, 3.9190, 1.7270, 1.3353]
75   	2163.95     	0.000   	1.0000  	[27.1, 27.1, 21.7, 21.7]	[back, left, back, hover]	[1.6690, 3.4783, 3.7080, 1.1378]
76   	2161.71     	0.000   	1.0000  	[27.1, 27.1, 21.7, 21.7]	[back, hover, back, hover]	[2.8230, 2.8811, 3.9213, 1.0185]
77   	2157.63     	0.000   	1.0000  	[27.1, 27.1, 21.7, 21.7]	[left, hover, left, up]	[2.6553, 2.6491, 3.7433, 0.8751]
78   	2155.45     	0.000   	1.0000  	[27.1, 27.1, 21.7, 27.1]	[hover, left, hover, back]	[2.1119, 2.1001, 2.8508, 1.2325]
79   	2152.64     	0.000   	1.0000  	[27.1, 27.1, 21.7, 27.1]	[hover, right, hover, right]	[1.8426, 1.8357, 2.7050, 1.2029]
80   	2150.69     	0.000   	1.0000  	[27.1, 27.1, 21.7, 27.1]	[left, left, right, hover]	[1.3856, 1.3870, 1.8486, 1.1915]
81   	2082.55     	0.000   	1.0000  	[27.1, 27.1, 21.7, 27.1]	[left, left, left, hover]	[1.2716, 1.2726, 1.4547, 1.0487]
82   	2080.25     	0.000   	1.0000  	[27.1, 27.1, 21.7, 27.1]	[left, left, left, hover]	[1.4494, 1.4494, 1.2240, 0.7088]
83   	2075.32     	0.000   	1.0000  	[27.1, 27.1, 21.7, 27.1]	[left, left, left, hover]	[3.2234, 3.2234, 1.2706, 0.6442]
84   	2063.26     	0.000   	1.0000  	[27.1, 27.1, 21.7, 27.1]	[left, left, left, hover]	[6.5123, 6.5120, 1.6291, 0.6737]
85   	2045.25     	0.000   	1.0000  	[27.1, 27.1, 21.7, 27.1]	[left, left, left, hover]	[10.6959, 10.6956, 1.8230, 0.6184]
86   	2028.71     	0.000   	1.0000  	[27.1, 27.1, 21.7, 27.1]	[left, left, left, hover]	[12.8987, 12.8983, 2.9495, 0.6132]
87   	1981.57     	0.000   	1.0000  	[27.1, 27.1, 21.7, 27.1]	[hover, hover, left, hover]	[11.8060, 11.8048, 6.6119, 0.5870]
88   	1952.68     	0.000   	1.0000  	[27.1, 27.1, 21.7, 27.1]	[hover, hover, left, hover]	[10.0520, 10.0473, 10.1160, 0.5714]
89   	1919.83     	0.000   	1.0000  	[27.1, 27.1, 21.7, 27.1]	[hover, hover, left, hover]	[8.0157, 8.0145, 14.6154, 0.4854]
90   	1896.80     	0.000   	1.0000  	[27.1, 27.1, 21.7, 27.1]	[hover, hover, hover, hover]	[5.7192, 5.7180, 10.4585, 0.2914]
91   	1881.48     	0.000   	1.0000  	[27.1, 27.1, 21.7, 27.1]	[hover, hover, hover, hover]	[4.1668, 4.1665, 7.6389, 0.2469]
92   	1878.24     	0.000   	1.0000  	[27.1, 27.1, 21.7, 27.1]	[hover, hover, hover, hover]	[3.1316, 3.1304, 5.7433, 0.2472]
93   	1862.66     	0.000   	1.0000  	[27.1, 27.1, 21.7, 27.1]	[hover, hover, hover, hover]	[3.0499, 3.0452, 5.5819, 0.2020]
94   	1851.51     	0.000   	1.0000  	[27.1, 27.1, 21.7, 27.1]	[hover, hover, hover, hover]	[1.8899, 1.8851, 3.4604, 0.1926]
95   	1845.54     	0.000   	1.0000  	[27.1, 27.1, 21.7, 27.1]	[hover, hover, hover, hover]	[1.1743, 1.1731, 2.1515, 0.1520]
96   	1842.44     	0.000   	1.0000  	[27.1, 27.1, 21.7, 27.1]	[hover, hover, hover, hover]	[0.7968, 0.7921, 1.4520, 0.1205]
97   	1840.71     	0.000   	1.0000  	[27.1, 27.1, 21.7, 27.1]	[hover, hover, hover, hover]	[0.5717, 0.5546, 1.0184, 0.1353]
98   	1839.63     	0.000   	1.0000  	[27.1, 27.1, 21.7, 27.1]	[hover, hover, hover, hover]	[0.4675, 0.4504, 0.8276, 0.1376]
99   	1838.76     	0.000   	1.0000  	[27.1, 27.1, 21.7, 27.1]	[hover, hover, back, hover]	[0.4006, 0.3835, 0.7033, 0.1517]
[2025-12-18T15:11:00]
Strategy: greedy_ig
Pairwise: equal
News mode: IG_BM
Num agents: 4
Iteration: 3
Error margin: None
Gaussian radius 5 
Grid info: range: 0-50-50, cell_size:0.125, map shape: (400, 400), center:True
init UAV positions: [(0.0, -10.0, 5.4), (-5.0, 15.0, 5.4), (15.0, -5.0, 5.4), (20.0, 20.0, 5.4)]
mcts_params: {}
Step	Entropy	MSE	Coverage	Heights	Actions	IGs
------------------------------------------------------------------------------------------------------------------------
0    	160000.00   	0.250   	0.0000  	[5.4, 5.4, 5.4, 5.4]	[-, -, -, -]	[-, -, -, -]
1    	156558.57   	0.235   	0.0625  	[5.4, 5.4, 5.4, 5.4]	[up, up, up, up]	[3904.5582, 3904.5582, 3904.5582, 3162.6921]
2    	154427.67   	0.225   	0.2381  	[10.8, 10.8, 10.8, 10.8]	[up, up, up, up]	[4333.1633, 4382.9647, 4333.1633, 2315.8095]
3    	147203.30   	0.207   	0.4839  	[16.2, 16.2, 16.2, 16.2]	[up, up, up, back]	[4085.9680, 3884.5286, 3494.5448, 2420.4715]
4    	115633.10   	0.160   	0.7106  	[21.7, 21.7, 21.7, 16.2]	[left, back, left, left]	[3657.8983, 3842.4768, 3112.5662, 2661.1506]
5    	111021.67   	0.148   	0.7661  	[21.7, 21.7, 21.7, 16.2]	[left, left, back, left]	[3372.3981, 3265.3290, 2579.2816, 2400.2224]
6    	107978.67   	0.138   	0.8395  	[21.7, 21.7, 21.7, 16.2]	[left, left, back, back]	[3272.1089, 3137.8813, 2510.0204, 2254.4511]
7    	105151.06   	0.130   	0.9195  	[21.7, 21.7, 21.7, 16.2]	[left, left, back, back]	[3248.3776, 2673.0880, 2207.1569, 1950.8423]
8    	103839.20   	0.125   	0.9719  	[21.7, 21.7, 21.7, 16.2]	[back, down, down, up]	[3040.9837, 2317.8620, 1879.1228, 1773.3118]
9    	97175.49    	0.113   	0.9962  	[21.7, 16.2, 16.2, 21.7]	[hover, up, right, back]	[2557.9349, 1895.8060, 1678.6528, 1679.0914]
10   	94327.13    	0.105   	0.9962  	[21.7, 21.7, 16.2, 21.7]	[hover, back, back, left]	[2183.6768, 1726.3895, 1471.7038, 1436.3733]
11   	87227.10    	0.094   	0.9962  	[21.7, 21.7, 16.2, 21.7]	[hover, front, hover, left]	[1845.3978, 1445.3749, 1135.3953, 1490.5330]
12   	84578.38    	0.089   	0.9962  	[21.7, 21.7, 16.2, 21.7]	[hover, right, right, back]	[1583.4383, 1256.3079, 916.8717, 1298.2703]
13   	58308.24    	0.064   	0.9981  	[21.7, 21.7, 16.2, 21.7]	[hover, left, front, left]	[1370.0012, 1085.6937, 719.5774, 1283.7363]
14   	57388.30    	0.062   	0.9981  	[21.7, 21.7, 16.2, 21.7]	[hover, front, left, front]	[1174.6569, 939.7962, 567.4364, 689.2877]
15   	56973.62    	0.061   	1.0000  	[21.7, 21.7, 16.2, 21.7]	[hover, right, up, front]	[1020.6796, 823.1219, 617.4753, 707.8573]
16   	50440.23    	0.052   	1.0000  	[21.7, 21.7, 21.7, 21.7]	[front, left, left, front]	[900.5341, 706.8356, 630.4838, 711.2944]
17   	45142.95    	0.045   	1.0000  	[21.7, 21.7, 21.7, 21.7]	[front, back, hover, right]	[887.7790, 633.2864, 539.5107, 652.1286]
18   	44103.94    	0.043   	1.0000  	[21.7, 21.7, 21.7, 21.7]	[back, front, hover, right]	[650.6687, 528.8400, 470.8960, 636.1011]
19   	43814.79    	0.042   	1.0000  	[21.7, 21.7, 21.7, 21.7]	[back, back, front, right]	[655.8869, 465.3202, 417.6318, 631.6069]
20   	41356.62    	0.039   	1.0000  	[21.7, 21.7, 21.7, 21.7]	[hover, front, front, hover]	[574.5109, 411.7887, 401.2042, 552.4872]
21   	41121.45    	0.038   	1.0000  	[21.7, 21.7, 21.7, 21.7]	[hover, right, front, hover]	[508.6383, 372.2766, 332.5789, 473.4758]
22   	39330.81    	0.035   	1.0000  	[21.7, 21.7, 21.7, 21.7]	[right, right, front, hover]	[448.5540, 359.1918, 310.8571, 400.4426]
23   	39161.79    	0.035   	1.0000  	[21.7, 21.7, 21.7, 21.7]	[left, left, right, back]	[400.4685, 286.2964, 276.5870, 329.8929]
24   	39020.18    	0.034   	1.0000  	[21.7, 21.7, 21.7, 21.7]	[hover, back, front, front]	[353.5097, 272.7865, 232.5192, 278.1635]
25   	37027.19    	0.031   	1.0000  	[21.7, 21.7, 21.7, 21.7]	[right, back, front, hover]	[316.2729, 272.5532, 194.8817, 233.5086]
26   	36636.75    	0.031   	1.0000  	[21.7, 21.7, 21.7, 21.7]	[right, left, left, left]	[289.1761, 219.3152, 173.1830, 201.6397]
27   	15841.98    	0.015   	1.0000  	[21.7, 21.7, 21.7, 21.7]	[right, front, left, hover]	[253.8476, 209.1317, 176.8758, 169.1925]
28   	15761.13    	0.014   	1.0000  	[21.7, 21.7, 21.7, 21.7]	[left, front, right, right]	[218.3557, 188.0215, 107.8781, 146.4299]
29   	15688.07    	0.014   	1.0000  	[21.7, 21.7, 21.7, 21.7]	[left, hover, right, hover]	[202.2231, 164.8383, 102.7664, 125.0232]
30   	15622.52    	0.014   	1.0000  	[21.7, 21.7, 21.7, 21.7]	[left, back, back, left]	[207.4839, 145.5735, 93.0496, 108.4463]
31   	14464.33    	0.013   	1.0000  	[21.7, 21.7, 21.7, 21.7]	[hover, front, back, left]	[183.2469, 127.6644, 91.0859, 101.6342]
32   	13884.44    	0.012   	1.0000  	[21.7, 21.7, 21.7, 21.7]	[front, back, back, right]	[162.7732, 117.5582, 99.9526, 78.8387]
33   	13818.99    	0.012   	1.0000  	[21.7, 21.7, 21.7, 21.7]	[back, front, back, right]	[144.6875, 104.9698, 122.1738, 75.0056]
34   	13796.75    	0.011   	1.0000  	[21.7, 21.7, 21.7, 21.7]	[hover, back, back, hover]	[130.8392, 92.3645, 161.2495, 64.4892]
35   	13770.42    	0.011   	1.0000  	[21.7, 21.7, 21.7, 21.7]	[hover, front, back, back]	[116.1496, 83.6389, 188.0770, 58.3338]
36   	12884.81    	0.010   	1.0000  	[21.7, 21.7, 21.7, 21.7]	[right, right, left, up]	[106.0955, 76.5046, 175.0036, 53.1116]
37   	12621.01    	0.010   	1.0000  	[21.7, 21.7, 21.7, 27.1]	[left, back, right, left]	[94.7843, 69.5700, 147.8364, 57.0320]
38   	11978.48    	0.009   	1.0000  	[21.7, 21.7, 21.7, 27.1]	[front, left, hover, back]	[85.3570, 64.2751, 131.8714, 50.0002]
39   	11672.39    	0.009   	1.0000  	[21.7, 21.7, 21.7, 27.1]	[back, front, left, left]	[74.5950, 57.8677, 114.5419, 46.8539]
40   	5293.84     	0.004   	1.0000  	[21.7, 21.7, 21.7, 27.1]	[right, hover, right, left]	[67.6092, 51.5061, 102.0366, 57.9946]
41   	5262.75     	0.004   	1.0000  	[21.7, 21.7, 21.7, 27.1]	[left, hover, hover, front]	[61.0555, 44.1551, 89.0380, 28.9353]
42   	5192.25     	0.004   	1.0000  	[21.7, 21.7, 21.7, 27.1]	[right, back, hover, left]	[54.7532, 38.9192, 80.5077, 27.5730]
43   	5078.27     	0.003   	1.0000  	[21.7, 21.7, 21.7, 27.1]	[right, front, left, left]	[49.2990, 34.4828, 71.5220, 26.8406]
44   	5015.79     	0.003   	1.0000  	[21.7, 21.7, 21.7, 27.1]	[left, back, right, left]	[40.5818, 29.6313, 61.0926, 26.0542]
45   	4735.33     	0.003   	1.0000  	[21.7, 21.7, 21.7, 27.1]	[left, back, hover, left]	[41.4652, 27.0266, 54.7257, 25.3363]
46   	4697.31     	0.003   	1.0000  	[21.7, 21.7, 21.7, 27.1]	[hover, back, hover, left]	[35.8692, 22.4695, 49.3868, 24.5226]
47   	4589.70     	0.003   	1.0000  	[21.7, 21.7, 21.7, 27.1]	[hover, back, left, hover]	[32.3708, 20.2124, 43.2577, 21.3303]
48   	4557.86     	0.003   	1.0000  	[21.7, 21.7, 21.7, 27.1]	[hover, back, right, hover]	[27.3163, 18.3299, 38.8167, 19.3061]
49   	4501.07     	0.003   	1.0000  	[21.7, 21.7, 21.7, 27.1]	[hover, back, left, hover]	[23.4532, 16.5232, 34.4650, 17.3120]
50   	4473.98     	0.003   	1.0000  	[21.7, 21.7, 21.7, 27.1]	[hover, back, right, hover]	[20.1583, 15.0527, 30.9828, 16.3876]
51   	4413.70     	0.003   	1.0000  	[21.7, 21.7, 21.7, 27.1]	[right, back, left, right]	[16.7932, 13.7391, 27.4465, 15.0246]
52   	4373.79     	0.002   	1.0000  	[21.7, 21.7, 21.7, 27.1]	[up, back, right, right]	[12.9104, 12.3012, 25.6453, 14.2530]
53   	4336.95     	0.002   	1.0000  	[27.1, 21.7, 21.7, 27.1]	[front, right, front, right]	[11.3712, 13.2374, 23.9474, 13.7034]
54   	2890.46     	0.001   	1.0000  	[27.1, 21.7, 21.7, 27.1]	[hover, right, hover, right]	[9.8074, 26.3798, 20.8081, 13.7937]
55   	2503.25     	0.001   	1.0000  	[27.1, 21.7, 21.7, 27.1]	[hover, right, hover, right]	[8.8018, 8.7081, 17.9375, 14.1405]
56   	2488.90     	0.001   	1.0000  	[27.1, 21.7, 21.7, 27.1]	[hover, right, back, right]	[7.8233, 7.7313, 15.9527, 15.0362]
57   	2468.66     	0.001   	1.0000  	[27.1, 21.7, 21.7, 27.1]	[hover, right, hover, right]	[7.1136, 8.1041, 13.8294, 21.9172]
58   	2371.74     	0.001   	1.0000  	[27.1, 21.7, 21.7, 27.1]	[hover, right, front, hover]	[6.3264, 7.8056, 11.9775, 20.6511]
59   	2338.72     	0.001   	1.0000  	[27.1, 21.7, 21.7, 27.1]	[hover, right, hover, hover]	[5.8689, 7.8534, 9.8219, 19.3256]
60   	2324.27     	0.001   	1.0000  	[27.1, 21.7, 21.7, 27.1]	[hover, right, back, hover]	[5.4893, 7.6283, 8.3708, 17.3173]
61   	2305.78     	0.001   	1.0000  	[27.1, 21.7, 21.7, 27.1]	[hover, right, hover, hover]	[5.0759, 8.2644, 6.6460, 16.8860]
62   	2270.26     	0.001   	1.0000  	[27.1, 21.7, 21.7, 27.1]	[hover, hover, front, hover]	[4.5167, 6.8056, 6.0905, 15.4019]
63   	2252.07     	0.001   	1.0000  	[27.1, 21.7, 21.7, 27.1]	[hover, hover, up, hover]	[4.1664, 5.1443, 4.6808, 14.0684]
64   	2236.41     	0.001   	1.0000  	[27.1, 21.7, 27.1, 27.1]	[hover, hover, left, hover]	[3.7410, 3.9949, 3.9293, 13.2558]
65   	2221.37     	0.001   	1.0000  	[27.1, 21.7, 27.1, 27.1]	[hover, hover, front, hover]	[3.5745, 3.0290, 3.3523, 12.3191]
66   	2203.61     	0.001   	1.0000  	[27.1, 21.7, 27.1, 27.1]	[hover, hover, front, hover]	[3.5541, 2.4368, 2.9545, 11.1964]
67   	2188.25     	0.001   	1.0000  	[27.1, 21.7, 27.1, 27.1]	[hover, hover, front, hover]	[3.1938, 2.1369, 3.1671, 10.1961]
68   	2181.48     	0.000   	1.0000  	[27.1, 21.7, 27.1, 27.1]	[hover, up, front, hover]	[2.8830, 1.7280, 3.3660, 9.0063]
69   	2172.63     	0.000   	1.0000  	[27.1, 27.1, 27.1, 27.1]	[hover, front, front, hover]	[2.5771, 2.2762, 4.7051, 8.6646]
70   	2165.13     	0.000   	1.0000  	[27.1, 27.1, 27.1, 27.1]	[front, left, front, hover]	[2.4399, 1.8031, 5.8990, 8.0900]
71   	2055.21     	0.000   	1.0000  	[27.1, 27.1, 27.1, 27.1]	[front, hover, front, hover]	[2.5913, 1.7385, 7.0700, 7.1404]
72   	2027.14     	0.000   	1.0000  	[27.1, 27.1, 27.1, 27.1]	[front, hover, down, hover]	[2.4895, 1.6170, 6.7446, 6.2784]
73   	2017.80     	0.000   	1.0000  	[27.1, 27.1, 21.7, 27.1]	[front, hover, front, hover]	[2.8492, 1.3070, 7.2521, 5.0756]
74   	2016.35     	0.000   	1.0000  	[27.1, 27.1, 21.7, 27.1]	[front, hover, right, hover]	[4.0048, 1.1978, 7.0729, 4.4615]
75   	2002.67     	0.000   	1.0000  	[27.1, 27.1, 21.7, 27.1]	[front, hover, hover, hover]	[5.0037, 1.2107, 6.6428, 4.3203]
76   	1994.49     	0.000   	1.0000  	[27.1, 27.1, 21.7, 27.1]	[front, hover, hover, hover]	[7.0744, 1.0882, 5.9150, 3.8618]
77   	1984.05     	0.000   	1.0000  	[27.1, 27.1, 21.7, 27.1]	[hover, hover, hover, hover]	[6.7937, 0.9127, 5.0537, 3.2786]
78   	1975.48     	0.000   	1.0000  	[27.1, 27.1, 21.7, 27.1]	[hover, hover, hover, hover]	[6.1837, 0.9381, 4.0569, 2.8142]
79   	1966.10     	0.000   	1.0000  	[27.1, 27.1, 21.7, 27.1]	[hover, hover, down, hover]	[5.8186, 0.8674, 3.3465, 2.3041]
80   	1963.40     	0.000   	1.0000  	[27.1, 27.1, 16.2, 27.1]	[hover, hover, right, hover]	[5.3449, 0.7445, 3.3975, 1.9359]
81   	1960.02     	0.000   	1.0000  	[27.1, 27.1, 16.2, 27.1]	[hover, hover, front, hover]	[5.2327, 0.6369, 3.1655, 1.7068]
82   	1955.89     	0.000   	1.0000  	[27.1, 27.1, 16.2, 27.1]	[hover, hover, down, hover]	[4.8486, 0.5433, 3.1677, 1.4623]
83   	1952.82     	0.000   	1.0000  	[27.1, 27.1, 10.8, 27.1]	[hover, hover, right, hover]	[4.6225, 0.4789, 1.6563, 1.0907]
84   	1951.47     	0.000   	1.0000  	[27.1, 27.1, 10.8, 27.1]	[hover, hover, up, down]	[4.3056, 0.5012, 0.9999, 1.0256]
85   	1948.06     	0.000   	1.0000  	[27.1, 27.1, 16.2, 21.7]	[hover, hover, left, front]	[4.1564, 0.4874, 0.9689, 1.0757]
86   	1946.67     	0.000   	1.0000  	[27.1, 27.1, 16.2, 21.7]	[hover, hover, hover, hover]	[3.7572, 0.4841, 0.7211, 0.8681]
87   	1947.50     	0.000   	1.0000  	[27.1, 27.1, 16.2, 21.7]	[hover, hover, hover, right]	[3.5478, 0.3840, 0.6835, 0.7569]
88   	1944.82     	0.000   	1.0000  	[27.1, 27.1, 16.2, 21.7]	[hover, hover, hover, hover]	[3.5122, 0.4500, 0.5744, 0.7974]
89   	1943.20     	0.000   	1.0000  	[27.1, 27.1, 16.2, 21.7]	[hover, hover, hover, hover]	[3.1723, 0.3947, 0.4642, 0.5464]
90   	1941.82     	0.000   	1.0000  	[27.1, 27.1, 16.2, 21.7]	[hover, hover, hover, hover]	[3.0323, 0.3648, 0.4393, 0.4002]
91   	1938.86     	0.000   	1.0000  	[27.1, 27.1, 16.2, 21.7]	[hover, hover, hover, hover]	[2.7720, 0.3767, 0.3644, 0.3537]
92   	1937.62     	0.000   	1.0000  	[27.1, 27.1, 16.2, 21.7]	[hover, down, hover, left]	[2.3380, 0.3345, 0.1995, 0.1585]
93   	1937.63     	0.000   	1.0000  	[27.1, 21.7, 16.2, 21.7]	[hover, up, hover, back]	[2.2213, 0.3145, 0.0626, 0.1883]
94   	1936.93     	0.000   	1.0000  	[27.1, 27.1, 16.2, 21.7]	[hover, hover, down, hover]	[2.0673, 0.2633, 0.0451, 0.1235]
95   	1937.42     	0.000   	1.0000  	[27.1, 27.1, 10.8, 21.7]	[hover, hover, up, hover]	[2.0530, 0.2281, 0.0197, 0.0610]
96   	1920.20     	0.000   	1.0000  	[27.1, 27.1, 16.2, 21.7]	[hover, hover, left, hover]	[2.1180, 0.2321, 0.0293, 0.1327]
97   	1918.73     	0.000   	1.0000  	[27.1, 27.1, 16.2, 21.7]	[hover, hover, left, front]	[1.8443, 0.1804, 0.1970, 0.1221]
98   	1917.11     	0.000   	1.0000  	[27.1, 27.1, 16.2, 21.7]	[hover, hover, down, down]	[1.6717, 0.1155, 0.3392, 0.2152]
99   	1917.22     	0.000   	1.0000  	[27.1, 27.1, 10.8, 16.2]	[hover, hover, front, front]	[1.4558, 0.1222, 0.1085, 0.0684]
[2025-12-18T15:11:12]
Strategy: greedy_ig
Pairwise: equal
News mode: IG_BM
Num agents: 4
Iteration: 4
Error margin: None
Gaussian radius 5 
Grid info: range: 0-50-50, cell_size:0.125, map shape: (400, 400), center:True
init UAV positions: [(-10.0, 0.0, 5.4), (-20.0, 0.0, 5.4), (15.0, -20.0, 5.4), (5.0, 15.0, 5.4)]
mcts_params: {}
Step	Entropy	MSE	Coverage	Heights	Actions	IGs
------------------------------------------------------------------------------------------------------------------------
0    	160000.00   	0.250   	0.0000  	[5.4, 5.4, 5.4, 5.4]	[-, -, -, -]	[-, -, -, -]
1    	156204.55   	0.236   	0.0625  	[5.4, 5.4, 5.4, 5.4]	[up, up, up, up]	[3904.5582, 3514.1024, 3514.1024, 3904.5582]
2    	150375.68   	0.220   	0.2250  	[10.8, 10.8, 10.8, 10.8]	[up, up, up, up]	[3996.0302, 2817.0986, 3204.0331, 4382.9647]
3    	147060.77   	0.209   	0.4256  	[16.2, 16.2, 16.2, 16.2]	[up, up, front, up]	[3713.6965, 2372.6428, 3249.4325, 3732.8283]
4    	139678.02   	0.192   	0.5913  	[21.7, 21.7, 16.2, 21.7]	[back, right, front, back]	[3064.6703, 2127.9388, 3111.6563, 3528.2324]
5    	125633.25   	0.169   	0.6647  	[21.7, 21.7, 16.2, 21.7]	[back, right, front, right]	[2865.2522, 1925.8223, 2957.1022, 3293.9763]
6    	123308.25   	0.160   	0.7506  	[21.7, 21.7, 16.2, 21.7]	[back, front, up, right]	[2870.2412, 1851.2533, 2775.6827, 3235.6505]
7    	103117.86   	0.131   	0.8747  	[21.7, 21.7, 21.7, 21.7]	[back, front, left, back]	[2975.6077, 1983.6544, 2869.1853, 2814.9486]
8    	99284.55    	0.121   	0.9278  	[21.7, 21.7, 21.7, 21.7]	[right, front, front, right]	[2653.6845, 2198.1201, 2171.0058, 2389.9373]
9    	97049.30    	0.115   	0.9617  	[21.7, 21.7, 21.7, 21.7]	[hover, front, front, front]	[2165.7784, 2409.8072, 1788.7148, 2043.1918]
10   	95081.35    	0.109   	0.9852  	[21.7, 21.7, 21.7, 21.7]	[left, right, front, hover]	[1804.4409, 2069.2150, 1505.1806, 1667.5183]
11   	65304.43    	0.078   	0.9852  	[21.7, 21.7, 21.7, 21.7]	[left, right, front, left]	[1771.0984, 1800.4914, 1274.7695, 1368.4286]
12   	64155.97    	0.074   	0.9977  	[21.7, 21.7, 21.7, 21.7]	[hover, left, front, right]	[1507.7537, 1487.8566, 1041.7930, 1110.6738]
13   	63639.48    	0.072   	0.9977  	[21.7, 21.7, 21.7, 21.7]	[hover, left, back, front]	[1296.8808, 1377.5704, 841.6997, 923.0423]
14   	63190.93    	0.070   	0.9995  	[21.7, 21.7, 21.7, 21.7]	[hover, hover, back, down]	[1123.9765, 1191.5061, 747.5688, 809.5906]
15   	62736.00    	0.068   	0.9995  	[21.7, 21.7, 21.7, 16.2]	[hover, hover, back, front]	[976.1934, 1022.8197, 715.1232, 697.4692]
16   	62586.33    	0.067   	0.9995  	[21.7, 21.7, 21.7, 16.2]	[hover, hover, back, right]	[841.0332, 891.3919, 720.4773, 609.2373]
17   	57026.06    	0.060   	0.9995  	[21.7, 21.7, 21.7, 16.2]	[right, hover, back, hover]	[752.9434, 772.1912, 792.4741, 476.8244]
18   	56650.77    	0.058   	0.9995  	[21.7, 21.7, 21.7, 16.2]	[right, hover, back, back]	[692.8827, 672.9556, 812.8298, 393.5925]
19   	56323.60    	0.057   	0.9995  	[21.7, 21.7, 21.7, 16.2]	[right, right, right, back]	[608.7715, 599.4970, 714.7964, 309.3780]
20   	54403.92    	0.054   	1.0000  	[21.7, 21.7, 21.7, 16.2]	[right, right, hover, back]	[527.3259, 533.1513, 596.5339, 275.3180]
21   	34716.94    	0.033   	1.0000  	[21.7, 21.7, 21.7, 16.2]	[right, right, hover, back]	[449.8476, 507.3760, 493.2807, 254.6769]
22   	34246.86    	0.032   	1.0000  	[21.7, 21.7, 21.7, 16.2]	[right, left, hover, back]	[365.0046, 405.2198, 400.5657, 235.2222]
23   	33858.48    	0.032   	1.0000  	[21.7, 21.7, 21.7, 16.2]	[right, left, hover, back]	[297.7557, 390.7569, 319.8020, 206.5060]
24   	33540.42    	0.031   	1.0000  	[21.7, 21.7, 21.7, 16.2]	[right, left, hover, back]	[249.6023, 372.4456, 248.0017, 163.8169]
25   	33323.73    	0.030   	1.0000  	[21.7, 21.7, 21.7, 16.2]	[right, hover, hover, back]	[190.0721, 329.4624, 181.7578, 123.9922]
26   	33149.77    	0.030   	1.0000  	[21.7, 21.7, 21.7, 16.2]	[left, hover, left, back]	[147.1447, 289.1003, 140.8029, 92.7522]
27   	32990.98    	0.030   	1.0000  	[21.7, 21.7, 21.7, 16.2]	[left, back, left, back]	[125.0425, 257.4026, 120.0912, 85.7824]
28   	32805.75    	0.029   	1.0000  	[21.7, 21.7, 21.7, 16.2]	[left, back, left, back]	[122.2779, 256.2587, 117.6628, 94.4035]
29   	11168.02    	0.011   	1.0000  	[21.7, 21.7, 21.7, 16.2]	[left, back, left, hover]	[127.9008, 326.1290, 123.4159, 67.7131]
30   	10829.08    	0.011   	1.0000  	[21.7, 21.7, 21.7, 16.2]	[left, back, left, hover]	[135.9825, 146.2988, 132.4753, 54.5249]
31   	10450.83    	0.010   	1.0000  	[21.7, 21.7, 21.7, 16.2]	[left, back, left, hover]	[148.8918, 183.5065, 146.4122, 41.1799]
32   	10039.89    	0.010   	1.0000  	[21.7, 21.7, 21.7, 16.2]	[left, back, left, hover]	[165.6150, 215.4694, 163.9486, 31.8140]
33   	9739.47     	0.009   	1.0000  	[21.7, 21.7, 21.7, 16.2]	[left, back, left, hover]	[197.1441, 237.4176, 195.2688, 25.8460]
34   	9413.20     	0.009   	1.0000  	[21.7, 21.7, 21.7, 16.2]	[left, back, left, hover]	[244.1911, 242.5386, 242.3613, 20.0238]
35   	9198.46     	0.008   	1.0000  	[21.7, 21.7, 21.7, 16.2]	[hover, hover, hover, hover]	[164.5684, 163.4195, 163.0213, 18.9169]
36   	9064.01     	0.008   	1.0000  	[21.7, 21.7, 21.7, 16.2]	[hover, hover, hover, left]	[112.2567, 111.3752, 110.6923, 14.8715]
37   	8970.40     	0.008   	1.0000  	[21.7, 21.7, 21.7, 16.2]	[hover, hover, hover, up]	[77.7342, 77.1145, 76.5524, 17.0299]
38   	8909.52     	0.008   	1.0000  	[21.7, 21.7, 21.7, 21.7]	[hover, hover, hover, front]	[54.2772, 53.5682, 53.3469, 20.3124]
39   	8861.36     	0.008   	1.0000  	[21.7, 21.7, 21.7, 21.7]	[hover, hover, hover, front]	[37.9352, 37.1416, 37.3712, 28.8562]
40   	8826.93     	0.007   	1.0000  	[21.7, 21.7, 21.7, 21.7]	[hover, hover, hover, front]	[25.5340, 24.5056, 25.0915, 42.0762]
41   	8803.76     	0.007   	1.0000  	[21.7, 21.7, 21.7, 21.7]	[front, hover, front, front]	[17.6887, 16.6954, 17.6822, 53.9684]
42   	8778.67     	0.007   	1.0000  	[21.7, 21.7, 21.7, 21.7]	[up, hover, up, front]	[16.9113, 12.8551, 14.7669, 61.1641]
43   	8755.37     	0.007   	1.0000  	[27.1, 21.7, 27.1, 21.7]	[right, right, right, front]	[20.1601, 9.8112, 17.4998, 73.9477]
44   	8722.49     	0.007   	1.0000  	[27.1, 21.7, 27.1, 21.7]	[front, up, front, front]	[24.6925, 11.7661, 21.7172, 94.4324]
45   	8680.31     	0.007   	1.0000  	[27.1, 27.1, 27.1, 21.7]	[front, front, front, front]	[32.9767, 14.3675, 28.3640, 122.4316]
46   	8616.54     	0.007   	1.0000  	[27.1, 27.1, 27.1, 21.7]	[front, front, front, front]	[46.2136, 17.7523, 38.4487, 170.5252]
47   	8535.67     	0.007   	1.0000  	[27.1, 27.1, 27.1, 21.7]	[front, front, front, front]	[63.4517, 24.1356, 54.2022, 190.6532]
48   	6208.64     	0.005   	1.0000  	[27.1, 27.1, 27.1, 21.7]	[front, front, front, left]	[88.0025, 33.8210, 74.7298, 197.4640]
49   	4207.50     	0.003   	1.0000  	[27.1, 27.1, 27.1, 21.7]	[front, front, front, left]	[113.0043, 46.2781, 92.4453, 163.5364]
50   	3871.25     	0.003   	1.0000  	[27.1, 27.1, 27.1, 21.7]	[hover, front, front, right]	[93.7282, 54.8732, 93.6573, 124.5559]
51   	3703.14     	0.002   	1.0000  	[27.1, 27.1, 27.1, 21.7]	[hover, front, down, right]	[76.0916, 74.8262, 84.6389, 109.4472]
52   	3446.92     	0.002   	1.0000  	[27.1, 27.1, 21.7, 21.7]	[hover, right, front, hover]	[63.2347, 62.6055, 82.8341, 95.5435]
53   	3352.96     	0.002   	1.0000  	[27.1, 27.1, 21.7, 21.7]	[hover, left, left, hover]	[52.4050, 50.5679, 79.7294, 81.8973]
54   	3006.40     	0.002   	1.0000  	[27.1, 27.1, 21.7, 21.7]	[right, right, hover, hover]	[41.6827, 40.0878, 61.0225, 74.0222]
55   	2947.37     	0.001   	1.0000  	[27.1, 27.1, 21.7, 21.7]	[left, left, hover, hover]	[31.4461, 30.9274, 47.7550, 60.8928]
56   	2859.88     	0.001   	1.0000  	[27.1, 27.1, 21.7, 21.7]	[hover, right, hover, hover]	[24.5119, 24.3976, 36.4279, 53.6482]
57   	2743.39     	0.001   	1.0000  	[27.1, 27.1, 21.7, 21.7]	[right, left, hover, hover]	[20.3565, 19.3261, 28.8517, 46.5229]
58   	2679.35     	0.001   	1.0000  	[27.1, 27.1, 21.7, 21.7]	[left, right, hover, hover]	[15.8763, 15.8510, 22.9501, 40.4592]
59   	2634.17     	0.001   	1.0000  	[27.1, 27.1, 21.7, 21.7]	[hover, right, hover, hover]	[13.3763, 13.2281, 18.7394, 34.3986]
60   	2536.49     	0.001   	1.0000  	[27.1, 27.1, 21.7, 21.7]	[right, right, hover, hover]	[11.1297, 12.0355, 14.2705, 29.3228]
61   	2498.26     	0.001   	1.0000  	[27.1, 27.1, 21.7, 21.7]	[right, right, hover, hover]	[8.4334, 11.4626, 11.1758, 24.4801]
62   	2453.33     	0.001   	1.0000  	[27.1, 27.1, 21.7, 21.7]	[right, right, hover, hover]	[8.5770, 11.9529, 9.4345, 22.0155]
63   	2409.79     	0.001   	1.0000  	[27.1, 27.1, 21.7, 21.7]	[right, right, hover, back]	[8.0789, 12.2713, 7.6766, 18.1876]
64   	2365.49     	0.001   	1.0000  	[27.1, 27.1, 21.7, 21.7]	[right, right, hover, front]	[8.6626, 12.8781, 6.3972, 15.5419]
65   	2334.14     	0.001   	1.0000  	[27.1, 27.1, 21.7, 21.7]	[right, hover, hover, back]	[9.4903, 10.5476, 5.6272, 12.1692]
66   	2304.33     	0.001   	1.0000  	[27.1, 27.1, 21.7, 21.7]	[right, hover, hover, front]	[9.5148, 9.5207, 4.6268, 10.7070]
67   	2057.50     	0.000   	1.0000  	[27.1, 27.1, 21.7, 21.7]	[down, hover, right, hover]	[7.6811, 7.6554, 4.4230, 8.4462]
68   	2044.50     	0.000   	1.0000  	[21.7, 27.1, 21.7, 21.7]	[front, hover, left, back]	[8.9247, 6.3398, 3.9214, 7.4632]
69   	2033.18     	0.000   	1.0000  	[21.7, 27.1, 21.7, 21.7]	[right, hover, hover, hover]	[6.9441, 5.0312, 3.7336, 5.6278]
70   	2023.80     	0.000   	1.0000  	[21.7, 27.1, 21.7, 21.7]	[hover, hover, hover, front]	[5.0288, 3.8734, 3.2150, 4.1441]
71   	2019.19     	0.000   	1.0000  	[21.7, 27.1, 21.7, 21.7]	[left, hover, hover, back]	[4.3008, 3.3644, 2.4816, 3.4847]
72   	1999.73     	0.000   	1.0000  	[21.7, 27.1, 21.7, 21.7]	[hover, hover, hover, left]	[3.6401, 2.9454, 2.2074, 2.8384]
73   	1994.15     	0.000   	1.0000  	[21.7, 27.1, 21.7, 21.7]	[right, hover, hover, up]	[2.7595, 2.3407, 2.2650, 2.1983]
74   	1988.60     	0.000   	1.0000  	[21.7, 27.1, 21.7, 27.1]	[left, hover, hover, hover]	[2.4140, 1.9854, 2.0946, 1.8340]
75   	1982.87     	0.000   	1.0000  	[21.7, 27.1, 21.7, 27.1]	[hover, hover, hover, hover]	[1.8291, 1.5545, 2.1364, 1.4011]
76   	1979.72     	0.000   	1.0000  	[21.7, 27.1, 21.7, 27.1]	[right, hover, hover, hover]	[1.4590, 1.2236, 2.0701, 1.0803]
77   	1975.96     	0.000   	1.0000  	[21.7, 27.1, 21.7, 27.1]	[hover, hover, hover, back]	[1.1402, 1.0819, 1.7039, 0.9714]
78   	1973.28     	0.000   	1.0000  	[21.7, 27.1, 21.7, 27.1]	[hover, back, back, back]	[0.7883, 0.8469, 1.6279, 0.8752]
79   	1971.89     	0.000   	1.0000  	[21.7, 27.1, 21.7, 27.1]	[hover, back, front, back]	[0.6269, 0.6589, 1.4840, 0.7618]
80   	1969.78     	0.000   	1.0000  	[21.7, 27.1, 21.7, 27.1]	[hover, back, back, back]	[0.5078, 1.0016, 1.3819, 1.1105]
81   	1966.09     	0.000   	1.0000  	[21.7, 27.1, 21.7, 27.1]	[hover, back, hover, back]	[0.4302, 1.4638, 1.3381, 1.5917]
82   	1963.36     	0.000   	1.0000  	[21.7, 27.1, 21.7, 27.1]	[hover, back, hover, back]	[0.2747, 2.2434, 1.2193, 2.4204]
83   	1958.85     	0.000   	1.0000  	[21.7, 27.1, 21.7, 27.1]	[up, back, front, back]	[0.1393, 4.3091, 1.0193, 4.3091]
84   	1954.80     	0.000   	1.0000  	[27.1, 27.1, 21.7, 27.1]	[back, hover, back, hover]	[0.1728, 3.8756, 1.0041, 3.8758]
85   	1951.72     	0.000   	1.0000  	[27.1, 27.1, 21.7, 27.1]	[back, hover, hover, hover]	[0.2200, 3.4358, 0.9022, 3.4360]
86   	1947.69     	0.000   	1.0000  	[27.1, 27.1, 21.7, 27.1]	[back, hover, front, hover]	[0.1212, 3.0174, 0.8472, 3.0174]
87   	1946.85     	0.000   	1.0000  	[27.1, 27.1, 21.7, 27.1]	[back, hover, hover, hover]	[0.2254, 2.5260, 0.6954, 2.5261]
88   	1944.49     	0.000   	1.0000  	[27.1, 27.1, 21.7, 27.1]	[back, hover, hover, hover]	[0.5311, 2.4154, 0.5152, 2.4152]
89   	1940.67     	0.000   	1.0000  	[27.1, 27.1, 21.7, 27.1]	[back, hover, right, hover]	[1.0818, 2.1542, 0.4184, 2.1539]
90   	1940.16     	0.000   	1.0000  	[27.1, 27.1, 21.7, 27.1]	[back, hover, right, hover]	[1.6673, 1.7292, 0.5220, 1.7289]
91   	1938.27     	0.000   	1.0000  	[27.1, 27.1, 21.7, 27.1]	[left, hover, right, hover]	[1.5620, 1.6210, 0.6910, 1.6210]
92   	1937.81     	0.000   	1.0000  	[27.1, 27.1, 21.7, 27.1]	[hover, hover, right, hover]	[1.3431, 1.4011, 0.7551, 1.4010]
93   	1936.14     	0.000   	1.0000  	[27.1, 27.1, 21.7, 27.1]	[hover, hover, right, hover]	[1.1467, 1.1679, 1.2144, 1.1678]
94   	1891.99     	0.000   	1.0000  	[27.1, 27.1, 21.7, 27.1]	[hover, hover, right, hover]	[1.0403, 1.0464, 1.1239, 1.0463]
95   	1889.06     	0.000   	1.0000  	[27.1, 27.1, 21.7, 27.1]	[hover, hover, up, hover]	[1.0255, 1.0315, 0.0714, 1.0315]
96   	1888.57     	0.000   	1.0000  	[27.1, 27.1, 27.1, 27.1]	[hover, hover, left, hover]	[0.8517, 0.8578, 0.0858, 0.8577]
97   	1886.31     	0.000   	1.0000  	[27.1, 27.1, 27.1, 27.1]	[hover, hover, left, back]	[0.7544, 0.7604, 0.1012, 0.7604]
98   	1880.58     	0.000   	1.0000  	[27.1, 27.1, 27.1, 27.1]	[hover, hover, back, down]	[0.4606, 0.4821, 0.0606, 0.6016]
99   	1878.00     	0.000   	1.0000  	[27.1, 27.1, 27.1, 21.7]	[left, hover, back, back]	[0.3245, 0.3308, 0.0949, 0.5034]
[2025-12-18T15:11:25]
Strategy: greedy_ig
Pairwise: equal
News mode: IG_BM
Num agents: 4
Iteration: 5
Error margin: None
Gaussian radius 5 
Grid info: range: 0-50-50, cell_size:0.125, map shape: (400, 400), center:True
init UAV positions: [(-25.0, -5.0, 5.4), (-10.0, 20.0, 5.4), (10.0, -15.0, 5.4), (0.0, 0.0, 5.4)]
mcts_params: {}
Step	Entropy	MSE	Coverage	Heights	Actions	IGs
------------------------------------------------------------------------------------------------------------------------
0    	160000.00   	0.250   	0.0000  	[5.4, 5.4, 5.4, 5.4]	[-, -, -, -]	[-, -, -, -]
1    	157950.49   	0.240   	0.0547  	[5.4, 5.4, 5.4, 5.4]	[up, up, up, up]	[1952.2791, 3514.1024, 3904.5582, 3904.5582]
2    	152223.28   	0.223   	0.2125  	[10.8, 10.8, 10.8, 10.8]	[up, up, up, up]	[2191.4824, 3204.0331, 4382.9647, 4382.9647]
3    	136452.34   	0.194   	0.4462  	[16.2, 16.2, 16.2, 16.2]	[right, back, up, up]	[2511.8883, 3177.5201, 3608.1017, 4140.2974]
4    	129553.10   	0.179   	0.6162  	[16.2, 16.2, 21.7, 21.7]	[right, up, front, front]	[2609.9905, 2890.0902, 3314.1530, 3368.5060]
5    	123311.37   	0.166   	0.6936  	[16.2, 21.7, 21.7, 21.7]	[right, back, right, right]	[2461.5180, 2609.3928, 2948.4715, 2885.5853]
6    	117482.58   	0.154   	0.7397  	[16.2, 21.7, 21.7, 21.7]	[back, left, front, right]	[2452.0083, 2279.5397, 2562.7037, 2648.6904]
7    	114011.06   	0.145   	0.8103  	[16.2, 21.7, 21.7, 21.7]	[back, back, front, right]	[2538.8807, 1925.3323, 2261.6653, 2525.5851]
8    	111653.04   	0.138   	0.8525  	[16.2, 21.7, 21.7, 21.7]	[back, front, front, front]	[2644.3284, 1663.1131, 1963.3702, 2491.0304]
9    	109422.76   	0.131   	0.9041  	[16.2, 21.7, 21.7, 21.7]	[right, back, front, front]	[2423.2002, 1435.9254, 1743.2914, 2499.9494]
10   	107196.58   	0.125   	0.9463  	[16.2, 21.7, 21.7, 21.7]	[right, front, front, front]	[2335.9409, 1242.1365, 1632.2532, 2539.8478]
11   	106052.90   	0.121   	0.9772  	[16.2, 21.7, 21.7, 21.7]	[right, back, front, right]	[2299.5080, 1080.0013, 1639.4761, 2462.3044]
12   	101147.13   	0.110   	0.9881  	[16.2, 21.7, 21.7, 21.7]	[right, back, front, hover]	[2307.7467, 952.1965, 1591.0374, 1925.6749]
13   	75626.18    	0.081   	0.9881  	[16.2, 21.7, 21.7, 21.7]	[right, right, front, hover]	[2362.8400, 844.8887, 1451.1438, 1470.3280]
14   	74363.47    	0.079   	0.9881  	[16.2, 21.7, 21.7, 21.7]	[right, left, hover, hover]	[2446.0751, 744.3483, 1062.4360, 1097.1717]
15   	73075.11    	0.076   	0.9881  	[16.2, 21.7, 21.7, 21.7]	[right, front, hover, hover]	[2542.1187, 681.9471, 803.2314, 834.5397]
16   	71782.73    	0.074   	0.9881  	[16.2, 21.7, 21.7, 21.7]	[right, front, hover, hover]	[2645.4265, 640.6389, 617.4394, 643.6740]
17   	68898.53    	0.070   	0.9881  	[16.2, 21.7, 21.7, 21.7]	[right, hover, left, hover]	[2740.3098, 559.1728, 480.4329, 495.7870]
18   	67792.65    	0.068   	0.9881  	[16.2, 21.7, 21.7, 21.7]	[right, hover, right, hover]	[2811.1677, 489.3033, 372.4648, 390.6278]
19   	46136.62    	0.047   	0.9881  	[16.2, 21.7, 21.7, 21.7]	[front, hover, left, left]	[2388.0290, 423.6405, 298.5340, 313.2177]
20   	25943.67    	0.030   	0.9881  	[16.2, 21.7, 21.7, 21.7]	[front, hover, right, right]	[1709.0633, 365.9934, 240.0025, 253.3638]
21   	25495.47    	0.029   	0.9881  	[16.2, 21.7, 21.7, 21.7]	[back, back, back, back]	[504.8106, 329.2344, 200.8688, 209.5268]
22   	25068.69    	0.028   	0.9881  	[16.2, 21.7, 21.7, 21.7]	[back, back, back, back]	[552.3723, 330.5615, 167.2543, 174.0574]
23   	24211.82    	0.027   	0.9881  	[16.2, 21.7, 21.7, 21.7]	[back, back, left, back]	[641.5249, 320.1785, 137.2671, 144.9828]
24   	23845.40    	0.026   	0.9888  	[16.2, 21.7, 21.7, 21.7]	[hover, back, up, back]	[493.1344, 333.6496, 131.3947, 137.4961]
25   	23632.61    	0.025   	0.9888  	[16.2, 21.7, 27.1, 21.7]	[hover, back, front, back]	[377.7299, 360.1583, 131.2763, 135.8331]
26   	23174.71    	0.024   	0.9888  	[16.2, 21.7, 27.1, 21.7]	[hover, back, left, back]	[290.5079, 456.2268, 122.3529, 142.4064]
27   	22799.72    	0.024   	0.9888  	[16.2, 21.7, 27.1, 21.7]	[left, back, left, back]	[229.2894, 582.8968, 116.4451, 151.9705]
28   	16218.56    	0.018   	0.9888  	[16.2, 21.7, 27.1, 21.7]	[left, back, left, back]	[230.8441, 750.3695, 115.6167, 234.5166]
29   	13570.04    	0.015   	0.9888  	[16.2, 21.7, 27.1, 21.7]	[left, back, left, left]	[273.8376, 873.4373, 120.9796, 242.2191]
30   	12967.98    	0.013   	1.0000  	[16.2, 21.7, 27.1, 21.7]	[left, hover, left, left]	[291.2803, 724.2916, 131.6710, 217.3985]
31   	11017.91    	0.011   	1.0000  	[16.2, 21.7, 27.1, 21.7]	[left, hover, left, left]	[265.9051, 592.8064, 151.5503, 195.0145]
32   	10331.98    	0.010   	1.0000  	[16.2, 21.7, 27.1, 21.7]	[left, hover, left, left]	[245.7517, 475.0546, 136.5628, 180.2648]
33   	8576.88     	0.008   	1.0000  	[16.2, 21.7, 27.1, 21.7]	[left, hover, down, left]	[238.4777, 379.8150, 148.8579, 178.4298]
34   	8248.21     	0.008   	1.0000  	[16.2, 21.7, 21.7, 21.7]	[left, hover, front, left]	[225.5045, 291.8804, 167.0613, 168.3600]
35   	7965.06     	0.007   	1.0000  	[16.2, 21.7, 21.7, 21.7]	[left, hover, hover, left]	[222.5166, 220.6824, 145.3626, 162.9835]
36   	7717.17     	0.006   	1.0000  	[16.2, 21.7, 21.7, 21.7]	[left, hover, hover, left]	[231.8632, 156.2401, 126.7018, 163.3313]
37   	7580.36     	0.006   	1.0000  	[16.2, 21.7, 21.7, 21.7]	[hover, hover, left, hover]	[143.1616, 97.7203, 110.9047, 104.2915]
38   	7483.54     	0.006   	1.0000  	[16.2, 21.7, 21.7, 21.7]	[hover, hover, right, hover]	[91.9695, 65.4674, 99.6838, 71.4029]
39   	6584.01     	0.005   	1.0000  	[16.2, 21.7, 21.7, 21.7]	[hover, front, left, hover]	[57.0396, 43.4219, 87.6148, 48.3361]
40   	6534.39     	0.005   	1.0000  	[16.2, 21.7, 21.7, 21.7]	[hover, back, right, hover]	[38.7206, 30.7736, 77.8377, 34.8243]
41   	5755.71     	0.004   	1.0000  	[16.2, 21.7, 21.7, 21.7]	[hover, front, left, front]	[25.6541, 22.2528, 67.7293, 26.0883]
42   	5700.74     	0.004   	1.0000  	[16.2, 21.7, 21.7, 21.7]	[hover, right, right, back]	[17.5482, 16.6101, 58.7433, 17.5575]
43   	5643.41     	0.004   	1.0000  	[16.2, 21.7, 21.7, 21.7]	[hover, up, left, right]	[11.9005, 15.0360, 51.8613, 14.0791]
44   	5593.04     	0.004   	1.0000  	[16.2, 27.1, 21.7, 21.7]	[hover, right, right, right]	[9.0298, 12.6960, 46.0344, 14.3275]
45   	5571.26     	0.004   	1.0000  	[16.2, 27.1, 21.7, 21.7]	[hover, right, left, right]	[6.8306, 11.6411, 39.4525, 13.4348]
46   	5546.59     	0.004   	1.0000  	[16.2, 27.1, 21.7, 21.7]	[front, right, hover, right]	[5.0014, 13.1697, 35.0486, 14.9333]
47   	5526.30     	0.004   	1.0000  	[16.2, 27.1, 21.7, 21.7]	[up, right, right, right]	[4.8793, 15.3575, 31.7390, 16.9845]
48   	3724.67     	0.002   	1.0000  	[21.7, 27.1, 21.7, 21.7]	[front, right, hover, right]	[8.9689, 24.4580, 28.5389, 24.5500]
49   	3671.76     	0.002   	1.0000  	[21.7, 27.1, 21.7, 21.7]	[right, right, right, right]	[5.7320, 43.1544, 26.0822, 40.3718]
50   	3632.08     	0.002   	1.0000  	[21.7, 27.1, 21.7, 21.7]	[hover, right, right, right]	[4.9423, 43.0888, 27.1364, 74.5591]
51   	3587.78     	0.002   	1.0000  	[21.7, 27.1, 21.7, 21.7]	[hover, down, right, hover]	[4.0554, 41.8322, 32.0278, 61.7122]
52   	3556.44     	0.002   	1.0000  	[21.7, 21.7, 21.7, 21.7]	[hover, back, right, hover]	[3.4085, 38.6050, 35.9515, 48.3883]
53   	3473.62     	0.002   	1.0000  	[21.7, 21.7, 21.7, 21.7]	[right, right, right, hover]	[2.7105, 36.6813, 40.2362, 39.4535]
54   	3445.94     	0.002   	1.0000  	[21.7, 21.7, 21.7, 21.7]	[up, hover, right, hover]	[2.7959, 29.9631, 45.5980, 32.4182]
55   	3425.38     	0.002   	1.0000  	[27.1, 21.7, 21.7, 21.7]	[front, hover, right, hover]	[3.4352, 23.6602, 53.8600, 25.6340]
56   	3402.98     	0.002   	1.0000  	[27.1, 21.7, 21.7, 21.7]	[front, hover, right, hover]	[5.0074, 19.5101, 68.4081, 21.2527]
57   	3383.74     	0.002   	1.0000  	[27.1, 21.7, 21.7, 21.7]	[front, hover, hover, hover]	[6.6445, 15.0291, 58.0215, 16.8522]
58   	3373.54     	0.002   	1.0000  	[27.1, 21.7, 21.7, 21.7]	[front, hover, hover, hover]	[8.1337, 11.3608, 53.0297, 12.8601]
59   	3269.83     	0.002   	1.0000  	[27.1, 21.7, 21.7, 21.7]	[front, hover, hover, hover]	[10.3926, 9.1740, 45.6434, 10.3752]
60   	2843.51     	0.001   	1.0000  	[27.1, 21.7, 21.7, 21.7]	[front, front, hover, hover]	[11.4289, 7.1955, 40.7012, 8.3365]
61   	2829.48     	0.001   	1.0000  	[27.1, 21.7, 21.7, 21.7]	[front, back, hover, hover]	[13.6627, 5.9536, 35.3081, 7.0227]
62   	2331.92     	0.001   	1.0000  	[27.1, 21.7, 21.7, 21.7]	[hover, front, hover, front]	[12.4150, 4.5757, 31.2818, 5.7295]
63   	2307.95     	0.001   	1.0000  	[27.1, 21.7, 21.7, 21.7]	[hover, front, hover, front]	[11.6777, 3.9672, 26.9568, 4.3985]
64   	2275.13     	0.001   	1.0000  	[27.1, 21.7, 21.7, 21.7]	[hover, front, hover, front]	[10.6506, 4.4021, 24.1918, 4.6695]
65   	2192.12     	0.000   	1.0000  	[27.1, 21.7, 21.7, 21.7]	[hover, front, hover, front]	[9.8884, 3.9275, 20.4783, 5.2813]
66   	2162.83     	0.000   	1.0000  	[27.1, 21.7, 21.7, 21.7]	[hover, front, hover, front]	[9.2876, 3.9731, 17.4067, 4.7924]
67   	2135.99     	0.000   	1.0000  	[27.1, 21.7, 21.7, 21.7]	[hover, front, hover, front]	[8.5366, 4.3012, 14.3214, 5.4918]
68   	2045.12     	0.000   	1.0000  	[27.1, 21.7, 21.7, 21.7]	[hover, front, hover, front]	[7.9655, 5.2141, 11.5120, 7.1210]
69   	2017.23     	0.000   	1.0000  	[27.1, 21.7, 21.7, 21.7]	[hover, front, hover, front]	[7.6124, 7.2237, 9.1484, 9.5316]
70   	1994.19     	0.000   	1.0000  	[27.1, 21.7, 21.7, 21.7]	[hover, front, hover, hover]	[7.0368, 6.4455, 6.6343, 6.8256]
71   	1978.83     	0.000   	1.0000  	[27.1, 21.7, 21.7, 21.7]	[hover, left, hover, hover]	[6.2980, 5.1585, 4.9191, 5.0911]
72   	1965.54     	0.000   	1.0000  	[27.1, 21.7, 21.7, 21.7]	[hover, hover, hover, hover]	[6.1476, 3.6200, 3.2476, 3.3298]
73   	1956.19     	0.000   	1.0000  	[27.1, 21.7, 21.7, 21.7]	[hover, hover, left, left]	[5.9663, 2.5110, 2.3427, 2.3001]
74   	1944.80     	0.000   	1.0000  	[27.1, 21.7, 21.7, 21.7]	[hover, hover, hover, left]	[5.5939, 2.0963, 1.9933, 2.0667]
75   	1936.16     	0.000   	1.0000  	[27.1, 21.7, 21.7, 21.7]	[hover, hover, right, left]	[4.8223, 1.3472, 1.3299, 1.0823]
76   	1927.37     	0.000   	1.0000  	[27.1, 21.7, 21.7, 21.7]	[hover, hover, hover, left]	[4.4718, 0.8958, 0.8847, 1.1475]
77   	1919.52     	0.000   	1.0000  	[27.1, 21.7, 21.7, 21.7]	[hover, right, hover, left]	[3.9991, 0.6112, 0.6121, 1.2500]
78   	1917.64     	0.000   	1.0000  	[27.1, 21.7, 21.7, 21.7]	[hover, hover, hover, left]	[3.5428, 0.4983, 0.4984, 1.7628]
79   	1913.56     	0.000   	1.0000  	[27.1, 21.7, 21.7, 21.7]	[hover, left, up, left]	[3.5616, 0.3120, 0.3154, 3.1365]
80   	1908.67     	0.000   	1.0000  	[27.1, 21.7, 27.1, 21.7]	[hover, right, back, left]	[3.2802, 0.3484, 0.4021, 5.9708]
81   	1897.78     	0.000   	1.0000  	[27.1, 21.7, 27.1, 21.7]	[hover, back, left, hover]	[2.7818, 0.2233, 0.3467, 5.0565]
82   	1892.94     	0.000   	1.0000  	[27.1, 21.7, 27.1, 21.7]	[left, back, back, hover]	[2.0087, 0.2322, 0.2274, 3.5814]
83   	1888.37     	0.000   	1.0000  	[27.1, 21.7, 27.1, 21.7]	[down, back, back, hover]	[2.1636, 0.2705, 0.3290, 2.6333]
84   	1889.09     	0.000   	1.0000  	[21.7, 21.7, 27.1, 21.7]	[front, back, back, hover]	[1.9392, 0.4936, 0.4199, 2.0305]
85   	1887.85     	0.000   	1.0000  	[21.7, 21.7, 27.1, 21.7]	[hover, back, back, hover]	[1.8242, 0.4871, 0.6185, 1.9644]
86   	1886.40     	0.000   	1.0000  	[21.7, 21.7, 27.1, 21.7]	[hover, back, back, hover]	[1.3486, 0.4997, 0.6225, 1.4407]
87   	1885.16     	0.000   	1.0000  	[21.7, 21.7, 27.1, 21.7]	[back, back, back, hover]	[0.9953, 0.6763, 1.1318, 1.1217]
88   	1884.26     	0.000   	1.0000  	[21.7, 21.7, 27.1, 21.7]	[hover, back, back, hover]	[1.1337, 0.9588, 1.2785, 1.2004]
89   	1883.41     	0.000   	1.0000  	[21.7, 21.7, 27.1, 21.7]	[front, back, hover, hover]	[0.8438, 1.7402, 1.1463, 0.9508]
90   	1882.38     	0.000   	1.0000  	[21.7, 21.7, 27.1, 21.7]	[back, hover, hover, hover]	[0.7443, 1.3252, 0.9313, 0.8267]
91   	1881.51     	0.000   	1.0000  	[21.7, 21.7, 27.1, 21.7]	[hover, hover, hover, hover]	[0.6047, 0.9471, 0.7200, 0.6447]
92   	1881.20     	0.000   	1.0000  	[21.7, 21.7, 27.1, 21.7]	[hover, hover, hover, hover]	[0.4671, 0.8658, 0.6421, 0.5290]
93   	1880.32     	0.000   	1.0000  	[21.7, 21.7, 27.1, 21.7]	[hover, hover, hover, hover]	[0.2950, 0.5926, 0.5510, 0.3339]
94   	1879.76     	0.000   	1.0000  	[21.7, 21.7, 27.1, 21.7]	[left, left, hover, hover]	[0.1269, 0.5732, 0.5011, 0.1431]
95   	1879.35     	0.000   	1.0000  	[21.7, 21.7, 27.1, 21.7]	[hover, left, hover, hover]	[0.0741, 0.4031, 0.3921, 0.0935]
96   	1878.89     	0.000   	1.0000  	[21.7, 21.7, 27.1, 21.7]	[hover, left, hover, hover]	[0.0697, 0.3770, 0.2893, 0.0827]
97   	1878.89     	0.000   	1.0000  	[21.7, 21.7, 27.1, 21.7]	[hover, left, back, hover]	[0.0603, 0.3428, 0.2279, 0.0672]
98   	1879.13     	0.000   	1.0000  	[21.7, 21.7, 27.1, 21.7]	[left, down, down, left]	[0.1396, 0.3398, 0.2176, 0.1470]
99   	1879.36     	0.000   	1.0000  	[21.7, 16.2, 21.7, 21.7]	[hover, back, left, left]	[0.1270, 0.4827, 0.2879, 0.1406]
[2025-12-18T15:11:38]
Strategy: greedy_ig
Pairwise: equal
News mode: IG_BM
Num agents: 4
Iteration: 6
Error margin: None
Gaussian radius 5 
Grid info: range: 0-50-50, cell_size:0.125, map shape: (400, 400), center:True
init UAV positions: [(-25.0, -15.0, 5.4), (-15.0, 15.0, 5.4), (20.0, -10.0, 5.4), (0.0, 20.0, 5.4)]
mcts_params: {}
Step	Entropy	MSE	Coverage	Heights	Actions	IGs
------------------------------------------------------------------------------------------------------------------------
0    	160000.00   	0.250   	0.0000  	[5.4, 5.4, 5.4, 5.4]	[-, -, -, -]	[-, -, -, -]
1    	157972.71   	0.240   	0.0547  	[5.4, 5.4, 5.4, 5.4]	[up, up, up, up]	[1952.2791, 3904.5582, 3514.1024, 3514.1024]
2    	156188.12   	0.231   	0.2062  	[10.8, 10.8, 10.8, 10.8]	[up, up, up, up]	[2191.4824, 4333.1633, 3204.0331, 3154.2317]
3    	154672.31   	0.224   	0.4059  	[16.2, 16.2, 16.2, 16.2]	[right, back, left, back]	[2510.5615, 3331.1918, 3264.0276, 3042.7215]
4    	147422.75   	0.206   	0.4950  	[16.2, 16.2, 16.2, 16.2]	[right, back, up, back]	[2762.3855, 3005.2324, 3215.1889, 2845.6743]
5    	144678.73   	0.196   	0.6356  	[16.2, 16.2, 21.7, 16.2]	[right, back, left, up]	[2961.5991, 2864.4619, 3415.0666, 2854.7827]
6    	122345.50   	0.154   	0.7573  	[16.2, 16.2, 21.7, 21.7]	[right, back, left, right]	[2888.6619, 2619.2831, 3428.1850, 2823.3748]
7    	94896.91    	0.122   	0.8527  	[16.2, 16.2, 21.7, 21.7]	[right, right, left, right]	[2779.6403, 2213.8858, 3237.0951, 2878.5966]
8    	89673.88    	0.111   	0.9019  	[16.2, 16.2, 21.7, 21.7]	[right, right, back, right]	[2399.1561, 1824.6201, 2744.1000, 2910.0551]
9    	85286.49    	0.102   	0.9513  	[16.2, 16.2, 21.7, 21.7]	[right, right, left, right]	[1943.0441, 1515.7296, 2179.2474, 2972.7842]
10   	75467.05    	0.088   	0.9802  	[16.2, 16.2, 21.7, 21.7]	[right, right, right, back]	[1488.3376, 1268.0727, 1657.9621, 2609.5285]
11   	70930.72    	0.081   	0.9802  	[16.2, 16.2, 21.7, 21.7]	[right, right, right, hover]	[1121.7499, 1036.4114, 1389.2248, 2139.6443]
12   	68167.92    	0.076   	0.9833  	[16.2, 16.2, 21.7, 21.7]	[up, right, right, front]	[862.3241, 891.3418, 1138.8965, 1791.1725]
13   	38351.37    	0.050   	0.9855  	[21.7, 16.2, 21.7, 21.7]	[front, up, hover, back]	[738.0680, 777.6811, 912.9641, 1503.5600]
14   	36592.56    	0.047   	0.9855  	[21.7, 21.7, 21.7, 21.7]	[left, right, hover, front]	[613.2011, 704.8028, 738.7141, 1282.5960]
15   	35053.43    	0.044   	0.9855  	[21.7, 21.7, 21.7, 21.7]	[left, right, hover, hover]	[597.9062, 661.9264, 606.0568, 1059.0780]
16   	33562.08    	0.041   	0.9855  	[21.7, 21.7, 21.7, 21.7]	[left, right, hover, hover]	[629.8539, 606.2908, 508.9787, 870.7619]
17   	32617.86    	0.039   	0.9855  	[21.7, 21.7, 21.7, 21.7]	[left, front, hover, hover]	[692.6743, 547.8759, 426.9281, 713.8444]
18   	32017.29    	0.038   	0.9855  	[21.7, 21.7, 21.7, 21.7]	[left, front, hover, hover]	[816.7456, 503.4007, 363.8027, 574.6851]
19   	31737.95    	0.037   	0.9870  	[21.7, 21.7, 21.7, 21.7]	[front, front, hover, hover]	[772.9591, 473.1094, 314.7676, 456.6006]
20   	31530.13    	0.036   	0.9878  	[21.7, 21.7, 21.7, 21.7]	[front, hover, hover, hover]	[718.0763, 368.3396, 277.2140, 353.6078]
21   	28277.74    	0.032   	0.9886  	[21.7, 21.7, 21.7, 21.7]	[front, left, front, left]	[664.7024, 298.4461, 241.4675, 287.3858]
22   	21758.69    	0.026   	0.9894  	[21.7, 21.7, 21.7, 21.7]	[front, left, back, left]	[637.1780, 265.8433, 221.8495, 262.0924]
23   	21155.54    	0.025   	0.9902  	[21.7, 21.7, 21.7, 21.7]	[front, left, left, left]	[646.7404, 236.9387, 203.0250, 247.6954]
24   	20496.76    	0.023   	0.9909  	[21.7, 21.7, 21.7, 21.7]	[front, left, left, left]	[689.0362, 270.0531, 181.4563, 309.1113]
25   	19758.15    	0.022   	0.9917  	[21.7, 21.7, 21.7, 21.7]	[front, left, left, left]	[752.0864, 323.7491, 194.2715, 379.8936]
26   	18988.70    	0.020   	0.9933  	[21.7, 21.7, 21.7, 21.7]	[front, left, left, left]	[820.4064, 347.9980, 236.3004, 413.0531]
27   	18306.74    	0.019   	0.9966  	[21.7, 21.7, 21.7, 21.7]	[hover, left, left, left]	[626.8020, 350.8737, 303.4518, 418.5873]
28   	17673.09    	0.018   	0.9973  	[21.7, 21.7, 21.7, 21.7]	[hover, left, left, left]	[459.8625, 368.2639, 375.2394, 451.8570]
29   	17216.58    	0.017   	0.9981  	[21.7, 21.7, 21.7, 21.7]	[hover, left, left, hover]	[310.4252, 281.0617, 463.9117, 304.3856]
30   	16850.60    	0.016   	0.9989  	[21.7, 21.7, 21.7, 21.7]	[hover, front, left, hover]	[216.4541, 202.8443, 601.0275, 211.6073]
31   	16539.70    	0.015   	0.9997  	[21.7, 21.7, 21.7, 21.7]	[hover, down, left, hover]	[151.8400, 162.6850, 609.7422, 147.4765]
32   	9117.12     	0.009   	1.0000  	[21.7, 16.2, 21.7, 21.7]	[back, left, front, back]	[114.6414, 121.3322, 575.8175, 110.4163]
33   	8708.65     	0.008   	1.0000  	[21.7, 16.2, 21.7, 21.7]	[back, front, back, back]	[96.6734, 94.4188, 289.4783, 90.9926]
34   	8369.78     	0.008   	1.0000  	[21.7, 16.2, 21.7, 21.7]	[back, hover, hover, back]	[79.1213, 68.7717, 243.1317, 77.1634]
35   	8069.69     	0.007   	1.0000  	[21.7, 16.2, 21.7, 21.7]	[back, hover, hover, back]	[69.6400, 50.2508, 203.0229, 66.3190]
36   	7798.86     	0.007   	1.0000  	[21.7, 16.2, 21.7, 21.7]	[back, down, hover, back]	[67.4533, 38.6268, 169.9098, 64.2584]
37   	7672.88     	0.007   	1.0000  	[21.7, 10.8, 21.7, 21.7]	[back, front, hover, back]	[65.2530, 34.6408, 138.3123, 62.0240]
38   	7577.81     	0.007   	1.0000  	[21.7, 10.8, 21.7, 21.7]	[back, left, hover, back]	[60.9313, 28.7576, 110.6859, 58.0983]
39   	7491.95     	0.006   	1.0000  	[21.7, 10.8, 21.7, 21.7]	[back, hover, hover, back]	[67.4625, 21.0186, 87.1283, 62.7148]
40   	7413.10     	0.006   	1.0000  	[21.7, 10.8, 21.7, 21.7]	[back, right, right, back]	[69.7585, 13.9716, 67.9270, 69.9809]
41   	7355.25     	0.006   	1.0000  	[21.7, 10.8, 21.7, 21.7]	[hover, up, hover, hover]	[48.5520, 11.2244, 48.0271, 48.6569]
42   	7311.18     	0.006   	1.0000  	[21.7, 16.2, 21.7, 21.7]	[hover, right, hover, hover]	[33.3487, 10.7348, 33.7257, 33.5677]
43   	7280.18     	0.006   	1.0000  	[21.7, 16.2, 21.7, 21.7]	[hover, back, right, hover]	[22.7913, 9.6187, 23.4718, 22.8884]
44   	7259.78     	0.006   	1.0000  	[21.7, 16.2, 21.7, 21.7]	[right, up, right, right]	[16.4844, 9.1866, 22.9840, 16.5372]
45   	7238.74     	0.006   	1.0000  	[21.7, 21.7, 21.7, 21.7]	[right, back, right, right]	[15.2835, 10.4743, 26.3994, 15.4554]
46   	7215.44     	0.006   	1.0000  	[21.7, 21.7, 21.7, 21.7]	[right, back, right, right]	[17.0731, 12.2713, 31.2841, 17.2301]
47   	7168.04     	0.006   	1.0000  	[21.7, 21.7, 21.7, 21.7]	[right, back, right, right]	[19.9891, 24.7537, 41.6207, 20.2588]
48   	7100.31     	0.005   	1.0000  	[21.7, 21.7, 21.7, 21.7]	[right, back, right, right]	[24.5553, 42.4070, 54.9251, 24.9581]
49   	7012.37     	0.005   	1.0000  	[21.7, 21.7, 21.7, 21.7]	[right, back, right, right]	[32.4799, 57.1555, 80.5998, 33.0751]
50   	6878.91     	0.005   	1.0000  	[21.7, 21.7, 21.7, 21.7]	[right, back, right, right]	[50.7770, 78.5155, 102.8087, 51.7533]
51   	6711.79     	0.005   	1.0000  	[21.7, 21.7, 21.7, 21.7]	[right, back, front, right]	[75.8898, 117.3315, 89.0360, 77.6145]
52   	6559.63     	0.005   	1.0000  	[21.7, 21.7, 21.7, 21.7]	[front, back, front, front]	[65.3193, 157.9265, 75.4486, 69.5921]
53   	6377.93     	0.004   	1.0000  	[21.7, 21.7, 21.7, 21.7]	[front, back, front, front]	[50.0663, 211.6992, 71.0518, 52.2639]
54   	6115.65     	0.004   	1.0000  	[21.7, 21.7, 21.7, 21.7]	[front, back, front, front]	[43.9803, 353.1393, 70.3255, 46.3610]
55   	5886.48     	0.004   	1.0000  	[21.7, 21.7, 21.7, 21.7]	[front, right, front, front]	[40.4098, 316.3818, 69.8713, 43.3439]
56   	5686.51     	0.004   	1.0000  	[21.7, 21.7, 21.7, 21.7]	[front, hover, front, front]	[38.7668, 274.9576, 78.2120, 41.0719]
57   	5482.89     	0.003   	1.0000  	[21.7, 21.7, 21.7, 21.7]	[front, hover, front, front]	[43.9236, 241.1416, 90.9855, 48.4704]
58   	5285.40     	0.003   	1.0000  	[21.7, 21.7, 21.7, 21.7]	[front, hover, front, front]	[48.4218, 210.3840, 107.8048, 53.6389]
59   	5110.37     	0.003   	1.0000  	[21.7, 21.7, 21.7, 21.7]	[front, hover, front, front]	[54.4173, 182.8761, 98.2940, 59.0474]
60   	4931.57     	0.003   	1.0000  	[21.7, 21.7, 21.7, 21.7]	[front, left, down, front]	[67.3488, 162.6974, 80.1284, 66.5953]
61   	4804.06     	0.003   	1.0000  	[21.7, 21.7, 16.2, 21.7]	[hover, right, front, hover]	[46.0014, 143.0053, 62.9438, 45.3600]
62   	4705.11     	0.002   	1.0000  	[21.7, 21.7, 16.2, 21.7]	[hover, hover, right, hover]	[29.7735, 124.7111, 49.3337, 29.2805]
63   	4622.29     	0.002   	1.0000  	[21.7, 21.7, 16.2, 21.7]	[hover, left, hover, hover]	[20.1209, 111.2732, 31.3328, 19.5604]
64   	4552.46     	0.002   	1.0000  	[21.7, 21.7, 16.2, 21.7]	[hover, right, hover, hover]	[13.7132, 95.6691, 20.7888, 13.3613]
65   	4506.30     	0.002   	1.0000  	[21.7, 21.7, 16.2, 21.7]	[hover, right, hover, hover]	[8.6707, 85.0833, 11.9099, 8.1669]
66   	4455.14     	0.002   	1.0000  	[21.7, 21.7, 16.2, 21.7]	[hover, right, hover, hover]	[6.4836, 80.3237, 8.1163, 6.0758]
67   	4413.95     	0.002   	1.0000  	[21.7, 21.7, 16.2, 21.7]	[left, right, hover, left]	[4.3850, 77.7352, 3.9832, 4.2592]
68   	4372.33     	0.002   	1.0000  	[21.7, 21.7, 16.2, 21.7]	[left, right, hover, left]	[4.0049, 80.0022, 3.1676, 3.8206]
69   	4319.11     	0.002   	1.0000  	[21.7, 21.7, 16.2, 21.7]	[left, right, hover, left]	[4.8460, 92.3956, 2.9574, 4.8205]
70   	4249.03     	0.002   	1.0000  	[21.7, 21.7, 16.2, 21.7]	[left, right, hover, left]	[5.7779, 113.5118, 2.1540, 5.7652]
71   	4167.87     	0.002   	1.0000  	[21.7, 21.7, 16.2, 21.7]	[left, right, back, left]	[6.6712, 143.3973, 1.3393, 6.6534]
72   	4053.97     	0.002   	1.0000  	[21.7, 21.7, 16.2, 21.7]	[left, right, up, left]	[10.0896, 174.2088, 1.0539, 10.0629]
73   	3983.73     	0.002   	1.0000  	[21.7, 21.7, 21.7, 21.7]	[left, hover, back, left]	[12.5122, 153.7074, 2.2125, 12.2380]
74   	3925.81     	0.002   	1.0000  	[21.7, 21.7, 21.7, 21.7]	[left, hover, left, left]	[19.3204, 134.6448, 1.6607, 18.9227]
75   	3706.23     	0.002   	1.0000  	[21.7, 21.7, 21.7, 21.7]	[hover, hover, left, hover]	[14.4110, 121.3181, 2.0954, 14.0427]
76   	3617.01     	0.002   	1.0000  	[21.7, 21.7, 21.7, 21.7]	[hover, hover, left, hover]	[12.3941, 105.3634, 2.0289, 12.0438]
77   	3540.27     	0.001   	1.0000  	[21.7, 21.7, 21.7, 21.7]	[hover, hover, left, hover]	[9.6821, 93.0151, 2.1640, 9.4076]
78   	2345.90     	0.001   	1.0000  	[21.7, 21.7, 21.7, 21.7]	[hover, front, left, hover]	[7.1405, 85.8712, 2.7103, 6.8941]
79   	2329.14     	0.000   	1.0000  	[21.7, 21.7, 21.7, 21.7]	[hover, back, front, hover]	[5.0554, 30.9316, 0.8693, 4.7999]
80   	2321.71     	0.000   	1.0000  	[21.7, 21.7, 21.7, 21.7]	[back, hover, hover, back]	[3.6255, 27.0101, 0.4939, 3.6358]
81   	2308.13     	0.000   	1.0000  	[21.7, 21.7, 21.7, 21.7]	[back, hover, hover, back]	[3.8139, 24.2398, 0.4631, 3.8261]
82   	2299.44     	0.000   	1.0000  	[21.7, 21.7, 21.7, 21.7]	[back, hover, left, back]	[2.6989, 21.4787, 0.2373, 2.6978]
83   	2288.53     	0.000   	1.0000  	[21.7, 21.7, 21.7, 21.7]	[back, hover, left, front]	[2.3914, 18.6865, 0.5019, 2.3430]
84   	2282.27     	0.000   	1.0000  	[21.7, 21.7, 21.7, 21.7]	[back, hover, hover, front]	[2.2301, 15.9863, 0.2700, 1.6505]
85   	2276.94     	0.000   	1.0000  	[21.7, 21.7, 21.7, 21.7]	[back, front, hover, front]	[3.0899, 15.0208, 0.2646, 2.0993]
86   	2270.27     	0.000   	1.0000  	[21.7, 21.7, 21.7, 21.7]	[back, front, left, hover]	[4.0065, 15.7414, 0.1333, 2.1540]
87   	2262.71     	0.000   	1.0000  	[21.7, 21.7, 21.7, 21.7]	[back, front, left, hover]	[6.3513, 16.4370, 0.1651, 1.8434]
88   	2254.62     	0.000   	1.0000  	[21.7, 21.7, 21.7, 21.7]	[back, hover, left, hover]	[7.1001, 15.3529, 0.4443, 1.4999]
89   	2247.28     	0.000   	1.0000  	[21.7, 21.7, 21.7, 21.7]	[hover, hover, back, hover]	[5.7591, 13.9515, 0.4507, 1.1908]
90   	2236.90     	0.000   	1.0000  	[21.7, 21.7, 21.7, 21.7]	[hover, hover, back, back]	[5.4340, 12.2535, 0.2526, 0.8502]
91   	2216.29     	0.000   	1.0000  	[21.7, 21.7, 21.7, 21.7]	[hover, hover, back, back]	[5.0767, 10.8377, 0.2869, 0.9203]
92   	2210.83     	0.000   	1.0000  	[21.7, 21.7, 21.7, 21.7]	[hover, hover, back, hover]	[4.4705, 8.8620, 0.3108, 0.6669]
93   	2201.26     	0.000   	1.0000  	[21.7, 21.7, 21.7, 21.7]	[hover, hover, back, hover]	[3.9946, 8.3427, 0.2648, 0.6165]
94   	2195.53     	0.000   	1.0000  	[21.7, 21.7, 21.7, 21.7]	[hover, hover, back, hover]	[2.9872, 7.1140, 0.1620, 0.6549]
95   	2191.95     	0.000   	1.0000  	[21.7, 21.7, 21.7, 21.7]	[hover, back, back, hover]	[2.7204, 6.0450, 0.2614, 0.4788]
96   	2190.01     	0.000   	1.0000  	[21.7, 21.7, 21.7, 21.7]	[hover, back, back, hover]	[2.4442, 6.5553, 0.6915, 0.3090]
97   	2189.09     	0.000   	1.0000  	[21.7, 21.7, 21.7, 21.7]	[hover, back, back, hover]	[2.2891, 10.3144, 1.0094, 0.2814]
98   	2184.81     	0.000   	1.0000  	[21.7, 21.7, 21.7, 21.7]	[hover, hover, hover, hover]	[2.1576, 9.6341, 1.1287, 0.1509]
99   	2179.50     	0.000   	1.0000  	[21.7, 21.7, 21.7, 21.7]	[hover, hover, hover, hover]	[1.7197, 9.2058, 0.9945, 0.2002]
[2025-12-18T15:11:50]
Strategy: greedy_ig
Pairwise: equal
News mode: IG_BM
Num agents: 4
Iteration: 7
Error margin: None
Gaussian radius 5 
Grid info: range: 0-50-50, cell_size:0.125, map shape: (400, 400), center:True
init UAV positions: [(-25.0, -15.0, 5.4), (0.0, 15.0, 5.4), (0.0, -15.0, 5.4), (15.0, 15.0, 5.4)]
mcts_params: {}
Step	Entropy	MSE	Coverage	Heights	Actions	IGs
------------------------------------------------------------------------------------------------------------------------
0    	160000.00   	0.250   	0.0000  	[5.4, 5.4, 5.4, 5.4]	[-, -, -, -]	[-, -, -, -]
1    	156838.58   	0.236   	0.0547  	[5.4, 5.4, 5.4, 5.4]	[up, up, up, up]	[1952.2791, 3904.5582, 3904.5582, 3904.5582]
2    	153703.93   	0.223   	0.2188  	[10.8, 10.8, 10.8, 10.8]	[up, up, up, up]	[2191.4824, 4324.3748, 4382.9647, 4324.3748]
3    	151017.74   	0.212   	0.4641  	[16.2, 16.2, 16.2, 16.2]	[right, up, up, back]	[2513.5942, 3486.6737, 3888.5286, 3279.8202]
4    	139078.03   	0.187   	0.6477  	[16.2, 21.7, 21.7, 16.2]	[right, back, front, back]	[2586.9022, 3399.1430, 3847.0722, 2926.1009]
5    	120968.69   	0.160   	0.7125  	[16.2, 21.7, 21.7, 16.2]	[right, left, right, back]	[2331.7296, 3207.1165, 3416.7849, 2761.3947]
6    	116803.29   	0.149   	0.7844  	[16.2, 21.7, 21.7, 16.2]	[front, left, right, back]	[2226.3371, 3223.4135, 3119.4725, 2463.4814]
7    	99692.36    	0.125   	0.8641  	[16.2, 21.7, 21.7, 16.2]	[front, left, right, back]	[2314.0088, 3233.1556, 2913.1699, 2252.6837]
8    	97663.88    	0.117   	0.9313  	[16.2, 21.7, 21.7, 16.2]	[front, left, right, back]	[2110.9920, 3210.1768, 2697.3140, 1960.6167]
9    	96082.59    	0.112   	0.9816  	[16.2, 21.7, 21.7, 16.2]	[front, back, hover, back]	[1889.5024, 2617.7250, 2091.8569, 1647.5927]
10   	94811.86    	0.107   	0.9816  	[16.2, 21.7, 21.7, 16.2]	[front, front, back, back]	[1619.8093, 2154.0741, 1619.8332, 1385.1544]
11   	93834.84    	0.103   	0.9847  	[16.2, 21.7, 21.7, 16.2]	[front, hover, front, back]	[1391.9813, 1720.7009, 1246.9278, 1204.6649]
12   	92974.19    	0.100   	0.9847  	[16.2, 21.7, 21.7, 16.2]	[front, front, front, back]	[1134.6129, 1392.4129, 968.1068, 1057.1019]
13   	92301.65    	0.098   	0.9886  	[16.2, 21.7, 21.7, 16.2]	[front, hover, left, right]	[943.4439, 1086.4077, 860.8244, 751.3636]
14   	91638.80    	0.096   	0.9886  	[16.2, 21.7, 21.7, 16.2]	[front, right, left, left]	[830.8996, 880.8060, 920.0772, 563.3624]
15   	90829.01    	0.093   	0.9886  	[16.2, 21.7, 21.7, 16.2]	[front, right, left, left]	[787.1267, 790.3025, 1004.4696, 430.8737]
16   	76248.87    	0.075   	0.9886  	[16.2, 21.7, 21.7, 16.2]	[hover, back, left, up]	[569.5301, 722.2416, 1123.9565, 375.4797]
17   	74494.78    	0.072   	0.9886  	[16.2, 21.7, 21.7, 21.7]	[hover, right, left, left]	[420.9130, 616.9068, 1027.6205, 378.1515]
18   	72327.60    	0.070   	0.9886  	[16.2, 21.7, 21.7, 21.7]	[hover, right, left, left]	[319.5636, 647.9924, 1092.0026, 421.5807]
19   	69609.97    	0.066   	0.9886  	[16.2, 21.7, 21.7, 21.7]	[hover, right, left, left]	[243.0185, 743.3828, 1109.7411, 518.5475]
20   	66818.20    	0.063   	0.9886  	[16.2, 21.7, 21.7, 21.7]	[hover, right, left, left]	[197.8498, 848.8905, 1144.7432, 684.9898]
21   	65214.67    	0.061   	0.9888  	[16.2, 21.7, 21.7, 21.7]	[hover, right, back, left]	[158.9061, 928.1757, 1071.5713, 903.0572]
22   	63790.29    	0.059   	0.9895  	[16.2, 21.7, 21.7, 21.7]	[right, right, hover, left]	[137.6610, 1143.1132, 890.0691, 1020.9815]
23   	62547.72    	0.057   	0.9955  	[16.2, 21.7, 21.7, 21.7]	[up, front, hover, left]	[154.4834, 1023.1592, 727.4309, 1099.2601]
24   	47718.45    	0.043   	0.9994  	[21.7, 21.7, 21.7, 21.7]	[back, hover, front, left]	[191.3446, 882.9729, 594.1263, 1071.2511]
25   	42708.21    	0.038   	1.0000  	[21.7, 21.7, 21.7, 21.7]	[right, back, back, front]	[191.0003, 757.4962, 281.9958, 1003.6296]
26   	23875.77    	0.023   	1.0000  	[21.7, 21.7, 21.7, 21.7]	[right, front, back, front]	[173.0435, 666.2373, 246.3852, 818.8146]
27   	23218.28    	0.022   	1.0000  	[21.7, 21.7, 21.7, 21.7]	[right, back, hover, front]	[171.5821, 573.2788, 200.0637, 227.3623]
28   	22643.07    	0.021   	1.0000  	[21.7, 21.7, 21.7, 21.7]	[right, front, hover, front]	[180.0153, 492.0165, 164.6176, 221.5997]
29   	22025.28    	0.020   	1.0000  	[21.7, 21.7, 21.7, 21.7]	[right, back, hover, right]	[199.2238, 427.7920, 139.7229, 214.2119]
30   	13179.04    	0.012   	1.0000  	[21.7, 21.7, 21.7, 21.7]	[right, back, hover, right]	[212.6921, 386.7084, 117.7027, 209.1902]
31   	12831.58    	0.011   	1.0000  	[21.7, 21.7, 21.7, 21.7]	[right, front, hover, front]	[221.9557, 271.3475, 101.1821, 72.4458]
32   	12478.15    	0.011   	1.0000  	[21.7, 21.7, 21.7, 21.7]	[right, front, hover, front]	[255.8995, 242.1128, 89.0553, 63.2004]
33   	12180.92    	0.010   	1.0000  	[21.7, 21.7, 21.7, 21.7]	[hover, hover, right, front]	[197.4060, 185.1096, 77.9781, 53.0533]
34   	11965.82    	0.010   	1.0000  	[21.7, 21.7, 21.7, 21.7]	[hover, hover, right, left]	[152.9547, 141.9909, 72.0779, 49.2100]
35   	11891.47    	0.010   	1.0000  	[21.7, 21.7, 21.7, 21.7]	[hover, back, right, left]	[118.3968, 108.9866, 65.5740, 55.9242]
36   	11847.11    	0.010   	1.0000  	[21.7, 21.7, 21.7, 21.7]	[back, back, right, front]	[99.3529, 106.4346, 66.1163, 56.0982]
37   	5654.76     	0.005   	1.0000  	[21.7, 21.7, 21.7, 21.7]	[back, back, right, front]	[98.9272, 105.3831, 74.1727, 55.5516]
38   	5522.52     	0.004   	1.0000  	[21.7, 21.7, 21.7, 21.7]	[back, back, right, front]	[88.3755, 91.1952, 86.8827, 52.9203]
39   	5397.10     	0.004   	1.0000  	[21.7, 21.7, 21.7, 21.7]	[back, back, right, hover]	[77.0769, 82.6897, 106.0048, 47.3007]
40   	5244.45     	0.004   	1.0000  	[21.7, 21.7, 21.7, 21.7]	[back, back, right, hover]	[75.8422, 82.9959, 170.7083, 40.2546]
41   	5104.86     	0.004   	1.0000  	[21.7, 21.7, 21.7, 21.7]	[back, back, hover, hover]	[68.0543, 76.0764, 138.4321, 34.9725]
42   	4997.81     	0.003   	1.0000  	[21.7, 21.7, 21.7, 21.7]	[back, back, hover, back]	[65.4151, 78.5732, 108.4608, 31.6380]
43   	4886.02     	0.003   	1.0000  	[21.7, 21.7, 21.7, 21.7]	[back, back, hover, back]	[77.5300, 89.2842, 84.3109, 30.9138]
44   	4802.86     	0.003   	1.0000  	[21.7, 21.7, 21.7, 21.7]	[hover, hover, hover, hover]	[52.9159, 62.2876, 58.5876, 27.5362]
45   	4753.05     	0.003   	1.0000  	[21.7, 21.7, 21.7, 21.7]	[hover, hover, hover, hover]	[35.9614, 42.3301, 39.5661, 24.7197]
46   	4714.49     	0.003   	1.0000  	[21.7, 21.7, 21.7, 21.7]	[hover, hover, hover, front]	[25.3641, 30.8850, 28.5817, 22.5171]
47   	4688.81     	0.003   	1.0000  	[21.7, 21.7, 21.7, 21.7]	[hover, hover, hover, front]	[17.9743, 22.1201, 19.7234, 21.1996]
48   	4670.41     	0.003   	1.0000  	[21.7, 21.7, 21.7, 21.7]	[hover, hover, hover, hover]	[12.9025, 16.0999, 14.4017, 18.0270]
49   	4658.16     	0.003   	1.0000  	[21.7, 21.7, 21.7, 21.7]	[up, hover, hover, right]	[9.7497, 11.9760, 10.6944, 15.8982]
50   	4645.33     	0.003   	1.0000  	[27.1, 21.7, 21.7, 21.7]	[left, hover, hover, right]	[11.6665, 8.9004, 7.6983, 16.6064]
51   	4631.70     	0.003   	1.0000  	[27.1, 21.7, 21.7, 21.7]	[left, left, hover, right]	[10.8761, 7.4913, 5.7965, 19.8728]
52   	4611.69     	0.003   	1.0000  	[27.1, 21.7, 21.7, 21.7]	[left, left, hover, right]	[11.8352, 10.3889, 4.7293, 24.7259]
53   	4586.61     	0.003   	1.0000  	[27.1, 21.7, 21.7, 21.7]	[left, left, front, right]	[14.5983, 10.9463, 3.6417, 34.7566]
54   	4559.82     	0.003   	1.0000  	[27.1, 21.7, 21.7, 21.7]	[left, left, up, right]	[18.5195, 12.5305, 4.2001, 45.5708]
55   	4518.46     	0.003   	1.0000  	[27.1, 21.7, 27.1, 21.7]	[left, left, left, right]	[23.7918, 18.0518, 5.2533, 58.3615]
56   	3519.43     	0.002   	1.0000  	[27.1, 21.7, 27.1, 21.7]	[left, left, front, right]	[32.7323, 22.1969, 5.3282, 76.1123]
57   	3441.79     	0.002   	1.0000  	[27.1, 21.7, 27.1, 21.7]	[hover, left, front, right]	[28.7658, 26.8491, 3.9262, 78.8920]
58   	3354.45     	0.002   	1.0000  	[27.1, 21.7, 27.1, 21.7]	[front, left, front, down]	[25.7325, 36.9724, 4.1375, 72.5161]
59   	3293.68     	0.001   	1.0000  	[27.1, 21.7, 27.1, 16.2]	[hover, hover, front, right]	[21.4928, 28.9399, 5.0271, 71.0535]
60   	3243.13     	0.001   	1.0000  	[27.1, 21.7, 27.1, 16.2]	[hover, hover, front, front]	[18.5942, 23.7453, 5.5460, 63.8574]
61   	3203.52     	0.001   	1.0000  	[27.1, 21.7, 27.1, 16.2]	[hover, hover, front, hover]	[16.4235, 20.0525, 7.8072, 50.7179]
62   	3171.33     	0.001   	1.0000  	[27.1, 21.7, 27.1, 16.2]	[hover, hover, front, hover]	[14.9604, 17.3205, 12.5004, 39.5313]
63   	3134.47     	0.001   	1.0000  	[27.1, 21.7, 27.1, 16.2]	[hover, hover, hover, down]	[13.2428, 14.8934, 10.0972, 28.6693]
64   	3068.85     	0.001   	1.0000  	[27.1, 21.7, 27.1, 10.8]	[front, hover, hover, front]	[12.2205, 12.6094, 7.9763, 21.2404]
65   	3033.61     	0.001   	1.0000  	[27.1, 21.7, 27.1, 10.8]	[front, hover, hover, right]	[13.2379, 10.6808, 6.6897, 14.3090]
66   	3004.39     	0.001   	1.0000  	[27.1, 21.7, 27.1, 10.8]	[front, front, hover, hover]	[15.6213, 9.6665, 5.7015, 9.6741]
67   	2971.81     	0.001   	1.0000  	[27.1, 21.7, 27.1, 10.8]	[front, front, hover, hover]	[17.8588, 11.4583, 5.1088, 8.4247]
68   	2928.68     	0.001   	1.0000  	[27.1, 21.7, 27.1, 10.8]	[front, front, hover, hover]	[21.9333, 11.7613, 4.6876, 6.2717]
69   	2730.77     	0.001   	1.0000  	[27.1, 21.7, 27.1, 10.8]	[front, front, hover, up]	[29.1674, 13.7170, 4.1761, 4.4786]
70   	2693.27     	0.001   	1.0000  	[27.1, 21.7, 27.1, 16.2]	[hover, front, hover, back]	[25.9494, 15.2960, 3.5305, 4.0038]
71   	2646.18     	0.001   	1.0000  	[27.1, 21.7, 27.1, 16.2]	[hover, front, hover, back]	[23.5997, 17.3738, 3.0659, 4.2555]
72   	2598.41     	0.001   	1.0000  	[27.1, 21.7, 27.1, 16.2]	[hover, front, hover, back]	[20.9600, 21.0189, 2.6067, 4.5610]
73   	2551.80     	0.001   	1.0000  	[27.1, 21.7, 27.1, 16.2]	[hover, front, hover, back]	[18.1048, 25.4867, 2.1613, 11.3927]
74   	2503.13     	0.001   	1.0000  	[27.1, 21.7, 27.1, 16.2]	[hover, front, hover, back]	[15.6653, 26.0737, 1.8202, 16.6551]
75   	2458.48     	0.001   	1.0000  	[27.1, 21.7, 27.1, 16.2]	[hover, hover, hover, back]	[12.8647, 21.1573, 1.3725, 15.7488]
76   	2426.61     	0.001   	1.0000  	[27.1, 21.7, 27.1, 16.2]	[hover, hover, hover, back]	[10.0524, 16.3048, 1.5360, 13.7965]
77   	2392.57     	0.000   	1.0000  	[27.1, 21.7, 27.1, 16.2]	[hover, hover, hover, back]	[8.2742, 13.1723, 1.3629, 14.9207]
78   	2364.76     	0.000   	1.0000  	[27.1, 21.7, 27.1, 16.2]	[hover, hover, hover, back]	[6.5097, 10.2236, 1.1112, 14.9175]
79   	2336.40     	0.000   	1.0000  	[27.1, 21.7, 27.1, 16.2]	[hover, hover, hover, back]	[5.4197, 8.2405, 1.0125, 15.0289]
80   	2319.95     	0.000   	1.0000  	[27.1, 21.7, 27.1, 16.2]	[hover, hover, hover, back]	[4.4400, 6.5852, 0.9585, 15.7006]
81   	2300.75     	0.000   	1.0000  	[27.1, 21.7, 27.1, 16.2]	[hover, hover, hover, back]	[3.7433, 5.3979, 0.9436, 22.6833]
82   	2281.63     	0.000   	1.0000  	[27.1, 21.7, 27.1, 16.2]	[hover, hover, hover, left]	[3.1743, 4.3595, 0.9287, 19.6368]
83   	2268.84     	0.000   	1.0000  	[27.1, 21.7, 27.1, 16.2]	[hover, hover, hover, hover]	[2.3989, 3.0704, 0.8366, 14.9727]
84   	2258.87     	0.000   	1.0000  	[27.1, 21.7, 27.1, 16.2]	[hover, hover, hover, hover]	[2.1822, 2.7337, 0.7052, 13.0483]
85   	2249.20     	0.000   	1.0000  	[27.1, 21.7, 27.1, 16.2]	[hover, back, hover, hover]	[1.8384, 2.1917, 0.6818, 10.3865]
86   	2238.52     	0.000   	1.0000  	[27.1, 21.7, 27.1, 16.2]	[hover, back, hover, hover]	[1.5642, 1.7999, 0.6454, 8.3413]
87   	2228.10     	0.000   	1.0000  	[27.1, 21.7, 27.1, 16.2]	[hover, hover, hover, hover]	[1.3601, 1.5853, 0.5740, 7.1935]
88   	2222.08     	0.000   	1.0000  	[27.1, 21.7, 27.1, 16.2]	[hover, hover, hover, hover]	[1.1931, 1.3336, 0.5155, 5.8773]
89   	2214.56     	0.000   	1.0000  	[27.1, 21.7, 27.1, 16.2]	[hover, hover, hover, hover]	[1.0777, 1.2158, 0.5088, 5.2327]
90   	2211.43     	0.000   	1.0000  	[27.1, 21.7, 27.1, 16.2]	[hover, hover, hover, left]	[0.9179, 0.9765, 0.4268, 4.2702]
91   	2205.27     	0.000   	1.0000  	[27.1, 21.7, 27.1, 16.2]	[hover, front, hover, right]	[0.8485, 0.9419, 0.3938, 4.0204]
92   	2200.42     	0.000   	1.0000  	[27.1, 21.7, 27.1, 16.2]	[hover, front, hover, hover]	[0.7144, 0.9188, 0.3256, 2.8164]
93   	2197.43     	0.000   	1.0000  	[27.1, 21.7, 27.1, 16.2]	[hover, hover, right, hover]	[0.5979, 0.7089, 0.3647, 2.6568]
94   	2194.30     	0.000   	1.0000  	[27.1, 21.7, 27.1, 16.2]	[right, back, hover, hover]	[0.5487, 0.4443, 0.3460, 2.3121]
95   	2193.33     	0.000   	1.0000  	[27.1, 21.7, 27.1, 16.2]	[right, back, hover, hover]	[0.6618, 0.5126, 0.2854, 2.3330]
96   	2185.66     	0.000   	1.0000  	[27.1, 21.7, 27.1, 16.2]	[right, hover, left, up]	[1.0968, 0.3217, 0.4124, 1.6781]
97   	2159.76     	0.000   	1.0000  	[27.1, 21.7, 27.1, 21.7]	[right, front, right, front]	[1.4296, 0.2732, 0.3402, 3.3414]
98   	1991.36     	0.000   	1.0000  	[27.1, 21.7, 27.1, 21.7]	[right, front, hover, left]	[1.7125, 0.2386, 0.2583, 2.5107]
99   	1988.14     	0.000   	1.0000  	[27.1, 21.7, 27.1, 21.7]	[right, hover, hover, left]	[0.2455, 0.2375, 0.2456, 0.7758]
[2025-12-18T15:12:04]
Strategy: greedy_ig
Pairwise: equal
News mode: IG_BM
Num agents: 4
Iteration: 8
Error margin: None
Gaussian radius 5 
Grid info: range: 0-50-50, cell_size:0.125, map shape: (400, 400), center:True
init UAV positions: [(-5.0, -5.0, 5.4), (-5.0, 25.0, 5.4), (20.0, -10.0, 5.4), (5.0, 25.0, 5.4)]
mcts_params: {}
Step	Entropy	MSE	Coverage	Heights	Actions	IGs
------------------------------------------------------------------------------------------------------------------------
0    	160000.00   	0.250   	0.0000  	[5.4, 5.4, 5.4, 5.4]	[-, -, -, -]	[-, -, -, -]
1    	158731.10   	0.243   	0.0469  	[5.4, 5.4, 5.4, 5.4]	[up, up, up, up]	[3904.5582, 1952.2791, 3514.1024, 1952.2791]
2    	157559.17   	0.236   	0.1750  	[10.8, 10.8, 10.8, 10.8]	[up, up, up, up]	[4382.9647, 2000.1781, 3204.0331, 2000.1781]
3    	152588.13   	0.219   	0.3563  	[16.2, 16.2, 16.2, 16.2]	[up, back, left, back]	[4470.8090, 2232.1058, 3263.0799, 2232.2953]
4    	132708.23   	0.187   	0.5250  	[21.7, 16.2, 16.2, 16.2]	[front, back, up, back]	[3853.3824, 2407.4141, 3103.1316, 2404.6752]
5    	126591.68   	0.174   	0.6312  	[21.7, 16.2, 21.7, 16.2]	[left, back, left, back]	[3400.9578, 2294.2850, 3028.4611, 2377.8717]
6    	122679.42   	0.163   	0.6773  	[21.7, 16.2, 21.7, 16.2]	[left, left, left, right]	[3132.0610, 2176.3393, 2745.6286, 2363.5166]
7    	118873.06   	0.153   	0.7562  	[21.7, 16.2, 21.7, 16.2]	[back, left, back, right]	[2872.8386, 2296.5698, 2561.5932, 2553.0344]
8    	116286.54   	0.144   	0.8305  	[21.7, 16.2, 21.7, 16.2]	[back, left, left, right]	[2811.6680, 2459.2886, 2298.7076, 2701.6098]
9    	115077.69   	0.139   	0.9047  	[21.7, 16.2, 21.7, 16.2]	[back, left, left, back]	[2747.8899, 2048.1842, 2055.2245, 2589.4202]
10   	111888.47   	0.131   	0.9594  	[21.7, 16.2, 21.7, 16.2]	[left, back, left, back]	[2380.2894, 1686.0080, 1784.1257, 2576.6528]
11   	109947.25   	0.125   	0.9791  	[21.7, 16.2, 21.7, 16.2]	[back, back, left, back]	[2003.5602, 1404.0920, 1565.5100, 2619.3598]
12   	88411.08    	0.098   	0.9869  	[21.7, 16.2, 21.7, 16.2]	[down, back, left, back]	[1729.1694, 1171.6046, 1329.5333, 2672.1833]
13   	86033.68    	0.094   	0.9869  	[16.2, 16.2, 21.7, 16.2]	[left, back, left, back]	[1368.4027, 972.8076, 1116.4512, 2734.6733]
14   	83839.20    	0.090   	0.9869  	[16.2, 16.2, 21.7, 16.2]	[back, right, left, back]	[1047.3018, 774.0561, 935.2431, 2801.9930]
15   	81755.53    	0.087   	0.9869  	[16.2, 16.2, 21.7, 16.2]	[hover, up, left, back]	[729.5313, 688.6533, 734.2560, 2819.2257]
16   	79868.21    	0.084   	0.9869  	[16.2, 21.7, 21.7, 16.2]	[right, front, right, back]	[500.1055, 635.0188, 534.3597, 2846.1369]
17   	54490.28    	0.058   	0.9869  	[16.2, 21.7, 21.7, 16.2]	[left, front, right, back]	[361.9238, 644.3860, 459.0338, 2868.8103]
18   	53651.18    	0.057   	0.9869  	[16.2, 21.7, 21.7, 16.2]	[front, front, right, back]	[287.0657, 685.6044, 437.7479, 1065.8768]
19   	52339.52    	0.054   	0.9875  	[16.2, 21.7, 21.7, 16.2]	[front, right, right, right]	[234.7752, 637.5787, 415.5168, 871.8458]
20   	51593.02    	0.053   	0.9888  	[16.2, 21.7, 21.7, 16.2]	[front, right, right, hover]	[212.2191, 585.3785, 393.6539, 663.0519]
21   	50803.25    	0.051   	0.9888  	[16.2, 21.7, 21.7, 16.2]	[front, right, right, hover]	[203.3779, 659.8748, 370.4545, 497.1286]
22   	47715.63    	0.047   	0.9888  	[16.2, 21.7, 21.7, 16.2]	[front, right, front, hover]	[196.4586, 797.0479, 350.3727, 369.3927]
23   	46008.47    	0.045   	0.9888  	[16.2, 21.7, 21.7, 16.2]	[front, right, front, left]	[176.6003, 933.8808, 356.6501, 289.9744]
24   	44014.89    	0.043   	0.9888  	[16.2, 21.7, 21.7, 16.2]	[front, right, front, left]	[175.4468, 1121.0449, 328.1047, 257.0700]
25   	43202.62    	0.041   	0.9888  	[16.2, 21.7, 21.7, 16.2]	[front, right, right, left]	[194.5625, 1377.2667, 292.9285, 216.6570]
26   	42290.47    	0.040   	0.9888  	[16.2, 21.7, 21.7, 16.2]	[front, right, right, left]	[234.6133, 1765.5655, 275.3061, 211.7026]
27   	41385.57    	0.038   	0.9888  	[16.2, 21.7, 21.7, 16.2]	[front, right, right, left]	[309.6572, 1816.4491, 341.0779, 224.0794]
28   	40586.24    	0.036   	1.0000  	[16.2, 21.7, 21.7, 16.2]	[front, hover, front, left]	[334.2740, 1462.4056, 343.2161, 274.3772]
29   	40010.08    	0.035   	1.0000  	[16.2, 21.7, 21.7, 16.2]	[hover, hover, front, left]	[257.1902, 1174.4266, 341.8590, 356.3583]
30   	39446.41    	0.034   	1.0000  	[16.2, 21.7, 21.7, 16.2]	[hover, hover, front, left]	[203.4879, 942.2971, 335.2366, 486.3037]
31   	38849.02    	0.033   	1.0000  	[16.2, 21.7, 21.7, 16.2]	[right, hover, front, left]	[168.4295, 742.3909, 323.3905, 705.1013]
32   	38127.22    	0.032   	1.0000  	[16.2, 21.7, 21.7, 16.2]	[hover, hover, front, left]	[130.3123, 579.7842, 309.7995, 1036.4901]
33   	37411.87    	0.031   	1.0000  	[16.2, 21.7, 21.7, 16.2]	[up, hover, hover, left]	[114.4486, 446.9051, 238.5650, 1185.0590]
34   	36794.03    	0.030   	1.0000  	[21.7, 21.7, 21.7, 16.2]	[right, hover, hover, front]	[120.2361, 340.7331, 181.6193, 996.6509]
35   	26129.44    	0.021   	1.0000  	[21.7, 21.7, 21.7, 16.2]	[right, back, hover, front]	[148.1921, 263.0526, 139.6247, 961.8478]
36   	13603.18    	0.011   	1.0000  	[21.7, 21.7, 21.7, 16.2]	[back, back, front, front]	[93.1473, 217.6759, 114.8305, 1204.8533]
37   	13265.06    	0.010   	1.0000  	[21.7, 21.7, 21.7, 16.2]	[left, back, hover, front]	[93.0009, 202.4432, 96.9365, 173.9509]
38   	12937.58    	0.010   	1.0000  	[21.7, 21.7, 21.7, 16.2]	[hover, back, hover, front]	[79.7522, 206.8924, 83.6385, 158.0898]
39   	12661.52    	0.010   	1.0000  	[21.7, 21.7, 21.7, 16.2]	[left, back, hover, right]	[68.8518, 226.5933, 72.3614, 148.5635]
40   	12215.52    	0.009   	1.0000  	[21.7, 21.7, 21.7, 16.2]	[right, back, left, up]	[60.6947, 295.8883, 64.5784, 139.1019]
41   	11871.99    	0.009   	1.0000  	[21.7, 21.7, 21.7, 21.7]	[left, back, right, front]	[51.9462, 440.1087, 57.9046, 140.1156]
42   	11472.33    	0.008   	1.0000  	[21.7, 21.7, 21.7, 21.7]	[hover, back, hover, right]	[44.0424, 675.0989, 51.8957, 138.2220]
43   	7585.07     	0.005   	1.0000  	[21.7, 21.7, 21.7, 21.7]	[hover, hover, hover, right]	[37.9437, 581.7005, 45.6632, 179.1255]
44   	7215.67     	0.005   	1.0000  	[21.7, 21.7, 21.7, 21.7]	[hover, hover, hover, front]	[33.1023, 506.1489, 40.7340, 101.4851]
45   	6740.30     	0.005   	1.0000  	[21.7, 21.7, 21.7, 21.7]	[hover, hover, back, down]	[27.7736, 437.4508, 35.4354, 92.3714]
46   	6492.16     	0.004   	1.0000  	[21.7, 21.7, 21.7, 16.2]	[hover, hover, front, right]	[23.2738, 379.8009, 31.8739, 78.1461]
47   	3949.45     	0.002   	1.0000  	[21.7, 21.7, 21.7, 16.2]	[hover, hover, back, right]	[19.4352, 330.6453, 27.5966, 65.1312]
48   	3904.55     	0.002   	1.0000  	[21.7, 21.7, 21.7, 16.2]	[right, hover, front, back]	[17.4488, 58.1985, 23.2901, 16.0338]
49   	3871.76     	0.002   	1.0000  	[21.7, 21.7, 21.7, 16.2]	[left, hover, down, back]	[16.0672, 49.3119, 21.3352, 13.4540]
50   	3845.64     	0.002   	1.0000  	[21.7, 21.7, 16.2, 16.2]	[hover, hover, right, down]	[14.0715, 44.5627, 24.1209, 11.7286]
51   	3826.48     	0.002   	1.0000  	[21.7, 21.7, 16.2, 10.8]	[hover, hover, front, back]	[12.6947, 41.2432, 21.7139, 10.7802]
52   	3807.66     	0.002   	1.0000  	[21.7, 21.7, 16.2, 10.8]	[hover, hover, hover, left]	[11.4510, 35.5443, 16.0595, 9.2429]
53   	3793.84     	0.002   	1.0000  	[21.7, 21.7, 16.2, 10.8]	[back, hover, hover, back]	[10.1705, 31.2563, 14.8832, 6.2232]
54   	3784.83     	0.002   	1.0000  	[21.7, 21.7, 16.2, 10.8]	[up, hover, hover, back]	[9.3469, 27.6109, 11.0670, 8.8823]
55   	3769.28     	0.002   	1.0000  	[27.1, 21.7, 16.2, 10.8]	[right, hover, hover, back]	[9.5799, 25.2798, 8.4012, 14.4392]
56   	3756.83     	0.002   	1.0000  	[27.1, 21.7, 16.2, 10.8]	[hover, hover, hover, back]	[8.7953, 21.6335, 7.6297, 20.7447]
57   	3741.64     	0.002   	1.0000  	[27.1, 21.7, 16.2, 10.8]	[hover, hover, hover, back]	[8.2767, 19.3332, 6.5100, 29.0240]
58   	3735.39     	0.002   	1.0000  	[27.1, 21.7, 16.2, 10.8]	[back, hover, back, left]	[7.8973, 16.6167, 5.3557, 21.1893]
59   	3730.15     	0.002   	1.0000  	[27.1, 21.7, 16.2, 10.8]	[hover, hover, up, left]	[7.6875, 15.1403, 4.8611, 22.5616]
60   	3557.00     	0.002   	1.0000  	[27.1, 21.7, 21.7, 10.8]	[back, hover, back, left]	[7.1569, 12.6745, 5.5903, 31.9252]
61   	3546.02     	0.002   	1.0000  	[27.1, 21.7, 21.7, 10.8]	[back, hover, left, left]	[7.9520, 11.3075, 4.8931, 53.5246]
62   	3524.25     	0.002   	1.0000  	[27.1, 21.7, 21.7, 10.8]	[back, hover, left, left]	[9.8246, 10.6625, 7.8571, 81.1338]
63   	2789.95     	0.001   	1.0000  	[27.1, 21.7, 21.7, 10.8]	[back, left, left, hover]	[12.3499, 9.1247, 9.2459, 55.1810]
64   	2774.43     	0.001   	1.0000  	[27.1, 21.7, 21.7, 10.8]	[back, right, left, hover]	[10.9781, 8.5865, 10.1216, 34.7851]
65   	2747.32     	0.001   	1.0000  	[27.1, 21.7, 21.7, 10.8]	[back, left, left, hover]	[10.6545, 7.7096, 9.8379, 21.4462]
66   	2364.37     	0.001   	1.0000  	[27.1, 21.7, 21.7, 10.8]	[hover, right, left, hover]	[8.8755, 7.1412, 10.3004, 14.6555]
67   	2352.05     	0.001   	1.0000  	[27.1, 21.7, 21.7, 10.8]	[hover, hover, left, hover]	[7.4608, 6.3845, 3.1497, 10.1982]
68   	2341.21     	0.001   	1.0000  	[27.1, 21.7, 21.7, 10.8]	[hover, hover, left, up]	[6.4965, 6.1124, 2.6613, 6.3599]
69   	2283.81     	0.000   	1.0000  	[27.1, 21.7, 21.7, 16.2]	[down, left, left, front]	[5.4738, 5.1722, 3.4844, 5.0865]
70   	2283.47     	0.000   	1.0000  	[21.7, 21.7, 21.7, 16.2]	[back, right, left, right]	[5.0137, 4.8576, 4.4206, 4.0293]
71   	2281.20     	0.000   	1.0000  	[21.7, 21.7, 21.7, 16.2]	[left, hover, front, hover]	[5.5240, 4.2231, 4.2867, 4.5042]
72   	2280.36     	0.000   	1.0000  	[21.7, 21.7, 21.7, 16.2]	[hover, hover, hover, up]	[4.3122, 3.5657, 4.0458, 3.0871]
73   	2183.60     	0.000   	1.0000  	[21.7, 21.7, 21.7, 21.7]	[hover, left, hover, right]	[3.7772, 3.0913, 3.8845, 3.8206]
74   	2179.60     	0.000   	1.0000  	[21.7, 21.7, 21.7, 21.7]	[hover, up, hover, front]	[3.2691, 3.4472, 3.1809, 3.9294]
75   	2167.63     	0.000   	1.0000  	[21.7, 27.1, 21.7, 21.7]	[right, front, hover, hover]	[2.9046, 3.7315, 2.5641, 3.1942]
76   	2162.46     	0.000   	1.0000  	[21.7, 27.1, 21.7, 21.7]	[hover, hover, hover, hover]	[2.2740, 3.2407, 2.5166, 2.6051]
77   	2156.28     	0.000   	1.0000  	[21.7, 27.1, 21.7, 21.7]	[front, hover, hover, right]	[1.9027, 3.0026, 2.2506, 2.1254]
78   	2155.01     	0.000   	1.0000  	[21.7, 27.1, 21.7, 21.7]	[hover, hover, hover, hover]	[1.5738, 2.4469, 2.1309, 1.7534]
79   	2152.92     	0.000   	1.0000  	[21.7, 27.1, 21.7, 21.7]	[left, hover, right, left]	[1.4924, 2.2232, 1.7180, 1.7210]
80   	2057.05     	0.000   	1.0000  	[21.7, 27.1, 21.7, 21.7]	[front, hover, left, hover]	[1.4039, 2.1128, 1.7053, 1.5469]
81   	2053.75     	0.000   	1.0000  	[21.7, 27.1, 21.7, 21.7]	[hover, hover, hover, hover]	[1.0934, 1.9450, 1.3755, 1.3987]
82   	2052.83     	0.000   	1.0000  	[21.7, 27.1, 21.7, 21.7]	[hover, hover, hover, right]	[0.7280, 1.8932, 1.3749, 1.0283]
83   	2046.82     	0.000   	1.0000  	[21.7, 27.1, 21.7, 21.7]	[up, hover, right, hover]	[0.7321, 1.9291, 1.2964, 1.0054]
84   	1935.44     	0.000   	1.0000  	[27.1, 27.1, 21.7, 21.7]	[back, hover, back, left]	[0.7526, 1.6583, 1.2367, 0.7135]
85   	1930.96     	0.000   	1.0000  	[27.1, 27.1, 21.7, 21.7]	[right, hover, front, hover]	[0.6590, 1.4556, 1.0216, 0.5689]
86   	1930.62     	0.000   	1.0000  	[27.1, 27.1, 21.7, 21.7]	[hover, hover, hover, hover]	[0.4254, 1.3965, 0.9391, 0.4440]
87   	1927.93     	0.000   	1.0000  	[27.1, 27.1, 21.7, 21.7]	[hover, hover, hover, hover]	[0.3719, 1.3145, 0.9775, 0.3297]
88   	1926.22     	0.000   	1.0000  	[27.1, 27.1, 21.7, 21.7]	[front, hover, hover, hover]	[0.2724, 1.0520, 0.9599, 0.2712]
89   	1923.05     	0.000   	1.0000  	[27.1, 27.1, 21.7, 21.7]	[back, hover, back, hover]	[0.2038, 0.9272, 1.0206, 0.1848]
90   	1920.35     	0.000   	1.0000  	[27.1, 27.1, 21.7, 21.7]	[hover, hover, up, up]	[0.2585, 0.8271, 0.7297, 0.1896]
91   	1919.30     	0.000   	1.0000  	[27.1, 27.1, 27.1, 27.1]	[hover, hover, hover, down]	[0.1547, 0.7067, 0.5710, 0.1698]
92   	1917.84     	0.000   	1.0000  	[27.1, 27.1, 27.1, 21.7]	[hover, hover, down, hover]	[0.0712, 0.6837, 0.5926, 0.0433]
93   	1917.85     	0.000   	1.0000  	[27.1, 27.1, 21.7, 21.7]	[right, hover, front, hover]	[0.0324, 0.6937, 0.4041, 0.0249]
94   	1917.67     	0.000   	1.0000  	[27.1, 27.1, 21.7, 21.7]	[right, hover, left, hover]	[0.0265, 0.7128, 0.4430, 0.0250]
95   	1917.35     	0.000   	1.0000  	[27.1, 27.1, 21.7, 21.7]	[down, hover, hover, up]	[0.0316, 0.6761, 0.3677, 0.0160]
96   	1918.52     	0.000   	1.0000  	[21.7, 27.1, 21.7, 27.1]	[right, hover, hover, right]	[0.0838, 0.6785, 0.2583, 0.0376]
97   	1917.77     	0.000   	1.0000  	[21.7, 27.1, 21.7, 27.1]	[right, hover, hover, down]	[0.1739, 0.7833, 0.3074, 0.1502]
98   	1917.33     	0.000   	1.0000  	[21.7, 27.1, 21.7, 21.7]	[right, hover, hover, right]	[0.2179, 0.7124, 0.2323, 0.0498]
99   	1917.41     	0.000   	1.0000  	[21.7, 27.1, 21.7, 21.7]	[right, hover, right, right]	[0.1645, 0.7037, 0.2299, 0.0177]
[2025-12-18T15:12:16]
Strategy: greedy_ig
Pairwise: equal
News mode: IG_BM
Num agents: 4
Iteration: 9
Error margin: None
Gaussian radius 5 
Grid info: range: 0-50-50, cell_size:0.125, map shape: (400, 400), center:True
init UAV positions: [(-15.0, 0.0, 5.4), (0.0, 5.0, 5.4), (10.0, -20.0, 5.4), (5.0, 5.0, 5.4)]
mcts_params: {}
Step	Entropy	MSE	Coverage	Heights	Actions	IGs
------------------------------------------------------------------------------------------------------------------------
0    	160000.00   	0.250   	0.0000  	[5.4, 5.4, 5.4, 5.4]	[-, -, -, -]	[-, -, -, -]
1    	157480.03   	0.239   	0.0594  	[5.4, 5.4, 5.4, 5.4]	[up, up, up, up]	[3904.5582, 3904.5582, 3514.1024, 3904.5582]
2    	148671.09   	0.218   	0.2062  	[10.8, 10.8, 10.8, 10.8]	[up, up, up, up]	[4333.1633, 4333.1633, 3204.0331, 4382.9647]
3    	128577.37   	0.185   	0.4059  	[16.2, 16.2, 16.2, 16.2]	[up, up, front, up]	[3461.3044, 3356.9739, 3277.4855, 3693.6751]
4    	119717.51   	0.168   	0.5763  	[21.7, 21.7, 16.2, 21.7]	[back, up, up, right]	[2949.2823, 2688.7219, 3047.3930, 3140.1343]
5    	113662.54   	0.155   	0.7270  	[21.7, 27.1, 21.7, 21.7]	[back, front, front, right]	[2813.3501, 2398.8864, 2782.6888, 2952.3359]
6    	109796.33   	0.145   	0.8231  	[21.7, 27.1, 21.7, 21.7]	[back, right, right, front]	[2828.2775, 2111.8250, 2413.3224, 2677.4193]
7    	106500.28   	0.136   	0.8859  	[21.7, 27.1, 21.7, 21.7]	[back, right, front, front]	[2901.8519, 1889.2187, 2091.2470, 2559.6214]
8    	104581.80   	0.130   	0.9219  	[21.7, 27.1, 21.7, 21.7]	[right, right, hover, front]	[2945.5420, 1719.4288, 1729.8656, 2147.7160]
9    	82700.21    	0.105   	0.9453  	[21.7, 27.1, 21.7, 21.7]	[right, front, left, right]	[2767.7094, 1464.4250, 1486.6818, 1788.8220]
10   	81340.75    	0.101   	0.9484  	[21.7, 27.1, 21.7, 21.7]	[left, down, right, down]	[2029.0048, 1232.4644, 1272.3199, 1430.6540]
11   	80780.02    	0.098   	0.9484  	[21.7, 21.7, 21.7, 16.2]	[hover, right, back, right]	[1738.3519, 1097.7373, 1146.4510, 1114.6391]
12   	78651.03    	0.093   	0.9484  	[21.7, 21.7, 21.7, 16.2]	[hover, front, left, front]	[1499.8655, 925.5376, 999.0901, 848.5827]
13   	78297.79    	0.091   	0.9484  	[21.7, 21.7, 21.7, 16.2]	[hover, left, right, left]	[1277.0885, 715.4727, 897.9982, 588.8750]
14   	77986.10    	0.090   	0.9484  	[21.7, 21.7, 21.7, 16.2]	[hover, left, hover, left]	[1112.8908, 734.3942, 770.8543, 442.8259]
15   	77659.22    	0.089   	0.9484  	[21.7, 21.7, 21.7, 16.2]	[hover, left, front, left]	[968.3964, 860.7378, 679.8868, 396.3086]
16   	77236.25    	0.087   	0.9500  	[21.7, 21.7, 21.7, 16.2]	[hover, left, front, left]	[843.0855, 1044.3551, 690.0594, 459.2089]
17   	67622.88    	0.074   	0.9516  	[21.7, 21.7, 21.7, 16.2]	[front, left, front, left]	[738.9063, 1263.6653, 693.2620, 550.4636]
18   	50280.60    	0.055   	0.9531  	[21.7, 21.7, 21.7, 16.2]	[front, left, back, left]	[705.9655, 1522.9878, 461.4208, 697.0146]
19   	33850.51    	0.040   	0.9688  	[21.7, 21.7, 21.7, 16.2]	[front, left, back, left]	[662.7004, 1706.4598, 424.9587, 844.4303]
20   	32182.91    	0.036   	0.9844  	[21.7, 21.7, 21.7, 16.2]	[front, left, back, left]	[713.5453, 1827.2992, 412.9786, 979.3135]
21   	30797.01    	0.033   	1.0000  	[21.7, 21.7, 21.7, 16.2]	[front, down, left, left]	[707.5366, 1380.1376, 411.8903, 1096.0065]
22   	29458.19    	0.030   	1.0000  	[21.7, 16.2, 21.7, 16.2]	[front, left, left, left]	[633.7560, 1391.4112, 454.3149, 1073.7666]
23   	28540.85    	0.028   	1.0000  	[21.7, 16.2, 21.7, 16.2]	[front, front, left, left]	[489.8743, 855.3381, 511.7503, 844.9815]
24   	27905.40    	0.027   	1.0000  	[21.7, 16.2, 21.7, 16.2]	[front, back, left, back]	[387.5326, 490.2944, 573.0949, 482.3100]
25   	27403.13    	0.026   	1.0000  	[21.7, 16.2, 21.7, 16.2]	[left, front, left, front]	[294.1640, 297.5241, 630.3831, 292.3378]
26   	27009.88    	0.025   	1.0000  	[21.7, 16.2, 21.7, 16.2]	[hover, back, left, back]	[201.0278, 174.3067, 680.0366, 169.3613]
27   	26630.73    	0.024   	1.0000  	[21.7, 16.2, 21.7, 16.2]	[hover, back, left, back]	[142.7869, 131.1220, 744.7632, 127.3370]
28   	15584.15    	0.015   	1.0000  	[21.7, 16.2, 21.7, 16.2]	[hover, back, left, back]	[101.0432, 110.1584, 828.2042, 106.4449]
29   	14891.17    	0.014   	1.0000  	[21.7, 16.2, 21.7, 16.2]	[right, back, left, back]	[69.6584, 85.2883, 749.5951, 81.2477]
30   	14254.64    	0.013   	1.0000  	[21.7, 16.2, 21.7, 16.2]	[right, back, down, back]	[56.1360, 81.7317, 731.5132, 77.9429]
31   	13656.99    	0.013   	1.0000  	[21.7, 16.2, 16.2, 16.2]	[right, back, back, back]	[51.9999, 86.0125, 647.1478, 81.6964]
32   	13118.80    	0.012   	1.0000  	[21.7, 16.2, 16.2, 16.2]	[right, back, left, back]	[56.6761, 89.4996, 507.9432, 84.9757]
33   	12814.63    	0.012   	1.0000  	[21.7, 16.2, 16.2, 16.2]	[right, back, hover, back]	[72.3800, 86.7778, 370.4003, 81.8873]
34   	12565.99    	0.011   	1.0000  	[21.7, 16.2, 16.2, 16.2]	[right, back, right, back]	[98.6549, 84.2322, 270.9245, 79.2716]
35   	12333.90    	0.011   	1.0000  	[21.7, 16.2, 16.2, 16.2]	[right, back, right, back]	[139.0892, 84.6723, 223.5391, 79.9997]
36   	12142.31    	0.010   	1.0000  	[21.7, 16.2, 16.2, 16.2]	[right, back, right, back]	[199.8745, 73.6150, 200.4489, 70.1344]
37   	11966.17    	0.010   	1.0000  	[21.7, 16.2, 16.2, 16.2]	[right, hover, right, hover]	[320.4610, 45.9168, 155.5121, 43.4628]
38   	11816.50    	0.010   	1.0000  	[21.7, 16.2, 16.2, 16.2]	[back, right, right, right]	[316.5844, 30.2273, 130.5049, 27.9795]
39   	11644.08    	0.010   	1.0000  	[21.7, 16.2, 16.2, 16.2]	[back, right, right, up]	[342.4320, 26.6217, 115.9071, 22.4632]
40   	6850.26     	0.006   	1.0000  	[21.7, 16.2, 16.2, 21.7]	[back, right, right, right]	[404.2136, 25.9932, 99.6779, 19.3079]
41   	6087.92     	0.005   	1.0000  	[21.7, 16.2, 16.2, 21.7]	[back, right, right, right]	[172.7668, 25.8880, 91.3545, 17.8544]
42   	5080.27     	0.004   	1.0000  	[21.7, 16.2, 16.2, 21.7]	[back, right, right, right]	[158.6565, 27.7896, 109.6379, 19.0073]
43   	4747.33     	0.004   	1.0000  	[21.7, 16.2, 16.2, 21.7]	[back, right, right, right]	[145.0819, 27.6838, 150.8259, 16.7464]
44   	4408.40     	0.003   	1.0000  	[21.7, 16.2, 16.2, 21.7]	[back, right, right, right]	[126.5905, 28.1907, 207.8117, 17.9907]
45   	4157.56     	0.003   	1.0000  	[21.7, 16.2, 16.2, 21.7]	[back, right, hover, right]	[115.5765, 30.5199, 147.7755, 18.2085]
46   	3948.81     	0.003   	1.0000  	[21.7, 16.2, 16.2, 21.7]	[hover, right, hover, right]	[84.3671, 41.5773, 100.4127, 24.1725]
47   	3774.38     	0.003   	1.0000  	[21.7, 16.2, 16.2, 21.7]	[hover, right, hover, right]	[57.6181, 62.7082, 62.3886, 31.6236]
48   	3669.41     	0.002   	1.0000  	[21.7, 16.2, 16.2, 21.7]	[front, front, front, right]	[41.8827, 32.5638, 32.3754, 24.5530]
49   	3590.69     	0.002   	1.0000  	[21.7, 16.2, 16.2, 21.7]	[front, front, front, front]	[42.5195, 22.2543, 22.1116, 19.6313]
50   	3501.65     	0.002   	1.0000  	[21.7, 16.2, 16.2, 21.7]	[front, front, front, front]	[46.8096, 26.1989, 26.1606, 18.6216]
51   	3396.64     	0.002   	1.0000  	[21.7, 16.2, 16.2, 21.7]	[front, front, front, front]	[48.8030, 32.0016, 31.9442, 20.5820]
52   	3287.19     	0.002   	1.0000  	[21.7, 16.2, 16.2, 21.7]	[front, front, front, front]	[50.9658, 32.8995, 32.8627, 20.9611]
53   	3175.92     	0.002   	1.0000  	[21.7, 16.2, 16.2, 21.7]	[front, front, front, front]	[56.6078, 29.7110, 29.6872, 18.9284]
54   	3060.71     	0.002   	1.0000  	[21.7, 16.2, 16.2, 21.7]	[front, front, front, front]	[69.5868, 30.8963, 30.8898, 19.8122]
55   	2905.85     	0.001   	1.0000  	[21.7, 16.2, 16.2, 21.7]	[front, front, front, front]	[100.4792, 38.5054, 38.4988, 24.5168]
56   	2734.43     	0.001   	1.0000  	[21.7, 16.2, 16.2, 21.7]	[hover, front, front, front]	[80.6624, 48.0130, 47.9393, 30.5746]
57   	2569.04     	0.001   	1.0000  	[21.7, 16.2, 16.2, 21.7]	[hover, front, front, front]	[58.6935, 58.5197, 58.4396, 37.5376]
58   	2428.98     	0.001   	1.0000  	[21.7, 16.2, 16.2, 21.7]	[hover, front, front, front]	[37.5777, 57.4735, 57.2376, 36.6941]
59   	2359.56     	0.001   	1.0000  	[21.7, 16.2, 16.2, 21.7]	[hover, hover, hover, hover]	[19.7642, 28.3284, 28.1931, 18.7822]
60   	2322.49     	0.001   	1.0000  	[21.7, 16.2, 16.2, 21.7]	[hover, hover, hover, hover]	[11.1400, 14.4087, 14.3953, 10.3743]
61   	2301.11     	0.001   	1.0000  	[21.7, 16.2, 16.2, 21.7]	[left, hover, hover, left]	[7.8963, 7.3028, 7.3017, 6.3589]
62   	2279.56     	0.001   	1.0000  	[21.7, 16.2, 16.2, 21.7]	[left, hover, hover, left]	[9.7196, 3.8514, 3.8503, 7.6748]
63   	2257.32     	0.001   	1.0000  	[21.7, 16.2, 16.2, 21.7]	[left, hover, hover, left]	[9.6336, 2.4798, 2.4796, 8.4103]
64   	2240.49     	0.001   	1.0000  	[21.7, 16.2, 16.2, 21.7]	[left, up, hover, left]	[9.0214, 1.1538, 1.0886, 7.5743]
65   	2226.64     	0.001   	1.0000  	[21.7, 21.7, 16.2, 21.7]	[left, left, hover, left]	[8.7572, 1.3450, 0.8603, 6.9659]
66   	2208.36     	0.000   	1.0000  	[21.7, 21.7, 16.2, 21.7]	[left, left, hover, left]	[11.5951, 1.8990, 0.5154, 8.7045]
67   	2189.12     	0.000   	1.0000  	[21.7, 21.7, 16.2, 21.7]	[left, left, up, left]	[14.3157, 2.4576, 0.3939, 11.0925]
68   	2161.50     	0.000   	1.0000  	[21.7, 21.7, 21.7, 21.7]	[left, left, left, left]	[21.9062, 2.3799, 0.4567, 15.1189]
69   	2127.02     	0.000   	1.0000  	[21.7, 21.7, 21.7, 21.7]	[left, down, left, left]	[19.8687, 1.9625, 0.8882, 19.0827]
70   	2093.27     	0.000   	1.0000  	[21.7, 16.2, 21.7, 21.7]	[hover, left, left, hover]	[14.8668, 1.5045, 0.7764, 14.0939]
71   	2073.81     	0.000   	1.0000  	[21.7, 16.2, 21.7, 21.7]	[hover, left, left, hover]	[13.2754, 1.9857, 0.9936, 12.7992]
72   	2049.06     	0.000   	1.0000  	[21.7, 16.2, 21.7, 21.7]	[hover, left, left, hover]	[11.0530, 1.9702, 0.9957, 10.3994]
73   	2031.75     	0.000   	1.0000  	[21.7, 16.2, 21.7, 21.7]	[hover, left, down, hover]	[7.7041, 2.4543, 0.7851, 7.1471]
74   	2017.72     	0.000   	1.0000  	[21.7, 16.2, 16.2, 21.7]	[hover, left, down, hover]	[5.5132, 3.5709, 0.7487, 5.0535]
75   	2005.94     	0.000   	1.0000  	[21.7, 16.2, 10.8, 21.7]	[hover, left, left, back]	[3.9499, 5.5504, 0.3785, 3.9639]
76   	1999.73     	0.000   	1.0000  	[21.7, 16.2, 10.8, 21.7]	[back, hover, left, back]	[3.2127, 3.5305, 0.2090, 3.6984]
77   	1994.73     	0.000   	1.0000  	[21.7, 16.2, 10.8, 21.7]	[back, hover, up, back]	[3.3739, 2.8138, 0.0356, 3.8685]
78   	1985.81     	0.000   	1.0000  	[21.7, 16.2, 16.2, 21.7]	[back, hover, left, back]	[3.6937, 2.5097, 0.3860, 4.2255]
79   	1979.78     	0.000   	1.0000  	[21.7, 16.2, 16.2, 21.7]	[right, hover, left, back]	[2.7893, 2.4275, 0.8126, 3.2602]
80   	1970.47     	0.000   	1.0000  	[21.7, 16.2, 16.2, 21.7]	[back, hover, left, back]	[2.3475, 2.0753, 1.8241, 3.2721]
81   	1962.85     	0.000   	1.0000  	[21.7, 16.2, 16.2, 21.7]	[back, hover, left, back]	[2.2980, 1.0594, 1.0593, 4.0143]
82   	1955.86     	0.000   	1.0000  	[21.7, 16.2, 16.2, 21.7]	[up, hover, down, back]	[1.8823, 0.5105, 0.5867, 5.2689]
83   	1949.59     	0.000   	1.0000  	[27.1, 16.2, 10.8, 21.7]	[back, hover, left, back]	[2.1466, 0.3729, 0.5630, 6.2477]
84   	1948.43     	0.000   	1.0000  	[27.1, 16.2, 10.8, 21.7]	[back, hover, front, hover]	[3.4741, 0.0507, 0.0784, 4.8624]
85   	1946.78     	0.000   	1.0000  	[27.1, 16.2, 10.8, 21.7]	[hover, down, hover, hover]	[3.1511, 0.0931, 0.1091, 4.1518]
86   	1945.12     	0.000   	1.0000  	[27.1, 10.8, 10.8, 21.7]	[hover, left, hover, hover]	[2.6882, 0.0059, 0.0072, 3.3437]
87   	1945.14     	0.000   	1.0000  	[27.1, 10.8, 10.8, 21.7]	[hover, front, hover, hover]	[2.3412, 0.0022, 0.0022, 2.6859]
88   	1944.71     	0.000   	1.0000  	[27.1, 10.8, 10.8, 21.7]	[hover, front, front, hover]	[2.2252, 0.0005, 0.0005, 2.5720]
89   	1943.54     	0.000   	1.0000  	[27.1, 10.8, 10.8, 21.7]	[hover, left, hover, right]	[2.0043, 0.0003, 0.0003, 2.3230]
90   	1941.82     	0.000   	1.0000  	[27.1, 10.8, 10.8, 21.7]	[hover, left, left, hover]	[1.7481, 0.0085, 0.0085, 2.0718]
91   	1941.47     	0.000   	1.0000  	[27.1, 10.8, 10.8, 21.7]	[hover, hover, hover, hover]	[1.4025, 0.0085, 0.0085, 1.5965]
92   	1940.43     	0.000   	1.0000  	[27.1, 10.8, 10.8, 21.7]	[hover, hover, hover, left]	[1.1978, 0.0085, 0.0085, 1.2727]
93   	1940.13     	0.000   	1.0000  	[27.1, 10.8, 10.8, 21.7]	[hover, hover, hover, right]	[0.9618, 0.0085, 0.0085, 1.0127]
94   	1939.43     	0.000   	1.0000  	[27.1, 10.8, 10.8, 21.7]	[right, hover, hover, hover]	[0.8394, 0.0003, 0.0003, 0.9325]
95   	1939.73     	0.000   	1.0000  	[27.1, 10.8, 10.8, 21.7]	[left, hover, hover, up]	[0.6205, 0.0000, 0.0000, 0.6232]
96   	1939.57     	0.000   	1.0000  	[27.1, 10.8, 10.8, 27.1]	[hover, hover, hover, front]	[0.5916, -0.0000, -0.0000, 0.5992]
97   	1939.40     	0.000   	1.0000  	[27.1, 10.8, 10.8, 27.1]	[hover, hover, hover, right]	[0.6395, -0.0000, -0.0000, 0.6469]
98   	1939.45     	0.000   	1.0000  	[27.1, 10.8, 10.8, 27.1]	[hover, hover, hover, hover]	[0.5167, -0.0000, -0.0000, 0.5511]
99   	1939.81     	0.000   	1.0000  	[27.1, 10.8, 10.8, 27.1]	[hover, hover, hover, hover]	[0.4356, -0.0000, -0.0000, 0.4512]
[2025-12-18T15:12:28]
Strategy: greedy_ig
Pairwise: equal
News mode: IG_BM
Num agents: 4
Iteration: 10
Error margin: None
Gaussian radius 5 
Grid info: range: 0-50-50, cell_size:0.125, map shape: (400, 400), center:True
init UAV positions: [(0.0, -10.0, 5.4), (-20.0, 15.0, 5.4), (10.0, -10.0, 5.4), (20.0, 0.0, 5.4)]
mcts_params: {}
Step	Entropy	MSE	Coverage	Heights	Actions	IGs
------------------------------------------------------------------------------------------------------------------------
0    	160000.00   	0.250   	0.0000  	[5.4, 5.4, 5.4, 5.4]	[-, -, -, -]	[-, -, -, -]
1    	156636.40   	0.236   	0.0625  	[5.4, 5.4, 5.4, 5.4]	[up, up, up, up]	[3904.5582, 3514.1024, 3904.5582, 3514.1024]
2    	146463.01   	0.215   	0.2225  	[10.8, 10.8, 10.8, 10.8]	[up, up, up, up]	[3997.5443, 3204.0331, 3997.5443, 3204.0331]
3    	141683.44   	0.202   	0.4006  	[16.2, 16.2, 16.2, 16.2]	[up, right, up, left]	[3837.9043, 3250.9489, 3411.7016, 2750.7114]
4    	137501.95   	0.190   	0.5413  	[21.7, 16.2, 21.7, 16.2]	[left, right, back, front]	[3364.2069, 3118.5447, 2719.2409, 2478.6300]
5    	135001.61   	0.181   	0.6428  	[21.7, 16.2, 21.7, 16.2]	[left, right, right, front]	[3266.5920, 2964.8764, 2343.6670, 2521.2394]
6    	132749.53   	0.173   	0.7350  	[21.7, 16.2, 21.7, 16.2]	[left, up, hover, front]	[3292.0007, 2921.7561, 1929.4413, 2597.3831]
7    	116713.49   	0.147   	0.8491  	[21.7, 21.7, 21.7, 16.2]	[left, back, hover, front]	[3362.6745, 3063.5905, 1631.3878, 2638.6755]
8    	103586.53   	0.127   	0.9022  	[21.7, 21.7, 21.7, 16.2]	[back, right, hover, front]	[3025.3963, 2745.5175, 1403.7548, 2691.6764]
9    	102271.79   	0.121   	0.9739  	[21.7, 21.7, 21.7, 16.2]	[hover, right, hover, left]	[2554.4957, 2754.6010, 1207.3830, 2674.0959]
10   	98240.27    	0.110   	0.9966  	[21.7, 21.7, 21.7, 16.2]	[hover, right, left, left]	[2181.8232, 2267.0600, 1069.9109, 2225.8816]
11   	92090.82    	0.099   	0.9972  	[21.7, 21.7, 21.7, 16.2]	[front, down, right, left]	[1861.6912, 1929.0114, 935.7720, 1716.7974]
12   	64924.38    	0.073   	0.9972  	[21.7, 16.2, 21.7, 16.2]	[front, back, front, left]	[1689.2195, 1384.8175, 843.3540, 1258.8457]
13   	63536.77    	0.070   	0.9995  	[21.7, 16.2, 21.7, 16.2]	[hover, up, back, left]	[1421.8596, 947.3495, 735.0608, 941.8587]
14   	46757.31    	0.052   	0.9995  	[21.7, 21.7, 21.7, 16.2]	[front, front, hover, left]	[1205.1086, 791.5985, 641.8305, 742.7295]
15   	41508.41    	0.046   	0.9995  	[21.7, 21.7, 21.7, 16.2]	[back, left, left, left]	[1041.4474, 646.6621, 570.9726, 573.1705]
16   	40496.15    	0.044   	0.9995  	[21.7, 21.7, 21.7, 16.2]	[back, left, left, left]	[939.0654, 558.4323, 506.2013, 483.2947]
17   	39915.31    	0.042   	0.9995  	[21.7, 21.7, 21.7, 16.2]	[back, left, left, left]	[1037.2230, 559.1475, 482.7781, 461.1912]
18   	39371.47    	0.041   	0.9995  	[21.7, 21.7, 21.7, 16.2]	[hover, left, left, left]	[869.6266, 579.3633, 455.1700, 527.2675]
19   	33450.61    	0.034   	0.9997  	[21.7, 21.7, 21.7, 16.2]	[hover, back, left, left]	[725.7330, 479.4916, 426.0912, 473.8204]
20   	32434.54    	0.033   	1.0000  	[21.7, 21.7, 21.7, 16.2]	[hover, back, left, back]	[586.8147, 374.3146, 396.8250, 358.5415]
21   	17428.67    	0.021   	1.0000  	[21.7, 21.7, 21.7, 16.2]	[hover, back, left, back]	[467.2902, 302.5693, 383.4095, 306.7731]
22   	16429.63    	0.020   	1.0000  	[21.7, 21.7, 21.7, 16.2]	[hover, back, left, back]	[359.8411, 234.8941, 354.7648, 229.0721]
23   	15633.84    	0.019   	1.0000  	[21.7, 21.7, 21.7, 16.2]	[hover, back, hover, back]	[267.0302, 183.0198, 263.0544, 171.4812]
24   	15115.80    	0.018   	1.0000  	[21.7, 21.7, 21.7, 16.2]	[hover, back, hover, back]	[190.0314, 136.9941, 186.9692, 122.2580]
25   	14708.07    	0.017   	1.0000  	[21.7, 21.7, 21.7, 16.2]	[hover, back, hover, back]	[140.3715, 104.6582, 138.0223, 86.0106]
26   	14418.30    	0.017   	1.0000  	[21.7, 21.7, 21.7, 16.2]	[hover, back, hover, front]	[96.4197, 94.4490, 95.8060, 63.3814]
27   	14218.60    	0.017   	1.0000  	[21.7, 21.7, 21.7, 16.2]	[right, right, right, front]	[69.6267, 68.6216, 70.3588, 56.0412]
28   	13989.04    	0.016   	1.0000  	[21.7, 21.7, 21.7, 16.2]	[up, up, up, front]	[63.5190, 56.3375, 64.5431, 65.1891]
29   	13734.36    	0.016   	1.0000  	[27.1, 27.1, 27.1, 16.2]	[front, front, front, front]	[78.3473, 66.6912, 82.2269, 73.1378]
30   	13571.93    	0.016   	1.0000  	[27.1, 27.1, 27.1, 16.2]	[right, right, right, front]	[87.9703, 77.3952, 94.4698, 89.1263]
31   	13402.67    	0.015   	1.0000  	[27.1, 27.1, 27.1, 16.2]	[right, right, right, front]	[105.5249, 92.0450, 113.2449, 177.6689]
32   	13208.84    	0.015   	1.0000  	[27.1, 27.1, 27.1, 16.2]	[right, right, right, hover]	[121.0759, 107.8838, 128.2745, 142.4279]
33   	13018.55    	0.014   	1.0000  	[27.1, 27.1, 27.1, 16.2]	[right, right, right, hover]	[141.4807, 122.8622, 149.6999, 108.0494]
34   	12774.25    	0.014   	1.0000  	[27.1, 27.1, 27.1, 16.2]	[right, right, right, hover]	[169.6778, 148.2624, 180.9572, 86.5504]
35   	12470.53    	0.013   	1.0000  	[27.1, 27.1, 27.1, 16.2]	[right, right, right, right]	[220.3860, 184.7797, 220.0621, 71.1883]
36   	12190.83    	0.013   	1.0000  	[27.1, 27.1, 27.1, 16.2]	[front, right, front, up]	[197.6076, 180.7070, 197.1412, 63.5503]
37   	11927.14    	0.012   	1.0000  	[27.1, 27.1, 27.1, 21.7]	[front, front, front, right]	[187.4100, 161.4233, 186.9670, 76.5226]
38   	9886.78     	0.010   	1.0000  	[27.1, 27.1, 27.1, 21.7]	[front, front, front, right]	[193.5457, 153.7737, 193.0949, 104.6064]
39   	8541.23     	0.009   	1.0000  	[27.1, 27.1, 27.1, 21.7]	[front, front, front, right]	[210.8755, 159.4738, 210.5080, 116.3748]
40   	7834.10     	0.008   	1.0000  	[27.1, 27.1, 27.1, 21.7]	[front, front, front, right]	[242.5492, 170.0792, 242.1809, 124.3922]
41   	7001.01     	0.007   	1.0000  	[27.1, 27.1, 27.1, 21.7]	[front, front, front, right]	[296.6664, 196.0167, 296.3434, 160.3822]
42   	6167.10     	0.006   	1.0000  	[27.1, 27.1, 27.1, 21.7]	[front, front, front, right]	[260.2847, 238.4627, 259.8230, 184.5999]
43   	5419.83     	0.005   	1.0000  	[27.1, 27.1, 27.1, 21.7]	[down, front, down, right]	[234.7367, 200.1914, 250.6141, 202.0216]
44   	4715.90     	0.004   	1.0000  	[21.7, 27.1, 21.7, 21.7]	[right, down, right, right]	[235.4485, 198.6130, 234.6475, 194.5669]
45   	4197.20     	0.003   	1.0000  	[21.7, 21.7, 21.7, 21.7]	[front, right, front, right]	[167.6950, 146.6411, 166.8299, 164.7337]
46   	3868.07     	0.003   	1.0000  	[21.7, 21.7, 21.7, 21.7]	[hover, front, hover, down]	[101.9911, 100.3597, 101.3609, 115.6863]
47   	3669.74     	0.003   	1.0000  	[21.7, 21.7, 21.7, 16.2]	[hover, hover, hover, right]	[60.4044, 59.1029, 59.8645, 89.8280]
48   	3567.04     	0.002   	1.0000  	[21.7, 21.7, 21.7, 16.2]	[back, back, back, hover]	[35.1797, 34.5847, 34.9316, 49.4239]
49   	3494.79     	0.002   	1.0000  	[21.7, 21.7, 21.7, 16.2]	[front, hover, hover, hover]	[23.2163, 22.5283, 22.9261, 31.2339]
50   	3442.87     	0.002   	1.0000  	[21.7, 21.7, 21.7, 16.2]	[hover, front, front, hover]	[15.3057, 14.3547, 15.0642, 19.5963]
51   	3410.35     	0.002   	1.0000  	[21.7, 21.7, 21.7, 16.2]	[back, back, back, hover]	[9.6878, 9.1316, 9.5909, 9.7402]
52   	3390.72     	0.002   	1.0000  	[21.7, 21.7, 21.7, 16.2]	[up, back, up, hover]	[6.8942, 6.1055, 6.5446, 6.3912]
53   	3365.03     	0.002   	1.0000  	[27.1, 21.7, 27.1, 16.2]	[left, back, left, hover]	[7.3821, 8.3511, 6.9819, 4.3273]
54   	3342.14     	0.002   	1.0000  	[27.1, 21.7, 27.1, 16.2]	[left, back, left, hover]	[6.5899, 14.1766, 6.5795, 3.1205]
55   	3312.98     	0.002   	1.0000  	[27.1, 21.7, 27.1, 16.2]	[left, back, left, left]	[5.9396, 25.6524, 5.7415, 2.2035]
56   	3260.86     	0.002   	1.0000  	[27.1, 21.7, 27.1, 16.2]	[left, back, left, left]	[6.0729, 38.9726, 5.8290, 1.8264]
57   	3233.79     	0.002   	1.0000  	[27.1, 21.7, 27.1, 16.2]	[left, back, left, left]	[7.1000, 57.8758, 6.5369, 2.3438]
58   	3217.67     	0.002   	1.0000  	[27.1, 21.7, 27.1, 16.2]	[left, back, left, left]	[8.5394, 79.9747, 7.5726, 3.7685]
59   	3195.55     	0.002   	1.0000  	[27.1, 21.7, 27.1, 16.2]	[left, back, left, left]	[14.9689, 105.7703, 12.7912, 5.2501]
60   	3174.67     	0.002   	1.0000  	[27.1, 21.7, 27.1, 16.2]	[hover, hover, left, left]	[13.2326, 92.7974, 13.1896, 4.9560]
61   	3157.36     	0.002   	1.0000  	[27.1, 21.7, 27.1, 16.2]	[hover, hover, down, left]	[11.0834, 83.9330, 12.8821, 4.4633]
62   	3137.37     	0.002   	1.0000  	[27.1, 21.7, 21.7, 16.2]	[hover, hover, left, left]	[9.7226, 73.5058, 13.6942, 4.1119]
63   	3120.39     	0.002   	1.0000  	[27.1, 21.7, 21.7, 16.2]	[hover, hover, front, left]	[7.7601, 64.9872, 12.7059, 4.6202]
64   	3107.18     	0.002   	1.0000  	[27.1, 21.7, 21.7, 16.2]	[hover, hover, hover, left]	[6.3708, 56.0889, 10.2526, 9.0059]
65   	3092.46     	0.002   	1.0000  	[27.1, 21.7, 21.7, 16.2]	[hover, hover, hover, left]	[5.0317, 48.9957, 7.8939, 11.7720]
66   	3084.41     	0.001   	1.0000  	[27.1, 21.7, 21.7, 16.2]	[hover, hover, back, hover]	[3.3461, 44.1789, 4.8837, 6.7147]
67   	3077.37     	0.001   	1.0000  	[27.1, 21.7, 21.7, 16.2]	[back, hover, hover, hover]	[2.2967, 39.4665, 3.1576, 3.9136]
68   	3076.64     	0.001   	1.0000  	[27.1, 21.7, 21.7, 16.2]	[back, hover, hover, hover]	[1.8816, 36.1213, 2.1418, 2.5980]
69   	3073.06     	0.001   	1.0000  	[27.1, 21.7, 21.7, 16.2]	[back, hover, hover, hover]	[2.7706, 31.9085, 2.2043, 2.6003]
70   	3067.21     	0.001   	1.0000  	[27.1, 21.7, 21.7, 16.2]	[back, hover, right, hover]	[3.9764, 28.0996, 1.5339, 1.6406]
71   	3062.66     	0.001   	1.0000  	[27.1, 21.7, 21.7, 16.2]	[back, hover, hover, back]	[5.9947, 24.3180, 0.8985, 0.7987]
72   	2840.90     	0.001   	1.0000  	[27.1, 21.7, 21.7, 16.2]	[back, hover, back, hover]	[8.9492, 21.6832, 1.0050, 0.8638]
73   	2828.84     	0.001   	1.0000  	[27.1, 21.7, 21.7, 16.2]	[back, hover, back, front]	[12.4728, 19.2807, 1.0327, 0.7765]
74   	2820.23     	0.001   	1.0000  	[27.1, 21.7, 21.7, 16.2]	[hover, down, back, hover]	[11.2934, 17.4498, 1.1910, 0.6747]
75   	2801.15     	0.001   	1.0000  	[27.1, 16.2, 21.7, 16.2]	[hover, back, back, left]	[10.6006, 21.8721, 1.9268, 0.3614]
76   	2795.45     	0.001   	1.0000  	[27.1, 16.2, 21.7, 16.2]	[hover, right, back, back]	[9.4959, 19.6158, 2.7981, 0.1935]
77   	2790.25     	0.001   	1.0000  	[27.1, 16.2, 21.7, 16.2]	[hover, hover, back, up]	[8.3475, 17.4707, 4.4069, 0.1681]
78   	2754.42     	0.001   	1.0000  	[27.1, 16.2, 21.7, 21.7]	[hover, hover, back, back]	[7.8027, 13.6010, 6.5115, 0.3937]
79   	2742.42     	0.001   	1.0000  	[27.1, 16.2, 21.7, 21.7]	[hover, hover, back, back]	[6.8114, 10.8342, 9.8225, 0.2587]
80   	2735.82     	0.001   	1.0000  	[27.1, 16.2, 21.7, 21.7]	[hover, hover, left, back]	[5.6358, 8.9631, 9.2385, 0.4351]
81   	2729.37     	0.001   	1.0000  	[27.1, 16.2, 21.7, 21.7]	[hover, hover, hover, back]	[4.9744, 6.8775, 7.8770, 0.5413]
82   	2726.47     	0.001   	1.0000  	[27.1, 16.2, 21.7, 21.7]	[hover, hover, hover, back]	[4.1127, 5.9722, 6.3317, 1.0767]
83   	2720.67     	0.001   	1.0000  	[27.1, 16.2, 21.7, 21.7]	[hover, hover, hover, back]	[3.7109, 4.8001, 5.4755, 1.4432]
84   	2714.45     	0.001   	1.0000  	[27.1, 16.2, 21.7, 21.7]	[hover, hover, hover, back]	[3.1256, 4.2330, 4.5318, 1.9772]
85   	2712.55     	0.001   	1.0000  	[27.1, 16.2, 21.7, 21.7]	[hover, hover, hover, back]	[2.6399, 3.0297, 3.8176, 3.6829]
86   	2705.33     	0.001   	1.0000  	[27.1, 16.2, 21.7, 21.7]	[hover, hover, hover, right]	[2.3487, 2.8413, 3.3447, 3.3121]
87   	2700.93     	0.001   	1.0000  	[27.1, 16.2, 21.7, 21.7]	[hover, hover, right, right]	[1.6754, 1.9619, 2.1041, 2.0635]
88   	2697.09     	0.001   	1.0000  	[27.1, 16.2, 21.7, 21.7]	[hover, hover, right, right]	[1.1634, 1.6967, 1.7447, 1.4161]
89   	2339.12     	0.000   	1.0000  	[27.1, 16.2, 21.7, 21.7]	[hover, hover, right, right]	[0.8770, 1.1434, 2.0618, 1.0347]
90   	1898.22     	0.000   	1.0000  	[27.1, 16.2, 21.7, 21.7]	[hover, front, right, right]	[0.7163, 1.2614, 0.6396, 2.3369]
91   	1897.04     	0.000   	1.0000  	[27.1, 16.2, 21.7, 21.7]	[hover, back, left, hover]	[0.5897, 1.1334, 0.4617, 0.4744]
92   	1848.42     	0.000   	1.0000  	[27.1, 16.2, 21.7, 21.7]	[hover, left, back, hover]	[0.5247, 1.0373, 0.3869, 0.3967]
93   	1847.32     	0.000   	1.0000  	[27.1, 16.2, 21.7, 21.7]	[hover, right, left, left]	[0.5513, 0.6886, 0.4265, 0.4256]
94   	1845.53     	0.000   	1.0000  	[27.1, 16.2, 21.7, 21.7]	[hover, down, left, left]	[0.3715, 0.9277, 0.4686, 0.3438]
95   	1844.87     	0.000   	1.0000  	[27.1, 10.8, 21.7, 21.7]	[hover, right, left, left]	[0.1789, 0.4635, 0.2198, 0.2198]
96   	1844.84     	0.000   	1.0000  	[27.1, 10.8, 21.7, 21.7]	[front, back, down, left]	[0.1259, 0.2570, 0.1390, 0.1304]
97   	1844.27     	0.000   	1.0000  	[27.1, 10.8, 16.2, 21.7]	[hover, hover, left, down]	[0.1495, 0.1051, 0.1419, 0.0974]
98   	1844.59     	0.000   	1.0000  	[27.1, 10.8, 16.2, 16.2]	[hover, hover, hover, back]	[0.1189, 0.0491, 0.0502, 0.0502]
99   	1844.38     	0.000   	1.0000  	[27.1, 10.8, 16.2, 16.2]	[hover, left, back, back]	[0.1501, 0.1706, 0.0426, 0.0426]
[2025-12-18T15:12:41]
Strategy: greedy_ig
Pairwise: equal
News mode: IG_BM
Num agents: 4
Iteration: 11
Error margin: None
Gaussian radius 5 
Grid info: range: 0-50-50, cell_size:0.125, map shape: (400, 400), center:True
init UAV positions: [(-5.0, -25.0, 5.4), (-5.0, 20.0, 5.4), (20.0, -20.0, 5.4), (15.0, 25.0, 5.4)]
mcts_params: {}
Step	Entropy	MSE	Coverage	Heights	Actions	IGs
------------------------------------------------------------------------------------------------------------------------
0    	160000.00   	0.250   	0.0000  	[5.4, 5.4, 5.4, 5.4]	[-, -, -, -]	[-, -, -, -]
1    	158444.34   	0.242   	0.0469  	[5.4, 5.4, 5.4, 5.4]	[up, up, up, up]	[1952.2791, 3514.1024, 3162.6921, 1952.2791]
2    	157082.78   	0.235   	0.1694  	[10.8, 10.8, 10.8, 10.8]	[up, up, up, up]	[2191.4824, 3204.0331, 2315.8095, 2191.4824]
3    	155671.44   	0.228   	0.3311  	[16.2, 16.2, 16.2, 16.2]	[front, back, front, back]	[2506.0123, 3262.1322, 2429.3802, 2502.6005]
4    	151033.29   	0.212   	0.4194  	[16.2, 16.2, 16.2, 16.2]	[front, up, left, back]	[2765.3854, 3117.1505, 2655.9406, 2755.8071]
5    	148665.76   	0.203   	0.5514  	[16.2, 21.7, 16.2, 16.2]	[front, back, left, back]	[2966.2658, 3293.8623, 2666.7838, 2909.7628]
6    	146304.50   	0.193   	0.6491  	[16.2, 21.7, 16.2, 16.2]	[up, back, front, back]	[2998.7706, 3314.2419, 2705.8551, 2835.2007]
7    	120921.49   	0.149   	0.7772  	[21.7, 21.7, 16.2, 16.2]	[front, back, front, back]	[3171.2366, 3271.5616, 2602.3221, 2819.9996]
8    	115207.80   	0.136   	0.8303  	[21.7, 21.7, 16.2, 16.2]	[left, left, front, back]	[2874.0747, 2989.6354, 2456.4940, 2653.0254]
9    	112962.35   	0.128   	0.8959  	[21.7, 21.7, 16.2, 16.2]	[left, left, up, back]	[2832.7927, 2903.4768, 1994.0251, 2086.2358]
10   	78373.85    	0.093   	0.9575  	[21.7, 21.7, 21.7, 16.2]	[front, back, left, left]	[2451.8917, 2497.4582, 1715.6400, 1575.6718]
11   	76660.14    	0.088   	0.9575  	[21.7, 21.7, 21.7, 16.2]	[left, left, front, up]	[2071.1963, 2088.9057, 1182.6299, 1411.7446]
12   	43690.97    	0.058   	0.9769  	[21.7, 21.7, 21.7, 21.7]	[front, front, left, left]	[1723.7945, 1738.4452, 1017.2222, 1202.8387]
13   	41165.42    	0.053   	0.9784  	[21.7, 21.7, 21.7, 21.7]	[front, front, left, right]	[1394.8452, 1636.9939, 802.5735, 840.6230]
14   	38904.53    	0.049   	0.9878  	[21.7, 21.7, 21.7, 21.7]	[back, front, left, front]	[1144.5764, 1451.2987, 690.1496, 755.1015]
15   	36901.43    	0.045   	0.9934  	[21.7, 21.7, 21.7, 21.7]	[back, down, left, front]	[1029.2581, 1266.6259, 585.5897, 709.4034]
16   	35648.73    	0.043   	0.9934  	[21.7, 16.2, 21.7, 21.7]	[back, front, left, front]	[1062.9025, 1134.1604, 518.4580, 737.9040]
17   	34921.31    	0.040   	0.9950  	[21.7, 16.2, 21.7, 21.7]	[hover, left, left, right]	[896.4394, 1002.0463, 515.1114, 699.5233]
18   	34300.17    	0.039   	1.0000  	[21.7, 16.2, 21.7, 21.7]	[hover, hover, left, hover]	[745.4918, 774.0960, 512.5468, 603.8543]
19   	34012.73    	0.038   	1.0000  	[21.7, 16.2, 21.7, 21.7]	[hover, hover, back, hover]	[615.4475, 605.5230, 456.7132, 524.1769]
20   	33782.13    	0.037   	1.0000  	[21.7, 16.2, 21.7, 21.7]	[hover, back, back, left]	[499.0117, 476.7138, 419.1440, 463.5602]
21   	33582.85    	0.036   	1.0000  	[21.7, 16.2, 21.7, 21.7]	[hover, front, back, left]	[396.8908, 397.0281, 367.5916, 446.6063]
22   	28824.12    	0.030   	1.0000  	[21.7, 16.2, 21.7, 21.7]	[hover, right, left, left]	[311.1593, 332.1698, 305.3456, 466.1274]
23   	28588.05    	0.030   	1.0000  	[21.7, 16.2, 21.7, 21.7]	[hover, up, hover, left]	[234.9537, 290.4324, 229.4515, 370.9010]
24   	28336.58    	0.029   	1.0000  	[21.7, 21.7, 21.7, 21.7]	[right, back, right, left]	[190.7679, 306.8302, 183.2340, 323.7234]
25   	24453.82    	0.025   	1.0000  	[21.7, 21.7, 21.7, 21.7]	[right, back, right, left]	[201.0980, 277.4551, 186.0212, 287.2612]
26   	24197.56    	0.024   	1.0000  	[21.7, 21.7, 21.7, 21.7]	[right, front, right, left]	[254.7277, 222.8275, 238.6079, 269.7155]
27   	23941.57    	0.023   	1.0000  	[21.7, 21.7, 21.7, 21.7]	[right, back, right, left]	[311.6443, 182.5214, 291.4246, 241.3409]
28   	16809.21    	0.017   	1.0000  	[21.7, 21.7, 21.7, 21.7]	[right, hover, right, back]	[330.6585, 149.4533, 304.6635, 228.2164]
29   	16590.27    	0.016   	1.0000  	[21.7, 21.7, 21.7, 21.7]	[right, front, right, up]	[304.4486, 127.2509, 294.6276, 150.4054]
30   	16404.55    	0.016   	1.0000  	[21.7, 21.7, 21.7, 27.1]	[right, right, right, hover]	[305.6111, 104.6415, 294.1313, 130.1994]
31   	16200.81    	0.016   	1.0000  	[21.7, 21.7, 21.7, 27.1]	[right, right, right, hover]	[323.9775, 92.8612, 309.2706, 115.0520]
32   	15985.26    	0.015   	1.0000  	[21.7, 21.7, 21.7, 27.1]	[right, right, right, back]	[397.0986, 91.1706, 374.3729, 103.2957]
33   	15774.01    	0.014   	1.0000  	[21.7, 21.7, 21.7, 27.1]	[hover, right, front, back]	[309.8262, 95.1175, 308.5884, 107.8326]
34   	8822.15     	0.008   	1.0000  	[21.7, 21.7, 21.7, 27.1]	[hover, right, front, back]	[237.9785, 104.3330, 258.7215, 113.0049]
35   	8460.55     	0.008   	1.0000  	[21.7, 21.7, 21.7, 27.1]	[hover, right, front, back]	[190.4634, 116.7679, 177.8696, 61.4062]
36   	7425.73     	0.007   	1.0000  	[21.7, 21.7, 21.7, 27.1]	[hover, right, front, back]	[154.4889, 131.2785, 162.8356, 66.4935]
37   	7196.19     	0.006   	1.0000  	[21.7, 21.7, 21.7, 27.1]	[hover, right, front, back]	[127.0217, 158.5419, 148.7928, 70.4156]
38   	6973.72     	0.006   	1.0000  	[21.7, 21.7, 21.7, 27.1]	[hover, right, front, hover]	[107.1266, 213.9887, 146.0566, 65.5611]
39   	6777.79     	0.005   	1.0000  	[21.7, 21.7, 21.7, 27.1]	[hover, hover, front, hover]	[92.0685, 175.7911, 135.9973, 59.9770]
40   	6588.06     	0.005   	1.0000  	[21.7, 21.7, 21.7, 27.1]	[hover, hover, front, hover]	[79.1015, 141.2793, 135.1667, 55.0521]
41   	6508.37     	0.005   	1.0000  	[21.7, 21.7, 21.7, 27.1]	[hover, hover, front, hover]	[70.4583, 107.9637, 106.5627, 51.3696]
42   	4935.26     	0.004   	1.0000  	[21.7, 21.7, 21.7, 27.1]	[hover, back, hover, hover]	[62.0020, 88.3593, 83.3829, 48.0737]
43   	4887.63     	0.003   	1.0000  	[21.7, 21.7, 21.7, 27.1]	[hover, front, hover, hover]	[54.3630, 69.1808, 67.9825, 44.2607]
44   	4683.70     	0.003   	1.0000  	[21.7, 21.7, 21.7, 27.1]	[hover, hover, back, hover]	[47.2009, 55.5788, 55.1265, 40.9789]
45   	4644.56     	0.003   	1.0000  	[21.7, 21.7, 21.7, 27.1]	[hover, hover, front, hover]	[41.8839, 43.8853, 43.0576, 37.8855]
46   	4565.50     	0.003   	1.0000  	[21.7, 21.7, 21.7, 27.1]	[hover, hover, back, hover]	[36.5621, 32.4447, 32.4877, 35.9332]
47   	4520.87     	0.003   	1.0000  	[21.7, 21.7, 21.7, 27.1]	[hover, hover, hover, hover]	[32.6315, 24.1954, 24.0757, 33.8334]
48   	4487.94     	0.003   	1.0000  	[21.7, 21.7, 21.7, 27.1]	[hover, left, left, hover]	[28.6389, 19.6443, 19.4920, 32.3145]
49   	4457.61     	0.003   	1.0000  	[21.7, 21.7, 21.7, 27.1]	[hover, up, up, hover]	[25.2828, 17.5539, 17.7671, 30.2726]
50   	4259.17     	0.002   	1.0000  	[21.7, 27.1, 27.1, 27.1]	[hover, back, hover, hover]	[22.5231, 18.1638, 15.2986, 28.4448]
51   	4216.50     	0.002   	1.0000  	[21.7, 27.1, 27.1, 27.1]	[hover, hover, hover, hover]	[20.3818, 13.3971, 13.2785, 27.4233]
52   	4188.71     	0.002   	1.0000  	[21.7, 27.1, 27.1, 27.1]	[hover, hover, hover, hover]	[17.7719, 12.4940, 12.3338, 25.4935]
53   	4150.80     	0.002   	1.0000  	[21.7, 27.1, 27.1, 27.1]	[hover, hover, hover, hover]	[16.1299, 10.7279, 10.6134, 23.9748]
54   	4126.71     	0.002   	1.0000  	[21.7, 27.1, 27.1, 27.1]	[hover, hover, hover, hover]	[13.8247, 9.1646, 9.1550, 22.5128]
55   	4106.90     	0.002   	1.0000  	[21.7, 27.1, 27.1, 27.1]	[hover, left, left, hover]	[12.2740, 8.2726, 8.2873, 21.1718]
56   	3002.24     	0.001   	1.0000  	[21.7, 27.1, 27.1, 27.1]	[hover, left, left, hover]	[11.3535, 7.9502, 7.8133, 19.7698]
57   	2542.23     	0.001   	1.0000  	[21.7, 27.1, 27.1, 27.1]	[hover, left, left, hover]	[9.9809, 7.1785, 9.0802, 18.1016]
58   	2515.29     	0.001   	1.0000  	[21.7, 27.1, 27.1, 27.1]	[hover, left, left, hover]	[8.8196, 9.0107, 8.9902, 17.0135]
59   	2493.14     	0.001   	1.0000  	[21.7, 27.1, 27.1, 27.1]	[hover, left, left, hover]	[7.8102, 12.7315, 12.7173, 15.7680]
60   	2461.62     	0.001   	1.0000  	[21.7, 27.1, 27.1, 27.1]	[hover, left, left, hover]	[7.1764, 17.8860, 17.7852, 14.9909]
61   	2423.56     	0.001   	1.0000  	[21.7, 27.1, 27.1, 27.1]	[hover, left, left, hover]	[6.6701, 21.2230, 21.0123, 14.0887]
62   	2396.41     	0.001   	1.0000  	[21.7, 27.1, 27.1, 27.1]	[hover, hover, down, hover]	[5.4978, 18.2038, 19.2170, 13.0057]
63   	2356.01     	0.001   	1.0000  	[21.7, 27.1, 21.7, 27.1]	[hover, hover, left, hover]	[4.7611, 16.2333, 23.6285, 12.0960]
64   	2326.97     	0.001   	1.0000  	[21.7, 27.1, 21.7, 27.1]	[hover, hover, front, hover]	[3.9845, 12.9592, 20.6978, 10.8783]
65   	2304.62     	0.001   	1.0000  	[21.7, 27.1, 21.7, 27.1]	[hover, hover, hover, hover]	[3.7488, 11.1843, 17.5923, 9.7169]
66   	2287.12     	0.001   	1.0000  	[21.7, 27.1, 21.7, 27.1]	[hover, hover, hover, hover]	[3.3783, 9.6046, 14.8653, 8.8996]
67   	2266.68     	0.000   	1.0000  	[21.7, 27.1, 21.7, 27.1]	[hover, hover, hover, hover]	[3.0933, 8.1397, 12.5100, 8.4427]
68   	2254.06     	0.000   	1.0000  	[21.7, 27.1, 21.7, 27.1]	[front, hover, hover, hover]	[2.6930, 6.8838, 10.5243, 7.6785]
69   	2239.16     	0.000   	1.0000  	[21.7, 27.1, 21.7, 27.1]	[up, hover, hover, hover]	[2.5349, 6.0563, 8.9035, 7.2896]
70   	2231.07     	0.000   	1.0000  	[27.1, 27.1, 21.7, 27.1]	[front, hover, hover, hover]	[2.5629, 5.4716, 8.1887, 6.5411]
71   	2219.08     	0.000   	1.0000  	[27.1, 27.1, 21.7, 27.1]	[front, hover, hover, hover]	[2.5566, 4.5947, 6.8669, 6.4842]
72   	2207.48     	0.000   	1.0000  	[27.1, 27.1, 21.7, 27.1]	[down, hover, hover, hover]	[3.0411, 3.8836, 5.6818, 6.2059]
73   	2203.15     	0.000   	1.0000  	[21.7, 27.1, 21.7, 27.1]	[front, hover, hover, hover]	[2.6874, 3.1400, 4.5057, 5.8213]
74   	2197.32     	0.000   	1.0000  	[21.7, 27.1, 21.7, 27.1]	[front, down, hover, hover]	[2.9851, 2.8560, 4.0467, 5.6068]
75   	2192.12     	0.000   	1.0000  	[21.7, 21.7, 21.7, 27.1]	[front, left, hover, hover]	[3.2939, 2.8863, 3.3518, 5.2228]
76   	2184.51     	0.000   	1.0000  	[21.7, 21.7, 21.7, 27.1]	[front, front, hover, hover]	[3.9656, 2.8834, 2.8033, 4.8186]
77   	2178.48     	0.000   	1.0000  	[21.7, 21.7, 21.7, 27.1]	[front, hover, hover, hover]	[5.7450, 1.9422, 1.8656, 4.3350]
78   	2174.62     	0.000   	1.0000  	[21.7, 21.7, 21.7, 27.1]	[left, hover, hover, hover]	[5.6342, 1.4076, 1.3885, 3.9851]
79   	1951.69     	0.000   	1.0000  	[21.7, 21.7, 21.7, 27.1]	[left, hover, hover, hover]	[5.2768, 1.2262, 1.2139, 3.7613]
80   	1946.82     	0.000   	1.0000  	[21.7, 21.7, 21.7, 27.1]	[right, hover, hover, hover]	[2.3305, 0.8780, 0.8750, 3.4551]
81   	1945.09     	0.000   	1.0000  	[21.7, 21.7, 21.7, 27.1]	[right, hover, hover, hover]	[3.0983, 0.6951, 0.6920, 3.0392]
82   	1941.30     	0.000   	1.0000  	[21.7, 21.7, 21.7, 27.1]	[hover, right, right, hover]	[2.7011, 0.5397, 0.5391, 3.0217]
83   	1939.25     	0.000   	1.0000  	[21.7, 21.7, 21.7, 27.1]	[hover, hover, front, hover]	[2.6471, 0.5815, 0.5785, 2.4608]
84   	1938.07     	0.000   	1.0000  	[21.7, 21.7, 21.7, 27.1]	[hover, left, left, hover]	[2.4845, 0.3608, 0.3601, 2.3531]
85   	1937.31     	0.000   	1.0000  	[21.7, 21.7, 21.7, 27.1]	[hover, back, back, back]	[2.3426, 0.3756, 0.3540, 2.1888]
86   	1936.50     	0.000   	1.0000  	[21.7, 21.7, 21.7, 27.1]	[hover, back, hover, down]	[2.2549, 0.3280, 0.3059, 2.4237]
87   	1934.78     	0.000   	1.0000  	[21.7, 21.7, 21.7, 21.7]	[hover, back, hover, left]	[2.0894, 0.3819, 0.2500, 2.9394]
88   	1932.93     	0.000   	1.0000  	[21.7, 21.7, 21.7, 21.7]	[hover, back, right, hover]	[1.8281, 0.4810, 0.1803, 2.3818]
89   	1927.01     	0.000   	1.0000  	[21.7, 21.7, 21.7, 21.7]	[hover, back, right, hover]	[1.5126, 0.4601, 0.1913, 1.8375]
90   	1927.70     	0.000   	1.0000  	[21.7, 21.7, 21.7, 21.7]	[hover, up, right, hover]	[1.3666, 0.3994, 0.2295, 1.4590]
91   	1925.44     	0.000   	1.0000  	[21.7, 27.1, 21.7, 21.7]	[hover, back, right, hover]	[1.3988, 0.5971, 0.3923, 1.4788]
92   	1922.69     	0.000   	1.0000  	[21.7, 27.1, 21.7, 21.7]	[hover, back, right, hover]	[1.2248, 0.5993, 0.2672, 1.0780]
93   	1922.33     	0.000   	1.0000  	[21.7, 27.1, 21.7, 21.7]	[hover, back, right, down]	[0.8687, 0.4094, 0.2503, 0.6548]
94   	1921.85     	0.000   	1.0000  	[21.7, 27.1, 21.7, 16.2]	[hover, down, right, back]	[0.6849, 0.6718, 0.3818, 1.0630]
95   	1921.29     	0.000   	1.0000  	[21.7, 21.7, 21.7, 16.2]	[hover, down, right, hover]	[0.6193, 0.6751, 0.3751, 0.7985]
96   	1920.92     	0.000   	1.0000  	[21.7, 16.2, 21.7, 16.2]	[hover, back, right, hover]	[0.5550, 0.7714, 0.4169, 0.7555]
97   	1920.72     	0.000   	1.0000  	[21.7, 16.2, 21.7, 16.2]	[back, back, back, hover]	[0.3668, 0.6147, 0.2406, 0.5880]
98   	1920.01     	0.000   	1.0000  	[21.7, 16.2, 21.7, 16.2]	[back, hover, back, right]	[0.3360, 0.4719, 0.3391, 0.4959]
99   	1919.81     	0.000   	1.0000  	[21.7, 16.2, 21.7, 16.2]	[back, down, back, down]	[0.3918, 0.4678, 0.2069, 0.5000]
[2025-12-18T15:12:54]
Strategy: greedy_ig
Pairwise: equal
News mode: IG_BM
Num agents: 4
Iteration: 12
Error margin: None
Gaussian radius 5 
Grid info: range: 0-50-50, cell_size:0.125, map shape: (400, 400), center:True
init UAV positions: [(-20.0, -20.0, 5.4), (-20.0, 15.0, 5.4), (15.0, -25.0, 5.4), (25.0, 15.0, 5.4)]
mcts_params: {}
Step	Entropy	MSE	Coverage	Heights	Actions	IGs
------------------------------------------------------------------------------------------------------------------------
0    	160000.00   	0.250   	0.0000  	[5.4, 5.4, 5.4, 5.4]	[-, -, -, -]	[-, -, -, -]
1    	158444.34   	0.242   	0.0469  	[5.4, 5.4, 5.4, 5.4]	[up, up, up, up]	[3162.6921, 3514.1024, 1952.2791, 1952.2791]
2    	157933.56   	0.238   	0.1694  	[10.8, 10.8, 10.8, 10.8]	[up, up, up, up]	[2315.8095, 3204.0331, 2191.4824, 2191.4824]
3    	157408.32   	0.233   	0.3311  	[16.2, 16.2, 16.2, 16.2]	[right, right, front, left]	[2420.2820, 3253.9817, 2503.3587, 2510.5615]
4    	156860.14   	0.228   	0.4194  	[16.2, 16.2, 16.2, 16.2]	[front, right, front, left]	[2649.4130, 3133.2430, 2762.0137, 2757.4653]
5    	156302.95   	0.224   	0.5116  	[16.2, 16.2, 16.2, 16.2]	[front, right, front, left]	[2663.7820, 2962.0728, 2965.3410, 2956.3511]
6    	151336.92   	0.207   	0.6038  	[16.2, 16.2, 16.2, 16.2]	[right, up, front, left]	[2716.5199, 2922.0719, 2898.1637, 2904.8423]
7    	149921.32   	0.200   	0.7350  	[16.2, 21.7, 16.2, 16.2]	[up, back, front, left]	[2790.9823, 3059.3751, 2895.9446, 2812.0367]
8    	128789.21   	0.155   	0.8569  	[21.7, 21.7, 16.2, 16.2]	[right, back, front, back]	[2883.3763, 3003.1600, 2910.0221, 2617.6509]
9    	110926.24   	0.124   	0.9341  	[21.7, 21.7, 16.2, 16.2]	[right, back, left, up]	[2889.5385, 2548.0962, 2701.9871, 2366.3106]
10   	78550.41    	0.091   	0.9759  	[21.7, 21.7, 16.2, 21.7]	[front, right, up, back]	[2516.3658, 2230.9212, 2404.4207, 2011.9519]
11   	47189.79    	0.062   	0.9794  	[21.7, 21.7, 21.7, 21.7]	[right, back, left, back]	[2036.1964, 1745.3021, 1806.2762, 1650.8968]
12   	43026.60    	0.055   	0.9805  	[21.7, 21.7, 21.7, 21.7]	[back, left, left, right]	[1506.2267, 1400.8543, 1381.7217, 1315.9265]
13   	38435.91    	0.049   	0.9841  	[21.7, 21.7, 21.7, 21.7]	[down, left, back, back]	[1218.8737, 1315.7115, 1095.5687, 1124.2235]
14   	35489.25    	0.044   	0.9900  	[16.2, 21.7, 21.7, 21.7]	[back, back, back, back]	[1003.8242, 1126.0870, 961.7046, 944.8884]
15   	33257.14    	0.041   	0.9908  	[16.2, 21.7, 21.7, 21.7]	[right, back, left, back]	[760.0269, 951.9996, 720.7257, 802.6900]
16   	31546.36    	0.038   	0.9916  	[16.2, 21.7, 21.7, 21.7]	[right, front, right, back]	[529.6785, 819.1271, 525.3641, 684.5091]
17   	30862.71    	0.036   	0.9923  	[16.2, 21.7, 21.7, 21.7]	[right, front, right, front]	[363.8648, 735.3590, 422.0833, 561.1444]
18   	30282.73    	0.035   	0.9923  	[16.2, 21.7, 21.7, 21.7]	[right, front, right, front]	[264.3155, 711.6997, 403.6461, 503.4477]
19   	29730.84    	0.034   	0.9923  	[16.2, 21.7, 21.7, 21.7]	[right, front, right, front]	[225.2103, 725.6187, 375.4644, 486.0293]
20   	29188.29    	0.033   	0.9938  	[16.2, 21.7, 21.7, 21.7]	[right, front, hover, front]	[233.9424, 788.6063, 290.9519, 493.0892]
21   	23774.93    	0.027   	0.9938  	[16.2, 21.7, 21.7, 21.7]	[right, right, hover, front]	[252.4303, 733.6240, 219.9936, 550.0287]
22   	23103.02    	0.026   	0.9938  	[16.2, 21.7, 21.7, 21.7]	[hover, front, front, front]	[172.8546, 681.5673, 167.4226, 681.3065]
23   	22468.87    	0.024   	0.9938  	[16.2, 21.7, 21.7, 21.7]	[hover, right, front, front]	[122.1983, 637.5812, 158.3865, 691.3532]
24   	21918.80    	0.023   	0.9995  	[16.2, 21.7, 21.7, 21.7]	[hover, right, front, left]	[96.3147, 575.6930, 146.9189, 578.5120]
25   	18658.95    	0.020   	0.9995  	[16.2, 21.7, 21.7, 21.7]	[front, right, front, left]	[76.7068, 492.7124, 150.2933, 483.7606]
26   	18093.91    	0.019   	0.9995  	[16.2, 21.7, 21.7, 21.7]	[up, down, front, left]	[62.9921, 402.7013, 147.6553, 391.0531]
27   	17623.32    	0.018   	0.9995  	[21.7, 16.2, 21.7, 21.7]	[left, front, front, hover]	[66.1700, 319.8175, 152.0232, 296.5424]
28   	17139.56    	0.017   	0.9995  	[21.7, 16.2, 21.7, 21.7]	[left, left, front, right]	[69.0911, 247.3457, 168.5109, 231.8082]
29   	16852.31    	0.016   	0.9995  	[21.7, 16.2, 21.7, 21.7]	[left, left, front, right]	[85.4698, 200.8842, 253.7908, 204.5768]
30   	16561.51    	0.016   	0.9995  	[21.7, 16.2, 21.7, 21.7]	[left, left, left, right]	[110.6060, 202.4773, 206.9091, 203.7995]
31   	16472.95    	0.015   	0.9995  	[21.7, 16.2, 21.7, 21.7]	[left, left, hover, hover]	[141.7157, 240.1952, 160.0753, 155.7922]
32   	16391.56    	0.015   	0.9995  	[21.7, 16.2, 21.7, 21.7]	[left, left, hover, hover]	[173.0911, 299.2497, 125.6137, 120.7928]
33   	16320.81    	0.015   	1.0000  	[21.7, 16.2, 21.7, 21.7]	[left, hover, right, hover]	[215.5583, 232.4105, 96.3526, 92.4250]
34   	16249.97    	0.015   	1.0000  	[21.7, 16.2, 21.7, 21.7]	[left, back, left, hover]	[262.7538, 188.5962, 75.5461, 70.9253]
35   	16177.94    	0.014   	1.0000  	[21.7, 16.2, 21.7, 21.7]	[left, back, left, hover]	[332.8760, 179.3261, 63.7763, 55.0082]
36   	10752.22    	0.009   	1.0000  	[21.7, 16.2, 21.7, 21.7]	[left, back, left, hover]	[379.4339, 219.3133, 63.5129, 44.2401]
37   	10529.62    	0.009   	1.0000  	[21.7, 16.2, 21.7, 21.7]	[front, back, left, hover]	[318.0625, 244.9197, 62.9340, 37.4563]
38   	8361.92     	0.007   	1.0000  	[21.7, 16.2, 21.7, 21.7]	[front, back, left, hover]	[272.7439, 230.1663, 63.1012, 32.9043]
39   	8168.62     	0.006   	1.0000  	[21.7, 16.2, 21.7, 21.7]	[back, back, left, hover]	[215.6388, 194.8855, 58.0326, 28.8348]
40   	7954.80     	0.006   	1.0000  	[21.7, 16.2, 21.7, 21.7]	[back, back, left, back]	[194.1885, 174.2820, 63.5269, 26.3492]
41   	7734.05     	0.006   	1.0000  	[21.7, 16.2, 21.7, 21.7]	[hover, back, left, up]	[158.4769, 140.4104, 76.7804, 26.9628]
42   	7488.40     	0.005   	1.0000  	[21.7, 16.2, 21.7, 27.1]	[hover, back, left, left]	[124.9638, 108.9211, 103.9065, 32.1014]
43   	7342.24     	0.005   	1.0000  	[21.7, 16.2, 21.7, 27.1]	[hover, back, hover, back]	[99.2777, 91.6990, 91.0419, 35.5564]
44   	7192.34     	0.005   	1.0000  	[21.7, 16.2, 21.7, 27.1]	[hover, back, hover, back]	[79.6854, 98.1169, 81.5126, 36.7286]
45   	6617.74     	0.004   	1.0000  	[21.7, 16.2, 21.7, 27.1]	[front, hover, hover, back]	[57.0961, 64.3557, 69.6861, 41.5690]
46   	6577.85     	0.004   	1.0000  	[21.7, 16.2, 21.7, 27.1]	[back, hover, hover, back]	[43.3871, 44.6026, 58.1233, 48.4563]
47   	4134.62     	0.002   	1.0000  	[21.7, 16.2, 21.7, 27.1]	[right, hover, hover, back]	[37.5698, 32.4986, 49.9715, 61.9177]
48   	3994.06     	0.002   	1.0000  	[21.7, 16.2, 21.7, 27.1]	[front, hover, hover, back]	[29.3072, 23.6611, 44.2816, 24.1541]
49   	3143.77     	0.001   	1.0000  	[21.7, 16.2, 21.7, 27.1]	[up, right, hover, back]	[25.2546, 18.4373, 37.9074, 29.5179]
50   	3092.32     	0.001   	1.0000  	[27.1, 16.2, 21.7, 27.1]	[hover, up, hover, hover]	[21.6803, 15.2621, 32.7773, 27.6994]
51   	3030.01     	0.001   	1.0000  	[27.1, 21.7, 21.7, 27.1]	[hover, front, hover, hover]	[19.3330, 18.5844, 29.1474, 24.7110]
52   	2691.05     	0.001   	1.0000  	[27.1, 21.7, 21.7, 27.1]	[hover, front, hover, hover]	[16.2863, 20.1147, 25.7749, 22.4125]
53   	2657.00     	0.001   	1.0000  	[27.1, 21.7, 21.7, 27.1]	[hover, back, hover, hover]	[13.5653, 12.8331, 21.5844, 19.8304]
54   	2622.15     	0.001   	1.0000  	[27.1, 21.7, 21.7, 27.1]	[hover, right, hover, hover]	[11.9199, 11.8005, 18.3958, 18.4626]
55   	2597.52     	0.001   	1.0000  	[27.1, 21.7, 21.7, 27.1]	[hover, left, hover, hover]	[9.8100, 9.1212, 16.3857, 16.3337]
56   	2573.68     	0.001   	1.0000  	[27.1, 21.7, 21.7, 27.1]	[hover, right, hover, hover]	[8.4182, 8.0874, 14.5325, 14.9385]
57   	2555.89     	0.001   	1.0000  	[27.1, 21.7, 21.7, 27.1]	[hover, up, hover, hover]	[7.2738, 6.8072, 12.7129, 13.7791]
58   	2485.31     	0.001   	1.0000  	[27.1, 27.1, 21.7, 27.1]	[hover, front, hover, hover]	[6.0962, 6.8455, 11.3875, 12.5234]
59   	2469.20     	0.001   	1.0000  	[27.1, 27.1, 21.7, 27.1]	[hover, hover, hover, hover]	[4.8520, 4.9571, 8.9325, 11.4199]
60   	2447.99     	0.001   	1.0000  	[27.1, 27.1, 21.7, 27.1]	[hover, hover, hover, hover]	[4.3834, 4.4890, 7.8560, 11.0405]
61   	2435.08     	0.001   	1.0000  	[27.1, 27.1, 21.7, 27.1]	[hover, hover, hover, hover]	[3.6349, 3.7419, 6.6780, 10.1891]
62   	2417.65     	0.001   	1.0000  	[27.1, 27.1, 21.7, 27.1]	[hover, hover, back, hover]	[3.2298, 3.3355, 5.8565, 9.4297]
63   	2407.33     	0.001   	1.0000  	[27.1, 27.1, 21.7, 27.1]	[right, right, front, hover]	[2.6570, 2.7039, 5.2618, 8.4531]
64   	2391.14     	0.001   	1.0000  	[27.1, 27.1, 21.7, 27.1]	[hover, left, hover, hover]	[2.3587, 2.5080, 4.8381, 7.9727]
65   	2383.50     	0.001   	1.0000  	[27.1, 27.1, 21.7, 27.1]	[left, hover, hover, hover]	[2.0383, 2.1594, 4.1101, 7.3710]
66   	2375.52     	0.001   	1.0000  	[27.1, 27.1, 21.7, 27.1]	[hover, hover, hover, hover]	[1.6211, 1.7660, 4.1404, 6.9479]
67   	2367.59     	0.001   	1.0000  	[27.1, 27.1, 21.7, 27.1]	[hover, hover, hover, hover]	[1.5322, 1.6506, 3.6973, 6.5835]
68   	2355.82     	0.001   	1.0000  	[27.1, 27.1, 21.7, 27.1]	[hover, hover, hover, hover]	[1.5651, 1.6025, 3.4928, 5.8899]
69   	2350.18     	0.001   	1.0000  	[27.1, 27.1, 21.7, 27.1]	[right, right, hover, hover]	[1.2526, 1.2559, 2.7329, 5.3153]
70   	2341.49     	0.000   	1.0000  	[27.1, 27.1, 21.7, 27.1]	[left, left, hover, hover]	[1.1323, 1.1460, 2.5220, 5.0489]
71   	2332.86     	0.000   	1.0000  	[27.1, 27.1, 21.7, 27.1]	[hover, hover, right, hover]	[1.0842, 1.0954, 2.3157, 4.5158]
72   	2326.78     	0.000   	1.0000  	[27.1, 27.1, 21.7, 27.1]	[hover, hover, right, hover]	[0.8742, 0.8797, 2.2778, 4.1531]
73   	2323.84     	0.000   	1.0000  	[27.1, 27.1, 21.7, 27.1]	[right, right, right, hover]	[0.7645, 0.7648, 3.1064, 3.7747]
74   	2026.97     	0.000   	1.0000  	[27.1, 27.1, 21.7, 27.1]	[right, right, right, hover]	[0.8739, 0.8743, 5.0900, 3.8623]
75   	2020.58     	0.000   	1.0000  	[27.1, 27.1, 21.7, 27.1]	[right, right, right, hover]	[1.0917, 1.0926, 5.3065, 3.6526]
76   	2012.33     	0.000   	1.0000  	[27.1, 27.1, 21.7, 27.1]	[right, right, right, hover]	[1.2080, 1.2081, 6.6275, 3.3897]
77   	2005.48     	0.000   	1.0000  	[27.1, 27.1, 21.7, 27.1]	[right, right, right, hover]	[1.4693, 1.4693, 9.0617, 3.2882]
78   	1986.50     	0.000   	1.0000  	[27.1, 27.1, 21.7, 27.1]	[right, right, right, hover]	[1.7973, 1.7974, 13.1970, 3.1404]
79   	1969.21     	0.000   	1.0000  	[27.1, 27.1, 21.7, 27.1]	[right, right, right, hover]	[2.8285, 2.8287, 12.7867, 2.8299]
80   	1951.10     	0.000   	1.0000  	[27.1, 27.1, 21.7, 27.1]	[hover, hover, hover, hover]	[2.2756, 2.2761, 11.5500, 2.2784]
81   	1935.30     	0.000   	1.0000  	[27.1, 27.1, 21.7, 27.1]	[hover, hover, hover, hover]	[1.9310, 1.9311, 9.8516, 1.9358]
82   	1924.48     	0.000   	1.0000  	[27.1, 27.1, 21.7, 27.1]	[hover, hover, hover, hover]	[1.2807, 1.2807, 8.7131, 1.2898]
83   	1914.91     	0.000   	1.0000  	[27.1, 27.1, 21.7, 27.1]	[hover, hover, hover, hover]	[0.9846, 0.9846, 7.8818, 0.9893]
84   	1904.93     	0.000   	1.0000  	[27.1, 27.1, 21.7, 27.1]	[hover, hover, hover, hover]	[0.8161, 0.8161, 6.9631, 0.8252]
85   	1899.35     	0.000   	1.0000  	[27.1, 27.1, 21.7, 27.1]	[right, right, hover, hover]	[0.6265, 0.6265, 5.9850, 0.6312]
86   	1890.70     	0.000   	1.0000  	[27.1, 27.1, 21.7, 27.1]	[down, down, hover, hover]	[0.7282, 0.6979, 5.5117, 0.5533]
87   	1888.12     	0.000   	1.0000  	[21.7, 21.7, 21.7, 27.1]	[back, back, hover, hover]	[0.6604, 0.6608, 4.5781, 0.3794]
88   	1886.08     	0.000   	1.0000  	[21.7, 21.7, 21.7, 27.1]	[hover, hover, hover, front]	[0.3688, 0.3692, 4.2551, 0.2922]
89   	1884.46     	0.000   	1.0000  	[21.7, 21.7, 21.7, 27.1]	[hover, hover, left, front]	[0.2694, 0.2695, 3.6506, 0.2694]
90   	1883.41     	0.000   	1.0000  	[21.7, 21.7, 21.7, 27.1]	[hover, hover, hover, front]	[0.2877, 0.2877, 2.9661, 0.3186]
91   	1883.32     	0.000   	1.0000  	[21.7, 21.7, 21.7, 27.1]	[hover, hover, right, front]	[0.2690, 0.2690, 2.7035, 0.4270]
92   	1881.50     	0.000   	1.0000  	[21.7, 21.7, 21.7, 27.1]	[hover, hover, hover, front]	[0.1853, 0.1853, 2.6526, 0.6495]
93   	1876.57     	0.000   	1.0000  	[21.7, 21.7, 21.7, 27.1]	[hover, hover, hover, front]	[0.1144, 0.1145, 2.2606, 1.1225]
94   	1877.03     	0.000   	1.0000  	[21.7, 21.7, 21.7, 27.1]	[hover, hover, hover, front]	[0.0302, 0.0302, 1.6636, 1.1803]
95   	1876.38     	0.000   	1.0000  	[21.7, 21.7, 21.7, 27.1]	[right, right, hover, hover]	[0.0987, 0.0987, 1.5866, 1.1492]
