[2025-12-11T10:41:09]
Strategy: greedy_ig
Pairwise: equal
Num agents: 2
Iteration: 0
Error margin: None
Gaussian radius 4 
Grid info: range: 0-50-50, cell_size:0.125, map shape: (400, 400), center:True
init UAV positions: [(25.0, 25.0, 5.4), (-25.0, 25.0, 5.4)]
mcts_params: {}
Step	Entropy	MSE	Coverage	Heights	Actions	IGs
------------------------------------------------------------------------------------------------------------------------
0    	158826.13   	0.435   	0.0078  	[5.4, 5.4]	[up, up]	[807.8971, 807.8971]
1    	155956.52   	0.439   	0.0312  	[10.8, 10.8]	[up, up]	[1049.1203, 1047.0929]
2    	152541.47   	0.449   	0.0703  	[16.2, 16.2]	[back, back]	[1218.5389, 1211.2301]
3    	149897.95   	0.443   	0.0938  	[16.2, 16.2]	[left, right]	[1511.4821, 1513.2401]
4    	146213.46   	0.442   	0.1250  	[16.2, 16.2]	[back, back]	[1730.0320, 1721.0269]
5    	142346.55   	0.427   	0.1562  	[16.2, 16.2]	[left, right]	[2049.3394, 2033.8366]
6    	137601.98   	0.421   	0.1953  	[16.2, 16.2]	[left, back]	[2284.4989, 2271.1261]
7    	132625.41   	0.415   	0.2344  	[16.2, 16.2]	[back, right]	[2618.9421, 2608.5872]
8    	126712.33   	0.392   	0.2812  	[16.2, 16.2]	[left, right]	[2640.3586, 2662.6611]
9    	121260.59   	0.389   	0.3281  	[16.2, 16.2]	[left, right]	[2690.2499, 2740.7310]
10   	115694.19   	0.384   	0.3750  	[16.2, 16.2]	[back, back]	[2617.9365, 2629.9455]
11   	110760.26   	0.360   	0.4219  	[16.2, 16.2]	[up, up]	[2750.5603, 2757.7026]
12   	105738.45   	0.329   	0.4844  	[21.7, 21.7]	[back, back]	[2800.8142, 2810.6333]
13   	100017.32   	0.295   	0.5391  	[21.7, 21.7]	[back, back]	[2906.6145, 2896.5401]
14   	94131.41    	0.264   	0.5938  	[21.7, 21.7]	[back, back]	[3018.8504, 3000.3773]
15   	88073.21    	0.225   	0.6484  	[21.7, 21.7]	[back, back]	[3131.3672, 3106.0494]
16   	81962.06    	0.203   	0.7031  	[21.7, 21.7]	[back, back]	[3234.4900, 3208.1794]
17   	75772.95    	0.179   	0.7578  	[21.7, 21.7]	[back, back]	[3314.7517, 3313.0284]
18   	69325.52    	0.164   	0.8125  	[21.7, 21.7]	[back, back]	[3328.4420, 3322.8989]
19   	62997.45    	0.156   	0.8672  	[21.7, 21.7]	[back, back]	[3320.3045, 3327.2619]
20   	56806.79    	0.157   	0.9219  	[21.7, 21.7]	[right, left]	[3214.5989, 3211.2783]
21   	49968.15    	0.128   	0.9844  	[21.7, 21.7]	[hover, hover]	[2753.1243, 2743.5155]
22   	47087.68    	0.115   	0.9844  	[21.7, 21.7]	[hover, hover]	[2342.8636, 2333.0811]
23   	44388.40    	0.107   	0.9844  	[21.7, 21.7]	[hover, hover]	[2013.7558, 1997.5935]
24   	41696.33    	0.096   	0.9844  	[21.7, 21.7]	[hover, hover]	[1734.1619, 1717.1954]
25   	39341.43    	0.091   	0.9844  	[21.7, 21.7]	[left, hover]	[1502.4279, 1480.1570]
26   	37652.37    	0.083   	0.9844  	[21.7, 21.7]	[left, right]	[1752.0419, 1307.6003]
27   	36302.87    	0.080   	0.9844  	[21.7, 21.7]	[left, right]	[1946.5173, 1583.4941]
28   	35023.56    	0.076   	0.9844  	[21.7, 21.7]	[left, right]	[2135.4819, 1829.0804]
29   	34044.55    	0.074   	0.9844  	[21.7, 21.7]	[front, front]	[1956.3405, 1651.9222]
30   	32994.34    	0.071   	0.9844  	[21.7, 21.7]	[front, up]	[1781.9912, 1585.0455]
31   	32044.90    	0.070   	0.9844  	[21.7, 27.1]	[left, right]	[2156.8188, 1883.8133]
32   	31222.22    	0.068   	0.9844  	[21.7, 27.1]	[left, right]	[2500.2925, 2213.3374]
33   	30384.39    	0.065   	0.9844  	[21.7, 27.1]	[left, right]	[2821.0093, 2500.7426]
34   	29444.77    	0.064   	0.9844  	[21.7, 27.1]	[left, right]	[3070.6773, 2758.2148]
35   	27074.97    	0.052   	1.0000  	[21.7, 27.1]	[front, down]	[2952.5406, 2878.5972]
36   	26534.73    	0.049   	1.0000  	[21.7, 21.7]	[front, right]	[2912.0697, 3046.3997]
37   	24991.93    	0.046   	1.0000  	[21.7, 21.7]	[front, front]	[2925.8595, 2726.9898]
38   	23763.20    	0.043   	1.0000  	[21.7, 21.7]	[front, front]	[2960.4192, 2727.4001]
39   	22495.92    	0.041   	1.0000  	[21.7, 21.7]	[front, front]	[3039.4698, 2762.6499]
40   	21386.50    	0.036   	1.0000  	[21.7, 21.7]	[front, front]	[3125.2446, 2804.0893]
41   	20147.07    	0.036   	1.0000  	[21.7, 21.7]	[hover, front]	[2639.0859, 2900.9578]
42   	19162.95    	0.032   	1.0000  	[21.7, 21.7]	[hover, front]	[2255.3851, 3000.6905]
43   	18038.32    	0.031   	1.0000  	[21.7, 21.7]	[hover, front]	[1925.5248, 3112.7425]
44   	17063.72    	0.029   	1.0000  	[21.7, 21.7]	[hover, hover]	[1655.0732, 2617.2219]
45   	16239.53    	0.027   	1.0000  	[21.7, 21.7]	[hover, hover]	[1436.6756, 2231.3954]
46   	15377.38    	0.025   	1.0000  	[21.7, 21.7]	[right, hover]	[1259.5725, 1907.0799]
47   	14815.97    	0.024   	1.0000  	[21.7, 21.7]	[left, hover]	[1113.6288, 1628.1489]
48   	14264.25    	0.022   	1.0000  	[21.7, 21.7]	[right, hover]	[979.2565, 1432.2646]
49   	13788.32    	0.022   	1.0000  	[21.7, 21.7]	[right, left]	[892.6705, 1259.8102]
50   	13296.89    	0.020   	1.0000  	[21.7, 21.7]	[right, left]	[784.9806, 1083.0421]
51   	12944.79    	0.020   	1.0000  	[21.7, 21.7]	[right, right]	[695.6413, 932.4220]
52   	12610.19    	0.019   	1.0000  	[21.7, 21.7]	[right, right]	[636.3517, 846.3853]
53   	12311.44    	0.018   	1.0000  	[21.7, 21.7]	[right, hover]	[569.4520, 730.2553]
54   	12087.87    	0.018   	1.0000  	[21.7, 21.7]	[right, back]	[549.8884, 639.2232]
55   	11901.29    	0.017   	1.0000  	[21.7, 21.7]	[right, back]	[733.0656, 611.1018]
56   	11671.41    	0.017   	1.0000  	[21.7, 21.7]	[back, back]	[649.1770, 628.0847]
57   	11454.48    	0.017   	1.0000  	[21.7, 21.7]	[back, back]	[605.3420, 696.0339]
58   	11304.61    	0.016   	1.0000  	[21.7, 21.7]	[back, back]	[576.1523, 790.3411]
59   	11015.00    	0.016   	1.0000  	[21.7, 21.7]	[back, back]	[561.1121, 917.1153]
60   	10725.19    	0.015   	1.0000  	[21.7, 21.7]	[back, back]	[568.5724, 1080.7045]
61   	10333.80    	0.015   	1.0000  	[21.7, 21.7]	[back, back]	[560.7227, 1359.1002]
62   	9826.61     	0.014   	1.0000  	[21.7, 21.7]	[back, hover]	[582.9238, 1149.5819]
63   	9396.56     	0.013   	1.0000  	[21.7, 21.7]	[hover, hover]	[504.2301, 965.3095]
64   	9065.77     	0.012   	1.0000  	[21.7, 21.7]	[hover, hover]	[449.7346, 839.6686]
65   	8842.69     	0.012   	1.0000  	[21.7, 21.7]	[up, hover]	[400.8030, 732.2502]
66   	8641.23     	0.011   	1.0000  	[27.1, 21.7]	[left, hover]	[485.1020, 650.2882]
67   	8429.35     	0.011   	1.0000  	[27.1, 21.7]	[left, hover]	[490.2289, 568.2682]
68   	8250.96     	0.011   	1.0000  	[27.1, 21.7]	[left, hover]	[560.8603, 505.0941]
69   	8094.47     	0.010   	1.0000  	[27.1, 21.7]	[left, hover]	[693.6221, 450.5724]
70   	7927.69     	0.010   	1.0000  	[27.1, 21.7]	[left, hover]	[842.5131, 402.9066]
71   	7733.81     	0.010   	1.0000  	[27.1, 21.7]	[left, hover]	[1006.3857, 358.0214]
72   	7481.60     	0.009   	1.0000  	[27.1, 21.7]	[left, hover]	[1191.2108, 317.1689]
73   	7082.64     	0.010   	1.0000  	[27.1, 21.7]	[down, left]	[1125.0280, 289.2148]
74   	6973.70     	0.009   	1.0000  	[21.7, 21.7]	[left, left]	[1331.5017, 275.2097]
75   	6519.12     	0.009   	1.0000  	[21.7, 21.7]	[back, left]	[1522.4250, 276.6731]
76   	6129.96     	0.008   	1.0000  	[21.7, 21.7]	[hover, left]	[1286.2784, 269.7142]
77   	5868.55     	0.007   	1.0000  	[21.7, 21.7]	[hover, left]	[1105.1142, 278.3950]
78   	5572.44     	0.007   	1.0000  	[21.7, 21.7]	[hover, left]	[943.7296, 320.5746]
79   	5315.30     	0.006   	1.0000  	[21.7, 21.7]	[hover, left]	[796.3373, 380.0729]
80   	5073.48     	0.006   	1.0000  	[21.7, 21.7]	[hover, up]	[685.8464, 433.1680]
81   	4828.99     	0.005   	1.0000  	[21.7, 27.1]	[hover, front]	[609.3589, 518.3536]
82   	4663.50     	0.005   	1.0000  	[21.7, 27.1]	[hover, front]	[528.7392, 510.6204]
83   	4548.05     	0.005   	1.0000  	[21.7, 27.1]	[hover, front]	[483.1149, 501.4384]
84   	4391.78     	0.004   	1.0000  	[21.7, 27.1]	[hover, front]	[427.2768, 495.1069]
85   	4277.77     	0.004   	1.0000  	[21.7, 27.1]	[hover, front]	[379.0682, 499.4711]
86   	4166.62     	0.004   	1.0000  	[21.7, 27.1]	[hover, front]	[335.7156, 508.2326]
87   	4056.57     	0.004   	1.0000  	[21.7, 27.1]	[hover, front]	[298.3543, 550.6106]
88   	3947.46     	0.004   	1.0000  	[21.7, 27.1]	[hover, down]	[264.2691, 520.0216]
89   	3860.67     	0.003   	1.0000  	[21.7, 21.7]	[hover, left]	[237.5881, 620.7763]
90   	3779.90     	0.003   	1.0000  	[21.7, 21.7]	[hover, front]	[207.3739, 657.4544]
91   	3650.27     	0.003   	1.0000  	[21.7, 21.7]	[hover, hover]	[185.9549, 576.3882]
92   	3540.11     	0.003   	1.0000  	[21.7, 21.7]	[hover, hover]	[165.8670, 510.8128]
93   	3445.32     	0.003   	1.0000  	[21.7, 21.7]	[hover, hover]	[150.7972, 445.4604]
94   	3360.82     	0.003   	1.0000  	[21.7, 21.7]	[hover, hover]	[135.6697, 394.7335]
95   	3301.59     	0.002   	1.0000  	[21.7, 21.7]	[front, hover]	[125.2163, 347.7054]
96   	3251.54     	0.002   	1.0000  	[21.7, 21.7]	[front, hover]	[126.6166, 303.4608]
97   	3183.33     	0.002   	1.0000  	[21.7, 21.7]	[front, hover]	[166.0306, 264.3647]
98   	3137.76     	0.002   	1.0000  	[21.7, 21.7]	[front, hover]	[201.6916, 234.0688]
99   	3093.18     	0.002   	1.0000  	[21.7, 21.7]	[front, hover]	[243.7582, 206.8328]
[2025-12-11T10:41:14]
Strategy: greedy_ig
Pairwise: equal
Num agents: 2
Iteration: 1
Error margin: None
Gaussian radius 4 
Grid info: range: 0-50-50, cell_size:0.125, map shape: (400, 400), center:True
init UAV positions: [(25.0, -25.0, 5.4), (-25.0, 25.0, 5.4)]
mcts_params: {}
Step	Entropy	MSE	Coverage	Heights	Actions	IGs
------------------------------------------------------------------------------------------------------------------------
0    	158826.13   	0.435   	0.0078  	[5.4, 5.4]	[up, up]	[807.8971, 807.8971]
1    	155964.66   	0.438   	0.0312  	[10.8, 10.8]	[up, up]	[1051.1477, 1047.0929]
2    	152524.87   	0.437   	0.0703  	[16.2, 16.2]	[front, back]	[1218.2969, 1211.2301]
3    	149888.35   	0.426   	0.0938  	[16.2, 16.2]	[left, right]	[1511.8357, 1513.2401]
4    	146240.63   	0.418   	0.1250  	[16.2, 16.2]	[left, back]	[1731.2276, 1721.0269]
5    	142347.72   	0.407   	0.1562  	[16.2, 16.2]	[front, right]	[2047.6025, 2033.8366]
6    	137580.93   	0.390   	0.1953  	[16.2, 16.2]	[front, back]	[2272.2707, 2271.1261]
7    	132600.41   	0.370   	0.2344  	[16.2, 16.2]	[left, right]	[2610.4086, 2608.5872]
8    	126683.18   	0.362   	0.2812  	[16.2, 16.2]	[left, right]	[2647.5100, 2662.6611]
9    	121238.04   	0.357   	0.3281  	[16.2, 16.2]	[left, right]	[2713.4628, 2740.7310]
10   	115571.88   	0.344   	0.3750  	[16.2, 16.2]	[left, right]	[2789.1099, 2807.4724]
11   	109798.79   	0.332   	0.4219  	[16.2, 16.2]	[left, right]	[2855.0253, 2882.3509]
12   	103937.07   	0.323   	0.4688  	[16.2, 16.2]	[left, right]	[2921.6969, 2914.4344]
13   	98041.22    	0.314   	0.5156  	[16.2, 16.2]	[left, right]	[2918.2589, 2914.3902]
14   	92189.89    	0.302   	0.5625  	[16.2, 16.2]	[left, right]	[2918.0995, 2912.2133]
15   	86349.67    	0.290   	0.6094  	[16.2, 16.2]	[left, right]	[2914.9629, 2906.6958]
16   	80582.42    	0.279   	0.6562  	[16.2, 16.2]	[left, right]	[2931.8914, 2903.3602]
17   	74798.24    	0.268   	0.7031  	[16.2, 16.2]	[left, right]	[2926.5707, 2915.0904]
18   	68942.00    	0.254   	0.7500  	[16.2, 16.2]	[front, back]	[2747.8401, 2718.2232]
19   	64105.83    	0.215   	0.7969  	[16.2, 16.2]	[front, back]	[2679.1779, 2666.6585]
20   	58776.18    	0.181   	0.8438  	[16.2, 16.2]	[front, back]	[2690.3604, 2682.9836]
21   	53436.73    	0.152   	0.8906  	[16.2, 16.2]	[front, back]	[2751.4939, 2750.4925]
22   	47859.04    	0.122   	0.9375  	[16.2, 16.2]	[front, back]	[2849.8094, 2829.4458]
23   	45802.32    	0.115   	0.9375  	[16.2, 16.2]	[front, back]	[2925.0965, 2930.4923]
24   	43643.90    	0.105   	0.9375  	[16.2, 16.2]	[front, back]	[2915.8164, 2919.5038]
25   	42186.23    	0.098   	0.9375  	[16.2, 16.2]	[front, back]	[2908.6021, 2915.3153]
26   	41036.09    	0.095   	0.9375  	[16.2, 16.2]	[front, back]	[2903.3205, 2922.5966]
27   	40130.74    	0.093   	0.9375  	[16.2, 16.2]	[front, back]	[2898.3346, 2912.3853]
28   	39449.79    	0.091   	0.9375  	[16.2, 16.2]	[right, left]	[2698.2336, 2733.6072]
29   	38501.46    	0.090   	0.9375  	[16.2, 16.2]	[right, left]	[2653.7270, 2660.6394]
30   	37506.76    	0.089   	0.9375  	[16.2, 16.2]	[right, left]	[2679.7807, 2673.3768]
31   	36463.81    	0.088   	0.9375  	[16.2, 16.2]	[right, left]	[2741.8879, 2735.7003]
32   	35298.85    	0.086   	0.9375  	[16.2, 16.2]	[right, left]	[2818.7621, 2823.3404]
33   	34435.43    	0.085   	0.9375  	[16.2, 16.2]	[right, left]	[2924.7337, 2909.3377]
34   	33446.28    	0.083   	0.9375  	[16.2, 16.2]	[right, left]	[2913.9981, 2931.0198]
35   	32372.00    	0.082   	0.9375  	[16.2, 16.2]	[right, left]	[2910.1728, 2929.2335]
36   	31054.97    	0.080   	0.9375  	[16.2, 16.2]	[right, left]	[2904.9622, 2920.1880]
37   	29459.14    	0.078   	0.9375  	[16.2, 16.2]	[right, left]	[2906.2239, 2931.2672]
38   	27294.73    	0.077   	0.9375  	[16.2, 16.2]	[back, front]	[2723.1343, 2739.5880]
39   	26550.88    	0.071   	0.9375  	[16.2, 16.2]	[back, front]	[2678.5218, 2666.9826]
40   	25671.54    	0.067   	0.9375  	[16.2, 16.2]	[back, front]	[2694.7884, 2681.4164]
41   	24604.64    	0.064   	0.9375  	[16.2, 16.2]	[back, front]	[2746.0126, 2744.6711]
42   	23519.42    	0.060   	0.9375  	[16.2, 16.2]	[left, right]	[2325.6844, 2343.5851]
43   	19780.24    	0.049   	0.9688  	[16.2, 16.2]	[left, right]	[2151.3495, 2166.1543]
44   	16177.71    	0.030   	1.0000  	[16.2, 16.2]	[left, right]	[1886.9818, 1899.7496]
45   	15367.83    	0.025   	1.0000  	[16.2, 16.2]	[left, right]	[1705.3576, 1703.5132]
46   	14101.34    	0.021   	1.0000  	[16.2, 16.2]	[back, front]	[1338.2454, 1327.9296]
47   	13381.60    	0.019   	1.0000  	[16.2, 16.2]	[back, front]	[1154.1955, 1142.2636]
48   	12873.71    	0.017   	1.0000  	[16.2, 16.2]	[back, right]	[926.8599, 923.2963]
49   	12488.29    	0.016   	1.0000  	[16.2, 16.2]	[up, right]	[836.2097, 796.3112]
50   	12182.54    	0.015   	1.0000  	[21.7, 16.2]	[right, right]	[825.0308, 704.7319]
51   	11887.06    	0.014   	1.0000  	[21.7, 16.2]	[right, up]	[822.6448, 631.4675]
52   	11626.82    	0.014   	1.0000  	[21.7, 21.7]	[right, front]	[921.5678, 644.5371]
53   	11266.80    	0.013   	1.0000  	[21.7, 21.7]	[back, front]	[821.6882, 649.8220]
54   	10963.82    	0.013   	1.0000  	[21.7, 21.7]	[back, front]	[736.1266, 683.0326]
55   	10600.29    	0.012   	1.0000  	[21.7, 21.7]	[front, right]	[655.3330, 736.7423]
56   	10298.84    	0.012   	1.0000  	[21.7, 21.7]	[front, right]	[586.7184, 824.1678]
57   	9844.09     	0.012   	1.0000  	[21.7, 21.7]	[front, hover]	[523.9615, 714.4147]
58   	9505.00     	0.012   	1.0000  	[21.7, 21.7]	[front, hover]	[483.2330, 617.3522]
59   	9286.74     	0.011   	1.0000  	[21.7, 21.7]	[front, hover]	[506.2349, 539.4868]
60   	9037.47     	0.011   	1.0000  	[21.7, 21.7]	[front, hover]	[532.8411, 461.7553]
61   	8822.53     	0.010   	1.0000  	[21.7, 21.7]	[front, hover]	[583.8591, 405.4364]
62   	8624.38     	0.010   	1.0000  	[21.7, 21.7]	[hover, hover]	[511.7843, 343.6198]
63   	8471.92     	0.009   	1.0000  	[21.7, 21.7]	[up, hover]	[477.0515, 304.2220]
64   	8343.88     	0.009   	1.0000  	[27.1, 21.7]	[left, hover]	[545.7150, 275.7198]
65   	8215.03     	0.009   	1.0000  	[27.1, 21.7]	[hover, back]	[510.4028, 271.8229]
66   	8153.93     	0.009   	1.0000  	[27.1, 21.7]	[hover, back]	[488.9320, 298.4261]
67   	8057.68     	0.009   	1.0000  	[27.1, 21.7]	[hover, back]	[462.8708, 311.3578]
68   	7980.84     	0.009   	1.0000  	[27.1, 21.7]	[hover, back]	[439.0656, 356.8112]
69   	7902.56     	0.008   	1.0000  	[27.1, 21.7]	[hover, back]	[410.8266, 437.9087]
70   	7832.83     	0.008   	1.0000  	[27.1, 21.7]	[left, back]	[386.0474, 528.9487]
71   	7776.25     	0.008   	1.0000  	[27.1, 21.7]	[left, back]	[399.5735, 653.4859]
72   	7685.37     	0.008   	1.0000  	[27.1, 21.7]	[left, back]	[435.7304, 813.1092]
73   	7526.17     	0.008   	1.0000  	[27.1, 21.7]	[left, hover]	[492.2401, 710.1443]
74   	7394.76     	0.008   	1.0000  	[27.1, 21.7]	[left, hover]	[566.1424, 620.1807]
75   	7236.52     	0.008   	1.0000  	[27.1, 21.7]	[left, hover]	[667.9375, 543.0438]
76   	7018.01     	0.007   	1.0000  	[27.1, 21.7]	[down, hover]	[628.1643, 480.3617]
77   	6841.22     	0.007   	1.0000  	[21.7, 21.7]	[left, left]	[714.0402, 432.4366]
78   	6614.68     	0.007   	1.0000  	[21.7, 21.7]	[front, left]	[741.0339, 406.9684]
79   	6473.42     	0.006   	1.0000  	[21.7, 21.7]	[hover, left]	[648.9734, 381.8725]
80   	6272.83     	0.006   	1.0000  	[21.7, 21.7]	[hover, left]	[568.9149, 389.6956]
81   	6129.59     	0.006   	1.0000  	[21.7, 21.7]	[hover, left]	[501.9430, 444.9821]
82   	5891.41     	0.006   	1.0000  	[21.7, 21.7]	[hover, left]	[439.5085, 538.3878]
83   	5713.08     	0.006   	1.0000  	[21.7, 21.7]	[hover, left]	[387.4230, 657.8721]
84   	5438.66     	0.006   	1.0000  	[21.7, 21.7]	[hover, left]	[344.8489, 837.9999]
85   	4993.78     	0.006   	1.0000  	[21.7, 21.7]	[hover, hover]	[305.5278, 729.2930]
86   	4755.06     	0.006   	1.0000  	[21.7, 21.7]	[back, front]	[274.6919, 648.6422]
87   	4594.08     	0.005   	1.0000  	[21.7, 21.7]	[back, front]	[284.7888, 644.8235]
88   	4497.71     	0.004   	1.0000  	[21.7, 21.7]	[back, front]	[292.7567, 632.6164]
89   	4391.27     	0.004   	1.0000  	[21.7, 21.7]	[back, front]	[323.7355, 593.8698]
90   	4309.03     	0.004   	1.0000  	[21.7, 21.7]	[back, front]	[398.1473, 596.4383]
91   	4239.82     	0.004   	1.0000  	[21.7, 21.7]	[back, front]	[497.0978, 618.4744]
92   	4139.01     	0.004   	1.0000  	[21.7, 21.7]	[back, front]	[627.2146, 615.1410]
93   	4022.80     	0.004   	1.0000  	[21.7, 21.7]	[back, front]	[789.4457, 615.0995]
94   	3753.73     	0.003   	1.0000  	[21.7, 21.7]	[hover, hover]	[690.5400, 549.8665]
95   	3636.52     	0.003   	1.0000  	[21.7, 21.7]	[hover, hover]	[602.1465, 488.4872]
96   	3512.74     	0.003   	1.0000  	[21.7, 21.7]	[hover, hover]	[526.6986, 431.0877]
97   	3393.11     	0.003   	1.0000  	[21.7, 21.7]	[hover, hover]	[465.1381, 380.8097]
98   	3289.51     	0.002   	1.0000  	[21.7, 21.7]	[hover, hover]	[406.1983, 334.8627]
99   	3201.86     	0.002   	1.0000  	[21.7, 21.7]	[hover, hover]	[361.5838, 296.2241]
[2025-12-11T10:41:20]
Strategy: greedy_ig
Pairwise: equal
Num agents: 2
Iteration: 2
Error margin: None
Gaussian radius 4 
Grid info: range: 0-50-50, cell_size:0.125, map shape: (400, 400), center:True
init UAV positions: [(25.0, -25.0, 5.4), (-25.0, -25.0, 5.4)]
mcts_params: {}
Step	Entropy	MSE	Coverage	Heights	Actions	IGs
------------------------------------------------------------------------------------------------------------------------
0    	158826.13   	0.435   	0.0078  	[5.4, 5.4]	[up, up]	[807.8971, 807.8971]
1    	155957.34   	0.438   	0.0312  	[10.8, 10.8]	[up, up]	[1051.1477, 1045.2682]
2    	152544.40   	0.436   	0.0703  	[16.2, 16.2]	[front, front]	[1218.2969, 1211.1633]
3    	149870.03   	0.426   	0.0938  	[16.2, 16.2]	[left, right]	[1511.8357, 1502.6331]
4    	146239.10   	0.418   	0.1250  	[16.2, 16.2]	[left, front]	[1731.2276, 1715.3999]
5    	142340.97   	0.408   	0.1562  	[16.2, 16.2]	[front, right]	[2047.6025, 2030.3312]
6    	137570.67   	0.392   	0.1953  	[16.2, 16.2]	[front, front]	[2272.2707, 2270.6766]
7    	132630.76   	0.361   	0.2344  	[16.2, 16.2]	[left, right]	[2610.4086, 2614.8251]
8    	126648.96   	0.353   	0.2812  	[16.2, 16.2]	[left, right]	[2647.5100, 2663.7193]
9    	121178.34   	0.349   	0.3281  	[16.2, 16.2]	[left, right]	[2713.4628, 2737.8499]
10   	115529.25   	0.327   	0.3750  	[16.2, 16.2]	[front, front]	[2617.6554, 2623.8871]
11   	110722.40   	0.294   	0.4219  	[16.2, 16.2]	[up, up]	[2760.0029, 2754.1680]
12   	105466.41   	0.264   	0.4844  	[21.7, 21.7]	[front, front]	[2801.7432, 2799.4193]
13   	99976.74    	0.229   	0.5391  	[21.7, 21.7]	[front, front]	[2900.9646, 2902.6060]
14   	94039.68    	0.207   	0.5938  	[21.7, 21.7]	[front, front]	[3025.5991, 2999.0707]
15   	88094.72    	0.180   	0.6484  	[21.7, 21.7]	[front, front]	[3145.2042, 3117.1687]
16   	81869.60    	0.160   	0.7031  	[21.7, 21.7]	[front, front]	[3225.7799, 3214.0487]
17   	75733.39    	0.142   	0.7578  	[21.7, 21.7]	[front, front]	[3321.2447, 3307.5508]
18   	69118.34    	0.147   	0.8125  	[21.7, 21.7]	[front, front]	[3327.3831, 3307.9974]
19   	62934.85    	0.147   	0.8672  	[21.7, 21.7]	[front, front]	[3328.1787, 3320.8455]
20   	56712.22    	0.150   	0.9219  	[21.7, 21.7]	[right, left]	[3216.7054, 3202.7877]
21   	49783.31    	0.123   	0.9844  	[21.7, 21.7]	[hover, hover]	[2748.2816, 2736.2919]
22   	47067.13    	0.113   	0.9844  	[21.7, 21.7]	[hover, hover]	[2340.7779, 2333.0285]
23   	44323.22    	0.104   	0.9844  	[21.7, 21.7]	[hover, hover]	[2005.1684, 2005.5116]
24   	41767.43    	0.094   	0.9844  	[21.7, 21.7]	[hover, hover]	[1740.2398, 1729.4962]
25   	39169.58    	0.089   	0.9844  	[21.7, 21.7]	[hover, right]	[1498.8124, 1488.4587]
26   	37571.80    	0.081   	0.9844  	[21.7, 21.7]	[left, right]	[1318.6722, 1741.3782]
27   	36328.19    	0.079   	0.9844  	[21.7, 21.7]	[left, right]	[1604.1329, 1947.9086]
28   	35012.37    	0.075   	0.9844  	[21.7, 21.7]	[left, right]	[1838.9767, 2133.1910]
29   	34057.43    	0.073   	0.9844  	[21.7, 21.7]	[back, back]	[1663.8338, 1947.8707]
30   	32902.71    	0.070   	0.9844  	[21.7, 21.7]	[up, back]	[1594.2849, 1779.3363]
31   	31943.62    	0.068   	0.9844  	[27.1, 21.7]	[left, right]	[1880.6900, 2161.1983]
32   	31080.75    	0.067   	0.9844  	[27.1, 21.7]	[left, right]	[2217.1416, 2489.9042]
33   	30265.58    	0.065   	0.9844  	[27.1, 21.7]	[left, right]	[2501.5702, 2819.4980]
34   	29257.28    	0.063   	0.9844  	[27.1, 21.7]	[left, right]	[2755.8298, 3085.0697]
35   	26940.05    	0.050   	1.0000  	[27.1, 21.7]	[down, back]	[2886.5440, 2963.9477]
36   	26431.37    	0.046   	1.0000  	[21.7, 21.7]	[left, back]	[3057.2610, 2931.8625]
37   	24737.20    	0.046   	1.0000  	[21.7, 21.7]	[back, back]	[2731.9181, 2936.6678]
38   	23519.75    	0.041   	1.0000  	[21.7, 21.7]	[back, back]	[2738.4736, 2963.8436]
39   	22389.54    	0.039   	1.0000  	[21.7, 21.7]	[back, back]	[2761.8549, 3032.6759]
40   	21290.49    	0.036   	1.0000  	[21.7, 21.7]	[back, back]	[2813.7356, 3132.1654]
41   	20130.77    	0.034   	1.0000  	[21.7, 21.7]	[back, hover]	[2897.3920, 2633.6613]
42   	19115.70    	0.032   	1.0000  	[21.7, 21.7]	[back, hover]	[3001.2836, 2237.7412]
43   	18101.95    	0.030   	1.0000  	[21.7, 21.7]	[back, hover]	[3124.2378, 1921.2979]
44   	17060.02    	0.028   	1.0000  	[21.7, 21.7]	[hover, hover]	[2625.3706, 1653.4102]
45   	16195.79    	0.026   	1.0000  	[21.7, 21.7]	[hover, hover]	[2233.3303, 1434.1068]
46   	15483.40    	0.024   	1.0000  	[21.7, 21.7]	[hover, left]	[1918.0382, 1257.8833]
47   	14844.91    	0.022   	1.0000  	[21.7, 21.7]	[hover, right]	[1632.9327, 1100.0865]
48   	14289.87    	0.022   	1.0000  	[21.7, 21.7]	[right, left]	[1423.4414, 982.2551]
49   	13815.19    	0.021   	1.0000  	[21.7, 21.7]	[left, left]	[1249.3591, 887.1918]
50   	13293.81    	0.020   	1.0000  	[21.7, 21.7]	[right, left]	[1069.7610, 810.2897]
51   	12897.28    	0.019   	1.0000  	[21.7, 21.7]	[right, left]	[938.2571, 706.4798]
52   	12589.61    	0.018   	1.0000  	[21.7, 21.7]	[right, left]	[823.5373, 626.0633]
53   	12340.00    	0.017   	1.0000  	[21.7, 21.7]	[right, left]	[716.6958, 575.9311]
54   	12131.00    	0.017   	1.0000  	[21.7, 21.7]	[right, left]	[664.1640, 571.6270]
55   	11967.43    	0.017   	1.0000  	[21.7, 21.7]	[right, left]	[618.2791, 788.4622]
56   	11775.87    	0.016   	1.0000  	[21.7, 21.7]	[right, front]	[604.8871, 698.1920]
57   	11591.42    	0.016   	1.0000  	[21.7, 21.7]	[right, front]	[812.0877, 654.2502]
58   	11301.19    	0.016   	1.0000  	[21.7, 21.7]	[front, front]	[703.6866, 634.2650]
59   	11068.03    	0.016   	1.0000  	[21.7, 21.7]	[front, front]	[644.3753, 622.7664]
60   	10808.25    	0.015   	1.0000  	[21.7, 21.7]	[front, front]	[598.3747, 619.1015]
61   	10452.73    	0.014   	1.0000  	[21.7, 21.7]	[front, front]	[583.9839, 630.1104]
62   	10058.08    	0.014   	1.0000  	[21.7, 21.7]	[front, front]	[563.2986, 648.4414]
63   	9535.26     	0.013   	1.0000  	[21.7, 21.7]	[front, front]	[558.3835, 694.1644]
64   	8899.20     	0.012   	1.0000  	[21.7, 21.7]	[front, hover]	[559.7173, 606.8748]
65   	8305.17     	0.011   	1.0000  	[21.7, 21.7]	[front, hover]	[588.8497, 536.0914]
66   	7652.77     	0.011   	1.0000  	[21.7, 21.7]	[hover, hover]	[516.0080, 472.3011]
67   	7128.63     	0.010   	1.0000  	[21.7, 21.7]	[hover, hover]	[451.1800, 418.0361]
68   	6709.99     	0.009   	1.0000  	[21.7, 21.7]	[hover, hover]	[396.5458, 367.1253]
69   	6384.73     	0.008   	1.0000  	[21.7, 21.7]	[hover, right]	[352.6218, 333.6476]
70   	6054.03     	0.007   	1.0000  	[21.7, 21.7]	[hover, right]	[312.6779, 416.0073]
71   	5787.19     	0.007   	1.0000  	[21.7, 21.7]	[left, right]	[281.3267, 521.2383]
72   	5650.94     	0.006   	1.0000  	[21.7, 21.7]	[left, right]	[343.7949, 647.5498]
73   	5554.39     	0.006   	1.0000  	[21.7, 21.7]	[left, right]	[443.0916, 864.3064]
74   	5459.69     	0.006   	1.0000  	[21.7, 21.7]	[left, right]	[622.6956, 1128.9749]
75   	5361.39     	0.006   	1.0000  	[21.7, 21.7]	[left, right]	[814.9131, 1435.3066]
76   	5255.10     	0.005   	1.0000  	[21.7, 21.7]	[left, right]	[1003.1040, 1727.8861]
77   	5018.25     	0.005   	1.0000  	[21.7, 21.7]	[left, hover]	[1185.1508, 1478.6299]
78   	4865.29     	0.005   	1.0000  	[21.7, 21.7]	[left, hover]	[1405.0480, 1277.2465]
79   	4640.91     	0.005   	1.0000  	[21.7, 21.7]	[hover, hover]	[1213.4942, 1106.0504]
80   	4485.60     	0.004   	1.0000  	[21.7, 21.7]	[hover, hover]	[1053.9695, 963.7154]
81   	4337.05     	0.004   	1.0000  	[21.7, 21.7]	[hover, hover]	[918.3306, 842.7837]
82   	4190.05     	0.004   	1.0000  	[21.7, 21.7]	[hover, hover]	[804.0324, 728.9732]
83   	4067.89     	0.004   	1.0000  	[21.7, 21.7]	[hover, hover]	[699.7304, 635.8898]
84   	3967.80     	0.004   	1.0000  	[21.7, 21.7]	[hover, hover]	[613.8860, 559.6199]
85   	3872.87     	0.003   	1.0000  	[21.7, 21.7]	[hover, hover]	[537.3064, 486.2975]
86   	3773.82     	0.003   	1.0000  	[21.7, 21.7]	[hover, hover]	[473.1039, 423.9815]
87   	3709.63     	0.003   	1.0000  	[21.7, 21.7]	[hover, hover]	[416.7687, 375.7755]
88   	3639.89     	0.003   	1.0000  	[21.7, 21.7]	[hover, hover]	[366.4062, 328.3533]
89   	3571.34     	0.003   	1.0000  	[21.7, 21.7]	[hover, hover]	[325.5431, 291.1408]
90   	3528.88     	0.003   	1.0000  	[21.7, 21.7]	[hover, hover]	[290.9615, 259.6865]
91   	3490.63     	0.003   	1.0000  	[21.7, 21.7]	[hover, hover]	[260.6560, 237.2446]
92   	3458.89     	0.003   	1.0000  	[21.7, 21.7]	[hover, back]	[232.8493, 210.3299]
93   	3415.13     	0.002   	1.0000  	[21.7, 21.7]	[back, back]	[205.2197, 195.1645]
94   	3376.71     	0.002   	1.0000  	[21.7, 21.7]	[back, back]	[210.1264, 219.1124]
95   	3324.87     	0.002   	1.0000  	[21.7, 21.7]	[back, back]	[239.1037, 252.9448]
96   	3263.79     	0.002   	1.0000  	[21.7, 21.7]	[back, back]	[280.3832, 303.2386]
97   	3212.79     	0.002   	1.0000  	[21.7, 21.7]	[back, back]	[322.0615, 354.2322]
98   	3168.34     	0.002   	1.0000  	[21.7, 21.7]	[back, back]	[393.8168, 418.8106]
99   	3087.61     	0.002   	1.0000  	[21.7, 21.7]	[back, back]	[460.3405, 494.5065]
[2025-12-11T10:41:26]
Strategy: greedy_ig
Pairwise: equal
Num agents: 2
Iteration: 3
Error margin: None
Gaussian radius 4 
Grid info: range: 0-50-50, cell_size:0.125, map shape: (400, 400), center:True
init UAV positions: [(-25.0, 25.0, 5.4), (25.0, 25.0, 5.4)]
mcts_params: {}
Step	Entropy	MSE	Coverage	Heights	Actions	IGs
------------------------------------------------------------------------------------------------------------------------
0    	158826.13   	0.435   	0.0078  	[5.4, 5.4]	[up, up]	[807.8971, 807.8971]
1    	155982.55   	0.439   	0.0312  	[10.8, 10.8]	[up, up]	[1054.7971, 1047.9038]
2    	152567.93   	0.449   	0.0703  	[16.2, 16.2]	[back, back]	[1216.9217, 1217.4506]
3    	149872.18   	0.443   	0.0938  	[16.2, 16.2]	[right, left]	[1508.5186, 1511.4962]
4    	146200.98   	0.442   	0.1250  	[16.2, 16.2]	[back, back]	[1731.0915, 1714.0178]
5    	142371.72   	0.426   	0.1562  	[16.2, 16.2]	[right, left]	[2045.6554, 2036.4962]
6    	137625.72   	0.421   	0.1953  	[16.2, 16.2]	[back, back]	[2291.3885, 2273.2519]
7    	132534.25   	0.403   	0.2344  	[16.2, 16.2]	[right, left]	[2607.7770, 2608.2215]
8    	126627.46   	0.392   	0.2812  	[16.2, 16.2]	[right, left]	[2659.4057, 2642.7560]
9    	121198.99   	0.391   	0.3281  	[16.2, 16.2]	[right, left]	[2721.9916, 2727.9030]
10   	115580.32   	0.381   	0.3750  	[16.2, 16.2]	[back, back]	[2620.9045, 2624.7392]
11   	110679.26   	0.360   	0.4219  	[16.2, 16.2]	[up, up]	[2757.1329, 2748.0052]
12   	105562.80   	0.330   	0.4844  	[21.7, 21.7]	[back, back]	[2803.5859, 2799.0120]
13   	99977.42    	0.297   	0.5391  	[21.7, 21.7]	[back, back]	[2909.7111, 2900.0880]
14   	94111.15    	0.265   	0.5938  	[21.7, 21.7]	[back, back]	[3012.2754, 3001.1519]
15   	88116.51    	0.226   	0.6484  	[21.7, 21.7]	[back, back]	[3122.0313, 3111.5307]
16   	81958.09    	0.203   	0.7031  	[21.7, 21.7]	[back, back]	[3226.3186, 3213.2471]
17   	75704.77    	0.179   	0.7578  	[21.7, 21.7]	[back, back]	[3313.5998, 3309.2998]
18   	69261.67    	0.164   	0.8125  	[21.7, 21.7]	[back, back]	[3326.3731, 3318.4689]
19   	62940.62    	0.156   	0.8672  	[21.7, 21.7]	[back, back]	[3320.8097, 3326.0683]
20   	56777.71    	0.156   	0.9219  	[21.7, 21.7]	[left, right]	[3208.3223, 3207.4799]
21   	49838.46    	0.127   	0.9844  	[21.7, 21.7]	[hover, hover]	[2747.6182, 2740.1209]
22   	47129.08    	0.115   	0.9844  	[21.7, 21.7]	[hover, hover]	[2343.7891, 2329.2231]
23   	44315.13    	0.107   	0.9844  	[21.7, 21.7]	[hover, hover]	[2012.3023, 1986.8956]
24   	41759.63    	0.096   	0.9844  	[21.7, 21.7]	[hover, hover]	[1734.5389, 1717.7236]
25   	39281.31    	0.090   	0.9844  	[21.7, 21.7]	[hover, hover]	[1505.0960, 1475.6982]
26   	37076.09    	0.083   	0.9844  	[21.7, 21.7]	[right, left]	[1345.6184, 1318.8631]
27   	36029.40    	0.080   	0.9844  	[21.7, 21.7]	[right, left]	[1623.0451, 1603.9221]
28   	34655.28    	0.075   	0.9844  	[21.7, 21.7]	[right, left]	[1857.7013, 1847.7067]
29   	33518.71    	0.074   	0.9844  	[21.7, 21.7]	[right, left]	[2083.6048, 2066.0884]
30   	32693.25    	0.071   	0.9844  	[21.7, 21.7]	[right, left]	[2416.1831, 2415.2897]
31   	31935.60    	0.070   	0.9844  	[21.7, 21.7]	[right, left]	[2794.5222, 2785.1139]
32   	31034.21    	0.068   	0.9844  	[21.7, 21.7]	[right, left]	[3089.2506, 3071.6387]
33   	30119.30    	0.066   	0.9844  	[21.7, 21.7]	[right, left]	[3319.0141, 3302.6899]
34   	28461.58    	0.064   	0.9844  	[21.7, 21.7]	[front, front]	[3116.2924, 3110.6888]
35   	26639.26    	0.054   	0.9922  	[21.7, 21.7]	[front, front]	[2996.6324, 3004.7715]
36   	24898.89    	0.047   	1.0000  	[21.7, 21.7]	[front, front]	[2949.1431, 2949.6678]
37   	23720.97    	0.043   	1.0000  	[21.7, 21.7]	[front, front]	[2950.2407, 2952.7014]
38   	22512.92    	0.040   	1.0000  	[21.7, 21.7]	[front, front]	[3004.2577, 2989.2470]
39   	21377.08    	0.037   	1.0000  	[21.7, 21.7]	[front, front]	[3061.5270, 3054.1854]
40   	20211.99    	0.035   	1.0000  	[21.7, 21.7]	[front, front]	[3145.1913, 3154.0042]
41   	18922.94    	0.032   	1.0000  	[21.7, 21.7]	[front, front]	[3243.2609, 3249.3089]
42   	17416.95    	0.031   	1.0000  	[21.7, 21.7]	[hover, hover]	[2732.4677, 2736.7556]
43   	16329.35    	0.027   	1.0000  	[21.7, 21.7]	[hover, hover]	[2327.5027, 2338.6493]
44   	15418.56    	0.026   	1.0000  	[21.7, 21.7]	[hover, hover]	[1996.1570, 2004.5605]
45   	14596.85    	0.024   	1.0000  	[21.7, 21.7]	[hover, hover]	[1726.4341, 1717.6545]
46   	13883.82    	0.022   	1.0000  	[21.7, 21.7]	[hover, right]	[1497.2706, 1499.0282]
47   	13208.07    	0.020   	1.0000  	[21.7, 21.7]	[left, left]	[1308.9793, 1320.0277]
48   	12654.63    	0.019   	1.0000  	[21.7, 21.7]	[left, right]	[1166.4267, 1138.4974]
49   	12195.82    	0.018   	1.0000  	[21.7, 21.7]	[left, right]	[1034.2335, 1018.8285]
50   	11750.42    	0.018   	1.0000  	[21.7, 21.7]	[hover, right]	[885.0139, 908.8353]
51   	11379.08    	0.017   	1.0000  	[21.7, 21.7]	[right, right]	[778.8629, 796.0386]
52   	11120.75    	0.016   	1.0000  	[21.7, 21.7]	[right, left]	[721.0265, 717.0194]
53   	10841.76    	0.016   	1.0000  	[21.7, 21.7]	[right, left]	[724.2047, 654.7329]
54   	10597.56    	0.015   	1.0000  	[21.7, 21.7]	[hover, left]	[649.1221, 623.1400]
55   	10355.87    	0.015   	1.0000  	[21.7, 21.7]	[back, left]	[593.0437, 646.0870]
56   	10075.98    	0.014   	1.0000  	[21.7, 21.7]	[back, back]	[579.8412, 584.8133]
57   	9890.56     	0.014   	1.0000  	[21.7, 21.7]	[back, back]	[603.6138, 567.3302]
58   	9592.73     	0.013   	1.0000  	[21.7, 21.7]	[back, back]	[656.7057, 605.1167]
59   	9352.38     	0.013   	1.0000  	[21.7, 21.7]	[back, back]	[762.3155, 671.1124]
60   	9019.22     	0.012   	1.0000  	[21.7, 21.7]	[back, back]	[895.4337, 763.2948]
61   	8661.50     	0.011   	1.0000  	[21.7, 21.7]	[back, back]	[1051.3523, 894.6698]
62   	8229.15     	0.011   	1.0000  	[21.7, 21.7]	[back, back]	[1245.8082, 1046.5812]
63   	7618.28     	0.010   	1.0000  	[21.7, 21.7]	[hover, back]	[1076.1462, 1247.7815]
64   	7103.20     	0.010   	1.0000  	[21.7, 21.7]	[hover, hover]	[934.9440, 1074.4919]
65   	6662.85     	0.009   	1.0000  	[21.7, 21.7]	[hover, hover]	[814.7978, 934.6632]
66   	6272.36     	0.008   	1.0000  	[21.7, 21.7]	[hover, hover]	[709.5483, 814.2732]
67   	5974.66     	0.007   	1.0000  	[21.7, 21.7]	[hover, hover]	[624.0116, 713.6287]
68   	5657.79     	0.007   	1.0000  	[21.7, 21.7]	[hover, hover]	[547.0883, 624.4845]
69   	5412.78     	0.006   	1.0000  	[21.7, 21.7]	[hover, hover]	[480.3035, 547.6106]
70   	5183.19     	0.006   	1.0000  	[21.7, 21.7]	[hover, hover]	[424.0700, 481.7085]
71   	4973.82     	0.005   	1.0000  	[21.7, 21.7]	[hover, hover]	[370.7365, 424.0313]
72   	4787.47     	0.005   	1.0000  	[21.7, 21.7]	[hover, hover]	[324.1642, 372.6244]
73   	4622.10     	0.005   	1.0000  	[21.7, 21.7]	[hover, hover]	[287.3479, 327.9976]
74   	4481.85     	0.004   	1.0000  	[21.7, 21.7]	[left, hover]	[260.2019, 290.5779]
75   	4403.15     	0.004   	1.0000  	[21.7, 21.7]	[left, right]	[254.1112, 264.4037]
76   	4329.54     	0.004   	1.0000  	[21.7, 21.7]	[left, right]	[263.9916, 253.4318]
77   	4277.49     	0.004   	1.0000  	[21.7, 21.7]	[left, right]	[280.2975, 256.9597]
78   	4233.32     	0.004   	1.0000  	[21.7, 21.7]	[front, hover]	[278.1857, 227.0189]
79   	4207.89     	0.004   	1.0000  	[21.7, 21.7]	[left, right]	[323.1149, 259.2723]
80   	4182.34     	0.004   	1.0000  	[21.7, 21.7]	[left, right]	[399.0983, 315.8462]
81   	4149.47     	0.004   	1.0000  	[21.7, 21.7]	[left, right]	[477.2149, 387.2425]
82   	4109.97     	0.004   	1.0000  	[21.7, 21.7]	[left, right]	[740.6612, 461.1908]
83   	4052.82     	0.004   	1.0000  	[21.7, 21.7]	[front, right]	[778.7425, 663.8275]
84   	3965.21     	0.003   	1.0000  	[21.7, 21.7]	[front, front]	[725.4317, 708.0366]
85   	3906.14     	0.003   	1.0000  	[21.7, 21.7]	[front, front]	[672.8272, 759.0111]
86   	3841.99     	0.003   	1.0000  	[21.7, 21.7]	[front, front]	[622.5815, 711.5566]
87   	3757.12     	0.003   	1.0000  	[21.7, 21.7]	[front, front]	[590.7661, 658.4109]
88   	3675.21     	0.003   	1.0000  	[21.7, 21.7]	[front, front]	[573.7493, 605.5089]
89   	3600.06     	0.003   	1.0000  	[21.7, 21.7]	[front, front]	[600.2745, 574.1952]
90   	3519.93     	0.003   	1.0000  	[21.7, 21.7]	[hover, front]	[525.8522, 550.8989]
91   	3421.18     	0.002   	1.0000  	[21.7, 21.7]	[hover, front]	[460.0009, 560.8091]
92   	3311.90     	0.002   	1.0000  	[21.7, 21.7]	[hover, hover]	[404.7044, 492.1479]
93   	3221.90     	0.002   	1.0000  	[21.7, 21.7]	[hover, hover]	[354.7929, 433.3535]
94   	3147.22     	0.002   	1.0000  	[21.7, 21.7]	[hover, hover]	[313.4347, 383.0537]
95   	3067.06     	0.002   	1.0000  	[21.7, 21.7]	[hover, hover]	[275.5154, 338.5147]
96   	2997.06     	0.002   	1.0000  	[21.7, 21.7]	[hover, hover]	[244.7555, 299.7943]
97   	2956.19     	0.002   	1.0000  	[21.7, 21.7]	[hover, hover]	[217.1659, 265.0036]
98   	2925.72     	0.002   	1.0000  	[21.7, 21.7]	[hover, hover]	[194.8362, 239.1357]
99   	2869.46     	0.002   	1.0000  	[21.7, 21.7]	[hover, hover]	[177.8241, 211.5758]
[2025-12-11T10:41:32]
Strategy: greedy_ig
Pairwise: equal
Num agents: 2
Iteration: 4
Error margin: None
Gaussian radius 4 
Grid info: range: 0-50-50, cell_size:0.125, map shape: (400, 400), center:True
init UAV positions: [(-25.0, -25.0, 5.4), (25.0, -25.0, 5.4)]
mcts_params: {}
Step	Entropy	MSE	Coverage	Heights	Actions	IGs
------------------------------------------------------------------------------------------------------------------------
0    	158826.13   	0.435   	0.0078  	[5.4, 5.4]	[up, up]	[807.8971, 807.8971]
1    	155966.29   	0.438   	0.0312  	[10.8, 10.8]	[up, up]	[1050.1340, 1048.5120]
2    	152542.01   	0.436   	0.0703  	[16.2, 16.2]	[front, front]	[1216.1145, 1212.3794]
3    	149834.24   	0.426   	0.0938  	[16.2, 16.2]	[right, left]	[1508.8933, 1496.4769]
4    	146220.31   	0.418   	0.1250  	[16.2, 16.2]	[front, front]	[1728.8258, 1709.6865]
5    	142365.08   	0.404   	0.1562  	[16.2, 16.2]	[right, left]	[2046.8140, 2032.1094]
6    	137598.84   	0.392   	0.1953  	[16.2, 16.2]	[front, front]	[2276.4362, 2274.2492]
7    	132604.48   	0.361   	0.2344  	[16.2, 16.2]	[right, left]	[2608.6940, 2612.8121]
8    	126671.79   	0.352   	0.2812  	[16.2, 16.2]	[right, left]	[2667.4813, 2647.9472]
9    	121140.44   	0.350   	0.3281  	[16.2, 16.2]	[right, left]	[2731.0174, 2715.7957]
10   	115544.75   	0.327   	0.3750  	[16.2, 16.2]	[front, front]	[2624.4140, 2620.3575]
11   	110614.85   	0.295   	0.4219  	[16.2, 16.2]	[up, up]	[2749.9757, 2750.2860]
12   	105428.24   	0.264   	0.4844  	[21.7, 21.7]	[front, front]	[2790.3770, 2800.6754]
13   	99864.07    	0.230   	0.5391  	[21.7, 21.7]	[front, front]	[2891.9718, 2899.4993]
14   	94087.26    	0.207   	0.5938  	[21.7, 21.7]	[front, front]	[3014.7234, 3011.6058]
15   	88057.81    	0.181   	0.6484  	[21.7, 21.7]	[front, front]	[3127.5429, 3119.7488]
16   	81896.17    	0.161   	0.7031  	[21.7, 21.7]	[front, front]	[3224.4215, 3224.6797]
17   	75652.89    	0.143   	0.7578  	[21.7, 21.7]	[front, front]	[3323.4417, 3312.0643]
18   	69114.51    	0.147   	0.8125  	[21.7, 21.7]	[front, front]	[3330.5982, 3311.3791]
19   	62885.82    	0.149   	0.8672  	[21.7, 21.7]	[front, front]	[3326.4264, 3319.4332]
20   	56695.12    	0.151   	0.9219  	[21.7, 21.7]	[left, right]	[3205.3660, 3208.6763]
21   	49659.85    	0.124   	0.9844  	[21.7, 21.7]	[hover, hover]	[2731.6611, 2733.4035]
22   	46960.71    	0.114   	0.9844  	[21.7, 21.7]	[hover, hover]	[2326.9559, 2327.2198]
23   	44213.75    	0.106   	0.9844  	[21.7, 21.7]	[hover, hover]	[1999.5100, 1995.5588]
24   	41631.15    	0.095   	0.9844  	[21.7, 21.7]	[hover, hover]	[1723.1269, 1719.4898]
25   	39258.53    	0.090   	0.9844  	[21.7, 21.7]	[right, left]	[1494.6740, 1484.9387]
26   	38063.85    	0.082   	0.9844  	[21.7, 21.7]	[right, left]	[1729.5116, 1717.8115]
27   	36554.93    	0.079   	0.9844  	[21.7, 21.7]	[right, left]	[1935.4709, 1926.5242]
28   	35396.34    	0.075   	0.9844  	[21.7, 21.7]	[right, left]	[2125.0384, 2117.7572]
29   	34414.48    	0.074   	0.9844  	[21.7, 21.7]	[right, left]	[2458.2546, 2437.8391]
30   	33542.47    	0.071   	0.9844  	[21.7, 21.7]	[right, left]	[2809.3297, 2800.4747]
31   	32579.55    	0.070   	0.9844  	[21.7, 21.7]	[right, left]	[3095.3836, 3074.5293]
32   	31402.65    	0.069   	0.9844  	[21.7, 21.7]	[right, left]	[3327.1411, 3298.4314]
33   	29481.31    	0.067   	0.9844  	[21.7, 21.7]	[back, back]	[3128.5080, 3099.4370]
34   	27631.07    	0.058   	0.9922  	[21.7, 21.7]	[back, back]	[3008.3124, 2995.8167]
35   	25786.81    	0.049   	1.0000  	[21.7, 21.7]	[back, back]	[2948.9457, 2937.4541]
36   	24369.79    	0.046   	1.0000  	[21.7, 21.7]	[back, back]	[2955.7874, 2944.5130]
37   	23232.45    	0.041   	1.0000  	[21.7, 21.7]	[back, back]	[2981.3534, 2980.6561]
38   	22029.98    	0.040   	1.0000  	[21.7, 21.7]	[back, back]	[3054.1442, 3055.2426]
39   	20968.23    	0.036   	1.0000  	[21.7, 21.7]	[back, back]	[3140.9657, 3137.8791]
40   	19647.31    	0.034   	1.0000  	[21.7, 21.7]	[back, back]	[3245.0157, 3235.7013]
41   	18211.56    	0.032   	1.0000  	[21.7, 21.7]	[hover, hover]	[2737.3199, 2720.3134]
42   	17157.98    	0.029   	1.0000  	[21.7, 21.7]	[hover, hover]	[2329.0538, 2316.0289]
43   	16222.66    	0.027   	1.0000  	[21.7, 21.7]	[hover, hover]	[1990.4618, 1992.4898]
44   	15397.05    	0.025   	1.0000  	[21.7, 21.7]	[hover, hover]	[1716.5407, 1725.5155]
45   	14685.51    	0.023   	1.0000  	[21.7, 21.7]	[left, right]	[1495.7345, 1502.6953]
46   	14162.30    	0.022   	1.0000  	[21.7, 21.7]	[right, left]	[1309.5551, 1317.7823]
47   	13565.86    	0.021   	1.0000  	[21.7, 21.7]	[left, right]	[1159.0245, 1156.3872]
48   	13049.31    	0.020   	1.0000  	[21.7, 21.7]	[left, right]	[1027.9217, 1047.5176]
49   	12643.72    	0.019   	1.0000  	[21.7, 21.7]	[left, right]	[923.1161, 923.0017]
50   	12275.21    	0.018   	1.0000  	[21.7, 21.7]	[left, right]	[800.7870, 793.4840]
51   	12017.41    	0.018   	1.0000  	[21.7, 21.7]	[left, right]	[712.4426, 705.1442]
52   	11737.35    	0.017   	1.0000  	[21.7, 21.7]	[left, right]	[657.6340, 642.8117]
53   	11529.29    	0.016   	1.0000  	[21.7, 21.7]	[left, right]	[631.2322, 621.0599]
54   	11304.75    	0.016   	1.0000  	[21.7, 21.7]	[left, right]	[830.2516, 823.6678]
55   	11049.16    	0.016   	1.0000  	[21.7, 21.7]	[front, front]	[740.0536, 738.5847]
56   	10791.54    	0.015   	1.0000  	[21.7, 21.7]	[front, front]	[695.4239, 688.5206]
57   	10543.82    	0.015   	1.0000  	[21.7, 21.7]	[front, front]	[675.4981, 665.5229]
58   	10272.56    	0.014   	1.0000  	[21.7, 21.7]	[front, front]	[674.9716, 662.7380]
59   	9952.02     	0.014   	1.0000  	[21.7, 21.7]	[front, front]	[676.2256, 668.7016]
60   	9583.56     	0.013   	1.0000  	[21.7, 21.7]	[front, front]	[685.8992, 684.3722]
61   	9141.76     	0.012   	1.0000  	[21.7, 21.7]	[front, front]	[695.1432, 676.0989]
62   	8558.08     	0.011   	1.0000  	[21.7, 21.7]	[front, front]	[724.7443, 707.6034]
63   	7779.93     	0.011   	1.0000  	[21.7, 21.7]	[hover, hover]	[632.6886, 618.3804]
64   	7274.16     	0.009   	1.0000  	[21.7, 21.7]	[hover, hover]	[555.3202, 537.7157]
65   	6864.06     	0.008   	1.0000  	[21.7, 21.7]	[hover, hover]	[487.8344, 472.9710]
66   	6442.48     	0.008   	1.0000  	[21.7, 21.7]	[hover, hover]	[426.5312, 418.3578]
67   	6118.71     	0.007   	1.0000  	[21.7, 21.7]	[hover, hover]	[378.9868, 369.7081]
68   	5799.19     	0.006   	1.0000  	[21.7, 21.7]	[hover, hover]	[334.6942, 328.2124]
69   	5546.77     	0.006   	1.0000  	[21.7, 21.7]	[hover, hover]	[296.3645, 291.6009]
70   	5334.07     	0.006   	1.0000  	[21.7, 21.7]	[back, hover]	[266.1949, 262.6681]
71   	5103.94     	0.005   	1.0000  	[21.7, 21.7]	[back, left]	[255.9778, 240.4138]
72   	5051.30     	0.005   	1.0000  	[21.7, 21.7]	[back, left]	[248.9906, 321.4673]
73   	4934.51     	0.005   	1.0000  	[21.7, 21.7]	[back, left]	[242.4949, 417.7681]
74   	4870.07     	0.005   	1.0000  	[21.7, 21.7]	[back, left]	[236.1016, 548.1747]
75   	4783.20     	0.004   	1.0000  	[21.7, 21.7]	[back, left]	[244.4468, 694.0966]
76   	4709.63     	0.004   	1.0000  	[21.7, 21.7]	[back, left]	[255.6798, 858.9691]
77   	4642.39     	0.004   	1.0000  	[21.7, 21.7]	[back, left]	[290.2482, 1041.0484]
78   	4506.62     	0.004   	1.0000  	[21.7, 21.7]	[hover, left]	[258.2437, 1262.7454]
79   	4388.45     	0.004   	1.0000  	[21.7, 21.7]	[hover, hover]	[228.4584, 1091.2109]
80   	4315.58     	0.004   	1.0000  	[21.7, 21.7]	[hover, hover]	[206.6728, 953.7074]
81   	4195.80     	0.003   	1.0000  	[21.7, 21.7]	[hover, hover]	[185.4164, 831.9666]
82   	4114.29     	0.003   	1.0000  	[21.7, 21.7]	[right, hover]	[169.5404, 724.0061]
83   	4023.45     	0.003   	1.0000  	[21.7, 21.7]	[right, hover]	[203.9925, 631.7547]
84   	3957.02     	0.003   	1.0000  	[21.7, 21.7]	[right, hover]	[246.0988, 550.6800]
85   	3898.68     	0.003   	1.0000  	[21.7, 21.7]	[right, hover]	[296.8404, 483.0695]
86   	3838.25     	0.003   	1.0000  	[21.7, 21.7]	[right, hover]	[351.5725, 425.1965]
87   	3770.49     	0.003   	1.0000  	[21.7, 21.7]	[right, hover]	[404.2788, 374.3286]
88   	3706.66     	0.003   	1.0000  	[21.7, 21.7]	[right, hover]	[472.6002, 334.9547]
89   	3659.81     	0.003   	1.0000  	[21.7, 21.7]	[right, back]	[574.2890, 297.5494]
90   	3578.45     	0.002   	1.0000  	[21.7, 21.7]	[front, back]	[529.8275, 294.1503]
91   	3509.82     	0.002   	1.0000  	[21.7, 21.7]	[front, back]	[533.4671, 297.5649]
92   	3466.51     	0.002   	1.0000  	[21.7, 21.7]	[front, back]	[575.9712, 321.1031]
93   	3410.79     	0.002   	1.0000  	[21.7, 21.7]	[front, back]	[656.7104, 362.1214]
94   	3367.53     	0.002   	1.0000  	[21.7, 21.7]	[front, back]	[758.3716, 414.9236]
95   	3344.43     	0.002   	1.0000  	[21.7, 21.7]	[front, back]	[891.1327, 483.3368]
96   	3271.61     	0.002   	1.0000  	[21.7, 21.7]	[front, back]	[1051.9689, 563.5265]
97   	3205.56     	0.002   	1.0000  	[21.7, 21.7]	[front, hover]	[1243.3356, 498.8463]
98   	3114.53     	0.002   	1.0000  	[21.7, 21.7]	[hover, hover]	[1079.9963, 438.8804]
99   	3025.17     	0.002   	1.0000  	[21.7, 21.7]	[hover, hover]	[941.5719, 380.0877]
[2025-12-11T10:41:38]
Strategy: greedy_ig
Pairwise: equal
Num agents: 2
Iteration: 5
Error margin: None
Gaussian radius 4 
Grid info: range: 0-50-50, cell_size:0.125, map shape: (400, 400), center:True
init UAV positions: [(-25.0, -25.0, 5.4), (25.0, 25.0, 5.4)]
mcts_params: {}
Step	Entropy	MSE	Coverage	Heights	Actions	IGs
------------------------------------------------------------------------------------------------------------------------
0    	158826.13   	0.435   	0.0078  	[5.4, 5.4]	[up, up]	[807.8971, 807.8971]
1    	155963.84   	0.439   	0.0312  	[10.8, 10.8]	[up, up]	[1050.1340, 1047.9038]
2    	152561.41   	0.449   	0.0703  	[16.2, 16.2]	[front, back]	[1216.1145, 1217.4506]
3    	149871.65   	0.443   	0.0938  	[16.2, 16.2]	[right, left]	[1508.8933, 1511.4962]
4    	146212.17   	0.441   	0.1250  	[16.2, 16.2]	[front, back]	[1728.8258, 1714.0178]
5    	142383.00   	0.428   	0.1562  	[16.2, 16.2]	[right, left]	[2046.8140, 2036.4962]
6    	137580.88   	0.423   	0.1953  	[16.2, 16.2]	[front, back]	[2276.4362, 2273.2519]
7    	132598.87   	0.394   	0.2344  	[16.2, 16.2]	[right, left]	[2608.6940, 2608.2215]
8    	126654.46   	0.383   	0.2812  	[16.2, 16.2]	[right, left]	[2667.4813, 2642.7560]
9    	121164.28   	0.384   	0.3281  	[16.2, 16.2]	[right, left]	[2731.0174, 2727.9030]
10   	115532.65   	0.365   	0.3750  	[16.2, 16.2]	[right, left]	[2808.9806, 2803.1454]
11   	109673.75   	0.357   	0.4219  	[16.2, 16.2]	[right, left]	[2870.4948, 2869.7468]
12   	103775.05   	0.346   	0.4688  	[16.2, 16.2]	[right, left]	[2906.8262, 2902.7596]
13   	97998.55    	0.338   	0.5156  	[16.2, 16.2]	[right, left]	[2900.3672, 2918.2741]
14   	92122.37    	0.321   	0.5625  	[16.2, 16.2]	[right, left]	[2909.3922, 2910.0379]
15   	86248.11    	0.303   	0.6094  	[16.2, 16.2]	[right, left]	[2884.8235, 2919.0201]
16   	80574.31    	0.288   	0.6562  	[16.2, 16.2]	[right, left]	[2920.2611, 2911.5616]
17   	74595.25    	0.271   	0.7031  	[16.2, 16.2]	[right, left]	[2910.2680, 2905.8853]
18   	68842.88    	0.253   	0.7500  	[16.2, 16.2]	[front, back]	[2732.9868, 2713.6791]
19   	63831.13    	0.223   	0.7969  	[16.2, 16.2]	[front, back]	[2659.1346, 2654.2465]
20   	58579.76    	0.190   	0.8438  	[16.2, 16.2]	[front, back]	[2678.7330, 2677.7685]
21   	53211.60    	0.158   	0.8906  	[16.2, 16.2]	[front, back]	[2743.9904, 2745.7799]
22   	47603.95    	0.123   	0.9375  	[16.2, 16.2]	[front, back]	[2852.8365, 2827.5185]
23   	45558.61    	0.114   	0.9375  	[16.2, 16.2]	[front, back]	[2925.0965, 2930.4923]
24   	43502.73    	0.106   	0.9375  	[16.2, 16.2]	[front, back]	[2915.8164, 2919.5038]
25   	42026.17    	0.097   	0.9375  	[16.2, 16.2]	[front, back]	[2908.6021, 2915.3153]
26   	40922.36    	0.095   	0.9375  	[16.2, 16.2]	[front, back]	[2903.3205, 2922.5966]
27   	40002.09    	0.092   	0.9375  	[16.2, 16.2]	[front, back]	[2898.3346, 2912.3853]
28   	39335.24    	0.092   	0.9375  	[16.2, 16.2]	[left, right]	[2704.0211, 2735.5966]
29   	38335.27    	0.091   	0.9375  	[16.2, 16.2]	[left, right]	[2662.7934, 2673.1509]
30   	37368.01    	0.089   	0.9375  	[16.2, 16.2]	[left, right]	[2688.3647, 2692.6498]
31   	36225.42    	0.088   	0.9375  	[16.2, 16.2]	[left, right]	[2746.5007, 2744.4615]
32   	35128.11    	0.086   	0.9375  	[16.2, 16.2]	[left, right]	[2818.7333, 2819.1290]
33   	34190.45    	0.085   	0.9375  	[16.2, 16.2]	[left, right]	[2899.8312, 2907.4936]
34   	33222.35    	0.083   	0.9375  	[16.2, 16.2]	[left, right]	[2898.5982, 2922.5301]
35   	32236.65    	0.082   	0.9375  	[16.2, 16.2]	[left, right]	[2903.6287, 2928.2051]
36   	30838.67    	0.080   	0.9375  	[16.2, 16.2]	[left, right]	[2914.7252, 2910.6624]
37   	29241.51    	0.078   	0.9375  	[16.2, 16.2]	[left, right]	[2916.9729, 2896.8312]
38   	27156.95    	0.077   	0.9375  	[16.2, 16.2]	[back, front]	[2726.9674, 2707.2174]
39   	26415.95    	0.072   	0.9375  	[16.2, 16.2]	[back, front]	[2668.2549, 2656.4613]
40   	25508.47    	0.067   	0.9375  	[16.2, 16.2]	[back, front]	[2677.8109, 2679.8691]
41   	24420.88    	0.064   	0.9375  	[16.2, 16.2]	[back, front]	[2741.6553, 2742.1726]
42   	23346.85    	0.061   	0.9375  	[16.2, 16.2]	[right, left]	[2321.2672, 2341.1487]
43   	19696.89    	0.049   	0.9688  	[16.2, 16.2]	[right, left]	[2135.4612, 2147.2540]
44   	16032.53    	0.031   	1.0000  	[16.2, 16.2]	[right, left]	[1864.9785, 1881.2954]
45   	15249.60    	0.025   	1.0000  	[16.2, 16.2]	[right, left]	[1684.5674, 1692.2327]
46   	13937.19    	0.022   	1.0000  	[16.2, 16.2]	[back, front]	[1317.1008, 1335.0173]
47   	13229.09    	0.019   	1.0000  	[16.2, 16.2]	[back, front]	[1131.7811, 1145.8218]
48   	12745.68    	0.018   	1.0000  	[16.2, 16.2]	[right, left]	[918.9389, 919.8696]
49   	12304.48    	0.017   	1.0000  	[16.2, 16.2]	[right, left]	[787.9287, 781.9507]
50   	12043.63    	0.016   	1.0000  	[16.2, 16.2]	[right, left]	[705.0702, 696.1866]
51   	11821.49    	0.015   	1.0000  	[16.2, 16.2]	[right, up]	[670.0908, 660.0889]
52   	11560.28    	0.015   	1.0000  	[16.2, 21.7]	[up, front]	[650.4214, 668.4973]
53   	11294.24    	0.014   	1.0000  	[21.7, 21.7]	[right, left]	[661.8804, 669.0565]
54   	10905.91    	0.013   	1.0000  	[21.7, 21.7]	[back, left]	[680.2702, 699.0438]
55   	10501.01    	0.012   	1.0000  	[21.7, 21.7]	[back, front]	[722.8820, 738.2192]
56   	10091.29    	0.012   	1.0000  	[21.7, 21.7]	[back, front]	[820.0251, 822.0313]
57   	9417.54     	0.013   	1.0000  	[21.7, 21.7]	[hover, hover]	[716.0024, 716.0189]
58   	8964.22     	0.013   	1.0000  	[21.7, 21.7]	[hover, hover]	[625.3789, 627.6271]
59   	8557.36     	0.012   	1.0000  	[21.7, 21.7]	[hover, hover]	[546.8178, 552.1392]
60   	8228.85     	0.011   	1.0000  	[21.7, 21.7]	[hover, hover]	[480.1699, 490.4122]
61   	7873.97     	0.010   	1.0000  	[21.7, 21.7]	[left, hover]	[421.1786, 429.5009]
62   	7699.32     	0.010   	1.0000  	[21.7, 21.7]	[left, hover]	[412.8808, 379.2824]
63   	7515.99     	0.009   	1.0000  	[21.7, 21.7]	[left, hover]	[428.1815, 337.0370]
64   	7328.96     	0.009   	1.0000  	[21.7, 21.7]	[left, right]	[447.7810, 303.7863]
65   	7172.81     	0.009   	1.0000  	[21.7, 21.7]	[left, right]	[504.9908, 311.7306]
66   	7041.98     	0.009   	1.0000  	[21.7, 21.7]	[left, right]	[570.2050, 354.7239]
67   	6902.46     	0.008   	1.0000  	[21.7, 21.7]	[left, right]	[666.4092, 384.9149]
68   	6693.39     	0.008   	1.0000  	[21.7, 21.7]	[left, right]	[795.8040, 452.5734]
69   	6466.69     	0.008   	1.0000  	[21.7, 21.7]	[front, right]	[779.0321, 539.3516]
70   	6262.40     	0.008   	1.0000  	[21.7, 21.7]	[front, right]	[742.6418, 636.9904]
71   	6032.99     	0.007   	1.0000  	[21.7, 21.7]	[front, right]	[668.9627, 773.5437]
72   	5783.36     	0.007   	1.0000  	[21.7, 21.7]	[front, back]	[612.4352, 772.3432]
73   	5594.47     	0.006   	1.0000  	[21.7, 21.7]	[front, back]	[623.4328, 741.8147]
74   	5467.81     	0.006   	1.0000  	[21.7, 21.7]	[front, back]	[655.9867, 666.4458]
75   	5335.34     	0.006   	1.0000  	[21.7, 21.7]	[front, back]	[710.0864, 611.8880]
76   	5216.29     	0.006   	1.0000  	[21.7, 21.7]	[front, back]	[821.6381, 626.5756]
77   	5102.03     	0.005   	1.0000  	[21.7, 21.7]	[hover, back]	[715.1501, 650.0689]
78   	4971.55     	0.005   	1.0000  	[21.7, 21.7]	[hover, back]	[624.9634, 696.7841]
79   	4845.53     	0.005   	1.0000  	[21.7, 21.7]	[hover, back]	[541.6545, 812.2866]
80   	4678.14     	0.005   	1.0000  	[21.7, 21.7]	[hover, hover]	[477.9237, 708.1711]
81   	4541.57     	0.004   	1.0000  	[21.7, 21.7]	[hover, hover]	[419.4394, 626.4503]
82   	4408.34     	0.004   	1.0000  	[21.7, 21.7]	[right, hover]	[379.5469, 548.1370]
83   	4321.08     	0.004   	1.0000  	[21.7, 21.7]	[right, hover]	[382.5584, 480.6959]
84   	4256.01     	0.004   	1.0000  	[21.7, 21.7]	[right, left]	[367.2188, 426.3472]
85   	4211.78     	0.004   	1.0000  	[21.7, 21.7]	[right, left]	[385.3737, 418.0107]
86   	4151.88     	0.004   	1.0000  	[21.7, 21.7]	[right, left]	[430.0347, 401.6972]
87   	4088.73     	0.004   	1.0000  	[21.7, 21.7]	[right, left]	[511.0718, 410.2180]
88   	4035.40     	0.004   	1.0000  	[21.7, 21.7]	[right, left]	[610.4349, 449.3668]
89   	3961.50     	0.003   	1.0000  	[21.7, 21.7]	[right, left]	[754.3127, 525.9248]
90   	3836.16     	0.003   	1.0000  	[21.7, 21.7]	[hover, left]	[658.0564, 626.7128]
91   	3728.07     	0.003   	1.0000  	[21.7, 21.7]	[hover, left]	[580.1502, 769.5355]
92   	3591.23     	0.003   	1.0000  	[21.7, 21.7]	[hover, hover]	[507.7345, 671.8154]
93   	3465.46     	0.003   	1.0000  	[21.7, 21.7]	[hover, hover]	[448.9447, 583.8533]
94   	3383.25     	0.002   	1.0000  	[21.7, 21.7]	[hover, hover]	[398.4772, 515.7891]
95   	3291.31     	0.002   	1.0000  	[21.7, 21.7]	[hover, hover]	[349.0564, 454.3618]
96   	3231.22     	0.002   	1.0000  	[21.7, 21.7]	[hover, hover]	[309.0866, 397.2172]
97   	3131.24     	0.002   	1.0000  	[21.7, 21.7]	[hover, hover]	[272.4540, 352.0918]
98   	3077.69     	0.002   	1.0000  	[21.7, 21.7]	[hover, hover]	[245.4856, 316.1868]
99   	3016.34     	0.002   	1.0000  	[21.7, 21.7]	[hover, hover]	[217.0671, 281.3452]
[2025-12-11T10:41:44]
Strategy: greedy_ig
Pairwise: equal
Num agents: 2
Iteration: 6
Error margin: None
Gaussian radius 4 
Grid info: range: 0-50-50, cell_size:0.125, map shape: (400, 400), center:True
init UAV positions: [(25.0, 25.0, 5.4), (-25.0, 25.0, 5.4)]
mcts_params: {}
Step	Entropy	MSE	Coverage	Heights	Actions	IGs
------------------------------------------------------------------------------------------------------------------------
0    	158826.13   	0.435   	0.0078  	[5.4, 5.4]	[up, up]	[807.8971, 807.8971]
1    	155956.52   	0.439   	0.0312  	[10.8, 10.8]	[up, up]	[1049.1203, 1047.0929]
2    	152541.47   	0.449   	0.0703  	[16.2, 16.2]	[back, back]	[1218.5389, 1211.2301]
3    	149897.95   	0.443   	0.0938  	[16.2, 16.2]	[left, right]	[1511.4821, 1513.2401]
4    	146213.46   	0.442   	0.1250  	[16.2, 16.2]	[back, back]	[1730.0320, 1721.0269]
5    	142346.55   	0.427   	0.1562  	[16.2, 16.2]	[left, right]	[2049.3394, 2033.8366]
6    	137601.98   	0.421   	0.1953  	[16.2, 16.2]	[left, back]	[2284.4989, 2271.1261]
7    	132625.41   	0.415   	0.2344  	[16.2, 16.2]	[back, right]	[2618.9421, 2608.5872]
8    	126712.33   	0.392   	0.2812  	[16.2, 16.2]	[left, right]	[2640.3586, 2662.6611]
9    	121260.59   	0.389   	0.3281  	[16.2, 16.2]	[left, right]	[2690.2499, 2740.7310]
10   	115694.19   	0.384   	0.3750  	[16.2, 16.2]	[back, back]	[2617.9365, 2629.9455]
11   	110760.26   	0.360   	0.4219  	[16.2, 16.2]	[up, up]	[2750.5603, 2757.7026]
12   	105738.45   	0.329   	0.4844  	[21.7, 21.7]	[back, back]	[2800.8142, 2810.6333]
13   	100017.32   	0.295   	0.5391  	[21.7, 21.7]	[back, back]	[2906.6145, 2896.5401]
14   	94131.41    	0.264   	0.5938  	[21.7, 21.7]	[back, back]	[3018.8504, 3000.3773]
15   	88073.21    	0.225   	0.6484  	[21.7, 21.7]	[back, back]	[3131.3672, 3106.0494]
16   	81962.06    	0.203   	0.7031  	[21.7, 21.7]	[back, back]	[3234.4900, 3208.1794]
17   	75772.95    	0.179   	0.7578  	[21.7, 21.7]	[back, back]	[3314.7517, 3313.0284]
18   	69325.52    	0.164   	0.8125  	[21.7, 21.7]	[back, back]	[3328.4420, 3322.8989]
19   	62997.45    	0.156   	0.8672  	[21.7, 21.7]	[back, back]	[3320.3045, 3327.2619]
20   	56806.79    	0.157   	0.9219  	[21.7, 21.7]	[right, left]	[3214.5989, 3211.2783]
21   	49968.15    	0.128   	0.9844  	[21.7, 21.7]	[hover, hover]	[2753.1243, 2743.5155]
22   	47087.68    	0.115   	0.9844  	[21.7, 21.7]	[hover, hover]	[2342.8636, 2333.0811]
23   	44388.40    	0.107   	0.9844  	[21.7, 21.7]	[hover, hover]	[2013.7558, 1997.5935]
24   	41696.33    	0.096   	0.9844  	[21.7, 21.7]	[hover, hover]	[1734.1619, 1717.1954]
25   	39341.43    	0.091   	0.9844  	[21.7, 21.7]	[left, hover]	[1502.4279, 1480.1570]
26   	37652.37    	0.083   	0.9844  	[21.7, 21.7]	[left, right]	[1752.0419, 1307.6003]
27   	36302.87    	0.080   	0.9844  	[21.7, 21.7]	[left, right]	[1946.5173, 1583.4941]
28   	35023.56    	0.076   	0.9844  	[21.7, 21.7]	[left, right]	[2135.4819, 1829.0804]
29   	34044.55    	0.074   	0.9844  	[21.7, 21.7]	[front, front]	[1956.3405, 1651.9222]
30   	32994.34    	0.071   	0.9844  	[21.7, 21.7]	[front, up]	[1781.9912, 1585.0455]
31   	32044.90    	0.070   	0.9844  	[21.7, 27.1]	[left, right]	[2156.8188, 1883.8133]
32   	31222.22    	0.068   	0.9844  	[21.7, 27.1]	[left, right]	[2500.2925, 2213.3374]
33   	30384.39    	0.065   	0.9844  	[21.7, 27.1]	[left, right]	[2821.0093, 2500.7426]
34   	29444.77    	0.064   	0.9844  	[21.7, 27.1]	[left, right]	[3070.6773, 2758.2148]
35   	27074.97    	0.052   	1.0000  	[21.7, 27.1]	[front, down]	[2952.5406, 2878.5972]
36   	26534.73    	0.049   	1.0000  	[21.7, 21.7]	[front, right]	[2912.0697, 3046.3997]
37   	24991.93    	0.046   	1.0000  	[21.7, 21.7]	[front, front]	[2925.8595, 2726.9898]
38   	23763.20    	0.043   	1.0000  	[21.7, 21.7]	[front, front]	[2960.4192, 2727.4001]
39   	22495.92    	0.041   	1.0000  	[21.7, 21.7]	[front, front]	[3039.4698, 2762.6499]
40   	21386.50    	0.036   	1.0000  	[21.7, 21.7]	[front, front]	[3125.2446, 2804.0893]
41   	20147.07    	0.036   	1.0000  	[21.7, 21.7]	[hover, front]	[2639.0859, 2900.9578]
42   	19162.95    	0.032   	1.0000  	[21.7, 21.7]	[hover, front]	[2255.3851, 3000.6905]
43   	18038.32    	0.031   	1.0000  	[21.7, 21.7]	[hover, front]	[1925.5248, 3112.7425]
44   	17063.72    	0.029   	1.0000  	[21.7, 21.7]	[hover, hover]	[1655.0732, 2617.2219]
45   	16239.53    	0.027   	1.0000  	[21.7, 21.7]	[hover, hover]	[1436.6756, 2231.3954]
46   	15377.38    	0.025   	1.0000  	[21.7, 21.7]	[right, hover]	[1259.5725, 1907.0799]
47   	14815.97    	0.024   	1.0000  	[21.7, 21.7]	[left, hover]	[1113.6288, 1628.1489]
48   	14264.25    	0.022   	1.0000  	[21.7, 21.7]	[right, hover]	[979.2565, 1432.2646]
49   	13788.32    	0.022   	1.0000  	[21.7, 21.7]	[right, left]	[892.6705, 1259.8102]
50   	13296.89    	0.020   	1.0000  	[21.7, 21.7]	[right, left]	[784.9806, 1083.0421]
51   	12944.79    	0.020   	1.0000  	[21.7, 21.7]	[right, right]	[695.6413, 932.4220]
52   	12610.19    	0.019   	1.0000  	[21.7, 21.7]	[right, right]	[636.3517, 846.3853]
53   	12311.44    	0.018   	1.0000  	[21.7, 21.7]	[right, hover]	[569.4520, 730.2553]
54   	12087.87    	0.018   	1.0000  	[21.7, 21.7]	[right, back]	[549.8884, 639.2232]
55   	11901.29    	0.017   	1.0000  	[21.7, 21.7]	[right, back]	[733.0656, 611.1018]
56   	11671.41    	0.017   	1.0000  	[21.7, 21.7]	[back, back]	[649.1770, 628.0847]
57   	11454.48    	0.017   	1.0000  	[21.7, 21.7]	[back, back]	[605.3420, 696.0339]
58   	11304.61    	0.016   	1.0000  	[21.7, 21.7]	[back, back]	[576.1523, 790.3411]
59   	11015.00    	0.016   	1.0000  	[21.7, 21.7]	[back, back]	[561.1121, 917.1153]
60   	10725.19    	0.015   	1.0000  	[21.7, 21.7]	[back, back]	[568.5724, 1080.7045]
61   	10333.80    	0.015   	1.0000  	[21.7, 21.7]	[back, back]	[560.7227, 1359.1002]
62   	9826.61     	0.014   	1.0000  	[21.7, 21.7]	[back, hover]	[582.9238, 1149.5819]
63   	9396.56     	0.013   	1.0000  	[21.7, 21.7]	[hover, hover]	[504.2301, 965.3095]
64   	9065.77     	0.012   	1.0000  	[21.7, 21.7]	[hover, hover]	[449.7346, 839.6686]
65   	8842.69     	0.012   	1.0000  	[21.7, 21.7]	[up, hover]	[400.8030, 732.2502]
66   	8641.23     	0.011   	1.0000  	[27.1, 21.7]	[left, hover]	[485.1020, 650.2882]
67   	8429.35     	0.011   	1.0000  	[27.1, 21.7]	[left, hover]	[490.2289, 568.2682]
68   	8250.96     	0.011   	1.0000  	[27.1, 21.7]	[left, hover]	[560.8603, 505.0941]
69   	8094.47     	0.010   	1.0000  	[27.1, 21.7]	[left, hover]	[693.6221, 450.5724]
70   	7927.69     	0.010   	1.0000  	[27.1, 21.7]	[left, hover]	[842.5131, 402.9066]
71   	7733.81     	0.010   	1.0000  	[27.1, 21.7]	[left, hover]	[1006.3857, 358.0214]
72   	7481.60     	0.009   	1.0000  	[27.1, 21.7]	[left, hover]	[1191.2108, 317.1689]
73   	7082.64     	0.010   	1.0000  	[27.1, 21.7]	[down, left]	[1125.0280, 289.2148]
74   	6973.70     	0.009   	1.0000  	[21.7, 21.7]	[left, left]	[1331.5017, 275.2097]
75   	6519.12     	0.009   	1.0000  	[21.7, 21.7]	[back, left]	[1522.4250, 276.6731]
76   	6129.96     	0.008   	1.0000  	[21.7, 21.7]	[hover, left]	[1286.2784, 269.7142]
77   	5868.55     	0.007   	1.0000  	[21.7, 21.7]	[hover, left]	[1105.1142, 278.3950]
78   	5572.44     	0.007   	1.0000  	[21.7, 21.7]	[hover, left]	[943.7296, 320.5746]
79   	5315.30     	0.006   	1.0000  	[21.7, 21.7]	[hover, left]	[796.3373, 380.0729]
80   	5073.48     	0.006   	1.0000  	[21.7, 21.7]	[hover, up]	[685.8464, 433.1680]
81   	4828.99     	0.005   	1.0000  	[21.7, 27.1]	[hover, front]	[609.3589, 518.3536]
82   	4663.50     	0.005   	1.0000  	[21.7, 27.1]	[hover, front]	[528.7392, 510.6204]
83   	4548.05     	0.005   	1.0000  	[21.7, 27.1]	[hover, front]	[483.1149, 501.4384]
84   	4391.78     	0.004   	1.0000  	[21.7, 27.1]	[hover, front]	[427.2768, 495.1069]
85   	4277.77     	0.004   	1.0000  	[21.7, 27.1]	[hover, front]	[379.0682, 499.4711]
86   	4166.62     	0.004   	1.0000  	[21.7, 27.1]	[hover, front]	[335.7156, 508.2326]
87   	4056.57     	0.004   	1.0000  	[21.7, 27.1]	[hover, front]	[298.3543, 550.6106]
88   	3947.46     	0.004   	1.0000  	[21.7, 27.1]	[hover, down]	[264.2691, 520.0216]
89   	3860.67     	0.003   	1.0000  	[21.7, 21.7]	[hover, left]	[237.5881, 620.7763]
90   	3779.90     	0.003   	1.0000  	[21.7, 21.7]	[hover, front]	[207.3739, 657.4544]
91   	3650.27     	0.003   	1.0000  	[21.7, 21.7]	[hover, hover]	[185.9549, 576.3882]
92   	3540.11     	0.003   	1.0000  	[21.7, 21.7]	[hover, hover]	[165.8670, 510.8128]
93   	3445.32     	0.003   	1.0000  	[21.7, 21.7]	[hover, hover]	[150.7972, 445.4604]
94   	3360.82     	0.003   	1.0000  	[21.7, 21.7]	[hover, hover]	[135.6697, 394.7335]
95   	3301.59     	0.002   	1.0000  	[21.7, 21.7]	[front, hover]	[125.2163, 347.7054]
96   	3251.54     	0.002   	1.0000  	[21.7, 21.7]	[front, hover]	[126.6166, 303.4608]
97   	3183.33     	0.002   	1.0000  	[21.7, 21.7]	[front, hover]	[166.0306, 264.3647]
98   	3137.76     	0.002   	1.0000  	[21.7, 21.7]	[front, hover]	[201.6916, 234.0688]
99   	3093.18     	0.002   	1.0000  	[21.7, 21.7]	[front, hover]	[243.7582, 206.8328]
[2025-12-11T10:41:49]
Strategy: greedy_ig
Pairwise: equal
Num agents: 2
Iteration: 7
Error margin: None
Gaussian radius 4 
Grid info: range: 0-50-50, cell_size:0.125, map shape: (400, 400), center:True
init UAV positions: [(-25.0, 25.0, 5.4), (25.0, 25.0, 5.4)]
mcts_params: {}
Step	Entropy	MSE	Coverage	Heights	Actions	IGs
------------------------------------------------------------------------------------------------------------------------
0    	158826.13   	0.435   	0.0078  	[5.4, 5.4]	[up, up]	[807.8971, 807.8971]
1    	155982.55   	0.439   	0.0312  	[10.8, 10.8]	[up, up]	[1054.7971, 1047.9038]
2    	152567.93   	0.449   	0.0703  	[16.2, 16.2]	[back, back]	[1216.9217, 1217.4506]
3    	149872.18   	0.443   	0.0938  	[16.2, 16.2]	[right, left]	[1508.5186, 1511.4962]
4    	146200.98   	0.442   	0.1250  	[16.2, 16.2]	[back, back]	[1731.0915, 1714.0178]
5    	142371.72   	0.426   	0.1562  	[16.2, 16.2]	[right, left]	[2045.6554, 2036.4962]
6    	137625.72   	0.421   	0.1953  	[16.2, 16.2]	[back, back]	[2291.3885, 2273.2519]
7    	132534.25   	0.403   	0.2344  	[16.2, 16.2]	[right, left]	[2607.7770, 2608.2215]
8    	126627.46   	0.392   	0.2812  	[16.2, 16.2]	[right, left]	[2659.4057, 2642.7560]
9    	121198.99   	0.391   	0.3281  	[16.2, 16.2]	[right, left]	[2721.9916, 2727.9030]
10   	115580.32   	0.381   	0.3750  	[16.2, 16.2]	[back, back]	[2620.9045, 2624.7392]
11   	110679.26   	0.360   	0.4219  	[16.2, 16.2]	[up, up]	[2757.1329, 2748.0052]
12   	105562.80   	0.330   	0.4844  	[21.7, 21.7]	[back, back]	[2803.5859, 2799.0120]
13   	99977.42    	0.297   	0.5391  	[21.7, 21.7]	[back, back]	[2909.7111, 2900.0880]
14   	94111.15    	0.265   	0.5938  	[21.7, 21.7]	[back, back]	[3012.2754, 3001.1519]
15   	88116.51    	0.226   	0.6484  	[21.7, 21.7]	[back, back]	[3122.0313, 3111.5307]
16   	81958.09    	0.203   	0.7031  	[21.7, 21.7]	[back, back]	[3226.3186, 3213.2471]
17   	75704.77    	0.179   	0.7578  	[21.7, 21.7]	[back, back]	[3313.5998, 3309.2998]
18   	69261.67    	0.164   	0.8125  	[21.7, 21.7]	[back, back]	[3326.3731, 3318.4689]
19   	62940.62    	0.156   	0.8672  	[21.7, 21.7]	[back, back]	[3320.8097, 3326.0683]
20   	56777.71    	0.156   	0.9219  	[21.7, 21.7]	[left, right]	[3208.3223, 3207.4799]
21   	49838.46    	0.127   	0.9844  	[21.7, 21.7]	[hover, hover]	[2747.6182, 2740.1209]
22   	47129.08    	0.115   	0.9844  	[21.7, 21.7]	[hover, hover]	[2343.7891, 2329.2231]
23   	44315.13    	0.107   	0.9844  	[21.7, 21.7]	[hover, hover]	[2012.3023, 1986.8956]
24   	41759.63    	0.096   	0.9844  	[21.7, 21.7]	[hover, hover]	[1734.5389, 1717.7236]
25   	39281.31    	0.090   	0.9844  	[21.7, 21.7]	[hover, hover]	[1505.0960, 1475.6982]
26   	37076.09    	0.083   	0.9844  	[21.7, 21.7]	[right, left]	[1345.6184, 1318.8631]
27   	36029.40    	0.080   	0.9844  	[21.7, 21.7]	[right, left]	[1623.0451, 1603.9221]
28   	34655.28    	0.075   	0.9844  	[21.7, 21.7]	[right, left]	[1857.7013, 1847.7067]
29   	33518.71    	0.074   	0.9844  	[21.7, 21.7]	[right, left]	[2083.6048, 2066.0884]
30   	32693.25    	0.071   	0.9844  	[21.7, 21.7]	[right, left]	[2416.1831, 2415.2897]
31   	31935.60    	0.070   	0.9844  	[21.7, 21.7]	[right, left]	[2794.5222, 2785.1139]
32   	31034.21    	0.068   	0.9844  	[21.7, 21.7]	[right, left]	[3089.2506, 3071.6387]
33   	30119.30    	0.066   	0.9844  	[21.7, 21.7]	[right, left]	[3319.0141, 3302.6899]
34   	28461.58    	0.064   	0.9844  	[21.7, 21.7]	[front, front]	[3116.2924, 3110.6888]
35   	26639.26    	0.054   	0.9922  	[21.7, 21.7]	[front, front]	[2996.6324, 3004.7715]
36   	24898.89    	0.047   	1.0000  	[21.7, 21.7]	[front, front]	[2949.1431, 2949.6678]
37   	23720.97    	0.043   	1.0000  	[21.7, 21.7]	[front, front]	[2950.2407, 2952.7014]
38   	22512.92    	0.040   	1.0000  	[21.7, 21.7]	[front, front]	[3004.2577, 2989.2470]
39   	21377.08    	0.037   	1.0000  	[21.7, 21.7]	[front, front]	[3061.5270, 3054.1854]
40   	20211.99    	0.035   	1.0000  	[21.7, 21.7]	[front, front]	[3145.1913, 3154.0042]
41   	18922.94    	0.032   	1.0000  	[21.7, 21.7]	[front, front]	[3243.2609, 3249.3089]
42   	17416.95    	0.031   	1.0000  	[21.7, 21.7]	[hover, hover]	[2732.4677, 2736.7556]
43   	16329.35    	0.027   	1.0000  	[21.7, 21.7]	[hover, hover]	[2327.5027, 2338.6493]
44   	15418.56    	0.026   	1.0000  	[21.7, 21.7]	[hover, hover]	[1996.1570, 2004.5605]
45   	14596.85    	0.024   	1.0000  	[21.7, 21.7]	[hover, hover]	[1726.4341, 1717.6545]
46   	13883.82    	0.022   	1.0000  	[21.7, 21.7]	[hover, right]	[1497.2706, 1499.0282]
47   	13208.07    	0.020   	1.0000  	[21.7, 21.7]	[left, left]	[1308.9793, 1320.0277]
48   	12654.63    	0.019   	1.0000  	[21.7, 21.7]	[left, right]	[1166.4267, 1138.4974]
49   	12195.82    	0.018   	1.0000  	[21.7, 21.7]	[left, right]	[1034.2335, 1018.8285]
50   	11750.42    	0.018   	1.0000  	[21.7, 21.7]	[hover, right]	[885.0139, 908.8353]
51   	11379.08    	0.017   	1.0000  	[21.7, 21.7]	[right, right]	[778.8629, 796.0386]
52   	11120.75    	0.016   	1.0000  	[21.7, 21.7]	[right, left]	[721.0265, 717.0194]
53   	10841.76    	0.016   	1.0000  	[21.7, 21.7]	[right, left]	[724.2047, 654.7329]
54   	10597.56    	0.015   	1.0000  	[21.7, 21.7]	[hover, left]	[649.1221, 623.1400]
55   	10355.87    	0.015   	1.0000  	[21.7, 21.7]	[back, left]	[593.0437, 646.0870]
56   	10075.98    	0.014   	1.0000  	[21.7, 21.7]	[back, back]	[579.8412, 584.8133]
57   	9890.56     	0.014   	1.0000  	[21.7, 21.7]	[back, back]	[603.6138, 567.3302]
58   	9592.73     	0.013   	1.0000  	[21.7, 21.7]	[back, back]	[656.7057, 605.1167]
59   	9352.38     	0.013   	1.0000  	[21.7, 21.7]	[back, back]	[762.3155, 671.1124]
60   	9019.22     	0.012   	1.0000  	[21.7, 21.7]	[back, back]	[895.4337, 763.2948]
61   	8661.50     	0.011   	1.0000  	[21.7, 21.7]	[back, back]	[1051.3523, 894.6698]
62   	8229.15     	0.011   	1.0000  	[21.7, 21.7]	[back, back]	[1245.8082, 1046.5812]
63   	7618.28     	0.010   	1.0000  	[21.7, 21.7]	[hover, back]	[1076.1462, 1247.7815]
64   	7103.20     	0.010   	1.0000  	[21.7, 21.7]	[hover, hover]	[934.9440, 1074.4919]
65   	6662.85     	0.009   	1.0000  	[21.7, 21.7]	[hover, hover]	[814.7978, 934.6632]
66   	6272.36     	0.008   	1.0000  	[21.7, 21.7]	[hover, hover]	[709.5483, 814.2732]
67   	5974.66     	0.007   	1.0000  	[21.7, 21.7]	[hover, hover]	[624.0116, 713.6287]
68   	5657.79     	0.007   	1.0000  	[21.7, 21.7]	[hover, hover]	[547.0883, 624.4845]
69   	5412.78     	0.006   	1.0000  	[21.7, 21.7]	[hover, hover]	[480.3035, 547.6106]
70   	5183.19     	0.006   	1.0000  	[21.7, 21.7]	[hover, hover]	[424.0700, 481.7085]
71   	4973.82     	0.005   	1.0000  	[21.7, 21.7]	[hover, hover]	[370.7365, 424.0313]
72   	4787.47     	0.005   	1.0000  	[21.7, 21.7]	[hover, hover]	[324.1642, 372.6244]
73   	4622.10     	0.005   	1.0000  	[21.7, 21.7]	[hover, hover]	[287.3479, 327.9976]
74   	4481.85     	0.004   	1.0000  	[21.7, 21.7]	[left, hover]	[260.2019, 290.5779]
75   	4403.15     	0.004   	1.0000  	[21.7, 21.7]	[left, right]	[254.1112, 264.4037]
76   	4329.54     	0.004   	1.0000  	[21.7, 21.7]	[left, right]	[263.9916, 253.4318]
77   	4277.49     	0.004   	1.0000  	[21.7, 21.7]	[left, right]	[280.2975, 256.9597]
78   	4233.32     	0.004   	1.0000  	[21.7, 21.7]	[front, hover]	[278.1857, 227.0189]
79   	4207.89     	0.004   	1.0000  	[21.7, 21.7]	[left, right]	[323.1149, 259.2723]
80   	4182.34     	0.004   	1.0000  	[21.7, 21.7]	[left, right]	[399.0983, 315.8462]
81   	4149.47     	0.004   	1.0000  	[21.7, 21.7]	[left, right]	[477.2149, 387.2425]
82   	4109.97     	0.004   	1.0000  	[21.7, 21.7]	[left, right]	[740.6612, 461.1908]
83   	4052.82     	0.004   	1.0000  	[21.7, 21.7]	[front, right]	[778.7425, 663.8275]
84   	3965.21     	0.003   	1.0000  	[21.7, 21.7]	[front, front]	[725.4317, 708.0366]
85   	3906.14     	0.003   	1.0000  	[21.7, 21.7]	[front, front]	[672.8272, 759.0111]
86   	3841.99     	0.003   	1.0000  	[21.7, 21.7]	[front, front]	[622.5815, 711.5566]
87   	3757.12     	0.003   	1.0000  	[21.7, 21.7]	[front, front]	[590.7661, 658.4109]
88   	3675.21     	0.003   	1.0000  	[21.7, 21.7]	[front, front]	[573.7493, 605.5089]
89   	3600.06     	0.003   	1.0000  	[21.7, 21.7]	[front, front]	[600.2745, 574.1952]
90   	3519.93     	0.003   	1.0000  	[21.7, 21.7]	[hover, front]	[525.8522, 550.8989]
91   	3421.18     	0.002   	1.0000  	[21.7, 21.7]	[hover, front]	[460.0009, 560.8091]
92   	3311.90     	0.002   	1.0000  	[21.7, 21.7]	[hover, hover]	[404.7044, 492.1479]
93   	3221.90     	0.002   	1.0000  	[21.7, 21.7]	[hover, hover]	[354.7929, 433.3535]
94   	3147.22     	0.002   	1.0000  	[21.7, 21.7]	[hover, hover]	[313.4347, 383.0537]
95   	3067.06     	0.002   	1.0000  	[21.7, 21.7]	[hover, hover]	[275.5154, 338.5147]
96   	2997.06     	0.002   	1.0000  	[21.7, 21.7]	[hover, hover]	[244.7555, 299.7943]
97   	2956.19     	0.002   	1.0000  	[21.7, 21.7]	[hover, hover]	[217.1659, 265.0036]
98   	2925.72     	0.002   	1.0000  	[21.7, 21.7]	[hover, hover]	[194.8362, 239.1357]
99   	2869.46     	0.002   	1.0000  	[21.7, 21.7]	[hover, hover]	[177.8241, 211.5758]
[2025-12-11T10:41:56]
Strategy: greedy_ig
Pairwise: equal
Num agents: 2
Iteration: 8
Error margin: None
Gaussian radius 4 
Grid info: range: 0-50-50, cell_size:0.125, map shape: (400, 400), center:True
init UAV positions: [(-25.0, 25.0, 5.4), (-25.0, -25.0, 5.4)]
mcts_params: {}
Step	Entropy	MSE	Coverage	Heights	Actions	IGs
------------------------------------------------------------------------------------------------------------------------
0    	158826.13   	0.435   	0.0078  	[5.4, 5.4]	[up, up]	[807.8971, 807.8971]
1    	155971.98   	0.439   	0.0312  	[10.8, 10.8]	[up, up]	[1054.7971, 1045.2682]
2    	152553.84   	0.449   	0.0703  	[16.2, 16.2]	[back, front]	[1216.9217, 1211.1633]
3    	149864.02   	0.450   	0.0938  	[16.2, 16.2]	[right, right]	[1508.5186, 1502.6331]
4    	146226.22   	0.451   	0.1250  	[16.2, 16.2]	[back, front]	[1731.0915, 1715.3999]
5    	142330.79   	0.449   	0.1562  	[16.2, 16.2]	[right, right]	[2045.6554, 2030.3312]
6    	137624.91   	0.451   	0.1953  	[16.2, 16.2]	[back, front]	[2291.3885, 2270.6766]
7    	132575.42   	0.433   	0.2344  	[16.2, 16.2]	[right, right]	[2607.7770, 2614.8251]
8    	126673.38   	0.434   	0.2812  	[16.2, 16.2]	[right, right]	[2659.4057, 2663.7193]
9    	121155.62   	0.445   	0.3281  	[16.2, 16.2]	[right, right]	[2721.9916, 2737.8499]
10   	115560.43   	0.432   	0.3750  	[16.2, 16.2]	[right, right]	[2802.4411, 2809.5300]
11   	109733.71   	0.416   	0.4219  	[16.2, 16.2]	[right, right]	[2863.8856, 2882.4150]
12   	103822.96   	0.395   	0.4688  	[16.2, 16.2]	[right, right]	[2906.8262, 2914.4344]
13   	97985.27    	0.377   	0.5156  	[16.2, 16.2]	[right, right]	[2900.3672, 2914.3902]
14   	92143.16    	0.350   	0.5625  	[16.2, 16.2]	[right, right]	[2909.3922, 2912.2133]
15   	86224.65    	0.322   	0.6094  	[16.2, 16.2]	[right, right]	[2884.8235, 2906.6958]
16   	80551.52    	0.295   	0.6562  	[16.2, 16.2]	[right, right]	[2920.2611, 2903.3602]
17   	74658.75    	0.272   	0.7031  	[16.2, 16.2]	[right, right]	[2910.2680, 2915.0904]
18   	68868.88    	0.254   	0.7500  	[16.2, 16.2]	[back, front]	[2727.2363, 2724.0615]
19   	63882.29    	0.209   	0.7969  	[16.2, 16.2]	[back, front]	[2653.9340, 2660.7095]
20   	58708.97    	0.164   	0.8438  	[16.2, 16.2]	[back, front]	[2385.1122, 2409.1821]
21   	57527.08    	0.157   	0.8438  	[16.2, 16.2]	[back, front]	[2191.5938, 2198.3018]
22   	55790.99    	0.146   	0.8438  	[16.2, 16.2]	[back, front]	[2142.7071, 2126.9764]
23   	54586.57    	0.142   	0.8438  	[16.2, 16.2]	[back, front]	[2453.4121, 2450.3244]
24   	53598.55    	0.139   	0.8438  	[16.2, 16.2]	[back, front]	[2731.9390, 2724.2894]
25   	52561.46    	0.137   	0.8438  	[16.2, 16.2]	[back, front]	[2843.6150, 2867.3148]
26   	51345.23    	0.135   	0.8438  	[16.2, 16.2]	[back, front]	[2901.0001, 2916.3882]
27   	49663.32    	0.133   	0.8438  	[16.2, 16.2]	[back, front]	[2901.3945, 2912.6882]
28   	47475.84    	0.132   	0.8438  	[16.2, 16.2]	[left, left]	[2711.5763, 2713.4135]
29   	46766.06    	0.127   	0.8438  	[16.2, 16.2]	[left, left]	[2659.2341, 2667.7520]
30   	45867.83    	0.125   	0.8438  	[16.2, 16.2]	[left, left]	[2686.4718, 2693.0209]
31   	44851.24    	0.123   	0.8438  	[16.2, 16.2]	[left, left]	[2753.0965, 2747.8015]
32   	43738.16    	0.122   	0.8438  	[16.2, 16.2]	[left, left]	[2817.6656, 2830.6089]
33   	42631.24    	0.122   	0.8438  	[16.2, 16.2]	[left, left]	[2899.8312, 2909.3377]
34   	41535.22    	0.120   	0.8438  	[16.2, 16.2]	[left, left]	[2898.5982, 2931.0198]
35   	40573.78    	0.118   	0.8438  	[16.2, 16.2]	[left, left]	[2903.6287, 2929.2335]
36   	39525.08    	0.117   	0.8438  	[16.2, 16.2]	[left, left]	[2914.7252, 2920.1880]
37   	38382.47    	0.115   	0.8438  	[16.2, 16.2]	[left, left]	[2916.9729, 2931.2672]
38   	37204.15    	0.114   	0.8438  	[16.2, 16.2]	[front, back]	[2732.6806, 2729.2418]
39   	31744.61    	0.093   	0.8906  	[16.2, 16.2]	[front, back]	[2671.9430, 2666.8850]
40   	26507.82    	0.077   	0.9375  	[16.2, 16.2]	[front, back]	[2414.4088, 2399.2924]
41   	25362.58    	0.069   	0.9375  	[16.2, 16.2]	[front, back]	[2193.0664, 2184.9849]
42   	23588.22    	0.063   	0.9375  	[16.2, 16.2]	[right, right]	[1995.6370, 1981.0968]
43   	21396.29    	0.060   	0.9531  	[16.2, 16.2]	[right, right]	[1837.6925, 1844.3039]
44   	19037.35    	0.054   	0.9688  	[16.2, 16.2]	[right, right]	[1765.6220, 1785.6049]
45   	16755.63    	0.041   	0.9844  	[16.2, 16.2]	[right, right]	[1781.5289, 1782.5645]
46   	14404.64    	0.027   	1.0000  	[16.2, 16.2]	[front, back]	[1276.3542, 1287.6825]
47   	13545.41    	0.022   	1.0000  	[16.2, 16.2]	[front, back]	[1091.2253, 1106.5260]
48   	13005.81    	0.019   	1.0000  	[16.2, 16.2]	[right, right]	[938.4800, 935.7655]
49   	12594.24    	0.018   	1.0000  	[16.2, 16.2]	[right, right]	[765.6208, 778.1850]
50   	12279.65    	0.016   	1.0000  	[16.2, 16.2]	[right, right]	[667.8461, 677.4190]
51   	12018.00    	0.016   	1.0000  	[16.2, 16.2]	[up, up]	[632.7278, 625.0716]
52   	11801.23    	0.014   	1.0000  	[21.7, 21.7]	[front, back]	[640.6139, 637.2520]
53   	11561.47    	0.014   	1.0000  	[21.7, 21.7]	[front, right]	[648.6759, 650.9454]
54   	11291.56    	0.014   	1.0000  	[21.7, 21.7]	[front, right]	[674.9640, 696.2214]
55   	10979.13    	0.013   	1.0000  	[21.7, 21.7]	[right, back]	[723.8167, 749.9847]
56   	10533.71    	0.013   	1.0000  	[21.7, 21.7]	[right, back]	[825.5719, 828.6938]
57   	9851.57     	0.014   	1.0000  	[21.7, 21.7]	[hover, hover]	[730.7422, 719.4474]
58   	9421.59     	0.014   	1.0000  	[21.7, 21.7]	[hover, hover]	[637.5014, 625.8838]
59   	9086.44     	0.012   	1.0000  	[21.7, 21.7]	[hover, hover]	[555.4840, 547.4301]
60   	8759.68     	0.012   	1.0000  	[21.7, 21.7]	[hover, hover]	[487.0132, 482.1153]
61   	8464.44     	0.011   	1.0000  	[21.7, 21.7]	[hover, hover]	[427.1907, 425.4314]
62   	8191.50     	0.010   	1.0000  	[21.7, 21.7]	[hover, hover]	[377.3355, 374.1535]
63   	8013.70     	0.010   	1.0000  	[21.7, 21.7]	[hover, left]	[329.7849, 334.7536]
64   	7810.60     	0.009   	1.0000  	[21.7, 21.7]	[back, left]	[306.7664, 330.4647]
65   	7757.60     	0.009   	1.0000  	[21.7, 21.7]	[back, left]	[314.8446, 368.4639]
66   	7611.17     	0.009   	1.0000  	[21.7, 21.7]	[back, left]	[320.5228, 397.4092]
67   	7523.31     	0.009   	1.0000  	[21.7, 21.7]	[back, left]	[355.7878, 461.0563]
68   	7445.61     	0.009   	1.0000  	[21.7, 21.7]	[back, left]	[420.3875, 538.2386]
69   	7285.31     	0.008   	1.0000  	[21.7, 21.7]	[back, left]	[525.8379, 639.8537]
70   	7107.24     	0.008   	1.0000  	[21.7, 21.7]	[back, left]	[645.7688, 767.3998]
71   	6813.66     	0.008   	1.0000  	[21.7, 21.7]	[back, front]	[799.3229, 757.4583]
72   	6575.80     	0.008   	1.0000  	[21.7, 21.7]	[hover, front]	[694.0524, 728.7363]
73   	6263.18     	0.007   	1.0000  	[21.7, 21.7]	[hover, front]	[608.0366, 658.9831]
74   	6020.12     	0.007   	1.0000  	[21.7, 21.7]	[hover, front]	[534.1812, 603.1599]
75   	5830.58     	0.006   	1.0000  	[21.7, 21.7]	[hover, front]	[466.9065, 614.5104]
76   	5563.81     	0.006   	1.0000  	[21.7, 21.7]	[left, front]	[417.7091, 643.5725]
77   	5384.49     	0.006   	1.0000  	[21.7, 21.7]	[left, front]	[402.5527, 690.9135]
78   	5209.26     	0.006   	1.0000  	[21.7, 21.7]	[left, front]	[375.7785, 816.6814]
79   	5095.04     	0.005   	1.0000  	[21.7, 21.7]	[left, hover]	[387.7582, 715.1472]
80   	4894.22     	0.005   	1.0000  	[21.7, 21.7]	[left, hover]	[440.2875, 622.6190]
81   	4764.28     	0.005   	1.0000  	[21.7, 21.7]	[left, hover]	[528.8264, 545.1500]
82   	4631.89     	0.005   	1.0000  	[21.7, 21.7]	[left, hover]	[657.5116, 478.1700]
83   	4465.37     	0.004   	1.0000  	[21.7, 21.7]	[left, right]	[842.5759, 420.2412]
84   	4308.02     	0.004   	1.0000  	[21.7, 21.7]	[hover, right]	[734.9650, 416.1232]
85   	4171.06     	0.004   	1.0000  	[21.7, 21.7]	[front, right]	[656.1300, 392.4975]
86   	4083.32     	0.004   	1.0000  	[21.7, 21.7]	[front, right]	[689.1543, 405.5956]
87   	3981.95     	0.003   	1.0000  	[21.7, 21.7]	[front, right]	[691.8482, 450.6783]
88   	3900.15     	0.003   	1.0000  	[21.7, 21.7]	[front, right]	[661.9170, 523.4364]
89   	3825.45     	0.003   	1.0000  	[21.7, 21.7]	[front, right]	[658.0249, 634.2078]
90   	3738.68     	0.003   	1.0000  	[21.7, 21.7]	[front, right]	[649.8910, 783.5103]
91   	3623.14     	0.003   	1.0000  	[21.7, 21.7]	[front, hover]	[633.0541, 679.3417]
92   	3493.10     	0.003   	1.0000  	[21.7, 21.7]	[front, hover]	[612.5208, 591.0103]
93   	3423.50     	0.003   	1.0000  	[21.7, 21.7]	[hover, hover]	[538.7220, 518.9175]
94   	3311.66     	0.002   	1.0000  	[21.7, 21.7]	[hover, hover]	[470.8309, 456.7769]
95   	3231.89     	0.002   	1.0000  	[21.7, 21.7]	[hover, hover]	[415.7529, 402.8943]
96   	3162.58     	0.002   	1.0000  	[21.7, 21.7]	[hover, hover]	[368.8126, 354.9270]
97   	3103.75     	0.002   	1.0000  	[21.7, 21.7]	[hover, hover]	[326.2142, 315.7355]
98   	3051.17     	0.002   	1.0000  	[21.7, 21.7]	[hover, hover]	[288.9017, 280.6093]
99   	3007.52     	0.002   	1.0000  	[21.7, 21.7]	[hover, hover]	[255.5044, 251.7850]
[2025-12-11T10:42:01]
Strategy: greedy_ig
Pairwise: equal
Num agents: 2
Iteration: 9
Error margin: None
Gaussian radius 4 
Grid info: range: 0-50-50, cell_size:0.125, map shape: (400, 400), center:True
init UAV positions: [(25.0, -25.0, 5.4), (-25.0, 25.0, 5.4)]
mcts_params: {}
Step	Entropy	MSE	Coverage	Heights	Actions	IGs
------------------------------------------------------------------------------------------------------------------------
0    	158826.13   	0.435   	0.0078  	[5.4, 5.4]	[up, up]	[807.8971, 807.8971]
1    	155964.66   	0.438   	0.0312  	[10.8, 10.8]	[up, up]	[1051.1477, 1047.0929]
2    	152524.87   	0.437   	0.0703  	[16.2, 16.2]	[front, back]	[1218.2969, 1211.2301]
3    	149888.35   	0.426   	0.0938  	[16.2, 16.2]	[left, right]	[1511.8357, 1513.2401]
4    	146240.63   	0.418   	0.1250  	[16.2, 16.2]	[left, back]	[1731.2276, 1721.0269]
5    	142347.72   	0.407   	0.1562  	[16.2, 16.2]	[front, right]	[2047.6025, 2033.8366]
6    	137580.93   	0.390   	0.1953  	[16.2, 16.2]	[front, back]	[2272.2707, 2271.1261]
7    	132600.41   	0.370   	0.2344  	[16.2, 16.2]	[left, right]	[2610.4086, 2608.5872]
8    	126683.18   	0.362   	0.2812  	[16.2, 16.2]	[left, right]	[2647.5100, 2662.6611]
9    	121238.04   	0.357   	0.3281  	[16.2, 16.2]	[left, right]	[2713.4628, 2740.7310]
10   	115571.88   	0.344   	0.3750  	[16.2, 16.2]	[left, right]	[2789.1099, 2807.4724]
11   	109798.79   	0.332   	0.4219  	[16.2, 16.2]	[left, right]	[2855.0253, 2882.3509]
12   	103937.07   	0.323   	0.4688  	[16.2, 16.2]	[left, right]	[2921.6969, 2914.4344]
13   	98041.22    	0.314   	0.5156  	[16.2, 16.2]	[left, right]	[2918.2589, 2914.3902]
14   	92189.89    	0.302   	0.5625  	[16.2, 16.2]	[left, right]	[2918.0995, 2912.2133]
15   	86349.67    	0.290   	0.6094  	[16.2, 16.2]	[left, right]	[2914.9629, 2906.6958]
16   	80582.42    	0.279   	0.6562  	[16.2, 16.2]	[left, right]	[2931.8914, 2903.3602]
17   	74798.24    	0.268   	0.7031  	[16.2, 16.2]	[left, right]	[2926.5707, 2915.0904]
18   	68942.00    	0.254   	0.7500  	[16.2, 16.2]	[front, back]	[2747.8401, 2718.2232]
19   	64105.83    	0.215   	0.7969  	[16.2, 16.2]	[front, back]	[2679.1779, 2666.6585]
20   	58776.18    	0.181   	0.8438  	[16.2, 16.2]	[front, back]	[2690.3604, 2682.9836]
21   	53436.73    	0.152   	0.8906  	[16.2, 16.2]	[front, back]	[2751.4939, 2750.4925]
22   	47859.04    	0.122   	0.9375  	[16.2, 16.2]	[front, back]	[2849.8094, 2829.4458]
23   	45802.32    	0.115   	0.9375  	[16.2, 16.2]	[front, back]	[2925.0965, 2930.4923]
24   	43643.90    	0.105   	0.9375  	[16.2, 16.2]	[front, back]	[2915.8164, 2919.5038]
25   	42186.23    	0.098   	0.9375  	[16.2, 16.2]	[front, back]	[2908.6021, 2915.3153]
26   	41036.09    	0.095   	0.9375  	[16.2, 16.2]	[front, back]	[2903.3205, 2922.5966]
27   	40130.74    	0.093   	0.9375  	[16.2, 16.2]	[front, back]	[2898.3346, 2912.3853]
28   	39449.79    	0.091   	0.9375  	[16.2, 16.2]	[right, left]	[2698.2336, 2733.6072]
29   	38501.46    	0.090   	0.9375  	[16.2, 16.2]	[right, left]	[2653.7270, 2660.6394]
30   	37506.76    	0.089   	0.9375  	[16.2, 16.2]	[right, left]	[2679.7807, 2673.3768]
31   	36463.81    	0.088   	0.9375  	[16.2, 16.2]	[right, left]	[2741.8879, 2735.7003]
32   	35298.85    	0.086   	0.9375  	[16.2, 16.2]	[right, left]	[2818.7621, 2823.3404]
33   	34435.43    	0.085   	0.9375  	[16.2, 16.2]	[right, left]	[2924.7337, 2909.3377]
34   	33446.28    	0.083   	0.9375  	[16.2, 16.2]	[right, left]	[2913.9981, 2931.0198]
35   	32372.00    	0.082   	0.9375  	[16.2, 16.2]	[right, left]	[2910.1728, 2929.2335]
36   	31054.97    	0.080   	0.9375  	[16.2, 16.2]	[right, left]	[2904.9622, 2920.1880]
37   	29459.14    	0.078   	0.9375  	[16.2, 16.2]	[right, left]	[2906.2239, 2931.2672]
38   	27294.73    	0.077   	0.9375  	[16.2, 16.2]	[back, front]	[2723.1343, 2739.5880]
39   	26550.88    	0.071   	0.9375  	[16.2, 16.2]	[back, front]	[2678.5218, 2666.9826]
40   	25671.54    	0.067   	0.9375  	[16.2, 16.2]	[back, front]	[2694.7884, 2681.4164]
41   	24604.64    	0.064   	0.9375  	[16.2, 16.2]	[back, front]	[2746.0126, 2744.6711]
42   	23519.42    	0.060   	0.9375  	[16.2, 16.2]	[left, right]	[2325.6844, 2343.5851]
43   	19780.24    	0.049   	0.9688  	[16.2, 16.2]	[left, right]	[2151.3495, 2166.1543]
44   	16177.71    	0.030   	1.0000  	[16.2, 16.2]	[left, right]	[1886.9818, 1899.7496]
45   	15367.83    	0.025   	1.0000  	[16.2, 16.2]	[left, right]	[1705.3576, 1703.5132]
46   	14101.34    	0.021   	1.0000  	[16.2, 16.2]	[back, front]	[1338.2454, 1327.9296]
47   	13381.60    	0.019   	1.0000  	[16.2, 16.2]	[back, front]	[1154.1955, 1142.2636]
48   	12873.71    	0.017   	1.0000  	[16.2, 16.2]	[back, right]	[926.8599, 923.2963]
49   	12488.29    	0.016   	1.0000  	[16.2, 16.2]	[up, right]	[836.2097, 796.3112]
50   	12182.54    	0.015   	1.0000  	[21.7, 16.2]	[right, right]	[825.0308, 704.7319]
51   	11887.06    	0.014   	1.0000  	[21.7, 16.2]	[right, up]	[822.6448, 631.4675]
52   	11626.82    	0.014   	1.0000  	[21.7, 21.7]	[right, front]	[921.5678, 644.5371]
53   	11266.80    	0.013   	1.0000  	[21.7, 21.7]	[back, front]	[821.6882, 649.8220]
54   	10963.82    	0.013   	1.0000  	[21.7, 21.7]	[back, front]	[736.1266, 683.0326]
55   	10600.29    	0.012   	1.0000  	[21.7, 21.7]	[front, right]	[655.3330, 736.7423]
56   	10298.84    	0.012   	1.0000  	[21.7, 21.7]	[front, right]	[586.7184, 824.1678]
57   	9844.09     	0.012   	1.0000  	[21.7, 21.7]	[front, hover]	[523.9615, 714.4147]
58   	9505.00     	0.012   	1.0000  	[21.7, 21.7]	[front, hover]	[483.2330, 617.3522]
59   	9286.74     	0.011   	1.0000  	[21.7, 21.7]	[front, hover]	[506.2349, 539.4868]
60   	9037.47     	0.011   	1.0000  	[21.7, 21.7]	[front, hover]	[532.8411, 461.7553]
61   	8822.53     	0.010   	1.0000  	[21.7, 21.7]	[front, hover]	[583.8591, 405.4364]
62   	8624.38     	0.010   	1.0000  	[21.7, 21.7]	[hover, hover]	[511.7843, 343.6198]
63   	8471.92     	0.009   	1.0000  	[21.7, 21.7]	[up, hover]	[477.0515, 304.2220]
64   	8343.88     	0.009   	1.0000  	[27.1, 21.7]	[left, hover]	[545.7150, 275.7198]
65   	8215.03     	0.009   	1.0000  	[27.1, 21.7]	[hover, back]	[510.4028, 271.8229]
66   	8153.93     	0.009   	1.0000  	[27.1, 21.7]	[hover, back]	[488.9320, 298.4261]
67   	8057.68     	0.009   	1.0000  	[27.1, 21.7]	[hover, back]	[462.8708, 311.3578]
68   	7980.84     	0.009   	1.0000  	[27.1, 21.7]	[hover, back]	[439.0656, 356.8112]
69   	7902.56     	0.008   	1.0000  	[27.1, 21.7]	[hover, back]	[410.8266, 437.9087]
70   	7832.83     	0.008   	1.0000  	[27.1, 21.7]	[left, back]	[386.0474, 528.9487]
71   	7776.25     	0.008   	1.0000  	[27.1, 21.7]	[left, back]	[399.5735, 653.4859]
72   	7685.37     	0.008   	1.0000  	[27.1, 21.7]	[left, back]	[435.7304, 813.1092]
73   	7526.17     	0.008   	1.0000  	[27.1, 21.7]	[left, hover]	[492.2401, 710.1443]
74   	7394.76     	0.008   	1.0000  	[27.1, 21.7]	[left, hover]	[566.1424, 620.1807]
75   	7236.52     	0.008   	1.0000  	[27.1, 21.7]	[left, hover]	[667.9375, 543.0438]
76   	7018.01     	0.007   	1.0000  	[27.1, 21.7]	[down, hover]	[628.1643, 480.3617]
77   	6841.22     	0.007   	1.0000  	[21.7, 21.7]	[left, left]	[714.0402, 432.4366]
78   	6614.68     	0.007   	1.0000  	[21.7, 21.7]	[front, left]	[741.0339, 406.9684]
79   	6473.42     	0.006   	1.0000  	[21.7, 21.7]	[hover, left]	[648.9734, 381.8725]
80   	6272.83     	0.006   	1.0000  	[21.7, 21.7]	[hover, left]	[568.9149, 389.6956]
81   	6129.59     	0.006   	1.0000  	[21.7, 21.7]	[hover, left]	[501.9430, 444.9821]
82   	5891.41     	0.006   	1.0000  	[21.7, 21.7]	[hover, left]	[439.5085, 538.3878]
83   	5713.08     	0.006   	1.0000  	[21.7, 21.7]	[hover, left]	[387.4230, 657.8721]
84   	5438.66     	0.006   	1.0000  	[21.7, 21.7]	[hover, left]	[344.8489, 837.9999]
85   	4993.78     	0.006   	1.0000  	[21.7, 21.7]	[hover, hover]	[305.5278, 729.2930]
86   	4755.06     	0.006   	1.0000  	[21.7, 21.7]	[back, front]	[274.6919, 648.6422]
87   	4594.08     	0.005   	1.0000  	[21.7, 21.7]	[back, front]	[284.7888, 644.8235]
88   	4497.71     	0.004   	1.0000  	[21.7, 21.7]	[back, front]	[292.7567, 632.6164]
89   	4391.27     	0.004   	1.0000  	[21.7, 21.7]	[back, front]	[323.7355, 593.8698]
90   	4309.03     	0.004   	1.0000  	[21.7, 21.7]	[back, front]	[398.1473, 596.4383]
91   	4239.82     	0.004   	1.0000  	[21.7, 21.7]	[back, front]	[497.0978, 618.4744]
92   	4139.01     	0.004   	1.0000  	[21.7, 21.7]	[back, front]	[627.2146, 615.1410]
93   	4022.80     	0.004   	1.0000  	[21.7, 21.7]	[back, front]	[789.4457, 615.0995]
94   	3753.73     	0.003   	1.0000  	[21.7, 21.7]	[hover, hover]	[690.5400, 549.8665]
95   	3636.52     	0.003   	1.0000  	[21.7, 21.7]	[hover, hover]	[602.1465, 488.4872]
96   	3512.74     	0.003   	1.0000  	[21.7, 21.7]	[hover, hover]	[526.6986, 431.0877]
97   	3393.11     	0.003   	1.0000  	[21.7, 21.7]	[hover, hover]	[465.1381, 380.8097]
98   	3289.51     	0.002   	1.0000  	[21.7, 21.7]	[hover, hover]	[406.1983, 334.8627]
99   	3201.86     	0.002   	1.0000  	[21.7, 21.7]	[hover, hover]	[361.5838, 296.2241]
[2025-12-11T10:42:07]
Strategy: greedy_ig
Pairwise: equal
Num agents: 2
Iteration: 10
Error margin: None
Gaussian radius 4 
Grid info: range: 0-50-50, cell_size:0.125, map shape: (400, 400), center:True
init UAV positions: [(-25.0, 25.0, 5.4), (25.0, -25.0, 5.4)]
mcts_params: {}
Step	Entropy	MSE	Coverage	Heights	Actions	IGs
------------------------------------------------------------------------------------------------------------------------
0    	158826.13   	0.435   	0.0078  	[5.4, 5.4]	[up, up]	[807.8971, 807.8971]
1    	155984.99   	0.438   	0.0312  	[10.8, 10.8]	[up, up]	[1054.7971, 1048.5120]
2    	152548.54   	0.436   	0.0703  	[16.2, 16.2]	[back, front]	[1216.9217, 1212.3794]
3    	149834.77   	0.427   	0.0938  	[16.2, 16.2]	[right, left]	[1508.5186, 1496.4769]
4    	146209.12   	0.418   	0.1250  	[16.2, 16.2]	[back, front]	[1731.0915, 1709.6865]
5    	142353.80   	0.402   	0.1562  	[16.2, 16.2]	[right, left]	[2045.6554, 2032.1094]
6    	137643.69   	0.391   	0.1953  	[16.2, 16.2]	[back, front]	[2291.3885, 2274.2492]
7    	132539.86   	0.370   	0.2344  	[16.2, 16.2]	[right, left]	[2607.7770, 2612.8121]
8    	126644.79   	0.361   	0.2812  	[16.2, 16.2]	[right, left]	[2659.4057, 2647.9472]
9    	121175.15   	0.358   	0.3281  	[16.2, 16.2]	[right, left]	[2721.9916, 2715.7957]
10   	115592.42   	0.343   	0.3750  	[16.2, 16.2]	[right, left]	[2802.4411, 2797.7360]
11   	109726.42   	0.331   	0.4219  	[16.2, 16.2]	[right, left]	[2863.8856, 2866.4031]
12   	103827.72   	0.322   	0.4688  	[16.2, 16.2]	[right, left]	[2906.8262, 2902.7596]
13   	98029.94    	0.313   	0.5156  	[16.2, 16.2]	[right, left]	[2900.3672, 2918.2741]
14   	92153.76    	0.301   	0.5625  	[16.2, 16.2]	[right, left]	[2909.3922, 2910.0379]
15   	86279.50    	0.289   	0.6094  	[16.2, 16.2]	[right, left]	[2884.8235, 2919.0201]
16   	80605.70    	0.278   	0.6562  	[16.2, 16.2]	[right, left]	[2920.2611, 2911.5616]
17   	74626.64    	0.267   	0.7031  	[16.2, 16.2]	[right, left]	[2910.2680, 2905.8853]
18   	68874.27    	0.252   	0.7500  	[16.2, 16.2]	[back, front]	[2727.2363, 2720.1528]
19   	63868.09    	0.213   	0.7969  	[16.2, 16.2]	[back, front]	[2653.9340, 2653.9715]
20   	58656.62    	0.179   	0.8438  	[16.2, 16.2]	[back, front]	[2671.0514, 2677.9368]
21   	53216.32    	0.150   	0.8906  	[16.2, 16.2]	[back, front]	[2744.8282, 2737.1620]
22   	47754.13    	0.121   	0.9375  	[16.2, 16.2]	[back, front]	[2852.0511, 2840.9769]
23   	45472.79    	0.113   	0.9375  	[16.2, 16.2]	[back, front]	[2934.3940, 2916.7044]
24   	43523.96    	0.103   	0.9375  	[16.2, 16.2]	[back, front]	[2925.5915, 2915.6866]
25   	42033.81    	0.097   	0.9375  	[16.2, 16.2]	[back, front]	[2891.5119, 2914.9800]
26   	40908.43    	0.094   	0.9375  	[16.2, 16.2]	[back, front]	[2901.0001, 2916.3882]
27   	39979.77    	0.091   	0.9375  	[16.2, 16.2]	[back, front]	[2901.3945, 2912.6882]
28   	39317.13    	0.091   	0.9375  	[16.2, 16.2]	[left, right]	[2711.5763, 2717.1346]
29   	38292.42    	0.089   	0.9375  	[16.2, 16.2]	[left, right]	[2659.2341, 2664.9168]
30   	37379.01    	0.088   	0.9375  	[16.2, 16.2]	[left, right]	[2686.4718, 2682.6185]
31   	36229.19    	0.086   	0.9375  	[16.2, 16.2]	[left, right]	[2753.0965, 2735.5004]
32   	35131.49    	0.084   	0.9375  	[16.2, 16.2]	[left, right]	[2817.6656, 2813.7701]
33   	34211.65    	0.083   	0.9375  	[16.2, 16.2]	[left, right]	[2899.8312, 2907.4936]
34   	33236.50    	0.081   	0.9375  	[16.2, 16.2]	[left, right]	[2898.5982, 2922.5301]
35   	32221.03    	0.080   	0.9375  	[16.2, 16.2]	[left, right]	[2903.6287, 2928.2051]
36   	30801.56    	0.079   	0.9375  	[16.2, 16.2]	[left, right]	[2914.7252, 2910.6624]
37   	29237.37    	0.077   	0.9375  	[16.2, 16.2]	[left, right]	[2916.9729, 2896.8312]
38   	27169.99    	0.076   	0.9375  	[16.2, 16.2]	[front, back]	[2732.6806, 2706.7204]
39   	26386.73    	0.070   	0.9375  	[16.2, 16.2]	[front, back]	[2671.9430, 2664.0590]
40   	25483.81    	0.066   	0.9375  	[16.2, 16.2]	[front, back]	[2700.3481, 2681.0107]
41   	24460.16    	0.063   	0.9375  	[16.2, 16.2]	[front, back]	[2757.8220, 2741.4986]
42   	23359.41    	0.059   	0.9375  	[16.2, 16.2]	[right, left]	[2350.2769, 2335.3510]
43   	19643.52    	0.048   	0.9688  	[16.2, 16.2]	[right, left]	[2152.5490, 2141.3624]
44   	16036.40    	0.030   	1.0000  	[16.2, 16.2]	[right, left]	[1876.8709, 1898.2612]
45   	15221.95    	0.024   	1.0000  	[16.2, 16.2]	[right, left]	[1691.2048, 1697.7761]
46   	13965.22    	0.021   	1.0000  	[16.2, 16.2]	[front, back]	[1326.2053, 1338.1760]
47   	13271.78    	0.018   	1.0000  	[16.2, 16.2]	[front, back]	[1134.8295, 1151.8800]
48   	12766.62    	0.017   	1.0000  	[16.2, 16.2]	[right, left]	[915.2397, 944.7285]
49   	12358.62    	0.015   	1.0000  	[16.2, 16.2]	[right, left]	[765.6208, 784.0474]
50   	12076.00    	0.015   	1.0000  	[16.2, 16.2]	[right, left]	[694.5429, 711.4309]
51   	11862.46    	0.014   	1.0000  	[16.2, 16.2]	[up, up]	[666.5670, 669.5896]
52   	11589.60    	0.013   	1.0000  	[21.7, 21.7]	[front, back]	[663.5979, 660.9173]
53   	11339.90    	0.013   	1.0000  	[21.7, 21.7]	[right, left]	[663.1518, 661.5406]
54   	10985.37    	0.013   	1.0000  	[21.7, 21.7]	[right, left]	[693.1839, 701.6042]
55   	10567.25    	0.012   	1.0000  	[21.7, 21.7]	[front, back]	[743.2696, 743.8837]
56   	10090.92    	0.012   	1.0000  	[21.7, 21.7]	[front, back]	[827.1371, 829.8449]
57   	9444.85     	0.014   	1.0000  	[21.7, 21.7]	[hover, hover]	[725.5647, 723.2008]
58   	8969.12     	0.013   	1.0000  	[21.7, 21.7]	[hover, hover]	[633.5658, 631.2783]
59   	8549.88     	0.012   	1.0000  	[21.7, 21.7]	[hover, hover]	[550.5597, 550.7397]
60   	8217.68     	0.012   	1.0000  	[21.7, 21.7]	[hover, hover]	[486.1367, 480.3117]
61   	7897.40     	0.011   	1.0000  	[21.7, 21.7]	[hover, hover]	[425.5195, 420.8009]
62   	7652.48     	0.011   	1.0000  	[21.7, 21.7]	[hover, hover]	[374.2660, 373.0459]
63   	7416.91     	0.010   	1.0000  	[21.7, 21.7]	[left, hover]	[331.7657, 330.6636]
64   	7263.78     	0.010   	1.0000  	[21.7, 21.7]	[left, right]	[335.7511, 302.3207]
65   	7147.32     	0.009   	1.0000  	[21.7, 21.7]	[left, right]	[374.0672, 311.5817]
66   	7014.22     	0.009   	1.0000  	[21.7, 21.7]	[left, right]	[394.5150, 357.2994]
67   	6903.52     	0.009   	1.0000  	[21.7, 21.7]	[left, right]	[461.6203, 384.9004]
68   	6761.83     	0.009   	1.0000  	[21.7, 21.7]	[left, right]	[539.6910, 455.7408]
69   	6591.82     	0.008   	1.0000  	[21.7, 21.7]	[left, right]	[645.6277, 530.8172]
70   	6375.35     	0.008   	1.0000  	[21.7, 21.7]	[left, right]	[782.4648, 635.0895]
71   	6090.41     	0.008   	1.0000  	[21.7, 21.7]	[back, right]	[759.2417, 776.3405]
72   	5762.53     	0.007   	1.0000  	[21.7, 21.7]	[back, front]	[724.4671, 766.5433]
73   	5583.28     	0.007   	1.0000  	[21.7, 21.7]	[back, front]	[650.9914, 735.3744]
74   	5400.25     	0.006   	1.0000  	[21.7, 21.7]	[back, front]	[602.6848, 667.1867]
75   	5247.59     	0.006   	1.0000  	[21.7, 21.7]	[back, front]	[616.7667, 606.6162]
76   	5142.39     	0.005   	1.0000  	[21.7, 21.7]	[back, front]	[644.0826, 622.2760]
77   	5067.04     	0.005   	1.0000  	[21.7, 21.7]	[back, front]	[693.7384, 649.6434]
78   	4937.68     	0.005   	1.0000  	[21.7, 21.7]	[back, front]	[810.1941, 699.9187]
79   	4803.46     	0.005   	1.0000  	[21.7, 21.7]	[hover, front]	[709.1610, 821.1000]
80   	4665.90     	0.005   	1.0000  	[21.7, 21.7]	[hover, hover]	[622.7173, 715.4282]
81   	4557.94     	0.004   	1.0000  	[21.7, 21.7]	[hover, hover]	[549.4837, 630.5513]
82   	4430.02     	0.004   	1.0000  	[21.7, 21.7]	[hover, hover]	[482.6091, 550.5642]
83   	4334.17     	0.004   	1.0000  	[21.7, 21.7]	[hover, hover]	[427.2003, 480.6246]
84   	4246.25     	0.004   	1.0000  	[21.7, 21.7]	[right, left]	[383.4045, 433.0147]
85   	4202.23     	0.004   	1.0000  	[21.7, 21.7]	[right, left]	[387.6633, 419.2289]
86   	4156.59     	0.004   	1.0000  	[21.7, 21.7]	[right, left]	[376.6897, 396.3261]
87   	4123.66     	0.004   	1.0000  	[21.7, 21.7]	[right, left]	[392.7812, 402.9909]
88   	4065.26     	0.004   	1.0000  	[21.7, 21.7]	[right, left]	[440.0225, 450.5906]
89   	4018.51     	0.004   	1.0000  	[21.7, 21.7]	[right, left]	[514.4234, 531.3825]
90   	3945.00     	0.003   	1.0000  	[21.7, 21.7]	[right, left]	[619.0483, 633.6511]
91   	3813.37     	0.003   	1.0000  	[21.7, 21.7]	[right, left]	[770.0237, 772.6158]
92   	3687.20     	0.003   	1.0000  	[21.7, 21.7]	[hover, hover]	[677.6636, 674.6871]
93   	3547.27     	0.003   	1.0000  	[21.7, 21.7]	[hover, hover]	[591.1475, 592.5454]
94   	3414.71     	0.003   	1.0000  	[21.7, 21.7]	[hover, hover]	[516.4232, 518.9818]
95   	3330.34     	0.002   	1.0000  	[21.7, 21.7]	[hover, hover]	[454.9854, 456.0671]
96   	3240.35     	0.002   	1.0000  	[21.7, 21.7]	[hover, hover]	[403.3743, 400.5793]
97   	3150.53     	0.002   	1.0000  	[21.7, 21.7]	[hover, hover]	[358.3811, 354.1465]
98   	3100.25     	0.002   	1.0000  	[21.7, 21.7]	[hover, hover]	[317.2253, 316.9959]
99   	3033.82     	0.002   	1.0000  	[21.7, 21.7]	[hover, hover]	[280.3489, 278.8176]
[2025-12-11T10:42:13]
Strategy: greedy_ig
Pairwise: equal
Num agents: 2
Iteration: 11
Error margin: None
Gaussian radius 4 
Grid info: range: 0-50-50, cell_size:0.125, map shape: (400, 400), center:True
init UAV positions: [(-25.0, -25.0, 5.4), (-25.0, 25.0, 5.4)]
mcts_params: {}
Step	Entropy	MSE	Coverage	Heights	Actions	IGs
------------------------------------------------------------------------------------------------------------------------
0    	158826.13   	0.435   	0.0078  	[5.4, 5.4]	[up, up]	[807.8971, 807.8971]
1    	155960.59   	0.439   	0.0312  	[10.8, 10.8]	[up, up]	[1050.1340, 1047.0929]
2    	152527.78   	0.449   	0.0703  	[16.2, 16.2]	[front, back]	[1216.1145, 1211.2301]
3    	149881.81   	0.450   	0.0938  	[16.2, 16.2]	[right, right]	[1508.8933, 1513.2401]
4    	146238.94   	0.451   	0.1250  	[16.2, 16.2]	[front, back]	[1728.8258, 1721.0269]
5    	142348.82   	0.449   	0.1562  	[16.2, 16.2]	[right, right]	[2046.8140, 2033.8366]
6    	137590.33   	0.451   	0.1953  	[16.2, 16.2]	[front, back]	[2276.4362, 2271.1261]
7    	132609.69   	0.434   	0.2344  	[16.2, 16.2]	[right, right]	[2608.6940, 2608.5872]
8    	126734.61   	0.435   	0.2812  	[16.2, 16.2]	[right, right]	[2667.4813, 2662.6611]
9    	121180.60   	0.445   	0.3281  	[16.2, 16.2]	[right, right]	[2731.0174, 2740.7310]
10   	115555.39   	0.433   	0.3750  	[16.2, 16.2]	[right, right]	[2808.9806, 2807.4724]
11   	109749.34   	0.417   	0.4219  	[16.2, 16.2]	[right, right]	[2870.4948, 2882.3509]
12   	103836.25   	0.396   	0.4688  	[16.2, 16.2]	[right, right]	[2906.8262, 2914.4344]
13   	98011.68    	0.378   	0.5156  	[16.2, 16.2]	[right, right]	[2900.3672, 2914.3902]
14   	92169.57    	0.351   	0.5625  	[16.2, 16.2]	[right, right]	[2909.3922, 2912.2133]
15   	86251.07    	0.322   	0.6094  	[16.2, 16.2]	[right, right]	[2884.8235, 2906.6958]
16   	80577.94    	0.295   	0.6562  	[16.2, 16.2]	[right, right]	[2920.2611, 2903.3602]
17   	74685.17    	0.272   	0.7031  	[16.2, 16.2]	[right, right]	[2910.2680, 2915.0904]
18   	68895.30    	0.254   	0.7500  	[16.2, 16.2]	[front, back]	[2732.9868, 2718.2232]
19   	63975.11    	0.209   	0.7969  	[16.2, 16.2]	[front, back]	[2659.1346, 2666.6585]
20   	58672.77    	0.165   	0.8438  	[16.2, 16.2]	[front, back]	[2392.7937, 2397.0444]
21   	57611.38    	0.158   	0.8438  	[16.2, 16.2]	[front, back]	[2193.2251, 2192.5188]
22   	55850.23    	0.147   	0.8438  	[16.2, 16.2]	[front, back]	[2145.4231, 2146.4767]
23   	54637.19    	0.142   	0.8438  	[16.2, 16.2]	[front, back]	[2471.3092, 2455.9834]
24   	53606.27    	0.139   	0.8438  	[16.2, 16.2]	[front, back]	[2725.1419, 2719.8472]
25   	52642.99    	0.137   	0.8438  	[16.2, 16.2]	[front, back]	[2857.6935, 2870.5074]
26   	51380.37    	0.136   	0.8438  	[16.2, 16.2]	[front, back]	[2903.3205, 2922.5966]
27   	49798.72    	0.133   	0.8438  	[16.2, 16.2]	[front, back]	[2898.3346, 2912.3853]
28   	47642.50    	0.132   	0.8438  	[16.2, 16.2]	[left, left]	[2704.0211, 2733.6072]
29   	46853.44    	0.128   	0.8438  	[16.2, 16.2]	[left, left]	[2662.7934, 2660.6394]
30   	45961.12    	0.125   	0.8438  	[16.2, 16.2]	[left, left]	[2688.3647, 2673.3768]
31   	44891.19    	0.123   	0.8438  	[16.2, 16.2]	[left, left]	[2746.5007, 2735.7003]
32   	43828.83    	0.122   	0.8438  	[16.2, 16.2]	[left, left]	[2818.7333, 2823.3404]
33   	42693.07    	0.122   	0.8438  	[16.2, 16.2]	[left, left]	[2899.8312, 2909.3377]
34   	41593.94    	0.121   	0.8438  	[16.2, 16.2]	[left, left]	[2898.5982, 2931.0198]
35   	40617.57    	0.118   	0.8438  	[16.2, 16.2]	[left, left]	[2903.6287, 2929.2335]
36   	39537.29    	0.118   	0.8438  	[16.2, 16.2]	[left, left]	[2914.7252, 2920.1880]
37   	38470.26    	0.116   	0.8438  	[16.2, 16.2]	[left, left]	[2916.9729, 2931.2672]
38   	37289.13    	0.113   	0.8438  	[16.2, 16.2]	[back, front]	[2726.9674, 2739.5880]
39   	31898.75    	0.093   	0.8906  	[16.2, 16.2]	[back, front]	[2668.2549, 2666.9826]
40   	26540.49    	0.077   	0.9375  	[16.2, 16.2]	[back, front]	[2391.8717, 2395.4772]
41   	25425.64    	0.069   	0.9375  	[16.2, 16.2]	[back, front]	[2185.9724, 2190.0670]
42   	23663.25    	0.063   	0.9375  	[16.2, 16.2]	[right, right]	[1975.6287, 1995.5237]
43   	21471.58    	0.060   	0.9531  	[16.2, 16.2]	[right, right]	[1830.1116, 1856.8361]
44   	19136.65    	0.054   	0.9688  	[16.2, 16.2]	[right, right]	[1748.0755, 1780.7303]
45   	16872.38    	0.041   	0.9844  	[16.2, 16.2]	[right, right]	[1764.5523, 1783.5456]
46   	14495.99    	0.027   	1.0000  	[16.2, 16.2]	[back, front]	[1272.4510, 1283.6712]
47   	13664.21    	0.022   	1.0000  	[16.2, 16.2]	[back, front]	[1099.8244, 1097.4419]
48   	13154.80    	0.019   	1.0000  	[16.2, 16.2]	[right, right]	[929.5365, 932.3348]
49   	12662.39    	0.018   	1.0000  	[16.2, 16.2]	[right, right]	[787.9287, 776.9870]
50   	12368.47    	0.016   	1.0000  	[16.2, 16.2]	[right, right]	[678.6737, 673.3612]
51   	12095.14    	0.016   	1.0000  	[16.2, 16.2]	[up, up]	[625.9361, 622.3288]
52   	11868.94    	0.014   	1.0000  	[21.7, 21.7]	[back, front]	[640.5387, 636.6049]
53   	11631.27    	0.014   	1.0000  	[21.7, 21.7]	[right, right]	[645.7474, 647.5950]
54   	11360.87    	0.013   	1.0000  	[21.7, 21.7]	[right, right]	[667.5802, 680.0750]
55   	11069.50    	0.012   	1.0000  	[21.7, 21.7]	[back, front]	[708.9147, 724.9736]
56   	10658.93    	0.013   	1.0000  	[21.7, 21.7]	[back, front]	[817.6470, 830.4232]
57   	9949.08     	0.014   	1.0000  	[21.7, 21.7]	[hover, hover]	[714.1757, 736.0378]
58   	9550.23     	0.014   	1.0000  	[21.7, 21.7]	[hover, hover]	[625.9399, 642.6600]
59   	9162.34     	0.012   	1.0000  	[21.7, 21.7]	[hover, hover]	[549.2548, 567.2517]
60   	8841.84     	0.011   	1.0000  	[21.7, 21.7]	[hover, hover]	[486.0685, 489.0534]
61   	8542.39     	0.011   	1.0000  	[21.7, 21.7]	[hover, hover]	[427.4042, 429.2963]
62   	8295.66     	0.011   	1.0000  	[21.7, 21.7]	[hover, hover]	[377.9279, 378.4287]
63   	8148.30     	0.010   	1.0000  	[21.7, 21.7]	[left, left]	[343.5714, 335.0679]
64   	8016.37     	0.010   	1.0000  	[21.7, 21.7]	[left, left]	[339.7619, 329.1561]
65   	7888.52     	0.010   	1.0000  	[21.7, 21.7]	[left, left]	[371.4331, 369.8688]
66   	7782.08     	0.009   	1.0000  	[21.7, 21.7]	[left, left]	[405.4478, 400.5194]
67   	7642.75     	0.009   	1.0000  	[21.7, 21.7]	[left, left]	[469.2375, 466.6203]
68   	7494.71     	0.009   	1.0000  	[21.7, 21.7]	[left, left]	[542.7857, 551.5923]
69   	7298.03     	0.009   	1.0000  	[21.7, 21.7]	[left, left]	[641.0920, 646.7907]
70   	6974.42     	0.009   	1.0000  	[21.7, 21.7]	[left, left]	[773.1550, 780.9221]
71   	6496.49     	0.009   	1.0000  	[21.7, 21.7]	[front, back]	[735.6332, 753.9211]
72   	6150.32     	0.008   	1.0000  	[21.7, 21.7]	[front, back]	[675.1839, 683.9208]
73   	5813.06     	0.007   	1.0000  	[21.7, 21.7]	[front, back]	[591.6849, 592.5892]
74   	5575.19     	0.006   	1.0000  	[21.7, 21.7]	[front, back]	[530.9527, 534.5734]
75   	5348.51     	0.006   	1.0000  	[21.7, 21.7]	[front, back]	[551.2083, 557.0838]
76   	5188.14     	0.006   	1.0000  	[21.7, 21.7]	[front, back]	[601.6656, 604.3889]
77   	5039.20     	0.005   	1.0000  	[21.7, 21.7]	[front, back]	[678.3182, 682.2880]
78   	4892.64     	0.005   	1.0000  	[21.7, 21.7]	[front, back]	[812.6217, 806.5729]
79   	4771.00     	0.005   	1.0000  	[21.7, 21.7]	[hover, hover]	[712.1307, 708.7163]
80   	4647.34     	0.005   	1.0000  	[21.7, 21.7]	[hover, hover]	[622.1944, 615.2952]
81   	4524.35     	0.004   	1.0000  	[21.7, 21.7]	[hover, hover]	[549.1966, 544.1484]
82   	4443.46     	0.004   	1.0000  	[21.7, 21.7]	[hover, hover]	[484.0335, 477.6234]
83   	4338.44     	0.004   	1.0000  	[21.7, 21.7]	[hover, right]	[425.9320, 419.8559]
84   	4266.32     	0.004   	1.0000  	[21.7, 21.7]	[right, right]	[391.7830, 412.6362]
85   	4208.89     	0.004   	1.0000  	[21.7, 21.7]	[right, right]	[396.6434, 386.1973]
86   	4160.88     	0.004   	1.0000  	[21.7, 21.7]	[right, right]	[377.4892, 399.8755]
87   	4124.32     	0.004   	1.0000  	[21.7, 21.7]	[right, right]	[389.0259, 441.6686]
88   	4080.72     	0.004   	1.0000  	[21.7, 21.7]	[right, right]	[432.3982, 523.5233]
89   	4040.46     	0.003   	1.0000  	[21.7, 21.7]	[right, right]	[513.1614, 634.2850]
90   	3963.98     	0.003   	1.0000  	[21.7, 21.7]	[right, right]	[616.2857, 779.5615]
91   	3794.76     	0.003   	1.0000  	[21.7, 21.7]	[right, hover]	[764.8619, 680.5037]
92   	3627.01     	0.003   	1.0000  	[21.7, 21.7]	[hover, hover]	[673.9474, 599.4098]
93   	3530.12     	0.003   	1.0000  	[21.7, 21.7]	[hover, hover]	[590.6936, 524.8733]
94   	3376.62     	0.003   	1.0000  	[21.7, 21.7]	[hover, hover]	[520.0495, 460.9031]
95   	3319.64     	0.003   	1.0000  	[21.7, 21.7]	[hover, hover]	[460.3807, 407.7192]
96   	3219.66     	0.002   	1.0000  	[21.7, 21.7]	[hover, hover]	[405.1411, 361.4112]
97   	3136.11     	0.002   	1.0000  	[21.7, 21.7]	[hover, hover]	[357.0143, 320.7673]
98   	3062.78     	0.002   	1.0000  	[21.7, 21.7]	[hover, hover]	[313.4804, 280.2077]
99   	3019.29     	0.002   	1.0000  	[21.7, 21.7]	[hover, hover]	[275.6110, 249.4511]
[2025-12-11T10:42:19]
Strategy: greedy_ig
Pairwise: equal
Num agents: 2
Iteration: 12
Error margin: None
Gaussian radius 4 
Grid info: range: 0-50-50, cell_size:0.125, map shape: (400, 400), center:True
init UAV positions: [(-25.0, -25.0, 5.4), (-25.0, 25.0, 5.4)]
mcts_params: {}
Step	Entropy	MSE	Coverage	Heights	Actions	IGs
------------------------------------------------------------------------------------------------------------------------
0    	158826.13   	0.435   	0.0078  	[5.4, 5.4]	[up, up]	[807.8971, 807.8971]
1    	155960.59   	0.439   	0.0312  	[10.8, 10.8]	[up, up]	[1050.1340, 1047.0929]
2    	152527.78   	0.449   	0.0703  	[16.2, 16.2]	[front, back]	[1216.1145, 1211.2301]
3    	149881.81   	0.450   	0.0938  	[16.2, 16.2]	[right, right]	[1508.8933, 1513.2401]
4    	146238.94   	0.451   	0.1250  	[16.2, 16.2]	[front, back]	[1728.8258, 1721.0269]
5    	142348.82   	0.449   	0.1562  	[16.2, 16.2]	[right, right]	[2046.8140, 2033.8366]
6    	137590.33   	0.451   	0.1953  	[16.2, 16.2]	[front, back]	[2276.4362, 2271.1261]
7    	132609.69   	0.434   	0.2344  	[16.2, 16.2]	[right, right]	[2608.6940, 2608.5872]
8    	126734.61   	0.435   	0.2812  	[16.2, 16.2]	[right, right]	[2667.4813, 2662.6611]
9    	121180.60   	0.445   	0.3281  	[16.2, 16.2]	[right, right]	[2731.0174, 2740.7310]
10   	115555.39   	0.433   	0.3750  	[16.2, 16.2]	[right, right]	[2808.9806, 2807.4724]
11   	109749.34   	0.417   	0.4219  	[16.2, 16.2]	[right, right]	[2870.4948, 2882.3509]
12   	103836.25   	0.396   	0.4688  	[16.2, 16.2]	[right, right]	[2906.8262, 2914.4344]
13   	98011.68    	0.378   	0.5156  	[16.2, 16.2]	[right, right]	[2900.3672, 2914.3902]
14   	92169.57    	0.351   	0.5625  	[16.2, 16.2]	[right, right]	[2909.3922, 2912.2133]
15   	86251.07    	0.322   	0.6094  	[16.2, 16.2]	[right, right]	[2884.8235, 2906.6958]
16   	80577.94    	0.295   	0.6562  	[16.2, 16.2]	[right, right]	[2920.2611, 2903.3602]
17   	74685.17    	0.272   	0.7031  	[16.2, 16.2]	[right, right]	[2910.2680, 2915.0904]
18   	68895.30    	0.254   	0.7500  	[16.2, 16.2]	[front, back]	[2732.9868, 2718.2232]
19   	63975.11    	0.209   	0.7969  	[16.2, 16.2]	[front, back]	[2659.1346, 2666.6585]
20   	58672.77    	0.165   	0.8438  	[16.2, 16.2]	[front, back]	[2392.7937, 2397.0444]
21   	57611.38    	0.158   	0.8438  	[16.2, 16.2]	[front, back]	[2193.2251, 2192.5188]
22   	55850.23    	0.147   	0.8438  	[16.2, 16.2]	[front, back]	[2145.4231, 2146.4767]
23   	54637.19    	0.142   	0.8438  	[16.2, 16.2]	[front, back]	[2471.3092, 2455.9834]
24   	53606.27    	0.139   	0.8438  	[16.2, 16.2]	[front, back]	[2725.1419, 2719.8472]
25   	52642.99    	0.137   	0.8438  	[16.2, 16.2]	[front, back]	[2857.6935, 2870.5074]
26   	51380.37    	0.136   	0.8438  	[16.2, 16.2]	[front, back]	[2903.3205, 2922.5966]
27   	49798.72    	0.133   	0.8438  	[16.2, 16.2]	[front, back]	[2898.3346, 2912.3853]
28   	47642.50    	0.132   	0.8438  	[16.2, 16.2]	[left, left]	[2704.0211, 2733.6072]
29   	46853.44    	0.128   	0.8438  	[16.2, 16.2]	[left, left]	[2662.7934, 2660.6394]
30   	45961.12    	0.125   	0.8438  	[16.2, 16.2]	[left, left]	[2688.3647, 2673.3768]
31   	44891.19    	0.123   	0.8438  	[16.2, 16.2]	[left, left]	[2746.5007, 2735.7003]
32   	43828.83    	0.122   	0.8438  	[16.2, 16.2]	[left, left]	[2818.7333, 2823.3404]
33   	42693.07    	0.122   	0.8438  	[16.2, 16.2]	[left, left]	[2899.8312, 2909.3377]
34   	41593.94    	0.121   	0.8438  	[16.2, 16.2]	[left, left]	[2898.5982, 2931.0198]
35   	40617.57    	0.118   	0.8438  	[16.2, 16.2]	[left, left]	[2903.6287, 2929.2335]
36   	39537.29    	0.118   	0.8438  	[16.2, 16.2]	[left, left]	[2914.7252, 2920.1880]
37   	38470.26    	0.116   	0.8438  	[16.2, 16.2]	[left, left]	[2916.9729, 2931.2672]
38   	37289.13    	0.113   	0.8438  	[16.2, 16.2]	[back, front]	[2726.9674, 2739.5880]
39   	31898.75    	0.093   	0.8906  	[16.2, 16.2]	[back, front]	[2668.2549, 2666.9826]
40   	26540.49    	0.077   	0.9375  	[16.2, 16.2]	[back, front]	[2391.8717, 2395.4772]
41   	25425.64    	0.069   	0.9375  	[16.2, 16.2]	[back, front]	[2185.9724, 2190.0670]
42   	23663.25    	0.063   	0.9375  	[16.2, 16.2]	[right, right]	[1975.6287, 1995.5237]
43   	21471.58    	0.060   	0.9531  	[16.2, 16.2]	[right, right]	[1830.1116, 1856.8361]
44   	19136.65    	0.054   	0.9688  	[16.2, 16.2]	[right, right]	[1748.0755, 1780.7303]
45   	16872.38    	0.041   	0.9844  	[16.2, 16.2]	[right, right]	[1764.5523, 1783.5456]
46   	14495.99    	0.027   	1.0000  	[16.2, 16.2]	[back, front]	[1272.4510, 1283.6712]
47   	13664.21    	0.022   	1.0000  	[16.2, 16.2]	[back, front]	[1099.8244, 1097.4419]
48   	13154.80    	0.019   	1.0000  	[16.2, 16.2]	[right, right]	[929.5365, 932.3348]
49   	12662.39    	0.018   	1.0000  	[16.2, 16.2]	[right, right]	[787.9287, 776.9870]
50   	12368.47    	0.016   	1.0000  	[16.2, 16.2]	[right, right]	[678.6737, 673.3612]
51   	12095.14    	0.016   	1.0000  	[16.2, 16.2]	[up, up]	[625.9361, 622.3288]
52   	11868.94    	0.014   	1.0000  	[21.7, 21.7]	[back, front]	[640.5387, 636.6049]
53   	11631.27    	0.014   	1.0000  	[21.7, 21.7]	[right, right]	[645.7474, 647.5950]
54   	11360.87    	0.013   	1.0000  	[21.7, 21.7]	[right, right]	[667.5802, 680.0750]
55   	11069.50    	0.012   	1.0000  	[21.7, 21.7]	[back, front]	[708.9147, 724.9736]
56   	10658.93    	0.013   	1.0000  	[21.7, 21.7]	[back, front]	[817.6470, 830.4232]
57   	9949.08     	0.014   	1.0000  	[21.7, 21.7]	[hover, hover]	[714.1757, 736.0378]
58   	9550.23     	0.014   	1.0000  	[21.7, 21.7]	[hover, hover]	[625.9399, 642.6600]
59   	9162.34     	0.012   	1.0000  	[21.7, 21.7]	[hover, hover]	[549.2548, 567.2517]
60   	8841.84     	0.011   	1.0000  	[21.7, 21.7]	[hover, hover]	[486.0685, 489.0534]
61   	8542.39     	0.011   	1.0000  	[21.7, 21.7]	[hover, hover]	[427.4042, 429.2963]
62   	8295.66     	0.011   	1.0000  	[21.7, 21.7]	[hover, hover]	[377.9279, 378.4287]
63   	8148.30     	0.010   	1.0000  	[21.7, 21.7]	[left, left]	[343.5714, 335.0679]
64   	8016.37     	0.010   	1.0000  	[21.7, 21.7]	[left, left]	[339.7619, 329.1561]
65   	7888.52     	0.010   	1.0000  	[21.7, 21.7]	[left, left]	[371.4331, 369.8688]
66   	7782.08     	0.009   	1.0000  	[21.7, 21.7]	[left, left]	[405.4478, 400.5194]
67   	7642.75     	0.009   	1.0000  	[21.7, 21.7]	[left, left]	[469.2375, 466.6203]
68   	7494.71     	0.009   	1.0000  	[21.7, 21.7]	[left, left]	[542.7857, 551.5923]
69   	7298.03     	0.009   	1.0000  	[21.7, 21.7]	[left, left]	[641.0920, 646.7907]
70   	6974.42     	0.009   	1.0000  	[21.7, 21.7]	[left, left]	[773.1550, 780.9221]
71   	6496.49     	0.009   	1.0000  	[21.7, 21.7]	[front, back]	[735.6332, 753.9211]
72   	6150.32     	0.008   	1.0000  	[21.7, 21.7]	[front, back]	[675.1839, 683.9208]
73   	5813.06     	0.007   	1.0000  	[21.7, 21.7]	[front, back]	[591.6849, 592.5892]
74   	5575.19     	0.006   	1.0000  	[21.7, 21.7]	[front, back]	[530.9527, 534.5734]
75   	5348.51     	0.006   	1.0000  	[21.7, 21.7]	[front, back]	[551.2083, 557.0838]
76   	5188.14     	0.006   	1.0000  	[21.7, 21.7]	[front, back]	[601.6656, 604.3889]
77   	5039.20     	0.005   	1.0000  	[21.7, 21.7]	[front, back]	[678.3182, 682.2880]
78   	4892.64     	0.005   	1.0000  	[21.7, 21.7]	[front, back]	[812.6217, 806.5729]
79   	4771.00     	0.005   	1.0000  	[21.7, 21.7]	[hover, hover]	[712.1307, 708.7163]
80   	4647.34     	0.005   	1.0000  	[21.7, 21.7]	[hover, hover]	[622.1944, 615.2952]
81   	4524.35     	0.004   	1.0000  	[21.7, 21.7]	[hover, hover]	[549.1966, 544.1484]
82   	4443.46     	0.004   	1.0000  	[21.7, 21.7]	[hover, hover]	[484.0335, 477.6234]
83   	4338.44     	0.004   	1.0000  	[21.7, 21.7]	[hover, right]	[425.9320, 419.8559]
84   	4266.32     	0.004   	1.0000  	[21.7, 21.7]	[right, right]	[391.7830, 412.6362]
85   	4208.89     	0.004   	1.0000  	[21.7, 21.7]	[right, right]	[396.6434, 386.1973]
86   	4160.88     	0.004   	1.0000  	[21.7, 21.7]	[right, right]	[377.4892, 399.8755]
87   	4124.32     	0.004   	1.0000  	[21.7, 21.7]	[right, right]	[389.0259, 441.6686]
88   	4080.72     	0.004   	1.0000  	[21.7, 21.7]	[right, right]	[432.3982, 523.5233]
89   	4040.46     	0.003   	1.0000  	[21.7, 21.7]	[right, right]	[513.1614, 634.2850]
90   	3963.98     	0.003   	1.0000  	[21.7, 21.7]	[right, right]	[616.2857, 779.5615]
91   	3794.76     	0.003   	1.0000  	[21.7, 21.7]	[right, hover]	[764.8619, 680.5037]
92   	3627.01     	0.003   	1.0000  	[21.7, 21.7]	[hover, hover]	[673.9474, 599.4098]
93   	3530.12     	0.003   	1.0000  	[21.7, 21.7]	[hover, hover]	[590.6936, 524.8733]
94   	3376.62     	0.003   	1.0000  	[21.7, 21.7]	[hover, hover]	[520.0495, 460.9031]
95   	3319.64     	0.003   	1.0000  	[21.7, 21.7]	[hover, hover]	[460.3807, 407.7192]
96   	3219.66     	0.002   	1.0000  	[21.7, 21.7]	[hover, hover]	[405.1411, 361.4112]
97   	3136.11     	0.002   	1.0000  	[21.7, 21.7]	[hover, hover]	[357.0143, 320.7673]
98   	3062.78     	0.002   	1.0000  	[21.7, 21.7]	[hover, hover]	[313.4804, 280.2077]
99   	3019.29     	0.002   	1.0000  	[21.7, 21.7]	[hover, hover]	[275.6110, 249.4511]
[2025-12-11T10:42:24]
Strategy: greedy_ig
Pairwise: equal
Num agents: 2
Iteration: 13
Error margin: None
Gaussian radius 4 
Grid info: range: 0-50-50, cell_size:0.125, map shape: (400, 400), center:True
init UAV positions: [(25.0, 25.0, 5.4), (-25.0, -25.0, 5.4)]
mcts_params: {}
Step	Entropy	MSE	Coverage	Heights	Actions	IGs
------------------------------------------------------------------------------------------------------------------------
0    	158826.13   	0.435   	0.0078  	[5.4, 5.4]	[up, up]	[807.8971, 807.8971]
1    	155949.20   	0.439   	0.0312  	[10.8, 10.8]	[up, up]	[1049.1203, 1045.2682]
2    	152561.00   	0.449   	0.0703  	[16.2, 16.2]	[back, front]	[1218.5389, 1211.1633]
3    	149879.63   	0.443   	0.0938  	[16.2, 16.2]	[left, right]	[1511.4821, 1502.6331]
4    	146211.93   	0.441   	0.1250  	[16.2, 16.2]	[back, front]	[1730.0320, 1715.3999]
5    	142339.80   	0.428   	0.1562  	[16.2, 16.2]	[left, right]	[2049.3394, 2030.3312]
6    	137591.71   	0.423   	0.1953  	[16.2, 16.2]	[left, front]	[2284.4989, 2270.6766]
7    	132655.76   	0.406   	0.2344  	[16.2, 16.2]	[back, right]	[2618.9421, 2614.8251]
8    	126678.10   	0.383   	0.2812  	[16.2, 16.2]	[left, right]	[2640.3586, 2663.7193]
9    	121200.89   	0.381   	0.3281  	[16.2, 16.2]	[left, right]	[2690.2499, 2737.8499]
10   	115651.56   	0.367   	0.3750  	[16.2, 16.2]	[left, right]	[2778.0608, 2809.5300]
11   	109819.34   	0.356   	0.4219  	[16.2, 16.2]	[left, right]	[2836.4371, 2882.4150]
12   	103978.08   	0.347   	0.4688  	[16.2, 16.2]	[left, right]	[2883.5294, 2914.4344]
13   	98127.74    	0.338   	0.5156  	[16.2, 16.2]	[left, right]	[2918.2589, 2914.3902]
14   	92232.14    	0.322   	0.5625  	[16.2, 16.2]	[left, right]	[2918.0995, 2912.2133]
15   	86391.92    	0.305   	0.6094  	[16.2, 16.2]	[left, right]	[2914.9629, 2906.6958]
16   	80624.67    	0.289   	0.6562  	[16.2, 16.2]	[left, right]	[2931.8914, 2903.3602]
17   	74840.49    	0.273   	0.7031  	[16.2, 16.2]	[left, right]	[2926.5707, 2915.0904]
18   	68984.25    	0.255   	0.7500  	[16.2, 16.2]	[back, front]	[2738.3506, 2724.0615]
19   	64139.63    	0.224   	0.7969  	[16.2, 16.2]	[back, front]	[2683.1977, 2660.7095]
20   	58875.56    	0.191   	0.8438  	[16.2, 16.2]	[back, front]	[2682.0892, 2695.1214]
21   	53397.97    	0.160   	0.8906  	[16.2, 16.2]	[back, front]	[2745.1506, 2746.2925]
22   	48007.27    	0.124   	0.9375  	[16.2, 16.2]	[back, front]	[2854.7906, 2844.3065]
23   	45510.86    	0.115   	0.9375  	[16.2, 16.2]	[back, front]	[2934.3940, 2916.7044]
24   	43675.46    	0.108   	0.9375  	[16.2, 16.2]	[back, front]	[2925.5915, 2915.6866]
25   	42097.79    	0.099   	0.9375  	[16.2, 16.2]	[back, front]	[2891.5119, 2914.9800]
26   	40963.85    	0.097   	0.9375  	[16.2, 16.2]	[back, front]	[2901.0001, 2916.3882]
27   	40080.31    	0.094   	0.9375  	[16.2, 16.2]	[back, front]	[2901.3945, 2912.6882]
28   	39433.03    	0.094   	0.9375  	[16.2, 16.2]	[right, left]	[2710.4336, 2713.4135]
29   	38434.77    	0.091   	0.9375  	[16.2, 16.2]	[right, left]	[2651.6232, 2667.7520]
30   	37462.04    	0.090   	0.9375  	[16.2, 16.2]	[right, left]	[2681.7434, 2693.0209]
31   	36399.75    	0.088   	0.9375  	[16.2, 16.2]	[right, left]	[2750.5277, 2747.8015]
32   	35217.83    	0.087   	0.9375  	[16.2, 16.2]	[right, left]	[2825.4102, 2830.6089]
33   	34374.58    	0.086   	0.9375  	[16.2, 16.2]	[right, left]	[2924.7337, 2909.3377]
34   	33343.67    	0.084   	0.9375  	[16.2, 16.2]	[right, left]	[2913.9981, 2931.0198]
35   	32298.59    	0.083   	0.9375  	[16.2, 16.2]	[right, left]	[2910.1728, 2929.2335]
36   	30989.26    	0.081   	0.9375  	[16.2, 16.2]	[right, left]	[2904.9622, 2920.1880]
37   	29338.06    	0.078   	0.9375  	[16.2, 16.2]	[right, left]	[2906.2239, 2931.2672]
38   	27278.68    	0.077   	0.9375  	[16.2, 16.2]	[front, back]	[2715.2626, 2729.2418]
39   	26392.04    	0.071   	0.9375  	[16.2, 16.2]	[front, back]	[2668.1000, 2666.8850]
40   	25581.39    	0.067   	0.9375  	[16.2, 16.2]	[front, back]	[2696.2645, 2685.2317]
41   	24496.14    	0.064   	0.9375  	[16.2, 16.2]	[front, back]	[2755.7509, 2746.4325]
42   	23431.31    	0.060   	0.9375  	[16.2, 16.2]	[left, right]	[2343.6114, 2343.2125]
43   	19708.34    	0.049   	0.9688  	[16.2, 16.2]	[left, right]	[2155.9544, 2158.3934]
44   	16066.38    	0.030   	1.0000  	[16.2, 16.2]	[left, right]	[1895.1921, 1900.2253]
45   	15262.47    	0.026   	1.0000  	[16.2, 16.2]	[left, right]	[1701.2285, 1705.5463]
46   	14011.28    	0.021   	1.0000  	[16.2, 16.2]	[front, back]	[1340.0817, 1341.0599]
47   	13330.69    	0.019   	1.0000  	[16.2, 16.2]	[front, back]	[1142.7167, 1148.8044]
48   	12742.05    	0.017   	1.0000  	[16.2, 16.2]	[left, right]	[911.2216, 927.4764]
49   	12347.53    	0.016   	1.0000  	[16.2, 16.2]	[left, right]	[788.0399, 778.1850]
50   	12099.97    	0.016   	1.0000  	[16.2, 16.2]	[left, right]	[699.2693, 709.1372]
51   	11848.16    	0.015   	1.0000  	[16.2, 16.2]	[up, up]	[668.3336, 660.8313]
52   	11626.11    	0.014   	1.0000  	[21.7, 21.7]	[front, back]	[666.4142, 659.3593]
53   	11320.73    	0.014   	1.0000  	[21.7, 21.7]	[front, right]	[662.8310, 670.6249]
54   	11037.92    	0.014   	1.0000  	[21.7, 21.7]	[front, right]	[691.6349, 708.5890]
55   	10617.81    	0.013   	1.0000  	[21.7, 21.7]	[left, back]	[746.2080, 751.9232]
56   	10217.28    	0.013   	1.0000  	[21.7, 21.7]	[left, back]	[848.0032, 828.6938]
57   	9470.44     	0.014   	1.0000  	[21.7, 21.7]	[hover, hover]	[744.9532, 719.4474]
58   	8991.70     	0.013   	1.0000  	[21.7, 21.7]	[hover, hover]	[647.9597, 625.8838]
59   	8594.01     	0.012   	1.0000  	[21.7, 21.7]	[hover, hover]	[565.9018, 547.4301]
60   	8299.72     	0.011   	1.0000  	[21.7, 21.7]	[hover, hover]	[493.9199, 482.1153]
61   	7922.00     	0.011   	1.0000  	[21.7, 21.7]	[hover, hover]	[435.1772, 425.4314]
62   	7702.34     	0.010   	1.0000  	[21.7, 21.7]	[hover, hover]	[386.5692, 374.1535]
63   	7450.79     	0.010   	1.0000  	[21.7, 21.7]	[back, left]	[351.1237, 334.7536]
64   	7300.07     	0.009   	1.0000  	[21.7, 21.7]	[back, left]	[351.3335, 329.0466]
65   	7119.91     	0.009   	1.0000  	[21.7, 21.7]	[back, left]	[347.1294, 366.0605]
66   	6979.09     	0.008   	1.0000  	[21.7, 21.7]	[back, left]	[376.8616, 390.9892]
67   	6822.97     	0.008   	1.0000  	[21.7, 21.7]	[back, left]	[437.4848, 437.4523]
68   	6631.28     	0.008   	1.0000  	[21.7, 21.7]	[back, left]	[515.9150, 499.7208]
69   	6451.13     	0.007   	1.0000  	[21.7, 21.7]	[back, left]	[613.2269, 579.0967]
70   	6246.06     	0.007   	1.0000  	[21.7, 21.7]	[back, left]	[732.3489, 677.9777]
71   	6017.99     	0.007   	1.0000  	[21.7, 21.7]	[back, front]	[585.1612, 678.5581]
72   	5889.12     	0.006   	1.0000  	[21.7, 21.7]	[down, front]	[568.6924, 675.3069]
73   	5781.29     	0.006   	1.0000  	[16.2, 21.7]	[left, front]	[602.0850, 628.1337]
74   	5718.01     	0.006   	1.0000  	[16.2, 21.7]	[hover, front]	[495.3610, 576.1259]
75   	5625.91     	0.006   	1.0000  	[16.2, 21.7]	[hover, front]	[398.8782, 601.4344]
76   	5534.70     	0.006   	1.0000  	[16.2, 21.7]	[hover, front]	[326.1516, 644.9959]
77   	5470.16     	0.006   	1.0000  	[16.2, 21.7]	[hover, front]	[268.2366, 698.2434]
78   	5390.21     	0.006   	1.0000  	[16.2, 21.7]	[right, front]	[219.4618, 817.8624]
79   	5270.67     	0.006   	1.0000  	[16.2, 21.7]	[right, hover]	[234.8697, 713.9501]
80   	5208.90     	0.005   	1.0000  	[16.2, 21.7]	[right, hover]	[305.1254, 632.9289]
81   	5106.88     	0.005   	1.0000  	[16.2, 21.7]	[right, hover]	[363.4991, 549.4138]
82   	5067.46     	0.005   	1.0000  	[16.2, 21.7]	[right, hover]	[377.2211, 482.1900]
83   	4986.66     	0.005   	1.0000  	[16.2, 21.7]	[right, right]	[406.1197, 427.0495]
84   	4921.29     	0.005   	1.0000  	[16.2, 21.7]	[right, right]	[467.3560, 418.3939]
85   	4864.77     	0.005   	1.0000  	[16.2, 21.7]	[right, right]	[548.9316, 397.4211]
86   	4811.20     	0.005   	1.0000  	[16.2, 21.7]	[right, right]	[668.8166, 405.6694]
87   	4718.73     	0.005   	1.0000  	[16.2, 21.7]	[right, right]	[854.3843, 454.9233]
88   	4523.78     	0.004   	1.0000  	[16.2, 21.7]	[hover, right]	[670.9647, 526.0473]
89   	4380.27     	0.004   	1.0000  	[16.2, 21.7]	[front, right]	[538.3401, 636.2767]
90   	4162.98     	0.004   	1.0000  	[16.2, 21.7]	[front, right]	[525.4303, 782.7385]
91   	3981.83     	0.004   	1.0000  	[16.2, 21.7]	[front, hover]	[578.9895, 680.1597]
92   	3833.90     	0.003   	1.0000  	[16.2, 21.7]	[front, hover]	[714.0167, 590.5634]
93   	3636.49     	0.003   	1.0000  	[16.2, 21.7]	[front, hover]	[816.9000, 511.5609]
94   	3511.54     	0.003   	1.0000  	[16.2, 21.7]	[front, hover]	[780.3869, 445.2089]
95   	3334.25     	0.002   	1.0000  	[16.2, 21.7]	[front, hover]	[700.0560, 380.0500]
96   	3215.10     	0.002   	1.0000  	[16.2, 21.7]	[front, hover]	[599.9076, 329.8635]
97   	3121.33     	0.002   	1.0000  	[16.2, 21.7]	[front, hover]	[515.6150, 280.5221]
98   	3050.10     	0.002   	1.0000  	[16.2, 21.7]	[front, hover]	[438.7113, 244.0087]
99   	2965.38     	0.002   	1.0000  	[16.2, 21.7]	[left, hover]	[366.8699, 212.0748]
[2025-12-11T10:42:30]
Strategy: greedy_ig
Pairwise: equal
Num agents: 2
Iteration: 14
Error margin: None
Gaussian radius 4 
Grid info: range: 0-50-50, cell_size:0.125, map shape: (400, 400), center:True
init UAV positions: [(-25.0, -25.0, 5.4), (25.0, 25.0, 5.4)]
mcts_params: {}
Step	Entropy	MSE	Coverage	Heights	Actions	IGs
------------------------------------------------------------------------------------------------------------------------
0    	158826.13   	0.435   	0.0078  	[5.4, 5.4]	[up, up]	[807.8971, 807.8971]
1    	155963.84   	0.439   	0.0312  	[10.8, 10.8]	[up, up]	[1050.1340, 1047.9038]
2    	152561.41   	0.449   	0.0703  	[16.2, 16.2]	[front, back]	[1216.1145, 1217.4506]
3    	149871.65   	0.443   	0.0938  	[16.2, 16.2]	[right, left]	[1508.8933, 1511.4962]
4    	146212.17   	0.441   	0.1250  	[16.2, 16.2]	[front, back]	[1728.8258, 1714.0178]
5    	142383.00   	0.428   	0.1562  	[16.2, 16.2]	[right, left]	[2046.8140, 2036.4962]
6    	137580.88   	0.423   	0.1953  	[16.2, 16.2]	[front, back]	[2276.4362, 2273.2519]
7    	132598.87   	0.394   	0.2344  	[16.2, 16.2]	[right, left]	[2608.6940, 2608.2215]
8    	126654.46   	0.383   	0.2812  	[16.2, 16.2]	[right, left]	[2667.4813, 2642.7560]
9    	121164.28   	0.384   	0.3281  	[16.2, 16.2]	[right, left]	[2731.0174, 2727.9030]
10   	115532.65   	0.365   	0.3750  	[16.2, 16.2]	[right, left]	[2808.9806, 2803.1454]
11   	109673.75   	0.357   	0.4219  	[16.2, 16.2]	[right, left]	[2870.4948, 2869.7468]
12   	103775.05   	0.346   	0.4688  	[16.2, 16.2]	[right, left]	[2906.8262, 2902.7596]
13   	97998.55    	0.338   	0.5156  	[16.2, 16.2]	[right, left]	[2900.3672, 2918.2741]
14   	92122.37    	0.321   	0.5625  	[16.2, 16.2]	[right, left]	[2909.3922, 2910.0379]
15   	86248.11    	0.303   	0.6094  	[16.2, 16.2]	[right, left]	[2884.8235, 2919.0201]
16   	80574.31    	0.288   	0.6562  	[16.2, 16.2]	[right, left]	[2920.2611, 2911.5616]
17   	74595.25    	0.271   	0.7031  	[16.2, 16.2]	[right, left]	[2910.2680, 2905.8853]
18   	68842.88    	0.253   	0.7500  	[16.2, 16.2]	[front, back]	[2732.9868, 2713.6791]
19   	63831.13    	0.223   	0.7969  	[16.2, 16.2]	[front, back]	[2659.1346, 2654.2465]
20   	58579.76    	0.190   	0.8438  	[16.2, 16.2]	[front, back]	[2678.7330, 2677.7685]
21   	53211.60    	0.158   	0.8906  	[16.2, 16.2]	[front, back]	[2743.9904, 2745.7799]
22   	47603.95    	0.123   	0.9375  	[16.2, 16.2]	[front, back]	[2852.8365, 2827.5185]
23   	45558.61    	0.114   	0.9375  	[16.2, 16.2]	[front, back]	[2925.0965, 2930.4923]
24   	43502.73    	0.106   	0.9375  	[16.2, 16.2]	[front, back]	[2915.8164, 2919.5038]
25   	42026.17    	0.097   	0.9375  	[16.2, 16.2]	[front, back]	[2908.6021, 2915.3153]
26   	40922.36    	0.095   	0.9375  	[16.2, 16.2]	[front, back]	[2903.3205, 2922.5966]
27   	40002.09    	0.092   	0.9375  	[16.2, 16.2]	[front, back]	[2898.3346, 2912.3853]
28   	39335.24    	0.092   	0.9375  	[16.2, 16.2]	[left, right]	[2704.0211, 2735.5966]
29   	38335.27    	0.091   	0.9375  	[16.2, 16.2]	[left, right]	[2662.7934, 2673.1509]
30   	37368.01    	0.089   	0.9375  	[16.2, 16.2]	[left, right]	[2688.3647, 2692.6498]
31   	36225.42    	0.088   	0.9375  	[16.2, 16.2]	[left, right]	[2746.5007, 2744.4615]
32   	35128.11    	0.086   	0.9375  	[16.2, 16.2]	[left, right]	[2818.7333, 2819.1290]
33   	34190.45    	0.085   	0.9375  	[16.2, 16.2]	[left, right]	[2899.8312, 2907.4936]
34   	33222.35    	0.083   	0.9375  	[16.2, 16.2]	[left, right]	[2898.5982, 2922.5301]
35   	32236.65    	0.082   	0.9375  	[16.2, 16.2]	[left, right]	[2903.6287, 2928.2051]
36   	30838.67    	0.080   	0.9375  	[16.2, 16.2]	[left, right]	[2914.7252, 2910.6624]
37   	29241.51    	0.078   	0.9375  	[16.2, 16.2]	[left, right]	[2916.9729, 2896.8312]
38   	27156.95    	0.077   	0.9375  	[16.2, 16.2]	[back, front]	[2726.9674, 2707.2174]
39   	26415.95    	0.072   	0.9375  	[16.2, 16.2]	[back, front]	[2668.2549, 2656.4613]
40   	25508.47    	0.067   	0.9375  	[16.2, 16.2]	[back, front]	[2677.8109, 2679.8691]
41   	24420.88    	0.064   	0.9375  	[16.2, 16.2]	[back, front]	[2741.6553, 2742.1726]
42   	23346.85    	0.061   	0.9375  	[16.2, 16.2]	[right, left]	[2321.2672, 2341.1487]
43   	19696.89    	0.049   	0.9688  	[16.2, 16.2]	[right, left]	[2135.4612, 2147.2540]
44   	16032.53    	0.031   	1.0000  	[16.2, 16.2]	[right, left]	[1864.9785, 1881.2954]
45   	15249.60    	0.025   	1.0000  	[16.2, 16.2]	[right, left]	[1684.5674, 1692.2327]
46   	13937.19    	0.022   	1.0000  	[16.2, 16.2]	[back, front]	[1317.1008, 1335.0173]
47   	13229.09    	0.019   	1.0000  	[16.2, 16.2]	[back, front]	[1131.7811, 1145.8218]
48   	12745.68    	0.018   	1.0000  	[16.2, 16.2]	[right, left]	[918.9389, 919.8696]
49   	12304.48    	0.017   	1.0000  	[16.2, 16.2]	[right, left]	[787.9287, 781.9507]
50   	12043.63    	0.016   	1.0000  	[16.2, 16.2]	[right, left]	[705.0702, 696.1866]
51   	11821.49    	0.015   	1.0000  	[16.2, 16.2]	[right, up]	[670.0908, 660.0889]
52   	11560.28    	0.015   	1.0000  	[16.2, 21.7]	[up, front]	[650.4214, 668.4973]
53   	11294.24    	0.014   	1.0000  	[21.7, 21.7]	[right, left]	[661.8804, 669.0565]
54   	10905.91    	0.013   	1.0000  	[21.7, 21.7]	[back, left]	[680.2702, 699.0438]
55   	10501.01    	0.012   	1.0000  	[21.7, 21.7]	[back, front]	[722.8820, 738.2192]
56   	10091.29    	0.012   	1.0000  	[21.7, 21.7]	[back, front]	[820.0251, 822.0313]
57   	9417.54     	0.013   	1.0000  	[21.7, 21.7]	[hover, hover]	[716.0024, 716.0189]
58   	8964.22     	0.013   	1.0000  	[21.7, 21.7]	[hover, hover]	[625.3789, 627.6271]
59   	8557.36     	0.012   	1.0000  	[21.7, 21.7]	[hover, hover]	[546.8178, 552.1392]
60   	8228.85     	0.011   	1.0000  	[21.7, 21.7]	[hover, hover]	[480.1699, 490.4122]
61   	7873.97     	0.010   	1.0000  	[21.7, 21.7]	[left, hover]	[421.1786, 429.5009]
62   	7699.32     	0.010   	1.0000  	[21.7, 21.7]	[left, hover]	[412.8808, 379.2824]
63   	7515.99     	0.009   	1.0000  	[21.7, 21.7]	[left, hover]	[428.1815, 337.0370]
64   	7328.96     	0.009   	1.0000  	[21.7, 21.7]	[left, right]	[447.7810, 303.7863]
65   	7172.81     	0.009   	1.0000  	[21.7, 21.7]	[left, right]	[504.9908, 311.7306]
66   	7041.98     	0.009   	1.0000  	[21.7, 21.7]	[left, right]	[570.2050, 354.7239]
67   	6902.46     	0.008   	1.0000  	[21.7, 21.7]	[left, right]	[666.4092, 384.9149]
68   	6693.39     	0.008   	1.0000  	[21.7, 21.7]	[left, right]	[795.8040, 452.5734]
69   	6466.69     	0.008   	1.0000  	[21.7, 21.7]	[front, right]	[779.0321, 539.3516]
70   	6262.40     	0.008   	1.0000  	[21.7, 21.7]	[front, right]	[742.6418, 636.9904]
71   	6032.99     	0.007   	1.0000  	[21.7, 21.7]	[front, right]	[668.9627, 773.5437]
72   	5783.36     	0.007   	1.0000  	[21.7, 21.7]	[front, back]	[612.4352, 772.3432]
73   	5594.47     	0.006   	1.0000  	[21.7, 21.7]	[front, back]	[623.4328, 741.8147]
74   	5467.81     	0.006   	1.0000  	[21.7, 21.7]	[front, back]	[655.9867, 666.4458]
75   	5335.34     	0.006   	1.0000  	[21.7, 21.7]	[front, back]	[710.0864, 611.8880]
76   	5216.29     	0.006   	1.0000  	[21.7, 21.7]	[front, back]	[821.6381, 626.5756]
77   	5102.03     	0.005   	1.0000  	[21.7, 21.7]	[hover, back]	[715.1501, 650.0689]
78   	4971.55     	0.005   	1.0000  	[21.7, 21.7]	[hover, back]	[624.9634, 696.7841]
79   	4845.53     	0.005   	1.0000  	[21.7, 21.7]	[hover, back]	[541.6545, 812.2866]
80   	4678.14     	0.005   	1.0000  	[21.7, 21.7]	[hover, hover]	[477.9237, 708.1711]
81   	4541.57     	0.004   	1.0000  	[21.7, 21.7]	[hover, hover]	[419.4394, 626.4503]
82   	4408.34     	0.004   	1.0000  	[21.7, 21.7]	[right, hover]	[379.5469, 548.1370]
83   	4321.08     	0.004   	1.0000  	[21.7, 21.7]	[right, hover]	[382.5584, 480.6959]
84   	4256.01     	0.004   	1.0000  	[21.7, 21.7]	[right, left]	[367.2188, 426.3472]
85   	4211.78     	0.004   	1.0000  	[21.7, 21.7]	[right, left]	[385.3737, 418.0107]
86   	4151.88     	0.004   	1.0000  	[21.7, 21.7]	[right, left]	[430.0347, 401.6972]
87   	4088.73     	0.004   	1.0000  	[21.7, 21.7]	[right, left]	[511.0718, 410.2180]
88   	4035.40     	0.004   	1.0000  	[21.7, 21.7]	[right, left]	[610.4349, 449.3668]
89   	3961.50     	0.003   	1.0000  	[21.7, 21.7]	[right, left]	[754.3127, 525.9248]
90   	3836.16     	0.003   	1.0000  	[21.7, 21.7]	[hover, left]	[658.0564, 626.7128]
91   	3728.07     	0.003   	1.0000  	[21.7, 21.7]	[hover, left]	[580.1502, 769.5355]
92   	3591.23     	0.003   	1.0000  	[21.7, 21.7]	[hover, hover]	[507.7345, 671.8154]
93   	3465.46     	0.003   	1.0000  	[21.7, 21.7]	[hover, hover]	[448.9447, 583.8533]
94   	3383.25     	0.002   	1.0000  	[21.7, 21.7]	[hover, hover]	[398.4772, 515.7891]
95   	3291.31     	0.002   	1.0000  	[21.7, 21.7]	[hover, hover]	[349.0564, 454.3618]
96   	3231.22     	0.002   	1.0000  	[21.7, 21.7]	[hover, hover]	[309.0866, 397.2172]
97   	3131.24     	0.002   	1.0000  	[21.7, 21.7]	[hover, hover]	[272.4540, 352.0918]
98   	3077.69     	0.002   	1.0000  	[21.7, 21.7]	[hover, hover]	[245.4856, 316.1868]
99   	3016.34     	0.002   	1.0000  	[21.7, 21.7]	[hover, hover]	[217.0671, 281.3452]
[2025-12-11T10:42:35]
Strategy: greedy_ig
Pairwise: equal
Num agents: 2
Iteration: 15
Error margin: None
Gaussian radius 4 
Grid info: range: 0-50-50, cell_size:0.125, map shape: (400, 400), center:True
init UAV positions: [(25.0, 25.0, 5.4), (-25.0, 25.0, 5.4)]
mcts_params: {}
Step	Entropy	MSE	Coverage	Heights	Actions	IGs
------------------------------------------------------------------------------------------------------------------------
0    	158826.13   	0.435   	0.0078  	[5.4, 5.4]	[up, up]	[807.8971, 807.8971]
1    	155956.52   	0.439   	0.0312  	[10.8, 10.8]	[up, up]	[1049.1203, 1047.0929]
2    	152541.47   	0.449   	0.0703  	[16.2, 16.2]	[back, back]	[1218.5389, 1211.2301]
3    	149897.95   	0.443   	0.0938  	[16.2, 16.2]	[left, right]	[1511.4821, 1513.2401]
4    	146213.46   	0.442   	0.1250  	[16.2, 16.2]	[back, back]	[1730.0320, 1721.0269]
5    	142346.55   	0.427   	0.1562  	[16.2, 16.2]	[left, right]	[2049.3394, 2033.8366]
6    	137601.98   	0.421   	0.1953  	[16.2, 16.2]	[left, back]	[2284.4989, 2271.1261]
7    	132625.41   	0.415   	0.2344  	[16.2, 16.2]	[back, right]	[2618.9421, 2608.5872]
8    	126712.33   	0.392   	0.2812  	[16.2, 16.2]	[left, right]	[2640.3586, 2662.6611]
9    	121260.59   	0.389   	0.3281  	[16.2, 16.2]	[left, right]	[2690.2499, 2740.7310]
10   	115694.19   	0.384   	0.3750  	[16.2, 16.2]	[back, back]	[2617.9365, 2629.9455]
11   	110760.26   	0.360   	0.4219  	[16.2, 16.2]	[up, up]	[2750.5603, 2757.7026]
12   	105738.45   	0.329   	0.4844  	[21.7, 21.7]	[back, back]	[2800.8142, 2810.6333]
13   	100017.32   	0.295   	0.5391  	[21.7, 21.7]	[back, back]	[2906.6145, 2896.5401]
14   	94131.41    	0.264   	0.5938  	[21.7, 21.7]	[back, back]	[3018.8504, 3000.3773]
15   	88073.21    	0.225   	0.6484  	[21.7, 21.7]	[back, back]	[3131.3672, 3106.0494]
16   	81962.06    	0.203   	0.7031  	[21.7, 21.7]	[back, back]	[3234.4900, 3208.1794]
17   	75772.95    	0.179   	0.7578  	[21.7, 21.7]	[back, back]	[3314.7517, 3313.0284]
18   	69325.52    	0.164   	0.8125  	[21.7, 21.7]	[back, back]	[3328.4420, 3322.8989]
19   	62997.45    	0.156   	0.8672  	[21.7, 21.7]	[back, back]	[3320.3045, 3327.2619]
20   	56806.79    	0.157   	0.9219  	[21.7, 21.7]	[right, left]	[3214.5989, 3211.2783]
21   	49968.15    	0.128   	0.9844  	[21.7, 21.7]	[hover, hover]	[2753.1243, 2743.5155]
22   	47087.68    	0.115   	0.9844  	[21.7, 21.7]	[hover, hover]	[2342.8636, 2333.0811]
23   	44388.40    	0.107   	0.9844  	[21.7, 21.7]	[hover, hover]	[2013.7558, 1997.5935]
24   	41696.33    	0.096   	0.9844  	[21.7, 21.7]	[hover, hover]	[1734.1619, 1717.1954]
25   	39341.43    	0.091   	0.9844  	[21.7, 21.7]	[left, hover]	[1502.4279, 1480.1570]
26   	37652.37    	0.083   	0.9844  	[21.7, 21.7]	[left, right]	[1752.0419, 1307.6003]
27   	36302.87    	0.080   	0.9844  	[21.7, 21.7]	[left, right]	[1946.5173, 1583.4941]
28   	35023.56    	0.076   	0.9844  	[21.7, 21.7]	[left, right]	[2135.4819, 1829.0804]
29   	34044.55    	0.074   	0.9844  	[21.7, 21.7]	[front, front]	[1956.3405, 1651.9222]
30   	32994.34    	0.071   	0.9844  	[21.7, 21.7]	[front, up]	[1781.9912, 1585.0455]
31   	32044.90    	0.070   	0.9844  	[21.7, 27.1]	[left, right]	[2156.8188, 1883.8133]
32   	31222.22    	0.068   	0.9844  	[21.7, 27.1]	[left, right]	[2500.2925, 2213.3374]
33   	30384.39    	0.065   	0.9844  	[21.7, 27.1]	[left, right]	[2821.0093, 2500.7426]
34   	29444.77    	0.064   	0.9844  	[21.7, 27.1]	[left, right]	[3070.6773, 2758.2148]
35   	27074.97    	0.052   	1.0000  	[21.7, 27.1]	[front, down]	[2952.5406, 2878.5972]
36   	26534.73    	0.049   	1.0000  	[21.7, 21.7]	[front, right]	[2912.0697, 3046.3997]
37   	24991.93    	0.046   	1.0000  	[21.7, 21.7]	[front, front]	[2925.8595, 2726.9898]
38   	23763.20    	0.043   	1.0000  	[21.7, 21.7]	[front, front]	[2960.4192, 2727.4001]
39   	22495.92    	0.041   	1.0000  	[21.7, 21.7]	[front, front]	[3039.4698, 2762.6499]
40   	21386.50    	0.036   	1.0000  	[21.7, 21.7]	[front, front]	[3125.2446, 2804.0893]
41   	20147.07    	0.036   	1.0000  	[21.7, 21.7]	[hover, front]	[2639.0859, 2900.9578]
42   	19162.95    	0.032   	1.0000  	[21.7, 21.7]	[hover, front]	[2255.3851, 3000.6905]
43   	18038.32    	0.031   	1.0000  	[21.7, 21.7]	[hover, front]	[1925.5248, 3112.7425]
44   	17063.72    	0.029   	1.0000  	[21.7, 21.7]	[hover, hover]	[1655.0732, 2617.2219]
45   	16239.53    	0.027   	1.0000  	[21.7, 21.7]	[hover, hover]	[1436.6756, 2231.3954]
46   	15377.38    	0.025   	1.0000  	[21.7, 21.7]	[right, hover]	[1259.5725, 1907.0799]
47   	14815.97    	0.024   	1.0000  	[21.7, 21.7]	[left, hover]	[1113.6288, 1628.1489]
48   	14264.25    	0.022   	1.0000  	[21.7, 21.7]	[right, hover]	[979.2565, 1432.2646]
49   	13788.32    	0.022   	1.0000  	[21.7, 21.7]	[right, left]	[892.6705, 1259.8102]
50   	13296.89    	0.020   	1.0000  	[21.7, 21.7]	[right, left]	[784.9806, 1083.0421]
51   	12944.79    	0.020   	1.0000  	[21.7, 21.7]	[right, right]	[695.6413, 932.4220]
52   	12610.19    	0.019   	1.0000  	[21.7, 21.7]	[right, right]	[636.3517, 846.3853]
53   	12311.44    	0.018   	1.0000  	[21.7, 21.7]	[right, hover]	[569.4520, 730.2553]
54   	12087.87    	0.018   	1.0000  	[21.7, 21.7]	[right, back]	[549.8884, 639.2232]
55   	11901.29    	0.017   	1.0000  	[21.7, 21.7]	[right, back]	[733.0656, 611.1018]
56   	11671.41    	0.017   	1.0000  	[21.7, 21.7]	[back, back]	[649.1770, 628.0847]
57   	11454.48    	0.017   	1.0000  	[21.7, 21.7]	[back, back]	[605.3420, 696.0339]
58   	11304.61    	0.016   	1.0000  	[21.7, 21.7]	[back, back]	[576.1523, 790.3411]
59   	11015.00    	0.016   	1.0000  	[21.7, 21.7]	[back, back]	[561.1121, 917.1153]
60   	10725.19    	0.015   	1.0000  	[21.7, 21.7]	[back, back]	[568.5724, 1080.7045]
61   	10333.80    	0.015   	1.0000  	[21.7, 21.7]	[back, back]	[560.7227, 1359.1002]
62   	9826.61     	0.014   	1.0000  	[21.7, 21.7]	[back, hover]	[582.9238, 1149.5819]
63   	9396.56     	0.013   	1.0000  	[21.7, 21.7]	[hover, hover]	[504.2301, 965.3095]
64   	9065.77     	0.012   	1.0000  	[21.7, 21.7]	[hover, hover]	[449.7346, 839.6686]
65   	8842.69     	0.012   	1.0000  	[21.7, 21.7]	[up, hover]	[400.8030, 732.2502]
66   	8641.23     	0.011   	1.0000  	[27.1, 21.7]	[left, hover]	[485.1020, 650.2882]
67   	8429.35     	0.011   	1.0000  	[27.1, 21.7]	[left, hover]	[490.2289, 568.2682]
68   	8250.96     	0.011   	1.0000  	[27.1, 21.7]	[left, hover]	[560.8603, 505.0941]
69   	8094.47     	0.010   	1.0000  	[27.1, 21.7]	[left, hover]	[693.6221, 450.5724]
70   	7927.69     	0.010   	1.0000  	[27.1, 21.7]	[left, hover]	[842.5131, 402.9066]
71   	7733.81     	0.010   	1.0000  	[27.1, 21.7]	[left, hover]	[1006.3857, 358.0214]
72   	7481.60     	0.009   	1.0000  	[27.1, 21.7]	[left, hover]	[1191.2108, 317.1689]
73   	7082.64     	0.010   	1.0000  	[27.1, 21.7]	[down, left]	[1125.0280, 289.2148]
74   	6973.70     	0.009   	1.0000  	[21.7, 21.7]	[left, left]	[1331.5017, 275.2097]
75   	6519.12     	0.009   	1.0000  	[21.7, 21.7]	[back, left]	[1522.4250, 276.6731]
76   	6129.96     	0.008   	1.0000  	[21.7, 21.7]	[hover, left]	[1286.2784, 269.7142]
77   	5868.55     	0.007   	1.0000  	[21.7, 21.7]	[hover, left]	[1105.1142, 278.3950]
78   	5572.44     	0.007   	1.0000  	[21.7, 21.7]	[hover, left]	[943.7296, 320.5746]
79   	5315.30     	0.006   	1.0000  	[21.7, 21.7]	[hover, left]	[796.3373, 380.0729]
80   	5073.48     	0.006   	1.0000  	[21.7, 21.7]	[hover, up]	[685.8464, 433.1680]
81   	4828.99     	0.005   	1.0000  	[21.7, 27.1]	[hover, front]	[609.3589, 518.3536]
82   	4663.50     	0.005   	1.0000  	[21.7, 27.1]	[hover, front]	[528.7392, 510.6204]
83   	4548.05     	0.005   	1.0000  	[21.7, 27.1]	[hover, front]	[483.1149, 501.4384]
84   	4391.78     	0.004   	1.0000  	[21.7, 27.1]	[hover, front]	[427.2768, 495.1069]
85   	4277.77     	0.004   	1.0000  	[21.7, 27.1]	[hover, front]	[379.0682, 499.4711]
86   	4166.62     	0.004   	1.0000  	[21.7, 27.1]	[hover, front]	[335.7156, 508.2326]
87   	4056.57     	0.004   	1.0000  	[21.7, 27.1]	[hover, front]	[298.3543, 550.6106]
88   	3947.46     	0.004   	1.0000  	[21.7, 27.1]	[hover, down]	[264.2691, 520.0216]
89   	3860.67     	0.003   	1.0000  	[21.7, 21.7]	[hover, left]	[237.5881, 620.7763]
90   	3779.90     	0.003   	1.0000  	[21.7, 21.7]	[hover, front]	[207.3739, 657.4544]
91   	3650.27     	0.003   	1.0000  	[21.7, 21.7]	[hover, hover]	[185.9549, 576.3882]
92   	3540.11     	0.003   	1.0000  	[21.7, 21.7]	[hover, hover]	[165.8670, 510.8128]
93   	3445.32     	0.003   	1.0000  	[21.7, 21.7]	[hover, hover]	[150.7972, 445.4604]
94   	3360.82     	0.003   	1.0000  	[21.7, 21.7]	[hover, hover]	[135.6697, 394.7335]
95   	3301.59     	0.002   	1.0000  	[21.7, 21.7]	[front, hover]	[125.2163, 347.7054]
96   	3251.54     	0.002   	1.0000  	[21.7, 21.7]	[front, hover]	[126.6166, 303.4608]
97   	3183.33     	0.002   	1.0000  	[21.7, 21.7]	[front, hover]	[166.0306, 264.3647]
98   	3137.76     	0.002   	1.0000  	[21.7, 21.7]	[front, hover]	[201.6916, 234.0688]
99   	3093.18     	0.002   	1.0000  	[21.7, 21.7]	[front, hover]	[243.7582, 206.8328]
[2025-12-11T10:42:41]
Strategy: greedy_ig
Pairwise: equal
Num agents: 2
Iteration: 16
Error margin: None
Gaussian radius 4 
Grid info: range: 0-50-50, cell_size:0.125, map shape: (400, 400), center:True
init UAV positions: [(-25.0, -25.0, 5.4), (-25.0, 25.0, 5.4)]
mcts_params: {}
Step	Entropy	MSE	Coverage	Heights	Actions	IGs
------------------------------------------------------------------------------------------------------------------------
0    	158826.13   	0.435   	0.0078  	[5.4, 5.4]	[up, up]	[807.8971, 807.8971]
1    	155960.59   	0.439   	0.0312  	[10.8, 10.8]	[up, up]	[1050.1340, 1047.0929]
2    	152527.78   	0.449   	0.0703  	[16.2, 16.2]	[front, back]	[1216.1145, 1211.2301]
3    	149881.81   	0.450   	0.0938  	[16.2, 16.2]	[right, right]	[1508.8933, 1513.2401]
4    	146238.94   	0.451   	0.1250  	[16.2, 16.2]	[front, back]	[1728.8258, 1721.0269]
5    	142348.82   	0.449   	0.1562  	[16.2, 16.2]	[right, right]	[2046.8140, 2033.8366]
6    	137590.33   	0.451   	0.1953  	[16.2, 16.2]	[front, back]	[2276.4362, 2271.1261]
7    	132609.69   	0.434   	0.2344  	[16.2, 16.2]	[right, right]	[2608.6940, 2608.5872]
8    	126734.61   	0.435   	0.2812  	[16.2, 16.2]	[right, right]	[2667.4813, 2662.6611]
9    	121180.60   	0.445   	0.3281  	[16.2, 16.2]	[right, right]	[2731.0174, 2740.7310]
10   	115555.39   	0.433   	0.3750  	[16.2, 16.2]	[right, right]	[2808.9806, 2807.4724]
11   	109749.34   	0.417   	0.4219  	[16.2, 16.2]	[right, right]	[2870.4948, 2882.3509]
12   	103836.25   	0.396   	0.4688  	[16.2, 16.2]	[right, right]	[2906.8262, 2914.4344]
13   	98011.68    	0.378   	0.5156  	[16.2, 16.2]	[right, right]	[2900.3672, 2914.3902]
14   	92169.57    	0.351   	0.5625  	[16.2, 16.2]	[right, right]	[2909.3922, 2912.2133]
15   	86251.07    	0.322   	0.6094  	[16.2, 16.2]	[right, right]	[2884.8235, 2906.6958]
16   	80577.94    	0.295   	0.6562  	[16.2, 16.2]	[right, right]	[2920.2611, 2903.3602]
17   	74685.17    	0.272   	0.7031  	[16.2, 16.2]	[right, right]	[2910.2680, 2915.0904]
18   	68895.30    	0.254   	0.7500  	[16.2, 16.2]	[front, back]	[2732.9868, 2718.2232]
19   	63975.11    	0.209   	0.7969  	[16.2, 16.2]	[front, back]	[2659.1346, 2666.6585]
20   	58672.77    	0.165   	0.8438  	[16.2, 16.2]	[front, back]	[2392.7937, 2397.0444]
21   	57611.38    	0.158   	0.8438  	[16.2, 16.2]	[front, back]	[2193.2251, 2192.5188]
22   	55850.23    	0.147   	0.8438  	[16.2, 16.2]	[front, back]	[2145.4231, 2146.4767]
23   	54637.19    	0.142   	0.8438  	[16.2, 16.2]	[front, back]	[2471.3092, 2455.9834]
24   	53606.27    	0.139   	0.8438  	[16.2, 16.2]	[front, back]	[2725.1419, 2719.8472]
25   	52642.99    	0.137   	0.8438  	[16.2, 16.2]	[front, back]	[2857.6935, 2870.5074]
26   	51380.37    	0.136   	0.8438  	[16.2, 16.2]	[front, back]	[2903.3205, 2922.5966]
27   	49798.72    	0.133   	0.8438  	[16.2, 16.2]	[front, back]	[2898.3346, 2912.3853]
28   	47642.50    	0.132   	0.8438  	[16.2, 16.2]	[left, left]	[2704.0211, 2733.6072]
29   	46853.44    	0.128   	0.8438  	[16.2, 16.2]	[left, left]	[2662.7934, 2660.6394]
30   	45961.12    	0.125   	0.8438  	[16.2, 16.2]	[left, left]	[2688.3647, 2673.3768]
31   	44891.19    	0.123   	0.8438  	[16.2, 16.2]	[left, left]	[2746.5007, 2735.7003]
32   	43828.83    	0.122   	0.8438  	[16.2, 16.2]	[left, left]	[2818.7333, 2823.3404]
33   	42693.07    	0.122   	0.8438  	[16.2, 16.2]	[left, left]	[2899.8312, 2909.3377]
34   	41593.94    	0.121   	0.8438  	[16.2, 16.2]	[left, left]	[2898.5982, 2931.0198]
35   	40617.57    	0.118   	0.8438  	[16.2, 16.2]	[left, left]	[2903.6287, 2929.2335]
36   	39537.29    	0.118   	0.8438  	[16.2, 16.2]	[left, left]	[2914.7252, 2920.1880]
37   	38470.26    	0.116   	0.8438  	[16.2, 16.2]	[left, left]	[2916.9729, 2931.2672]
38   	37289.13    	0.113   	0.8438  	[16.2, 16.2]	[back, front]	[2726.9674, 2739.5880]
39   	31898.75    	0.093   	0.8906  	[16.2, 16.2]	[back, front]	[2668.2549, 2666.9826]
40   	26540.49    	0.077   	0.9375  	[16.2, 16.2]	[back, front]	[2391.8717, 2395.4772]
41   	25425.64    	0.069   	0.9375  	[16.2, 16.2]	[back, front]	[2185.9724, 2190.0670]
42   	23663.25    	0.063   	0.9375  	[16.2, 16.2]	[right, right]	[1975.6287, 1995.5237]
43   	21471.58    	0.060   	0.9531  	[16.2, 16.2]	[right, right]	[1830.1116, 1856.8361]
44   	19136.65    	0.054   	0.9688  	[16.2, 16.2]	[right, right]	[1748.0755, 1780.7303]
45   	16872.38    	0.041   	0.9844  	[16.2, 16.2]	[right, right]	[1764.5523, 1783.5456]
46   	14495.99    	0.027   	1.0000  	[16.2, 16.2]	[back, front]	[1272.4510, 1283.6712]
47   	13664.21    	0.022   	1.0000  	[16.2, 16.2]	[back, front]	[1099.8244, 1097.4419]
48   	13154.80    	0.019   	1.0000  	[16.2, 16.2]	[right, right]	[929.5365, 932.3348]
49   	12662.39    	0.018   	1.0000  	[16.2, 16.2]	[right, right]	[787.9287, 776.9870]
50   	12368.47    	0.016   	1.0000  	[16.2, 16.2]	[right, right]	[678.6737, 673.3612]
51   	12095.14    	0.016   	1.0000  	[16.2, 16.2]	[up, up]	[625.9361, 622.3288]
52   	11868.94    	0.014   	1.0000  	[21.7, 21.7]	[back, front]	[640.5387, 636.6049]
53   	11631.27    	0.014   	1.0000  	[21.7, 21.7]	[right, right]	[645.7474, 647.5950]
54   	11360.87    	0.013   	1.0000  	[21.7, 21.7]	[right, right]	[667.5802, 680.0750]
55   	11069.50    	0.012   	1.0000  	[21.7, 21.7]	[back, front]	[708.9147, 724.9736]
56   	10658.93    	0.013   	1.0000  	[21.7, 21.7]	[back, front]	[817.6470, 830.4232]
57   	9949.08     	0.014   	1.0000  	[21.7, 21.7]	[hover, hover]	[714.1757, 736.0378]
58   	9550.23     	0.014   	1.0000  	[21.7, 21.7]	[hover, hover]	[625.9399, 642.6600]
59   	9162.34     	0.012   	1.0000  	[21.7, 21.7]	[hover, hover]	[549.2548, 567.2517]
60   	8841.84     	0.011   	1.0000  	[21.7, 21.7]	[hover, hover]	[486.0685, 489.0534]
61   	8542.39     	0.011   	1.0000  	[21.7, 21.7]	[hover, hover]	[427.4042, 429.2963]
62   	8295.66     	0.011   	1.0000  	[21.7, 21.7]	[hover, hover]	[377.9279, 378.4287]
63   	8148.30     	0.010   	1.0000  	[21.7, 21.7]	[left, left]	[343.5714, 335.0679]
64   	8016.37     	0.010   	1.0000  	[21.7, 21.7]	[left, left]	[339.7619, 329.1561]
65   	7888.52     	0.010   	1.0000  	[21.7, 21.7]	[left, left]	[371.4331, 369.8688]
66   	7782.08     	0.009   	1.0000  	[21.7, 21.7]	[left, left]	[405.4478, 400.5194]
67   	7642.75     	0.009   	1.0000  	[21.7, 21.7]	[left, left]	[469.2375, 466.6203]
68   	7494.71     	0.009   	1.0000  	[21.7, 21.7]	[left, left]	[542.7857, 551.5923]
69   	7298.03     	0.009   	1.0000  	[21.7, 21.7]	[left, left]	[641.0920, 646.7907]
70   	6974.42     	0.009   	1.0000  	[21.7, 21.7]	[left, left]	[773.1550, 780.9221]
71   	6496.49     	0.009   	1.0000  	[21.7, 21.7]	[front, back]	[735.6332, 753.9211]
72   	6150.32     	0.008   	1.0000  	[21.7, 21.7]	[front, back]	[675.1839, 683.9208]
73   	5813.06     	0.007   	1.0000  	[21.7, 21.7]	[front, back]	[591.6849, 592.5892]
74   	5575.19     	0.006   	1.0000  	[21.7, 21.7]	[front, back]	[530.9527, 534.5734]
75   	5348.51     	0.006   	1.0000  	[21.7, 21.7]	[front, back]	[551.2083, 557.0838]
76   	5188.14     	0.006   	1.0000  	[21.7, 21.7]	[front, back]	[601.6656, 604.3889]
77   	5039.20     	0.005   	1.0000  	[21.7, 21.7]	[front, back]	[678.3182, 682.2880]
78   	4892.64     	0.005   	1.0000  	[21.7, 21.7]	[front, back]	[812.6217, 806.5729]
79   	4771.00     	0.005   	1.0000  	[21.7, 21.7]	[hover, hover]	[712.1307, 708.7163]
80   	4647.34     	0.005   	1.0000  	[21.7, 21.7]	[hover, hover]	[622.1944, 615.2952]
81   	4524.35     	0.004   	1.0000  	[21.7, 21.7]	[hover, hover]	[549.1966, 544.1484]
82   	4443.46     	0.004   	1.0000  	[21.7, 21.7]	[hover, hover]	[484.0335, 477.6234]
83   	4338.44     	0.004   	1.0000  	[21.7, 21.7]	[hover, right]	[425.9320, 419.8559]
84   	4266.32     	0.004   	1.0000  	[21.7, 21.7]	[right, right]	[391.7830, 412.6362]
85   	4208.89     	0.004   	1.0000  	[21.7, 21.7]	[right, right]	[396.6434, 386.1973]
86   	4160.88     	0.004   	1.0000  	[21.7, 21.7]	[right, right]	[377.4892, 399.8755]
87   	4124.32     	0.004   	1.0000  	[21.7, 21.7]	[right, right]	[389.0259, 441.6686]
88   	4080.72     	0.004   	1.0000  	[21.7, 21.7]	[right, right]	[432.3982, 523.5233]
89   	4040.46     	0.003   	1.0000  	[21.7, 21.7]	[right, right]	[513.1614, 634.2850]
90   	3963.98     	0.003   	1.0000  	[21.7, 21.7]	[right, right]	[616.2857, 779.5615]
91   	3794.76     	0.003   	1.0000  	[21.7, 21.7]	[right, hover]	[764.8619, 680.5037]
92   	3627.01     	0.003   	1.0000  	[21.7, 21.7]	[hover, hover]	[673.9474, 599.4098]
93   	3530.12     	0.003   	1.0000  	[21.7, 21.7]	[hover, hover]	[590.6936, 524.8733]
94   	3376.62     	0.003   	1.0000  	[21.7, 21.7]	[hover, hover]	[520.0495, 460.9031]
95   	3319.64     	0.003   	1.0000  	[21.7, 21.7]	[hover, hover]	[460.3807, 407.7192]
96   	3219.66     	0.002   	1.0000  	[21.7, 21.7]	[hover, hover]	[405.1411, 361.4112]
97   	3136.11     	0.002   	1.0000  	[21.7, 21.7]	[hover, hover]	[357.0143, 320.7673]
98   	3062.78     	0.002   	1.0000  	[21.7, 21.7]	[hover, hover]	[313.4804, 280.2077]
99   	3019.29     	0.002   	1.0000  	[21.7, 21.7]	[hover, hover]	[275.6110, 249.4511]
[2025-12-11T10:42:47]
Strategy: greedy_ig
Pairwise: equal
Num agents: 2
Iteration: 17
Error margin: None
Gaussian radius 4 
Grid info: range: 0-50-50, cell_size:0.125, map shape: (400, 400), center:True
init UAV positions: [(-25.0, 25.0, 5.4), (25.0, 25.0, 5.4)]
mcts_params: {}
Step	Entropy	MSE	Coverage	Heights	Actions	IGs
------------------------------------------------------------------------------------------------------------------------
0    	158826.13   	0.435   	0.0078  	[5.4, 5.4]	[up, up]	[807.8971, 807.8971]
1    	155982.55   	0.439   	0.0312  	[10.8, 10.8]	[up, up]	[1054.7971, 1047.9038]
2    	152567.93   	0.449   	0.0703  	[16.2, 16.2]	[back, back]	[1216.9217, 1217.4506]
3    	149872.18   	0.443   	0.0938  	[16.2, 16.2]	[right, left]	[1508.5186, 1511.4962]
4    	146200.98   	0.442   	0.1250  	[16.2, 16.2]	[back, back]	[1731.0915, 1714.0178]
5    	142371.72   	0.426   	0.1562  	[16.2, 16.2]	[right, left]	[2045.6554, 2036.4962]
6    	137625.72   	0.421   	0.1953  	[16.2, 16.2]	[back, back]	[2291.3885, 2273.2519]
7    	132534.25   	0.403   	0.2344  	[16.2, 16.2]	[right, left]	[2607.7770, 2608.2215]
8    	126627.46   	0.392   	0.2812  	[16.2, 16.2]	[right, left]	[2659.4057, 2642.7560]
9    	121198.99   	0.391   	0.3281  	[16.2, 16.2]	[right, left]	[2721.9916, 2727.9030]
10   	115580.32   	0.381   	0.3750  	[16.2, 16.2]	[back, back]	[2620.9045, 2624.7392]
11   	110679.26   	0.360   	0.4219  	[16.2, 16.2]	[up, up]	[2757.1329, 2748.0052]
12   	105562.80   	0.330   	0.4844  	[21.7, 21.7]	[back, back]	[2803.5859, 2799.0120]
13   	99977.42    	0.297   	0.5391  	[21.7, 21.7]	[back, back]	[2909.7111, 2900.0880]
14   	94111.15    	0.265   	0.5938  	[21.7, 21.7]	[back, back]	[3012.2754, 3001.1519]
15   	88116.51    	0.226   	0.6484  	[21.7, 21.7]	[back, back]	[3122.0313, 3111.5307]
16   	81958.09    	0.203   	0.7031  	[21.7, 21.7]	[back, back]	[3226.3186, 3213.2471]
17   	75704.77    	0.179   	0.7578  	[21.7, 21.7]	[back, back]	[3313.5998, 3309.2998]
18   	69261.67    	0.164   	0.8125  	[21.7, 21.7]	[back, back]	[3326.3731, 3318.4689]
19   	62940.62    	0.156   	0.8672  	[21.7, 21.7]	[back, back]	[3320.8097, 3326.0683]
20   	56777.71    	0.156   	0.9219  	[21.7, 21.7]	[left, right]	[3208.3223, 3207.4799]
21   	49838.46    	0.127   	0.9844  	[21.7, 21.7]	[hover, hover]	[2747.6182, 2740.1209]
22   	47129.08    	0.115   	0.9844  	[21.7, 21.7]	[hover, hover]	[2343.7891, 2329.2231]
23   	44315.13    	0.107   	0.9844  	[21.7, 21.7]	[hover, hover]	[2012.3023, 1986.8956]
24   	41759.63    	0.096   	0.9844  	[21.7, 21.7]	[hover, hover]	[1734.5389, 1717.7236]
25   	39281.31    	0.090   	0.9844  	[21.7, 21.7]	[hover, hover]	[1505.0960, 1475.6982]
26   	37076.09    	0.083   	0.9844  	[21.7, 21.7]	[right, left]	[1345.6184, 1318.8631]
27   	36029.40    	0.080   	0.9844  	[21.7, 21.7]	[right, left]	[1623.0451, 1603.9221]
28   	34655.28    	0.075   	0.9844  	[21.7, 21.7]	[right, left]	[1857.7013, 1847.7067]
29   	33518.71    	0.074   	0.9844  	[21.7, 21.7]	[right, left]	[2083.6048, 2066.0884]
30   	32693.25    	0.071   	0.9844  	[21.7, 21.7]	[right, left]	[2416.1831, 2415.2897]
31   	31935.60    	0.070   	0.9844  	[21.7, 21.7]	[right, left]	[2794.5222, 2785.1139]
32   	31034.21    	0.068   	0.9844  	[21.7, 21.7]	[right, left]	[3089.2506, 3071.6387]
33   	30119.30    	0.066   	0.9844  	[21.7, 21.7]	[right, left]	[3319.0141, 3302.6899]
34   	28461.58    	0.064   	0.9844  	[21.7, 21.7]	[front, front]	[3116.2924, 3110.6888]
35   	26639.26    	0.054   	0.9922  	[21.7, 21.7]	[front, front]	[2996.6324, 3004.7715]
36   	24898.89    	0.047   	1.0000  	[21.7, 21.7]	[front, front]	[2949.1431, 2949.6678]
37   	23720.97    	0.043   	1.0000  	[21.7, 21.7]	[front, front]	[2950.2407, 2952.7014]
38   	22512.92    	0.040   	1.0000  	[21.7, 21.7]	[front, front]	[3004.2577, 2989.2470]
39   	21377.08    	0.037   	1.0000  	[21.7, 21.7]	[front, front]	[3061.5270, 3054.1854]
40   	20211.99    	0.035   	1.0000  	[21.7, 21.7]	[front, front]	[3145.1913, 3154.0042]
41   	18922.94    	0.032   	1.0000  	[21.7, 21.7]	[front, front]	[3243.2609, 3249.3089]
42   	17416.95    	0.031   	1.0000  	[21.7, 21.7]	[hover, hover]	[2732.4677, 2736.7556]
43   	16329.35    	0.027   	1.0000  	[21.7, 21.7]	[hover, hover]	[2327.5027, 2338.6493]
44   	15418.56    	0.026   	1.0000  	[21.7, 21.7]	[hover, hover]	[1996.1570, 2004.5605]
45   	14596.85    	0.024   	1.0000  	[21.7, 21.7]	[hover, hover]	[1726.4341, 1717.6545]
46   	13883.82    	0.022   	1.0000  	[21.7, 21.7]	[hover, right]	[1497.2706, 1499.0282]
47   	13208.07    	0.020   	1.0000  	[21.7, 21.7]	[left, left]	[1308.9793, 1320.0277]
48   	12654.63    	0.019   	1.0000  	[21.7, 21.7]	[left, right]	[1166.4267, 1138.4974]
49   	12195.82    	0.018   	1.0000  	[21.7, 21.7]	[left, right]	[1034.2335, 1018.8285]
50   	11750.42    	0.018   	1.0000  	[21.7, 21.7]	[hover, right]	[885.0139, 908.8353]
51   	11379.08    	0.017   	1.0000  	[21.7, 21.7]	[right, right]	[778.8629, 796.0386]
52   	11120.75    	0.016   	1.0000  	[21.7, 21.7]	[right, left]	[721.0265, 717.0194]
53   	10841.76    	0.016   	1.0000  	[21.7, 21.7]	[right, left]	[724.2047, 654.7329]
54   	10597.56    	0.015   	1.0000  	[21.7, 21.7]	[hover, left]	[649.1221, 623.1400]
55   	10355.87    	0.015   	1.0000  	[21.7, 21.7]	[back, left]	[593.0437, 646.0870]
56   	10075.98    	0.014   	1.0000  	[21.7, 21.7]	[back, back]	[579.8412, 584.8133]
57   	9890.56     	0.014   	1.0000  	[21.7, 21.7]	[back, back]	[603.6138, 567.3302]
58   	9592.73     	0.013   	1.0000  	[21.7, 21.7]	[back, back]	[656.7057, 605.1167]
59   	9352.38     	0.013   	1.0000  	[21.7, 21.7]	[back, back]	[762.3155, 671.1124]
60   	9019.22     	0.012   	1.0000  	[21.7, 21.7]	[back, back]	[895.4337, 763.2948]
61   	8661.50     	0.011   	1.0000  	[21.7, 21.7]	[back, back]	[1051.3523, 894.6698]
62   	8229.15     	0.011   	1.0000  	[21.7, 21.7]	[back, back]	[1245.8082, 1046.5812]
63   	7618.28     	0.010   	1.0000  	[21.7, 21.7]	[hover, back]	[1076.1462, 1247.7815]
64   	7103.20     	0.010   	1.0000  	[21.7, 21.7]	[hover, hover]	[934.9440, 1074.4919]
65   	6662.85     	0.009   	1.0000  	[21.7, 21.7]	[hover, hover]	[814.7978, 934.6632]
66   	6272.36     	0.008   	1.0000  	[21.7, 21.7]	[hover, hover]	[709.5483, 814.2732]
67   	5974.66     	0.007   	1.0000  	[21.7, 21.7]	[hover, hover]	[624.0116, 713.6287]
68   	5657.79     	0.007   	1.0000  	[21.7, 21.7]	[hover, hover]	[547.0883, 624.4845]
69   	5412.78     	0.006   	1.0000  	[21.7, 21.7]	[hover, hover]	[480.3035, 547.6106]
70   	5183.19     	0.006   	1.0000  	[21.7, 21.7]	[hover, hover]	[424.0700, 481.7085]
71   	4973.82     	0.005   	1.0000  	[21.7, 21.7]	[hover, hover]	[370.7365, 424.0313]
72   	4787.47     	0.005   	1.0000  	[21.7, 21.7]	[hover, hover]	[324.1642, 372.6244]
73   	4622.10     	0.005   	1.0000  	[21.7, 21.7]	[hover, hover]	[287.3479, 327.9976]
74   	4481.85     	0.004   	1.0000  	[21.7, 21.7]	[left, hover]	[260.2019, 290.5779]
75   	4403.15     	0.004   	1.0000  	[21.7, 21.7]	[left, right]	[254.1112, 264.4037]
76   	4329.54     	0.004   	1.0000  	[21.7, 21.7]	[left, right]	[263.9916, 253.4318]
77   	4277.49     	0.004   	1.0000  	[21.7, 21.7]	[left, right]	[280.2975, 256.9597]
78   	4233.32     	0.004   	1.0000  	[21.7, 21.7]	[front, hover]	[278.1857, 227.0189]
79   	4207.89     	0.004   	1.0000  	[21.7, 21.7]	[left, right]	[323.1149, 259.2723]
80   	4182.34     	0.004   	1.0000  	[21.7, 21.7]	[left, right]	[399.0983, 315.8462]
81   	4149.47     	0.004   	1.0000  	[21.7, 21.7]	[left, right]	[477.2149, 387.2425]
82   	4109.97     	0.004   	1.0000  	[21.7, 21.7]	[left, right]	[740.6612, 461.1908]
83   	4052.82     	0.004   	1.0000  	[21.7, 21.7]	[front, right]	[778.7425, 663.8275]
84   	3965.21     	0.003   	1.0000  	[21.7, 21.7]	[front, front]	[725.4317, 708.0366]
85   	3906.14     	0.003   	1.0000  	[21.7, 21.7]	[front, front]	[672.8272, 759.0111]
86   	3841.99     	0.003   	1.0000  	[21.7, 21.7]	[front, front]	[622.5815, 711.5566]
87   	3757.12     	0.003   	1.0000  	[21.7, 21.7]	[front, front]	[590.7661, 658.4109]
88   	3675.21     	0.003   	1.0000  	[21.7, 21.7]	[front, front]	[573.7493, 605.5089]
89   	3600.06     	0.003   	1.0000  	[21.7, 21.7]	[front, front]	[600.2745, 574.1952]
90   	3519.93     	0.003   	1.0000  	[21.7, 21.7]	[hover, front]	[525.8522, 550.8989]
91   	3421.18     	0.002   	1.0000  	[21.7, 21.7]	[hover, front]	[460.0009, 560.8091]
92   	3311.90     	0.002   	1.0000  	[21.7, 21.7]	[hover, hover]	[404.7044, 492.1479]
93   	3221.90     	0.002   	1.0000  	[21.7, 21.7]	[hover, hover]	[354.7929, 433.3535]
94   	3147.22     	0.002   	1.0000  	[21.7, 21.7]	[hover, hover]	[313.4347, 383.0537]
95   	3067.06     	0.002   	1.0000  	[21.7, 21.7]	[hover, hover]	[275.5154, 338.5147]
96   	2997.06     	0.002   	1.0000  	[21.7, 21.7]	[hover, hover]	[244.7555, 299.7943]
97   	2956.19     	0.002   	1.0000  	[21.7, 21.7]	[hover, hover]	[217.1659, 265.0036]
98   	2925.72     	0.002   	1.0000  	[21.7, 21.7]	[hover, hover]	[194.8362, 239.1357]
99   	2869.46     	0.002   	1.0000  	[21.7, 21.7]	[hover, hover]	[177.8241, 211.5758]
[2025-12-11T10:42:53]
Strategy: greedy_ig
Pairwise: equal
Num agents: 2
Iteration: 18
Error margin: None
Gaussian radius 4 
Grid info: range: 0-50-50, cell_size:0.125, map shape: (400, 400), center:True
init UAV positions: [(-25.0, -25.0, 5.4), (25.0, 25.0, 5.4)]
mcts_params: {}
Step	Entropy	MSE	Coverage	Heights	Actions	IGs
------------------------------------------------------------------------------------------------------------------------
0    	158826.13   	0.435   	0.0078  	[5.4, 5.4]	[up, up]	[807.8971, 807.8971]
1    	155963.84   	0.439   	0.0312  	[10.8, 10.8]	[up, up]	[1050.1340, 1047.9038]
2    	152561.41   	0.449   	0.0703  	[16.2, 16.2]	[front, back]	[1216.1145, 1217.4506]
3    	149871.65   	0.443   	0.0938  	[16.2, 16.2]	[right, left]	[1508.8933, 1511.4962]
4    	146212.17   	0.441   	0.1250  	[16.2, 16.2]	[front, back]	[1728.8258, 1714.0178]
5    	142383.00   	0.428   	0.1562  	[16.2, 16.2]	[right, left]	[2046.8140, 2036.4962]
6    	137580.88   	0.423   	0.1953  	[16.2, 16.2]	[front, back]	[2276.4362, 2273.2519]
7    	132598.87   	0.394   	0.2344  	[16.2, 16.2]	[right, left]	[2608.6940, 2608.2215]
8    	126654.46   	0.383   	0.2812  	[16.2, 16.2]	[right, left]	[2667.4813, 2642.7560]
9    	121164.28   	0.384   	0.3281  	[16.2, 16.2]	[right, left]	[2731.0174, 2727.9030]
10   	115532.65   	0.365   	0.3750  	[16.2, 16.2]	[right, left]	[2808.9806, 2803.1454]
11   	109673.75   	0.357   	0.4219  	[16.2, 16.2]	[right, left]	[2870.4948, 2869.7468]
12   	103775.05   	0.346   	0.4688  	[16.2, 16.2]	[right, left]	[2906.8262, 2902.7596]
13   	97998.55    	0.338   	0.5156  	[16.2, 16.2]	[right, left]	[2900.3672, 2918.2741]
14   	92122.37    	0.321   	0.5625  	[16.2, 16.2]	[right, left]	[2909.3922, 2910.0379]
15   	86248.11    	0.303   	0.6094  	[16.2, 16.2]	[right, left]	[2884.8235, 2919.0201]
16   	80574.31    	0.288   	0.6562  	[16.2, 16.2]	[right, left]	[2920.2611, 2911.5616]
17   	74595.25    	0.271   	0.7031  	[16.2, 16.2]	[right, left]	[2910.2680, 2905.8853]
18   	68842.88    	0.253   	0.7500  	[16.2, 16.2]	[front, back]	[2732.9868, 2713.6791]
19   	63831.13    	0.223   	0.7969  	[16.2, 16.2]	[front, back]	[2659.1346, 2654.2465]
20   	58579.76    	0.190   	0.8438  	[16.2, 16.2]	[front, back]	[2678.7330, 2677.7685]
21   	53211.60    	0.158   	0.8906  	[16.2, 16.2]	[front, back]	[2743.9904, 2745.7799]
22   	47603.95    	0.123   	0.9375  	[16.2, 16.2]	[front, back]	[2852.8365, 2827.5185]
23   	45558.61    	0.114   	0.9375  	[16.2, 16.2]	[front, back]	[2925.0965, 2930.4923]
24   	43502.73    	0.106   	0.9375  	[16.2, 16.2]	[front, back]	[2915.8164, 2919.5038]
25   	42026.17    	0.097   	0.9375  	[16.2, 16.2]	[front, back]	[2908.6021, 2915.3153]
26   	40922.36    	0.095   	0.9375  	[16.2, 16.2]	[front, back]	[2903.3205, 2922.5966]
27   	40002.09    	0.092   	0.9375  	[16.2, 16.2]	[front, back]	[2898.3346, 2912.3853]
28   	39335.24    	0.092   	0.9375  	[16.2, 16.2]	[left, right]	[2704.0211, 2735.5966]
29   	38335.27    	0.091   	0.9375  	[16.2, 16.2]	[left, right]	[2662.7934, 2673.1509]
30   	37368.01    	0.089   	0.9375  	[16.2, 16.2]	[left, right]	[2688.3647, 2692.6498]
31   	36225.42    	0.088   	0.9375  	[16.2, 16.2]	[left, right]	[2746.5007, 2744.4615]
32   	35128.11    	0.086   	0.9375  	[16.2, 16.2]	[left, right]	[2818.7333, 2819.1290]
33   	34190.45    	0.085   	0.9375  	[16.2, 16.2]	[left, right]	[2899.8312, 2907.4936]
34   	33222.35    	0.083   	0.9375  	[16.2, 16.2]	[left, right]	[2898.5982, 2922.5301]
35   	32236.65    	0.082   	0.9375  	[16.2, 16.2]	[left, right]	[2903.6287, 2928.2051]
36   	30838.67    	0.080   	0.9375  	[16.2, 16.2]	[left, right]	[2914.7252, 2910.6624]
37   	29241.51    	0.078   	0.9375  	[16.2, 16.2]	[left, right]	[2916.9729, 2896.8312]
38   	27156.95    	0.077   	0.9375  	[16.2, 16.2]	[back, front]	[2726.9674, 2707.2174]
39   	26415.95    	0.072   	0.9375  	[16.2, 16.2]	[back, front]	[2668.2549, 2656.4613]
40   	25508.47    	0.067   	0.9375  	[16.2, 16.2]	[back, front]	[2677.8109, 2679.8691]
41   	24420.88    	0.064   	0.9375  	[16.2, 16.2]	[back, front]	[2741.6553, 2742.1726]
42   	23346.85    	0.061   	0.9375  	[16.2, 16.2]	[right, left]	[2321.2672, 2341.1487]
43   	19696.89    	0.049   	0.9688  	[16.2, 16.2]	[right, left]	[2135.4612, 2147.2540]
44   	16032.53    	0.031   	1.0000  	[16.2, 16.2]	[right, left]	[1864.9785, 1881.2954]
45   	15249.60    	0.025   	1.0000  	[16.2, 16.2]	[right, left]	[1684.5674, 1692.2327]
46   	13937.19    	0.022   	1.0000  	[16.2, 16.2]	[back, front]	[1317.1008, 1335.0173]
47   	13229.09    	0.019   	1.0000  	[16.2, 16.2]	[back, front]	[1131.7811, 1145.8218]
48   	12745.68    	0.018   	1.0000  	[16.2, 16.2]	[right, left]	[918.9389, 919.8696]
49   	12304.48    	0.017   	1.0000  	[16.2, 16.2]	[right, left]	[787.9287, 781.9507]
50   	12043.63    	0.016   	1.0000  	[16.2, 16.2]	[right, left]	[705.0702, 696.1866]
51   	11821.49    	0.015   	1.0000  	[16.2, 16.2]	[right, up]	[670.0908, 660.0889]
52   	11560.28    	0.015   	1.0000  	[16.2, 21.7]	[up, front]	[650.4214, 668.4973]
53   	11294.24    	0.014   	1.0000  	[21.7, 21.7]	[right, left]	[661.8804, 669.0565]
54   	10905.91    	0.013   	1.0000  	[21.7, 21.7]	[back, left]	[680.2702, 699.0438]
55   	10501.01    	0.012   	1.0000  	[21.7, 21.7]	[back, front]	[722.8820, 738.2192]
56   	10091.29    	0.012   	1.0000  	[21.7, 21.7]	[back, front]	[820.0251, 822.0313]
57   	9417.54     	0.013   	1.0000  	[21.7, 21.7]	[hover, hover]	[716.0024, 716.0189]
58   	8964.22     	0.013   	1.0000  	[21.7, 21.7]	[hover, hover]	[625.3789, 627.6271]
59   	8557.36     	0.012   	1.0000  	[21.7, 21.7]	[hover, hover]	[546.8178, 552.1392]
60   	8228.85     	0.011   	1.0000  	[21.7, 21.7]	[hover, hover]	[480.1699, 490.4122]
61   	7873.97     	0.010   	1.0000  	[21.7, 21.7]	[left, hover]	[421.1786, 429.5009]
62   	7699.32     	0.010   	1.0000  	[21.7, 21.7]	[left, hover]	[412.8808, 379.2824]
63   	7515.99     	0.009   	1.0000  	[21.7, 21.7]	[left, hover]	[428.1815, 337.0370]
64   	7328.96     	0.009   	1.0000  	[21.7, 21.7]	[left, right]	[447.7810, 303.7863]
65   	7172.81     	0.009   	1.0000  	[21.7, 21.7]	[left, right]	[504.9908, 311.7306]
66   	7041.98     	0.009   	1.0000  	[21.7, 21.7]	[left, right]	[570.2050, 354.7239]
67   	6902.46     	0.008   	1.0000  	[21.7, 21.7]	[left, right]	[666.4092, 384.9149]
68   	6693.39     	0.008   	1.0000  	[21.7, 21.7]	[left, right]	[795.8040, 452.5734]
69   	6466.69     	0.008   	1.0000  	[21.7, 21.7]	[front, right]	[779.0321, 539.3516]
70   	6262.40     	0.008   	1.0000  	[21.7, 21.7]	[front, right]	[742.6418, 636.9904]
71   	6032.99     	0.007   	1.0000  	[21.7, 21.7]	[front, right]	[668.9627, 773.5437]
72   	5783.36     	0.007   	1.0000  	[21.7, 21.7]	[front, back]	[612.4352, 772.3432]
73   	5594.47     	0.006   	1.0000  	[21.7, 21.7]	[front, back]	[623.4328, 741.8147]
74   	5467.81     	0.006   	1.0000  	[21.7, 21.7]	[front, back]	[655.9867, 666.4458]
75   	5335.34     	0.006   	1.0000  	[21.7, 21.7]	[front, back]	[710.0864, 611.8880]
76   	5216.29     	0.006   	1.0000  	[21.7, 21.7]	[front, back]	[821.6381, 626.5756]
77   	5102.03     	0.005   	1.0000  	[21.7, 21.7]	[hover, back]	[715.1501, 650.0689]
78   	4971.55     	0.005   	1.0000  	[21.7, 21.7]	[hover, back]	[624.9634, 696.7841]
79   	4845.53     	0.005   	1.0000  	[21.7, 21.7]	[hover, back]	[541.6545, 812.2866]
80   	4678.14     	0.005   	1.0000  	[21.7, 21.7]	[hover, hover]	[477.9237, 708.1711]
81   	4541.57     	0.004   	1.0000  	[21.7, 21.7]	[hover, hover]	[419.4394, 626.4503]
82   	4408.34     	0.004   	1.0000  	[21.7, 21.7]	[right, hover]	[379.5469, 548.1370]
83   	4321.08     	0.004   	1.0000  	[21.7, 21.7]	[right, hover]	[382.5584, 480.6959]
84   	4256.01     	0.004   	1.0000  	[21.7, 21.7]	[right, left]	[367.2188, 426.3472]
85   	4211.78     	0.004   	1.0000  	[21.7, 21.7]	[right, left]	[385.3737, 418.0107]
86   	4151.88     	0.004   	1.0000  	[21.7, 21.7]	[right, left]	[430.0347, 401.6972]
87   	4088.73     	0.004   	1.0000  	[21.7, 21.7]	[right, left]	[511.0718, 410.2180]
88   	4035.40     	0.004   	1.0000  	[21.7, 21.7]	[right, left]	[610.4349, 449.3668]
89   	3961.50     	0.003   	1.0000  	[21.7, 21.7]	[right, left]	[754.3127, 525.9248]
90   	3836.16     	0.003   	1.0000  	[21.7, 21.7]	[hover, left]	[658.0564, 626.7128]
91   	3728.07     	0.003   	1.0000  	[21.7, 21.7]	[hover, left]	[580.1502, 769.5355]
92   	3591.23     	0.003   	1.0000  	[21.7, 21.7]	[hover, hover]	[507.7345, 671.8154]
93   	3465.46     	0.003   	1.0000  	[21.7, 21.7]	[hover, hover]	[448.9447, 583.8533]
94   	3383.25     	0.002   	1.0000  	[21.7, 21.7]	[hover, hover]	[398.4772, 515.7891]
95   	3291.31     	0.002   	1.0000  	[21.7, 21.7]	[hover, hover]	[349.0564, 454.3618]
96   	3231.22     	0.002   	1.0000  	[21.7, 21.7]	[hover, hover]	[309.0866, 397.2172]
97   	3131.24     	0.002   	1.0000  	[21.7, 21.7]	[hover, hover]	[272.4540, 352.0918]
98   	3077.69     	0.002   	1.0000  	[21.7, 21.7]	[hover, hover]	[245.4856, 316.1868]
99   	3016.34     	0.002   	1.0000  	[21.7, 21.7]	[hover, hover]	[217.0671, 281.3452]
[2025-12-11T10:42:59]
Strategy: greedy_ig
Pairwise: equal
Num agents: 2
Iteration: 19
Error margin: None
Gaussian radius 4 
Grid info: range: 0-50-50, cell_size:0.125, map shape: (400, 400), center:True
init UAV positions: [(-25.0, -25.0, 5.4), (-25.0, 25.0, 5.4)]
mcts_params: {}
Step	Entropy	MSE	Coverage	Heights	Actions	IGs
------------------------------------------------------------------------------------------------------------------------
0    	158826.13   	0.435   	0.0078  	[5.4, 5.4]	[up, up]	[807.8971, 807.8971]
1    	155960.59   	0.439   	0.0312  	[10.8, 10.8]	[up, up]	[1050.1340, 1047.0929]
2    	152527.78   	0.449   	0.0703  	[16.2, 16.2]	[front, back]	[1216.1145, 1211.2301]
3    	149881.81   	0.450   	0.0938  	[16.2, 16.2]	[right, right]	[1508.8933, 1513.2401]
4    	146238.94   	0.451   	0.1250  	[16.2, 16.2]	[front, back]	[1728.8258, 1721.0269]
5    	142348.82   	0.449   	0.1562  	[16.2, 16.2]	[right, right]	[2046.8140, 2033.8366]
6    	137590.33   	0.451   	0.1953  	[16.2, 16.2]	[front, back]	[2276.4362, 2271.1261]
7    	132609.69   	0.434   	0.2344  	[16.2, 16.2]	[right, right]	[2608.6940, 2608.5872]
8    	126734.61   	0.435   	0.2812  	[16.2, 16.2]	[right, right]	[2667.4813, 2662.6611]
9    	121180.60   	0.445   	0.3281  	[16.2, 16.2]	[right, right]	[2731.0174, 2740.7310]
10   	115555.39   	0.433   	0.3750  	[16.2, 16.2]	[right, right]	[2808.9806, 2807.4724]
11   	109749.34   	0.417   	0.4219  	[16.2, 16.2]	[right, right]	[2870.4948, 2882.3509]
12   	103836.25   	0.396   	0.4688  	[16.2, 16.2]	[right, right]	[2906.8262, 2914.4344]
13   	98011.68    	0.378   	0.5156  	[16.2, 16.2]	[right, right]	[2900.3672, 2914.3902]
14   	92169.57    	0.351   	0.5625  	[16.2, 16.2]	[right, right]	[2909.3922, 2912.2133]
15   	86251.07    	0.322   	0.6094  	[16.2, 16.2]	[right, right]	[2884.8235, 2906.6958]
16   	80577.94    	0.295   	0.6562  	[16.2, 16.2]	[right, right]	[2920.2611, 2903.3602]
17   	74685.17    	0.272   	0.7031  	[16.2, 16.2]	[right, right]	[2910.2680, 2915.0904]
18   	68895.30    	0.254   	0.7500  	[16.2, 16.2]	[front, back]	[2732.9868, 2718.2232]
19   	63975.11    	0.209   	0.7969  	[16.2, 16.2]	[front, back]	[2659.1346, 2666.6585]
20   	58672.77    	0.165   	0.8438  	[16.2, 16.2]	[front, back]	[2392.7937, 2397.0444]
21   	57611.38    	0.158   	0.8438  	[16.2, 16.2]	[front, back]	[2193.2251, 2192.5188]
22   	55850.23    	0.147   	0.8438  	[16.2, 16.2]	[front, back]	[2145.4231, 2146.4767]
23   	54637.19    	0.142   	0.8438  	[16.2, 16.2]	[front, back]	[2471.3092, 2455.9834]
24   	53606.27    	0.139   	0.8438  	[16.2, 16.2]	[front, back]	[2725.1419, 2719.8472]
25   	52642.99    	0.137   	0.8438  	[16.2, 16.2]	[front, back]	[2857.6935, 2870.5074]
26   	51380.37    	0.136   	0.8438  	[16.2, 16.2]	[front, back]	[2903.3205, 2922.5966]
27   	49798.72    	0.133   	0.8438  	[16.2, 16.2]	[front, back]	[2898.3346, 2912.3853]
28   	47642.50    	0.132   	0.8438  	[16.2, 16.2]	[left, left]	[2704.0211, 2733.6072]
29   	46853.44    	0.128   	0.8438  	[16.2, 16.2]	[left, left]	[2662.7934, 2660.6394]
30   	45961.12    	0.125   	0.8438  	[16.2, 16.2]	[left, left]	[2688.3647, 2673.3768]
31   	44891.19    	0.123   	0.8438  	[16.2, 16.2]	[left, left]	[2746.5007, 2735.7003]
32   	43828.83    	0.122   	0.8438  	[16.2, 16.2]	[left, left]	[2818.7333, 2823.3404]
33   	42693.07    	0.122   	0.8438  	[16.2, 16.2]	[left, left]	[2899.8312, 2909.3377]
34   	41593.94    	0.121   	0.8438  	[16.2, 16.2]	[left, left]	[2898.5982, 2931.0198]
35   	40617.57    	0.118   	0.8438  	[16.2, 16.2]	[left, left]	[2903.6287, 2929.2335]
36   	39537.29    	0.118   	0.8438  	[16.2, 16.2]	[left, left]	[2914.7252, 2920.1880]
37   	38470.26    	0.116   	0.8438  	[16.2, 16.2]	[left, left]	[2916.9729, 2931.2672]
38   	37289.13    	0.113   	0.8438  	[16.2, 16.2]	[back, front]	[2726.9674, 2739.5880]
39   	31898.75    	0.093   	0.8906  	[16.2, 16.2]	[back, front]	[2668.2549, 2666.9826]
40   	26540.49    	0.077   	0.9375  	[16.2, 16.2]	[back, front]	[2391.8717, 2395.4772]
41   	25425.64    	0.069   	0.9375  	[16.2, 16.2]	[back, front]	[2185.9724, 2190.0670]
42   	23663.25    	0.063   	0.9375  	[16.2, 16.2]	[right, right]	[1975.6287, 1995.5237]
43   	21471.58    	0.060   	0.9531  	[16.2, 16.2]	[right, right]	[1830.1116, 1856.8361]
44   	19136.65    	0.054   	0.9688  	[16.2, 16.2]	[right, right]	[1748.0755, 1780.7303]
45   	16872.38    	0.041   	0.9844  	[16.2, 16.2]	[right, right]	[1764.5523, 1783.5456]
46   	14495.99    	0.027   	1.0000  	[16.2, 16.2]	[back, front]	[1272.4510, 1283.6712]
47   	13664.21    	0.022   	1.0000  	[16.2, 16.2]	[back, front]	[1099.8244, 1097.4419]
48   	13154.80    	0.019   	1.0000  	[16.2, 16.2]	[right, right]	[929.5365, 932.3348]
49   	12662.39    	0.018   	1.0000  	[16.2, 16.2]	[right, right]	[787.9287, 776.9870]
50   	12368.47    	0.016   	1.0000  	[16.2, 16.2]	[right, right]	[678.6737, 673.3612]
51   	12095.14    	0.016   	1.0000  	[16.2, 16.2]	[up, up]	[625.9361, 622.3288]
52   	11868.94    	0.014   	1.0000  	[21.7, 21.7]	[back, front]	[640.5387, 636.6049]
53   	11631.27    	0.014   	1.0000  	[21.7, 21.7]	[right, right]	[645.7474, 647.5950]
54   	11360.87    	0.013   	1.0000  	[21.7, 21.7]	[right, right]	[667.5802, 680.0750]
55   	11069.50    	0.012   	1.0000  	[21.7, 21.7]	[back, front]	[708.9147, 724.9736]
56   	10658.93    	0.013   	1.0000  	[21.7, 21.7]	[back, front]	[817.6470, 830.4232]
57   	9949.08     	0.014   	1.0000  	[21.7, 21.7]	[hover, hover]	[714.1757, 736.0378]
58   	9550.23     	0.014   	1.0000  	[21.7, 21.7]	[hover, hover]	[625.9399, 642.6600]
59   	9162.34     	0.012   	1.0000  	[21.7, 21.7]	[hover, hover]	[549.2548, 567.2517]
60   	8841.84     	0.011   	1.0000  	[21.7, 21.7]	[hover, hover]	[486.0685, 489.0534]
61   	8542.39     	0.011   	1.0000  	[21.7, 21.7]	[hover, hover]	[427.4042, 429.2963]
62   	8295.66     	0.011   	1.0000  	[21.7, 21.7]	[hover, hover]	[377.9279, 378.4287]
63   	8148.30     	0.010   	1.0000  	[21.7, 21.7]	[left, left]	[343.5714, 335.0679]
64   	8016.37     	0.010   	1.0000  	[21.7, 21.7]	[left, left]	[339.7619, 329.1561]
65   	7888.52     	0.010   	1.0000  	[21.7, 21.7]	[left, left]	[371.4331, 369.8688]
66   	7782.08     	0.009   	1.0000  	[21.7, 21.7]	[left, left]	[405.4478, 400.5194]
67   	7642.75     	0.009   	1.0000  	[21.7, 21.7]	[left, left]	[469.2375, 466.6203]
68   	7494.71     	0.009   	1.0000  	[21.7, 21.7]	[left, left]	[542.7857, 551.5923]
69   	7298.03     	0.009   	1.0000  	[21.7, 21.7]	[left, left]	[641.0920, 646.7907]
70   	6974.42     	0.009   	1.0000  	[21.7, 21.7]	[left, left]	[773.1550, 780.9221]
71   	6496.49     	0.009   	1.0000  	[21.7, 21.7]	[front, back]	[735.6332, 753.9211]
72   	6150.32     	0.008   	1.0000  	[21.7, 21.7]	[front, back]	[675.1839, 683.9208]
73   	5813.06     	0.007   	1.0000  	[21.7, 21.7]	[front, back]	[591.6849, 592.5892]
74   	5575.19     	0.006   	1.0000  	[21.7, 21.7]	[front, back]	[530.9527, 534.5734]
75   	5348.51     	0.006   	1.0000  	[21.7, 21.7]	[front, back]	[551.2083, 557.0838]
76   	5188.14     	0.006   	1.0000  	[21.7, 21.7]	[front, back]	[601.6656, 604.3889]
77   	5039.20     	0.005   	1.0000  	[21.7, 21.7]	[front, back]	[678.3182, 682.2880]
78   	4892.64     	0.005   	1.0000  	[21.7, 21.7]	[front, back]	[812.6217, 806.5729]
79   	4771.00     	0.005   	1.0000  	[21.7, 21.7]	[hover, hover]	[712.1307, 708.7163]
80   	4647.34     	0.005   	1.0000  	[21.7, 21.7]	[hover, hover]	[622.1944, 615.2952]
81   	4524.35     	0.004   	1.0000  	[21.7, 21.7]	[hover, hover]	[549.1966, 544.1484]
82   	4443.46     	0.004   	1.0000  	[21.7, 21.7]	[hover, hover]	[484.0335, 477.6234]
83   	4338.44     	0.004   	1.0000  	[21.7, 21.7]	[hover, right]	[425.9320, 419.8559]
84   	4266.32     	0.004   	1.0000  	[21.7, 21.7]	[right, right]	[391.7830, 412.6362]
85   	4208.89     	0.004   	1.0000  	[21.7, 21.7]	[right, right]	[396.6434, 386.1973]
86   	4160.88     	0.004   	1.0000  	[21.7, 21.7]	[right, right]	[377.4892, 399.8755]
87   	4124.32     	0.004   	1.0000  	[21.7, 21.7]	[right, right]	[389.0259, 441.6686]
88   	4080.72     	0.004   	1.0000  	[21.7, 21.7]	[right, right]	[432.3982, 523.5233]
89   	4040.46     	0.003   	1.0000  	[21.7, 21.7]	[right, right]	[513.1614, 634.2850]
90   	3963.98     	0.003   	1.0000  	[21.7, 21.7]	[right, right]	[616.2857, 779.5615]
91   	3794.76     	0.003   	1.0000  	[21.7, 21.7]	[right, hover]	[764.8619, 680.5037]
92   	3627.01     	0.003   	1.0000  	[21.7, 21.7]	[hover, hover]	[673.9474, 599.4098]
93   	3530.12     	0.003   	1.0000  	[21.7, 21.7]	[hover, hover]	[590.6936, 524.8733]
94   	3376.62     	0.003   	1.0000  	[21.7, 21.7]	[hover, hover]	[520.0495, 460.9031]
95   	3319.64     	0.003   	1.0000  	[21.7, 21.7]	[hover, hover]	[460.3807, 407.7192]
96   	3219.66     	0.002   	1.0000  	[21.7, 21.7]	[hover, hover]	[405.1411, 361.4112]
97   	3136.11     	0.002   	1.0000  	[21.7, 21.7]	[hover, hover]	[357.0143, 320.7673]
98   	3062.78     	0.002   	1.0000  	[21.7, 21.7]	[hover, hover]	[313.4804, 280.2077]
99   	3019.29     	0.002   	1.0000  	[21.7, 21.7]	[hover, hover]	[275.6110, 249.4511]
[2025-12-11T10:43:05]
Strategy: greedy_ig
Pairwise: biased
Num agents: 2
Iteration: 0
Error margin: None
Gaussian radius 4 
Grid info: range: 0-50-50, cell_size:0.125, map shape: (400, 400), center:True
init UAV positions: [(25.0, 25.0, 5.4), (-25.0, 25.0, 5.4)]
mcts_params: {}
Step	Entropy	MSE	Coverage	Heights	Actions	IGs
------------------------------------------------------------------------------------------------------------------------
0    	158805.66   	0.435   	0.0078  	[5.4, 5.4]	[up, up]	[762.1469, 759.8292]
1    	155592.99   	0.438   	0.0312  	[10.8, 10.8]	[up, up]	[912.7656, 896.6945]
2    	151046.79   	0.444   	0.0703  	[16.2, 16.2]	[up, up]	[887.1871, 895.2033]
3    	145705.54   	0.441   	0.1250  	[21.7, 21.7]	[left, right]	[887.4755, 884.9328]
4    	140611.41   	0.435   	0.1562  	[21.7, 21.7]	[back, back]	[930.6986, 908.8071]
5    	134611.03   	0.412   	0.1953  	[21.7, 21.7]	[back, back]	[957.3133, 934.8653]
6    	128561.46   	0.387   	0.2344  	[21.7, 21.7]	[left, right]	[1052.4699, 1045.6857]
7    	121933.07   	0.378   	0.2812  	[21.7, 21.7]	[left, back]	[1120.7771, 1122.1147]
8    	114923.21   	0.358   	0.3281  	[21.7, 21.7]	[back, right]	[1244.7930, 1245.7977]
9    	107155.84   	0.334   	0.3828  	[21.7, 21.7]	[back, right]	[1321.2145, 1327.3502]
10   	98826.71    	0.305   	0.4375  	[21.7, 21.7]	[left, back]	[1430.3614, 1455.0738]
11   	89659.27    	0.276   	0.5000  	[21.7, 21.7]	[back, back]	[1436.6983, 1474.8322]
12   	80588.19    	0.231   	0.5625  	[21.7, 21.7]	[back, back]	[1472.1137, 1519.4027]
13   	71246.47    	0.180   	0.6250  	[21.7, 21.7]	[back, back]	[1510.5221, 1543.9363]
14   	61536.85    	0.129   	0.6875  	[21.7, 21.7]	[back, back]	[1510.0302, 1553.6895]
15   	51833.37    	0.092   	0.7500  	[21.7, 21.7]	[back, back]	[1524.5609, 1561.7637]
16   	42000.73    	0.059   	0.8125  	[21.7, 21.7]	[back, back]	[1533.1201, 1554.1849]
17   	32127.31    	0.041   	0.8750  	[21.7, 21.7]	[back, back]	[1549.1884, 1541.5896]
18   	22439.06    	0.031   	0.9375  	[21.7, 21.7]	[back, back]	[1561.3428, 1551.9796]
19   	12447.37    	0.029   	1.0000  	[21.7, 21.7]	[left, right]	[1316.8927, 1302.2596]
20   	8358.64     	0.013   	1.0000  	[21.7, 21.7]	[left, right]	[1237.5047, 1248.4770]
21   	6324.73     	0.009   	1.0000  	[21.7, 21.7]	[left, right]	[1256.5640, 1259.8005]
22   	5780.41     	0.008   	1.0000  	[21.7, 21.7]	[left, right]	[1273.6331, 1271.4685]
23   	5598.27     	0.008   	1.0000  	[21.7, 21.7]	[left, right]	[1413.6021, 1423.6124]
24   	5577.02     	0.008   	1.0000  	[21.7, 21.7]	[left, right]	[1533.9235, 1529.5640]
25   	5526.26     	0.008   	1.0000  	[21.7, 21.7]	[left, right]	[1540.0270, 1546.9690]
26   	5261.10     	0.007   	1.0000  	[21.7, 21.7]	[left, right]	[1551.7434, 1550.0542]
27   	4467.96     	0.006   	1.0000  	[21.7, 21.7]	[front, front]	[1456.6889, 1444.5073]
28   	4360.88     	0.005   	1.0000  	[21.7, 21.7]	[front, front]	[1480.1161, 1451.4666]
29   	4321.89     	0.005   	1.0000  	[21.7, 21.7]	[front, front]	[1510.2080, 1508.8669]
30   	4327.46     	0.005   	1.0000  	[21.7, 21.7]	[front, front]	[1542.6441, 1536.8362]
31   	4319.17     	0.005   	1.0000  	[21.7, 21.7]	[front, front]	[1546.9183, 1541.0293]
32   	4321.12     	0.005   	1.0000  	[21.7, 21.7]	[front, front]	[1555.2691, 1541.9041]
33   	4295.02     	0.005   	1.0000  	[21.7, 21.7]	[front, front]	[1547.2346, 1546.4692]
34   	4174.28     	0.005   	1.0000  	[21.7, 21.7]	[front, front]	[1535.1513, 1569.7159]
35   	3756.09     	0.004   	1.0000  	[21.7, 21.7]	[hover, hover]	[794.8316, 814.9414]
36   	3456.47     	0.003   	1.0000  	[21.7, 21.7]	[right, left]	[355.7804, 318.0230]
37   	3239.01     	0.003   	1.0000  	[21.7, 21.7]	[left, right]	[144.0640, 131.5845]
38   	3186.74     	0.003   	1.0000  	[21.7, 21.7]	[right, left]	[81.3997, 62.8997]
39   	3172.26     	0.003   	1.0000  	[21.7, 21.7]	[left, left]	[50.6404, 49.4344]
40   	3165.83     	0.003   	1.0000  	[21.7, 21.7]	[right, left]	[41.7319, 38.9149]
41   	3156.60     	0.003   	1.0000  	[21.7, 21.7]	[right, hover]	[35.2777, 33.8025]
42   	3153.41     	0.003   	1.0000  	[21.7, 21.7]	[right, left]	[32.6443, 32.1226]
43   	3148.20     	0.003   	1.0000  	[21.7, 21.7]	[back, hover]	[30.4565, 30.4376]
44   	3143.60     	0.003   	1.0000  	[21.7, 21.7]	[back, left]	[31.3423, 30.3580]
45   	3137.07     	0.003   	1.0000  	[21.7, 21.7]	[back, left]	[31.9301, 29.9380]
46   	3131.62     	0.003   	1.0000  	[21.7, 21.7]	[left, back]	[32.7509, 30.0082]
47   	3129.06     	0.003   	1.0000  	[21.7, 21.7]	[left, back]	[33.3999, 30.0226]
48   	3123.24     	0.003   	1.0000  	[21.7, 21.7]	[back, back]	[33.7290, 32.7360]
49   	3122.42     	0.003   	1.0000  	[21.7, 21.7]	[left, left]	[35.4658, 33.1919]
50   	3117.06     	0.003   	1.0000  	[21.7, 21.7]	[back, left]	[37.5556, 32.9094]
51   	3110.01     	0.003   	1.0000  	[21.7, 21.7]	[back, back]	[45.1620, 32.5011]
52   	3104.01     	0.003   	1.0000  	[21.7, 21.7]	[back, back]	[72.0439, 35.0192]
53   	3050.68     	0.003   	1.0000  	[21.7, 21.7]	[back, back]	[136.6807, 40.6876]
54   	2831.17     	0.003   	1.0000  	[21.7, 21.7]	[hover, back]	[67.3275, 63.9231]
55   	2710.32     	0.002   	1.0000  	[21.7, 21.7]	[hover, up]	[40.1744, 73.7498]
56   	2672.50     	0.002   	1.0000  	[21.7, 27.1]	[hover, right]	[32.8252, 45.4482]
57   	2665.13     	0.002   	1.0000  	[21.7, 27.1]	[hover, hover]	[30.3817, 31.7340]
58   	2664.06     	0.002   	1.0000  	[21.7, 27.1]	[hover, down]	[29.2367, 28.5805]
59   	2660.73     	0.002   	1.0000  	[21.7, 21.7]	[hover, left]	[28.9561, 29.1734]
60   	2656.83     	0.002   	1.0000  	[21.7, 21.7]	[hover, hover]	[28.6820, 29.4726]
61   	2656.97     	0.002   	1.0000  	[21.7, 21.7]	[hover, front]	[27.5395, 28.5821]
62   	2655.14     	0.002   	1.0000  	[21.7, 21.7]	[front, front]	[27.5252, 29.4905]
63   	2654.54     	0.002   	1.0000  	[21.7, 21.7]	[front, hover]	[28.3516, 28.6715]
64   	2655.60     	0.002   	1.0000  	[21.7, 21.7]	[hover, hover]	[27.9629, 27.7670]
65   	2654.66     	0.002   	1.0000  	[21.7, 21.7]	[right, front]	[27.8641, 27.7319]
66   	2654.68     	0.002   	1.0000  	[21.7, 21.7]	[right, right]	[28.1762, 27.8921]
67   	2650.40     	0.002   	1.0000  	[21.7, 21.7]	[right, front]	[28.7571, 27.3285]
68   	2649.38     	0.002   	1.0000  	[21.7, 21.7]	[right, hover]	[28.3949, 27.1857]
69   	2648.04     	0.002   	1.0000  	[21.7, 21.7]	[back, hover]	[29.7211, 27.0886]
70   	2648.72     	0.002   	1.0000  	[21.7, 21.7]	[back, hover]	[31.2911, 27.1580]
71   	2645.21     	0.002   	1.0000  	[21.7, 21.7]	[right, hover]	[35.0283, 27.1732]
72   	2640.65     	0.002   	1.0000  	[21.7, 21.7]	[right, hover]	[42.3566, 26.8410]
73   	2634.26     	0.002   	1.0000  	[21.7, 21.7]	[right, hover]	[70.6086, 26.9005]
74   	2568.93     	0.002   	1.0000  	[21.7, 21.7]	[right, hover]	[141.5615, 26.8134]
75   	2302.77     	0.002   	1.0000  	[21.7, 21.7]	[hover, hover]	[74.0965, 26.6928]
76   	2190.85     	0.002   	1.0000  	[21.7, 21.7]	[hover, hover]	[43.6799, 26.4171]
77   	2151.49     	0.002   	1.0000  	[21.7, 21.7]	[hover, hover]	[34.5861, 25.8913]
78   	2139.86     	0.002   	1.0000  	[21.7, 21.7]	[hover, hover]	[32.0938, 25.6590]
79   	2135.03     	0.002   	1.0000  	[21.7, 21.7]	[hover, hover]	[29.7690, 25.6576]
80   	2127.81     	0.002   	1.0000  	[21.7, 21.7]	[hover, hover]	[28.3968, 25.6203]
81   	2127.00     	0.002   	1.0000  	[21.7, 21.7]	[hover, left]	[27.8162, 25.5227]
82   	2129.36     	0.002   	1.0000  	[21.7, 21.7]	[hover, back]	[27.6304, 25.5161]
83   	2121.19     	0.002   	1.0000  	[21.7, 21.7]	[hover, back]	[27.3971, 25.8165]
84   	2117.33     	0.002   	1.0000  	[21.7, 21.7]	[hover, back]	[27.1143, 25.8340]
85   	2117.15     	0.002   	1.0000  	[21.7, 21.7]	[hover, back]	[26.6056, 25.9811]
86   	2120.58     	0.002   	1.0000  	[21.7, 21.7]	[hover, back]	[26.2381, 31.0884]
87   	2120.77     	0.002   	1.0000  	[21.7, 21.7]	[hover, hover]	[26.3408, 27.9132]
88   	2117.05     	0.002   	1.0000  	[21.7, 21.7]	[hover, hover]	[26.2825, 26.6871]
89   	2116.92     	0.002   	1.0000  	[21.7, 21.7]	[hover, hover]	[26.1377, 26.2435]
90   	2116.48     	0.002   	1.0000  	[21.7, 21.7]	[front, hover]	[25.8932, 26.3454]
91   	2113.78     	0.002   	1.0000  	[21.7, 21.7]	[left, hover]	[26.0834, 26.4401]
92   	2111.85     	0.002   	1.0000  	[21.7, 21.7]	[left, hover]	[25.8737, 26.1840]
93   	2113.11     	0.002   	1.0000  	[21.7, 21.7]	[left, hover]	[25.6476, 25.9628]
94   	2114.14     	0.002   	1.0000  	[21.7, 21.7]	[left, hover]	[25.6820, 26.0113]
95   	2114.61     	0.002   	1.0000  	[21.7, 21.7]	[left, right]	[25.8240, 25.8881]
96   	2113.11     	0.002   	1.0000  	[21.7, 21.7]	[front, right]	[26.0631, 26.4099]
97   	2112.84     	0.002   	1.0000  	[21.7, 21.7]	[front, right]	[26.8263, 27.7878]
98   	2114.68     	0.002   	1.0000  	[21.7, 21.7]	[left, right]	[26.8128, 33.4847]
99   	2116.48     	0.002   	1.0000  	[21.7, 21.7]	[left, right]	[26.9977, 36.1158]
[2025-12-11T10:43:11]
Strategy: greedy_ig
Pairwise: biased
Num agents: 2
Iteration: 1
Error margin: None
Gaussian radius 4 
Grid info: range: 0-50-50, cell_size:0.125, map shape: (400, 400), center:True
init UAV positions: [(25.0, -25.0, 5.4), (-25.0, 25.0, 5.4)]
mcts_params: {}
Step	Entropy	MSE	Coverage	Heights	Actions	IGs
------------------------------------------------------------------------------------------------------------------------
0    	158805.66   	0.435   	0.0078  	[5.4, 5.4]	[up, up]	[762.1469, 759.8292]
1    	155596.78   	0.437   	0.0312  	[10.8, 10.8]	[up, up]	[913.2555, 896.6945]
2    	151073.08   	0.431   	0.0703  	[16.2, 16.2]	[up, up]	[891.0793, 895.2033]
3    	145745.55   	0.416   	0.1250  	[21.7, 21.7]	[left, right]	[893.0915, 884.9328]
4    	140621.62   	0.402   	0.1562  	[21.7, 21.7]	[front, back]	[930.9721, 908.8071]
5    	134586.10   	0.379   	0.1953  	[21.7, 21.7]	[left, back]	[955.6877, 934.8653]
6    	128635.89   	0.366   	0.2344  	[21.7, 21.7]	[front, right]	[1064.0101, 1045.6857]
7    	121962.54   	0.345   	0.2812  	[21.7, 21.7]	[left, back]	[1125.0654, 1122.1147]
8    	114976.95   	0.324   	0.3281  	[21.7, 21.7]	[front, right]	[1249.1856, 1245.7977]
9    	107146.84   	0.300   	0.3828  	[21.7, 21.7]	[front, right]	[1324.7021, 1327.3502]
10   	98874.32    	0.271   	0.4375  	[21.7, 21.7]	[left, back]	[1441.0883, 1455.0738]
11   	89643.70    	0.237   	0.5000  	[21.7, 21.7]	[left, back]	[1464.4396, 1474.8322]
12   	80784.43    	0.208   	0.5586  	[21.7, 21.7]	[left, back]	[1475.3173, 1490.1034]
13   	72129.75    	0.188   	0.6094  	[21.7, 21.7]	[left, back]	[1456.8844, 1481.7187]
14   	64334.70    	0.169   	0.6523  	[21.7, 21.7]	[left, back]	[1441.2968, 1457.2605]
15   	57597.92    	0.163   	0.6875  	[21.7, 21.7]	[left, back]	[1407.7751, 1424.2702]
16   	52162.37    	0.159   	0.7148  	[21.7, 21.7]	[left, back]	[1385.7936, 1389.6104]
17   	47888.71    	0.156   	0.7344  	[21.7, 21.7]	[left, back]	[1352.9398, 1339.2524]
18   	44914.19    	0.153   	0.7461  	[21.7, 21.7]	[left, back]	[1323.7640, 1318.4082]
19   	43092.16    	0.149   	0.7500  	[21.7, 21.7]	[front, right]	[1342.6782, 1336.8801]
20   	42918.21    	0.148   	0.7500  	[21.7, 21.7]	[front, right]	[1473.1933, 1469.7475]
21   	42863.15    	0.148   	0.7500  	[21.7, 21.7]	[front, right]	[1520.4747, 1522.4147]
22   	42856.62    	0.148   	0.7500  	[21.7, 21.7]	[front, right]	[1537.1653, 1540.2018]
23   	42852.07    	0.148   	0.7500  	[21.7, 21.7]	[front, right]	[1547.3239, 1546.3237]
24   	42856.92    	0.148   	0.7500  	[21.7, 21.7]	[front, right]	[1544.9342, 1540.1844]
25   	42844.14    	0.148   	0.7500  	[21.7, 21.7]	[front, right]	[1539.1066, 1547.9308]
26   	42787.90    	0.148   	0.7500  	[21.7, 21.7]	[front, right]	[1532.1891, 1550.4807]
27   	42529.84    	0.147   	0.7500  	[21.7, 21.7]	[right, front]	[1430.0352, 1444.5073]
28   	37403.18    	0.120   	0.8086  	[21.7, 21.7]	[right, front]	[1424.1721, 1424.3362]
29   	31040.32    	0.084   	0.8594  	[21.7, 21.7]	[right, front]	[1429.5611, 1442.0067]
30   	24012.31    	0.052   	0.9023  	[21.7, 21.7]	[right, front]	[1414.6568, 1438.0681]
31   	17560.05    	0.027   	0.9375  	[21.7, 21.7]	[right, front]	[1392.1965, 1406.9320]
32   	12231.89    	0.013   	0.9648  	[21.7, 21.7]	[right, front]	[1367.9695, 1373.4117]
33   	8042.35     	0.010   	0.9844  	[21.7, 21.7]	[right, front]	[1338.0422, 1345.3796]
34   	5149.61     	0.007   	0.9961  	[21.7, 21.7]	[right, front]	[1307.0638, 1335.3554]
35   	3317.83     	0.003   	1.0000  	[21.7, 21.7]	[right, front]	[660.3667, 682.9358]
36   	2756.06     	0.002   	1.0000  	[21.7, 21.7]	[down, down]	[332.5090, 343.3354]
37   	2684.41     	0.002   	1.0000  	[16.2, 16.2]	[back, left]	[177.9428, 163.6254]
38   	2666.89     	0.002   	1.0000  	[16.2, 16.2]	[back, left]	[120.2589, 127.7279]
39   	2654.57     	0.002   	1.0000  	[16.2, 16.2]	[back, left]	[65.4529, 72.2320]
40   	2646.06     	0.002   	1.0000  	[16.2, 16.2]	[back, left]	[36.8196, 44.8552]
41   	2641.54     	0.002   	1.0000  	[16.2, 16.2]	[back, left]	[31.7125, 35.3641]
42   	2634.25     	0.002   	1.0000  	[16.2, 16.2]	[back, back]	[28.8205, 33.5094]
43   	2629.83     	0.002   	1.0000  	[16.2, 16.2]	[back, back]	[27.1495, 32.7514]
44   	2632.69     	0.002   	1.0000  	[16.2, 16.2]	[back, up]	[28.4159, 30.8242]
45   	2633.18     	0.002   	1.0000  	[16.2, 21.7]	[back, back]	[28.1889, 31.3090]
46   	2626.89     	0.002   	1.0000  	[16.2, 21.7]	[hover, back]	[27.4358, 31.9116]
47   	2626.45     	0.002   	1.0000  	[16.2, 21.7]	[hover, left]	[26.7868, 33.0248]
48   	2620.20     	0.002   	1.0000  	[16.2, 21.7]	[hover, left]	[26.1712, 33.4502]
49   	2614.03     	0.002   	1.0000  	[16.2, 21.7]	[hover, left]	[25.7328, 34.1559]
50   	2612.70     	0.002   	1.0000  	[16.2, 21.7]	[left, back]	[25.4899, 34.2492]
51   	2612.11     	0.002   	1.0000  	[16.2, 21.7]	[left, back]	[26.3488, 36.6756]
52   	2608.73     	0.002   	1.0000  	[16.2, 21.7]	[left, back]	[27.5449, 42.1364]
53   	2601.84     	0.002   	1.0000  	[16.2, 21.7]	[front, back]	[28.0599, 68.4828]
54   	2559.20     	0.002   	1.0000  	[16.2, 21.7]	[left, back]	[28.1824, 137.2506]
55   	2321.65     	0.002   	1.0000  	[16.2, 21.7]	[up, hover]	[27.5133, 66.5796]
56   	2224.60     	0.001   	1.0000  	[21.7, 21.7]	[left, hover]	[29.5891, 40.4598]
57   	2192.64     	0.001   	1.0000  	[21.7, 21.7]	[left, hover]	[33.9818, 32.2588]
58   	2177.47     	0.001   	1.0000  	[21.7, 21.7]	[left, hover]	[41.7030, 28.9112]
59   	2170.51     	0.001   	1.0000  	[21.7, 21.7]	[left, front]	[63.6073, 29.1927]
60   	2166.24     	0.001   	1.0000  	[21.7, 21.7]	[left, front]	[135.0329, 29.0097]
61   	2167.06     	0.001   	1.0000  	[21.7, 21.7]	[hover, right]	[70.9941, 28.4296]
62   	2164.42     	0.001   	1.0000  	[21.7, 21.7]	[hover, right]	[40.7904, 28.5332]
63   	2158.79     	0.001   	1.0000  	[21.7, 21.7]	[hover, right]	[33.1818, 28.9167]
64   	2162.61     	0.001   	1.0000  	[21.7, 21.7]	[hover, right]	[30.3598, 29.8448]
65   	2158.66     	0.001   	1.0000  	[21.7, 21.7]	[hover, back]	[29.6763, 31.5378]
66   	2160.61     	0.001   	1.0000  	[21.7, 21.7]	[front, back]	[28.6706, 33.4810]
67   	2156.53     	0.001   	1.0000  	[21.7, 21.7]	[front, right]	[30.0833, 37.0660]
68   	2158.10     	0.001   	1.0000  	[21.7, 21.7]	[front, right]	[30.8248, 44.1739]
69   	2156.00     	0.001   	1.0000  	[21.7, 21.7]	[front, right]	[31.4324, 73.1568]
70   	2153.19     	0.001   	1.0000  	[21.7, 21.7]	[front, right]	[35.5585, 147.0658]
71   	2153.37     	0.001   	1.0000  	[21.7, 21.7]	[front, hover]	[40.0177, 78.0301]
72   	2146.91     	0.001   	1.0000  	[21.7, 21.7]	[front, hover]	[63.3499, 48.2669]
73   	2146.32     	0.001   	1.0000  	[21.7, 21.7]	[front, hover]	[137.7514, 37.3803]
74   	2141.13     	0.001   	1.0000  	[21.7, 21.7]	[hover, hover]	[70.1472, 32.6048]
75   	2139.00     	0.001   	1.0000  	[21.7, 21.7]	[hover, hover]	[43.1783, 31.1283]
76   	2137.99     	0.001   	1.0000  	[21.7, 21.7]	[hover, hover]	[33.8614, 29.7160]
77   	2136.78     	0.001   	1.0000  	[21.7, 21.7]	[hover, hover]	[30.9277, 29.3698]
78   	2134.89     	0.001   	1.0000  	[21.7, 21.7]	[right, hover]	[30.0809, 28.5927]
79   	2134.61     	0.001   	1.0000  	[21.7, 21.7]	[hover, hover]	[29.9220, 27.6966]
80   	2134.73     	0.001   	1.0000  	[21.7, 21.7]	[hover, hover]	[29.1276, 27.6046]
81   	2132.14     	0.001   	1.0000  	[21.7, 21.7]	[hover, hover]	[28.5918, 27.2013]
82   	2130.12     	0.001   	1.0000  	[21.7, 21.7]	[left, hover]	[28.8247, 27.2218]
83   	2130.20     	0.001   	1.0000  	[21.7, 21.7]	[right, hover]	[27.9106, 26.9359]
84   	2126.58     	0.001   	1.0000  	[21.7, 21.7]	[right, hover]	[27.4874, 26.9419]
85   	2124.98     	0.001   	1.0000  	[21.7, 21.7]	[right, hover]	[28.2614, 26.6790]
86   	2123.23     	0.001   	1.0000  	[21.7, 21.7]	[right, hover]	[28.8565, 26.6558]
87   	2120.97     	0.001   	1.0000  	[21.7, 21.7]	[right, hover]	[29.4142, 26.2460]
88   	2118.95     	0.001   	1.0000  	[21.7, 21.7]	[right, hover]	[30.7271, 26.0440]
89   	2119.71     	0.001   	1.0000  	[21.7, 21.7]	[right, hover]	[38.6470, 26.3680]
90   	2114.20     	0.001   	1.0000  	[21.7, 21.7]	[right, front]	[63.7941, 26.0956]
91   	2071.78     	0.001   	1.0000  	[21.7, 21.7]	[hover, left]	[37.5522, 26.1210]
92   	2057.14     	0.001   	1.0000  	[21.7, 21.7]	[hover, right]	[29.0722, 25.8892]
93   	2058.24     	0.001   	1.0000  	[21.7, 21.7]	[hover, hover]	[27.1551, 25.8522]
94   	2053.58     	0.001   	1.0000  	[21.7, 21.7]	[left, hover]	[26.7359, 25.8072]
95   	2052.75     	0.001   	1.0000  	[21.7, 21.7]	[back, hover]	[26.5032, 25.7692]
96   	2048.85     	0.001   	1.0000  	[21.7, 21.7]	[hover, hover]	[26.6876, 25.7480]
97   	2045.89     	0.001   	1.0000  	[21.7, 21.7]	[hover, back]	[26.5398, 25.7115]
98   	2043.93     	0.001   	1.0000  	[21.7, 21.7]	[hover, hover]	[26.1110, 25.8188]
99   	2044.76     	0.001   	1.0000  	[21.7, 21.7]	[back, hover]	[25.9321, 25.8865]
[2025-12-11T10:43:17]
Strategy: greedy_ig
Pairwise: biased
Num agents: 2
Iteration: 2
Error margin: None
Gaussian radius 4 
Grid info: range: 0-50-50, cell_size:0.125, map shape: (400, 400), center:True
init UAV positions: [(25.0, -25.0, 5.4), (-25.0, -25.0, 5.4)]
mcts_params: {}
Step	Entropy	MSE	Coverage	Heights	Actions	IGs
------------------------------------------------------------------------------------------------------------------------
0    	158805.66   	0.435   	0.0078  	[5.4, 5.4]	[up, up]	[762.1469, 759.8292]
1    	155601.48   	0.437   	0.0312  	[10.8, 10.8]	[up, up]	[913.2555, 898.9347]
2    	151040.95   	0.431   	0.0703  	[16.2, 16.2]	[up, up]	[891.0793, 884.3327]
3    	145691.75   	0.415   	0.1250  	[21.7, 21.7]	[left, front]	[893.0915, 873.4010]
4    	140578.06   	0.399   	0.1562  	[21.7, 21.7]	[front, right]	[930.9721, 902.6714]
5    	134561.09   	0.381   	0.1953  	[21.7, 21.7]	[left, right]	[955.6877, 930.5280]
6    	128586.99   	0.373   	0.2344  	[21.7, 21.7]	[front, front]	[1064.0101, 1036.3234]
7    	121911.41   	0.336   	0.2812  	[21.7, 21.7]	[left, right]	[1125.0654, 1115.1620]
8    	114975.43   	0.325   	0.3281  	[21.7, 21.7]	[front, front]	[1249.1856, 1251.9653]
9    	107154.58   	0.283   	0.3828  	[21.7, 21.7]	[front, front]	[1324.7021, 1333.1580]
10   	98887.33    	0.242   	0.4375  	[21.7, 21.7]	[left, right]	[1441.0883, 1454.8336]
11   	89635.92    	0.208   	0.5000  	[21.7, 21.7]	[front, front]	[1432.9838, 1450.1313]
12   	80642.53    	0.163   	0.5625  	[21.7, 21.7]	[front, front]	[1459.8993, 1483.9417]
13   	71388.61    	0.124   	0.6250  	[21.7, 21.7]	[front, front]	[1494.5756, 1521.7601]
14   	61915.00    	0.086   	0.6875  	[21.7, 21.7]	[front, front]	[1527.5127, 1537.6472]
15   	52205.19    	0.052   	0.7500  	[21.7, 21.7]	[front, front]	[1536.9838, 1553.1455]
16   	42448.60    	0.030   	0.8125  	[21.7, 21.7]	[front, front]	[1543.0823, 1557.4127]
17   	32568.02    	0.030   	0.8750  	[21.7, 21.7]	[front, front]	[1552.9441, 1541.1904]
18   	22611.28    	0.030   	0.9375  	[21.7, 21.7]	[front, front]	[1546.8583, 1533.0590]
19   	12725.39    	0.030   	1.0000  	[21.7, 21.7]	[left, right]	[1306.3296, 1294.8452]
20   	8686.22     	0.013   	1.0000  	[21.7, 21.7]	[left, right]	[1241.6716, 1237.6403]
21   	6622.01     	0.009   	1.0000  	[21.7, 21.7]	[left, right]	[1249.7086, 1257.6471]
22   	6037.26     	0.008   	1.0000  	[21.7, 21.7]	[left, right]	[1266.7138, 1269.1438]
23   	5879.99     	0.008   	1.0000  	[21.7, 21.7]	[left, right]	[1408.0107, 1421.9172]
24   	5854.14     	0.008   	1.0000  	[21.7, 21.7]	[left, right]	[1526.6206, 1525.9777]
25   	5802.64     	0.008   	1.0000  	[21.7, 21.7]	[left, right]	[1529.1117, 1539.3863]
26   	5586.25     	0.007   	1.0000  	[21.7, 21.7]	[left, right]	[1543.4739, 1542.5602]
27   	4701.40     	0.007   	1.0000  	[21.7, 21.7]	[back, back]	[1450.5190, 1451.8892]
28   	4630.76     	0.006   	1.0000  	[21.7, 21.7]	[back, back]	[1477.4884, 1475.3994]
29   	4589.09     	0.005   	1.0000  	[21.7, 21.7]	[back, back]	[1524.1350, 1511.0502]
30   	4593.55     	0.005   	1.0000  	[21.7, 21.7]	[back, back]	[1538.1732, 1522.7676]
31   	4581.99     	0.005   	1.0000  	[21.7, 21.7]	[back, back]	[1550.0153, 1527.6121]
32   	4577.99     	0.005   	1.0000  	[21.7, 21.7]	[back, back]	[1560.3922, 1522.5627]
33   	4519.86     	0.005   	1.0000  	[21.7, 21.7]	[back, back]	[1545.2409, 1524.6477]
34   	4316.23     	0.004   	1.0000  	[21.7, 21.7]	[back, back]	[1532.8681, 1530.7044]
35   	3755.09     	0.004   	1.0000  	[21.7, 21.7]	[hover, hover]	[791.2589, 811.7946]
36   	3385.88     	0.003   	1.0000  	[21.7, 21.7]	[right, left]	[351.5780, 369.6456]
37   	3112.09     	0.002   	1.0000  	[21.7, 21.7]	[left, right]	[132.6629, 148.9551]
38   	3073.77     	0.002   	1.0000  	[21.7, 21.7]	[right, left]	[81.8612, 89.0685]
39   	3054.86     	0.002   	1.0000  	[21.7, 21.7]	[right, right]	[52.5370, 55.1085]
40   	3045.27     	0.002   	1.0000  	[21.7, 21.7]	[right, left]	[41.6141, 46.8042]
41   	3041.18     	0.002   	1.0000  	[21.7, 21.7]	[right, left]	[37.7208, 40.8949]
42   	3033.50     	0.002   	1.0000  	[21.7, 21.7]	[right, left]	[33.8631, 35.9731]
43   	3029.90     	0.002   	1.0000  	[21.7, 21.7]	[left, left]	[31.6828, 34.2884]
44   	3029.57     	0.002   	1.0000  	[21.7, 21.7]	[right, left]	[31.9331, 32.1105]
45   	3030.20     	0.002   	1.0000  	[21.7, 21.7]	[hover, front]	[30.8641, 31.3445]
46   	3027.01     	0.002   	1.0000  	[21.7, 21.7]	[hover, front]	[30.0995, 30.8674]
47   	3027.38     	0.002   	1.0000  	[21.7, 21.7]	[hover, left]	[29.3058, 31.1733]
48   	3027.30     	0.002   	1.0000  	[21.7, 21.7]	[hover, front]	[28.5447, 30.5247]
49   	3023.37     	0.002   	1.0000  	[21.7, 21.7]	[left, left]	[28.1858, 30.9266]
50   	3026.22     	0.002   	1.0000  	[21.7, 21.7]	[left, front]	[28.4911, 32.0170]
51   	3028.54     	0.002   	1.0000  	[21.7, 21.7]	[front, left]	[28.6538, 32.3217]
52   	3029.31     	0.002   	1.0000  	[21.7, 21.7]	[left, front]	[29.7307, 35.0702]
53   	3020.81     	0.002   	1.0000  	[21.7, 21.7]	[front, front]	[29.9170, 39.9714]
54   	3013.78     	0.002   	1.0000  	[21.7, 21.7]	[left, front]	[30.5934, 67.6884]
55   	2966.84     	0.002   	1.0000  	[21.7, 21.7]	[left, front]	[31.6201, 133.1719]
56   	2720.97     	0.002   	1.0000  	[21.7, 21.7]	[back, hover]	[32.8660, 66.0988]
57   	2620.68     	0.002   	1.0000  	[21.7, 21.7]	[back, hover]	[35.5565, 38.1833]
58   	2590.44     	0.002   	1.0000  	[21.7, 21.7]	[hover, hover]	[30.3493, 30.7450]
59   	2580.04     	0.002   	1.0000  	[21.7, 21.7]	[front, hover]	[28.5029, 28.0163]
60   	2577.51     	0.002   	1.0000  	[21.7, 21.7]	[front, hover]	[28.8995, 27.5254]
61   	2569.92     	0.002   	1.0000  	[21.7, 21.7]	[front, right]	[30.3528, 26.7814]
62   	2571.20     	0.002   	1.0000  	[21.7, 21.7]	[front, right]	[31.5961, 26.9947]
63   	2565.84     	0.002   	1.0000  	[21.7, 21.7]	[front, right]	[32.9870, 27.9893]
64   	2566.94     	0.002   	1.0000  	[21.7, 21.7]	[front, right]	[41.6542, 29.2418]
65   	2566.59     	0.002   	1.0000  	[21.7, 21.7]	[front, right]	[70.4379, 30.0888]
66   	2558.55     	0.002   	1.0000  	[21.7, 21.7]	[front, right]	[137.3582, 37.4352]
67   	2549.48     	0.002   	1.0000  	[21.7, 21.7]	[hover, right]	[68.9396, 70.0674]
68   	2496.52     	0.002   	1.0000  	[21.7, 21.7]	[hover, right]	[40.8336, 141.1121]
69   	2235.54     	0.001   	1.0000  	[21.7, 21.7]	[hover, hover]	[33.2743, 69.3626]
70   	2144.44     	0.001   	1.0000  	[21.7, 21.7]	[hover, hover]	[30.2286, 40.6610]
71   	2108.30     	0.001   	1.0000  	[21.7, 21.7]	[hover, hover]	[28.2449, 32.7715]
72   	2099.39     	0.001   	1.0000  	[21.7, 21.7]	[right, hover]	[27.1641, 30.7334]
73   	2097.47     	0.001   	1.0000  	[21.7, 21.7]	[right, hover]	[28.0863, 29.8505]
74   	2090.34     	0.001   	1.0000  	[21.7, 21.7]	[right, back]	[27.5642, 28.8650]
75   	2086.57     	0.001   	1.0000  	[21.7, 21.7]	[right, front]	[27.8371, 27.6196]
76   	2081.73     	0.001   	1.0000  	[21.7, 21.7]	[right, hover]	[30.0408, 27.4267]
77   	2080.20     	0.001   	1.0000  	[21.7, 21.7]	[right, hover]	[38.2598, 27.2335]
78   	2077.88     	0.001   	1.0000  	[21.7, 21.7]	[right, hover]	[59.0830, 26.7865]
79   	2077.44     	0.001   	1.0000  	[21.7, 21.7]	[up, down]	[70.3454, 26.2694]
80   	2074.51     	0.001   	1.0000  	[27.1, 16.2]	[back, up]	[48.8534, 26.2448]
81   	2073.22     	0.001   	1.0000  	[27.1, 21.7]	[hover, left]	[31.5354, 26.5571]
82   	2072.95     	0.001   	1.0000  	[27.1, 21.7]	[down, hover]	[27.2589, 25.8906]
83   	2070.71     	0.001   	1.0000  	[21.7, 21.7]	[right, hover]	[28.5186, 25.8075]
84   	2070.94     	0.001   	1.0000  	[21.7, 21.7]	[front, back]	[32.9469, 25.9160]
85   	2069.94     	0.001   	1.0000  	[21.7, 21.7]	[hover, back]	[28.5185, 25.7879]
86   	2067.82     	0.001   	1.0000  	[21.7, 21.7]	[hover, back]	[26.9332, 25.9847]
87   	2069.35     	0.001   	1.0000  	[21.7, 21.7]	[hover, front]	[26.5529, 26.2000]
88   	2068.55     	0.001   	1.0000  	[21.7, 21.7]	[back, back]	[26.5048, 26.0235]
89   	2068.06     	0.001   	1.0000  	[21.7, 21.7]	[back, front]	[26.8212, 25.7603]
90   	2067.30     	0.001   	1.0000  	[21.7, 21.7]	[back, back]	[26.6288, 25.9473]
91   	2065.00     	0.001   	1.0000  	[21.7, 21.7]	[hover, hover]	[26.4168, 26.1813]
92   	2066.39     	0.001   	1.0000  	[21.7, 21.7]	[hover, hover]	[26.3302, 25.9141]
93   	2064.75     	0.001   	1.0000  	[21.7, 21.7]	[front, hover]	[26.3441, 25.7796]
94   	2064.46     	0.001   	1.0000  	[21.7, 21.7]	[hover, back]	[26.1842, 25.5981]
95   	2065.48     	0.001   	1.0000  	[21.7, 21.7]	[hover, back]	[25.9409, 25.6369]
96   	2064.19     	0.001   	1.0000  	[21.7, 21.7]	[left, back]	[25.8307, 26.7070]
97   	2061.82     	0.001   	1.0000  	[21.7, 21.7]	[back, back]	[25.5728, 28.6693]
98   	2060.52     	0.001   	1.0000  	[21.7, 21.7]	[hover, right]	[25.4407, 30.2689]
99   	2059.84     	0.001   	1.0000  	[21.7, 21.7]	[hover, back]	[25.4992, 31.5273]
[2025-12-11T10:43:23]
Strategy: greedy_ig
Pairwise: biased
Num agents: 2
Iteration: 3
Error margin: None
Gaussian radius 4 
Grid info: range: 0-50-50, cell_size:0.125, map shape: (400, 400), center:True
init UAV positions: [(-25.0, 25.0, 5.4), (25.0, 25.0, 5.4)]
mcts_params: {}
Step	Entropy	MSE	Coverage	Heights	Actions	IGs
------------------------------------------------------------------------------------------------------------------------
0    	158805.66   	0.435   	0.0078  	[5.4, 5.4]	[up, up]	[762.1469, 759.8292]
1    	155574.86   	0.438   	0.0312  	[10.8, 10.8]	[up, up]	[903.5517, 896.1341]
2    	150998.93   	0.444   	0.0703  	[16.2, 16.2]	[up, up]	[885.6158, 886.2037]
3    	145656.66   	0.441   	0.1250  	[21.7, 21.7]	[right, back]	[883.5744, 879.0991]
4    	140583.52   	0.422   	0.1562  	[21.7, 21.7]	[back, left]	[914.9191, 920.7158]
5    	134556.25   	0.412   	0.1953  	[21.7, 21.7]	[back, left]	[941.0047, 944.3896]
6    	128566.16   	0.399   	0.2344  	[21.7, 21.7]	[right, back]	[1050.5561, 1047.9384]
7    	121904.40   	0.378   	0.2812  	[21.7, 21.7]	[right, back]	[1116.8827, 1120.2608]
8    	114774.43   	0.355   	0.3281  	[21.7, 21.7]	[back, left]	[1222.8234, 1243.9610]
9    	106950.53   	0.333   	0.3828  	[21.7, 21.7]	[back, left]	[1296.1740, 1316.4808]
10   	98664.69    	0.309   	0.4375  	[21.7, 21.7]	[right, back]	[1421.1774, 1432.2332]
11   	89525.20    	0.276   	0.5000  	[21.7, 21.7]	[back, back]	[1433.0429, 1465.4616]
12   	80571.63    	0.231   	0.5625  	[21.7, 21.7]	[back, back]	[1483.7358, 1513.6393]
13   	71196.89    	0.179   	0.6250  	[21.7, 21.7]	[back, back]	[1518.6164, 1536.2847]
14   	61506.44    	0.129   	0.6875  	[21.7, 21.7]	[back, back]	[1533.4103, 1535.9336]
15   	51809.52    	0.092   	0.7500  	[21.7, 21.7]	[back, back]	[1555.1077, 1538.5433]
16   	41950.80    	0.059   	0.8125  	[21.7, 21.7]	[back, back]	[1562.3033, 1527.7099]
17   	32052.10    	0.041   	0.8750  	[21.7, 21.7]	[back, back]	[1566.4535, 1522.6693]
18   	22375.35    	0.031   	0.9375  	[21.7, 21.7]	[back, back]	[1567.3596, 1546.4144]
19   	12396.20    	0.029   	1.0000  	[21.7, 21.7]	[right, left]	[1315.7454, 1301.2582]
20   	8378.98     	0.013   	1.0000  	[21.7, 21.7]	[right, left]	[1237.9720, 1245.8788]
21   	6281.73     	0.008   	1.0000  	[21.7, 21.7]	[right, left]	[1245.0180, 1259.5975]
22   	5739.31     	0.008   	1.0000  	[21.7, 21.7]	[right, left]	[1254.0887, 1275.8348]
23   	5588.25     	0.007   	1.0000  	[21.7, 21.7]	[right, left]	[1408.3701, 1411.9319]
24   	5563.04     	0.007   	1.0000  	[21.7, 21.7]	[right, left]	[1537.8469, 1544.8953]
25   	5484.62     	0.007   	1.0000  	[21.7, 21.7]	[right, left]	[1562.5719, 1567.3283]
26   	5209.09     	0.007   	1.0000  	[21.7, 21.7]	[right, left]	[1545.7894, 1569.2636]
27   	4350.63     	0.006   	1.0000  	[21.7, 21.7]	[front, front]	[1442.2762, 1469.3228]
28   	4257.01     	0.005   	1.0000  	[21.7, 21.7]	[front, front]	[1462.8384, 1488.9669]
29   	4217.58     	0.004   	1.0000  	[21.7, 21.7]	[front, front]	[1479.2491, 1530.5928]
30   	4207.84     	0.004   	1.0000  	[21.7, 21.7]	[front, front]	[1517.5025, 1555.0556]
31   	4212.49     	0.004   	1.0000  	[21.7, 21.7]	[front, front]	[1526.6769, 1557.5245]
32   	4212.34     	0.004   	1.0000  	[21.7, 21.7]	[front, front]	[1544.7164, 1550.4292]
33   	4188.58     	0.004   	1.0000  	[21.7, 21.7]	[front, front]	[1549.4677, 1544.4784]
34   	4064.72     	0.004   	1.0000  	[21.7, 21.7]	[front, front]	[1540.5339, 1562.3839]
35   	3651.67     	0.003   	1.0000  	[21.7, 21.7]	[hover, hover]	[798.2802, 810.0186]
36   	3357.82     	0.003   	1.0000  	[21.7, 21.7]	[left, hover]	[366.6805, 309.4933]
37   	3176.65     	0.003   	1.0000  	[21.7, 21.7]	[right, right]	[145.2849, 124.2515]
38   	3119.81     	0.002   	1.0000  	[21.7, 21.7]	[left, right]	[88.6543, 61.4321]
39   	3105.03     	0.002   	1.0000  	[21.7, 21.7]	[right, left]	[53.4069, 40.8327]
40   	3100.07     	0.003   	1.0000  	[21.7, 21.7]	[left, left]	[42.4277, 44.1071]
41   	3092.78     	0.002   	1.0000  	[21.7, 21.7]	[left, hover]	[37.4564, 33.0710]
42   	3087.89     	0.002   	1.0000  	[21.7, 21.7]	[left, back]	[33.7003, 30.7989]
43   	3085.37     	0.002   	1.0000  	[21.7, 21.7]	[left, back]	[31.7873, 32.1264]
44   	3085.51     	0.002   	1.0000  	[21.7, 21.7]	[left, back]	[30.6317, 34.2256]
45   	3084.59     	0.002   	1.0000  	[21.7, 21.7]	[left, back]	[30.2675, 34.8453]
46   	3082.80     	0.002   	1.0000  	[21.7, 21.7]	[left, back]	[30.0852, 38.3377]
47   	3080.68     	0.002   	1.0000  	[21.7, 21.7]	[back, back]	[29.6452, 45.9259]
48   	3078.74     	0.002   	1.0000  	[21.7, 21.7]	[back, back]	[29.9442, 75.3372]
49   	3030.49     	0.002   	1.0000  	[21.7, 21.7]	[back, back]	[33.1354, 146.5167]
50   	2783.51     	0.002   	1.0000  	[21.7, 21.7]	[back, hover]	[32.9816, 78.9815]
51   	2668.12     	0.002   	1.0000  	[21.7, 21.7]	[back, hover]	[33.1922, 46.8595]
52   	2618.74     	0.002   	1.0000  	[21.7, 21.7]	[left, hover]	[36.4810, 33.9180]
53   	2603.11     	0.002   	1.0000  	[21.7, 21.7]	[back, hover]	[43.7076, 31.1872]
54   	2597.86     	0.002   	1.0000  	[21.7, 21.7]	[back, hover]	[61.2434, 29.3476]
55   	2598.99     	0.002   	1.0000  	[21.7, 21.7]	[up, right]	[69.5399, 29.1252]
56   	2593.28     	0.002   	1.0000  	[27.1, 21.7]	[right, right]	[44.5008, 28.4429]
57   	2588.77     	0.002   	1.0000  	[27.1, 21.7]	[hover, right]	[30.1157, 28.6370]
58   	2584.86     	0.002   	1.0000  	[27.1, 21.7]	[down, right]	[28.6709, 32.2732]
59   	2584.88     	0.002   	1.0000  	[21.7, 21.7]	[left, right]	[29.4702, 35.8644]
60   	2581.28     	0.002   	1.0000  	[21.7, 21.7]	[back, right]	[30.4223, 43.8783]
61   	2571.33     	0.002   	1.0000  	[21.7, 21.7]	[hover, right]	[29.1835, 73.0235]
62   	2522.74     	0.002   	1.0000  	[21.7, 21.7]	[front, right]	[28.2046, 149.6731]
63   	2263.71     	0.002   	1.0000  	[21.7, 21.7]	[front, hover]	[28.2938, 74.2344]
64   	2148.27     	0.001   	1.0000  	[21.7, 21.7]	[hover, hover]	[27.6251, 42.0333]
65   	2099.86     	0.001   	1.0000  	[21.7, 21.7]	[hover, hover]	[27.1975, 33.0093]
66   	2088.40     	0.001   	1.0000  	[21.7, 21.7]	[hover, hover]	[27.1205, 29.8467]
67   	2085.05     	0.001   	1.0000  	[21.7, 21.7]	[front, front]	[26.9524, 28.6203]
68   	2082.08     	0.001   	1.0000  	[21.7, 21.7]	[front, hover]	[27.6638, 28.3448]
69   	2081.02     	0.001   	1.0000  	[21.7, 21.7]	[front, back]	[27.6389, 27.7728]
70   	2078.55     	0.001   	1.0000  	[21.7, 21.7]	[hover, hover]	[27.8073, 27.3158]
71   	2079.25     	0.001   	1.0000  	[21.7, 21.7]	[hover, hover]	[27.7789, 27.3139]
72   	2071.93     	0.001   	1.0000  	[21.7, 21.7]	[hover, hover]	[27.6149, 26.8425]
73   	2069.05     	0.001   	1.0000  	[21.7, 21.7]	[hover, hover]	[27.3738, 26.3651]
74   	2069.01     	0.001   	1.0000  	[21.7, 21.7]	[hover, hover]	[27.0824, 26.2606]
75   	2071.22     	0.001   	1.0000  	[21.7, 21.7]	[hover, hover]	[26.8368, 26.2473]
76   	2067.84     	0.001   	1.0000  	[21.7, 21.7]	[hover, front]	[26.4751, 25.9044]
77   	2065.99     	0.001   	1.0000  	[21.7, 21.7]	[hover, left]	[26.1494, 26.1161]
78   	2066.40     	0.001   	1.0000  	[21.7, 21.7]	[right, front]	[26.0296, 26.0319]
79   	2068.85     	0.001   	1.0000  	[21.7, 21.7]	[right, front]	[25.9048, 26.1325]
80   	2065.60     	0.001   	1.0000  	[21.7, 21.7]	[left, front]	[25.8596, 26.6482]
81   	2063.98     	0.001   	1.0000  	[21.7, 21.7]	[hover, front]	[26.1290, 29.4214]
82   	2062.91     	0.001   	1.0000  	[21.7, 21.7]	[hover, front]	[25.7655, 30.3045]
83   	2062.02     	0.001   	1.0000  	[21.7, 21.7]	[hover, front]	[25.9366, 31.2426]
84   	2060.51     	0.001   	1.0000  	[21.7, 21.7]	[right, front]	[26.0176, 30.8415]
85   	2061.59     	0.001   	1.0000  	[21.7, 21.7]	[front, hover]	[25.6786, 29.3555]
86   	2058.51     	0.001   	1.0000  	[21.7, 21.7]	[right, hover]	[25.4863, 28.5039]
87   	2062.39     	0.001   	1.0000  	[21.7, 21.7]	[right, right]	[25.4728, 27.9439]
88   	2061.12     	0.001   	1.0000  	[21.7, 21.7]	[right, left]	[25.9481, 27.2878]
89   	2060.64     	0.001   	1.0000  	[21.7, 21.7]	[front, hover]	[26.1930, 27.1868]
90   	2057.06     	0.001   	1.0000  	[21.7, 21.7]	[right, back]	[26.2553, 27.1968]
91   	2056.09     	0.001   	1.0000  	[21.7, 21.7]	[front, back]	[26.0673, 26.8043]
92   	2055.05     	0.001   	1.0000  	[21.7, 21.7]	[right, right]	[27.2403, 26.6413]
93   	2054.37     	0.001   	1.0000  	[21.7, 21.7]	[right, left]	[30.1528, 26.6673]
94   	2053.31     	0.001   	1.0000  	[21.7, 21.7]	[hover, hover]	[27.1677, 26.8657]
95   	2058.15     	0.001   	1.0000  	[21.7, 21.7]	[hover, hover]	[26.4750, 26.2783]
96   	2053.89     	0.001   	1.0000  	[21.7, 21.7]	[hover, hover]	[26.2909, 26.7793]
97   	2054.38     	0.001   	1.0000  	[21.7, 21.7]	[hover, hover]	[26.0975, 26.5576]
98   	2052.69     	0.001   	1.0000  	[21.7, 21.7]	[back, hover]	[26.1249, 26.6365]
99   	2054.25     	0.001   	1.0000  	[21.7, 21.7]	[back, hover]	[25.9169, 26.3133]
[2025-12-11T10:43:30]
Strategy: greedy_ig
Pairwise: biased
Num agents: 2
Iteration: 4
Error margin: None
Gaussian radius 4 
Grid info: range: 0-50-50, cell_size:0.125, map shape: (400, 400), center:True
init UAV positions: [(-25.0, -25.0, 5.4), (25.0, -25.0, 5.4)]
mcts_params: {}
Step	Entropy	MSE	Coverage	Heights	Actions	IGs
------------------------------------------------------------------------------------------------------------------------
0    	158805.66   	0.435   	0.0078  	[5.4, 5.4]	[up, up]	[762.1469, 759.8292]
1    	155595.94   	0.437   	0.0312  	[10.8, 10.8]	[up, up]	[909.4220, 895.7196]
2    	151052.37   	0.431   	0.0703  	[16.2, 16.2]	[up, up]	[887.3741, 889.4567]
3    	145732.80   	0.415   	0.1250  	[21.7, 21.7]	[front, front]	[889.5503, 882.7443]
4    	140620.62   	0.394   	0.1562  	[21.7, 21.7]	[right, left]	[927.0414, 911.4654]
5    	134590.55   	0.380   	0.1953  	[21.7, 21.7]	[right, front]	[952.7998, 938.4697]
6    	128617.62   	0.362   	0.2344  	[21.7, 21.7]	[front, left]	[1058.6879, 1046.5854]
7    	121809.66   	0.336   	0.2812  	[21.7, 21.7]	[front, front]	[1111.3746, 1115.4276]
8    	114879.09   	0.296   	0.3281  	[21.7, 21.7]	[right, left]	[1237.6146, 1247.1274]
9    	107041.03   	0.283   	0.3828  	[21.7, 21.7]	[right, left]	[1313.3754, 1323.4226]
10   	98828.76    	0.253   	0.4375  	[21.7, 21.7]	[front, front]	[1438.3143, 1445.3863]
11   	89657.62    	0.208   	0.5000  	[21.7, 21.7]	[front, front]	[1478.4974, 1465.1621]
12   	80509.95    	0.163   	0.5625  	[21.7, 21.7]	[front, front]	[1516.3185, 1501.6847]
13   	70931.00    	0.123   	0.6250  	[21.7, 21.7]	[front, front]	[1536.7501, 1515.6853]
14   	61281.78    	0.085   	0.6875  	[21.7, 21.7]	[front, front]	[1553.8671, 1521.3534]
15   	51468.63    	0.050   	0.7500  	[21.7, 21.7]	[front, front]	[1557.9325, 1532.8183]
16   	41689.18    	0.028   	0.8125  	[21.7, 21.7]	[front, front]	[1554.3546, 1544.4998]
17   	31796.23    	0.029   	0.8750  	[21.7, 21.7]	[front, front]	[1554.1924, 1537.3916]
18   	21845.33    	0.028   	0.9375  	[21.7, 21.7]	[front, front]	[1540.8971, 1536.4330]
19   	11961.49    	0.029   	1.0000  	[21.7, 21.7]	[right, left]	[1296.0167, 1298.0324]
20   	7970.14     	0.012   	1.0000  	[21.7, 21.7]	[right, left]	[1227.1125, 1233.2428]
21   	5885.60     	0.008   	1.0000  	[21.7, 21.7]	[right, left]	[1243.2428, 1247.7392]
22   	5327.62     	0.007   	1.0000  	[21.7, 21.7]	[right, left]	[1253.1983, 1263.7002]
23   	5196.02     	0.007   	1.0000  	[21.7, 21.7]	[right, left]	[1407.8455, 1405.2425]
24   	5179.12     	0.007   	1.0000  	[21.7, 21.7]	[right, left]	[1533.3344, 1536.6700]
25   	5127.68     	0.007   	1.0000  	[21.7, 21.7]	[right, left]	[1556.0052, 1556.8370]
26   	4860.55     	0.007   	1.0000  	[21.7, 21.7]	[right, left]	[1541.4811, 1560.9183]
27   	3998.42     	0.005   	1.0000  	[21.7, 21.7]	[back, back]	[1442.3036, 1461.8515]
28   	3883.92     	0.004   	1.0000  	[21.7, 21.7]	[back, back]	[1478.6326, 1501.7872]
29   	3822.90     	0.004   	1.0000  	[21.7, 21.7]	[back, back]	[1524.2481, 1527.6902]
30   	3813.80     	0.004   	1.0000  	[21.7, 21.7]	[back, back]	[1520.7292, 1543.3286]
31   	3818.25     	0.004   	1.0000  	[21.7, 21.7]	[back, back]	[1523.6894, 1554.8320]
32   	3817.44     	0.004   	1.0000  	[21.7, 21.7]	[back, back]	[1532.6844, 1550.6127]
33   	3809.27     	0.004   	1.0000  	[21.7, 21.7]	[back, back]	[1526.0004, 1545.2772]
34   	3745.17     	0.003   	1.0000  	[21.7, 21.7]	[back, back]	[1528.3175, 1537.8059]
35   	3482.04     	0.003   	1.0000  	[21.7, 21.7]	[hover, hover]	[797.3895, 808.6936]
36   	3257.73     	0.003   	1.0000  	[21.7, 21.7]	[hover, hover]	[315.1629, 324.6492]
37   	3127.82     	0.002   	1.0000  	[21.7, 21.7]	[left, right]	[141.8045, 142.0005]
38   	3064.62     	0.002   	1.0000  	[21.7, 21.7]	[left, right]	[70.6969, 72.9926]
39   	3046.78     	0.002   	1.0000  	[21.7, 21.7]	[right, right]	[48.9739, 46.0207]
40   	3040.91     	0.002   	1.0000  	[21.7, 21.7]	[right, left]	[48.1420, 39.1893]
41   	3034.61     	0.002   	1.0000  	[21.7, 21.7]	[hover, left]	[37.6038, 38.6108]
42   	3031.18     	0.002   	1.0000  	[21.7, 21.7]	[left, left]	[34.8576, 42.0929]
43   	3026.03     	0.002   	1.0000  	[21.7, 21.7]	[left, hover]	[35.1284, 33.4598]
44   	3023.08     	0.002   	1.0000  	[21.7, 21.7]	[left, front]	[32.6003, 32.0834]
45   	3013.24     	0.002   	1.0000  	[21.7, 21.7]	[left, front]	[32.1467, 32.9441]
46   	3017.50     	0.002   	1.0000  	[21.7, 21.7]	[hover, front]	[30.8877, 34.2006]
47   	3016.68     	0.002   	1.0000  	[21.7, 21.7]	[left, front]	[29.7939, 34.2073]
48   	3014.26     	0.002   	1.0000  	[21.7, 21.7]	[front, front]	[29.1033, 36.9012]
49   	3013.51     	0.002   	1.0000  	[21.7, 21.7]	[left, front]	[29.3704, 45.4817]
50   	3008.27     	0.002   	1.0000  	[21.7, 21.7]	[left, front]	[29.7347, 68.6541]
51   	2960.20     	0.002   	1.0000  	[21.7, 21.7]	[front, front]	[30.1255, 139.8251]
52   	2697.51     	0.002   	1.0000  	[21.7, 21.7]	[front, hover]	[30.4135, 64.5831]
53   	2589.01     	0.002   	1.0000  	[21.7, 21.7]	[front, hover]	[32.0439, 38.9483]
54   	2558.97     	0.002   	1.0000  	[21.7, 21.7]	[left, hover]	[34.0268, 31.3446]
55   	2540.66     	0.002   	1.0000  	[21.7, 21.7]	[front, right]	[36.8131, 29.2525]
56   	2543.21     	0.002   	1.0000  	[21.7, 21.7]	[front, back]	[41.6780, 28.8248]
57   	2542.40     	0.002   	1.0000  	[21.7, 21.7]	[front, back]	[67.1475, 27.9983]
58   	2539.38     	0.002   	1.0000  	[21.7, 21.7]	[front, back]	[137.0177, 29.5280]
59   	2535.27     	0.002   	1.0000  	[21.7, 21.7]	[hover, back]	[72.0077, 28.7686]
60   	2532.76     	0.002   	1.0000  	[21.7, 21.7]	[hover, left]	[43.4354, 28.7934]
61   	2535.20     	0.002   	1.0000  	[21.7, 21.7]	[hover, hover]	[31.4087, 28.6306]
62   	2532.21     	0.002   	1.0000  	[21.7, 21.7]	[hover, hover]	[28.1245, 28.3556]
63   	2530.53     	0.002   	1.0000  	[21.7, 21.7]	[right, right]	[27.5012, 27.6791]
64   	2528.54     	0.002   	1.0000  	[21.7, 21.7]	[right, hover]	[27.3389, 27.7369]
65   	2526.88     	0.002   	1.0000  	[21.7, 21.7]	[right, left]	[28.0722, 27.6213]
66   	2523.11     	0.002   	1.0000  	[21.7, 21.7]	[right, back]	[29.0236, 27.5623]
67   	2521.84     	0.002   	1.0000  	[21.7, 21.7]	[right, hover]	[29.9575, 27.3989]
68   	2519.06     	0.002   	1.0000  	[21.7, 21.7]	[right, front]	[35.2515, 27.0741]
69   	2511.97     	0.002   	1.0000  	[21.7, 21.7]	[right, hover]	[66.0752, 26.7796]
70   	2460.21     	0.002   	1.0000  	[21.7, 21.7]	[right, hover]	[132.9399, 26.6367]
71   	2236.01     	0.002   	1.0000  	[21.7, 21.7]	[hover, hover]	[64.0727, 26.5699]
72   	2129.82     	0.001   	1.0000  	[21.7, 21.7]	[hover, hover]	[36.5741, 26.3218]
73   	2100.17     	0.001   	1.0000  	[21.7, 21.7]	[hover, hover]	[29.5855, 26.1020]
74   	2091.13     	0.001   	1.0000  	[21.7, 21.7]	[hover, back]	[27.6269, 26.1750]
75   	2085.64     	0.001   	1.0000  	[21.7, 21.7]	[hover, back]	[26.8615, 26.4077]
76   	2082.84     	0.001   	1.0000  	[21.7, 21.7]	[left, right]	[26.4426, 27.2216]
77   	2081.99     	0.001   	1.0000  	[21.7, 21.7]	[back, right]	[26.2787, 28.1890]
78   	2080.08     	0.001   	1.0000  	[21.7, 21.7]	[back, back]	[26.9574, 28.9775]
79   	2080.17     	0.001   	1.0000  	[21.7, 21.7]	[hover, right]	[26.8339, 29.2945]
80   	2078.72     	0.001   	1.0000  	[21.7, 21.7]	[hover, right]	[26.4191, 29.1425]
81   	2074.74     	0.001   	1.0000  	[21.7, 21.7]	[hover, back]	[26.5258, 30.4546]
82   	2075.30     	0.001   	1.0000  	[21.7, 21.7]	[back, right]	[26.4588, 30.6556]
83   	2072.03     	0.001   	1.0000  	[21.7, 21.7]	[front, hover]	[26.3904, 29.7824]
84   	2076.59     	0.001   	1.0000  	[21.7, 21.7]	[hover, hover]	[25.9039, 29.0351]
85   	2074.34     	0.001   	1.0000  	[21.7, 21.7]	[hover, hover]	[25.7178, 28.0159]
86   	2075.04     	0.001   	1.0000  	[21.7, 21.7]	[hover, hover]	[25.6217, 27.4555]
87   	2074.54     	0.001   	1.0000  	[21.7, 21.7]	[back, hover]	[25.6209, 26.9602]
88   	2071.91     	0.001   	1.0000  	[21.7, 21.7]	[hover, hover]	[25.5800, 26.8429]
89   	2072.77     	0.001   	1.0000  	[21.7, 21.7]	[right, hover]	[25.6399, 26.5206]
90   	2073.03     	0.001   	1.0000  	[21.7, 21.7]	[front, hover]	[25.7212, 26.4592]
91   	2076.92     	0.001   	1.0000  	[21.7, 21.7]	[back, right]	[25.6552, 26.1128]
92   	2076.64     	0.001   	1.0000  	[21.7, 21.7]	[hover, right]	[25.5421, 27.0113]
93   	2078.34     	0.001   	1.0000  	[21.7, 21.7]	[hover, right]	[25.5570, 27.4140]
94   	2075.94     	0.001   	1.0000  	[21.7, 21.7]	[hover, hover]	[25.4504, 27.0012]
95   	2077.33     	0.001   	1.0000  	[21.7, 21.7]	[hover, hover]	[25.4303, 26.8555]
96   	2074.90     	0.001   	1.0000  	[21.7, 21.7]	[hover, hover]	[25.4300, 26.5141]
97   	2078.44     	0.001   	1.0000  	[21.7, 21.7]	[hover, left]	[25.5232, 26.3181]
98   	2077.47     	0.001   	1.0000  	[21.7, 21.7]	[hover, hover]	[25.4831, 26.2702]
99   	2075.47     	0.001   	1.0000  	[21.7, 21.7]	[hover, right]	[25.4722, 25.9444]
[2025-12-11T10:43:36]
Strategy: greedy_ig
Pairwise: biased
Num agents: 2
Iteration: 5
Error margin: None
Gaussian radius 4 
Grid info: range: 0-50-50, cell_size:0.125, map shape: (400, 400), center:True
init UAV positions: [(-25.0, -25.0, 5.4), (25.0, 25.0, 5.4)]
mcts_params: {}
Step	Entropy	MSE	Coverage	Heights	Actions	IGs
------------------------------------------------------------------------------------------------------------------------
0    	158805.66   	0.435   	0.0078  	[5.4, 5.4]	[up, up]	[762.1469, 759.8292]
1    	155590.45   	0.438   	0.0312  	[10.8, 10.8]	[up, up]	[909.4220, 896.1341]
2    	151023.03   	0.444   	0.0703  	[16.2, 16.2]	[up, up]	[887.3741, 886.2037]
3    	145707.58   	0.440   	0.1250  	[21.7, 21.7]	[front, back]	[889.5503, 879.0991]
4    	140665.51   	0.420   	0.1562  	[21.7, 21.7]	[right, left]	[927.0414, 920.7158]
5    	134635.40   	0.413   	0.1953  	[21.7, 21.7]	[right, left]	[952.7998, 944.3896]
6    	128620.05   	0.407   	0.2344  	[21.7, 21.7]	[front, back]	[1058.6879, 1047.9384]
7    	121836.29   	0.369   	0.2812  	[21.7, 21.7]	[front, back]	[1111.3746, 1120.2608]
8    	114853.21   	0.328   	0.3281  	[21.7, 21.7]	[right, left]	[1237.6146, 1243.9610]
9    	107020.35   	0.316   	0.3828  	[21.7, 21.7]	[right, left]	[1313.3754, 1316.4808]
10   	98732.80    	0.293   	0.4375  	[21.7, 21.7]	[front, back]	[1438.3143, 1432.2332]
11   	89582.85    	0.248   	0.5000  	[21.7, 21.7]	[front, back]	[1478.4974, 1465.4616]
12   	80474.75    	0.203   	0.5625  	[21.7, 21.7]	[front, back]	[1516.3185, 1513.6393]
13   	70944.15    	0.163   	0.6250  	[21.7, 21.7]	[front, back]	[1536.7501, 1536.2847]
14   	61248.25    	0.125   	0.6875  	[21.7, 21.7]	[front, back]	[1553.8671, 1535.9336]
15   	51470.11    	0.089   	0.7500  	[21.7, 21.7]	[front, back]	[1557.9325, 1538.5433]
16   	41533.48    	0.057   	0.8125  	[21.7, 21.7]	[front, back]	[1554.3546, 1527.7099]
17   	31613.93    	0.040   	0.8750  	[21.7, 21.7]	[front, back]	[1554.1924, 1522.6693]
18   	21808.35    	0.030   	0.9375  	[21.7, 21.7]	[front, back]	[1540.8971, 1546.4144]
19   	11884.07    	0.029   	1.0000  	[21.7, 21.7]	[right, left]	[1438.9090, 1444.1506]
20   	8048.27     	0.013   	1.0000  	[21.7, 21.7]	[right, left]	[1459.9142, 1475.6558]
21   	5717.55     	0.008   	1.0000  	[21.7, 21.7]	[right, left]	[1503.6576, 1519.5694]
22   	4972.69     	0.007   	1.0000  	[21.7, 21.7]	[right, left]	[1515.7653, 1537.2635]
23   	4746.34     	0.006   	1.0000  	[21.7, 21.7]	[right, left]	[1529.5682, 1540.0466]
24   	4658.58     	0.006   	1.0000  	[21.7, 21.7]	[right, left]	[1542.5224, 1552.5705]
25   	4610.35     	0.006   	1.0000  	[21.7, 21.7]	[right, left]	[1556.4792, 1569.1384]
26   	4573.50     	0.006   	1.0000  	[21.7, 21.7]	[right, left]	[1541.5989, 1569.5477]
27   	4540.33     	0.006   	1.0000  	[21.7, 21.7]	[back, front]	[1442.3036, 1469.3228]
28   	4547.12     	0.006   	1.0000  	[21.7, 21.7]	[back, front]	[1478.6326, 1488.9669]
29   	4551.94     	0.006   	1.0000  	[21.7, 21.7]	[back, front]	[1524.2481, 1530.5928]
30   	4563.89     	0.006   	1.0000  	[21.7, 21.7]	[back, front]	[1520.7292, 1555.0556]
31   	4554.70     	0.006   	1.0000  	[21.7, 21.7]	[back, front]	[1523.6894, 1557.5245]
32   	4543.86     	0.006   	1.0000  	[21.7, 21.7]	[back, front]	[1532.6844, 1550.4292]
33   	4452.71     	0.005   	1.0000  	[21.7, 21.7]	[back, front]	[1526.0004, 1544.4784]
34   	4157.65     	0.005   	1.0000  	[21.7, 21.7]	[back, front]	[1528.3175, 1562.3839]
35   	3300.32     	0.004   	1.0000  	[21.7, 21.7]	[hover, hover]	[797.3895, 810.0186]
36   	2698.67     	0.002   	1.0000  	[21.7, 21.7]	[left, hover]	[316.3484, 309.4933]
37   	2461.64     	0.002   	1.0000  	[21.7, 21.7]	[right, right]	[142.9204, 131.1016]
38   	2293.30     	0.002   	1.0000  	[21.7, 21.7]	[left, right]	[69.7669, 63.3192]
39   	2283.03     	0.002   	1.0000  	[21.7, 21.7]	[left, hover]	[54.6068, 41.2377]
40   	2270.84     	0.002   	1.0000  	[21.7, 21.7]	[right, left]	[40.8658, 36.5909]
41   	2265.35     	0.002   	1.0000  	[21.7, 21.7]	[right, left]	[46.4223, 42.5135]
42   	2182.29     	0.002   	1.0000  	[21.7, 21.7]	[hover, hover]	[38.6908, 32.3756]
43   	2157.90     	0.001   	1.0000  	[21.7, 21.7]	[hover, back]	[34.6465, 30.4689]
44   	2154.16     	0.001   	1.0000  	[21.7, 21.7]	[left, back]	[32.5539, 31.4231]
45   	2151.25     	0.001   	1.0000  	[21.7, 21.7]	[left, back]	[33.4513, 34.5619]
46   	2140.96     	0.001   	1.0000  	[21.7, 21.7]	[left, back]	[32.3069, 34.4079]
47   	2139.27     	0.001   	1.0000  	[21.7, 21.7]	[left, back]	[32.0925, 37.9173]
48   	2144.79     	0.001   	1.0000  	[21.7, 21.7]	[hover, back]	[30.5724, 45.0798]
49   	2146.48     	0.001   	1.0000  	[21.7, 21.7]	[left, back]	[30.3266, 74.4523]
50   	2139.57     	0.001   	1.0000  	[21.7, 21.7]	[front, back]	[29.9792, 144.5507]
51   	2140.70     	0.001   	1.0000  	[21.7, 21.7]	[front, hover]	[29.4450, 76.5990]
52   	2134.22     	0.001   	1.0000  	[21.7, 21.7]	[left, hover]	[29.9127, 44.0550]
53   	2131.22     	0.001   	1.0000  	[21.7, 21.7]	[left, hover]	[30.9702, 34.5164]
54   	2131.46     	0.001   	1.0000  	[21.7, 21.7]	[front, hover]	[31.0612, 30.4133]
55   	2131.55     	0.001   	1.0000  	[21.7, 21.7]	[front, hover]	[31.5848, 30.0109]
56   	2125.41     	0.001   	1.0000  	[21.7, 21.7]	[left, hover]	[33.1713, 29.3492]
57   	2122.03     	0.001   	1.0000  	[21.7, 21.7]	[front, right]	[35.9944, 29.0711]
58   	2119.56     	0.001   	1.0000  	[21.7, 21.7]	[front, right]	[41.9629, 28.6558]
59   	2119.88     	0.001   	1.0000  	[21.7, 21.7]	[front, right]	[68.4882, 29.1873]
60   	2117.51     	0.001   	1.0000  	[21.7, 21.7]	[front, right]	[137.5192, 32.1445]
61   	2110.76     	0.001   	1.0000  	[21.7, 21.7]	[hover, right]	[70.4757, 35.9226]
62   	2112.48     	0.001   	1.0000  	[21.7, 21.7]	[hover, right]	[40.1604, 43.6667]
63   	2113.77     	0.001   	1.0000  	[21.7, 21.7]	[hover, right]	[29.5969, 73.0759]
64   	2111.92     	0.001   	1.0000  	[21.7, 21.7]	[right, right]	[27.1926, 149.0588]
65   	2103.53     	0.001   	1.0000  	[21.7, 21.7]	[right, hover]	[27.1937, 73.0651]
66   	2095.30     	0.001   	1.0000  	[21.7, 21.7]	[right, hover]	[27.9296, 41.6521]
67   	2096.04     	0.001   	1.0000  	[21.7, 21.7]	[right, hover]	[29.5528, 32.2099]
68   	2091.97     	0.001   	1.0000  	[21.7, 21.7]	[right, front]	[30.8435, 29.6492]
69   	2089.81     	0.001   	1.0000  	[21.7, 21.7]	[right, hover]	[36.0534, 29.0539]
70   	2085.99     	0.001   	1.0000  	[21.7, 21.7]	[right, left]	[66.8283, 28.3694]
71   	2082.95     	0.001   	1.0000  	[21.7, 21.7]	[right, right]	[133.8282, 27.5732]
72   	2081.10     	0.001   	1.0000  	[21.7, 21.7]	[hover, back]	[60.8067, 27.7876]
73   	2078.52     	0.001   	1.0000  	[21.7, 21.7]	[hover, hover]	[35.4492, 27.4025]
74   	2076.85     	0.001   	1.0000  	[21.7, 21.7]	[hover, hover]	[29.2395, 27.6651]
75   	2076.08     	0.001   	1.0000  	[21.7, 21.7]	[left, hover]	[27.8389, 27.2173]
76   	2071.64     	0.001   	1.0000  	[21.7, 21.7]	[right, hover]	[27.5834, 26.9131]
77   	2073.10     	0.001   	1.0000  	[21.7, 21.7]	[hover, hover]	[27.2968, 26.7230]
78   	2074.78     	0.001   	1.0000  	[21.7, 21.7]	[left, hover]	[26.8860, 26.2759]
79   	2073.25     	0.001   	1.0000  	[21.7, 21.7]	[back, left]	[26.5337, 26.0091]
80   	2071.26     	0.001   	1.0000  	[21.7, 21.7]	[back, right]	[26.5175, 25.9014]
81   	2070.79     	0.001   	1.0000  	[21.7, 21.7]	[hover, left]	[26.3834, 25.8670]
82   	2064.77     	0.001   	1.0000  	[21.7, 21.7]	[hover, hover]	[26.4114, 25.9330]
83   	2065.00     	0.001   	1.0000  	[21.7, 21.7]	[hover, hover]	[26.1850, 26.1753]
84   	2065.65     	0.001   	1.0000  	[21.7, 21.7]	[hover, right]	[25.8659, 25.7190]
85   	2063.03     	0.001   	1.0000  	[21.7, 21.7]	[hover, left]	[25.9706, 25.9602]
86   	2064.70     	0.001   	1.0000  	[21.7, 21.7]	[back, right]	[26.1155, 26.0558]
87   	2064.65     	0.001   	1.0000  	[21.7, 21.7]	[hover, hover]	[26.2417, 25.9023]
88   	2064.77     	0.001   	1.0000  	[21.7, 21.7]	[hover, left]	[25.7799, 25.8378]
89   	2062.55     	0.001   	1.0000  	[21.7, 21.7]	[hover, right]	[25.8073, 25.8876]
90   	2064.22     	0.001   	1.0000  	[21.7, 21.7]	[hover, hover]	[25.8826, 25.8902]
91   	2061.37     	0.001   	1.0000  	[21.7, 21.7]	[hover, hover]	[25.6759, 25.9541]
92   	2061.68     	0.001   	1.0000  	[21.7, 21.7]	[hover, hover]	[25.5862, 25.9363]
93   	2062.28     	0.001   	1.0000  	[21.7, 21.7]	[hover, hover]	[25.8120, 25.7442]
94   	2065.30     	0.001   	1.0000  	[21.7, 21.7]	[right, hover]	[25.5523, 25.5333]
95   	2065.25     	0.001   	1.0000  	[21.7, 21.7]	[left, hover]	[25.5699, 25.1989]
96   	2064.43     	0.001   	1.0000  	[21.7, 21.7]	[hover, hover]	[25.4759, 25.1702]
97   	2059.45     	0.001   	1.0000  	[21.7, 21.7]	[hover, hover]	[25.4083, 25.3501]
98   	2059.78     	0.001   	1.0000  	[21.7, 21.7]	[right, hover]	[25.2676, 25.2175]
99   	2057.51     	0.001   	1.0000  	[21.7, 21.7]	[front, hover]	[25.3492, 25.3326]
[2025-12-11T10:43:43]
Strategy: greedy_ig
Pairwise: biased
Num agents: 2
Iteration: 6
Error margin: None
Gaussian radius 4 
Grid info: range: 0-50-50, cell_size:0.125, map shape: (400, 400), center:True
init UAV positions: [(25.0, 25.0, 5.4), (-25.0, 25.0, 5.4)]
mcts_params: {}
Step	Entropy	MSE	Coverage	Heights	Actions	IGs
------------------------------------------------------------------------------------------------------------------------
0    	158805.66   	0.435   	0.0078  	[5.4, 5.4]	[up, up]	[762.1469, 759.8292]
1    	155592.99   	0.438   	0.0312  	[10.8, 10.8]	[up, up]	[912.7656, 896.6945]
2    	151046.79   	0.444   	0.0703  	[16.2, 16.2]	[up, up]	[887.1871, 895.2033]
3    	145705.54   	0.441   	0.1250  	[21.7, 21.7]	[left, right]	[887.4755, 884.9328]
4    	140611.41   	0.435   	0.1562  	[21.7, 21.7]	[back, back]	[930.6986, 908.8071]
5    	134611.03   	0.412   	0.1953  	[21.7, 21.7]	[back, back]	[957.3133, 934.8653]
6    	128561.46   	0.387   	0.2344  	[21.7, 21.7]	[left, right]	[1052.4699, 1045.6857]
7    	121933.07   	0.378   	0.2812  	[21.7, 21.7]	[left, back]	[1120.7771, 1122.1147]
8    	114923.21   	0.358   	0.3281  	[21.7, 21.7]	[back, right]	[1244.7930, 1245.7977]
9    	107155.84   	0.334   	0.3828  	[21.7, 21.7]	[back, right]	[1321.2145, 1327.3502]
10   	98826.71    	0.305   	0.4375  	[21.7, 21.7]	[left, back]	[1430.3614, 1455.0738]
11   	89659.27    	0.276   	0.5000  	[21.7, 21.7]	[back, back]	[1436.6983, 1474.8322]
12   	80588.19    	0.231   	0.5625  	[21.7, 21.7]	[back, back]	[1472.1137, 1519.4027]
13   	71246.47    	0.180   	0.6250  	[21.7, 21.7]	[back, back]	[1510.5221, 1543.9363]
14   	61536.85    	0.129   	0.6875  	[21.7, 21.7]	[back, back]	[1510.0302, 1553.6895]
15   	51833.37    	0.092   	0.7500  	[21.7, 21.7]	[back, back]	[1524.5609, 1561.7637]
16   	42000.73    	0.059   	0.8125  	[21.7, 21.7]	[back, back]	[1533.1201, 1554.1849]
17   	32127.31    	0.041   	0.8750  	[21.7, 21.7]	[back, back]	[1549.1884, 1541.5896]
18   	22439.06    	0.031   	0.9375  	[21.7, 21.7]	[back, back]	[1561.3428, 1551.9796]
19   	12447.37    	0.029   	1.0000  	[21.7, 21.7]	[left, right]	[1316.8927, 1302.2596]
20   	8358.64     	0.013   	1.0000  	[21.7, 21.7]	[left, right]	[1237.5047, 1248.4770]
21   	6324.73     	0.009   	1.0000  	[21.7, 21.7]	[left, right]	[1256.5640, 1259.8005]
22   	5780.41     	0.008   	1.0000  	[21.7, 21.7]	[left, right]	[1273.6331, 1271.4685]
23   	5598.27     	0.008   	1.0000  	[21.7, 21.7]	[left, right]	[1413.6021, 1423.6124]
24   	5577.02     	0.008   	1.0000  	[21.7, 21.7]	[left, right]	[1533.9235, 1529.5640]
25   	5526.26     	0.008   	1.0000  	[21.7, 21.7]	[left, right]	[1540.0270, 1546.9690]
26   	5261.10     	0.007   	1.0000  	[21.7, 21.7]	[left, right]	[1551.7434, 1550.0542]
27   	4467.96     	0.006   	1.0000  	[21.7, 21.7]	[front, front]	[1456.6889, 1444.5073]
28   	4360.88     	0.005   	1.0000  	[21.7, 21.7]	[front, front]	[1480.1161, 1451.4666]
29   	4321.89     	0.005   	1.0000  	[21.7, 21.7]	[front, front]	[1510.2080, 1508.8669]
30   	4327.46     	0.005   	1.0000  	[21.7, 21.7]	[front, front]	[1542.6441, 1536.8362]
31   	4319.17     	0.005   	1.0000  	[21.7, 21.7]	[front, front]	[1546.9183, 1541.0293]
32   	4321.12     	0.005   	1.0000  	[21.7, 21.7]	[front, front]	[1555.2691, 1541.9041]
33   	4295.02     	0.005   	1.0000  	[21.7, 21.7]	[front, front]	[1547.2346, 1546.4692]
34   	4174.28     	0.005   	1.0000  	[21.7, 21.7]	[front, front]	[1535.1513, 1569.7159]
35   	3756.09     	0.004   	1.0000  	[21.7, 21.7]	[hover, hover]	[794.8316, 814.9414]
36   	3456.47     	0.003   	1.0000  	[21.7, 21.7]	[right, left]	[355.7804, 318.0230]
37   	3239.01     	0.003   	1.0000  	[21.7, 21.7]	[left, right]	[144.0640, 131.5845]
38   	3186.74     	0.003   	1.0000  	[21.7, 21.7]	[right, left]	[81.3997, 62.8997]
39   	3172.26     	0.003   	1.0000  	[21.7, 21.7]	[left, left]	[50.6404, 49.4344]
40   	3165.83     	0.003   	1.0000  	[21.7, 21.7]	[right, left]	[41.7319, 38.9149]
41   	3156.60     	0.003   	1.0000  	[21.7, 21.7]	[right, hover]	[35.2777, 33.8025]
42   	3153.41     	0.003   	1.0000  	[21.7, 21.7]	[right, left]	[32.6443, 32.1226]
43   	3148.20     	0.003   	1.0000  	[21.7, 21.7]	[back, hover]	[30.4565, 30.4376]
44   	3143.60     	0.003   	1.0000  	[21.7, 21.7]	[back, left]	[31.3423, 30.3580]
45   	3137.07     	0.003   	1.0000  	[21.7, 21.7]	[back, left]	[31.9301, 29.9380]
46   	3131.62     	0.003   	1.0000  	[21.7, 21.7]	[left, back]	[32.7509, 30.0082]
47   	3129.06     	0.003   	1.0000  	[21.7, 21.7]	[left, back]	[33.3999, 30.0226]
48   	3123.24     	0.003   	1.0000  	[21.7, 21.7]	[back, back]	[33.7290, 32.7360]
49   	3122.42     	0.003   	1.0000  	[21.7, 21.7]	[left, left]	[35.4658, 33.1919]
50   	3117.06     	0.003   	1.0000  	[21.7, 21.7]	[back, left]	[37.5556, 32.9094]
51   	3110.01     	0.003   	1.0000  	[21.7, 21.7]	[back, back]	[45.1620, 32.5011]
52   	3104.01     	0.003   	1.0000  	[21.7, 21.7]	[back, back]	[72.0439, 35.0192]
53   	3050.68     	0.003   	1.0000  	[21.7, 21.7]	[back, back]	[136.6807, 40.6876]
54   	2831.17     	0.003   	1.0000  	[21.7, 21.7]	[hover, back]	[67.3275, 63.9231]
55   	2710.32     	0.002   	1.0000  	[21.7, 21.7]	[hover, up]	[40.1744, 73.7498]
56   	2672.50     	0.002   	1.0000  	[21.7, 27.1]	[hover, right]	[32.8252, 45.4482]
57   	2665.13     	0.002   	1.0000  	[21.7, 27.1]	[hover, hover]	[30.3817, 31.7340]
58   	2664.06     	0.002   	1.0000  	[21.7, 27.1]	[hover, down]	[29.2367, 28.5805]
59   	2660.73     	0.002   	1.0000  	[21.7, 21.7]	[hover, left]	[28.9561, 29.1734]
60   	2656.83     	0.002   	1.0000  	[21.7, 21.7]	[hover, hover]	[28.6820, 29.4726]
61   	2656.97     	0.002   	1.0000  	[21.7, 21.7]	[hover, front]	[27.5395, 28.5821]
62   	2655.14     	0.002   	1.0000  	[21.7, 21.7]	[front, front]	[27.5252, 29.4905]
63   	2654.54     	0.002   	1.0000  	[21.7, 21.7]	[front, hover]	[28.3516, 28.6715]
64   	2655.60     	0.002   	1.0000  	[21.7, 21.7]	[hover, hover]	[27.9629, 27.7670]
65   	2654.66     	0.002   	1.0000  	[21.7, 21.7]	[right, front]	[27.8641, 27.7319]
66   	2654.68     	0.002   	1.0000  	[21.7, 21.7]	[right, right]	[28.1762, 27.8921]
67   	2650.40     	0.002   	1.0000  	[21.7, 21.7]	[right, front]	[28.7571, 27.3285]
68   	2649.38     	0.002   	1.0000  	[21.7, 21.7]	[right, hover]	[28.3949, 27.1857]
69   	2648.04     	0.002   	1.0000  	[21.7, 21.7]	[back, hover]	[29.7211, 27.0886]
70   	2648.72     	0.002   	1.0000  	[21.7, 21.7]	[back, hover]	[31.2911, 27.1580]
71   	2645.21     	0.002   	1.0000  	[21.7, 21.7]	[right, hover]	[35.0283, 27.1732]
72   	2640.65     	0.002   	1.0000  	[21.7, 21.7]	[right, hover]	[42.3566, 26.8410]
73   	2634.26     	0.002   	1.0000  	[21.7, 21.7]	[right, hover]	[70.6086, 26.9005]
74   	2568.93     	0.002   	1.0000  	[21.7, 21.7]	[right, hover]	[141.5615, 26.8134]
75   	2302.77     	0.002   	1.0000  	[21.7, 21.7]	[hover, hover]	[74.0965, 26.6928]
76   	2190.85     	0.002   	1.0000  	[21.7, 21.7]	[hover, hover]	[43.6799, 26.4171]
77   	2151.49     	0.002   	1.0000  	[21.7, 21.7]	[hover, hover]	[34.5861, 25.8913]
78   	2139.86     	0.002   	1.0000  	[21.7, 21.7]	[hover, hover]	[32.0938, 25.6590]
79   	2135.03     	0.002   	1.0000  	[21.7, 21.7]	[hover, hover]	[29.7690, 25.6576]
80   	2127.81     	0.002   	1.0000  	[21.7, 21.7]	[hover, hover]	[28.3968, 25.6203]
81   	2127.00     	0.002   	1.0000  	[21.7, 21.7]	[hover, left]	[27.8162, 25.5227]
82   	2129.36     	0.002   	1.0000  	[21.7, 21.7]	[hover, back]	[27.6304, 25.5161]
83   	2121.19     	0.002   	1.0000  	[21.7, 21.7]	[hover, back]	[27.3971, 25.8165]
84   	2117.33     	0.002   	1.0000  	[21.7, 21.7]	[hover, back]	[27.1143, 25.8340]
85   	2117.15     	0.002   	1.0000  	[21.7, 21.7]	[hover, back]	[26.6056, 25.9811]
86   	2120.58     	0.002   	1.0000  	[21.7, 21.7]	[hover, back]	[26.2381, 31.0884]
87   	2120.77     	0.002   	1.0000  	[21.7, 21.7]	[hover, hover]	[26.3408, 27.9132]
88   	2117.05     	0.002   	1.0000  	[21.7, 21.7]	[hover, hover]	[26.2825, 26.6871]
89   	2116.92     	0.002   	1.0000  	[21.7, 21.7]	[hover, hover]	[26.1377, 26.2435]
90   	2116.48     	0.002   	1.0000  	[21.7, 21.7]	[front, hover]	[25.8932, 26.3454]
91   	2113.78     	0.002   	1.0000  	[21.7, 21.7]	[left, hover]	[26.0834, 26.4401]
92   	2111.85     	0.002   	1.0000  	[21.7, 21.7]	[left, hover]	[25.8737, 26.1840]
93   	2113.11     	0.002   	1.0000  	[21.7, 21.7]	[left, hover]	[25.6476, 25.9628]
94   	2114.14     	0.002   	1.0000  	[21.7, 21.7]	[left, hover]	[25.6820, 26.0113]
95   	2114.61     	0.002   	1.0000  	[21.7, 21.7]	[left, right]	[25.8240, 25.8881]
96   	2113.11     	0.002   	1.0000  	[21.7, 21.7]	[front, right]	[26.0631, 26.4099]
97   	2112.84     	0.002   	1.0000  	[21.7, 21.7]	[front, right]	[26.8263, 27.7878]
98   	2114.68     	0.002   	1.0000  	[21.7, 21.7]	[left, right]	[26.8128, 33.4847]
99   	2116.48     	0.002   	1.0000  	[21.7, 21.7]	[left, right]	[26.9977, 36.1158]
[2025-12-11T10:43:49]
Strategy: greedy_ig
Pairwise: biased
Num agents: 2
Iteration: 7
Error margin: None
Gaussian radius 4 
Grid info: range: 0-50-50, cell_size:0.125, map shape: (400, 400), center:True
init UAV positions: [(-25.0, 25.0, 5.4), (25.0, 25.0, 5.4)]
mcts_params: {}
Step	Entropy	MSE	Coverage	Heights	Actions	IGs
------------------------------------------------------------------------------------------------------------------------
0    	158805.66   	0.435   	0.0078  	[5.4, 5.4]	[up, up]	[762.1469, 759.8292]
1    	155574.86   	0.438   	0.0312  	[10.8, 10.8]	[up, up]	[903.5517, 896.1341]
2    	150998.93   	0.444   	0.0703  	[16.2, 16.2]	[up, up]	[885.6158, 886.2037]
3    	145656.66   	0.441   	0.1250  	[21.7, 21.7]	[right, back]	[883.5744, 879.0991]
4    	140583.52   	0.422   	0.1562  	[21.7, 21.7]	[back, left]	[914.9191, 920.7158]
5    	134556.25   	0.412   	0.1953  	[21.7, 21.7]	[back, left]	[941.0047, 944.3896]
6    	128566.16   	0.399   	0.2344  	[21.7, 21.7]	[right, back]	[1050.5561, 1047.9384]
7    	121904.40   	0.378   	0.2812  	[21.7, 21.7]	[right, back]	[1116.8827, 1120.2608]
8    	114774.43   	0.355   	0.3281  	[21.7, 21.7]	[back, left]	[1222.8234, 1243.9610]
9    	106950.53   	0.333   	0.3828  	[21.7, 21.7]	[back, left]	[1296.1740, 1316.4808]
10   	98664.69    	0.309   	0.4375  	[21.7, 21.7]	[right, back]	[1421.1774, 1432.2332]
11   	89525.20    	0.276   	0.5000  	[21.7, 21.7]	[back, back]	[1433.0429, 1465.4616]
12   	80571.63    	0.231   	0.5625  	[21.7, 21.7]	[back, back]	[1483.7358, 1513.6393]
13   	71196.89    	0.179   	0.6250  	[21.7, 21.7]	[back, back]	[1518.6164, 1536.2847]
14   	61506.44    	0.129   	0.6875  	[21.7, 21.7]	[back, back]	[1533.4103, 1535.9336]
15   	51809.52    	0.092   	0.7500  	[21.7, 21.7]	[back, back]	[1555.1077, 1538.5433]
16   	41950.80    	0.059   	0.8125  	[21.7, 21.7]	[back, back]	[1562.3033, 1527.7099]
17   	32052.10    	0.041   	0.8750  	[21.7, 21.7]	[back, back]	[1566.4535, 1522.6693]
18   	22375.35    	0.031   	0.9375  	[21.7, 21.7]	[back, back]	[1567.3596, 1546.4144]
19   	12396.20    	0.029   	1.0000  	[21.7, 21.7]	[right, left]	[1315.7454, 1301.2582]
20   	8378.98     	0.013   	1.0000  	[21.7, 21.7]	[right, left]	[1237.9720, 1245.8788]
21   	6281.73     	0.008   	1.0000  	[21.7, 21.7]	[right, left]	[1245.0180, 1259.5975]
22   	5739.31     	0.008   	1.0000  	[21.7, 21.7]	[right, left]	[1254.0887, 1275.8348]
23   	5588.25     	0.007   	1.0000  	[21.7, 21.7]	[right, left]	[1408.3701, 1411.9319]
24   	5563.04     	0.007   	1.0000  	[21.7, 21.7]	[right, left]	[1537.8469, 1544.8953]
25   	5484.62     	0.007   	1.0000  	[21.7, 21.7]	[right, left]	[1562.5719, 1567.3283]
26   	5209.09     	0.007   	1.0000  	[21.7, 21.7]	[right, left]	[1545.7894, 1569.2636]
27   	4350.63     	0.006   	1.0000  	[21.7, 21.7]	[front, front]	[1442.2762, 1469.3228]
28   	4257.01     	0.005   	1.0000  	[21.7, 21.7]	[front, front]	[1462.8384, 1488.9669]
29   	4217.58     	0.004   	1.0000  	[21.7, 21.7]	[front, front]	[1479.2491, 1530.5928]
30   	4207.84     	0.004   	1.0000  	[21.7, 21.7]	[front, front]	[1517.5025, 1555.0556]
31   	4212.49     	0.004   	1.0000  	[21.7, 21.7]	[front, front]	[1526.6769, 1557.5245]
32   	4212.34     	0.004   	1.0000  	[21.7, 21.7]	[front, front]	[1544.7164, 1550.4292]
33   	4188.58     	0.004   	1.0000  	[21.7, 21.7]	[front, front]	[1549.4677, 1544.4784]
34   	4064.72     	0.004   	1.0000  	[21.7, 21.7]	[front, front]	[1540.5339, 1562.3839]
35   	3651.67     	0.003   	1.0000  	[21.7, 21.7]	[hover, hover]	[798.2802, 810.0186]
36   	3357.82     	0.003   	1.0000  	[21.7, 21.7]	[left, hover]	[366.6805, 309.4933]
37   	3176.65     	0.003   	1.0000  	[21.7, 21.7]	[right, right]	[145.2849, 124.2515]
38   	3119.81     	0.002   	1.0000  	[21.7, 21.7]	[left, right]	[88.6543, 61.4321]
39   	3105.03     	0.002   	1.0000  	[21.7, 21.7]	[right, left]	[53.4069, 40.8327]
40   	3100.07     	0.003   	1.0000  	[21.7, 21.7]	[left, left]	[42.4277, 44.1071]
41   	3092.78     	0.002   	1.0000  	[21.7, 21.7]	[left, hover]	[37.4564, 33.0710]
42   	3087.89     	0.002   	1.0000  	[21.7, 21.7]	[left, back]	[33.7003, 30.7989]
43   	3085.37     	0.002   	1.0000  	[21.7, 21.7]	[left, back]	[31.7873, 32.1264]
44   	3085.51     	0.002   	1.0000  	[21.7, 21.7]	[left, back]	[30.6317, 34.2256]
45   	3084.59     	0.002   	1.0000  	[21.7, 21.7]	[left, back]	[30.2675, 34.8453]
46   	3082.80     	0.002   	1.0000  	[21.7, 21.7]	[left, back]	[30.0852, 38.3377]
47   	3080.68     	0.002   	1.0000  	[21.7, 21.7]	[back, back]	[29.6452, 45.9259]
48   	3078.74     	0.002   	1.0000  	[21.7, 21.7]	[back, back]	[29.9442, 75.3372]
49   	3030.49     	0.002   	1.0000  	[21.7, 21.7]	[back, back]	[33.1354, 146.5167]
50   	2783.51     	0.002   	1.0000  	[21.7, 21.7]	[back, hover]	[32.9816, 78.9815]
51   	2668.12     	0.002   	1.0000  	[21.7, 21.7]	[back, hover]	[33.1922, 46.8595]
52   	2618.74     	0.002   	1.0000  	[21.7, 21.7]	[left, hover]	[36.4810, 33.9180]
53   	2603.11     	0.002   	1.0000  	[21.7, 21.7]	[back, hover]	[43.7076, 31.1872]
54   	2597.86     	0.002   	1.0000  	[21.7, 21.7]	[back, hover]	[61.2434, 29.3476]
55   	2598.99     	0.002   	1.0000  	[21.7, 21.7]	[up, right]	[69.5399, 29.1252]
56   	2593.28     	0.002   	1.0000  	[27.1, 21.7]	[right, right]	[44.5008, 28.4429]
57   	2588.77     	0.002   	1.0000  	[27.1, 21.7]	[hover, right]	[30.1157, 28.6370]
58   	2584.86     	0.002   	1.0000  	[27.1, 21.7]	[down, right]	[28.6709, 32.2732]
59   	2584.88     	0.002   	1.0000  	[21.7, 21.7]	[left, right]	[29.4702, 35.8644]
60   	2581.28     	0.002   	1.0000  	[21.7, 21.7]	[back, right]	[30.4223, 43.8783]
61   	2571.33     	0.002   	1.0000  	[21.7, 21.7]	[hover, right]	[29.1835, 73.0235]
62   	2522.74     	0.002   	1.0000  	[21.7, 21.7]	[front, right]	[28.2046, 149.6731]
63   	2263.71     	0.002   	1.0000  	[21.7, 21.7]	[front, hover]	[28.2938, 74.2344]
64   	2148.27     	0.001   	1.0000  	[21.7, 21.7]	[hover, hover]	[27.6251, 42.0333]
65   	2099.86     	0.001   	1.0000  	[21.7, 21.7]	[hover, hover]	[27.1975, 33.0093]
66   	2088.40     	0.001   	1.0000  	[21.7, 21.7]	[hover, hover]	[27.1205, 29.8467]
67   	2085.05     	0.001   	1.0000  	[21.7, 21.7]	[front, front]	[26.9524, 28.6203]
68   	2082.08     	0.001   	1.0000  	[21.7, 21.7]	[front, hover]	[27.6638, 28.3448]
69   	2081.02     	0.001   	1.0000  	[21.7, 21.7]	[front, back]	[27.6389, 27.7728]
70   	2078.55     	0.001   	1.0000  	[21.7, 21.7]	[hover, hover]	[27.8073, 27.3158]
71   	2079.25     	0.001   	1.0000  	[21.7, 21.7]	[hover, hover]	[27.7789, 27.3139]
72   	2071.93     	0.001   	1.0000  	[21.7, 21.7]	[hover, hover]	[27.6149, 26.8425]
73   	2069.05     	0.001   	1.0000  	[21.7, 21.7]	[hover, hover]	[27.3738, 26.3651]
74   	2069.01     	0.001   	1.0000  	[21.7, 21.7]	[hover, hover]	[27.0824, 26.2606]
75   	2071.22     	0.001   	1.0000  	[21.7, 21.7]	[hover, hover]	[26.8368, 26.2473]
76   	2067.84     	0.001   	1.0000  	[21.7, 21.7]	[hover, front]	[26.4751, 25.9044]
77   	2065.99     	0.001   	1.0000  	[21.7, 21.7]	[hover, left]	[26.1494, 26.1161]
78   	2066.40     	0.001   	1.0000  	[21.7, 21.7]	[right, front]	[26.0296, 26.0319]
79   	2068.85     	0.001   	1.0000  	[21.7, 21.7]	[right, front]	[25.9048, 26.1325]
80   	2065.60     	0.001   	1.0000  	[21.7, 21.7]	[left, front]	[25.8596, 26.6482]
81   	2063.98     	0.001   	1.0000  	[21.7, 21.7]	[hover, front]	[26.1290, 29.4214]
82   	2062.91     	0.001   	1.0000  	[21.7, 21.7]	[hover, front]	[25.7655, 30.3045]
83   	2062.02     	0.001   	1.0000  	[21.7, 21.7]	[hover, front]	[25.9366, 31.2426]
84   	2060.51     	0.001   	1.0000  	[21.7, 21.7]	[right, front]	[26.0176, 30.8415]
85   	2061.59     	0.001   	1.0000  	[21.7, 21.7]	[front, hover]	[25.6786, 29.3555]
86   	2058.51     	0.001   	1.0000  	[21.7, 21.7]	[right, hover]	[25.4863, 28.5039]
87   	2062.39     	0.001   	1.0000  	[21.7, 21.7]	[right, right]	[25.4728, 27.9439]
88   	2061.12     	0.001   	1.0000  	[21.7, 21.7]	[right, left]	[25.9481, 27.2878]
89   	2060.64     	0.001   	1.0000  	[21.7, 21.7]	[front, hover]	[26.1930, 27.1868]
90   	2057.06     	0.001   	1.0000  	[21.7, 21.7]	[right, back]	[26.2553, 27.1968]
91   	2056.09     	0.001   	1.0000  	[21.7, 21.7]	[front, back]	[26.0673, 26.8043]
92   	2055.05     	0.001   	1.0000  	[21.7, 21.7]	[right, right]	[27.2403, 26.6413]
93   	2054.37     	0.001   	1.0000  	[21.7, 21.7]	[right, left]	[30.1528, 26.6673]
94   	2053.31     	0.001   	1.0000  	[21.7, 21.7]	[hover, hover]	[27.1677, 26.8657]
95   	2058.15     	0.001   	1.0000  	[21.7, 21.7]	[hover, hover]	[26.4750, 26.2783]
96   	2053.89     	0.001   	1.0000  	[21.7, 21.7]	[hover, hover]	[26.2909, 26.7793]
97   	2054.38     	0.001   	1.0000  	[21.7, 21.7]	[hover, hover]	[26.0975, 26.5576]
98   	2052.69     	0.001   	1.0000  	[21.7, 21.7]	[back, hover]	[26.1249, 26.6365]
99   	2054.25     	0.001   	1.0000  	[21.7, 21.7]	[back, hover]	[25.9169, 26.3133]
[2025-12-11T10:43:55]
Strategy: greedy_ig
Pairwise: biased
Num agents: 2
Iteration: 8
Error margin: None
Gaussian radius 4 
Grid info: range: 0-50-50, cell_size:0.125, map shape: (400, 400), center:True
init UAV positions: [(-25.0, 25.0, 5.4), (-25.0, -25.0, 5.4)]
mcts_params: {}
Step	Entropy	MSE	Coverage	Heights	Actions	IGs
------------------------------------------------------------------------------------------------------------------------
0    	158805.66   	0.435   	0.0078  	[5.4, 5.4]	[up, up]	[762.1469, 759.8292]
1    	155583.69   	0.438   	0.0312  	[10.8, 10.8]	[up, up]	[903.5517, 898.9347]
2    	151002.18   	0.443   	0.0703  	[16.2, 16.2]	[up, up]	[885.6158, 884.3327]
3    	145636.40   	0.450   	0.1250  	[21.7, 21.7]	[right, front]	[883.5744, 873.4010]
4    	140468.40   	0.445   	0.1562  	[21.7, 21.7]	[back, right]	[914.9191, 902.6714]
5    	134456.68   	0.442   	0.1953  	[21.7, 21.7]	[back, right]	[941.0047, 930.5280]
6    	128508.99   	0.436   	0.2344  	[21.7, 21.7]	[right, front]	[1050.5561, 1036.3234]
7    	121871.14   	0.422   	0.2812  	[21.7, 21.7]	[right, right]	[1116.8827, 1115.1620]
8    	114799.24   	0.423   	0.3281  	[21.7, 21.7]	[back, front]	[1222.8234, 1251.9653]
9    	107002.82   	0.398   	0.3828  	[21.7, 21.7]	[back, front]	[1296.1740, 1333.1580]
10   	98775.66    	0.372   	0.4375  	[21.7, 21.7]	[right, right]	[1421.1774, 1454.8336]
11   	89627.45    	0.355   	0.5000  	[21.7, 21.7]	[right, right]	[1466.2998, 1479.8675]
12   	80523.40    	0.321   	0.5625  	[21.7, 21.7]	[right, right]	[1508.9808, 1522.2025]
13   	70968.90    	0.282   	0.6250  	[21.7, 21.7]	[right, right]	[1526.7274, 1534.5035]
14   	61158.02    	0.244   	0.6875  	[21.7, 21.7]	[right, right]	[1532.8515, 1530.3049]
15   	51288.29    	0.199   	0.7500  	[21.7, 21.7]	[right, right]	[1525.4837, 1535.3395]
16   	41575.08    	0.154   	0.8125  	[21.7, 21.7]	[right, right]	[1536.3497, 1554.8401]
17   	31806.37    	0.109   	0.8750  	[21.7, 21.7]	[right, right]	[1543.7588, 1565.2987]
18   	22029.49    	0.067   	0.9375  	[21.7, 21.7]	[right, right]	[1543.6239, 1573.8253]
19   	12055.21    	0.029   	1.0000  	[21.7, 21.7]	[back, front]	[1310.4284, 1315.9527]
20   	8001.65     	0.013   	1.0000  	[21.7, 21.7]	[back, front]	[1225.4260, 1236.5123]
21   	5916.10     	0.008   	1.0000  	[21.7, 21.7]	[back, front]	[1227.0856, 1240.4587]
22   	5374.79     	0.007   	1.0000  	[21.7, 21.7]	[back, front]	[1240.3082, 1252.4238]
23   	5223.41     	0.007   	1.0000  	[21.7, 21.7]	[back, front]	[1405.8853, 1397.0723]
24   	5168.91     	0.007   	1.0000  	[21.7, 21.7]	[back, front]	[1514.9863, 1514.2003]
25   	5086.44     	0.007   	1.0000  	[21.7, 21.7]	[back, front]	[1530.6611, 1536.7444]
26   	4800.90     	0.006   	1.0000  	[21.7, 21.7]	[back, front]	[1550.3640, 1547.7265]
27   	3938.74     	0.005   	1.0000  	[21.7, 21.7]	[left, left]	[1450.6214, 1448.8760]
28   	3868.30     	0.004   	1.0000  	[21.7, 21.7]	[left, left]	[1484.4093, 1470.0263]
29   	3836.96     	0.004   	1.0000  	[21.7, 21.7]	[left, left]	[1515.1743, 1525.7915]
30   	3831.48     	0.004   	1.0000  	[21.7, 21.7]	[left, left]	[1534.6000, 1542.6329]
31   	3829.44     	0.004   	1.0000  	[21.7, 21.7]	[left, left]	[1543.4981, 1537.6710]
32   	3835.38     	0.004   	1.0000  	[21.7, 21.7]	[left, left]	[1560.1040, 1530.7464]
33   	3807.34     	0.004   	1.0000  	[21.7, 21.7]	[left, left]	[1554.3992, 1547.2508]
34   	3749.16     	0.004   	1.0000  	[21.7, 21.7]	[left, left]	[1548.1097, 1534.6186]
35   	3501.22     	0.003   	1.0000  	[21.7, 21.7]	[hover, hover]	[801.0276, 792.0272]
36   	3292.32     	0.003   	1.0000  	[21.7, 21.7]	[hover, hover]	[323.9808, 314.1330]
37   	3149.76     	0.003   	1.0000  	[21.7, 21.7]	[front, back]	[144.9518, 132.5707]
38   	3107.44     	0.003   	1.0000  	[21.7, 21.7]	[front, back]	[77.4542, 67.8081]
39   	3090.21     	0.003   	1.0000  	[21.7, 21.7]	[front, back]	[51.7623, 48.5610]
40   	3079.62     	0.003   	1.0000  	[21.7, 21.7]	[front, hover]	[41.5943, 38.7778]
41   	3072.47     	0.003   	1.0000  	[21.7, 21.7]	[down, hover]	[37.8283, 35.7092]
42   	3073.85     	0.003   	1.0000  	[16.2, 21.7]	[up, right]	[36.5200, 33.8932]
43   	3070.67     	0.003   	1.0000  	[21.7, 21.7]	[back, back]	[35.4111, 32.5078]
44   	3065.21     	0.003   	1.0000  	[21.7, 21.7]	[back, left]	[35.2222, 32.2811]
45   	3064.90     	0.003   	1.0000  	[21.7, 21.7]	[back, back]	[35.0147, 31.9201]
46   	3060.31     	0.003   	1.0000  	[21.7, 21.7]	[back, back]	[42.1817, 31.4435]
47   	3061.44     	0.003   	1.0000  	[21.7, 21.7]	[hover, front]	[34.2579, 31.0804]
48   	3060.88     	0.003   	1.0000  	[21.7, 21.7]	[front, back]	[30.3589, 30.2750]
49   	3059.04     	0.003   	1.0000  	[21.7, 21.7]	[back, front]	[30.0915, 29.5030]
50   	3058.83     	0.003   	1.0000  	[21.7, 21.7]	[front, hover]	[29.4805, 29.4003]
51   	3059.20     	0.003   	1.0000  	[21.7, 21.7]	[front, front]	[29.8810, 28.7408]
52   	3056.75     	0.003   	1.0000  	[21.7, 21.7]	[front, right]	[29.9374, 28.6290]
53   	3056.27     	0.003   	1.0000  	[21.7, 21.7]	[front, left]	[29.9299, 28.5284]
54   	3055.64     	0.003   	1.0000  	[21.7, 21.7]	[front, right]	[30.4172, 28.8776]
55   	3053.63     	0.003   	1.0000  	[21.7, 21.7]	[right, left]	[29.2670, 27.9598]
56   	3054.12     	0.002   	1.0000  	[21.7, 21.7]	[right, back]	[29.0427, 28.0586]
57   	3051.10     	0.002   	1.0000  	[21.7, 21.7]	[right, back]	[28.0909, 28.2298]
58   	3053.93     	0.003   	1.0000  	[21.7, 21.7]	[front, right]	[28.5640, 27.5318]
59   	3052.10     	0.002   	1.0000  	[21.7, 21.7]	[right, right]	[28.9667, 27.9738]
60   	3051.77     	0.002   	1.0000  	[21.7, 21.7]	[right, right]	[29.5951, 29.2538]
61   	3051.57     	0.002   	1.0000  	[21.7, 21.7]	[right, right]	[32.0695, 28.9655]
62   	3053.19     	0.002   	1.0000  	[21.7, 21.7]	[front, back]	[32.6558, 29.8205]
63   	3045.08     	0.002   	1.0000  	[21.7, 21.7]	[up, right]	[45.2559, 31.6181]
64   	2997.78     	0.002   	1.0000  	[27.1, 21.7]	[right, back]	[88.6257, 34.3030]
65   	2799.13     	0.002   	1.0000  	[27.1, 21.7]	[hover, right]	[52.2411, 41.1775]
66   	2676.84     	0.002   	1.0000  	[27.1, 21.7]	[hover, right]	[34.5255, 73.6783]
67   	2563.44     	0.002   	1.0000  	[27.1, 21.7]	[down, right]	[29.6576, 148.5935]
68   	2306.62     	0.002   	1.0000  	[21.7, 21.7]	[right, hover]	[30.6624, 76.6001]
69   	2190.81     	0.001   	1.0000  	[21.7, 21.7]	[front, hover]	[34.4826, 45.0435]
70   	2128.60     	0.001   	1.0000  	[21.7, 21.7]	[hover, hover]	[30.1556, 34.7917]
71   	2098.87     	0.001   	1.0000  	[21.7, 21.7]	[hover, hover]	[28.5180, 31.3836]
72   	2098.69     	0.001   	1.0000  	[21.7, 21.7]	[left, hover]	[28.1992, 30.1892]
73   	2094.00     	0.001   	1.0000  	[21.7, 21.7]	[hover, hover]	[27.9553, 28.8734]
74   	2089.37     	0.001   	1.0000  	[21.7, 21.7]	[hover, left]	[27.5294, 28.2398]
75   	2088.48     	0.001   	1.0000  	[21.7, 21.7]	[hover, right]	[27.6068, 28.2030]
76   	2084.58     	0.001   	1.0000  	[21.7, 21.7]	[right, left]	[27.6261, 27.5078]
77   	2086.27     	0.001   	1.0000  	[21.7, 21.7]	[hover, right]	[27.5769, 27.0726]
78   	2084.02     	0.001   	1.0000  	[21.7, 21.7]	[left, left]	[26.9783, 26.9277]
79   	2082.25     	0.001   	1.0000  	[21.7, 21.7]	[right, hover]	[26.7716, 26.7316]
80   	2077.79     	0.001   	1.0000  	[21.7, 21.7]	[hover, hover]	[26.2817, 26.5149]
81   	2079.21     	0.001   	1.0000  	[21.7, 21.7]	[hover, front]	[26.1187, 26.5262]
82   	2075.25     	0.001   	1.0000  	[21.7, 21.7]	[hover, back]	[26.1555, 26.3491]
83   	2076.46     	0.001   	1.0000  	[21.7, 21.7]	[left, hover]	[26.0731, 26.6008]
84   	2070.03     	0.001   	1.0000  	[21.7, 21.7]	[back, right]	[26.0298, 26.3974]
85   	2067.28     	0.001   	1.0000  	[21.7, 21.7]	[hover, left]	[25.7685, 25.9450]
86   	2068.40     	0.001   	1.0000  	[21.7, 21.7]	[hover, hover]	[25.8903, 26.0640]
87   	2068.15     	0.001   	1.0000  	[21.7, 21.7]	[hover, hover]	[25.5619, 25.8880]
88   	2068.83     	0.001   	1.0000  	[21.7, 21.7]	[hover, hover]	[25.3359, 25.8772]
89   	2066.03     	0.001   	1.0000  	[21.7, 21.7]	[hover, right]	[25.2075, 25.8730]
90   	2068.82     	0.001   	1.0000  	[21.7, 21.7]	[hover, hover]	[25.2667, 25.7098]
91   	2066.40     	0.001   	1.0000  	[21.7, 21.7]	[right, hover]	[25.2050, 25.6044]
92   	2059.92     	0.001   	1.0000  	[21.7, 21.7]	[front, left]	[25.4338, 25.4563]
93   	2070.98     	0.001   	1.0000  	[21.7, 21.7]	[hover, front]	[25.4442, 25.3280]
94   	2066.97     	0.001   	1.0000  	[21.7, 21.7]	[hover, front]	[25.3697, 25.2941]
95   	2066.27     	0.001   	1.0000  	[21.7, 21.7]	[back, right]	[25.3727, 25.4969]
96   	2067.06     	0.001   	1.0000  	[21.7, 21.7]	[left, front]	[25.3045, 25.4668]
97   	2066.39     	0.001   	1.0000  	[21.7, 21.7]	[right, front]	[25.2017, 25.3044]
98   	2066.46     	0.001   	1.0000  	[21.7, 21.7]	[left, front]	[25.2857, 32.9165]
99   	2070.70     	0.001   	1.0000  	[21.7, 21.7]	[hover, front]	[25.2033, 42.9044]
[2025-12-11T10:44:02]
Strategy: greedy_ig
Pairwise: biased
Num agents: 2
Iteration: 9
Error margin: None
Gaussian radius 4 
Grid info: range: 0-50-50, cell_size:0.125, map shape: (400, 400), center:True
init UAV positions: [(25.0, -25.0, 5.4), (-25.0, 25.0, 5.4)]
mcts_params: {}
Step	Entropy	MSE	Coverage	Heights	Actions	IGs
------------------------------------------------------------------------------------------------------------------------
0    	158805.66   	0.435   	0.0078  	[5.4, 5.4]	[up, up]	[762.1469, 759.8292]
1    	155596.78   	0.437   	0.0312  	[10.8, 10.8]	[up, up]	[913.2555, 896.6945]
2    	151073.08   	0.431   	0.0703  	[16.2, 16.2]	[up, up]	[891.0793, 895.2033]
3    	145745.55   	0.416   	0.1250  	[21.7, 21.7]	[left, right]	[893.0915, 884.9328]
4    	140621.62   	0.402   	0.1562  	[21.7, 21.7]	[front, back]	[930.9721, 908.8071]
5    	134586.10   	0.379   	0.1953  	[21.7, 21.7]	[left, back]	[955.6877, 934.8653]
6    	128635.89   	0.366   	0.2344  	[21.7, 21.7]	[front, right]	[1064.0101, 1045.6857]
7    	121962.54   	0.345   	0.2812  	[21.7, 21.7]	[left, back]	[1125.0654, 1122.1147]
8    	114976.95   	0.324   	0.3281  	[21.7, 21.7]	[front, right]	[1249.1856, 1245.7977]
9    	107146.84   	0.300   	0.3828  	[21.7, 21.7]	[front, right]	[1324.7021, 1327.3502]
10   	98874.32    	0.271   	0.4375  	[21.7, 21.7]	[left, back]	[1441.0883, 1455.0738]
11   	89643.70    	0.237   	0.5000  	[21.7, 21.7]	[left, back]	[1464.4396, 1474.8322]
12   	80784.43    	0.208   	0.5586  	[21.7, 21.7]	[left, back]	[1475.3173, 1490.1034]
13   	72129.75    	0.188   	0.6094  	[21.7, 21.7]	[left, back]	[1456.8844, 1481.7187]
14   	64334.70    	0.169   	0.6523  	[21.7, 21.7]	[left, back]	[1441.2968, 1457.2605]
15   	57597.92    	0.163   	0.6875  	[21.7, 21.7]	[left, back]	[1407.7751, 1424.2702]
16   	52162.37    	0.159   	0.7148  	[21.7, 21.7]	[left, back]	[1385.7936, 1389.6104]
17   	47888.71    	0.156   	0.7344  	[21.7, 21.7]	[left, back]	[1352.9398, 1339.2524]
18   	44914.19    	0.153   	0.7461  	[21.7, 21.7]	[left, back]	[1323.7640, 1318.4082]
19   	43092.16    	0.149   	0.7500  	[21.7, 21.7]	[front, right]	[1342.6782, 1336.8801]
20   	42918.21    	0.148   	0.7500  	[21.7, 21.7]	[front, right]	[1473.1933, 1469.7475]
21   	42863.15    	0.148   	0.7500  	[21.7, 21.7]	[front, right]	[1520.4747, 1522.4147]
22   	42856.62    	0.148   	0.7500  	[21.7, 21.7]	[front, right]	[1537.1653, 1540.2018]
23   	42852.07    	0.148   	0.7500  	[21.7, 21.7]	[front, right]	[1547.3239, 1546.3237]
24   	42856.92    	0.148   	0.7500  	[21.7, 21.7]	[front, right]	[1544.9342, 1540.1844]
25   	42844.14    	0.148   	0.7500  	[21.7, 21.7]	[front, right]	[1539.1066, 1547.9308]
26   	42787.90    	0.148   	0.7500  	[21.7, 21.7]	[front, right]	[1532.1891, 1550.4807]
27   	42529.84    	0.147   	0.7500  	[21.7, 21.7]	[right, front]	[1430.0352, 1444.5073]
28   	37403.18    	0.120   	0.8086  	[21.7, 21.7]	[right, front]	[1424.1721, 1424.3362]
29   	31040.32    	0.084   	0.8594  	[21.7, 21.7]	[right, front]	[1429.5611, 1442.0067]
30   	24012.31    	0.052   	0.9023  	[21.7, 21.7]	[right, front]	[1414.6568, 1438.0681]
31   	17560.05    	0.027   	0.9375  	[21.7, 21.7]	[right, front]	[1392.1965, 1406.9320]
32   	12231.89    	0.013   	0.9648  	[21.7, 21.7]	[right, front]	[1367.9695, 1373.4117]
33   	8042.35     	0.010   	0.9844  	[21.7, 21.7]	[right, front]	[1338.0422, 1345.3796]
34   	5149.61     	0.007   	0.9961  	[21.7, 21.7]	[right, front]	[1307.0638, 1335.3554]
35   	3317.83     	0.003   	1.0000  	[21.7, 21.7]	[right, front]	[660.3667, 682.9358]
36   	2756.06     	0.002   	1.0000  	[21.7, 21.7]	[down, down]	[332.5090, 343.3354]
37   	2684.41     	0.002   	1.0000  	[16.2, 16.2]	[back, left]	[177.9428, 163.6254]
38   	2666.89     	0.002   	1.0000  	[16.2, 16.2]	[back, left]	[120.2589, 127.7279]
39   	2654.57     	0.002   	1.0000  	[16.2, 16.2]	[back, left]	[65.4529, 72.2320]
40   	2646.06     	0.002   	1.0000  	[16.2, 16.2]	[back, left]	[36.8196, 44.8552]
41   	2641.54     	0.002   	1.0000  	[16.2, 16.2]	[back, left]	[31.7125, 35.3641]
42   	2634.25     	0.002   	1.0000  	[16.2, 16.2]	[back, back]	[28.8205, 33.5094]
43   	2629.83     	0.002   	1.0000  	[16.2, 16.2]	[back, back]	[27.1495, 32.7514]
44   	2632.69     	0.002   	1.0000  	[16.2, 16.2]	[back, up]	[28.4159, 30.8242]
45   	2633.18     	0.002   	1.0000  	[16.2, 21.7]	[back, back]	[28.1889, 31.3090]
46   	2626.89     	0.002   	1.0000  	[16.2, 21.7]	[hover, back]	[27.4358, 31.9116]
47   	2626.45     	0.002   	1.0000  	[16.2, 21.7]	[hover, left]	[26.7868, 33.0248]
48   	2620.20     	0.002   	1.0000  	[16.2, 21.7]	[hover, left]	[26.1712, 33.4502]
49   	2614.03     	0.002   	1.0000  	[16.2, 21.7]	[hover, left]	[25.7328, 34.1559]
50   	2612.70     	0.002   	1.0000  	[16.2, 21.7]	[left, back]	[25.4899, 34.2492]
51   	2612.11     	0.002   	1.0000  	[16.2, 21.7]	[left, back]	[26.3488, 36.6756]
52   	2608.73     	0.002   	1.0000  	[16.2, 21.7]	[left, back]	[27.5449, 42.1364]
53   	2601.84     	0.002   	1.0000  	[16.2, 21.7]	[front, back]	[28.0599, 68.4828]
54   	2559.20     	0.002   	1.0000  	[16.2, 21.7]	[left, back]	[28.1824, 137.2506]
55   	2321.65     	0.002   	1.0000  	[16.2, 21.7]	[up, hover]	[27.5133, 66.5796]
56   	2224.60     	0.001   	1.0000  	[21.7, 21.7]	[left, hover]	[29.5891, 40.4598]
57   	2192.64     	0.001   	1.0000  	[21.7, 21.7]	[left, hover]	[33.9818, 32.2588]
58   	2177.47     	0.001   	1.0000  	[21.7, 21.7]	[left, hover]	[41.7030, 28.9112]
59   	2170.51     	0.001   	1.0000  	[21.7, 21.7]	[left, front]	[63.6073, 29.1927]
60   	2166.24     	0.001   	1.0000  	[21.7, 21.7]	[left, front]	[135.0329, 29.0097]
61   	2167.06     	0.001   	1.0000  	[21.7, 21.7]	[hover, right]	[70.9941, 28.4296]
62   	2164.42     	0.001   	1.0000  	[21.7, 21.7]	[hover, right]	[40.7904, 28.5332]
63   	2158.79     	0.001   	1.0000  	[21.7, 21.7]	[hover, right]	[33.1818, 28.9167]
64   	2162.61     	0.001   	1.0000  	[21.7, 21.7]	[hover, right]	[30.3598, 29.8448]
65   	2158.66     	0.001   	1.0000  	[21.7, 21.7]	[hover, back]	[29.6763, 31.5378]
66   	2160.61     	0.001   	1.0000  	[21.7, 21.7]	[front, back]	[28.6706, 33.4810]
67   	2156.53     	0.001   	1.0000  	[21.7, 21.7]	[front, right]	[30.0833, 37.0660]
68   	2158.10     	0.001   	1.0000  	[21.7, 21.7]	[front, right]	[30.8248, 44.1739]
69   	2156.00     	0.001   	1.0000  	[21.7, 21.7]	[front, right]	[31.4324, 73.1568]
70   	2153.19     	0.001   	1.0000  	[21.7, 21.7]	[front, right]	[35.5585, 147.0658]
71   	2153.37     	0.001   	1.0000  	[21.7, 21.7]	[front, hover]	[40.0177, 78.0301]
72   	2146.91     	0.001   	1.0000  	[21.7, 21.7]	[front, hover]	[63.3499, 48.2669]
73   	2146.32     	0.001   	1.0000  	[21.7, 21.7]	[front, hover]	[137.7514, 37.3803]
74   	2141.13     	0.001   	1.0000  	[21.7, 21.7]	[hover, hover]	[70.1472, 32.6048]
75   	2139.00     	0.001   	1.0000  	[21.7, 21.7]	[hover, hover]	[43.1783, 31.1283]
76   	2137.99     	0.001   	1.0000  	[21.7, 21.7]	[hover, hover]	[33.8614, 29.7160]
77   	2136.78     	0.001   	1.0000  	[21.7, 21.7]	[hover, hover]	[30.9277, 29.3698]
78   	2134.89     	0.001   	1.0000  	[21.7, 21.7]	[right, hover]	[30.0809, 28.5927]
79   	2134.61     	0.001   	1.0000  	[21.7, 21.7]	[hover, hover]	[29.9220, 27.6966]
80   	2134.73     	0.001   	1.0000  	[21.7, 21.7]	[hover, hover]	[29.1276, 27.6046]
81   	2132.14     	0.001   	1.0000  	[21.7, 21.7]	[hover, hover]	[28.5918, 27.2013]
82   	2130.12     	0.001   	1.0000  	[21.7, 21.7]	[left, hover]	[28.8247, 27.2218]
83   	2130.20     	0.001   	1.0000  	[21.7, 21.7]	[right, hover]	[27.9106, 26.9359]
84   	2126.58     	0.001   	1.0000  	[21.7, 21.7]	[right, hover]	[27.4874, 26.9419]
85   	2124.98     	0.001   	1.0000  	[21.7, 21.7]	[right, hover]	[28.2614, 26.6790]
86   	2123.23     	0.001   	1.0000  	[21.7, 21.7]	[right, hover]	[28.8565, 26.6558]
87   	2120.97     	0.001   	1.0000  	[21.7, 21.7]	[right, hover]	[29.4142, 26.2460]
88   	2118.95     	0.001   	1.0000  	[21.7, 21.7]	[right, hover]	[30.7271, 26.0440]
89   	2119.71     	0.001   	1.0000  	[21.7, 21.7]	[right, hover]	[38.6470, 26.3680]
90   	2114.20     	0.001   	1.0000  	[21.7, 21.7]	[right, front]	[63.7941, 26.0956]
91   	2071.78     	0.001   	1.0000  	[21.7, 21.7]	[hover, left]	[37.5522, 26.1210]
92   	2057.14     	0.001   	1.0000  	[21.7, 21.7]	[hover, right]	[29.0722, 25.8892]
93   	2058.24     	0.001   	1.0000  	[21.7, 21.7]	[hover, hover]	[27.1551, 25.8522]
94   	2053.58     	0.001   	1.0000  	[21.7, 21.7]	[left, hover]	[26.7359, 25.8072]
95   	2052.75     	0.001   	1.0000  	[21.7, 21.7]	[back, hover]	[26.5032, 25.7692]
96   	2048.85     	0.001   	1.0000  	[21.7, 21.7]	[hover, hover]	[26.6876, 25.7480]
97   	2045.89     	0.001   	1.0000  	[21.7, 21.7]	[hover, back]	[26.5398, 25.7115]
98   	2043.93     	0.001   	1.0000  	[21.7, 21.7]	[hover, hover]	[26.1110, 25.8188]
99   	2044.76     	0.001   	1.0000  	[21.7, 21.7]	[back, hover]	[25.9321, 25.8865]
[2025-12-11T10:44:08]
Strategy: greedy_ig
Pairwise: biased
Num agents: 2
Iteration: 10
Error margin: None
Gaussian radius 4 
Grid info: range: 0-50-50, cell_size:0.125, map shape: (400, 400), center:True
init UAV positions: [(-25.0, 25.0, 5.4), (25.0, -25.0, 5.4)]
mcts_params: {}
Step	Entropy	MSE	Coverage	Heights	Actions	IGs
------------------------------------------------------------------------------------------------------------------------
0    	158805.66   	0.435   	0.0078  	[5.4, 5.4]	[up, up]	[762.1469, 759.8292]
1    	155580.35   	0.437   	0.0312  	[10.8, 10.8]	[up, up]	[903.5517, 895.7196]
2    	151028.27   	0.431   	0.0703  	[16.2, 16.2]	[up, up]	[885.6158, 889.4567]
3    	145681.88   	0.415   	0.1250  	[21.7, 21.7]	[right, front]	[883.5744, 882.7443]
4    	140538.62   	0.397   	0.1562  	[21.7, 21.7]	[back, left]	[914.9191, 911.4654]
5    	134511.40   	0.379   	0.1953  	[21.7, 21.7]	[back, front]	[941.0047, 938.4697]
6    	128563.73   	0.354   	0.2344  	[21.7, 21.7]	[right, left]	[1050.5561, 1046.5854]
7    	121877.78   	0.345   	0.2812  	[21.7, 21.7]	[right, front]	[1116.8827, 1115.4276]
8    	114800.31   	0.322   	0.3281  	[21.7, 21.7]	[back, left]	[1222.8234, 1247.1274]
9    	106971.20   	0.299   	0.3828  	[21.7, 21.7]	[back, left]	[1296.1740, 1323.4226]
10   	98760.65    	0.270   	0.4375  	[21.7, 21.7]	[right, front]	[1421.1774, 1445.3863]
11   	89599.98    	0.236   	0.5000  	[21.7, 21.7]	[right, front]	[1466.2998, 1465.1621]
12   	80672.33    	0.194   	0.5586  	[21.7, 21.7]	[right, front]	[1481.2878, 1473.4719]
13   	71970.43    	0.153   	0.6094  	[21.7, 21.7]	[right, front]	[1463.4054, 1451.5454]
14   	64122.86    	0.119   	0.6523  	[21.7, 21.7]	[right, front]	[1432.4036, 1422.1073]
15   	57464.01    	0.094   	0.6875  	[21.7, 21.7]	[right, front]	[1393.9584, 1397.4086]
16   	52099.22    	0.080   	0.7148  	[21.7, 21.7]	[right, front]	[1368.7537, 1380.2064]
17   	47837.36    	0.077   	0.7344  	[21.7, 21.7]	[right, front]	[1342.6849, 1334.2328]
18   	44819.26    	0.074   	0.7461  	[21.7, 21.7]	[right, front]	[1306.8492, 1304.2184]
19   	43053.89    	0.070   	0.7500  	[21.7, 21.7]	[back, left]	[1338.5034, 1330.5481]
20   	42891.72    	0.070   	0.7500  	[21.7, 21.7]	[back, left]	[1452.3644, 1452.0302]
21   	42821.33    	0.069   	0.7500  	[21.7, 21.7]	[back, left]	[1479.2725, 1505.2262]
22   	42823.22    	0.069   	0.7500  	[21.7, 21.7]	[back, left]	[1503.9331, 1525.5899]
23   	42829.82    	0.069   	0.7500  	[21.7, 21.7]	[back, left]	[1530.9179, 1532.4473]
24   	42827.74    	0.069   	0.7500  	[21.7, 21.7]	[back, left]	[1523.7825, 1543.9368]
25   	42799.98    	0.069   	0.7500  	[21.7, 21.7]	[back, left]	[1532.0135, 1558.2594]
26   	42743.61    	0.069   	0.7500  	[21.7, 21.7]	[back, left]	[1550.2958, 1561.0697]
27   	42495.55    	0.069   	0.7500  	[21.7, 21.7]	[left, back]	[1450.6214, 1461.8515]
28   	37498.04    	0.056   	0.8086  	[21.7, 21.7]	[left, back]	[1456.8585, 1475.2376]
29   	31038.91    	0.040   	0.8594  	[21.7, 21.7]	[left, back]	[1451.5341, 1460.8345]
30   	24023.15    	0.022   	0.9023  	[21.7, 21.7]	[left, back]	[1434.1410, 1447.9669]
31   	17659.90    	0.017   	0.9375  	[21.7, 21.7]	[left, back]	[1414.1260, 1421.6155]
32   	12263.29    	0.013   	0.9648  	[21.7, 21.7]	[left, back]	[1391.5067, 1388.9110]
33   	8015.52     	0.009   	0.9844  	[21.7, 21.7]	[left, back]	[1353.7968, 1348.4013]
34   	5036.04     	0.006   	0.9961  	[21.7, 21.7]	[left, back]	[1311.5216, 1305.9844]
35   	3317.90     	0.003   	1.0000  	[21.7, 21.7]	[left, back]	[668.8814, 674.8090]
36   	2792.45     	0.002   	1.0000  	[21.7, 21.7]	[down, down]	[346.5022, 342.7566]
37   	2717.72     	0.002   	1.0000  	[16.2, 16.2]	[front, right]	[176.2858, 167.4944]
38   	2693.19     	0.002   	1.0000  	[16.2, 16.2]	[front, right]	[126.6933, 124.3867]
39   	2681.27     	0.002   	1.0000  	[16.2, 16.2]	[front, right]	[76.1843, 71.4592]
40   	2670.83     	0.002   	1.0000  	[16.2, 16.2]	[hover, right]	[46.7839, 43.5983]
41   	2657.10     	0.002   	1.0000  	[16.2, 16.2]	[hover, right]	[38.5706, 39.1532]
42   	2647.66     	0.002   	1.0000  	[16.2, 16.2]	[back, right]	[35.0312, 37.1409]
43   	2639.74     	0.002   	1.0000  	[16.2, 16.2]	[back, hover]	[33.4230, 33.6236]
44   	2637.59     	0.002   	1.0000  	[16.2, 16.2]	[back, left]	[47.9366, 29.9448]
45   	2628.71     	0.002   	1.0000  	[16.2, 16.2]	[back, front]	[86.1331, 30.4578]
46   	2588.87     	0.002   	1.0000  	[16.2, 16.2]	[hover, up]	[38.8827, 30.1985]
47   	2571.79     	0.002   	1.0000  	[16.2, 21.7]	[hover, left]	[30.8614, 31.7192]
48   	2570.61     	0.002   	1.0000  	[16.2, 21.7]	[hover, left]	[27.6935, 32.5310]
49   	2568.40     	0.002   	1.0000  	[16.2, 21.7]	[hover, left]	[26.8257, 33.4284]
50   	2568.27     	0.002   	1.0000  	[16.2, 21.7]	[front, left]	[26.3055, 39.0216]
51   	2567.75     	0.002   	1.0000  	[16.2, 21.7]	[front, left]	[26.5395, 67.4270]
52   	2570.98     	0.002   	1.0000  	[16.2, 21.7]	[right, hover]	[28.0505, 40.9449]
53   	2569.72     	0.002   	1.0000  	[16.2, 21.7]	[right, hover]	[32.9575, 32.0650]
54   	2571.19     	0.002   	1.0000  	[16.2, 21.7]	[front, front]	[31.3594, 30.0444]
55   	2569.44     	0.002   	1.0000  	[16.2, 21.7]	[front, front]	[30.8670, 31.6773]
56   	2565.45     	0.002   	1.0000  	[16.2, 21.7]	[up, front]	[31.5517, 33.1579]
57   	2556.23     	0.002   	1.0000  	[21.7, 21.7]	[front, front]	[32.1575, 33.5634]
58   	2553.55     	0.002   	1.0000  	[21.7, 21.7]	[front, front]	[31.1725, 37.1912]
59   	2553.91     	0.002   	1.0000  	[21.7, 21.7]	[hover, front]	[31.3959, 46.3429]
60   	2549.21     	0.002   	1.0000  	[21.7, 21.7]	[left, front]	[31.2706, 68.0984]
61   	2549.98     	0.002   	1.0000  	[21.7, 21.7]	[hover, front]	[30.2882, 138.7227]
62   	2547.50     	0.002   	1.0000  	[21.7, 21.7]	[right, hover]	[29.4502, 69.0987]
63   	2543.57     	0.002   	1.0000  	[21.7, 21.7]	[back, hover]	[28.7449, 39.3700]
64   	2539.90     	0.002   	1.0000  	[21.7, 21.7]	[hover, hover]	[28.5228, 30.4537]
65   	2539.64     	0.002   	1.0000  	[21.7, 21.7]	[hover, right]	[28.3552, 29.7228]
66   	2539.18     	0.002   	1.0000  	[21.7, 21.7]	[hover, hover]	[27.8539, 28.8935]
67   	2541.35     	0.002   	1.0000  	[21.7, 21.7]	[left, back]	[27.9080, 27.5471]
68   	2542.06     	0.002   	1.0000  	[21.7, 21.7]	[front, back]	[27.2967, 28.4476]
69   	2537.86     	0.002   	1.0000  	[21.7, 21.7]	[hover, back]	[27.9298, 28.7149]
70   	2536.15     	0.002   	1.0000  	[21.7, 21.7]	[hover, hover]	[27.8037, 28.1456]
71   	2531.90     	0.002   	1.0000  	[21.7, 21.7]	[front, back]	[27.7318, 27.7988]
72   	2530.33     	0.002   	1.0000  	[21.7, 21.7]	[back, left]	[27.3244, 28.1061]
73   	2531.10     	0.002   	1.0000  	[21.7, 21.7]	[hover, back]	[27.1285, 28.0010]
74   	2532.39     	0.002   	1.0000  	[21.7, 21.7]	[right, hover]	[27.1159, 27.4916]
75   	2530.11     	0.002   	1.0000  	[21.7, 21.7]	[right, front]	[27.0126, 27.0103]
76   	2527.11     	0.002   	1.0000  	[21.7, 21.7]	[right, hover]	[27.5704, 27.1189]
77   	2526.48     	0.002   	1.0000  	[21.7, 21.7]	[front, back]	[27.9791, 26.6833]
78   	2527.58     	0.002   	1.0000  	[21.7, 21.7]	[right, front]	[28.0433, 26.2900]
79   	2527.86     	0.002   	1.0000  	[21.7, 21.7]	[right, back]	[28.8619, 26.1963]
80   	2523.78     	0.002   	1.0000  	[21.7, 21.7]	[right, back]	[30.8326, 25.8446]
81   	2521.69     	0.002   	1.0000  	[21.7, 21.7]	[front, front]	[31.7068, 26.0194]
82   	2524.89     	0.002   	1.0000  	[21.7, 21.7]	[up, back]	[44.9248, 25.9708]
83   	2487.41     	0.002   	1.0000  	[27.1, 21.7]	[right, front]	[88.4064, 25.9730]
84   	2286.00     	0.002   	1.0000  	[27.1, 21.7]	[hover, hover]	[51.9010, 25.6370]
85   	2179.12     	0.001   	1.0000  	[27.1, 21.7]	[hover, hover]	[34.2157, 25.5913]
86   	2124.99     	0.001   	1.0000  	[27.1, 21.7]	[down, hover]	[28.9354, 25.6819]
87   	2126.23     	0.001   	1.0000  	[21.7, 21.7]	[right, right]	[29.8496, 25.4804]
88   	2118.59     	0.001   	1.0000  	[21.7, 21.7]	[front, front]	[36.2167, 25.4024]
89   	2091.81     	0.001   	1.0000  	[21.7, 21.7]	[hover, front]	[31.6022, 25.7821]
90   	2084.55     	0.001   	1.0000  	[21.7, 21.7]	[hover, right]	[29.3621, 26.2277]
91   	2078.67     	0.001   	1.0000  	[21.7, 21.7]	[hover, right]	[27.6109, 26.1953]
92   	2075.46     	0.001   	1.0000  	[21.7, 21.7]	[hover, right]	[26.7245, 26.8768]
93   	2069.47     	0.001   	1.0000  	[21.7, 21.7]	[left, right]	[26.6684, 27.0347]
94   	2068.48     	0.001   	1.0000  	[21.7, 21.7]	[hover, right]	[26.7419, 27.9465]
95   	2061.80     	0.001   	1.0000  	[21.7, 21.7]	[right, right]	[26.7084, 29.5798]
96   	2063.56     	0.001   	1.0000  	[21.7, 21.7]	[hover, right]	[26.8144, 33.2888]
97   	2063.58     	0.001   	1.0000  	[21.7, 21.7]	[hover, front]	[27.2380, 39.5252]
98   	2056.90     	0.001   	1.0000  	[21.7, 21.7]	[left, front]	[26.4952, 61.6501]
99   	2055.67     	0.001   	1.0000  	[21.7, 21.7]	[back, front]	[26.3758, 126.1686]
[2025-12-11T10:44:14]
Strategy: greedy_ig
Pairwise: biased
Num agents: 2
Iteration: 11
Error margin: None
Gaussian radius 4 
Grid info: range: 0-50-50, cell_size:0.125, map shape: (400, 400), center:True
init UAV positions: [(-25.0, -25.0, 5.4), (-25.0, 25.0, 5.4)]
mcts_params: {}
Step	Entropy	MSE	Coverage	Heights	Actions	IGs
------------------------------------------------------------------------------------------------------------------------
0    	158805.66   	0.435   	0.0078  	[5.4, 5.4]	[up, up]	[762.1469, 759.8292]
1    	155594.58   	0.438   	0.0312  	[10.8, 10.8]	[up, up]	[909.4220, 896.6945]
2    	151058.41   	0.444   	0.0703  	[16.2, 16.2]	[up, up]	[887.3741, 895.2033]
3    	145741.12   	0.451   	0.1250  	[21.7, 21.7]	[front, right]	[889.5503, 884.9328]
4    	140593.95   	0.445   	0.1562  	[21.7, 21.7]	[right, back]	[927.0414, 908.8071]
5    	134560.84   	0.442   	0.1953  	[21.7, 21.7]	[right, back]	[952.7998, 934.8653]
6    	128611.78   	0.436   	0.2344  	[21.7, 21.7]	[front, right]	[1058.6879, 1045.6857]
7    	121854.17   	0.422   	0.2812  	[21.7, 21.7]	[front, back]	[1111.3746, 1122.1147]
8    	114879.54   	0.396   	0.3281  	[21.7, 21.7]	[right, right]	[1237.6146, 1245.7977]
9    	107064.91   	0.399   	0.3828  	[21.7, 21.7]	[right, right]	[1313.3754, 1327.3502]
10   	98830.76    	0.385   	0.4375  	[21.7, 21.7]	[front, back]	[1438.3143, 1455.0738]
11   	89692.87    	0.355   	0.5000  	[21.7, 21.7]	[right, right]	[1443.2400, 1448.9303]
12   	80816.58    	0.322   	0.5625  	[21.7, 21.7]	[right, right]	[1485.1734, 1486.8507]
13   	71548.84    	0.284   	0.6250  	[21.7, 21.7]	[right, right]	[1516.8363, 1520.7791]
14   	61914.24    	0.245   	0.6875  	[21.7, 21.7]	[right, right]	[1530.6056, 1525.5450]
15   	52098.52    	0.201   	0.7500  	[21.7, 21.7]	[right, right]	[1525.8263, 1532.6812]
16   	42365.50    	0.155   	0.8125  	[21.7, 21.7]	[right, right]	[1538.8281, 1546.8252]
17   	32620.96    	0.110   	0.8750  	[21.7, 21.7]	[right, right]	[1549.2207, 1556.3675]
18   	22870.19    	0.068   	0.9375  	[21.7, 21.7]	[right, right]	[1550.1416, 1569.0595]
19   	12881.63    	0.030   	1.0000  	[21.7, 21.7]	[front, back]	[1310.1196, 1311.8300]
20   	8890.15     	0.014   	1.0000  	[21.7, 21.7]	[front, back]	[1231.0103, 1254.3887]
21   	6777.44     	0.010   	1.0000  	[21.7, 21.7]	[front, back]	[1242.6937, 1255.5778]
22   	6200.96     	0.009   	1.0000  	[21.7, 21.7]	[front, back]	[1263.4372, 1264.7290]
23   	6043.69     	0.008   	1.0000  	[21.7, 21.7]	[front, back]	[1405.8770, 1414.9244]
24   	6009.67     	0.008   	1.0000  	[21.7, 21.7]	[front, back]	[1529.8215, 1534.5166]
25   	5956.71     	0.008   	1.0000  	[21.7, 21.7]	[front, back]	[1542.1312, 1548.6198]
26   	5650.19     	0.008   	1.0000  	[21.7, 21.7]	[front, back]	[1536.7185, 1561.4860]
27   	4807.70     	0.007   	1.0000  	[21.7, 21.7]	[left, left]	[1431.3450, 1453.1936]
28   	4689.31     	0.005   	1.0000  	[21.7, 21.7]	[left, left]	[1468.3737, 1479.5167]
29   	4656.32     	0.005   	1.0000  	[21.7, 21.7]	[left, left]	[1500.3588, 1537.8360]
30   	4659.35     	0.005   	1.0000  	[21.7, 21.7]	[left, left]	[1524.2390, 1551.9207]
31   	4653.53     	0.005   	1.0000  	[21.7, 21.7]	[left, left]	[1534.4733, 1544.4501]
32   	4648.17     	0.005   	1.0000  	[21.7, 21.7]	[left, left]	[1547.6614, 1541.8069]
33   	4577.98     	0.005   	1.0000  	[21.7, 21.7]	[left, left]	[1540.9740, 1558.4026]
34   	4367.31     	0.005   	1.0000  	[21.7, 21.7]	[left, left]	[1538.7834, 1545.0036]
35   	3812.64     	0.004   	1.0000  	[21.7, 21.7]	[hover, hover]	[793.6292, 799.0061]
36   	3430.16     	0.003   	1.0000  	[21.7, 21.7]	[back, front]	[357.9632, 365.5615]
37   	3165.81     	0.003   	1.0000  	[21.7, 21.7]	[front, back]	[142.5790, 139.4106]
38   	3129.63     	0.002   	1.0000  	[21.7, 21.7]	[back, front]	[85.2344, 87.5339]
39   	3120.24     	0.002   	1.0000  	[21.7, 21.7]	[back, front]	[55.1702, 57.5865]
40   	3117.30     	0.002   	1.0000  	[21.7, 21.7]	[back, front]	[45.4099, 44.8288]
41   	3107.80     	0.002   	1.0000  	[21.7, 21.7]	[hover, back]	[39.0863, 38.3560]
42   	3100.78     	0.002   	1.0000  	[21.7, 21.7]	[hover, front]	[36.5347, 35.9669]
43   	3098.82     	0.002   	1.0000  	[21.7, 21.7]	[back, front]	[33.5855, 35.1160]
44   	3099.73     	0.002   	1.0000  	[21.7, 21.7]	[back, front]	[32.9357, 34.2363]
45   	3095.56     	0.002   	1.0000  	[21.7, 21.7]	[hover, right]	[31.8977, 32.6919]
46   	3097.90     	0.002   	1.0000  	[21.7, 21.7]	[hover, back]	[31.3766, 31.7792]
47   	3091.47     	0.002   	1.0000  	[21.7, 21.7]	[back, front]	[30.7145, 31.4057]
48   	3093.33     	0.002   	1.0000  	[21.7, 21.7]	[front, hover]	[30.2068, 30.8253]
49   	3091.00     	0.002   	1.0000  	[21.7, 21.7]	[hover, back]	[29.5425, 30.3531]
50   	3086.73     	0.002   	1.0000  	[21.7, 21.7]	[hover, front]	[29.4775, 29.6337]
51   	3087.98     	0.002   	1.0000  	[21.7, 21.7]	[back, left]	[29.3244, 29.1770]
52   	3084.62     	0.002   	1.0000  	[21.7, 21.7]	[front, back]	[28.6475, 29.3062]
53   	3082.61     	0.002   	1.0000  	[21.7, 21.7]	[hover, hover]	[27.8874, 29.1052]
54   	3083.22     	0.002   	1.0000  	[21.7, 21.7]	[hover, front]	[27.6399, 28.4795]
55   	3083.89     	0.002   	1.0000  	[21.7, 21.7]	[front, hover]	[27.3503, 27.9901]
56   	3082.78     	0.002   	1.0000  	[21.7, 21.7]	[hover, right]	[26.9608, 27.1571]
57   	3082.53     	0.002   	1.0000  	[21.7, 21.7]	[front, back]	[27.8121, 26.9787]
58   	3080.86     	0.002   	1.0000  	[21.7, 21.7]	[hover, left]	[27.9909, 26.9150]
59   	3080.47     	0.002   	1.0000  	[21.7, 21.7]	[hover, back]	[27.6733, 27.2935]
60   	3080.70     	0.002   	1.0000  	[21.7, 21.7]	[hover, back]	[27.0843, 27.2029]
61   	3081.98     	0.002   	1.0000  	[21.7, 21.7]	[hover, back]	[27.0639, 28.3033]
62   	3081.92     	0.002   	1.0000  	[21.7, 21.7]	[back, back]	[26.9231, 36.1722]
63   	3081.47     	0.002   	1.0000  	[21.7, 21.7]	[front, hover]	[26.7659, 29.1191]
64   	3081.34     	0.002   	1.0000  	[21.7, 21.7]	[hover, hover]	[26.6751, 27.1686]
65   	3080.59     	0.002   	1.0000  	[21.7, 21.7]	[right, hover]	[26.4928, 26.9750]
66   	3076.53     	0.002   	1.0000  	[21.7, 21.7]	[front, hover]	[26.6278, 26.6470]
67   	3078.15     	0.002   	1.0000  	[21.7, 21.7]	[right, hover]	[27.2715, 26.3308]
68   	3075.11     	0.002   	1.0000  	[21.7, 21.7]	[right, hover]	[27.2656, 26.2637]
69   	3074.94     	0.002   	1.0000  	[21.7, 21.7]	[right, front]	[27.1866, 26.2115]
70   	3075.48     	0.002   	1.0000  	[21.7, 21.7]	[right, front]	[28.6057, 26.1741]
71   	3071.62     	0.002   	1.0000  	[21.7, 21.7]	[right, front]	[31.0263, 26.3263]
72   	3071.70     	0.002   	1.0000  	[21.7, 21.7]	[right, hover]	[31.8719, 26.3940]
73   	3069.60     	0.002   	1.0000  	[21.7, 21.7]	[up, hover]	[47.4692, 26.3353]
74   	3027.79     	0.002   	1.0000  	[27.1, 21.7]	[front, hover]	[84.0427, 26.2677]
75   	2814.51     	0.002   	1.0000  	[27.1, 21.7]	[hover, hover]	[47.1101, 26.1424]
76   	2707.98     	0.002   	1.0000  	[27.1, 21.7]	[hover, back]	[31.1944, 25.9285]
77   	2664.75     	0.002   	1.0000  	[27.1, 21.7]	[down, right]	[27.5991, 25.8926]
78   	2663.50     	0.002   	1.0000  	[21.7, 21.7]	[front, right]	[28.2833, 26.2921]
79   	2656.64     	0.002   	1.0000  	[21.7, 21.7]	[right, right]	[31.3982, 27.0835]
80   	2643.60     	0.002   	1.0000  	[21.7, 21.7]	[hover, right]	[29.3901, 28.1037]
81   	2633.20     	0.002   	1.0000  	[21.7, 21.7]	[hover, back]	[28.2100, 29.4009]
82   	2627.44     	0.002   	1.0000  	[21.7, 21.7]	[hover, right]	[27.4725, 31.4085]
83   	2622.29     	0.002   	1.0000  	[21.7, 21.7]	[back, back]	[26.9717, 35.7451]
84   	2614.44     	0.002   	1.0000  	[21.7, 21.7]	[back, right]	[27.4552, 41.5300]
85   	2606.77     	0.002   	1.0000  	[21.7, 21.7]	[back, right]	[26.4479, 72.0186]
86   	2556.93     	0.002   	1.0000  	[21.7, 21.7]	[back, right]	[26.6976, 149.7325]
87   	2295.90     	0.001   	1.0000  	[21.7, 21.7]	[back, hover]	[29.5012, 74.1195]
88   	2178.36     	0.001   	1.0000  	[21.7, 21.7]	[back, hover]	[36.9851, 45.0432]
89   	2129.22     	0.001   	1.0000  	[21.7, 21.7]	[back, hover]	[70.8611, 34.9828]
90   	2114.88     	0.001   	1.0000  	[21.7, 21.7]	[up, hover]	[77.4207, 31.2085]
91   	2099.30     	0.001   	1.0000  	[27.1, 21.7]	[left, hover]	[49.1555, 29.1501]
92   	2101.83     	0.001   	1.0000  	[27.1, 21.7]	[hover, hover]	[34.7943, 28.9084]
93   	2100.67     	0.001   	1.0000  	[27.1, 21.7]	[down, hover]	[30.2201, 28.7587]
94   	2101.62     	0.001   	1.0000  	[21.7, 21.7]	[back, hover]	[32.0690, 27.9486]
95   	2101.18     	0.001   	1.0000  	[21.7, 21.7]	[hover, hover]	[29.6667, 27.1028]
96   	2102.35     	0.001   	1.0000  	[21.7, 21.7]	[hover, hover]	[29.2070, 27.4752]
97   	2101.49     	0.001   	1.0000  	[21.7, 21.7]	[hover, hover]	[28.5563, 27.7124]
98   	2102.70     	0.001   	1.0000  	[21.7, 21.7]	[hover, hover]	[27.3348, 27.7156]
99   	2102.75     	0.001   	1.0000  	[21.7, 21.7]	[hover, hover]	[27.5304, 27.9789]
[2025-12-11T10:44:20]
Strategy: greedy_ig
Pairwise: biased
Num agents: 2
Iteration: 12
Error margin: None
Gaussian radius 4 
Grid info: range: 0-50-50, cell_size:0.125, map shape: (400, 400), center:True
init UAV positions: [(-25.0, -25.0, 5.4), (-25.0, 25.0, 5.4)]
mcts_params: {}
Step	Entropy	MSE	Coverage	Heights	Actions	IGs
------------------------------------------------------------------------------------------------------------------------
0    	158805.66   	0.435   	0.0078  	[5.4, 5.4]	[up, up]	[762.1469, 759.8292]
1    	155594.58   	0.438   	0.0312  	[10.8, 10.8]	[up, up]	[909.4220, 896.6945]
2    	151058.41   	0.444   	0.0703  	[16.2, 16.2]	[up, up]	[887.3741, 895.2033]
3    	145741.12   	0.451   	0.1250  	[21.7, 21.7]	[front, right]	[889.5503, 884.9328]
4    	140593.95   	0.445   	0.1562  	[21.7, 21.7]	[right, back]	[927.0414, 908.8071]
5    	134560.84   	0.442   	0.1953  	[21.7, 21.7]	[right, back]	[952.7998, 934.8653]
6    	128611.78   	0.436   	0.2344  	[21.7, 21.7]	[front, right]	[1058.6879, 1045.6857]
7    	121854.17   	0.422   	0.2812  	[21.7, 21.7]	[front, back]	[1111.3746, 1122.1147]
8    	114879.54   	0.396   	0.3281  	[21.7, 21.7]	[right, right]	[1237.6146, 1245.7977]
9    	107064.91   	0.399   	0.3828  	[21.7, 21.7]	[right, right]	[1313.3754, 1327.3502]
10   	98830.76    	0.385   	0.4375  	[21.7, 21.7]	[front, back]	[1438.3143, 1455.0738]
11   	89692.87    	0.355   	0.5000  	[21.7, 21.7]	[right, right]	[1443.2400, 1448.9303]
12   	80816.58    	0.322   	0.5625  	[21.7, 21.7]	[right, right]	[1485.1734, 1486.8507]
13   	71548.84    	0.284   	0.6250  	[21.7, 21.7]	[right, right]	[1516.8363, 1520.7791]
14   	61914.24    	0.245   	0.6875  	[21.7, 21.7]	[right, right]	[1530.6056, 1525.5450]
15   	52098.52    	0.201   	0.7500  	[21.7, 21.7]	[right, right]	[1525.8263, 1532.6812]
16   	42365.50    	0.155   	0.8125  	[21.7, 21.7]	[right, right]	[1538.8281, 1546.8252]
17   	32620.96    	0.110   	0.8750  	[21.7, 21.7]	[right, right]	[1549.2207, 1556.3675]
18   	22870.19    	0.068   	0.9375  	[21.7, 21.7]	[right, right]	[1550.1416, 1569.0595]
19   	12881.63    	0.030   	1.0000  	[21.7, 21.7]	[front, back]	[1310.1196, 1311.8300]
20   	8890.15     	0.014   	1.0000  	[21.7, 21.7]	[front, back]	[1231.0103, 1254.3887]
21   	6777.44     	0.010   	1.0000  	[21.7, 21.7]	[front, back]	[1242.6937, 1255.5778]
22   	6200.96     	0.009   	1.0000  	[21.7, 21.7]	[front, back]	[1263.4372, 1264.7290]
23   	6043.69     	0.008   	1.0000  	[21.7, 21.7]	[front, back]	[1405.8770, 1414.9244]
24   	6009.67     	0.008   	1.0000  	[21.7, 21.7]	[front, back]	[1529.8215, 1534.5166]
25   	5956.71     	0.008   	1.0000  	[21.7, 21.7]	[front, back]	[1542.1312, 1548.6198]
26   	5650.19     	0.008   	1.0000  	[21.7, 21.7]	[front, back]	[1536.7185, 1561.4860]
27   	4807.70     	0.007   	1.0000  	[21.7, 21.7]	[left, left]	[1431.3450, 1453.1936]
28   	4689.31     	0.005   	1.0000  	[21.7, 21.7]	[left, left]	[1468.3737, 1479.5167]
29   	4656.32     	0.005   	1.0000  	[21.7, 21.7]	[left, left]	[1500.3588, 1537.8360]
30   	4659.35     	0.005   	1.0000  	[21.7, 21.7]	[left, left]	[1524.2390, 1551.9207]
31   	4653.53     	0.005   	1.0000  	[21.7, 21.7]	[left, left]	[1534.4733, 1544.4501]
32   	4648.17     	0.005   	1.0000  	[21.7, 21.7]	[left, left]	[1547.6614, 1541.8069]
33   	4577.98     	0.005   	1.0000  	[21.7, 21.7]	[left, left]	[1540.9740, 1558.4026]
34   	4367.31     	0.005   	1.0000  	[21.7, 21.7]	[left, left]	[1538.7834, 1545.0036]
35   	3812.64     	0.004   	1.0000  	[21.7, 21.7]	[hover, hover]	[793.6292, 799.0061]
36   	3430.16     	0.003   	1.0000  	[21.7, 21.7]	[back, front]	[357.9632, 365.5615]
37   	3165.81     	0.003   	1.0000  	[21.7, 21.7]	[front, back]	[142.5790, 139.4106]
38   	3129.63     	0.002   	1.0000  	[21.7, 21.7]	[back, front]	[85.2344, 87.5339]
39   	3120.24     	0.002   	1.0000  	[21.7, 21.7]	[back, front]	[55.1702, 57.5865]
40   	3117.30     	0.002   	1.0000  	[21.7, 21.7]	[back, front]	[45.4099, 44.8288]
41   	3107.80     	0.002   	1.0000  	[21.7, 21.7]	[hover, back]	[39.0863, 38.3560]
42   	3100.78     	0.002   	1.0000  	[21.7, 21.7]	[hover, front]	[36.5347, 35.9669]
43   	3098.82     	0.002   	1.0000  	[21.7, 21.7]	[back, front]	[33.5855, 35.1160]
44   	3099.73     	0.002   	1.0000  	[21.7, 21.7]	[back, front]	[32.9357, 34.2363]
45   	3095.56     	0.002   	1.0000  	[21.7, 21.7]	[hover, right]	[31.8977, 32.6919]
46   	3097.90     	0.002   	1.0000  	[21.7, 21.7]	[hover, back]	[31.3766, 31.7792]
47   	3091.47     	0.002   	1.0000  	[21.7, 21.7]	[back, front]	[30.7145, 31.4057]
48   	3093.33     	0.002   	1.0000  	[21.7, 21.7]	[front, hover]	[30.2068, 30.8253]
49   	3091.00     	0.002   	1.0000  	[21.7, 21.7]	[hover, back]	[29.5425, 30.3531]
50   	3086.73     	0.002   	1.0000  	[21.7, 21.7]	[hover, front]	[29.4775, 29.6337]
51   	3087.98     	0.002   	1.0000  	[21.7, 21.7]	[back, left]	[29.3244, 29.1770]
52   	3084.62     	0.002   	1.0000  	[21.7, 21.7]	[front, back]	[28.6475, 29.3062]
53   	3082.61     	0.002   	1.0000  	[21.7, 21.7]	[hover, hover]	[27.8874, 29.1052]
54   	3083.22     	0.002   	1.0000  	[21.7, 21.7]	[hover, front]	[27.6399, 28.4795]
55   	3083.89     	0.002   	1.0000  	[21.7, 21.7]	[front, hover]	[27.3503, 27.9901]
56   	3082.78     	0.002   	1.0000  	[21.7, 21.7]	[hover, right]	[26.9608, 27.1571]
57   	3082.53     	0.002   	1.0000  	[21.7, 21.7]	[front, back]	[27.8121, 26.9787]
58   	3080.86     	0.002   	1.0000  	[21.7, 21.7]	[hover, left]	[27.9909, 26.9150]
59   	3080.47     	0.002   	1.0000  	[21.7, 21.7]	[hover, back]	[27.6733, 27.2935]
60   	3080.70     	0.002   	1.0000  	[21.7, 21.7]	[hover, back]	[27.0843, 27.2029]
61   	3081.98     	0.002   	1.0000  	[21.7, 21.7]	[hover, back]	[27.0639, 28.3033]
62   	3081.92     	0.002   	1.0000  	[21.7, 21.7]	[back, back]	[26.9231, 36.1722]
63   	3081.47     	0.002   	1.0000  	[21.7, 21.7]	[front, hover]	[26.7659, 29.1191]
64   	3081.34     	0.002   	1.0000  	[21.7, 21.7]	[hover, hover]	[26.6751, 27.1686]
65   	3080.59     	0.002   	1.0000  	[21.7, 21.7]	[right, hover]	[26.4928, 26.9750]
66   	3076.53     	0.002   	1.0000  	[21.7, 21.7]	[front, hover]	[26.6278, 26.6470]
67   	3078.15     	0.002   	1.0000  	[21.7, 21.7]	[right, hover]	[27.2715, 26.3308]
68   	3075.11     	0.002   	1.0000  	[21.7, 21.7]	[right, hover]	[27.2656, 26.2637]
69   	3074.94     	0.002   	1.0000  	[21.7, 21.7]	[right, front]	[27.1866, 26.2115]
70   	3075.48     	0.002   	1.0000  	[21.7, 21.7]	[right, front]	[28.6057, 26.1741]
71   	3071.62     	0.002   	1.0000  	[21.7, 21.7]	[right, front]	[31.0263, 26.3263]
72   	3071.70     	0.002   	1.0000  	[21.7, 21.7]	[right, hover]	[31.8719, 26.3940]
73   	3069.60     	0.002   	1.0000  	[21.7, 21.7]	[up, hover]	[47.4692, 26.3353]
74   	3027.79     	0.002   	1.0000  	[27.1, 21.7]	[front, hover]	[84.0427, 26.2677]
75   	2814.51     	0.002   	1.0000  	[27.1, 21.7]	[hover, hover]	[47.1101, 26.1424]
76   	2707.98     	0.002   	1.0000  	[27.1, 21.7]	[hover, back]	[31.1944, 25.9285]
77   	2664.75     	0.002   	1.0000  	[27.1, 21.7]	[down, right]	[27.5991, 25.8926]
78   	2663.50     	0.002   	1.0000  	[21.7, 21.7]	[front, right]	[28.2833, 26.2921]
79   	2656.64     	0.002   	1.0000  	[21.7, 21.7]	[right, right]	[31.3982, 27.0835]
80   	2643.60     	0.002   	1.0000  	[21.7, 21.7]	[hover, right]	[29.3901, 28.1037]
81   	2633.20     	0.002   	1.0000  	[21.7, 21.7]	[hover, back]	[28.2100, 29.4009]
82   	2627.44     	0.002   	1.0000  	[21.7, 21.7]	[hover, right]	[27.4725, 31.4085]
83   	2622.29     	0.002   	1.0000  	[21.7, 21.7]	[back, back]	[26.9717, 35.7451]
84   	2614.44     	0.002   	1.0000  	[21.7, 21.7]	[back, right]	[27.4552, 41.5300]
85   	2606.77     	0.002   	1.0000  	[21.7, 21.7]	[back, right]	[26.4479, 72.0186]
86   	2556.93     	0.002   	1.0000  	[21.7, 21.7]	[back, right]	[26.6976, 149.7325]
87   	2295.90     	0.001   	1.0000  	[21.7, 21.7]	[back, hover]	[29.5012, 74.1195]
88   	2178.36     	0.001   	1.0000  	[21.7, 21.7]	[back, hover]	[36.9851, 45.0432]
89   	2129.22     	0.001   	1.0000  	[21.7, 21.7]	[back, hover]	[70.8611, 34.9828]
90   	2114.88     	0.001   	1.0000  	[21.7, 21.7]	[up, hover]	[77.4207, 31.2085]
91   	2099.30     	0.001   	1.0000  	[27.1, 21.7]	[left, hover]	[49.1555, 29.1501]
92   	2101.83     	0.001   	1.0000  	[27.1, 21.7]	[hover, hover]	[34.7943, 28.9084]
93   	2100.67     	0.001   	1.0000  	[27.1, 21.7]	[down, hover]	[30.2201, 28.7587]
94   	2101.62     	0.001   	1.0000  	[21.7, 21.7]	[back, hover]	[32.0690, 27.9486]
95   	2101.18     	0.001   	1.0000  	[21.7, 21.7]	[hover, hover]	[29.6667, 27.1028]
96   	2102.35     	0.001   	1.0000  	[21.7, 21.7]	[hover, hover]	[29.2070, 27.4752]
97   	2101.49     	0.001   	1.0000  	[21.7, 21.7]	[hover, hover]	[28.5563, 27.7124]
98   	2102.70     	0.001   	1.0000  	[21.7, 21.7]	[hover, hover]	[27.3348, 27.7156]
99   	2102.75     	0.001   	1.0000  	[21.7, 21.7]	[hover, hover]	[27.5304, 27.9789]
[2025-12-11T10:44:27]
Strategy: greedy_ig
Pairwise: biased
Num agents: 2
Iteration: 13
Error margin: None
Gaussian radius 4 
Grid info: range: 0-50-50, cell_size:0.125, map shape: (400, 400), center:True
init UAV positions: [(25.0, 25.0, 5.4), (-25.0, -25.0, 5.4)]
mcts_params: {}
Step	Entropy	MSE	Coverage	Heights	Actions	IGs
------------------------------------------------------------------------------------------------------------------------
0    	158805.66   	0.435   	0.0078  	[5.4, 5.4]	[up, up]	[762.1469, 759.8292]
1    	155597.68   	0.438   	0.0312  	[10.8, 10.8]	[up, up]	[912.7656, 898.9347]
2    	151014.67   	0.444   	0.0703  	[16.2, 16.2]	[up, up]	[887.1871, 884.3327]
3    	145651.75   	0.440   	0.1250  	[21.7, 21.7]	[left, front]	[887.4755, 873.4010]
4    	140567.86   	0.432   	0.1562  	[21.7, 21.7]	[back, right]	[930.6986, 902.6714]
5    	134586.02   	0.413   	0.1953  	[21.7, 21.7]	[back, right]	[957.3133, 930.5280]
6    	128512.55   	0.394   	0.2344  	[21.7, 21.7]	[left, front]	[1052.4699, 1036.3234]
7    	121881.94   	0.369   	0.2812  	[21.7, 21.7]	[left, right]	[1120.7771, 1115.1620]
8    	114921.69   	0.359   	0.3281  	[21.7, 21.7]	[back, front]	[1244.7930, 1251.9653]
9    	107163.58   	0.317   	0.3828  	[21.7, 21.7]	[back, front]	[1321.2145, 1333.1580]
10   	98839.72    	0.276   	0.4375  	[21.7, 21.7]	[left, right]	[1430.3614, 1454.8336]
11   	89651.50    	0.248   	0.5000  	[21.7, 21.7]	[left, right]	[1466.8566, 1479.8675]
12   	80494.37    	0.223   	0.5625  	[21.7, 21.7]	[left, right]	[1501.1837, 1522.2025]
13   	70927.23    	0.204   	0.6250  	[21.7, 21.7]	[left, right]	[1518.4745, 1534.5035]
14   	61195.88    	0.185   	0.6875  	[21.7, 21.7]	[left, right]	[1538.6561, 1530.3049]
15   	51332.97    	0.159   	0.7500  	[21.7, 21.7]	[left, right]	[1537.0159, 1535.3395]
16   	41602.75    	0.132   	0.8125  	[21.7, 21.7]	[left, right]	[1544.6873, 1554.8401]
17   	31797.09    	0.100   	0.8750  	[21.7, 21.7]	[left, right]	[1548.3133, 1565.2987]
18   	22062.17    	0.065   	0.9375  	[21.7, 21.7]	[left, right]	[1550.4516, 1573.8253]
19   	12033.17    	0.028   	1.0000  	[21.7, 21.7]	[back, front]	[1450.9772, 1458.8451]
20   	8010.47     	0.013   	1.0000  	[21.7, 21.7]	[back, front]	[1460.8689, 1467.9411]
21   	5758.69     	0.008   	1.0000  	[21.7, 21.7]	[back, front]	[1491.1702, 1500.6407]
22   	4986.24     	0.006   	1.0000  	[21.7, 21.7]	[back, front]	[1523.3281, 1515.2400]
23   	4743.28     	0.006   	1.0000  	[21.7, 21.7]	[back, front]	[1555.0137, 1523.5298]
24   	4653.86     	0.006   	1.0000  	[21.7, 21.7]	[back, front]	[1548.3918, 1522.3382]
25   	4600.96     	0.006   	1.0000  	[21.7, 21.7]	[back, front]	[1549.3613, 1538.0243]
26   	4568.83     	0.006   	1.0000  	[21.7, 21.7]	[back, front]	[1556.8557, 1547.8975]
27   	4535.16     	0.006   	1.0000  	[21.7, 21.7]	[right, left]	[1452.3006, 1448.8760]
28   	4544.77     	0.006   	1.0000  	[21.7, 21.7]	[right, left]	[1481.1669, 1470.0263]
29   	4558.06     	0.006   	1.0000  	[21.7, 21.7]	[right, left]	[1507.3717, 1525.7915]
30   	4563.39     	0.006   	1.0000  	[21.7, 21.7]	[right, left]	[1518.2806, 1542.6329]
31   	4557.17     	0.006   	1.0000  	[21.7, 21.7]	[right, left]	[1529.6228, 1537.6710]
32   	4540.93     	0.005   	1.0000  	[21.7, 21.7]	[right, left]	[1537.1638, 1530.7464]
33   	4470.34     	0.005   	1.0000  	[21.7, 21.7]	[right, left]	[1546.2710, 1547.2508]
34   	4183.17     	0.005   	1.0000  	[21.7, 21.7]	[right, left]	[1545.8079, 1534.6186]
35   	3295.43     	0.004   	1.0000  	[21.7, 21.7]	[hover, hover]	[797.3758, 792.0272]
36   	2697.04     	0.002   	1.0000  	[21.7, 21.7]	[hover, hover]	[316.9583, 314.1330]
37   	2360.37     	0.002   	1.0000  	[21.7, 21.7]	[front, back]	[145.4051, 138.3859]
38   	2297.53     	0.002   	1.0000  	[21.7, 21.7]	[back, back]	[73.0425, 70.5739]
39   	2238.88     	0.002   	1.0000  	[21.7, 21.7]	[front, back]	[51.0683, 50.2893]
40   	2216.15     	0.002   	1.0000  	[21.7, 21.7]	[front, hover]	[43.9616, 39.7803]
41   	2219.01     	0.002   	1.0000  	[21.7, 21.7]	[hover, back]	[34.9656, 36.7683]
42   	2213.58     	0.001   	1.0000  	[21.7, 21.7]	[back, back]	[31.8510, 35.6397]
43   	2210.08     	0.001   	1.0000  	[21.7, 21.7]	[back, back]	[35.1058, 33.2687]
44   	2188.98     	0.001   	1.0000  	[21.7, 21.7]	[left, front]	[32.7231, 31.8648]
45   	2185.54     	0.001   	1.0000  	[21.7, 21.7]	[hover, hover]	[30.9149, 32.0507]
46   	2188.12     	0.001   	1.0000  	[21.7, 21.7]	[hover, hover]	[30.2852, 31.1569]
47   	2182.94     	0.001   	1.0000  	[21.7, 21.7]	[hover, hover]	[30.0190, 30.7787]
48   	2181.72     	0.001   	1.0000  	[21.7, 21.7]	[right, back]	[29.5799, 30.3552]
49   	2179.41     	0.001   	1.0000  	[21.7, 21.7]	[left, front]	[29.8238, 29.8954]
50   	2173.57     	0.001   	1.0000  	[21.7, 21.7]	[hover, front]	[29.3991, 29.3298]
51   	2173.63     	0.001   	1.0000  	[21.7, 21.7]	[hover, right]	[28.7705, 29.2766]
52   	2167.14     	0.001   	1.0000  	[21.7, 21.7]	[hover, front]	[28.2846, 29.6469]
53   	2166.35     	0.001   	1.0000  	[21.7, 21.7]	[front, left]	[27.7079, 29.0016]
54   	2161.34     	0.001   	1.0000  	[21.7, 21.7]	[front, right]	[27.7946, 28.5647]
55   	2156.45     	0.001   	1.0000  	[21.7, 21.7]	[front, back]	[27.6751, 28.3245]
56   	2163.49     	0.001   	1.0000  	[21.7, 21.7]	[front, front]	[27.6965, 28.0425]
57   	2161.34     	0.001   	1.0000  	[21.7, 21.7]	[front, hover]	[29.7327, 27.8612]
58   	2159.68     	0.001   	1.0000  	[21.7, 21.7]	[right, right]	[29.8181, 27.7295]
59   	2156.56     	0.001   	1.0000  	[21.7, 21.7]	[front, right]	[28.9556, 27.8810]
60   	2152.72     	0.001   	1.0000  	[21.7, 21.7]	[front, front]	[28.5061, 28.2500]
61   	2148.86     	0.001   	1.0000  	[21.7, 21.7]	[front, front]	[27.4610, 27.8628]
62   	2152.33     	0.001   	1.0000  	[21.7, 21.7]	[hover, front]	[27.1418, 27.5400]
63   	2149.58     	0.001   	1.0000  	[21.7, 21.7]	[left, right]	[27.0220, 28.8886]
64   	2147.95     	0.001   	1.0000  	[21.7, 21.7]	[left, right]	[26.8652, 31.2436]
65   	2147.74     	0.001   	1.0000  	[21.7, 21.7]	[back, hover]	[26.8337, 28.8119]
66   	2147.41     	0.001   	1.0000  	[21.7, 21.7]	[back, right]	[27.3843, 37.7375]
67   	2145.66     	0.001   	1.0000  	[21.7, 21.7]	[hover, right]	[27.0871, 69.2943]
68   	2144.89     	0.001   	1.0000  	[21.7, 21.7]	[hover, right]	[26.7322, 135.7485]
69   	2139.81     	0.001   	1.0000  	[21.7, 21.7]	[hover, hover]	[26.9646, 64.6739]
70   	2138.94     	0.001   	1.0000  	[21.7, 21.7]	[hover, hover]	[26.8777, 37.5328]
71   	2136.19     	0.001   	1.0000  	[21.7, 21.7]	[hover, hover]	[27.2227, 29.7557]
72   	2134.63     	0.001   	1.0000  	[21.7, 21.7]	[hover, hover]	[26.8536, 28.4969]
73   	2133.08     	0.001   	1.0000  	[21.7, 21.7]	[hover, hover]	[26.4707, 27.8773]
74   	2131.16     	0.001   	1.0000  	[21.7, 21.7]	[hover, hover]	[26.3804, 27.1710]
75   	2133.22     	0.001   	1.0000  	[21.7, 21.7]	[left, back]	[25.9042, 26.6991]
76   	2132.59     	0.001   	1.0000  	[21.7, 21.7]	[left, left]	[27.0072, 26.1927]
77   	2133.32     	0.001   	1.0000  	[21.7, 21.7]	[left, back]	[28.4949, 26.4328]
78   	2130.85     	0.001   	1.0000  	[21.7, 21.7]	[back, hover]	[29.4922, 26.2763]
79   	2129.07     	0.001   	1.0000  	[21.7, 21.7]	[left, hover]	[30.0093, 26.2049]
80   	2127.56     	0.001   	1.0000  	[21.7, 21.7]	[left, hover]	[32.3975, 26.2447]
81   	2123.05     	0.001   	1.0000  	[21.7, 21.7]	[left, hover]	[36.4599, 25.9633]
82   	2124.82     	0.001   	1.0000  	[21.7, 21.7]	[front, hover]	[38.4780, 25.7605]
83   	2120.81     	0.001   	1.0000  	[21.7, 21.7]	[front, hover]	[68.3958, 25.9233]
84   	2113.35     	0.001   	1.0000  	[21.7, 21.7]	[front, hover]	[139.0289, 26.0908]
85   	2085.62     	0.001   	1.0000  	[21.7, 21.7]	[hover, hover]	[70.0448, 25.9126]
86   	2065.58     	0.001   	1.0000  	[21.7, 21.7]	[hover, back]	[41.7718, 25.7697]
87   	2058.38     	0.001   	1.0000  	[21.7, 21.7]	[hover, right]	[31.8195, 25.7897]
88   	2054.16     	0.001   	1.0000  	[21.7, 21.7]	[hover, back]	[28.7444, 26.6289]
89   	2052.15     	0.001   	1.0000  	[21.7, 21.7]	[hover, back]	[27.8731, 32.3149]
90   	2050.44     	0.001   	1.0000  	[21.7, 21.7]	[hover, back]	[27.3675, 44.9257]
91   	2046.87     	0.001   	1.0000  	[21.7, 21.7]	[hover, back]	[26.8907, 74.5667]
92   	2045.45     	0.001   	1.0000  	[21.7, 21.7]	[hover, back]	[26.6567, 147.0050]
93   	2040.41     	0.001   	1.0000  	[21.7, 21.7]	[back, hover]	[26.3092, 74.6094]
94   	2037.17     	0.001   	1.0000  	[21.7, 21.7]	[back, hover]	[26.8155, 44.1674]
95   	2033.65     	0.001   	1.0000  	[21.7, 21.7]	[back, hover]	[28.7564, 33.9494]
96   	2034.39     	0.001   	1.0000  	[21.7, 21.7]	[back, hover]	[30.8301, 31.7314]
97   	2033.06     	0.001   	1.0000  	[21.7, 21.7]	[back, hover]	[35.4341, 30.5432]
98   	2034.04     	0.001   	1.0000  	[21.7, 21.7]	[back, hover]	[42.9687, 30.0857]
99   	2031.84     	0.001   	1.0000  	[21.7, 21.7]	[back, left]	[67.9960, 29.3404]
[2025-12-11T10:44:33]
Strategy: greedy_ig
Pairwise: biased
Num agents: 2
Iteration: 14
Error margin: None
Gaussian radius 4 
Grid info: range: 0-50-50, cell_size:0.125, map shape: (400, 400), center:True
init UAV positions: [(-25.0, -25.0, 5.4), (25.0, 25.0, 5.4)]
mcts_params: {}
Step	Entropy	MSE	Coverage	Heights	Actions	IGs
------------------------------------------------------------------------------------------------------------------------
0    	158805.66   	0.435   	0.0078  	[5.4, 5.4]	[up, up]	[762.1469, 759.8292]
1    	155590.45   	0.438   	0.0312  	[10.8, 10.8]	[up, up]	[909.4220, 896.1341]
2    	151023.03   	0.444   	0.0703  	[16.2, 16.2]	[up, up]	[887.3741, 886.2037]
3    	145707.58   	0.440   	0.1250  	[21.7, 21.7]	[front, back]	[889.5503, 879.0991]
4    	140665.51   	0.420   	0.1562  	[21.7, 21.7]	[right, left]	[927.0414, 920.7158]
5    	134635.40   	0.413   	0.1953  	[21.7, 21.7]	[right, left]	[952.7998, 944.3896]
6    	128620.05   	0.407   	0.2344  	[21.7, 21.7]	[front, back]	[1058.6879, 1047.9384]
7    	121836.29   	0.369   	0.2812  	[21.7, 21.7]	[front, back]	[1111.3746, 1120.2608]
8    	114853.21   	0.328   	0.3281  	[21.7, 21.7]	[right, left]	[1237.6146, 1243.9610]
9    	107020.35   	0.316   	0.3828  	[21.7, 21.7]	[right, left]	[1313.3754, 1316.4808]
10   	98732.80    	0.293   	0.4375  	[21.7, 21.7]	[front, back]	[1438.3143, 1432.2332]
11   	89582.85    	0.248   	0.5000  	[21.7, 21.7]	[front, back]	[1478.4974, 1465.4616]
12   	80474.75    	0.203   	0.5625  	[21.7, 21.7]	[front, back]	[1516.3185, 1513.6393]
13   	70944.15    	0.163   	0.6250  	[21.7, 21.7]	[front, back]	[1536.7501, 1536.2847]
14   	61248.25    	0.125   	0.6875  	[21.7, 21.7]	[front, back]	[1553.8671, 1535.9336]
15   	51470.11    	0.089   	0.7500  	[21.7, 21.7]	[front, back]	[1557.9325, 1538.5433]
16   	41533.48    	0.057   	0.8125  	[21.7, 21.7]	[front, back]	[1554.3546, 1527.7099]
17   	31613.93    	0.040   	0.8750  	[21.7, 21.7]	[front, back]	[1554.1924, 1522.6693]
18   	21808.35    	0.030   	0.9375  	[21.7, 21.7]	[front, back]	[1540.8971, 1546.4144]
19   	11884.07    	0.029   	1.0000  	[21.7, 21.7]	[right, left]	[1438.9090, 1444.1506]
20   	8048.27     	0.013   	1.0000  	[21.7, 21.7]	[right, left]	[1459.9142, 1475.6558]
21   	5717.55     	0.008   	1.0000  	[21.7, 21.7]	[right, left]	[1503.6576, 1519.5694]
22   	4972.69     	0.007   	1.0000  	[21.7, 21.7]	[right, left]	[1515.7653, 1537.2635]
23   	4746.34     	0.006   	1.0000  	[21.7, 21.7]	[right, left]	[1529.5682, 1540.0466]
24   	4658.58     	0.006   	1.0000  	[21.7, 21.7]	[right, left]	[1542.5224, 1552.5705]
25   	4610.35     	0.006   	1.0000  	[21.7, 21.7]	[right, left]	[1556.4792, 1569.1384]
26   	4573.50     	0.006   	1.0000  	[21.7, 21.7]	[right, left]	[1541.5989, 1569.5477]
27   	4540.33     	0.006   	1.0000  	[21.7, 21.7]	[back, front]	[1442.3036, 1469.3228]
28   	4547.12     	0.006   	1.0000  	[21.7, 21.7]	[back, front]	[1478.6326, 1488.9669]
29   	4551.94     	0.006   	1.0000  	[21.7, 21.7]	[back, front]	[1524.2481, 1530.5928]
30   	4563.89     	0.006   	1.0000  	[21.7, 21.7]	[back, front]	[1520.7292, 1555.0556]
31   	4554.70     	0.006   	1.0000  	[21.7, 21.7]	[back, front]	[1523.6894, 1557.5245]
32   	4543.86     	0.006   	1.0000  	[21.7, 21.7]	[back, front]	[1532.6844, 1550.4292]
33   	4452.71     	0.005   	1.0000  	[21.7, 21.7]	[back, front]	[1526.0004, 1544.4784]
34   	4157.65     	0.005   	1.0000  	[21.7, 21.7]	[back, front]	[1528.3175, 1562.3839]
35   	3300.32     	0.004   	1.0000  	[21.7, 21.7]	[hover, hover]	[797.3895, 810.0186]
36   	2698.67     	0.002   	1.0000  	[21.7, 21.7]	[left, hover]	[316.3484, 309.4933]
37   	2461.64     	0.002   	1.0000  	[21.7, 21.7]	[right, right]	[142.9204, 131.1016]
38   	2293.30     	0.002   	1.0000  	[21.7, 21.7]	[left, right]	[69.7669, 63.3192]
39   	2283.03     	0.002   	1.0000  	[21.7, 21.7]	[left, hover]	[54.6068, 41.2377]
40   	2270.84     	0.002   	1.0000  	[21.7, 21.7]	[right, left]	[40.8658, 36.5909]
41   	2265.35     	0.002   	1.0000  	[21.7, 21.7]	[right, left]	[46.4223, 42.5135]
42   	2182.29     	0.002   	1.0000  	[21.7, 21.7]	[hover, hover]	[38.6908, 32.3756]
43   	2157.90     	0.001   	1.0000  	[21.7, 21.7]	[hover, back]	[34.6465, 30.4689]
44   	2154.16     	0.001   	1.0000  	[21.7, 21.7]	[left, back]	[32.5539, 31.4231]
45   	2151.25     	0.001   	1.0000  	[21.7, 21.7]	[left, back]	[33.4513, 34.5619]
46   	2140.96     	0.001   	1.0000  	[21.7, 21.7]	[left, back]	[32.3069, 34.4079]
47   	2139.27     	0.001   	1.0000  	[21.7, 21.7]	[left, back]	[32.0925, 37.9173]
48   	2144.79     	0.001   	1.0000  	[21.7, 21.7]	[hover, back]	[30.5724, 45.0798]
49   	2146.48     	0.001   	1.0000  	[21.7, 21.7]	[left, back]	[30.3266, 74.4523]
50   	2139.57     	0.001   	1.0000  	[21.7, 21.7]	[front, back]	[29.9792, 144.5507]
51   	2140.70     	0.001   	1.0000  	[21.7, 21.7]	[front, hover]	[29.4450, 76.5990]
52   	2134.22     	0.001   	1.0000  	[21.7, 21.7]	[left, hover]	[29.9127, 44.0550]
53   	2131.22     	0.001   	1.0000  	[21.7, 21.7]	[left, hover]	[30.9702, 34.5164]
54   	2131.46     	0.001   	1.0000  	[21.7, 21.7]	[front, hover]	[31.0612, 30.4133]
55   	2131.55     	0.001   	1.0000  	[21.7, 21.7]	[front, hover]	[31.5848, 30.0109]
56   	2125.41     	0.001   	1.0000  	[21.7, 21.7]	[left, hover]	[33.1713, 29.3492]
57   	2122.03     	0.001   	1.0000  	[21.7, 21.7]	[front, right]	[35.9944, 29.0711]
58   	2119.56     	0.001   	1.0000  	[21.7, 21.7]	[front, right]	[41.9629, 28.6558]
59   	2119.88     	0.001   	1.0000  	[21.7, 21.7]	[front, right]	[68.4882, 29.1873]
60   	2117.51     	0.001   	1.0000  	[21.7, 21.7]	[front, right]	[137.5192, 32.1445]
61   	2110.76     	0.001   	1.0000  	[21.7, 21.7]	[hover, right]	[70.4757, 35.9226]
62   	2112.48     	0.001   	1.0000  	[21.7, 21.7]	[hover, right]	[40.1604, 43.6667]
63   	2113.77     	0.001   	1.0000  	[21.7, 21.7]	[hover, right]	[29.5969, 73.0759]
64   	2111.92     	0.001   	1.0000  	[21.7, 21.7]	[right, right]	[27.1926, 149.0588]
65   	2103.53     	0.001   	1.0000  	[21.7, 21.7]	[right, hover]	[27.1937, 73.0651]
66   	2095.30     	0.001   	1.0000  	[21.7, 21.7]	[right, hover]	[27.9296, 41.6521]
67   	2096.04     	0.001   	1.0000  	[21.7, 21.7]	[right, hover]	[29.5528, 32.2099]
68   	2091.97     	0.001   	1.0000  	[21.7, 21.7]	[right, front]	[30.8435, 29.6492]
69   	2089.81     	0.001   	1.0000  	[21.7, 21.7]	[right, hover]	[36.0534, 29.0539]
70   	2085.99     	0.001   	1.0000  	[21.7, 21.7]	[right, left]	[66.8283, 28.3694]
71   	2082.95     	0.001   	1.0000  	[21.7, 21.7]	[right, right]	[133.8282, 27.5732]
72   	2081.10     	0.001   	1.0000  	[21.7, 21.7]	[hover, back]	[60.8067, 27.7876]
73   	2078.52     	0.001   	1.0000  	[21.7, 21.7]	[hover, hover]	[35.4492, 27.4025]
74   	2076.85     	0.001   	1.0000  	[21.7, 21.7]	[hover, hover]	[29.2395, 27.6651]
75   	2076.08     	0.001   	1.0000  	[21.7, 21.7]	[left, hover]	[27.8389, 27.2173]
76   	2071.64     	0.001   	1.0000  	[21.7, 21.7]	[right, hover]	[27.5834, 26.9131]
77   	2073.10     	0.001   	1.0000  	[21.7, 21.7]	[hover, hover]	[27.2968, 26.7230]
78   	2074.78     	0.001   	1.0000  	[21.7, 21.7]	[left, hover]	[26.8860, 26.2759]
79   	2073.25     	0.001   	1.0000  	[21.7, 21.7]	[back, left]	[26.5337, 26.0091]
80   	2071.26     	0.001   	1.0000  	[21.7, 21.7]	[back, right]	[26.5175, 25.9014]
81   	2070.79     	0.001   	1.0000  	[21.7, 21.7]	[hover, left]	[26.3834, 25.8670]
82   	2064.77     	0.001   	1.0000  	[21.7, 21.7]	[hover, hover]	[26.4114, 25.9330]
83   	2065.00     	0.001   	1.0000  	[21.7, 21.7]	[hover, hover]	[26.1850, 26.1753]
84   	2065.65     	0.001   	1.0000  	[21.7, 21.7]	[hover, right]	[25.8659, 25.7190]
85   	2063.03     	0.001   	1.0000  	[21.7, 21.7]	[hover, left]	[25.9706, 25.9602]
86   	2064.70     	0.001   	1.0000  	[21.7, 21.7]	[back, right]	[26.1155, 26.0558]
87   	2064.65     	0.001   	1.0000  	[21.7, 21.7]	[hover, hover]	[26.2417, 25.9023]
88   	2064.77     	0.001   	1.0000  	[21.7, 21.7]	[hover, left]	[25.7799, 25.8378]
89   	2062.55     	0.001   	1.0000  	[21.7, 21.7]	[hover, right]	[25.8073, 25.8876]
90   	2064.22     	0.001   	1.0000  	[21.7, 21.7]	[hover, hover]	[25.8826, 25.8902]
91   	2061.37     	0.001   	1.0000  	[21.7, 21.7]	[hover, hover]	[25.6759, 25.9541]
92   	2061.68     	0.001   	1.0000  	[21.7, 21.7]	[hover, hover]	[25.5862, 25.9363]
93   	2062.28     	0.001   	1.0000  	[21.7, 21.7]	[hover, hover]	[25.8120, 25.7442]
94   	2065.30     	0.001   	1.0000  	[21.7, 21.7]	[right, hover]	[25.5523, 25.5333]
95   	2065.25     	0.001   	1.0000  	[21.7, 21.7]	[left, hover]	[25.5699, 25.1989]
96   	2064.43     	0.001   	1.0000  	[21.7, 21.7]	[hover, hover]	[25.4759, 25.1702]
97   	2059.45     	0.001   	1.0000  	[21.7, 21.7]	[hover, hover]	[25.4083, 25.3501]
98   	2059.78     	0.001   	1.0000  	[21.7, 21.7]	[right, hover]	[25.2676, 25.2175]
99   	2057.51     	0.001   	1.0000  	[21.7, 21.7]	[front, hover]	[25.3492, 25.3326]
[2025-12-11T10:44:40]
Strategy: greedy_ig
Pairwise: biased
Num agents: 2
Iteration: 15
Error margin: None
Gaussian radius 4 
Grid info: range: 0-50-50, cell_size:0.125, map shape: (400, 400), center:True
init UAV positions: [(25.0, 25.0, 5.4), (-25.0, 25.0, 5.4)]
mcts_params: {}
Step	Entropy	MSE	Coverage	Heights	Actions	IGs
------------------------------------------------------------------------------------------------------------------------
0    	158805.66   	0.435   	0.0078  	[5.4, 5.4]	[up, up]	[762.1469, 759.8292]
1    	155592.99   	0.438   	0.0312  	[10.8, 10.8]	[up, up]	[912.7656, 896.6945]
2    	151046.79   	0.444   	0.0703  	[16.2, 16.2]	[up, up]	[887.1871, 895.2033]
3    	145705.54   	0.441   	0.1250  	[21.7, 21.7]	[left, right]	[887.4755, 884.9328]
4    	140611.41   	0.435   	0.1562  	[21.7, 21.7]	[back, back]	[930.6986, 908.8071]
5    	134611.03   	0.412   	0.1953  	[21.7, 21.7]	[back, back]	[957.3133, 934.8653]
6    	128561.46   	0.387   	0.2344  	[21.7, 21.7]	[left, right]	[1052.4699, 1045.6857]
7    	121933.07   	0.378   	0.2812  	[21.7, 21.7]	[left, back]	[1120.7771, 1122.1147]
8    	114923.21   	0.358   	0.3281  	[21.7, 21.7]	[back, right]	[1244.7930, 1245.7977]
9    	107155.84   	0.334   	0.3828  	[21.7, 21.7]	[back, right]	[1321.2145, 1327.3502]
10   	98826.71    	0.305   	0.4375  	[21.7, 21.7]	[left, back]	[1430.3614, 1455.0738]
11   	89659.27    	0.276   	0.5000  	[21.7, 21.7]	[back, back]	[1436.6983, 1474.8322]
12   	80588.19    	0.231   	0.5625  	[21.7, 21.7]	[back, back]	[1472.1137, 1519.4027]
13   	71246.47    	0.180   	0.6250  	[21.7, 21.7]	[back, back]	[1510.5221, 1543.9363]
14   	61536.85    	0.129   	0.6875  	[21.7, 21.7]	[back, back]	[1510.0302, 1553.6895]
15   	51833.37    	0.092   	0.7500  	[21.7, 21.7]	[back, back]	[1524.5609, 1561.7637]
16   	42000.73    	0.059   	0.8125  	[21.7, 21.7]	[back, back]	[1533.1201, 1554.1849]
17   	32127.31    	0.041   	0.8750  	[21.7, 21.7]	[back, back]	[1549.1884, 1541.5896]
18   	22439.06    	0.031   	0.9375  	[21.7, 21.7]	[back, back]	[1561.3428, 1551.9796]
19   	12447.37    	0.029   	1.0000  	[21.7, 21.7]	[left, right]	[1316.8927, 1302.2596]
20   	8358.64     	0.013   	1.0000  	[21.7, 21.7]	[left, right]	[1237.5047, 1248.4770]
21   	6324.73     	0.009   	1.0000  	[21.7, 21.7]	[left, right]	[1256.5640, 1259.8005]
22   	5780.41     	0.008   	1.0000  	[21.7, 21.7]	[left, right]	[1273.6331, 1271.4685]
23   	5598.27     	0.008   	1.0000  	[21.7, 21.7]	[left, right]	[1413.6021, 1423.6124]
24   	5577.02     	0.008   	1.0000  	[21.7, 21.7]	[left, right]	[1533.9235, 1529.5640]
25   	5526.26     	0.008   	1.0000  	[21.7, 21.7]	[left, right]	[1540.0270, 1546.9690]
26   	5261.10     	0.007   	1.0000  	[21.7, 21.7]	[left, right]	[1551.7434, 1550.0542]
27   	4467.96     	0.006   	1.0000  	[21.7, 21.7]	[front, front]	[1456.6889, 1444.5073]
28   	4360.88     	0.005   	1.0000  	[21.7, 21.7]	[front, front]	[1480.1161, 1451.4666]
29   	4321.89     	0.005   	1.0000  	[21.7, 21.7]	[front, front]	[1510.2080, 1508.8669]
30   	4327.46     	0.005   	1.0000  	[21.7, 21.7]	[front, front]	[1542.6441, 1536.8362]
31   	4319.17     	0.005   	1.0000  	[21.7, 21.7]	[front, front]	[1546.9183, 1541.0293]
32   	4321.12     	0.005   	1.0000  	[21.7, 21.7]	[front, front]	[1555.2691, 1541.9041]
33   	4295.02     	0.005   	1.0000  	[21.7, 21.7]	[front, front]	[1547.2346, 1546.4692]
34   	4174.28     	0.005   	1.0000  	[21.7, 21.7]	[front, front]	[1535.1513, 1569.7159]
35   	3756.09     	0.004   	1.0000  	[21.7, 21.7]	[hover, hover]	[794.8316, 814.9414]
36   	3456.47     	0.003   	1.0000  	[21.7, 21.7]	[right, left]	[355.7804, 318.0230]
37   	3239.01     	0.003   	1.0000  	[21.7, 21.7]	[left, right]	[144.0640, 131.5845]
38   	3186.74     	0.003   	1.0000  	[21.7, 21.7]	[right, left]	[81.3997, 62.8997]
39   	3172.26     	0.003   	1.0000  	[21.7, 21.7]	[left, left]	[50.6404, 49.4344]
40   	3165.83     	0.003   	1.0000  	[21.7, 21.7]	[right, left]	[41.7319, 38.9149]
41   	3156.60     	0.003   	1.0000  	[21.7, 21.7]	[right, hover]	[35.2777, 33.8025]
42   	3153.41     	0.003   	1.0000  	[21.7, 21.7]	[right, left]	[32.6443, 32.1226]
43   	3148.20     	0.003   	1.0000  	[21.7, 21.7]	[back, hover]	[30.4565, 30.4376]
44   	3143.60     	0.003   	1.0000  	[21.7, 21.7]	[back, left]	[31.3423, 30.3580]
45   	3137.07     	0.003   	1.0000  	[21.7, 21.7]	[back, left]	[31.9301, 29.9380]
46   	3131.62     	0.003   	1.0000  	[21.7, 21.7]	[left, back]	[32.7509, 30.0082]
47   	3129.06     	0.003   	1.0000  	[21.7, 21.7]	[left, back]	[33.3999, 30.0226]
48   	3123.24     	0.003   	1.0000  	[21.7, 21.7]	[back, back]	[33.7290, 32.7360]
49   	3122.42     	0.003   	1.0000  	[21.7, 21.7]	[left, left]	[35.4658, 33.1919]
50   	3117.06     	0.003   	1.0000  	[21.7, 21.7]	[back, left]	[37.5556, 32.9094]
51   	3110.01     	0.003   	1.0000  	[21.7, 21.7]	[back, back]	[45.1620, 32.5011]
52   	3104.01     	0.003   	1.0000  	[21.7, 21.7]	[back, back]	[72.0439, 35.0192]
53   	3050.68     	0.003   	1.0000  	[21.7, 21.7]	[back, back]	[136.6807, 40.6876]
54   	2831.17     	0.003   	1.0000  	[21.7, 21.7]	[hover, back]	[67.3275, 63.9231]
55   	2710.32     	0.002   	1.0000  	[21.7, 21.7]	[hover, up]	[40.1744, 73.7498]
56   	2672.50     	0.002   	1.0000  	[21.7, 27.1]	[hover, right]	[32.8252, 45.4482]
57   	2665.13     	0.002   	1.0000  	[21.7, 27.1]	[hover, hover]	[30.3817, 31.7340]
58   	2664.06     	0.002   	1.0000  	[21.7, 27.1]	[hover, down]	[29.2367, 28.5805]
59   	2660.73     	0.002   	1.0000  	[21.7, 21.7]	[hover, left]	[28.9561, 29.1734]
60   	2656.83     	0.002   	1.0000  	[21.7, 21.7]	[hover, hover]	[28.6820, 29.4726]
61   	2656.97     	0.002   	1.0000  	[21.7, 21.7]	[hover, front]	[27.5395, 28.5821]
62   	2655.14     	0.002   	1.0000  	[21.7, 21.7]	[front, front]	[27.5252, 29.4905]
63   	2654.54     	0.002   	1.0000  	[21.7, 21.7]	[front, hover]	[28.3516, 28.6715]
64   	2655.60     	0.002   	1.0000  	[21.7, 21.7]	[hover, hover]	[27.9629, 27.7670]
65   	2654.66     	0.002   	1.0000  	[21.7, 21.7]	[right, front]	[27.8641, 27.7319]
66   	2654.68     	0.002   	1.0000  	[21.7, 21.7]	[right, right]	[28.1762, 27.8921]
67   	2650.40     	0.002   	1.0000  	[21.7, 21.7]	[right, front]	[28.7571, 27.3285]
68   	2649.38     	0.002   	1.0000  	[21.7, 21.7]	[right, hover]	[28.3949, 27.1857]
69   	2648.04     	0.002   	1.0000  	[21.7, 21.7]	[back, hover]	[29.7211, 27.0886]
70   	2648.72     	0.002   	1.0000  	[21.7, 21.7]	[back, hover]	[31.2911, 27.1580]
71   	2645.21     	0.002   	1.0000  	[21.7, 21.7]	[right, hover]	[35.0283, 27.1732]
72   	2640.65     	0.002   	1.0000  	[21.7, 21.7]	[right, hover]	[42.3566, 26.8410]
73   	2634.26     	0.002   	1.0000  	[21.7, 21.7]	[right, hover]	[70.6086, 26.9005]
74   	2568.93     	0.002   	1.0000  	[21.7, 21.7]	[right, hover]	[141.5615, 26.8134]
75   	2302.77     	0.002   	1.0000  	[21.7, 21.7]	[hover, hover]	[74.0965, 26.6928]
76   	2190.85     	0.002   	1.0000  	[21.7, 21.7]	[hover, hover]	[43.6799, 26.4171]
77   	2151.49     	0.002   	1.0000  	[21.7, 21.7]	[hover, hover]	[34.5861, 25.8913]
78   	2139.86     	0.002   	1.0000  	[21.7, 21.7]	[hover, hover]	[32.0938, 25.6590]
79   	2135.03     	0.002   	1.0000  	[21.7, 21.7]	[hover, hover]	[29.7690, 25.6576]
80   	2127.81     	0.002   	1.0000  	[21.7, 21.7]	[hover, hover]	[28.3968, 25.6203]
81   	2127.00     	0.002   	1.0000  	[21.7, 21.7]	[hover, left]	[27.8162, 25.5227]
82   	2129.36     	0.002   	1.0000  	[21.7, 21.7]	[hover, back]	[27.6304, 25.5161]
83   	2121.19     	0.002   	1.0000  	[21.7, 21.7]	[hover, back]	[27.3971, 25.8165]
84   	2117.33     	0.002   	1.0000  	[21.7, 21.7]	[hover, back]	[27.1143, 25.8340]
85   	2117.15     	0.002   	1.0000  	[21.7, 21.7]	[hover, back]	[26.6056, 25.9811]
86   	2120.58     	0.002   	1.0000  	[21.7, 21.7]	[hover, back]	[26.2381, 31.0884]
87   	2120.77     	0.002   	1.0000  	[21.7, 21.7]	[hover, hover]	[26.3408, 27.9132]
88   	2117.05     	0.002   	1.0000  	[21.7, 21.7]	[hover, hover]	[26.2825, 26.6871]
89   	2116.92     	0.002   	1.0000  	[21.7, 21.7]	[hover, hover]	[26.1377, 26.2435]
90   	2116.48     	0.002   	1.0000  	[21.7, 21.7]	[front, hover]	[25.8932, 26.3454]
91   	2113.78     	0.002   	1.0000  	[21.7, 21.7]	[left, hover]	[26.0834, 26.4401]
92   	2111.85     	0.002   	1.0000  	[21.7, 21.7]	[left, hover]	[25.8737, 26.1840]
93   	2113.11     	0.002   	1.0000  	[21.7, 21.7]	[left, hover]	[25.6476, 25.9628]
94   	2114.14     	0.002   	1.0000  	[21.7, 21.7]	[left, hover]	[25.6820, 26.0113]
95   	2114.61     	0.002   	1.0000  	[21.7, 21.7]	[left, right]	[25.8240, 25.8881]
96   	2113.11     	0.002   	1.0000  	[21.7, 21.7]	[front, right]	[26.0631, 26.4099]
97   	2112.84     	0.002   	1.0000  	[21.7, 21.7]	[front, right]	[26.8263, 27.7878]
98   	2114.68     	0.002   	1.0000  	[21.7, 21.7]	[left, right]	[26.8128, 33.4847]
99   	2116.48     	0.002   	1.0000  	[21.7, 21.7]	[left, right]	[26.9977, 36.1158]
[2025-12-11T10:44:46]
Strategy: greedy_ig
Pairwise: biased
Num agents: 2
Iteration: 16
Error margin: None
Gaussian radius 4 
Grid info: range: 0-50-50, cell_size:0.125, map shape: (400, 400), center:True
init UAV positions: [(-25.0, -25.0, 5.4), (-25.0, 25.0, 5.4)]
mcts_params: {}
Step	Entropy	MSE	Coverage	Heights	Actions	IGs
------------------------------------------------------------------------------------------------------------------------
0    	158805.66   	0.435   	0.0078  	[5.4, 5.4]	[up, up]	[762.1469, 759.8292]
1    	155594.58   	0.438   	0.0312  	[10.8, 10.8]	[up, up]	[909.4220, 896.6945]
2    	151058.41   	0.444   	0.0703  	[16.2, 16.2]	[up, up]	[887.3741, 895.2033]
3    	145741.12   	0.451   	0.1250  	[21.7, 21.7]	[front, right]	[889.5503, 884.9328]
4    	140593.95   	0.445   	0.1562  	[21.7, 21.7]	[right, back]	[927.0414, 908.8071]
5    	134560.84   	0.442   	0.1953  	[21.7, 21.7]	[right, back]	[952.7998, 934.8653]
6    	128611.78   	0.436   	0.2344  	[21.7, 21.7]	[front, right]	[1058.6879, 1045.6857]
7    	121854.17   	0.422   	0.2812  	[21.7, 21.7]	[front, back]	[1111.3746, 1122.1147]
8    	114879.54   	0.396   	0.3281  	[21.7, 21.7]	[right, right]	[1237.6146, 1245.7977]
9    	107064.91   	0.399   	0.3828  	[21.7, 21.7]	[right, right]	[1313.3754, 1327.3502]
10   	98830.76    	0.385   	0.4375  	[21.7, 21.7]	[front, back]	[1438.3143, 1455.0738]
11   	89692.87    	0.355   	0.5000  	[21.7, 21.7]	[right, right]	[1443.2400, 1448.9303]
12   	80816.58    	0.322   	0.5625  	[21.7, 21.7]	[right, right]	[1485.1734, 1486.8507]
13   	71548.84    	0.284   	0.6250  	[21.7, 21.7]	[right, right]	[1516.8363, 1520.7791]
14   	61914.24    	0.245   	0.6875  	[21.7, 21.7]	[right, right]	[1530.6056, 1525.5450]
15   	52098.52    	0.201   	0.7500  	[21.7, 21.7]	[right, right]	[1525.8263, 1532.6812]
16   	42365.50    	0.155   	0.8125  	[21.7, 21.7]	[right, right]	[1538.8281, 1546.8252]
17   	32620.96    	0.110   	0.8750  	[21.7, 21.7]	[right, right]	[1549.2207, 1556.3675]
18   	22870.19    	0.068   	0.9375  	[21.7, 21.7]	[right, right]	[1550.1416, 1569.0595]
19   	12881.63    	0.030   	1.0000  	[21.7, 21.7]	[front, back]	[1310.1196, 1311.8300]
20   	8890.15     	0.014   	1.0000  	[21.7, 21.7]	[front, back]	[1231.0103, 1254.3887]
21   	6777.44     	0.010   	1.0000  	[21.7, 21.7]	[front, back]	[1242.6937, 1255.5778]
22   	6200.96     	0.009   	1.0000  	[21.7, 21.7]	[front, back]	[1263.4372, 1264.7290]
23   	6043.69     	0.008   	1.0000  	[21.7, 21.7]	[front, back]	[1405.8770, 1414.9244]
24   	6009.67     	0.008   	1.0000  	[21.7, 21.7]	[front, back]	[1529.8215, 1534.5166]
25   	5956.71     	0.008   	1.0000  	[21.7, 21.7]	[front, back]	[1542.1312, 1548.6198]
26   	5650.19     	0.008   	1.0000  	[21.7, 21.7]	[front, back]	[1536.7185, 1561.4860]
27   	4807.70     	0.007   	1.0000  	[21.7, 21.7]	[left, left]	[1431.3450, 1453.1936]
28   	4689.31     	0.005   	1.0000  	[21.7, 21.7]	[left, left]	[1468.3737, 1479.5167]
29   	4656.32     	0.005   	1.0000  	[21.7, 21.7]	[left, left]	[1500.3588, 1537.8360]
30   	4659.35     	0.005   	1.0000  	[21.7, 21.7]	[left, left]	[1524.2390, 1551.9207]
31   	4653.53     	0.005   	1.0000  	[21.7, 21.7]	[left, left]	[1534.4733, 1544.4501]
32   	4648.17     	0.005   	1.0000  	[21.7, 21.7]	[left, left]	[1547.6614, 1541.8069]
33   	4577.98     	0.005   	1.0000  	[21.7, 21.7]	[left, left]	[1540.9740, 1558.4026]
34   	4367.31     	0.005   	1.0000  	[21.7, 21.7]	[left, left]	[1538.7834, 1545.0036]
35   	3812.64     	0.004   	1.0000  	[21.7, 21.7]	[hover, hover]	[793.6292, 799.0061]
36   	3430.16     	0.003   	1.0000  	[21.7, 21.7]	[back, front]	[357.9632, 365.5615]
37   	3165.81     	0.003   	1.0000  	[21.7, 21.7]	[front, back]	[142.5790, 139.4106]
38   	3129.63     	0.002   	1.0000  	[21.7, 21.7]	[back, front]	[85.2344, 87.5339]
39   	3120.24     	0.002   	1.0000  	[21.7, 21.7]	[back, front]	[55.1702, 57.5865]
40   	3117.30     	0.002   	1.0000  	[21.7, 21.7]	[back, front]	[45.4099, 44.8288]
41   	3107.80     	0.002   	1.0000  	[21.7, 21.7]	[hover, back]	[39.0863, 38.3560]
42   	3100.78     	0.002   	1.0000  	[21.7, 21.7]	[hover, front]	[36.5347, 35.9669]
43   	3098.82     	0.002   	1.0000  	[21.7, 21.7]	[back, front]	[33.5855, 35.1160]
44   	3099.73     	0.002   	1.0000  	[21.7, 21.7]	[back, front]	[32.9357, 34.2363]
45   	3095.56     	0.002   	1.0000  	[21.7, 21.7]	[hover, right]	[31.8977, 32.6919]
46   	3097.90     	0.002   	1.0000  	[21.7, 21.7]	[hover, back]	[31.3766, 31.7792]
47   	3091.47     	0.002   	1.0000  	[21.7, 21.7]	[back, front]	[30.7145, 31.4057]
48   	3093.33     	0.002   	1.0000  	[21.7, 21.7]	[front, hover]	[30.2068, 30.8253]
49   	3091.00     	0.002   	1.0000  	[21.7, 21.7]	[hover, back]	[29.5425, 30.3531]
50   	3086.73     	0.002   	1.0000  	[21.7, 21.7]	[hover, front]	[29.4775, 29.6337]
51   	3087.98     	0.002   	1.0000  	[21.7, 21.7]	[back, left]	[29.3244, 29.1770]
52   	3084.62     	0.002   	1.0000  	[21.7, 21.7]	[front, back]	[28.6475, 29.3062]
53   	3082.61     	0.002   	1.0000  	[21.7, 21.7]	[hover, hover]	[27.8874, 29.1052]
54   	3083.22     	0.002   	1.0000  	[21.7, 21.7]	[hover, front]	[27.6399, 28.4795]
55   	3083.89     	0.002   	1.0000  	[21.7, 21.7]	[front, hover]	[27.3503, 27.9901]
56   	3082.78     	0.002   	1.0000  	[21.7, 21.7]	[hover, right]	[26.9608, 27.1571]
57   	3082.53     	0.002   	1.0000  	[21.7, 21.7]	[front, back]	[27.8121, 26.9787]
58   	3080.86     	0.002   	1.0000  	[21.7, 21.7]	[hover, left]	[27.9909, 26.9150]
59   	3080.47     	0.002   	1.0000  	[21.7, 21.7]	[hover, back]	[27.6733, 27.2935]
60   	3080.70     	0.002   	1.0000  	[21.7, 21.7]	[hover, back]	[27.0843, 27.2029]
61   	3081.98     	0.002   	1.0000  	[21.7, 21.7]	[hover, back]	[27.0639, 28.3033]
62   	3081.92     	0.002   	1.0000  	[21.7, 21.7]	[back, back]	[26.9231, 36.1722]
63   	3081.47     	0.002   	1.0000  	[21.7, 21.7]	[front, hover]	[26.7659, 29.1191]
64   	3081.34     	0.002   	1.0000  	[21.7, 21.7]	[hover, hover]	[26.6751, 27.1686]
65   	3080.59     	0.002   	1.0000  	[21.7, 21.7]	[right, hover]	[26.4928, 26.9750]
66   	3076.53     	0.002   	1.0000  	[21.7, 21.7]	[front, hover]	[26.6278, 26.6470]
67   	3078.15     	0.002   	1.0000  	[21.7, 21.7]	[right, hover]	[27.2715, 26.3308]
68   	3075.11     	0.002   	1.0000  	[21.7, 21.7]	[right, hover]	[27.2656, 26.2637]
69   	3074.94     	0.002   	1.0000  	[21.7, 21.7]	[right, front]	[27.1866, 26.2115]
70   	3075.48     	0.002   	1.0000  	[21.7, 21.7]	[right, front]	[28.6057, 26.1741]
71   	3071.62     	0.002   	1.0000  	[21.7, 21.7]	[right, front]	[31.0263, 26.3263]
72   	3071.70     	0.002   	1.0000  	[21.7, 21.7]	[right, hover]	[31.8719, 26.3940]
73   	3069.60     	0.002   	1.0000  	[21.7, 21.7]	[up, hover]	[47.4692, 26.3353]
74   	3027.79     	0.002   	1.0000  	[27.1, 21.7]	[front, hover]	[84.0427, 26.2677]
75   	2814.51     	0.002   	1.0000  	[27.1, 21.7]	[hover, hover]	[47.1101, 26.1424]
76   	2707.98     	0.002   	1.0000  	[27.1, 21.7]	[hover, back]	[31.1944, 25.9285]
77   	2664.75     	0.002   	1.0000  	[27.1, 21.7]	[down, right]	[27.5991, 25.8926]
78   	2663.50     	0.002   	1.0000  	[21.7, 21.7]	[front, right]	[28.2833, 26.2921]
79   	2656.64     	0.002   	1.0000  	[21.7, 21.7]	[right, right]	[31.3982, 27.0835]
80   	2643.60     	0.002   	1.0000  	[21.7, 21.7]	[hover, right]	[29.3901, 28.1037]
81   	2633.20     	0.002   	1.0000  	[21.7, 21.7]	[hover, back]	[28.2100, 29.4009]
82   	2627.44     	0.002   	1.0000  	[21.7, 21.7]	[hover, right]	[27.4725, 31.4085]
83   	2622.29     	0.002   	1.0000  	[21.7, 21.7]	[back, back]	[26.9717, 35.7451]
84   	2614.44     	0.002   	1.0000  	[21.7, 21.7]	[back, right]	[27.4552, 41.5300]
85   	2606.77     	0.002   	1.0000  	[21.7, 21.7]	[back, right]	[26.4479, 72.0186]
86   	2556.93     	0.002   	1.0000  	[21.7, 21.7]	[back, right]	[26.6976, 149.7325]
87   	2295.90     	0.001   	1.0000  	[21.7, 21.7]	[back, hover]	[29.5012, 74.1195]
88   	2178.36     	0.001   	1.0000  	[21.7, 21.7]	[back, hover]	[36.9851, 45.0432]
89   	2129.22     	0.001   	1.0000  	[21.7, 21.7]	[back, hover]	[70.8611, 34.9828]
90   	2114.88     	0.001   	1.0000  	[21.7, 21.7]	[up, hover]	[77.4207, 31.2085]
91   	2099.30     	0.001   	1.0000  	[27.1, 21.7]	[left, hover]	[49.1555, 29.1501]
92   	2101.83     	0.001   	1.0000  	[27.1, 21.7]	[hover, hover]	[34.7943, 28.9084]
93   	2100.67     	0.001   	1.0000  	[27.1, 21.7]	[down, hover]	[30.2201, 28.7587]
94   	2101.62     	0.001   	1.0000  	[21.7, 21.7]	[back, hover]	[32.0690, 27.9486]
95   	2101.18     	0.001   	1.0000  	[21.7, 21.7]	[hover, hover]	[29.6667, 27.1028]
96   	2102.35     	0.001   	1.0000  	[21.7, 21.7]	[hover, hover]	[29.2070, 27.4752]
97   	2101.49     	0.001   	1.0000  	[21.7, 21.7]	[hover, hover]	[28.5563, 27.7124]
98   	2102.70     	0.001   	1.0000  	[21.7, 21.7]	[hover, hover]	[27.3348, 27.7156]
99   	2102.75     	0.001   	1.0000  	[21.7, 21.7]	[hover, hover]	[27.5304, 27.9789]
[2025-12-11T10:44:53]
Strategy: greedy_ig
Pairwise: biased
Num agents: 2
Iteration: 17
Error margin: None
Gaussian radius 4 
Grid info: range: 0-50-50, cell_size:0.125, map shape: (400, 400), center:True
init UAV positions: [(-25.0, 25.0, 5.4), (25.0, 25.0, 5.4)]
mcts_params: {}
Step	Entropy	MSE	Coverage	Heights	Actions	IGs
------------------------------------------------------------------------------------------------------------------------
0    	158805.66   	0.435   	0.0078  	[5.4, 5.4]	[up, up]	[762.1469, 759.8292]
1    	155574.86   	0.438   	0.0312  	[10.8, 10.8]	[up, up]	[903.5517, 896.1341]
2    	150998.93   	0.444   	0.0703  	[16.2, 16.2]	[up, up]	[885.6158, 886.2037]
3    	145656.66   	0.441   	0.1250  	[21.7, 21.7]	[right, back]	[883.5744, 879.0991]
4    	140583.52   	0.422   	0.1562  	[21.7, 21.7]	[back, left]	[914.9191, 920.7158]
5    	134556.25   	0.412   	0.1953  	[21.7, 21.7]	[back, left]	[941.0047, 944.3896]
6    	128566.16   	0.399   	0.2344  	[21.7, 21.7]	[right, back]	[1050.5561, 1047.9384]
7    	121904.40   	0.378   	0.2812  	[21.7, 21.7]	[right, back]	[1116.8827, 1120.2608]
8    	114774.43   	0.355   	0.3281  	[21.7, 21.7]	[back, left]	[1222.8234, 1243.9610]
9    	106950.53   	0.333   	0.3828  	[21.7, 21.7]	[back, left]	[1296.1740, 1316.4808]
10   	98664.69    	0.309   	0.4375  	[21.7, 21.7]	[right, back]	[1421.1774, 1432.2332]
11   	89525.20    	0.276   	0.5000  	[21.7, 21.7]	[back, back]	[1433.0429, 1465.4616]
12   	80571.63    	0.231   	0.5625  	[21.7, 21.7]	[back, back]	[1483.7358, 1513.6393]
13   	71196.89    	0.179   	0.6250  	[21.7, 21.7]	[back, back]	[1518.6164, 1536.2847]
14   	61506.44    	0.129   	0.6875  	[21.7, 21.7]	[back, back]	[1533.4103, 1535.9336]
15   	51809.52    	0.092   	0.7500  	[21.7, 21.7]	[back, back]	[1555.1077, 1538.5433]
16   	41950.80    	0.059   	0.8125  	[21.7, 21.7]	[back, back]	[1562.3033, 1527.7099]
17   	32052.10    	0.041   	0.8750  	[21.7, 21.7]	[back, back]	[1566.4535, 1522.6693]
18   	22375.35    	0.031   	0.9375  	[21.7, 21.7]	[back, back]	[1567.3596, 1546.4144]
19   	12396.20    	0.029   	1.0000  	[21.7, 21.7]	[right, left]	[1315.7454, 1301.2582]
20   	8378.98     	0.013   	1.0000  	[21.7, 21.7]	[right, left]	[1237.9720, 1245.8788]
21   	6281.73     	0.008   	1.0000  	[21.7, 21.7]	[right, left]	[1245.0180, 1259.5975]
22   	5739.31     	0.008   	1.0000  	[21.7, 21.7]	[right, left]	[1254.0887, 1275.8348]
23   	5588.25     	0.007   	1.0000  	[21.7, 21.7]	[right, left]	[1408.3701, 1411.9319]
24   	5563.04     	0.007   	1.0000  	[21.7, 21.7]	[right, left]	[1537.8469, 1544.8953]
25   	5484.62     	0.007   	1.0000  	[21.7, 21.7]	[right, left]	[1562.5719, 1567.3283]
26   	5209.09     	0.007   	1.0000  	[21.7, 21.7]	[right, left]	[1545.7894, 1569.2636]
27   	4350.63     	0.006   	1.0000  	[21.7, 21.7]	[front, front]	[1442.2762, 1469.3228]
28   	4257.01     	0.005   	1.0000  	[21.7, 21.7]	[front, front]	[1462.8384, 1488.9669]
29   	4217.58     	0.004   	1.0000  	[21.7, 21.7]	[front, front]	[1479.2491, 1530.5928]
30   	4207.84     	0.004   	1.0000  	[21.7, 21.7]	[front, front]	[1517.5025, 1555.0556]
31   	4212.49     	0.004   	1.0000  	[21.7, 21.7]	[front, front]	[1526.6769, 1557.5245]
32   	4212.34     	0.004   	1.0000  	[21.7, 21.7]	[front, front]	[1544.7164, 1550.4292]
33   	4188.58     	0.004   	1.0000  	[21.7, 21.7]	[front, front]	[1549.4677, 1544.4784]
34   	4064.72     	0.004   	1.0000  	[21.7, 21.7]	[front, front]	[1540.5339, 1562.3839]
35   	3651.67     	0.003   	1.0000  	[21.7, 21.7]	[hover, hover]	[798.2802, 810.0186]
36   	3357.82     	0.003   	1.0000  	[21.7, 21.7]	[left, hover]	[366.6805, 309.4933]
37   	3176.65     	0.003   	1.0000  	[21.7, 21.7]	[right, right]	[145.2849, 124.2515]
38   	3119.81     	0.002   	1.0000  	[21.7, 21.7]	[left, right]	[88.6543, 61.4321]
39   	3105.03     	0.002   	1.0000  	[21.7, 21.7]	[right, left]	[53.4069, 40.8327]
40   	3100.07     	0.003   	1.0000  	[21.7, 21.7]	[left, left]	[42.4277, 44.1071]
41   	3092.78     	0.002   	1.0000  	[21.7, 21.7]	[left, hover]	[37.4564, 33.0710]
42   	3087.89     	0.002   	1.0000  	[21.7, 21.7]	[left, back]	[33.7003, 30.7989]
43   	3085.37     	0.002   	1.0000  	[21.7, 21.7]	[left, back]	[31.7873, 32.1264]
44   	3085.51     	0.002   	1.0000  	[21.7, 21.7]	[left, back]	[30.6317, 34.2256]
45   	3084.59     	0.002   	1.0000  	[21.7, 21.7]	[left, back]	[30.2675, 34.8453]
46   	3082.80     	0.002   	1.0000  	[21.7, 21.7]	[left, back]	[30.0852, 38.3377]
47   	3080.68     	0.002   	1.0000  	[21.7, 21.7]	[back, back]	[29.6452, 45.9259]
48   	3078.74     	0.002   	1.0000  	[21.7, 21.7]	[back, back]	[29.9442, 75.3372]
49   	3030.49     	0.002   	1.0000  	[21.7, 21.7]	[back, back]	[33.1354, 146.5167]
50   	2783.51     	0.002   	1.0000  	[21.7, 21.7]	[back, hover]	[32.9816, 78.9815]
51   	2668.12     	0.002   	1.0000  	[21.7, 21.7]	[back, hover]	[33.1922, 46.8595]
52   	2618.74     	0.002   	1.0000  	[21.7, 21.7]	[left, hover]	[36.4810, 33.9180]
53   	2603.11     	0.002   	1.0000  	[21.7, 21.7]	[back, hover]	[43.7076, 31.1872]
54   	2597.86     	0.002   	1.0000  	[21.7, 21.7]	[back, hover]	[61.2434, 29.3476]
55   	2598.99     	0.002   	1.0000  	[21.7, 21.7]	[up, right]	[69.5399, 29.1252]
56   	2593.28     	0.002   	1.0000  	[27.1, 21.7]	[right, right]	[44.5008, 28.4429]
57   	2588.77     	0.002   	1.0000  	[27.1, 21.7]	[hover, right]	[30.1157, 28.6370]
58   	2584.86     	0.002   	1.0000  	[27.1, 21.7]	[down, right]	[28.6709, 32.2732]
59   	2584.88     	0.002   	1.0000  	[21.7, 21.7]	[left, right]	[29.4702, 35.8644]
60   	2581.28     	0.002   	1.0000  	[21.7, 21.7]	[back, right]	[30.4223, 43.8783]
61   	2571.33     	0.002   	1.0000  	[21.7, 21.7]	[hover, right]	[29.1835, 73.0235]
62   	2522.74     	0.002   	1.0000  	[21.7, 21.7]	[front, right]	[28.2046, 149.6731]
63   	2263.71     	0.002   	1.0000  	[21.7, 21.7]	[front, hover]	[28.2938, 74.2344]
64   	2148.27     	0.001   	1.0000  	[21.7, 21.7]	[hover, hover]	[27.6251, 42.0333]
65   	2099.86     	0.001   	1.0000  	[21.7, 21.7]	[hover, hover]	[27.1975, 33.0093]
66   	2088.40     	0.001   	1.0000  	[21.7, 21.7]	[hover, hover]	[27.1205, 29.8467]
67   	2085.05     	0.001   	1.0000  	[21.7, 21.7]	[front, front]	[26.9524, 28.6203]
68   	2082.08     	0.001   	1.0000  	[21.7, 21.7]	[front, hover]	[27.6638, 28.3448]
69   	2081.02     	0.001   	1.0000  	[21.7, 21.7]	[front, back]	[27.6389, 27.7728]
70   	2078.55     	0.001   	1.0000  	[21.7, 21.7]	[hover, hover]	[27.8073, 27.3158]
71   	2079.25     	0.001   	1.0000  	[21.7, 21.7]	[hover, hover]	[27.7789, 27.3139]
72   	2071.93     	0.001   	1.0000  	[21.7, 21.7]	[hover, hover]	[27.6149, 26.8425]
73   	2069.05     	0.001   	1.0000  	[21.7, 21.7]	[hover, hover]	[27.3738, 26.3651]
74   	2069.01     	0.001   	1.0000  	[21.7, 21.7]	[hover, hover]	[27.0824, 26.2606]
75   	2071.22     	0.001   	1.0000  	[21.7, 21.7]	[hover, hover]	[26.8368, 26.2473]
76   	2067.84     	0.001   	1.0000  	[21.7, 21.7]	[hover, front]	[26.4751, 25.9044]
77   	2065.99     	0.001   	1.0000  	[21.7, 21.7]	[hover, left]	[26.1494, 26.1161]
78   	2066.40     	0.001   	1.0000  	[21.7, 21.7]	[right, front]	[26.0296, 26.0319]
79   	2068.85     	0.001   	1.0000  	[21.7, 21.7]	[right, front]	[25.9048, 26.1325]
80   	2065.60     	0.001   	1.0000  	[21.7, 21.7]	[left, front]	[25.8596, 26.6482]
81   	2063.98     	0.001   	1.0000  	[21.7, 21.7]	[hover, front]	[26.1290, 29.4214]
82   	2062.91     	0.001   	1.0000  	[21.7, 21.7]	[hover, front]	[25.7655, 30.3045]
83   	2062.02     	0.001   	1.0000  	[21.7, 21.7]	[hover, front]	[25.9366, 31.2426]
84   	2060.51     	0.001   	1.0000  	[21.7, 21.7]	[right, front]	[26.0176, 30.8415]
85   	2061.59     	0.001   	1.0000  	[21.7, 21.7]	[front, hover]	[25.6786, 29.3555]
86   	2058.51     	0.001   	1.0000  	[21.7, 21.7]	[right, hover]	[25.4863, 28.5039]
87   	2062.39     	0.001   	1.0000  	[21.7, 21.7]	[right, right]	[25.4728, 27.9439]
88   	2061.12     	0.001   	1.0000  	[21.7, 21.7]	[right, left]	[25.9481, 27.2878]
89   	2060.64     	0.001   	1.0000  	[21.7, 21.7]	[front, hover]	[26.1930, 27.1868]
90   	2057.06     	0.001   	1.0000  	[21.7, 21.7]	[right, back]	[26.2553, 27.1968]
91   	2056.09     	0.001   	1.0000  	[21.7, 21.7]	[front, back]	[26.0673, 26.8043]
92   	2055.05     	0.001   	1.0000  	[21.7, 21.7]	[right, right]	[27.2403, 26.6413]
93   	2054.37     	0.001   	1.0000  	[21.7, 21.7]	[right, left]	[30.1528, 26.6673]
94   	2053.31     	0.001   	1.0000  	[21.7, 21.7]	[hover, hover]	[27.1677, 26.8657]
95   	2058.15     	0.001   	1.0000  	[21.7, 21.7]	[hover, hover]	[26.4750, 26.2783]
96   	2053.89     	0.001   	1.0000  	[21.7, 21.7]	[hover, hover]	[26.2909, 26.7793]
97   	2054.38     	0.001   	1.0000  	[21.7, 21.7]	[hover, hover]	[26.0975, 26.5576]
98   	2052.69     	0.001   	1.0000  	[21.7, 21.7]	[back, hover]	[26.1249, 26.6365]
99   	2054.25     	0.001   	1.0000  	[21.7, 21.7]	[back, hover]	[25.9169, 26.3133]
[2025-12-11T10:44:59]
Strategy: greedy_ig
Pairwise: biased
Num agents: 2
Iteration: 18
Error margin: None
Gaussian radius 4 
Grid info: range: 0-50-50, cell_size:0.125, map shape: (400, 400), center:True
init UAV positions: [(-25.0, -25.0, 5.4), (25.0, 25.0, 5.4)]
mcts_params: {}
Step	Entropy	MSE	Coverage	Heights	Actions	IGs
------------------------------------------------------------------------------------------------------------------------
0    	158805.66   	0.435   	0.0078  	[5.4, 5.4]	[up, up]	[762.1469, 759.8292]
1    	155590.45   	0.438   	0.0312  	[10.8, 10.8]	[up, up]	[909.4220, 896.1341]
2    	151023.03   	0.444   	0.0703  	[16.2, 16.2]	[up, up]	[887.3741, 886.2037]
3    	145707.58   	0.440   	0.1250  	[21.7, 21.7]	[front, back]	[889.5503, 879.0991]
4    	140665.51   	0.420   	0.1562  	[21.7, 21.7]	[right, left]	[927.0414, 920.7158]
5    	134635.40   	0.413   	0.1953  	[21.7, 21.7]	[right, left]	[952.7998, 944.3896]
6    	128620.05   	0.407   	0.2344  	[21.7, 21.7]	[front, back]	[1058.6879, 1047.9384]
7    	121836.29   	0.369   	0.2812  	[21.7, 21.7]	[front, back]	[1111.3746, 1120.2608]
8    	114853.21   	0.328   	0.3281  	[21.7, 21.7]	[right, left]	[1237.6146, 1243.9610]
9    	107020.35   	0.316   	0.3828  	[21.7, 21.7]	[right, left]	[1313.3754, 1316.4808]
10   	98732.80    	0.293   	0.4375  	[21.7, 21.7]	[front, back]	[1438.3143, 1432.2332]
11   	89582.85    	0.248   	0.5000  	[21.7, 21.7]	[front, back]	[1478.4974, 1465.4616]
12   	80474.75    	0.203   	0.5625  	[21.7, 21.7]	[front, back]	[1516.3185, 1513.6393]
13   	70944.15    	0.163   	0.6250  	[21.7, 21.7]	[front, back]	[1536.7501, 1536.2847]
14   	61248.25    	0.125   	0.6875  	[21.7, 21.7]	[front, back]	[1553.8671, 1535.9336]
15   	51470.11    	0.089   	0.7500  	[21.7, 21.7]	[front, back]	[1557.9325, 1538.5433]
16   	41533.48    	0.057   	0.8125  	[21.7, 21.7]	[front, back]	[1554.3546, 1527.7099]
17   	31613.93    	0.040   	0.8750  	[21.7, 21.7]	[front, back]	[1554.1924, 1522.6693]
18   	21808.35    	0.030   	0.9375  	[21.7, 21.7]	[front, back]	[1540.8971, 1546.4144]
19   	11884.07    	0.029   	1.0000  	[21.7, 21.7]	[right, left]	[1438.9090, 1444.1506]
20   	8048.27     	0.013   	1.0000  	[21.7, 21.7]	[right, left]	[1459.9142, 1475.6558]
21   	5717.55     	0.008   	1.0000  	[21.7, 21.7]	[right, left]	[1503.6576, 1519.5694]
22   	4972.69     	0.007   	1.0000  	[21.7, 21.7]	[right, left]	[1515.7653, 1537.2635]
23   	4746.34     	0.006   	1.0000  	[21.7, 21.7]	[right, left]	[1529.5682, 1540.0466]
24   	4658.58     	0.006   	1.0000  	[21.7, 21.7]	[right, left]	[1542.5224, 1552.5705]
25   	4610.35     	0.006   	1.0000  	[21.7, 21.7]	[right, left]	[1556.4792, 1569.1384]
26   	4573.50     	0.006   	1.0000  	[21.7, 21.7]	[right, left]	[1541.5989, 1569.5477]
27   	4540.33     	0.006   	1.0000  	[21.7, 21.7]	[back, front]	[1442.3036, 1469.3228]
28   	4547.12     	0.006   	1.0000  	[21.7, 21.7]	[back, front]	[1478.6326, 1488.9669]
29   	4551.94     	0.006   	1.0000  	[21.7, 21.7]	[back, front]	[1524.2481, 1530.5928]
30   	4563.89     	0.006   	1.0000  	[21.7, 21.7]	[back, front]	[1520.7292, 1555.0556]
31   	4554.70     	0.006   	1.0000  	[21.7, 21.7]	[back, front]	[1523.6894, 1557.5245]
32   	4543.86     	0.006   	1.0000  	[21.7, 21.7]	[back, front]	[1532.6844, 1550.4292]
33   	4452.71     	0.005   	1.0000  	[21.7, 21.7]	[back, front]	[1526.0004, 1544.4784]
34   	4157.65     	0.005   	1.0000  	[21.7, 21.7]	[back, front]	[1528.3175, 1562.3839]
35   	3300.32     	0.004   	1.0000  	[21.7, 21.7]	[hover, hover]	[797.3895, 810.0186]
36   	2698.67     	0.002   	1.0000  	[21.7, 21.7]	[left, hover]	[316.3484, 309.4933]
37   	2461.64     	0.002   	1.0000  	[21.7, 21.7]	[right, right]	[142.9204, 131.1016]
38   	2293.30     	0.002   	1.0000  	[21.7, 21.7]	[left, right]	[69.7669, 63.3192]
39   	2283.03     	0.002   	1.0000  	[21.7, 21.7]	[left, hover]	[54.6068, 41.2377]
40   	2270.84     	0.002   	1.0000  	[21.7, 21.7]	[right, left]	[40.8658, 36.5909]
41   	2265.35     	0.002   	1.0000  	[21.7, 21.7]	[right, left]	[46.4223, 42.5135]
42   	2182.29     	0.002   	1.0000  	[21.7, 21.7]	[hover, hover]	[38.6908, 32.3756]
43   	2157.90     	0.001   	1.0000  	[21.7, 21.7]	[hover, back]	[34.6465, 30.4689]
44   	2154.16     	0.001   	1.0000  	[21.7, 21.7]	[left, back]	[32.5539, 31.4231]
45   	2151.25     	0.001   	1.0000  	[21.7, 21.7]	[left, back]	[33.4513, 34.5619]
46   	2140.96     	0.001   	1.0000  	[21.7, 21.7]	[left, back]	[32.3069, 34.4079]
47   	2139.27     	0.001   	1.0000  	[21.7, 21.7]	[left, back]	[32.0925, 37.9173]
48   	2144.79     	0.001   	1.0000  	[21.7, 21.7]	[hover, back]	[30.5724, 45.0798]
49   	2146.48     	0.001   	1.0000  	[21.7, 21.7]	[left, back]	[30.3266, 74.4523]
50   	2139.57     	0.001   	1.0000  	[21.7, 21.7]	[front, back]	[29.9792, 144.5507]
51   	2140.70     	0.001   	1.0000  	[21.7, 21.7]	[front, hover]	[29.4450, 76.5990]
52   	2134.22     	0.001   	1.0000  	[21.7, 21.7]	[left, hover]	[29.9127, 44.0550]
53   	2131.22     	0.001   	1.0000  	[21.7, 21.7]	[left, hover]	[30.9702, 34.5164]
54   	2131.46     	0.001   	1.0000  	[21.7, 21.7]	[front, hover]	[31.0612, 30.4133]
55   	2131.55     	0.001   	1.0000  	[21.7, 21.7]	[front, hover]	[31.5848, 30.0109]
56   	2125.41     	0.001   	1.0000  	[21.7, 21.7]	[left, hover]	[33.1713, 29.3492]
57   	2122.03     	0.001   	1.0000  	[21.7, 21.7]	[front, right]	[35.9944, 29.0711]
58   	2119.56     	0.001   	1.0000  	[21.7, 21.7]	[front, right]	[41.9629, 28.6558]
59   	2119.88     	0.001   	1.0000  	[21.7, 21.7]	[front, right]	[68.4882, 29.1873]
60   	2117.51     	0.001   	1.0000  	[21.7, 21.7]	[front, right]	[137.5192, 32.1445]
61   	2110.76     	0.001   	1.0000  	[21.7, 21.7]	[hover, right]	[70.4757, 35.9226]
62   	2112.48     	0.001   	1.0000  	[21.7, 21.7]	[hover, right]	[40.1604, 43.6667]
63   	2113.77     	0.001   	1.0000  	[21.7, 21.7]	[hover, right]	[29.5969, 73.0759]
64   	2111.92     	0.001   	1.0000  	[21.7, 21.7]	[right, right]	[27.1926, 149.0588]
65   	2103.53     	0.001   	1.0000  	[21.7, 21.7]	[right, hover]	[27.1937, 73.0651]
66   	2095.30     	0.001   	1.0000  	[21.7, 21.7]	[right, hover]	[27.9296, 41.6521]
67   	2096.04     	0.001   	1.0000  	[21.7, 21.7]	[right, hover]	[29.5528, 32.2099]
68   	2091.97     	0.001   	1.0000  	[21.7, 21.7]	[right, front]	[30.8435, 29.6492]
69   	2089.81     	0.001   	1.0000  	[21.7, 21.7]	[right, hover]	[36.0534, 29.0539]
70   	2085.99     	0.001   	1.0000  	[21.7, 21.7]	[right, left]	[66.8283, 28.3694]
71   	2082.95     	0.001   	1.0000  	[21.7, 21.7]	[right, right]	[133.8282, 27.5732]
72   	2081.10     	0.001   	1.0000  	[21.7, 21.7]	[hover, back]	[60.8067, 27.7876]
73   	2078.52     	0.001   	1.0000  	[21.7, 21.7]	[hover, hover]	[35.4492, 27.4025]
74   	2076.85     	0.001   	1.0000  	[21.7, 21.7]	[hover, hover]	[29.2395, 27.6651]
75   	2076.08     	0.001   	1.0000  	[21.7, 21.7]	[left, hover]	[27.8389, 27.2173]
76   	2071.64     	0.001   	1.0000  	[21.7, 21.7]	[right, hover]	[27.5834, 26.9131]
77   	2073.10     	0.001   	1.0000  	[21.7, 21.7]	[hover, hover]	[27.2968, 26.7230]
78   	2074.78     	0.001   	1.0000  	[21.7, 21.7]	[left, hover]	[26.8860, 26.2759]
79   	2073.25     	0.001   	1.0000  	[21.7, 21.7]	[back, left]	[26.5337, 26.0091]
80   	2071.26     	0.001   	1.0000  	[21.7, 21.7]	[back, right]	[26.5175, 25.9014]
81   	2070.79     	0.001   	1.0000  	[21.7, 21.7]	[hover, left]	[26.3834, 25.8670]
82   	2064.77     	0.001   	1.0000  	[21.7, 21.7]	[hover, hover]	[26.4114, 25.9330]
83   	2065.00     	0.001   	1.0000  	[21.7, 21.7]	[hover, hover]	[26.1850, 26.1753]
84   	2065.65     	0.001   	1.0000  	[21.7, 21.7]	[hover, right]	[25.8659, 25.7190]
85   	2063.03     	0.001   	1.0000  	[21.7, 21.7]	[hover, left]	[25.9706, 25.9602]
86   	2064.70     	0.001   	1.0000  	[21.7, 21.7]	[back, right]	[26.1155, 26.0558]
87   	2064.65     	0.001   	1.0000  	[21.7, 21.7]	[hover, hover]	[26.2417, 25.9023]
88   	2064.77     	0.001   	1.0000  	[21.7, 21.7]	[hover, left]	[25.7799, 25.8378]
89   	2062.55     	0.001   	1.0000  	[21.7, 21.7]	[hover, right]	[25.8073, 25.8876]
90   	2064.22     	0.001   	1.0000  	[21.7, 21.7]	[hover, hover]	[25.8826, 25.8902]
91   	2061.37     	0.001   	1.0000  	[21.7, 21.7]	[hover, hover]	[25.6759, 25.9541]
92   	2061.68     	0.001   	1.0000  	[21.7, 21.7]	[hover, hover]	[25.5862, 25.9363]
93   	2062.28     	0.001   	1.0000  	[21.7, 21.7]	[hover, hover]	[25.8120, 25.7442]
94   	2065.30     	0.001   	1.0000  	[21.7, 21.7]	[right, hover]	[25.5523, 25.5333]
95   	2065.25     	0.001   	1.0000  	[21.7, 21.7]	[left, hover]	[25.5699, 25.1989]
96   	2064.43     	0.001   	1.0000  	[21.7, 21.7]	[hover, hover]	[25.4759, 25.1702]
97   	2059.45     	0.001   	1.0000  	[21.7, 21.7]	[hover, hover]	[25.4083, 25.3501]
98   	2059.78     	0.001   	1.0000  	[21.7, 21.7]	[right, hover]	[25.2676, 25.2175]
99   	2057.51     	0.001   	1.0000  	[21.7, 21.7]	[front, hover]	[25.3492, 25.3326]
[2025-12-11T10:45:06]
Strategy: greedy_ig
Pairwise: biased
Num agents: 2
Iteration: 19
Error margin: None
Gaussian radius 4 
Grid info: range: 0-50-50, cell_size:0.125, map shape: (400, 400), center:True
init UAV positions: [(-25.0, -25.0, 5.4), (-25.0, 25.0, 5.4)]
mcts_params: {}
Step	Entropy	MSE	Coverage	Heights	Actions	IGs
------------------------------------------------------------------------------------------------------------------------
0    	158805.66   	0.435   	0.0078  	[5.4, 5.4]	[up, up]	[762.1469, 759.8292]
1    	155594.58   	0.438   	0.0312  	[10.8, 10.8]	[up, up]	[909.4220, 896.6945]
2    	151058.41   	0.444   	0.0703  	[16.2, 16.2]	[up, up]	[887.3741, 895.2033]
3    	145741.12   	0.451   	0.1250  	[21.7, 21.7]	[front, right]	[889.5503, 884.9328]
4    	140593.95   	0.445   	0.1562  	[21.7, 21.7]	[right, back]	[927.0414, 908.8071]
5    	134560.84   	0.442   	0.1953  	[21.7, 21.7]	[right, back]	[952.7998, 934.8653]
6    	128611.78   	0.436   	0.2344  	[21.7, 21.7]	[front, right]	[1058.6879, 1045.6857]
7    	121854.17   	0.422   	0.2812  	[21.7, 21.7]	[front, back]	[1111.3746, 1122.1147]
8    	114879.54   	0.396   	0.3281  	[21.7, 21.7]	[right, right]	[1237.6146, 1245.7977]
9    	107064.91   	0.399   	0.3828  	[21.7, 21.7]	[right, right]	[1313.3754, 1327.3502]
10   	98830.76    	0.385   	0.4375  	[21.7, 21.7]	[front, back]	[1438.3143, 1455.0738]
11   	89692.87    	0.355   	0.5000  	[21.7, 21.7]	[right, right]	[1443.2400, 1448.9303]
12   	80816.58    	0.322   	0.5625  	[21.7, 21.7]	[right, right]	[1485.1734, 1486.8507]
13   	71548.84    	0.284   	0.6250  	[21.7, 21.7]	[right, right]	[1516.8363, 1520.7791]
14   	61914.24    	0.245   	0.6875  	[21.7, 21.7]	[right, right]	[1530.6056, 1525.5450]
15   	52098.52    	0.201   	0.7500  	[21.7, 21.7]	[right, right]	[1525.8263, 1532.6812]
16   	42365.50    	0.155   	0.8125  	[21.7, 21.7]	[right, right]	[1538.8281, 1546.8252]
17   	32620.96    	0.110   	0.8750  	[21.7, 21.7]	[right, right]	[1549.2207, 1556.3675]
18   	22870.19    	0.068   	0.9375  	[21.7, 21.7]	[right, right]	[1550.1416, 1569.0595]
19   	12881.63    	0.030   	1.0000  	[21.7, 21.7]	[front, back]	[1310.1196, 1311.8300]
20   	8890.15     	0.014   	1.0000  	[21.7, 21.7]	[front, back]	[1231.0103, 1254.3887]
21   	6777.44     	0.010   	1.0000  	[21.7, 21.7]	[front, back]	[1242.6937, 1255.5778]
22   	6200.96     	0.009   	1.0000  	[21.7, 21.7]	[front, back]	[1263.4372, 1264.7290]
23   	6043.69     	0.008   	1.0000  	[21.7, 21.7]	[front, back]	[1405.8770, 1414.9244]
24   	6009.67     	0.008   	1.0000  	[21.7, 21.7]	[front, back]	[1529.8215, 1534.5166]
25   	5956.71     	0.008   	1.0000  	[21.7, 21.7]	[front, back]	[1542.1312, 1548.6198]
26   	5650.19     	0.008   	1.0000  	[21.7, 21.7]	[front, back]	[1536.7185, 1561.4860]
27   	4807.70     	0.007   	1.0000  	[21.7, 21.7]	[left, left]	[1431.3450, 1453.1936]
28   	4689.31     	0.005   	1.0000  	[21.7, 21.7]	[left, left]	[1468.3737, 1479.5167]
29   	4656.32     	0.005   	1.0000  	[21.7, 21.7]	[left, left]	[1500.3588, 1537.8360]
30   	4659.35     	0.005   	1.0000  	[21.7, 21.7]	[left, left]	[1524.2390, 1551.9207]
31   	4653.53     	0.005   	1.0000  	[21.7, 21.7]	[left, left]	[1534.4733, 1544.4501]
32   	4648.17     	0.005   	1.0000  	[21.7, 21.7]	[left, left]	[1547.6614, 1541.8069]
33   	4577.98     	0.005   	1.0000  	[21.7, 21.7]	[left, left]	[1540.9740, 1558.4026]
34   	4367.31     	0.005   	1.0000  	[21.7, 21.7]	[left, left]	[1538.7834, 1545.0036]
35   	3812.64     	0.004   	1.0000  	[21.7, 21.7]	[hover, hover]	[793.6292, 799.0061]
36   	3430.16     	0.003   	1.0000  	[21.7, 21.7]	[back, front]	[357.9632, 365.5615]
37   	3165.81     	0.003   	1.0000  	[21.7, 21.7]	[front, back]	[142.5790, 139.4106]
38   	3129.63     	0.002   	1.0000  	[21.7, 21.7]	[back, front]	[85.2344, 87.5339]
39   	3120.24     	0.002   	1.0000  	[21.7, 21.7]	[back, front]	[55.1702, 57.5865]
40   	3117.30     	0.002   	1.0000  	[21.7, 21.7]	[back, front]	[45.4099, 44.8288]
41   	3107.80     	0.002   	1.0000  	[21.7, 21.7]	[hover, back]	[39.0863, 38.3560]
42   	3100.78     	0.002   	1.0000  	[21.7, 21.7]	[hover, front]	[36.5347, 35.9669]
43   	3098.82     	0.002   	1.0000  	[21.7, 21.7]	[back, front]	[33.5855, 35.1160]
44   	3099.73     	0.002   	1.0000  	[21.7, 21.7]	[back, front]	[32.9357, 34.2363]
45   	3095.56     	0.002   	1.0000  	[21.7, 21.7]	[hover, right]	[31.8977, 32.6919]
46   	3097.90     	0.002   	1.0000  	[21.7, 21.7]	[hover, back]	[31.3766, 31.7792]
47   	3091.47     	0.002   	1.0000  	[21.7, 21.7]	[back, front]	[30.7145, 31.4057]
48   	3093.33     	0.002   	1.0000  	[21.7, 21.7]	[front, hover]	[30.2068, 30.8253]
49   	3091.00     	0.002   	1.0000  	[21.7, 21.7]	[hover, back]	[29.5425, 30.3531]
50   	3086.73     	0.002   	1.0000  	[21.7, 21.7]	[hover, front]	[29.4775, 29.6337]
51   	3087.98     	0.002   	1.0000  	[21.7, 21.7]	[back, left]	[29.3244, 29.1770]
52   	3084.62     	0.002   	1.0000  	[21.7, 21.7]	[front, back]	[28.6475, 29.3062]
53   	3082.61     	0.002   	1.0000  	[21.7, 21.7]	[hover, hover]	[27.8874, 29.1052]
54   	3083.22     	0.002   	1.0000  	[21.7, 21.7]	[hover, front]	[27.6399, 28.4795]
55   	3083.89     	0.002   	1.0000  	[21.7, 21.7]	[front, hover]	[27.3503, 27.9901]
56   	3082.78     	0.002   	1.0000  	[21.7, 21.7]	[hover, right]	[26.9608, 27.1571]
57   	3082.53     	0.002   	1.0000  	[21.7, 21.7]	[front, back]	[27.8121, 26.9787]
58   	3080.86     	0.002   	1.0000  	[21.7, 21.7]	[hover, left]	[27.9909, 26.9150]
59   	3080.47     	0.002   	1.0000  	[21.7, 21.7]	[hover, back]	[27.6733, 27.2935]
60   	3080.70     	0.002   	1.0000  	[21.7, 21.7]	[hover, back]	[27.0843, 27.2029]
61   	3081.98     	0.002   	1.0000  	[21.7, 21.7]	[hover, back]	[27.0639, 28.3033]
62   	3081.92     	0.002   	1.0000  	[21.7, 21.7]	[back, back]	[26.9231, 36.1722]
63   	3081.47     	0.002   	1.0000  	[21.7, 21.7]	[front, hover]	[26.7659, 29.1191]
64   	3081.34     	0.002   	1.0000  	[21.7, 21.7]	[hover, hover]	[26.6751, 27.1686]
65   	3080.59     	0.002   	1.0000  	[21.7, 21.7]	[right, hover]	[26.4928, 26.9750]
66   	3076.53     	0.002   	1.0000  	[21.7, 21.7]	[front, hover]	[26.6278, 26.6470]
67   	3078.15     	0.002   	1.0000  	[21.7, 21.7]	[right, hover]	[27.2715, 26.3308]
68   	3075.11     	0.002   	1.0000  	[21.7, 21.7]	[right, hover]	[27.2656, 26.2637]
69   	3074.94     	0.002   	1.0000  	[21.7, 21.7]	[right, front]	[27.1866, 26.2115]
70   	3075.48     	0.002   	1.0000  	[21.7, 21.7]	[right, front]	[28.6057, 26.1741]
71   	3071.62     	0.002   	1.0000  	[21.7, 21.7]	[right, front]	[31.0263, 26.3263]
72   	3071.70     	0.002   	1.0000  	[21.7, 21.7]	[right, hover]	[31.8719, 26.3940]
73   	3069.60     	0.002   	1.0000  	[21.7, 21.7]	[up, hover]	[47.4692, 26.3353]
74   	3027.79     	0.002   	1.0000  	[27.1, 21.7]	[front, hover]	[84.0427, 26.2677]
75   	2814.51     	0.002   	1.0000  	[27.1, 21.7]	[hover, hover]	[47.1101, 26.1424]
76   	2707.98     	0.002   	1.0000  	[27.1, 21.7]	[hover, back]	[31.1944, 25.9285]
77   	2664.75     	0.002   	1.0000  	[27.1, 21.7]	[down, right]	[27.5991, 25.8926]
78   	2663.50     	0.002   	1.0000  	[21.7, 21.7]	[front, right]	[28.2833, 26.2921]
79   	2656.64     	0.002   	1.0000  	[21.7, 21.7]	[right, right]	[31.3982, 27.0835]
80   	2643.60     	0.002   	1.0000  	[21.7, 21.7]	[hover, right]	[29.3901, 28.1037]
81   	2633.20     	0.002   	1.0000  	[21.7, 21.7]	[hover, back]	[28.2100, 29.4009]
82   	2627.44     	0.002   	1.0000  	[21.7, 21.7]	[hover, right]	[27.4725, 31.4085]
83   	2622.29     	0.002   	1.0000  	[21.7, 21.7]	[back, back]	[26.9717, 35.7451]
84   	2614.44     	0.002   	1.0000  	[21.7, 21.7]	[back, right]	[27.4552, 41.5300]
85   	2606.77     	0.002   	1.0000  	[21.7, 21.7]	[back, right]	[26.4479, 72.0186]
86   	2556.93     	0.002   	1.0000  	[21.7, 21.7]	[back, right]	[26.6976, 149.7325]
87   	2295.90     	0.001   	1.0000  	[21.7, 21.7]	[back, hover]	[29.5012, 74.1195]
88   	2178.36     	0.001   	1.0000  	[21.7, 21.7]	[back, hover]	[36.9851, 45.0432]
89   	2129.22     	0.001   	1.0000  	[21.7, 21.7]	[back, hover]	[70.8611, 34.9828]
90   	2114.88     	0.001   	1.0000  	[21.7, 21.7]	[up, hover]	[77.4207, 31.2085]
91   	2099.30     	0.001   	1.0000  	[27.1, 21.7]	[left, hover]	[49.1555, 29.1501]
92   	2101.83     	0.001   	1.0000  	[27.1, 21.7]	[hover, hover]	[34.7943, 28.9084]
93   	2100.67     	0.001   	1.0000  	[27.1, 21.7]	[down, hover]	[30.2201, 28.7587]
94   	2101.62     	0.001   	1.0000  	[21.7, 21.7]	[back, hover]	[32.0690, 27.9486]
95   	2101.18     	0.001   	1.0000  	[21.7, 21.7]	[hover, hover]	[29.6667, 27.1028]
96   	2102.35     	0.001   	1.0000  	[21.7, 21.7]	[hover, hover]	[29.2070, 27.4752]
97   	2101.49     	0.001   	1.0000  	[21.7, 21.7]	[hover, hover]	[28.5563, 27.7124]
98   	2102.70     	0.001   	1.0000  	[21.7, 21.7]	[hover, hover]	[27.3348, 27.7156]
99   	2102.75     	0.001   	1.0000  	[21.7, 21.7]	[hover, hover]	[27.5304, 27.9789]
[2025-12-11T10:45:12]
Strategy: greedy_ig
Pairwise: adaptive
Num agents: 2
Iteration: 0
Error margin: None
Gaussian radius 4 
Grid info: range: 0-50-50, cell_size:0.125, map shape: (400, 400), center:True
init UAV positions: [(25.0, 25.0, 5.4), (-25.0, 25.0, 5.4)]
mcts_params: {}
Step	Entropy	MSE	Coverage	Heights	Actions	IGs
------------------------------------------------------------------------------------------------------------------------
0    	158843.99   	0.435   	0.0078  	[5.4, 5.4]	[up, up]	[821.9019, 827.6221]
1    	155946.73   	0.439   	0.0312  	[10.8, 10.8]	[up, up]	[1054.4567, 1040.6745]
2    	152603.34   	0.449   	0.0703  	[16.2, 16.2]	[back, back]	[1230.3795, 1219.4512]
3    	149699.60   	0.443   	0.0938  	[16.2, 16.2]	[left, right]	[1417.7063, 1507.7880]
4    	145521.63   	0.440   	0.1250  	[16.2, 16.2]	[back, right]	[1421.6297, 1702.6879]
5    	141096.12   	0.426   	0.1562  	[16.2, 16.2]	[left, back]	[1542.7770, 2016.4307]
6    	135437.72   	0.416   	0.1953  	[16.2, 16.2]	[back, back]	[1590.8216, 2108.7422]
7    	129146.92   	0.390   	0.2344  	[16.2, 16.2]	[left, right]	[1702.6519, 2207.8274]
8    	122108.06   	0.380   	0.2812  	[16.2, 16.2]	[left, right]	[1734.5967, 2138.0033]
9    	115788.09   	0.371   	0.3281  	[16.2, 16.2]	[up, right]	[1854.2054, 2305.3757]
10   	108154.08   	0.343   	0.4062  	[21.7, 16.2]	[back, right]	[2059.2221, 2289.3966]
11   	102719.47   	0.308   	0.4375  	[21.7, 16.2]	[back, right]	[2029.6604, 2222.5748]
12   	97006.14    	0.272   	0.4688  	[21.7, 16.2]	[back, right]	[2095.8471, 2068.4610]
13   	91835.90    	0.240   	0.5000  	[21.7, 16.2]	[back, right]	[2232.5870, 1884.4572]
14   	87771.81    	0.212   	0.5312  	[21.7, 16.2]	[back, right]	[2496.3405, 1786.4504]
15   	84208.58    	0.184   	0.5625  	[21.7, 16.2]	[back, right]	[2766.2893, 1791.2335]
16   	80851.16    	0.157   	0.5938  	[21.7, 16.2]	[back, right]	[3026.8921, 1835.9416]
17   	76771.51    	0.141   	0.6250  	[21.7, 16.2]	[back, right]	[3086.0780, 1882.4780]
18   	72051.81    	0.132   	0.6562  	[21.7, 16.2]	[back, back]	[2995.9692, 1742.5605]
19   	66421.14    	0.127   	0.6875  	[21.7, 16.2]	[left, back]	[2560.8723, 1754.9696]
20   	61203.76    	0.108   	0.7188  	[21.7, 16.2]	[left, back]	[2296.2564, 1691.3238]
21   	56116.86    	0.106   	0.7500  	[21.7, 16.2]	[left, back]	[2176.7659, 1950.3452]
22   	51343.38    	0.105   	0.7812  	[21.7, 16.2]	[left, back]	[2161.8681, 2293.3981]
23   	46409.77    	0.100   	0.8125  	[21.7, 16.2]	[left, back]	[2155.0139, 2596.8442]
24   	41477.57    	0.092   	0.8438  	[21.7, 16.2]	[left, back]	[2168.5137, 2788.0394]
25   	36457.42    	0.081   	0.8750  	[21.7, 16.2]	[left, back]	[2200.4327, 2875.4456]
26   	31273.62    	0.071   	0.9062  	[21.7, 16.2]	[left, back]	[2247.8942, 2676.5577]
27   	25782.44    	0.056   	0.9375  	[21.7, 16.2]	[front, back]	[2111.5996, 2398.5159]
28   	20324.41    	0.039   	0.9688  	[21.7, 16.2]	[front, left]	[2062.7878, 1949.4855]
29   	15676.34    	0.027   	1.0000  	[21.7, 16.2]	[front, left]	[2052.5311, 1840.0017]
30   	13341.67    	0.020   	1.0000  	[21.7, 16.2]	[front, left]	[2103.4560, 1745.7636]
31   	11281.84    	0.013   	1.0000  	[21.7, 16.2]	[front, left]	[2134.5442, 1765.6011]
32   	9773.34     	0.010   	1.0000  	[21.7, 16.2]	[front, left]	[2182.3181, 1791.7075]
33   	8643.07     	0.008   	1.0000  	[21.7, 16.2]	[front, left]	[2213.5963, 1884.9253]
34   	7967.85     	0.007   	1.0000  	[21.7, 16.2]	[front, left]	[2299.1190, 1932.1739]
35   	7359.35     	0.007   	1.0000  	[21.7, 16.2]	[hover, left]	[1640.3963, 1974.6635]
36   	6741.12     	0.006   	1.0000  	[21.7, 16.2]	[right, left]	[1180.4350, 2041.3922]
37   	5897.92     	0.006   	1.0000  	[21.7, 16.2]	[left, left]	[855.6809, 2151.3787]
38   	4689.09     	0.005   	1.0000  	[21.7, 16.2]	[hover, front]	[570.0382, 1928.1393]
39   	4407.06     	0.003   	1.0000  	[21.7, 16.2]	[right, front]	[405.5884, 1847.8549]
40   	4170.11     	0.003   	1.0000  	[21.7, 16.2]	[right, front]	[282.3262, 1697.7004]
41   	3988.54     	0.002   	1.0000  	[21.7, 16.2]	[right, front]	[183.7416, 1665.1512]
42   	3879.95     	0.002   	1.0000  	[21.7, 16.2]	[right, right]	[119.4538, 1275.4900]
43   	3825.12     	0.002   	1.0000  	[21.7, 16.2]	[right, right]	[84.1648, 1154.9395]
44   	3782.48     	0.002   	1.0000  	[21.7, 16.2]	[right, right]	[70.6056, 1138.8438]
45   	3751.34     	0.002   	1.0000  	[21.7, 16.2]	[right, right]	[63.7932, 1141.4982]
46   	3711.62     	0.002   	1.0000  	[21.7, 16.2]	[right, right]	[63.8659, 678.4488]
47   	3688.31     	0.002   	1.0000  	[21.7, 16.2]	[back, right]	[59.8976, 360.5627]
48   	3663.25     	0.002   	1.0000  	[21.7, 16.2]	[back, right]	[70.2992, 212.1733]
49   	3636.62     	0.002   	1.0000  	[21.7, 16.2]	[back, right]	[84.0632, 190.9714]
50   	3635.13     	0.002   	1.0000  	[21.7, 16.2]	[back, right]	[117.5787, 201.2067]
51   	3632.80     	0.002   	1.0000  	[21.7, 16.2]	[hover, right]	[95.1349, 217.5296]
52   	3623.91     	0.002   	1.0000  	[21.7, 16.2]	[back, front]	[141.2771, 176.4722]
53   	3606.52     	0.002   	1.0000  	[21.7, 16.2]	[back, front]	[225.8984, 146.1271]
54   	3577.72     	0.002   	1.0000  	[21.7, 16.2]	[back, front]	[311.4563, 130.9866]
55   	3484.28     	0.002   	1.0000  	[21.7, 16.2]	[back, front]	[413.9254, 110.6800]
56   	3226.78     	0.002   	1.0000  	[21.7, 16.2]	[hover, front]	[258.3233, 118.4353]
57   	3055.12     	0.002   	1.0000  	[21.7, 16.2]	[hover, front]	[163.0013, 211.4472]
58   	2944.35     	0.001   	1.0000  	[21.7, 16.2]	[hover, hover]	[103.4661, 97.5556]
59   	2854.41     	0.001   	1.0000  	[21.7, 16.2]	[hover, hover]	[68.3854, 51.5216]
60   	2815.91     	0.001   	1.0000  	[21.7, 16.2]	[hover, hover]	[50.1112, 34.2250]
61   	2788.60     	0.001   	1.0000  	[21.7, 16.2]	[hover, left]	[39.8270, 29.4701]
62   	2766.91     	0.001   	1.0000  	[21.7, 16.2]	[hover, up]	[34.2451, 34.1033]
63   	2757.15     	0.001   	1.0000  	[21.7, 21.7]	[left, back]	[32.1833, 40.2246]
64   	2753.28     	0.001   	1.0000  	[21.7, 21.7]	[left, back]	[34.4364, 46.6231]
65   	2749.06     	0.001   	1.0000  	[21.7, 21.7]	[left, back]	[40.0832, 50.6870]
66   	2745.08     	0.001   	1.0000  	[21.7, 21.7]	[left, left]	[50.9580, 46.8303]
67   	2744.30     	0.001   	1.0000  	[21.7, 21.7]	[left, left]	[75.2853, 43.7125]
68   	2736.94     	0.001   	1.0000  	[21.7, 21.7]	[left, left]	[124.4860, 48.2118]
69   	2711.04     	0.001   	1.0000  	[21.7, 21.7]	[left, left]	[202.0095, 47.8030]
70   	2617.16     	0.001   	1.0000  	[21.7, 21.7]	[left, left]	[319.3928, 64.7910]
71   	2378.50     	0.001   	1.0000  	[21.7, 21.7]	[hover, left]	[215.0445, 95.5069]
72   	2228.01     	0.001   	1.0000  	[21.7, 21.7]	[hover, left]	[138.5404, 147.4094]
73   	2103.30     	0.001   	1.0000  	[21.7, 21.7]	[hover, left]	[89.8444, 244.9928]
74   	2015.68     	0.000   	1.0000  	[21.7, 21.7]	[hover, front]	[56.8355, 161.8401]
75   	1959.97     	0.000   	1.0000  	[21.7, 21.7]	[hover, front]	[41.3212, 113.5902]
76   	1921.93     	0.000   	1.0000  	[21.7, 21.7]	[hover, hover]	[34.4036, 76.2905]
77   	1913.29     	0.000   	1.0000  	[21.7, 21.7]	[hover, hover]	[30.3853, 55.9681]
78   	1902.15     	0.000   	1.0000  	[21.7, 21.7]	[front, back]	[28.8532, 45.2681]
79   	1892.04     	0.000   	1.0000  	[21.7, 21.7]	[front, back]	[29.1358, 39.1806]
80   	1893.80     	0.000   	1.0000  	[21.7, 21.7]	[front, back]	[31.0098, 35.2497]
81   	1896.86     	0.000   	1.0000  	[21.7, 21.7]	[front, back]	[34.0840, 33.0119]
82   	1890.03     	0.000   	1.0000  	[21.7, 21.7]	[front, back]	[39.7409, 39.3114]
83   	1893.43     	0.000   	1.0000  	[21.7, 21.7]	[front, back]	[49.3733, 57.6643]
84   	1894.35     	0.000   	1.0000  	[21.7, 21.7]	[front, back]	[70.2587, 91.4453]
85   	1891.81     	0.000   	1.0000  	[21.7, 21.7]	[front, back]	[102.6081, 175.7544]
86   	1887.37     	0.000   	1.0000  	[21.7, 21.7]	[hover, hover]	[70.5563, 114.9244]
87   	1881.37     	0.000   	1.0000  	[21.7, 21.7]	[hover, hover]	[52.1526, 78.3931]
88   	1876.97     	0.000   	1.0000  	[21.7, 21.7]	[hover, hover]	[42.1114, 55.3839]
89   	1878.80     	0.000   	1.0000  	[21.7, 21.7]	[hover, hover]	[35.5859, 40.6486]
90   	1875.47     	0.000   	1.0000  	[21.7, 21.7]	[hover, hover]	[32.2445, 34.0088]
91   	1872.98     	0.000   	1.0000  	[21.7, 21.7]	[hover, hover]	[30.1642, 30.1252]
92   	1874.18     	0.000   	1.0000  	[21.7, 21.7]	[hover, right]	[28.1595, 28.6023]
93   	1873.85     	0.000   	1.0000  	[21.7, 21.7]	[hover, right]	[27.1822, 28.4055]
94   	1874.44     	0.000   	1.0000  	[21.7, 21.7]	[hover, right]	[26.7147, 27.8739]
95   	1874.45     	0.000   	1.0000  	[21.7, 21.7]	[right, right]	[26.3502, 30.2848]
96   	1874.10     	0.000   	1.0000  	[21.7, 21.7]	[back, right]	[25.9726, 34.7370]
97   	1874.22     	0.000   	1.0000  	[21.7, 21.7]	[back, right]	[26.1414, 52.3496]
98   	1871.80     	0.000   	1.0000  	[21.7, 21.7]	[back, right]	[26.7566, 90.5291]
99   	1870.34     	0.000   	1.0000  	[21.7, 21.7]	[back, right]	[26.8404, 184.4936]
[2025-12-11T10:45:18]
Strategy: greedy_ig
Pairwise: adaptive
Num agents: 2
Iteration: 1
Error margin: None
Gaussian radius 4 
Grid info: range: 0-50-50, cell_size:0.125, map shape: (400, 400), center:True
init UAV positions: [(25.0, -25.0, 5.4), (-25.0, 25.0, 5.4)]
mcts_params: {}
Step	Entropy	MSE	Coverage	Heights	Actions	IGs
------------------------------------------------------------------------------------------------------------------------
0    	158843.99   	0.435   	0.0078  	[5.4, 5.4]	[up, up]	[821.9019, 827.6221]
1    	155879.75   	0.438   	0.0312  	[10.8, 10.8]	[up, up]	[995.8162, 1040.6745]
2    	152147.90   	0.435   	0.0703  	[16.2, 16.2]	[left, back]	[1016.1493, 1219.4512]
3    	149131.46   	0.427   	0.0938  	[16.2, 16.2]	[front, right]	[1158.0910, 1507.7880]
4    	144897.15   	0.413   	0.1250  	[16.2, 16.2]	[front, right]	[1206.2727, 1702.6879]
5    	140675.92   	0.400   	0.1562  	[16.2, 16.2]	[left, back]	[1425.7749, 2016.4307]
6    	135264.81   	0.383   	0.1953  	[16.2, 16.2]	[front, back]	[1548.1105, 2108.7422]
7    	129189.77   	0.358   	0.2344  	[16.2, 16.2]	[left, right]	[1734.2976, 2207.8274]
8    	122244.80   	0.347   	0.2812  	[16.2, 16.2]	[left, right]	[1785.8319, 2138.0033]
9    	115940.79   	0.337   	0.3281  	[16.2, 16.2]	[up, right]	[1885.1819, 2305.3757]
10   	108462.93   	0.303   	0.4062  	[21.7, 16.2]	[front, right]	[2108.7364, 2464.2062]
11   	101253.75   	0.269   	0.4609  	[21.7, 16.2]	[front, right]	[2157.2097, 2486.5275]
12   	93749.80    	0.228   	0.5156  	[21.7, 16.2]	[front, right]	[2276.7601, 2330.6584]
13   	86248.83    	0.185   	0.5703  	[21.7, 16.2]	[front, right]	[2398.8772, 2109.5291]
14   	80178.79    	0.157   	0.6094  	[21.7, 16.2]	[front, right]	[2575.2326, 1892.3401]
15   	74537.64    	0.134   	0.6406  	[21.7, 16.2]	[front, right]	[2653.3418, 1791.2335]
16   	69353.15    	0.123   	0.6641  	[21.7, 16.2]	[front, right]	[2618.6367, 1729.7619]
17   	64272.50    	0.113   	0.6797  	[21.7, 16.2]	[front, right]	[2415.5683, 1677.7932]
18   	60265.64    	0.105   	0.6875  	[21.7, 16.2]	[left, back]	[2234.3450, 1459.3694]
19   	57776.39    	0.100   	0.6992  	[21.7, 16.2]	[front, back]	[2133.6285, 1533.4643]
20   	56913.42    	0.097   	0.6992  	[21.7, 16.2]	[left, back]	[2037.7699, 1732.4283]
21   	55838.45    	0.098   	0.7070  	[21.7, 16.2]	[left, back]	[2021.6389, 2075.6859]
22   	54716.35    	0.099   	0.7148  	[21.7, 16.2]	[left, back]	[2076.5446, 2443.2970]
23   	53572.39    	0.100   	0.7227  	[21.7, 16.2]	[left, back]	[2138.1992, 2707.2721]
24   	52396.36    	0.099   	0.7305  	[21.7, 16.2]	[left, back]	[2212.2341, 2859.7423]
25   	51103.35    	0.093   	0.7383  	[21.7, 16.2]	[left, back]	[2311.5025, 2875.4456]
26   	49748.02    	0.086   	0.7461  	[21.7, 16.2]	[left, back]	[2436.9543, 2676.5577]
27   	48248.33    	0.078   	0.7539  	[21.7, 16.2]	[back, back]	[2301.3980, 2398.5159]
28   	45002.69    	0.069   	0.7812  	[21.7, 16.2]	[back, left]	[2215.9038, 1949.4855]
29   	41048.26    	0.051   	0.8125  	[21.7, 16.2]	[back, left]	[2153.9781, 1840.0017]
30   	36311.56    	0.033   	0.8438  	[21.7, 16.2]	[back, left]	[2167.6749, 1804.0335]
31   	29538.91    	0.027   	0.8906  	[21.7, 16.2]	[back, left]	[2102.8116, 1765.6011]
32   	23256.26    	0.025   	0.9297  	[21.7, 16.2]	[back, left]	[2070.6600, 1696.8903]
33   	17343.71    	0.021   	0.9609  	[21.7, 16.2]	[back, left]	[2008.3322, 1687.9516]
34   	12381.98    	0.018   	0.9844  	[21.7, 16.2]	[back, left]	[1950.9800, 1674.6103]
35   	8325.66     	0.014   	1.0000  	[21.7, 16.2]	[hover, left]	[1284.9122, 1643.2761]
36   	6345.12     	0.008   	1.0000  	[21.7, 16.2]	[right, left]	[866.5958, 1701.6059]
37   	5308.22     	0.005   	1.0000  	[21.7, 16.2]	[right, left]	[558.2552, 1968.8855]
38   	4320.73     	0.004   	1.0000  	[21.7, 16.2]	[left, front]	[333.2609, 1779.0704]
39   	3982.13     	0.003   	1.0000  	[21.7, 16.2]	[left, front]	[286.3551, 1610.7068]
40   	3680.53     	0.003   	1.0000  	[21.7, 16.2]	[hover, front]	[176.8801, 1714.3620]
41   	3540.63     	0.002   	1.0000  	[21.7, 16.2]	[hover, front]	[110.3510, 1773.0814]
42   	3438.76     	0.002   	1.0000  	[21.7, 16.2]	[right, right]	[74.2761, 1314.4380]
43   	3405.84     	0.002   	1.0000  	[21.7, 16.2]	[right, right]	[88.7604, 1165.2446]
44   	3378.41     	0.002   	1.0000  	[21.7, 16.2]	[right, right]	[94.3140, 1144.9368]
45   	3337.78     	0.002   	1.0000  	[21.7, 16.2]	[right, right]	[74.6249, 1141.9007]
46   	3307.01     	0.002   	1.0000  	[21.7, 16.2]	[right, right]	[62.2771, 675.3330]
47   	3285.23     	0.002   	1.0000  	[21.7, 16.2]	[right, right]	[57.3092, 358.9953]
48   	3263.21     	0.002   	1.0000  	[21.7, 16.2]	[right, right]	[53.7930, 220.1607]
49   	3242.08     	0.002   	1.0000  	[21.7, 16.2]	[right, right]	[62.7621, 199.2985]
50   	3222.45     	0.002   	1.0000  	[21.7, 16.2]	[front, right]	[61.8848, 214.8874]
51   	3213.64     	0.002   	1.0000  	[21.7, 16.2]	[front, right]	[69.0371, 217.8614]
52   	3194.08     	0.002   	1.0000  	[21.7, 16.2]	[front, front]	[88.0779, 178.4888]
53   	3180.09     	0.002   	1.0000  	[21.7, 16.2]	[front, front]	[118.0712, 146.1271]
54   	3162.42     	0.002   	1.0000  	[21.7, 16.2]	[front, front]	[159.9085, 127.8623]
55   	3124.52     	0.002   	1.0000  	[21.7, 16.2]	[front, front]	[204.6327, 104.5273]
56   	3048.92     	0.002   	1.0000  	[21.7, 16.2]	[front, front]	[259.8936, 115.4689]
57   	2893.48     	0.002   	1.0000  	[21.7, 16.2]	[front, front]	[422.9003, 206.9968]
58   	2392.14     	0.001   	1.0000  	[21.7, 16.2]	[hover, hover]	[223.9717, 87.7022]
59   	2280.32     	0.001   	1.0000  	[21.7, 16.2]	[hover, hover]	[145.3877, 47.3931]
60   	2237.31     	0.001   	1.0000  	[21.7, 16.2]	[hover, hover]	[92.0337, 32.7668]
61   	2218.10     	0.001   	1.0000  	[21.7, 16.2]	[hover, left]	[60.4491, 28.7499]
62   	2214.85     	0.001   	1.0000  	[21.7, 16.2]	[hover, up]	[45.4738, 32.6987]
63   	2211.20     	0.001   	1.0000  	[21.7, 21.7]	[hover, left]	[34.6744, 34.4221]
64   	2211.14     	0.001   	1.0000  	[21.7, 21.7]	[hover, back]	[30.9652, 39.6565]
65   	2214.00     	0.001   	1.0000  	[21.7, 21.7]	[hover, back]	[28.4487, 46.0078]
66   	2209.95     	0.001   	1.0000  	[21.7, 21.7]	[left, back]	[29.9997, 49.0474]
67   	2202.74     	0.001   	1.0000  	[21.7, 21.7]	[left, left]	[33.8671, 44.7631]
68   	2203.88     	0.001   	1.0000  	[21.7, 21.7]	[left, left]	[45.4620, 47.6810]
69   	2198.44     	0.001   	1.0000  	[21.7, 21.7]	[left, left]	[63.8409, 46.0938]
70   	2191.77     	0.001   	1.0000  	[21.7, 21.7]	[left, left]	[99.4300, 62.7457]
71   	2181.32     	0.001   	1.0000  	[21.7, 21.7]	[left, left]	[158.2186, 92.0993]
72   	2164.69     	0.001   	1.0000  	[21.7, 21.7]	[left, left]	[241.6402, 143.3153]
73   	2127.24     	0.000   	1.0000  	[21.7, 21.7]	[left, left]	[362.1403, 239.1168]
74   	2048.45     	0.000   	1.0000  	[21.7, 21.7]	[hover, front]	[239.2666, 143.3321]
75   	2003.00     	0.000   	1.0000  	[21.7, 21.7]	[hover, hover]	[156.7837, 89.9237]
76   	1987.60     	0.000   	1.0000  	[21.7, 21.7]	[hover, back]	[109.4385, 63.4241]
77   	1978.29     	0.000   	1.0000  	[21.7, 21.7]	[hover, back]	[77.4780, 49.3627]
78   	1972.20     	0.000   	1.0000  	[21.7, 21.7]	[hover, back]	[58.5931, 41.3657]
79   	1969.12     	0.000   	1.0000  	[21.7, 21.7]	[hover, back]	[44.7502, 42.7782]
80   	1965.05     	0.000   	1.0000  	[21.7, 21.7]	[hover, back]	[36.0761, 59.5685]
81   	1962.98     	0.000   	1.0000  	[21.7, 21.7]	[hover, back]	[32.0590, 91.5913]
82   	1956.27     	0.000   	1.0000  	[21.7, 21.7]	[hover, back]	[29.7859, 176.2538]
83   	1929.88     	0.000   	1.0000  	[21.7, 21.7]	[hover, hover]	[28.3901, 115.9901]
84   	1906.69     	0.000   	1.0000  	[21.7, 21.7]	[back, hover]	[27.8701, 78.2028]
85   	1889.07     	0.000   	1.0000  	[21.7, 21.7]	[back, hover]	[28.2976, 53.4863]
86   	1880.72     	0.000   	1.0000  	[21.7, 21.7]	[back, hover]	[30.0937, 41.9463]
87   	1876.64     	0.000   	1.0000  	[21.7, 21.7]	[back, hover]	[30.5568, 34.9032]
88   	1872.49     	0.000   	1.0000  	[21.7, 21.7]	[back, hover]	[31.8917, 30.9449]
89   	1869.56     	0.000   	1.0000  	[21.7, 21.7]	[back, right]	[32.4024, 28.6357]
90   	1865.53     	0.000   	1.0000  	[21.7, 21.7]	[back, right]	[37.9309, 28.7972]
91   	1868.35     	0.000   	1.0000  	[21.7, 21.7]	[back, right]	[45.6292, 27.8150]
92   	1866.36     	0.000   	1.0000  	[21.7, 21.7]	[hover, right]	[36.7379, 30.2531]
93   	1864.65     	0.000   	1.0000  	[21.7, 21.7]	[hover, right]	[32.6449, 35.0114]
94   	1865.23     	0.000   	1.0000  	[21.7, 21.7]	[hover, right]	[29.8475, 53.5428]
95   	1865.42     	0.000   	1.0000  	[21.7, 21.7]	[hover, right]	[28.6437, 90.9660]
96   	1864.41     	0.000   	1.0000  	[21.7, 21.7]	[hover, right]	[27.7953, 189.6441]
97   	1859.10     	0.000   	1.0000  	[21.7, 21.7]	[hover, hover]	[27.5145, 122.0356]
98   	1860.19     	0.000   	1.0000  	[21.7, 21.7]	[front, hover]	[27.1838, 82.2800]
99   	1858.63     	0.000   	1.0000  	[21.7, 21.7]	[front, hover]	[27.3813, 57.6724]
[2025-12-11T10:45:24]
Strategy: greedy_ig
Pairwise: adaptive
Num agents: 2
Iteration: 2
Error margin: None
Gaussian radius 4 
Grid info: range: 0-50-50, cell_size:0.125, map shape: (400, 400), center:True
init UAV positions: [(25.0, -25.0, 5.4), (-25.0, -25.0, 5.4)]
mcts_params: {}
Step	Entropy	MSE	Coverage	Heights	Actions	IGs
------------------------------------------------------------------------------------------------------------------------
0    	158843.99   	0.435   	0.0078  	[5.4, 5.4]	[up, up]	[821.9019, 827.6221]
1    	155872.94   	0.438   	0.0312  	[10.8, 10.8]	[up, up]	[995.8162, 1039.1384]
2    	152172.11   	0.434   	0.0703  	[16.2, 16.2]	[left, front]	[1016.1493, 1220.4778]
3    	149060.31   	0.427   	0.0938  	[16.2, 16.2]	[front, right]	[1158.0910, 1473.4966]
4    	144816.52   	0.412   	0.1250  	[16.2, 16.2]	[front, front]	[1206.2727, 1662.7256]
5    	140368.92   	0.396   	0.1562  	[16.2, 16.2]	[left, right]	[1425.7749, 1883.2454]
6    	134989.11   	0.384   	0.1953  	[16.2, 16.2]	[front, front]	[1548.1105, 2017.2203]
7    	128778.89   	0.347   	0.2344  	[16.2, 16.2]	[left, right]	[1734.2976, 2048.1451]
8    	121719.87   	0.336   	0.2812  	[16.2, 16.2]	[left, right]	[1785.8319, 1996.2744]
9    	115027.14   	0.326   	0.3281  	[16.2, 16.2]	[up, right]	[1885.1819, 2087.9027]
10   	107118.40   	0.284   	0.4062  	[21.7, 16.2]	[front, front]	[2108.7364, 1967.1160]
11   	99984.50    	0.242   	0.4609  	[21.7, 16.2]	[front, up]	[2157.2097, 2132.8745]
12   	92548.14    	0.199   	0.5234  	[21.7, 21.7]	[front, front]	[2240.0222, 2133.0126]
13   	85614.48    	0.162   	0.5820  	[21.7, 21.7]	[front, front]	[2480.6092, 2159.3292]
14   	78438.90    	0.130   	0.6406  	[21.7, 21.7]	[front, front]	[2763.5844, 2149.9120]
15   	71229.52    	0.102   	0.6992  	[21.7, 21.7]	[front, front]	[3026.5550, 2156.3956]
16   	63069.94    	0.080   	0.7578  	[21.7, 21.7]	[front, front]	[3131.5072, 2187.5568]
17   	54105.48    	0.081   	0.8164  	[21.7, 21.7]	[front, front]	[2967.4763, 2226.6640]
18   	44390.08    	0.077   	0.8750  	[21.7, 21.7]	[front, front]	[2713.5296, 2256.7589]
19   	34751.98    	0.074   	0.9336  	[21.7, 21.7]	[left, front]	[2139.3544, 2355.5104]
20   	28016.54    	0.064   	0.9609  	[21.7, 21.7]	[left, left]	[1844.6182, 2231.3861]
21   	21797.19    	0.043   	0.9922  	[21.7, 21.7]	[left, hover]	[1774.6146, 1617.7801]
22   	18262.28    	0.034   	0.9922  	[21.7, 21.7]	[left, hover]	[1771.4200, 1103.0302]
23   	15837.88    	0.026   	0.9922  	[21.7, 21.7]	[left, hover]	[1795.5733, 762.7595]
24   	14080.98    	0.022   	0.9922  	[21.7, 21.7]	[left, hover]	[1875.0802, 493.7687]
25   	12826.97    	0.019   	0.9922  	[21.7, 21.7]	[left, right]	[1964.4850, 347.9985]
26   	12468.70    	0.018   	0.9922  	[21.7, 21.7]	[left, right]	[2185.9338, 956.8987]
27   	12066.41    	0.018   	0.9922  	[21.7, 21.7]	[back, right]	[2194.7140, 1472.4190]
28   	11508.08    	0.015   	0.9961  	[21.7, 21.7]	[back, right]	[2199.4405, 1834.1966]
29   	10965.04    	0.012   	1.0000  	[21.7, 21.7]	[back, right]	[2200.8863, 2052.0142]
30   	10485.85    	0.011   	1.0000  	[21.7, 21.7]	[back, right]	[2194.6803, 2182.6805]
31   	9893.69     	0.010   	1.0000  	[21.7, 21.7]	[back, right]	[2194.2850, 2214.6811]
32   	9072.67     	0.009   	1.0000  	[21.7, 21.7]	[back, right]	[2195.0661, 2207.0745]
33   	7906.78     	0.008   	1.0000  	[21.7, 21.7]	[back, back]	[2222.4571, 1940.7794]
34   	7356.48     	0.006   	1.0000  	[21.7, 21.7]	[back, back]	[2255.8683, 1855.3454]
35   	6641.19     	0.006   	1.0000  	[21.7, 21.7]	[hover, back]	[1541.5614, 1895.0967]
36   	6235.06     	0.005   	1.0000  	[21.7, 21.7]	[right, back]	[1066.1364, 2098.7187]
37   	5783.17     	0.004   	1.0000  	[21.7, 21.7]	[left, back]	[673.0243, 2353.2180]
38   	5530.97     	0.004   	1.0000  	[21.7, 21.7]	[right, back]	[431.7110, 2617.7997]
39   	5155.74     	0.004   	1.0000  	[21.7, 21.7]	[right, back]	[309.8631, 2734.6843]
40   	4599.83     	0.003   	1.0000  	[21.7, 21.7]	[right, back]	[195.8498, 2686.6338]
41   	4140.60     	0.002   	1.0000  	[21.7, 21.7]	[right, hover]	[119.8632, 1888.1995]
42   	3855.37     	0.002   	1.0000  	[21.7, 21.7]	[right, hover]	[85.5848, 1182.4216]
43   	3742.69     	0.002   	1.0000  	[21.7, 21.7]	[right, hover]	[67.2832, 706.1741]
44   	3693.23     	0.002   	1.0000  	[21.7, 21.7]	[right, hover]	[61.0414, 406.6260]
45   	3673.95     	0.002   	1.0000  	[21.7, 21.7]	[front, hover]	[47.1969, 230.3176]
46   	3665.82     	0.002   	1.0000  	[21.7, 21.7]	[right, left]	[64.2347, 181.6710]
47   	3658.29     	0.002   	1.0000  	[21.7, 21.7]	[front, left]	[65.1661, 137.2469]
48   	3650.07     	0.002   	1.0000  	[21.7, 21.7]	[front, left]	[77.2067, 95.5992]
49   	3645.43     	0.002   	1.0000  	[21.7, 21.7]	[front, left]	[100.2016, 65.5756]
50   	3640.36     	0.002   	1.0000  	[21.7, 21.7]	[front, left]	[143.7404, 49.3225]
51   	3597.97     	0.002   	1.0000  	[21.7, 21.7]	[front, left]	[184.8843, 40.9080]
52   	3500.10     	0.002   	1.0000  	[21.7, 21.7]	[front, left]	[237.5025, 38.2127]
53   	3262.40     	0.002   	1.0000  	[21.7, 21.7]	[front, left]	[313.1308, 262.9724]
54   	2873.92     	0.002   	1.0000  	[21.7, 21.7]	[hover, front]	[188.7292, 216.3071]
55   	2631.89     	0.001   	1.0000  	[21.7, 21.7]	[hover, front]	[110.6582, 169.4274]
56   	2478.79     	0.001   	1.0000  	[21.7, 21.7]	[hover, front]	[70.7426, 129.4964]
57   	2370.83     	0.001   	1.0000  	[21.7, 21.7]	[hover, front]	[47.8359, 100.2004]
58   	2306.24     	0.001   	1.0000  	[21.7, 21.7]	[left, front]	[37.0524, 85.6523]
59   	2273.44     	0.001   	1.0000  	[21.7, 21.7]	[left, front]	[41.7093, 73.5090]
60   	2231.43     	0.001   	1.0000  	[21.7, 21.7]	[left, front]	[48.5441, 71.0442]
61   	2179.25     	0.001   	1.0000  	[21.7, 21.7]	[left, front]	[63.3160, 76.1610]
62   	2095.75     	0.000   	1.0000  	[21.7, 21.7]	[left, hover]	[85.6330, 55.5112]
63   	2038.86     	0.000   	1.0000  	[21.7, 21.7]	[left, hover]	[138.0600, 43.8293]
64   	1993.90     	0.000   	1.0000  	[21.7, 21.7]	[left, hover]	[214.4792, 35.2284]
65   	1974.91     	0.000   	1.0000  	[21.7, 21.7]	[up, hover]	[180.3762, 31.2932]
66   	1953.42     	0.000   	1.0000  	[27.1, 21.7]	[back, hover]	[143.1232, 29.3000]
67   	1943.80     	0.000   	1.0000  	[27.1, 21.7]	[hover, back]	[110.7190, 28.3648]
68   	1934.76     	0.000   	1.0000  	[27.1, 21.7]	[hover, back]	[87.9093, 29.2985]
69   	1929.43     	0.000   	1.0000  	[27.1, 21.7]	[hover, back]	[68.2254, 30.0861]
70   	1929.08     	0.000   	1.0000  	[27.1, 21.7]	[hover, back]	[53.6111, 28.8521]
71   	1928.90     	0.000   	1.0000  	[27.1, 21.7]	[hover, back]	[43.8884, 28.7492]
72   	1920.58     	0.000   	1.0000  	[27.1, 21.7]	[hover, back]	[36.2710, 27.7734]
73   	1921.49     	0.000   	1.0000  	[27.1, 21.7]	[hover, back]	[32.0762, 27.8268]
74   	1921.70     	0.000   	1.0000  	[27.1, 21.7]	[hover, back]	[28.6763, 28.3056]
75   	1919.48     	0.000   	1.0000  	[27.1, 21.7]	[back, hover]	[27.5521, 27.7573]
76   	1921.19     	0.000   	1.0000  	[27.1, 21.7]	[back, front]	[28.0560, 27.1530]
77   	1920.54     	0.000   	1.0000  	[27.1, 21.7]	[back, front]	[29.9464, 27.0682]
78   	1918.20     	0.000   	1.0000  	[27.1, 21.7]	[back, front]	[34.7674, 27.2144]
79   	1916.04     	0.000   	1.0000  	[27.1, 21.7]	[back, hover]	[47.7686, 26.5256]
80   	1916.45     	0.000   	1.0000  	[27.1, 21.7]	[back, front]	[68.9840, 26.3291]
81   	1913.46     	0.000   	1.0000  	[27.1, 21.7]	[hover, right]	[55.1697, 26.1428]
82   	1914.15     	0.000   	1.0000  	[27.1, 21.7]	[hover, right]	[44.5767, 26.9275]
83   	1912.91     	0.000   	1.0000  	[27.1, 21.7]	[hover, right]	[37.1852, 28.5626]
84   	1913.23     	0.000   	1.0000  	[27.1, 21.7]	[hover, right]	[32.3848, 30.4910]
85   	1912.16     	0.000   	1.0000  	[27.1, 21.7]	[hover, right]	[28.8487, 36.2358]
86   	1912.46     	0.000   	1.0000  	[27.1, 21.7]	[down, right]	[27.9356, 47.7946]
87   	1911.89     	0.000   	1.0000  	[21.7, 21.7]	[left, right]	[29.8804, 70.9340]
88   	1911.49     	0.000   	1.0000  	[21.7, 21.7]	[back, right]	[32.9598, 124.2216]
89   	1911.26     	0.000   	1.0000  	[21.7, 21.7]	[hover, front]	[29.5780, 173.7482]
90   	1910.19     	0.000   	1.0000  	[21.7, 21.7]	[hover, front]	[28.0986, 205.7981]
91   	1906.87     	0.000   	1.0000  	[21.7, 21.7]	[hover, front]	[27.0897, 246.9800]
92   	1902.93     	0.000   	1.0000  	[21.7, 21.7]	[front, front]	[27.0777, 333.5131]
93   	1889.30     	0.000   	1.0000  	[21.7, 21.7]	[front, hover]	[27.2186, 194.7084]
94   	1881.96     	0.000   	1.0000  	[21.7, 21.7]	[front, hover]	[27.3230, 114.6087]
95   	1872.63     	0.000   	1.0000  	[21.7, 21.7]	[front, hover]	[27.8024, 70.5011]
96   	1864.37     	0.000   	1.0000  	[21.7, 21.7]	[front, hover]	[27.9719, 49.4530]
97   	1865.63     	0.000   	1.0000  	[21.7, 21.7]	[hover, hover]	[27.6420, 36.2617]
98   	1864.62     	0.000   	1.0000  	[21.7, 21.7]	[hover, hover]	[27.5277, 30.8585]
99   	1861.96     	0.000   	1.0000  	[21.7, 21.7]	[hover, hover]	[26.5962, 28.1266]
[2025-12-11T10:45:31]
Strategy: greedy_ig
Pairwise: adaptive
Num agents: 2
Iteration: 3
Error margin: None
Gaussian radius 4 
Grid info: range: 0-50-50, cell_size:0.125, map shape: (400, 400), center:True
init UAV positions: [(-25.0, 25.0, 5.4), (25.0, 25.0, 5.4)]
mcts_params: {}
Step	Entropy	MSE	Coverage	Heights	Actions	IGs
------------------------------------------------------------------------------------------------------------------------
0    	158843.99   	0.435   	0.0078  	[5.4, 5.4]	[up, up]	[821.9019, 827.6221]
1    	155971.07   	0.439   	0.0312  	[10.8, 10.8]	[up, up]	[1060.5972, 1041.4687]
2    	152638.00   	0.449   	0.0703  	[16.2, 16.2]	[back, back]	[1230.3213, 1226.5643]
3    	149599.91   	0.443   	0.0938  	[16.2, 16.2]	[right, left]	[1524.7702, 1355.0343]
4    	145426.96   	0.440   	0.1250  	[16.2, 16.2]	[right, back]	[1711.4301, 1381.3961]
5    	140989.57   	0.425   	0.1562  	[16.2, 16.2]	[back, left]	[2047.2689, 1477.7295]
6    	135237.35   	0.415   	0.1953  	[16.2, 16.2]	[right, back]	[2132.1956, 1513.7221]
7    	129452.26   	0.398   	0.2344  	[16.2, 16.2]	[back, left]	[2355.6048, 1691.4464]
8    	122355.11   	0.381   	0.2812  	[16.2, 16.2]	[back, left]	[2230.5353, 1725.2559]
9    	115352.34   	0.359   	0.3281  	[16.2, 16.2]	[up, up]	[2122.3743, 1852.7123]
10   	106066.58   	0.328   	0.4375  	[21.7, 21.7]	[right, back]	[2321.1051, 2033.6050]
11   	98169.24    	0.302   	0.5000  	[21.7, 21.7]	[back, back]	[2305.3668, 2089.8853]
12   	90265.70    	0.253   	0.5625  	[21.7, 21.7]	[back, back]	[2318.4326, 2138.6735]
13   	81808.97    	0.203   	0.6250  	[21.7, 21.7]	[back, back]	[2303.0159, 2234.4412]
14   	73749.34    	0.155   	0.6875  	[21.7, 21.7]	[back, back]	[2274.6552, 2485.2693]
15   	65637.83    	0.122   	0.7500  	[21.7, 21.7]	[back, back]	[2248.7038, 2759.1270]
16   	57335.84    	0.091   	0.8125  	[21.7, 21.7]	[back, back]	[2248.9363, 2982.8536]
17   	48283.77    	0.075   	0.8750  	[21.7, 21.7]	[back, back]	[2259.4520, 3018.4092]
18   	38513.06    	0.064   	0.9375  	[21.7, 21.7]	[back, back]	[2279.8577, 2894.4132]
19   	28674.95    	0.062   	1.0000  	[21.7, 21.7]	[right, left]	[2003.6736, 2375.9466]
20   	23937.35    	0.041   	1.0000  	[21.7, 21.7]	[right, left]	[1844.2259, 2033.3395]
21   	19833.66    	0.026   	1.0000  	[21.7, 21.7]	[right, left]	[1771.2693, 1857.5658]
22   	17269.66    	0.020   	1.0000  	[21.7, 21.7]	[right, left]	[1775.1372, 1789.3298]
23   	16067.68    	0.018   	1.0000  	[21.7, 21.7]	[right, left]	[1924.7581, 1950.8475]
24   	15502.01    	0.017   	1.0000  	[21.7, 21.7]	[right, left]	[2125.7091, 2135.6238]
25   	14790.30    	0.017   	1.0000  	[21.7, 21.7]	[right, left]	[2186.4416, 2214.2348]
26   	13623.97    	0.016   	1.0000  	[21.7, 21.7]	[right, left]	[2248.9513, 2257.2504]
27   	11771.16    	0.015   	1.0000  	[21.7, 21.7]	[front, front]	[2137.0714, 2117.3913]
28   	11204.05    	0.012   	1.0000  	[21.7, 21.7]	[front, front]	[2187.4778, 2052.4469]
29   	10776.78    	0.011   	1.0000  	[21.7, 21.7]	[front, front]	[2343.4767, 2080.5719]
30   	10535.35    	0.011   	1.0000  	[21.7, 21.7]	[front, front]	[2602.1450, 2138.7639]
31   	10252.43    	0.011   	1.0000  	[21.7, 21.7]	[front, front]	[2810.9715, 2182.6961]
32   	9883.09     	0.010   	1.0000  	[21.7, 21.7]	[front, front]	[2929.5767, 2193.1165]
33   	9330.45     	0.010   	1.0000  	[21.7, 21.7]	[front, front]	[2860.4145, 2208.7502]
34   	8501.35     	0.009   	1.0000  	[21.7, 21.7]	[front, front]	[2658.8773, 2289.7622]
35   	7422.01     	0.008   	1.0000  	[21.7, 21.7]	[hover, hover]	[1773.9959, 1662.6582]
36   	6832.23     	0.007   	1.0000  	[21.7, 21.7]	[left, hover]	[1124.5707, 1204.2972]
37   	6210.54     	0.006   	1.0000  	[21.7, 21.7]	[left, right]	[707.2839, 862.0278]
38   	5654.54     	0.005   	1.0000  	[21.7, 21.7]	[right, left]	[400.9461, 585.2812]
39   	5400.73     	0.004   	1.0000  	[21.7, 21.7]	[right, right]	[316.0852, 403.2966]
40   	5280.92     	0.004   	1.0000  	[21.7, 21.7]	[hover, left]	[175.1732, 296.7177]
41   	5195.51     	0.004   	1.0000  	[21.7, 21.7]	[left, right]	[106.7726, 193.1380]
42   	5135.84     	0.004   	1.0000  	[21.7, 21.7]	[left, right]	[131.4880, 159.6554]
43   	5107.22     	0.004   	1.0000  	[21.7, 21.7]	[left, right]	[103.6644, 120.4031]
44   	5083.55     	0.004   	1.0000  	[21.7, 21.7]	[left, right]	[71.2709, 90.6813]
45   	5080.43     	0.004   	1.0000  	[21.7, 21.7]	[left, right]	[56.0744, 72.8127]
46   	5077.37     	0.004   	1.0000  	[21.7, 21.7]	[left, right]	[48.2418, 62.0287]
47   	5073.06     	0.004   	1.0000  	[21.7, 21.7]	[left, right]	[43.0789, 55.7171]
48   	5071.80     	0.004   	1.0000  	[21.7, 21.7]	[left, right]	[37.7044, 54.3567]
49   	5071.05     	0.004   	1.0000  	[21.7, 21.7]	[back, back]	[34.1068, 53.3580]
50   	5065.44     	0.004   	1.0000  	[21.7, 21.7]	[back, back]	[37.4232, 60.2611]
51   	5054.26     	0.004   	1.0000  	[21.7, 21.7]	[back, back]	[46.8393, 78.4329]
52   	5040.00     	0.004   	1.0000  	[21.7, 21.7]	[back, back]	[59.6540, 110.6913]
53   	4997.33     	0.004   	1.0000  	[21.7, 21.7]	[back, back]	[86.4797, 164.1851]
54   	4935.48     	0.004   	1.0000  	[21.7, 21.7]	[back, back]	[129.5968, 233.6695]
55   	4747.54     	0.003   	1.0000  	[21.7, 21.7]	[back, back]	[205.6864, 313.7988]
56   	4278.69     	0.003   	1.0000  	[21.7, 21.7]	[back, back]	[324.2945, 407.9734]
57   	3397.04     	0.003   	1.0000  	[21.7, 21.7]	[hover, hover]	[216.8119, 256.2277]
58   	2902.95     	0.002   	1.0000  	[21.7, 21.7]	[hover, hover]	[142.0731, 162.1023]
59   	2527.21     	0.001   	1.0000  	[21.7, 21.7]	[hover, hover]	[89.8410, 106.3595]
60   	2286.01     	0.001   	1.0000  	[21.7, 21.7]	[hover, hover]	[61.6469, 70.3136]
61   	2129.17     	0.000   	1.0000  	[21.7, 21.7]	[hover, hover]	[45.4264, 50.4647]
62   	2044.48     	0.000   	1.0000  	[21.7, 21.7]	[hover, hover]	[36.9770, 41.1050]
63   	1984.14     	0.000   	1.0000  	[21.7, 21.7]	[right, left]	[32.5222, 35.3792]
64   	1971.34     	0.000   	1.0000  	[21.7, 21.7]	[right, left]	[35.6164, 35.6733]
65   	1965.41     	0.000   	1.0000  	[21.7, 21.7]	[right, left]	[45.5595, 39.3994]
66   	1963.35     	0.000   	1.0000  	[21.7, 21.7]	[right, left]	[69.8358, 49.5830]
67   	1957.72     	0.000   	1.0000  	[21.7, 21.7]	[right, left]	[114.4978, 77.5937]
68   	1956.90     	0.000   	1.0000  	[21.7, 21.7]	[right, left]	[184.6710, 115.4065]
69   	1951.23     	0.000   	1.0000  	[21.7, 21.7]	[right, left]	[304.1326, 190.6697]
70   	1943.54     	0.000   	1.0000  	[21.7, 21.7]	[right, left]	[482.0422, 312.9375]
71   	1924.91     	0.000   	1.0000  	[21.7, 21.7]	[hover, hover]	[310.5522, 203.9147]
72   	1910.09     	0.000   	1.0000  	[21.7, 21.7]	[hover, hover]	[194.4959, 131.8034]
73   	1893.69     	0.000   	1.0000  	[21.7, 21.7]	[hover, hover]	[122.0157, 89.6328]
74   	1887.71     	0.000   	1.0000  	[21.7, 21.7]	[hover, hover]	[78.0347, 61.1834]
75   	1876.65     	0.000   	1.0000  	[21.7, 21.7]	[hover, hover]	[55.2146, 45.2340]
76   	1877.71     	0.000   	1.0000  	[21.7, 21.7]	[hover, hover]	[44.0060, 37.1475]
77   	1875.47     	0.000   	1.0000  	[21.7, 21.7]	[hover, hover]	[36.5208, 33.0762]
78   	1874.42     	0.000   	1.0000  	[21.7, 21.7]	[hover, hover]	[33.5792, 31.5686]
79   	1869.76     	0.000   	1.0000  	[21.7, 21.7]	[hover, front]	[30.6311, 30.3689]
80   	1868.48     	0.000   	1.0000  	[21.7, 21.7]	[hover, front]	[29.0306, 31.1870]
81   	1869.37     	0.000   	1.0000  	[21.7, 21.7]	[hover, front]	[28.3594, 32.1828]
82   	1869.66     	0.000   	1.0000  	[21.7, 21.7]	[hover, front]	[27.7296, 32.5368]
83   	1869.20     	0.000   	1.0000  	[21.7, 21.7]	[hover, front]	[27.0382, 35.4465]
84   	1865.90     	0.000   	1.0000  	[21.7, 21.7]	[left, front]	[26.6759, 40.6425]
85   	1867.40     	0.000   	1.0000  	[21.7, 21.7]	[hover, front]	[26.4809, 50.2640]
86   	1870.50     	0.000   	1.0000  	[21.7, 21.7]	[hover, front]	[26.5245, 70.9444]
87   	1864.64     	0.000   	1.0000  	[21.7, 21.7]	[right, hover]	[26.2338, 53.2515]
88   	1864.39     	0.000   	1.0000  	[21.7, 21.7]	[left, hover]	[26.2305, 41.9134]
89   	1863.50     	0.000   	1.0000  	[21.7, 21.7]	[hover, hover]	[26.2117, 36.4172]
90   	1864.07     	0.000   	1.0000  	[21.7, 21.7]	[right, hover]	[26.3987, 31.9425]
91   	1860.93     	0.000   	1.0000  	[21.7, 21.7]	[left, hover]	[26.2101, 29.3526]
92   	1862.35     	0.000   	1.0000  	[21.7, 21.7]	[hover, hover]	[26.0887, 27.7231]
93   	1860.71     	0.000   	1.0000  	[21.7, 21.7]	[hover, hover]	[26.1056, 26.7788]
94   	1862.04     	0.000   	1.0000  	[21.7, 21.7]	[hover, hover]	[25.9302, 26.0165]
95   	1860.87     	0.000   	1.0000  	[21.7, 21.7]	[hover, right]	[25.8182, 25.9313]
96   	1862.32     	0.000   	1.0000  	[21.7, 21.7]	[hover, right]	[25.6898, 26.7532]
97   	1859.06     	0.000   	1.0000  	[21.7, 21.7]	[hover, right]	[25.6367, 26.9506]
98   	1858.88     	0.000   	1.0000  	[21.7, 21.7]	[hover, right]	[25.5855, 27.0183]
99   	1859.95     	0.000   	1.0000  	[21.7, 21.7]	[hover, right]	[25.8420, 26.5919]
[2025-12-11T10:45:37]
Strategy: greedy_ig
Pairwise: adaptive
Num agents: 2
Iteration: 4
Error margin: None
Gaussian radius 4 
Grid info: range: 0-50-50, cell_size:0.125, map shape: (400, 400), center:True
init UAV positions: [(-25.0, -25.0, 5.4), (25.0, -25.0, 5.4)]
mcts_params: {}
Step	Entropy	MSE	Coverage	Heights	Actions	IGs
------------------------------------------------------------------------------------------------------------------------
0    	158843.99   	0.435   	0.0078  	[5.4, 5.4]	[up, up]	[821.9019, 827.6221]
1    	155872.88   	0.438   	0.0312  	[10.8, 10.8]	[up, up]	[1055.6788, 972.6241]
2    	152188.67   	0.434   	0.0703  	[16.2, 16.2]	[front, front]	[1228.0775, 1020.0109]
3    	149130.09   	0.423   	0.0938  	[16.2, 16.2]	[right, left]	[1519.6647, 1148.4928]
4    	144843.86   	0.413   	0.1250  	[16.2, 16.2]	[front, front]	[1668.6465, 1205.4953]
5    	140371.25   	0.396   	0.1562  	[16.2, 16.2]	[right, left]	[1918.6788, 1395.0386]
6    	134974.67   	0.383   	0.1953  	[16.2, 16.2]	[front, front]	[2055.7826, 1509.8357]
7    	128762.33   	0.347   	0.2344  	[16.2, 16.2]	[right, left]	[2057.5399, 1723.6574]
8    	121752.50   	0.336   	0.2812  	[16.2, 16.2]	[right, left]	[1999.8315, 1762.3721]
9    	114998.62   	0.325   	0.3281  	[16.2, 16.2]	[up, up]	[2050.9625, 1888.3116]
10   	105846.08   	0.271   	0.4375  	[21.7, 21.7]	[front, front]	[2248.3221, 2080.6509]
11   	97915.84    	0.232   	0.5000  	[21.7, 21.7]	[front, front]	[2256.6995, 2145.0303]
12   	90062.17    	0.187   	0.5625  	[21.7, 21.7]	[front, front]	[2274.0608, 2259.5983]
13   	82198.87    	0.149   	0.6250  	[21.7, 21.7]	[front, front]	[2276.9727, 2469.3346]
14   	74424.33    	0.114   	0.6875  	[21.7, 21.7]	[front, front]	[2268.5987, 2762.0226]
15   	66201.64    	0.082   	0.7500  	[21.7, 21.7]	[front, front]	[2250.1435, 2992.0420]
16   	57268.48    	0.062   	0.8125  	[21.7, 21.7]	[front, front]	[2251.4921, 3079.9363]
17   	47463.32    	0.062   	0.8750  	[21.7, 21.7]	[front, front]	[2273.2916, 2914.6190]
18   	37106.10    	0.058   	0.9375  	[21.7, 21.7]	[front, front]	[2324.2804, 2647.5237]
19   	27433.27    	0.058   	1.0000  	[21.7, 21.7]	[right, left]	[2097.5896, 2152.7030]
20   	22895.33    	0.039   	1.0000  	[21.7, 21.7]	[right, left]	[1973.7529, 1851.4521]
21   	19193.23    	0.025   	1.0000  	[21.7, 21.7]	[right, left]	[1911.2999, 1749.2285]
22   	16715.18    	0.019   	1.0000  	[21.7, 21.7]	[right, left]	[1886.4258, 1742.3243]
23   	15508.38    	0.017   	1.0000  	[21.7, 21.7]	[right, left]	[2021.6473, 1957.3393]
24   	14922.55    	0.016   	1.0000  	[21.7, 21.7]	[right, left]	[2193.3332, 2191.2867]
25   	14199.11    	0.016   	1.0000  	[21.7, 21.7]	[right, left]	[2209.7488, 2343.7761]
26   	13075.92    	0.015   	1.0000  	[21.7, 21.7]	[right, left]	[2209.8501, 2452.7013]
27   	11278.38    	0.014   	1.0000  	[21.7, 21.7]	[back, back]	[2064.7319, 2320.2847]
28   	10607.45    	0.011   	1.0000  	[21.7, 21.7]	[back, back]	[2048.0584, 2220.3902]
29   	9975.44     	0.010   	1.0000  	[21.7, 21.7]	[back, back]	[2136.8826, 2189.9769]
30   	9617.28     	0.009   	1.0000  	[21.7, 21.7]	[back, back]	[2367.7252, 2181.1972]
31   	9375.10     	0.009   	1.0000  	[21.7, 21.7]	[back, back]	[2650.5530, 2187.9550]
32   	9122.70     	0.009   	1.0000  	[21.7, 21.7]	[back, back]	[2897.7250, 2197.1711]
33   	8713.00     	0.009   	1.0000  	[21.7, 21.7]	[back, back]	[3022.9749, 2203.7958]
34   	8078.91     	0.008   	1.0000  	[21.7, 21.7]	[back, back]	[2988.0497, 2228.6424]
35   	7169.99     	0.007   	1.0000  	[21.7, 21.7]	[hover, hover]	[2119.5523, 1531.4109]
36   	6479.06     	0.006   	1.0000  	[21.7, 21.7]	[hover, right]	[1361.5735, 1071.5815]
37   	5885.05     	0.005   	1.0000  	[21.7, 21.7]	[left, left]	[845.0303, 711.1022]
38   	5466.93     	0.004   	1.0000  	[21.7, 21.7]	[right, right]	[532.5282, 435.4365]
39   	5238.33     	0.004   	1.0000  	[21.7, 21.7]	[left, right]	[332.3790, 307.2470]
40   	5073.26     	0.004   	1.0000  	[21.7, 21.7]	[left, right]	[223.7984, 193.9905]
41   	4985.09     	0.004   	1.0000  	[21.7, 21.7]	[left, right]	[143.4452, 116.9357]
42   	4959.55     	0.004   	1.0000  	[21.7, 21.7]	[hover, hover]	[81.3805, 68.1615]
43   	4948.40     	0.004   	1.0000  	[21.7, 21.7]	[right, left]	[58.4478, 49.2581]
44   	4943.90     	0.004   	1.0000  	[21.7, 21.7]	[right, left]	[61.5789, 50.6092]
45   	4936.79     	0.004   	1.0000  	[21.7, 21.7]	[right, left]	[99.6425, 61.7524]
46   	4932.59     	0.004   	1.0000  	[21.7, 21.7]	[front, left]	[71.7773, 115.8571]
47   	4922.74     	0.004   	1.0000  	[21.7, 21.7]	[front, hover]	[75.6043, 75.5473]
48   	4920.74     	0.004   	1.0000  	[21.7, 21.7]	[front, hover]	[101.6820, 53.4843]
49   	4908.54     	0.004   	1.0000  	[21.7, 21.7]	[front, hover]	[135.9040, 40.4088]
50   	4904.58     	0.004   	1.0000  	[21.7, 21.7]	[front, front]	[182.1646, 34.8561]
51   	4852.46     	0.003   	1.0000  	[21.7, 21.7]	[front, front]	[220.6376, 38.7815]
52   	4759.80     	0.003   	1.0000  	[21.7, 21.7]	[front, front]	[259.7843, 44.2057]
53   	4533.87     	0.003   	1.0000  	[21.7, 21.7]	[front, front]	[329.2940, 59.6340]
54   	4085.87     	0.003   	1.0000  	[21.7, 21.7]	[hover, front]	[191.9636, 93.1559]
55   	3838.00     	0.002   	1.0000  	[21.7, 21.7]	[hover, front]	[113.4506, 145.3527]
56   	3605.51     	0.002   	1.0000  	[21.7, 21.7]	[hover, front]	[70.5597, 240.4400]
57   	3305.92     	0.002   	1.0000  	[21.7, 21.7]	[hover, front]	[49.0612, 376.6649]
58   	2802.71     	0.002   	1.0000  	[21.7, 21.7]	[hover, hover]	[38.7657, 261.6792]
59   	2530.20     	0.001   	1.0000  	[21.7, 21.7]	[hover, hover]	[32.5106, 182.3734]
60   	2347.24     	0.001   	1.0000  	[21.7, 21.7]	[left, hover]	[30.5482, 124.6242]
61   	2182.86     	0.001   	1.0000  	[21.7, 21.7]	[left, hover]	[33.4446, 83.0765]
62   	2082.67     	0.000   	1.0000  	[21.7, 21.7]	[left, hover]	[41.0870, 59.0436]
63   	2022.47     	0.000   	1.0000  	[21.7, 21.7]	[left, hover]	[58.7989, 45.2466]
64   	1975.64     	0.000   	1.0000  	[21.7, 21.7]	[left, hover]	[93.9005, 37.0140]
65   	1954.17     	0.000   	1.0000  	[21.7, 21.7]	[left, right]	[144.4905, 34.3123]
66   	1940.75     	0.000   	1.0000  	[21.7, 21.7]	[up, hover]	[130.6457, 31.2603]
67   	1931.96     	0.000   	1.0000  	[27.1, 21.7]	[back, left]	[109.6144, 29.7707]
68   	1924.24     	0.000   	1.0000  	[27.1, 21.7]	[left, right]	[181.0333, 28.8098]
69   	1917.35     	0.000   	1.0000  	[27.1, 21.7]	[hover, right]	[152.9352, 32.6948]
70   	1909.41     	0.000   	1.0000  	[27.1, 21.7]	[hover, right]	[119.3168, 40.9062]
71   	1909.61     	0.000   	1.0000  	[27.1, 21.7]	[hover, right]	[91.9548, 53.0387]
72   	1903.70     	0.000   	1.0000  	[27.1, 21.7]	[hover, right]	[70.2598, 75.8064]
73   	1901.17     	0.000   	1.0000  	[27.1, 21.7]	[hover, right]	[55.5108, 121.6644]
74   	1899.39     	0.000   	1.0000  	[27.1, 21.7]	[hover, right]	[43.4629, 198.1999]
75   	1895.82     	0.000   	1.0000  	[27.1, 21.7]	[hover, right]	[36.8762, 331.5419]
76   	1886.58     	0.000   	1.0000  	[27.1, 21.7]	[hover, hover]	[31.7805, 206.1208]
77   	1878.23     	0.000   	1.0000  	[27.1, 21.7]	[hover, hover]	[28.7135, 119.3188]
78   	1875.15     	0.000   	1.0000  	[27.1, 21.7]	[down, back]	[27.4456, 79.4776]
79   	1872.29     	0.000   	1.0000  	[21.7, 21.7]	[left, back]	[29.7964, 79.9845]
80   	1869.89     	0.000   	1.0000  	[21.7, 21.7]	[front, back]	[31.4061, 58.0347]
81   	1870.02     	0.000   	1.0000  	[21.7, 21.7]	[hover, hover]	[29.4205, 49.4804]
82   	1869.79     	0.000   	1.0000  	[21.7, 21.7]	[hover, hover]	[28.0509, 43.5019]
83   	1868.57     	0.000   	1.0000  	[21.7, 21.7]	[hover, hover]	[27.4800, 39.5091]
84   	1866.61     	0.000   	1.0000  	[21.7, 21.7]	[hover, front]	[26.4544, 35.2547]
85   	1869.18     	0.000   	1.0000  	[21.7, 21.7]	[hover, front]	[26.0927, 33.5480]
86   	1868.37     	0.000   	1.0000  	[21.7, 21.7]	[back, front]	[25.8953, 49.4858]
87   	1865.72     	0.000   	1.0000  	[21.7, 21.7]	[back, hover]	[27.6653, 37.3746]
88   	1864.13     	0.000   	1.0000  	[21.7, 21.7]	[back, hover]	[31.2739, 31.7436]
89   	1864.32     	0.000   	1.0000  	[21.7, 21.7]	[back, hover]	[32.2032, 28.3173]
90   	1863.61     	0.000   	1.0000  	[21.7, 21.7]	[back, hover]	[32.4669, 27.2409]
91   	1861.40     	0.000   	1.0000  	[21.7, 21.7]	[back, back]	[33.0337, 26.7617]
92   	1860.70     	0.000   	1.0000  	[21.7, 21.7]	[back, back]	[34.3510, 28.0679]
93   	1859.18     	0.000   	1.0000  	[21.7, 21.7]	[back, back]	[38.3217, 28.3526]
94   	1857.96     	0.000   	1.0000  	[21.7, 21.7]	[right, hover]	[33.1973, 27.2805]
95   	1856.36     	0.000   	1.0000  	[21.7, 21.7]	[left, back]	[30.1876, 26.6132]
96   	1855.40     	0.000   	1.0000  	[21.7, 21.7]	[hover, back]	[28.6557, 26.8553]
97   	1854.84     	0.000   	1.0000  	[21.7, 21.7]	[hover, back]	[27.8043, 28.7918]
98   	1853.60     	0.000   	1.0000  	[21.7, 21.7]	[hover, back]	[27.4675, 30.5406]
99   	1851.94     	0.000   	1.0000  	[21.7, 21.7]	[right, back]	[26.9921, 30.8848]
[2025-12-11T10:45:44]
Strategy: greedy_ig
Pairwise: adaptive
Num agents: 2
Iteration: 5
Error margin: None
Gaussian radius 4 
Grid info: range: 0-50-50, cell_size:0.125, map shape: (400, 400), center:True
init UAV positions: [(-25.0, -25.0, 5.4), (25.0, 25.0, 5.4)]
mcts_params: {}
Step	Entropy	MSE	Coverage	Heights	Actions	IGs
------------------------------------------------------------------------------------------------------------------------
0    	158843.99   	0.435   	0.0078  	[5.4, 5.4]	[up, up]	[821.9019, 827.6221]
1    	155953.31   	0.439   	0.0312  	[10.8, 10.8]	[up, up]	[1055.6788, 1041.4687]
2    	152625.89   	0.449   	0.0703  	[16.2, 16.2]	[front, back]	[1228.0775, 1226.5643]
3    	149591.02   	0.443   	0.0938  	[16.2, 16.2]	[right, left]	[1519.6647, 1355.0343]
4    	145348.10   	0.439   	0.1250  	[16.2, 16.2]	[front, back]	[1668.6465, 1381.3961]
5    	140700.55   	0.422   	0.1562  	[16.2, 16.2]	[right, left]	[1918.6788, 1477.7295]
6    	135057.71   	0.416   	0.1953  	[16.2, 16.2]	[front, back]	[2055.7826, 1513.7221]
7    	128718.98   	0.380   	0.2344  	[16.2, 16.2]	[right, left]	[2057.5399, 1691.4464]
8    	121617.41   	0.369   	0.2812  	[16.2, 16.2]	[right, left]	[1999.8315, 1725.2559]
9    	114807.80   	0.359   	0.3281  	[16.2, 16.2]	[up, up]	[2050.9625, 1852.7123]
10   	105568.66   	0.310   	0.4375  	[21.7, 21.7]	[front, back]	[2248.3221, 2033.6050]
11   	97558.36    	0.270   	0.5000  	[21.7, 21.7]	[front, back]	[2256.6995, 2089.8853]
12   	89287.65    	0.224   	0.5625  	[21.7, 21.7]	[front, back]	[2274.0608, 2138.6735]
13   	80711.17    	0.185   	0.6250  	[21.7, 21.7]	[front, back]	[2276.9727, 2234.4412]
14   	72655.00    	0.149   	0.6875  	[21.7, 21.7]	[front, back]	[2268.5987, 2485.2693]
15   	64506.30    	0.116   	0.7500  	[21.7, 21.7]	[front, back]	[2250.1435, 2759.1270]
16   	56175.84    	0.088   	0.8125  	[21.7, 21.7]	[front, back]	[2251.4921, 2982.8536]
17   	47205.20    	0.073   	0.8750  	[21.7, 21.7]	[front, back]	[2273.2916, 3018.4092]
18   	37603.40    	0.063   	0.9375  	[21.7, 21.7]	[front, back]	[2324.2804, 2894.4132]
19   	28136.71    	0.062   	1.0000  	[21.7, 21.7]	[right, left]	[2240.4820, 2518.8390]
20   	23647.80    	0.043   	1.0000  	[21.7, 21.7]	[right, left]	[2240.4273, 2301.1002]
21   	19431.05    	0.027   	1.0000  	[21.7, 21.7]	[right, left]	[2250.5633, 2197.6270]
22   	16266.09    	0.019   	1.0000  	[21.7, 21.7]	[right, left]	[2273.3880, 2147.9144]
23   	14207.46    	0.015   	1.0000  	[21.7, 21.7]	[right, left]	[2267.4181, 2174.1463]
24   	12989.92    	0.014   	1.0000  	[21.7, 21.7]	[right, left]	[2273.8674, 2206.1778]
25   	12326.50    	0.013   	1.0000  	[21.7, 21.7]	[right, left]	[2225.5945, 2231.0039]
26   	11885.18    	0.012   	1.0000  	[21.7, 21.7]	[right, left]	[2213.2482, 2260.3308]
27   	11640.23    	0.012   	1.0000  	[21.7, 21.7]	[back, front]	[2064.7319, 2117.3913]
28   	11462.58    	0.012   	1.0000  	[21.7, 21.7]	[back, front]	[2048.0584, 2052.4469]
29   	11327.16    	0.012   	1.0000  	[21.7, 21.7]	[back, front]	[2136.8826, 2080.5719]
30   	11163.88    	0.012   	1.0000  	[21.7, 21.7]	[back, front]	[2367.7252, 2138.7639]
31   	10890.18    	0.011   	1.0000  	[21.7, 21.7]	[back, front]	[2650.5530, 2182.6961]
32   	10510.90    	0.011   	1.0000  	[21.7, 21.7]	[back, front]	[2897.7250, 2193.1165]
33   	9781.61     	0.011   	1.0000  	[21.7, 21.7]	[back, front]	[3022.9749, 2208.7502]
34   	8457.79     	0.010   	1.0000  	[21.7, 21.7]	[back, front]	[2988.0497, 2289.7622]
35   	6563.54     	0.009   	1.0000  	[21.7, 21.7]	[hover, hover]	[2119.5523, 1662.6582]
36   	5422.87     	0.006   	1.0000  	[21.7, 21.7]	[hover, hover]	[1361.5735, 1204.2972]
37   	4464.22     	0.004   	1.0000  	[21.7, 21.7]	[left, right]	[880.8868, 898.7754]
38   	4007.71     	0.003   	1.0000  	[21.7, 21.7]	[right, left]	[532.5282, 603.5189]
39   	3337.65     	0.002   	1.0000  	[21.7, 21.7]	[left, right]	[348.6730, 421.5152]
40   	3090.27     	0.002   	1.0000  	[21.7, 21.7]	[left, right]	[241.8534, 307.5611]
41   	2928.88     	0.001   	1.0000  	[21.7, 21.7]	[left, right]	[156.2709, 193.9916]
42   	2874.49     	0.001   	1.0000  	[21.7, 21.7]	[left, right]	[92.6347, 117.0358]
43   	2855.41     	0.001   	1.0000  	[21.7, 21.7]	[left, right]	[65.8125, 76.7000]
44   	2836.57     	0.001   	1.0000  	[21.7, 21.7]	[left, right]	[49.5753, 62.3916]
45   	2830.63     	0.001   	1.0000  	[21.7, 21.7]	[left, right]	[43.5089, 57.9057]
46   	2821.36     	0.001   	1.0000  	[21.7, 21.7]	[left, right]	[40.7449, 54.0008]
47   	2810.37     	0.001   	1.0000  	[21.7, 21.7]	[front, back]	[38.7162, 53.5681]
48   	2804.26     	0.001   	1.0000  	[21.7, 21.7]	[front, back]	[41.9387, 61.5644]
49   	2796.30     	0.001   	1.0000  	[21.7, 21.7]	[front, back]	[51.2382, 79.6108]
50   	2788.25     	0.001   	1.0000  	[21.7, 21.7]	[front, back]	[73.6669, 110.0166]
51   	2780.30     	0.001   	1.0000  	[21.7, 21.7]	[front, back]	[102.1564, 163.0481]
52   	2774.64     	0.001   	1.0000  	[21.7, 21.7]	[front, back]	[161.4209, 235.4353]
53   	2739.20     	0.001   	1.0000  	[21.7, 21.7]	[front, back]	[243.6700, 318.8713]
54   	2635.17     	0.001   	1.0000  	[21.7, 21.7]	[front, back]	[372.9335, 414.3645]
55   	2418.22     	0.001   	1.0000  	[21.7, 21.7]	[hover, hover]	[261.7067, 261.9088]
56   	2272.18     	0.001   	1.0000  	[21.7, 21.7]	[hover, hover]	[185.7511, 165.8203]
57   	2146.15     	0.000   	1.0000  	[21.7, 21.7]	[hover, hover]	[131.3250, 104.2048]
58   	2081.23     	0.000   	1.0000  	[21.7, 21.7]	[hover, hover]	[96.1977, 68.6752]
59   	2011.14     	0.000   	1.0000  	[21.7, 21.7]	[hover, hover]	[68.0005, 49.6022]
60   	1970.52     	0.000   	1.0000  	[21.7, 21.7]	[hover, hover]	[51.0432, 38.5978]
61   	1942.07     	0.000   	1.0000  	[21.7, 21.7]	[hover, left]	[40.1971, 35.5674]
62   	1930.63     	0.000   	1.0000  	[21.7, 21.7]	[right, left]	[34.5492, 36.0630]
63   	1922.33     	0.000   	1.0000  	[21.7, 21.7]	[right, left]	[35.2300, 39.6924]
64   	1920.17     	0.000   	1.0000  	[21.7, 21.7]	[right, left]	[42.6990, 53.0090]
65   	1916.50     	0.000   	1.0000  	[21.7, 21.7]	[right, left]	[58.3799, 78.1777]
66   	1916.00     	0.000   	1.0000  	[21.7, 21.7]	[right, left]	[92.5607, 117.8550]
67   	1913.04     	0.000   	1.0000  	[21.7, 21.7]	[right, left]	[140.4762, 193.6685]
68   	1906.47     	0.000   	1.0000  	[21.7, 21.7]	[right, left]	[237.5390, 311.3239]
69   	1901.10     	0.000   	1.0000  	[21.7, 21.7]	[right, hover]	[382.2392, 196.1508]
70   	1893.44     	0.000   	1.0000  	[21.7, 21.7]	[hover, hover]	[236.3562, 125.4744]
71   	1888.34     	0.000   	1.0000  	[21.7, 21.7]	[hover, hover]	[141.4443, 82.0901]
72   	1887.40     	0.000   	1.0000  	[21.7, 21.7]	[hover, hover]	[81.6512, 56.3813]
73   	1885.30     	0.000   	1.0000  	[21.7, 21.7]	[hover, hover]	[54.1328, 44.6143]
74   	1881.80     	0.000   	1.0000  	[21.7, 21.7]	[hover, hover]	[39.1925, 37.0021]
75   	1881.60     	0.000   	1.0000  	[21.7, 21.7]	[hover, hover]	[32.6424, 32.5488]
76   	1883.29     	0.000   	1.0000  	[21.7, 21.7]	[back, front]	[29.2920, 30.7402]
77   	1880.69     	0.000   	1.0000  	[21.7, 21.7]	[back, front]	[29.4395, 33.0371]
78   	1881.30     	0.000   	1.0000  	[21.7, 21.7]	[back, front]	[31.7582, 34.3147]
79   	1880.17     	0.000   	1.0000  	[21.7, 21.7]	[back, front]	[33.2954, 36.7838]
80   	1876.67     	0.000   	1.0000  	[21.7, 21.7]	[back, front]	[39.0465, 43.5816]
81   	1876.42     	0.000   	1.0000  	[21.7, 21.7]	[back, front]	[53.2023, 54.2687]
82   	1877.34     	0.000   	1.0000  	[21.7, 21.7]	[back, front]	[72.5008, 76.0453]
83   	1877.73     	0.000   	1.0000  	[21.7, 21.7]	[back, front]	[90.3396, 112.0051]
84   	1871.94     	0.000   	1.0000  	[21.7, 21.7]	[hover, hover]	[61.1792, 78.4166]
85   	1862.31     	0.000   	1.0000  	[21.7, 21.7]	[hover, hover]	[44.4349, 59.6185]
86   	1860.64     	0.000   	1.0000  	[21.7, 21.7]	[hover, hover]	[36.3115, 46.0990]
87   	1860.35     	0.000   	1.0000  	[21.7, 21.7]	[hover, hover]	[32.6670, 37.8441]
88   	1859.48     	0.000   	1.0000  	[21.7, 21.7]	[left, hover]	[30.7388, 33.2406]
89   	1856.60     	0.000   	1.0000  	[21.7, 21.7]	[right, hover]	[29.8059, 30.6874]
90   	1855.94     	0.000   	1.0000  	[21.7, 21.7]	[left, hover]	[29.2206, 28.8746]
91   	1855.62     	0.000   	1.0000  	[21.7, 21.7]	[hover, hover]	[28.4959, 27.4735]
92   	1853.79     	0.000   	1.0000  	[21.7, 21.7]	[right, hover]	[27.9949, 26.9377]
93   	1852.77     	0.000   	1.0000  	[21.7, 21.7]	[left, hover]	[27.6711, 26.4873]
94   	1852.56     	0.000   	1.0000  	[21.7, 21.7]	[hover, right]	[27.7645, 25.9733]
95   	1852.75     	0.000   	1.0000  	[21.7, 21.7]	[hover, back]	[27.4957, 25.8567]
96   	1853.14     	0.000   	1.0000  	[21.7, 21.7]	[hover, back]	[27.0525, 26.0640]
97   	1851.12     	0.000   	1.0000  	[21.7, 21.7]	[hover, back]	[26.8632, 27.3393]
98   	1852.31     	0.000   	1.0000  	[21.7, 21.7]	[right, right]	[26.6797, 27.5798]
99   	1849.89     	0.000   	1.0000  	[21.7, 21.7]	[left, right]	[26.4143, 27.2054]
[2025-12-11T10:45:51]
Strategy: greedy_ig
Pairwise: adaptive
Num agents: 2
Iteration: 6
Error margin: None
Gaussian radius 4 
Grid info: range: 0-50-50, cell_size:0.125, map shape: (400, 400), center:True
init UAV positions: [(25.0, 25.0, 5.4), (-25.0, 25.0, 5.4)]
mcts_params: {}
Step	Entropy	MSE	Coverage	Heights	Actions	IGs
------------------------------------------------------------------------------------------------------------------------
0    	158843.99   	0.435   	0.0078  	[5.4, 5.4]	[up, up]	[821.9019, 827.6221]
1    	155946.73   	0.439   	0.0312  	[10.8, 10.8]	[up, up]	[1054.4567, 1040.6745]
2    	152603.34   	0.449   	0.0703  	[16.2, 16.2]	[back, back]	[1230.3795, 1219.4512]
3    	149699.60   	0.443   	0.0938  	[16.2, 16.2]	[left, right]	[1417.7063, 1507.7880]
4    	145521.63   	0.440   	0.1250  	[16.2, 16.2]	[back, right]	[1421.6297, 1702.6879]
5    	141096.12   	0.426   	0.1562  	[16.2, 16.2]	[left, back]	[1542.7770, 2016.4307]
6    	135437.72   	0.416   	0.1953  	[16.2, 16.2]	[back, back]	[1590.8216, 2108.7422]
7    	129146.92   	0.390   	0.2344  	[16.2, 16.2]	[left, right]	[1702.6519, 2207.8274]
8    	122108.06   	0.380   	0.2812  	[16.2, 16.2]	[left, right]	[1734.5967, 2138.0033]
9    	115788.09   	0.371   	0.3281  	[16.2, 16.2]	[up, right]	[1854.2054, 2305.3757]
10   	108154.08   	0.343   	0.4062  	[21.7, 16.2]	[back, right]	[2059.2221, 2289.3966]
11   	102719.47   	0.308   	0.4375  	[21.7, 16.2]	[back, right]	[2029.6604, 2222.5748]
12   	97006.14    	0.272   	0.4688  	[21.7, 16.2]	[back, right]	[2095.8471, 2068.4610]
13   	91835.90    	0.240   	0.5000  	[21.7, 16.2]	[back, right]	[2232.5870, 1884.4572]
14   	87771.81    	0.212   	0.5312  	[21.7, 16.2]	[back, right]	[2496.3405, 1786.4504]
15   	84208.58    	0.184   	0.5625  	[21.7, 16.2]	[back, right]	[2766.2893, 1791.2335]
16   	80851.16    	0.157   	0.5938  	[21.7, 16.2]	[back, right]	[3026.8921, 1835.9416]
17   	76771.51    	0.141   	0.6250  	[21.7, 16.2]	[back, right]	[3086.0780, 1882.4780]
18   	72051.81    	0.132   	0.6562  	[21.7, 16.2]	[back, back]	[2995.9692, 1742.5605]
19   	66421.14    	0.127   	0.6875  	[21.7, 16.2]	[left, back]	[2560.8723, 1754.9696]
20   	61203.76    	0.108   	0.7188  	[21.7, 16.2]	[left, back]	[2296.2564, 1691.3238]
21   	56116.86    	0.106   	0.7500  	[21.7, 16.2]	[left, back]	[2176.7659, 1950.3452]
22   	51343.38    	0.105   	0.7812  	[21.7, 16.2]	[left, back]	[2161.8681, 2293.3981]
23   	46409.77    	0.100   	0.8125  	[21.7, 16.2]	[left, back]	[2155.0139, 2596.8442]
24   	41477.57    	0.092   	0.8438  	[21.7, 16.2]	[left, back]	[2168.5137, 2788.0394]
25   	36457.42    	0.081   	0.8750  	[21.7, 16.2]	[left, back]	[2200.4327, 2875.4456]
26   	31273.62    	0.071   	0.9062  	[21.7, 16.2]	[left, back]	[2247.8942, 2676.5577]
27   	25782.44    	0.056   	0.9375  	[21.7, 16.2]	[front, back]	[2111.5996, 2398.5159]
28   	20324.41    	0.039   	0.9688  	[21.7, 16.2]	[front, left]	[2062.7878, 1949.4855]
29   	15676.34    	0.027   	1.0000  	[21.7, 16.2]	[front, left]	[2052.5311, 1840.0017]
30   	13341.67    	0.020   	1.0000  	[21.7, 16.2]	[front, left]	[2103.4560, 1745.7636]
31   	11281.84    	0.013   	1.0000  	[21.7, 16.2]	[front, left]	[2134.5442, 1765.6011]
32   	9773.34     	0.010   	1.0000  	[21.7, 16.2]	[front, left]	[2182.3181, 1791.7075]
33   	8643.07     	0.008   	1.0000  	[21.7, 16.2]	[front, left]	[2213.5963, 1884.9253]
34   	7967.85     	0.007   	1.0000  	[21.7, 16.2]	[front, left]	[2299.1190, 1932.1739]
35   	7359.35     	0.007   	1.0000  	[21.7, 16.2]	[hover, left]	[1640.3963, 1974.6635]
36   	6741.12     	0.006   	1.0000  	[21.7, 16.2]	[right, left]	[1180.4350, 2041.3922]
37   	5897.92     	0.006   	1.0000  	[21.7, 16.2]	[left, left]	[855.6809, 2151.3787]
38   	4689.09     	0.005   	1.0000  	[21.7, 16.2]	[hover, front]	[570.0382, 1928.1393]
39   	4407.06     	0.003   	1.0000  	[21.7, 16.2]	[right, front]	[405.5884, 1847.8549]
40   	4170.11     	0.003   	1.0000  	[21.7, 16.2]	[right, front]	[282.3262, 1697.7004]
41   	3988.54     	0.002   	1.0000  	[21.7, 16.2]	[right, front]	[183.7416, 1665.1512]
42   	3879.95     	0.002   	1.0000  	[21.7, 16.2]	[right, right]	[119.4538, 1275.4900]
43   	3825.12     	0.002   	1.0000  	[21.7, 16.2]	[right, right]	[84.1648, 1154.9395]
44   	3782.48     	0.002   	1.0000  	[21.7, 16.2]	[right, right]	[70.6056, 1138.8438]
45   	3751.34     	0.002   	1.0000  	[21.7, 16.2]	[right, right]	[63.7932, 1141.4982]
46   	3711.62     	0.002   	1.0000  	[21.7, 16.2]	[right, right]	[63.8659, 678.4488]
47   	3688.31     	0.002   	1.0000  	[21.7, 16.2]	[back, right]	[59.8976, 360.5627]
48   	3663.25     	0.002   	1.0000  	[21.7, 16.2]	[back, right]	[70.2992, 212.1733]
49   	3636.62     	0.002   	1.0000  	[21.7, 16.2]	[back, right]	[84.0632, 190.9714]
50   	3635.13     	0.002   	1.0000  	[21.7, 16.2]	[back, right]	[117.5787, 201.2067]
51   	3632.80     	0.002   	1.0000  	[21.7, 16.2]	[hover, right]	[95.1349, 217.5296]
52   	3623.91     	0.002   	1.0000  	[21.7, 16.2]	[back, front]	[141.2771, 176.4722]
53   	3606.52     	0.002   	1.0000  	[21.7, 16.2]	[back, front]	[225.8984, 146.1271]
54   	3577.72     	0.002   	1.0000  	[21.7, 16.2]	[back, front]	[311.4563, 130.9866]
55   	3484.28     	0.002   	1.0000  	[21.7, 16.2]	[back, front]	[413.9254, 110.6800]
56   	3226.78     	0.002   	1.0000  	[21.7, 16.2]	[hover, front]	[258.3233, 118.4353]
57   	3055.12     	0.002   	1.0000  	[21.7, 16.2]	[hover, front]	[163.0013, 211.4472]
58   	2944.35     	0.001   	1.0000  	[21.7, 16.2]	[hover, hover]	[103.4661, 97.5556]
59   	2854.41     	0.001   	1.0000  	[21.7, 16.2]	[hover, hover]	[68.3854, 51.5216]
60   	2815.91     	0.001   	1.0000  	[21.7, 16.2]	[hover, hover]	[50.1112, 34.2250]
61   	2788.60     	0.001   	1.0000  	[21.7, 16.2]	[hover, left]	[39.8270, 29.4701]
62   	2766.91     	0.001   	1.0000  	[21.7, 16.2]	[hover, up]	[34.2451, 34.1033]
63   	2757.15     	0.001   	1.0000  	[21.7, 21.7]	[left, back]	[32.1833, 40.2246]
64   	2753.28     	0.001   	1.0000  	[21.7, 21.7]	[left, back]	[34.4364, 46.6231]
65   	2749.06     	0.001   	1.0000  	[21.7, 21.7]	[left, back]	[40.0832, 50.6870]
66   	2745.08     	0.001   	1.0000  	[21.7, 21.7]	[left, left]	[50.9580, 46.8303]
67   	2744.30     	0.001   	1.0000  	[21.7, 21.7]	[left, left]	[75.2853, 43.7125]
68   	2736.94     	0.001   	1.0000  	[21.7, 21.7]	[left, left]	[124.4860, 48.2118]
69   	2711.04     	0.001   	1.0000  	[21.7, 21.7]	[left, left]	[202.0095, 47.8030]
70   	2617.16     	0.001   	1.0000  	[21.7, 21.7]	[left, left]	[319.3928, 64.7910]
71   	2378.50     	0.001   	1.0000  	[21.7, 21.7]	[hover, left]	[215.0445, 95.5069]
72   	2228.01     	0.001   	1.0000  	[21.7, 21.7]	[hover, left]	[138.5404, 147.4094]
73   	2103.30     	0.001   	1.0000  	[21.7, 21.7]	[hover, left]	[89.8444, 244.9928]
74   	2015.68     	0.000   	1.0000  	[21.7, 21.7]	[hover, front]	[56.8355, 161.8401]
75   	1959.97     	0.000   	1.0000  	[21.7, 21.7]	[hover, front]	[41.3212, 113.5902]
76   	1921.93     	0.000   	1.0000  	[21.7, 21.7]	[hover, hover]	[34.4036, 76.2905]
77   	1913.29     	0.000   	1.0000  	[21.7, 21.7]	[hover, hover]	[30.3853, 55.9681]
78   	1902.15     	0.000   	1.0000  	[21.7, 21.7]	[front, back]	[28.8532, 45.2681]
79   	1892.04     	0.000   	1.0000  	[21.7, 21.7]	[front, back]	[29.1358, 39.1806]
80   	1893.80     	0.000   	1.0000  	[21.7, 21.7]	[front, back]	[31.0098, 35.2497]
81   	1896.86     	0.000   	1.0000  	[21.7, 21.7]	[front, back]	[34.0840, 33.0119]
82   	1890.03     	0.000   	1.0000  	[21.7, 21.7]	[front, back]	[39.7409, 39.3114]
83   	1893.43     	0.000   	1.0000  	[21.7, 21.7]	[front, back]	[49.3733, 57.6643]
84   	1894.35     	0.000   	1.0000  	[21.7, 21.7]	[front, back]	[70.2587, 91.4453]
85   	1891.81     	0.000   	1.0000  	[21.7, 21.7]	[front, back]	[102.6081, 175.7544]
86   	1887.37     	0.000   	1.0000  	[21.7, 21.7]	[hover, hover]	[70.5563, 114.9244]
87   	1881.37     	0.000   	1.0000  	[21.7, 21.7]	[hover, hover]	[52.1526, 78.3931]
88   	1876.97     	0.000   	1.0000  	[21.7, 21.7]	[hover, hover]	[42.1114, 55.3839]
89   	1878.80     	0.000   	1.0000  	[21.7, 21.7]	[hover, hover]	[35.5859, 40.6486]
90   	1875.47     	0.000   	1.0000  	[21.7, 21.7]	[hover, hover]	[32.2445, 34.0088]
91   	1872.98     	0.000   	1.0000  	[21.7, 21.7]	[hover, hover]	[30.1642, 30.1252]
92   	1874.18     	0.000   	1.0000  	[21.7, 21.7]	[hover, right]	[28.1595, 28.6023]
93   	1873.85     	0.000   	1.0000  	[21.7, 21.7]	[hover, right]	[27.1822, 28.4055]
94   	1874.44     	0.000   	1.0000  	[21.7, 21.7]	[hover, right]	[26.7147, 27.8739]
95   	1874.45     	0.000   	1.0000  	[21.7, 21.7]	[right, right]	[26.3502, 30.2848]
96   	1874.10     	0.000   	1.0000  	[21.7, 21.7]	[back, right]	[25.9726, 34.7370]
97   	1874.22     	0.000   	1.0000  	[21.7, 21.7]	[back, right]	[26.1414, 52.3496]
98   	1871.80     	0.000   	1.0000  	[21.7, 21.7]	[back, right]	[26.7566, 90.5291]
99   	1870.34     	0.000   	1.0000  	[21.7, 21.7]	[back, right]	[26.8404, 184.4936]
[2025-12-11T10:45:57]
Strategy: greedy_ig
Pairwise: adaptive
Num agents: 2
Iteration: 7
Error margin: None
Gaussian radius 4 
Grid info: range: 0-50-50, cell_size:0.125, map shape: (400, 400), center:True
init UAV positions: [(-25.0, 25.0, 5.4), (25.0, 25.0, 5.4)]
mcts_params: {}
Step	Entropy	MSE	Coverage	Heights	Actions	IGs
------------------------------------------------------------------------------------------------------------------------
0    	158843.99   	0.435   	0.0078  	[5.4, 5.4]	[up, up]	[821.9019, 827.6221]
1    	155971.07   	0.439   	0.0312  	[10.8, 10.8]	[up, up]	[1060.5972, 1041.4687]
2    	152638.00   	0.449   	0.0703  	[16.2, 16.2]	[back, back]	[1230.3213, 1226.5643]
3    	149599.91   	0.443   	0.0938  	[16.2, 16.2]	[right, left]	[1524.7702, 1355.0343]
4    	145426.96   	0.440   	0.1250  	[16.2, 16.2]	[right, back]	[1711.4301, 1381.3961]
5    	140989.57   	0.425   	0.1562  	[16.2, 16.2]	[back, left]	[2047.2689, 1477.7295]
6    	135237.35   	0.415   	0.1953  	[16.2, 16.2]	[right, back]	[2132.1956, 1513.7221]
7    	129452.26   	0.398   	0.2344  	[16.2, 16.2]	[back, left]	[2355.6048, 1691.4464]
8    	122355.11   	0.381   	0.2812  	[16.2, 16.2]	[back, left]	[2230.5353, 1725.2559]
9    	115352.34   	0.359   	0.3281  	[16.2, 16.2]	[up, up]	[2122.3743, 1852.7123]
10   	106066.58   	0.328   	0.4375  	[21.7, 21.7]	[right, back]	[2321.1051, 2033.6050]
11   	98169.24    	0.302   	0.5000  	[21.7, 21.7]	[back, back]	[2305.3668, 2089.8853]
12   	90265.70    	0.253   	0.5625  	[21.7, 21.7]	[back, back]	[2318.4326, 2138.6735]
13   	81808.97    	0.203   	0.6250  	[21.7, 21.7]	[back, back]	[2303.0159, 2234.4412]
14   	73749.34    	0.155   	0.6875  	[21.7, 21.7]	[back, back]	[2274.6552, 2485.2693]
15   	65637.83    	0.122   	0.7500  	[21.7, 21.7]	[back, back]	[2248.7038, 2759.1270]
16   	57335.84    	0.091   	0.8125  	[21.7, 21.7]	[back, back]	[2248.9363, 2982.8536]
17   	48283.77    	0.075   	0.8750  	[21.7, 21.7]	[back, back]	[2259.4520, 3018.4092]
18   	38513.06    	0.064   	0.9375  	[21.7, 21.7]	[back, back]	[2279.8577, 2894.4132]
19   	28674.95    	0.062   	1.0000  	[21.7, 21.7]	[right, left]	[2003.6736, 2375.9466]
20   	23937.35    	0.041   	1.0000  	[21.7, 21.7]	[right, left]	[1844.2259, 2033.3395]
21   	19833.66    	0.026   	1.0000  	[21.7, 21.7]	[right, left]	[1771.2693, 1857.5658]
22   	17269.66    	0.020   	1.0000  	[21.7, 21.7]	[right, left]	[1775.1372, 1789.3298]
23   	16067.68    	0.018   	1.0000  	[21.7, 21.7]	[right, left]	[1924.7581, 1950.8475]
24   	15502.01    	0.017   	1.0000  	[21.7, 21.7]	[right, left]	[2125.7091, 2135.6238]
25   	14790.30    	0.017   	1.0000  	[21.7, 21.7]	[right, left]	[2186.4416, 2214.2348]
26   	13623.97    	0.016   	1.0000  	[21.7, 21.7]	[right, left]	[2248.9513, 2257.2504]
27   	11771.16    	0.015   	1.0000  	[21.7, 21.7]	[front, front]	[2137.0714, 2117.3913]
28   	11204.05    	0.012   	1.0000  	[21.7, 21.7]	[front, front]	[2187.4778, 2052.4469]
29   	10776.78    	0.011   	1.0000  	[21.7, 21.7]	[front, front]	[2343.4767, 2080.5719]
30   	10535.35    	0.011   	1.0000  	[21.7, 21.7]	[front, front]	[2602.1450, 2138.7639]
31   	10252.43    	0.011   	1.0000  	[21.7, 21.7]	[front, front]	[2810.9715, 2182.6961]
32   	9883.09     	0.010   	1.0000  	[21.7, 21.7]	[front, front]	[2929.5767, 2193.1165]
33   	9330.45     	0.010   	1.0000  	[21.7, 21.7]	[front, front]	[2860.4145, 2208.7502]
34   	8501.35     	0.009   	1.0000  	[21.7, 21.7]	[front, front]	[2658.8773, 2289.7622]
35   	7422.01     	0.008   	1.0000  	[21.7, 21.7]	[hover, hover]	[1773.9959, 1662.6582]
36   	6832.23     	0.007   	1.0000  	[21.7, 21.7]	[left, hover]	[1124.5707, 1204.2972]
37   	6210.54     	0.006   	1.0000  	[21.7, 21.7]	[left, right]	[707.2839, 862.0278]
38   	5654.54     	0.005   	1.0000  	[21.7, 21.7]	[right, left]	[400.9461, 585.2812]
39   	5400.73     	0.004   	1.0000  	[21.7, 21.7]	[right, right]	[316.0852, 403.2966]
40   	5280.92     	0.004   	1.0000  	[21.7, 21.7]	[hover, left]	[175.1732, 296.7177]
41   	5195.51     	0.004   	1.0000  	[21.7, 21.7]	[left, right]	[106.7726, 193.1380]
42   	5135.84     	0.004   	1.0000  	[21.7, 21.7]	[left, right]	[131.4880, 159.6554]
43   	5107.22     	0.004   	1.0000  	[21.7, 21.7]	[left, right]	[103.6644, 120.4031]
44   	5083.55     	0.004   	1.0000  	[21.7, 21.7]	[left, right]	[71.2709, 90.6813]
45   	5080.43     	0.004   	1.0000  	[21.7, 21.7]	[left, right]	[56.0744, 72.8127]
46   	5077.37     	0.004   	1.0000  	[21.7, 21.7]	[left, right]	[48.2418, 62.0287]
47   	5073.06     	0.004   	1.0000  	[21.7, 21.7]	[left, right]	[43.0789, 55.7171]
48   	5071.80     	0.004   	1.0000  	[21.7, 21.7]	[left, right]	[37.7044, 54.3567]
49   	5071.05     	0.004   	1.0000  	[21.7, 21.7]	[back, back]	[34.1068, 53.3580]
50   	5065.44     	0.004   	1.0000  	[21.7, 21.7]	[back, back]	[37.4232, 60.2611]
51   	5054.26     	0.004   	1.0000  	[21.7, 21.7]	[back, back]	[46.8393, 78.4329]
52   	5040.00     	0.004   	1.0000  	[21.7, 21.7]	[back, back]	[59.6540, 110.6913]
53   	4997.33     	0.004   	1.0000  	[21.7, 21.7]	[back, back]	[86.4797, 164.1851]
54   	4935.48     	0.004   	1.0000  	[21.7, 21.7]	[back, back]	[129.5968, 233.6695]
55   	4747.54     	0.003   	1.0000  	[21.7, 21.7]	[back, back]	[205.6864, 313.7988]
56   	4278.69     	0.003   	1.0000  	[21.7, 21.7]	[back, back]	[324.2945, 407.9734]
57   	3397.04     	0.003   	1.0000  	[21.7, 21.7]	[hover, hover]	[216.8119, 256.2277]
58   	2902.95     	0.002   	1.0000  	[21.7, 21.7]	[hover, hover]	[142.0731, 162.1023]
59   	2527.21     	0.001   	1.0000  	[21.7, 21.7]	[hover, hover]	[89.8410, 106.3595]
60   	2286.01     	0.001   	1.0000  	[21.7, 21.7]	[hover, hover]	[61.6469, 70.3136]
61   	2129.17     	0.000   	1.0000  	[21.7, 21.7]	[hover, hover]	[45.4264, 50.4647]
62   	2044.48     	0.000   	1.0000  	[21.7, 21.7]	[hover, hover]	[36.9770, 41.1050]
63   	1984.14     	0.000   	1.0000  	[21.7, 21.7]	[right, left]	[32.5222, 35.3792]
64   	1971.34     	0.000   	1.0000  	[21.7, 21.7]	[right, left]	[35.6164, 35.6733]
65   	1965.41     	0.000   	1.0000  	[21.7, 21.7]	[right, left]	[45.5595, 39.3994]
66   	1963.35     	0.000   	1.0000  	[21.7, 21.7]	[right, left]	[69.8358, 49.5830]
67   	1957.72     	0.000   	1.0000  	[21.7, 21.7]	[right, left]	[114.4978, 77.5937]
68   	1956.90     	0.000   	1.0000  	[21.7, 21.7]	[right, left]	[184.6710, 115.4065]
69   	1951.23     	0.000   	1.0000  	[21.7, 21.7]	[right, left]	[304.1326, 190.6697]
70   	1943.54     	0.000   	1.0000  	[21.7, 21.7]	[right, left]	[482.0422, 312.9375]
71   	1924.91     	0.000   	1.0000  	[21.7, 21.7]	[hover, hover]	[310.5522, 203.9147]
72   	1910.09     	0.000   	1.0000  	[21.7, 21.7]	[hover, hover]	[194.4959, 131.8034]
73   	1893.69     	0.000   	1.0000  	[21.7, 21.7]	[hover, hover]	[122.0157, 89.6328]
74   	1887.71     	0.000   	1.0000  	[21.7, 21.7]	[hover, hover]	[78.0347, 61.1834]
75   	1876.65     	0.000   	1.0000  	[21.7, 21.7]	[hover, hover]	[55.2146, 45.2340]
76   	1877.71     	0.000   	1.0000  	[21.7, 21.7]	[hover, hover]	[44.0060, 37.1475]
77   	1875.47     	0.000   	1.0000  	[21.7, 21.7]	[hover, hover]	[36.5208, 33.0762]
78   	1874.42     	0.000   	1.0000  	[21.7, 21.7]	[hover, hover]	[33.5792, 31.5686]
79   	1869.76     	0.000   	1.0000  	[21.7, 21.7]	[hover, front]	[30.6311, 30.3689]
80   	1868.48     	0.000   	1.0000  	[21.7, 21.7]	[hover, front]	[29.0306, 31.1870]
81   	1869.37     	0.000   	1.0000  	[21.7, 21.7]	[hover, front]	[28.3594, 32.1828]
82   	1869.66     	0.000   	1.0000  	[21.7, 21.7]	[hover, front]	[27.7296, 32.5368]
83   	1869.20     	0.000   	1.0000  	[21.7, 21.7]	[hover, front]	[27.0382, 35.4465]
84   	1865.90     	0.000   	1.0000  	[21.7, 21.7]	[left, front]	[26.6759, 40.6425]
85   	1867.40     	0.000   	1.0000  	[21.7, 21.7]	[hover, front]	[26.4809, 50.2640]
86   	1870.50     	0.000   	1.0000  	[21.7, 21.7]	[hover, front]	[26.5245, 70.9444]
87   	1864.64     	0.000   	1.0000  	[21.7, 21.7]	[right, hover]	[26.2338, 53.2515]
88   	1864.39     	0.000   	1.0000  	[21.7, 21.7]	[left, hover]	[26.2305, 41.9134]
89   	1863.50     	0.000   	1.0000  	[21.7, 21.7]	[hover, hover]	[26.2117, 36.4172]
90   	1864.07     	0.000   	1.0000  	[21.7, 21.7]	[right, hover]	[26.3987, 31.9425]
91   	1860.93     	0.000   	1.0000  	[21.7, 21.7]	[left, hover]	[26.2101, 29.3526]
92   	1862.35     	0.000   	1.0000  	[21.7, 21.7]	[hover, hover]	[26.0887, 27.7231]
93   	1860.71     	0.000   	1.0000  	[21.7, 21.7]	[hover, hover]	[26.1056, 26.7788]
94   	1862.04     	0.000   	1.0000  	[21.7, 21.7]	[hover, hover]	[25.9302, 26.0165]
95   	1860.87     	0.000   	1.0000  	[21.7, 21.7]	[hover, right]	[25.8182, 25.9313]
96   	1862.32     	0.000   	1.0000  	[21.7, 21.7]	[hover, right]	[25.6898, 26.7532]
97   	1859.06     	0.000   	1.0000  	[21.7, 21.7]	[hover, right]	[25.6367, 26.9506]
98   	1858.88     	0.000   	1.0000  	[21.7, 21.7]	[hover, right]	[25.5855, 27.0183]
99   	1859.95     	0.000   	1.0000  	[21.7, 21.7]	[hover, right]	[25.8420, 26.5919]
[2025-12-11T10:46:04]
Strategy: greedy_ig
Pairwise: adaptive
Num agents: 2
Iteration: 8
Error margin: None
Gaussian radius 4 
Grid info: range: 0-50-50, cell_size:0.125, map shape: (400, 400), center:True
init UAV positions: [(-25.0, 25.0, 5.4), (-25.0, -25.0, 5.4)]
mcts_params: {}
Step	Entropy	MSE	Coverage	Heights	Actions	IGs
------------------------------------------------------------------------------------------------------------------------
0    	158843.99   	0.435   	0.0078  	[5.4, 5.4]	[up, up]	[821.9019, 827.6221]
1    	155961.18   	0.439   	0.0312  	[10.8, 10.8]	[up, up]	[1060.5972, 1039.1384]
2    	152625.03   	0.449   	0.0703  	[16.2, 16.2]	[back, front]	[1230.3213, 1220.4778]
3    	149835.99   	0.450   	0.0938  	[16.2, 16.2]	[right, right]	[1524.7702, 1473.4966]
4    	146067.73   	0.452   	0.1250  	[16.2, 16.2]	[right, front]	[1711.4301, 1662.7256]
5    	141973.85   	0.453   	0.1562  	[16.2, 16.2]	[back, right]	[2047.2689, 1883.2454]
6    	136596.38   	0.450   	0.1953  	[16.2, 16.2]	[right, front]	[2132.1956, 2017.2203]
7    	130561.28   	0.435   	0.2344  	[16.2, 16.2]	[back, right]	[2355.6048, 2048.1451]
8    	123342.29   	0.428   	0.2812  	[16.2, 16.2]	[back, right]	[2230.5353, 1996.2744]
9    	116461.93   	0.418   	0.3281  	[16.2, 16.2]	[up, right]	[2122.3743, 2087.9027]
10   	108500.56   	0.408   	0.4062  	[21.7, 16.2]	[right, right]	[2321.1051, 2140.9647]
11   	100836.73   	0.394   	0.4609  	[21.7, 16.2]	[right, right]	[2347.9867, 2095.6471]
12   	93099.88    	0.365   	0.5156  	[21.7, 16.2]	[right, right]	[2402.4536, 2002.6870]
13   	84911.01    	0.334   	0.5703  	[21.7, 16.2]	[right, right]	[2436.1908, 1916.1356]
14   	76440.18    	0.296   	0.6250  	[21.7, 16.2]	[right, up]	[2430.0598, 1860.3529]
15   	66821.81    	0.244   	0.7109  	[21.7, 21.7]	[right, front]	[2373.8073, 2067.0410]
16   	57715.69    	0.205   	0.7734  	[21.7, 21.7]	[right, right]	[2320.1789, 2049.2434]
17   	48396.78    	0.159   	0.8359  	[21.7, 21.7]	[right, right]	[2244.9909, 2061.6823]
18   	39265.52    	0.117   	0.8984  	[21.7, 21.7]	[right, right]	[2208.3565, 2117.9034]
19   	29976.65    	0.081   	0.9609  	[21.7, 21.7]	[back, front]	[1887.2323, 1897.9118]
20   	26701.63    	0.068   	0.9609  	[21.7, 21.7]	[back, front]	[1781.2400, 1871.2562]
21   	24397.69    	0.057   	0.9609  	[21.7, 21.7]	[back, front]	[1794.3884, 1994.1119]
22   	23235.92    	0.054   	0.9609  	[21.7, 21.7]	[back, front]	[1962.8360, 2180.4797]
23   	22527.00    	0.051   	0.9609  	[21.7, 21.7]	[back, front]	[2320.3400, 2507.5449]
24   	21723.56    	0.051   	0.9609  	[21.7, 21.7]	[back, front]	[2737.0649, 2783.8512]
25   	20641.51    	0.049   	0.9609  	[21.7, 21.7]	[back, front]	[2915.8009, 2832.9518]
26   	19161.76    	0.047   	0.9609  	[21.7, 21.7]	[back, front]	[2902.1080, 2661.7651]
27   	17152.90    	0.046   	0.9609  	[21.7, 21.7]	[left, left]	[2510.5442, 2264.9796]
28   	16517.96    	0.042   	0.9609  	[21.7, 21.7]	[left, left]	[2270.5185, 2102.2394]
29   	15930.86    	0.041   	0.9609  	[21.7, 21.7]	[left, left]	[2183.9273, 2086.0855]
30   	15225.82    	0.041   	0.9609  	[21.7, 21.7]	[left, left]	[2175.9063, 2106.6409]
31   	14201.17    	0.040   	0.9688  	[21.7, 21.7]	[left, left]	[2177.3315, 2166.2860]
32   	13147.46    	0.035   	0.9766  	[21.7, 21.7]	[left, left]	[2190.6108, 2218.7650]
33   	11951.59    	0.027   	0.9844  	[21.7, 21.7]	[left, left]	[2224.3793, 2333.3628]
34   	10552.12    	0.020   	0.9922  	[21.7, 21.7]	[left, left]	[2274.1320, 2436.5733]
35   	8784.14     	0.012   	1.0000  	[21.7, 21.7]	[hover, back]	[1551.7742, 2057.1463]
36   	7549.06     	0.009   	1.0000  	[21.7, 21.7]	[front, back]	[997.8143, 1724.1749]
37   	6417.87     	0.006   	1.0000  	[21.7, 21.7]	[back, hover]	[642.7141, 1141.1666]
38   	5776.26     	0.005   	1.0000  	[21.7, 21.7]	[front, back]	[386.3461, 732.7705]
39   	5365.69     	0.004   	1.0000  	[21.7, 21.7]	[front, front]	[263.8901, 477.9457]
40   	5146.66     	0.004   	1.0000  	[21.7, 21.7]	[front, front]	[169.5404, 323.1621]
41   	5063.32     	0.004   	1.0000  	[21.7, 21.7]	[front, front]	[105.7729, 387.6484]
42   	5029.13     	0.004   	1.0000  	[21.7, 21.7]	[front, hover]	[70.7176, 267.9600]
43   	5009.79     	0.004   	1.0000  	[21.7, 21.7]	[back, hover]	[49.0309, 180.5546]
44   	4998.72     	0.004   	1.0000  	[21.7, 21.7]	[back, hover]	[45.3366, 121.1669]
45   	4985.94     	0.004   	1.0000  	[21.7, 21.7]	[back, hover]	[47.1385, 84.9845]
46   	4981.08     	0.004   	1.0000  	[21.7, 21.7]	[back, back]	[59.0051, 72.4353]
47   	4975.07     	0.004   	1.0000  	[21.7, 21.7]	[back, back]	[115.8629, 147.6392]
48   	4967.90     	0.004   	1.0000  	[21.7, 21.7]	[hover, back]	[74.2325, 127.6934]
49   	4957.36     	0.004   	1.0000  	[21.7, 21.7]	[hover, back]	[52.1676, 101.8027]
50   	4952.21     	0.004   	1.0000  	[21.7, 21.7]	[hover, back]	[40.7833, 71.3897]
51   	4948.97     	0.004   	1.0000  	[21.7, 21.7]	[right, back]	[34.3867, 54.9002]
52   	4951.15     	0.004   	1.0000  	[21.7, 21.7]	[right, back]	[33.7582, 45.2944]
53   	4949.86     	0.004   	1.0000  	[21.7, 21.7]	[right, back]	[41.1056, 39.8057]
54   	4950.01     	0.004   	1.0000  	[21.7, 21.7]	[right, right]	[57.7785, 35.8732]
55   	4939.61     	0.004   	1.0000  	[21.7, 21.7]	[right, right]	[90.4037, 35.1775]
56   	4929.16     	0.004   	1.0000  	[21.7, 21.7]	[right, right]	[149.4385, 36.7626]
57   	4864.14     	0.004   	1.0000  	[21.7, 21.7]	[right, right]	[244.6708, 46.3099]
58   	4604.50     	0.003   	1.0000  	[21.7, 21.7]	[right, right]	[399.6339, 63.8434]
59   	4097.73     	0.003   	1.0000  	[21.7, 21.7]	[hover, right]	[258.6686, 141.8816]
60   	3804.61     	0.002   	1.0000  	[21.7, 21.7]	[hover, right]	[162.4515, 252.1666]
61   	3538.33     	0.002   	1.0000  	[21.7, 21.7]	[hover, up]	[103.6314, 228.2251]
62   	3379.23     	0.002   	1.0000  	[21.7, 27.1]	[hover, front]	[67.0458, 189.1455]
63   	3280.37     	0.002   	1.0000  	[21.7, 27.1]	[front, hover]	[53.9857, 139.6653]
64   	3246.42     	0.002   	1.0000  	[21.7, 27.1]	[front, hover]	[65.6186, 113.1912]
65   	3231.55     	0.002   	1.0000  	[21.7, 27.1]	[front, hover]	[92.8462, 91.3190]
66   	3219.49     	0.002   	1.0000  	[21.7, 27.1]	[front, hover]	[127.0971, 71.1532]
67   	3213.76     	0.002   	1.0000  	[21.7, 27.1]	[front, hover]	[179.8030, 56.5735]
68   	3176.69     	0.002   	1.0000  	[21.7, 27.1]	[front, hover]	[215.9116, 46.4506]
69   	3082.69     	0.001   	1.0000  	[21.7, 27.1]	[front, front]	[259.4002, 42.1769]
70   	2888.59     	0.001   	1.0000  	[21.7, 27.1]	[front, front]	[333.5938, 46.7753]
71   	2484.94     	0.001   	1.0000  	[21.7, 27.1]	[hover, front]	[203.1408, 61.3357]
72   	2263.28     	0.001   	1.0000  	[21.7, 27.1]	[hover, front]	[123.8373, 81.8631]
73   	2089.62     	0.001   	1.0000  	[21.7, 27.1]	[hover, front]	[74.1699, 111.4084]
74   	1986.85     	0.000   	1.0000  	[21.7, 27.1]	[hover, front]	[49.7432, 169.7842]
75   	1935.91     	0.000   	1.0000  	[21.7, 27.1]	[hover, hover]	[37.5347, 127.7369]
76   	1905.11     	0.000   	1.0000  	[21.7, 27.1]	[left, hover]	[33.5455, 98.9229]
77   	1892.25     	0.000   	1.0000  	[21.7, 27.1]	[left, hover]	[33.1523, 78.5113]
78   	1891.62     	0.000   	1.0000  	[21.7, 27.1]	[left, hover]	[29.6487, 64.1846]
79   	1889.13     	0.000   	1.0000  	[21.7, 27.1]	[left, hover]	[28.1029, 50.1658]
80   	1886.98     	0.000   	1.0000  	[21.7, 27.1]	[left, hover]	[28.6131, 42.0005]
81   	1887.51     	0.000   	1.0000  	[21.7, 27.1]	[left, hover]	[29.3262, 35.2551]
82   	1881.86     	0.000   	1.0000  	[21.7, 27.1]	[left, hover]	[31.3497, 30.9926]
83   	1881.39     	0.000   	1.0000  	[21.7, 27.1]	[left, down]	[33.1330, 28.3102]
84   	1877.46     	0.000   	1.0000  	[21.7, 21.7]	[hover, front]	[30.3597, 29.9088]
85   	1876.79     	0.000   	1.0000  	[21.7, 21.7]	[hover, right]	[29.0576, 35.4288]
86   	1878.03     	0.000   	1.0000  	[21.7, 21.7]	[hover, hover]	[28.2292, 31.2042]
87   	1873.37     	0.000   	1.0000  	[21.7, 21.7]	[hover, hover]	[27.2592, 29.0705]
88   	1873.73     	0.000   	1.0000  	[21.7, 21.7]	[back, hover]	[26.7170, 27.6176]
89   	1872.31     	0.000   	1.0000  	[21.7, 21.7]	[back, hover]	[26.5007, 26.9198]
90   	1873.09     	0.000   	1.0000  	[21.7, 21.7]	[back, left]	[27.5408, 26.5494]
91   	1872.73     	0.000   	1.0000  	[21.7, 21.7]	[back, back]	[27.4579, 26.4279]
92   	1871.36     	0.000   	1.0000  	[21.7, 21.7]	[back, back]	[27.4126, 26.3638]
93   	1869.08     	0.000   	1.0000  	[21.7, 21.7]	[front, hover]	[26.8834, 26.0446]
94   	1872.05     	0.000   	1.0000  	[21.7, 21.7]	[hover, left]	[26.8356, 25.8957]
95   	1871.48     	0.000   	1.0000  	[21.7, 21.7]	[back, hover]	[26.8026, 25.6855]
96   	1868.84     	0.000   	1.0000  	[21.7, 21.7]	[front, hover]	[26.8283, 25.6852]
97   	1871.29     	0.000   	1.0000  	[21.7, 21.7]	[hover, right]	[26.7039, 25.7002]
98   	1869.78     	0.000   	1.0000  	[21.7, 21.7]	[back, left]	[26.7392, 25.7457]
99   	1870.66     	0.000   	1.0000  	[21.7, 21.7]	[hover, hover]	[26.3622, 25.6470]
[2025-12-11T10:46:11]
Strategy: greedy_ig
Pairwise: adaptive
Num agents: 2
Iteration: 9
Error margin: None
Gaussian radius 4 
Grid info: range: 0-50-50, cell_size:0.125, map shape: (400, 400), center:True
init UAV positions: [(25.0, -25.0, 5.4), (-25.0, 25.0, 5.4)]
mcts_params: {}
Step	Entropy	MSE	Coverage	Heights	Actions	IGs
------------------------------------------------------------------------------------------------------------------------
0    	158843.99   	0.435   	0.0078  	[5.4, 5.4]	[up, up]	[821.9019, 827.6221]
1    	155879.75   	0.438   	0.0312  	[10.8, 10.8]	[up, up]	[995.8162, 1040.6745]
2    	152147.90   	0.435   	0.0703  	[16.2, 16.2]	[left, back]	[1016.1493, 1219.4512]
3    	149131.46   	0.427   	0.0938  	[16.2, 16.2]	[front, right]	[1158.0910, 1507.7880]
4    	144897.15   	0.413   	0.1250  	[16.2, 16.2]	[front, right]	[1206.2727, 1702.6879]
5    	140675.92   	0.400   	0.1562  	[16.2, 16.2]	[left, back]	[1425.7749, 2016.4307]
6    	135264.81   	0.383   	0.1953  	[16.2, 16.2]	[front, back]	[1548.1105, 2108.7422]
7    	129189.77   	0.358   	0.2344  	[16.2, 16.2]	[left, right]	[1734.2976, 2207.8274]
8    	122244.80   	0.347   	0.2812  	[16.2, 16.2]	[left, right]	[1785.8319, 2138.0033]
9    	115940.79   	0.337   	0.3281  	[16.2, 16.2]	[up, right]	[1885.1819, 2305.3757]
10   	108462.93   	0.303   	0.4062  	[21.7, 16.2]	[front, right]	[2108.7364, 2464.2062]
11   	101253.75   	0.269   	0.4609  	[21.7, 16.2]	[front, right]	[2157.2097, 2486.5275]
12   	93749.80    	0.228   	0.5156  	[21.7, 16.2]	[front, right]	[2276.7601, 2330.6584]
13   	86248.83    	0.185   	0.5703  	[21.7, 16.2]	[front, right]	[2398.8772, 2109.5291]
14   	80178.79    	0.157   	0.6094  	[21.7, 16.2]	[front, right]	[2575.2326, 1892.3401]
15   	74537.64    	0.134   	0.6406  	[21.7, 16.2]	[front, right]	[2653.3418, 1791.2335]
16   	69353.15    	0.123   	0.6641  	[21.7, 16.2]	[front, right]	[2618.6367, 1729.7619]
17   	64272.50    	0.113   	0.6797  	[21.7, 16.2]	[front, right]	[2415.5683, 1677.7932]
18   	60265.64    	0.105   	0.6875  	[21.7, 16.2]	[left, back]	[2234.3450, 1459.3694]
19   	57776.39    	0.100   	0.6992  	[21.7, 16.2]	[front, back]	[2133.6285, 1533.4643]
20   	56913.42    	0.097   	0.6992  	[21.7, 16.2]	[left, back]	[2037.7699, 1732.4283]
21   	55838.45    	0.098   	0.7070  	[21.7, 16.2]	[left, back]	[2021.6389, 2075.6859]
22   	54716.35    	0.099   	0.7148  	[21.7, 16.2]	[left, back]	[2076.5446, 2443.2970]
23   	53572.39    	0.100   	0.7227  	[21.7, 16.2]	[left, back]	[2138.1992, 2707.2721]
24   	52396.36    	0.099   	0.7305  	[21.7, 16.2]	[left, back]	[2212.2341, 2859.7423]
25   	51103.35    	0.093   	0.7383  	[21.7, 16.2]	[left, back]	[2311.5025, 2875.4456]
26   	49748.02    	0.086   	0.7461  	[21.7, 16.2]	[left, back]	[2436.9543, 2676.5577]
27   	48248.33    	0.078   	0.7539  	[21.7, 16.2]	[back, back]	[2301.3980, 2398.5159]
28   	45002.69    	0.069   	0.7812  	[21.7, 16.2]	[back, left]	[2215.9038, 1949.4855]
29   	41048.26    	0.051   	0.8125  	[21.7, 16.2]	[back, left]	[2153.9781, 1840.0017]
30   	36311.56    	0.033   	0.8438  	[21.7, 16.2]	[back, left]	[2167.6749, 1804.0335]
31   	29538.91    	0.027   	0.8906  	[21.7, 16.2]	[back, left]	[2102.8116, 1765.6011]
32   	23256.26    	0.025   	0.9297  	[21.7, 16.2]	[back, left]	[2070.6600, 1696.8903]
33   	17343.71    	0.021   	0.9609  	[21.7, 16.2]	[back, left]	[2008.3322, 1687.9516]
34   	12381.98    	0.018   	0.9844  	[21.7, 16.2]	[back, left]	[1950.9800, 1674.6103]
35   	8325.66     	0.014   	1.0000  	[21.7, 16.2]	[hover, left]	[1284.9122, 1643.2761]
36   	6345.12     	0.008   	1.0000  	[21.7, 16.2]	[right, left]	[866.5958, 1701.6059]
37   	5308.22     	0.005   	1.0000  	[21.7, 16.2]	[right, left]	[558.2552, 1968.8855]
38   	4320.73     	0.004   	1.0000  	[21.7, 16.2]	[left, front]	[333.2609, 1779.0704]
39   	3982.13     	0.003   	1.0000  	[21.7, 16.2]	[left, front]	[286.3551, 1610.7068]
40   	3680.53     	0.003   	1.0000  	[21.7, 16.2]	[hover, front]	[176.8801, 1714.3620]
41   	3540.63     	0.002   	1.0000  	[21.7, 16.2]	[hover, front]	[110.3510, 1773.0814]
42   	3438.76     	0.002   	1.0000  	[21.7, 16.2]	[right, right]	[74.2761, 1314.4380]
43   	3405.84     	0.002   	1.0000  	[21.7, 16.2]	[right, right]	[88.7604, 1165.2446]
44   	3378.41     	0.002   	1.0000  	[21.7, 16.2]	[right, right]	[94.3140, 1144.9368]
45   	3337.78     	0.002   	1.0000  	[21.7, 16.2]	[right, right]	[74.6249, 1141.9007]
46   	3307.01     	0.002   	1.0000  	[21.7, 16.2]	[right, right]	[62.2771, 675.3330]
47   	3285.23     	0.002   	1.0000  	[21.7, 16.2]	[right, right]	[57.3092, 358.9953]
48   	3263.21     	0.002   	1.0000  	[21.7, 16.2]	[right, right]	[53.7930, 220.1607]
49   	3242.08     	0.002   	1.0000  	[21.7, 16.2]	[right, right]	[62.7621, 199.2985]
50   	3222.45     	0.002   	1.0000  	[21.7, 16.2]	[front, right]	[61.8848, 214.8874]
51   	3213.64     	0.002   	1.0000  	[21.7, 16.2]	[front, right]	[69.0371, 217.8614]
52   	3194.08     	0.002   	1.0000  	[21.7, 16.2]	[front, front]	[88.0779, 178.4888]
53   	3180.09     	0.002   	1.0000  	[21.7, 16.2]	[front, front]	[118.0712, 146.1271]
54   	3162.42     	0.002   	1.0000  	[21.7, 16.2]	[front, front]	[159.9085, 127.8623]
55   	3124.52     	0.002   	1.0000  	[21.7, 16.2]	[front, front]	[204.6327, 104.5273]
56   	3048.92     	0.002   	1.0000  	[21.7, 16.2]	[front, front]	[259.8936, 115.4689]
57   	2893.48     	0.002   	1.0000  	[21.7, 16.2]	[front, front]	[422.9003, 206.9968]
58   	2392.14     	0.001   	1.0000  	[21.7, 16.2]	[hover, hover]	[223.9717, 87.7022]
59   	2280.32     	0.001   	1.0000  	[21.7, 16.2]	[hover, hover]	[145.3877, 47.3931]
60   	2237.31     	0.001   	1.0000  	[21.7, 16.2]	[hover, hover]	[92.0337, 32.7668]
61   	2218.10     	0.001   	1.0000  	[21.7, 16.2]	[hover, left]	[60.4491, 28.7499]
62   	2214.85     	0.001   	1.0000  	[21.7, 16.2]	[hover, up]	[45.4738, 32.6987]
63   	2211.20     	0.001   	1.0000  	[21.7, 21.7]	[hover, left]	[34.6744, 34.4221]
64   	2211.14     	0.001   	1.0000  	[21.7, 21.7]	[hover, back]	[30.9652, 39.6565]
65   	2214.00     	0.001   	1.0000  	[21.7, 21.7]	[hover, back]	[28.4487, 46.0078]
66   	2209.95     	0.001   	1.0000  	[21.7, 21.7]	[left, back]	[29.9997, 49.0474]
67   	2202.74     	0.001   	1.0000  	[21.7, 21.7]	[left, left]	[33.8671, 44.7631]
68   	2203.88     	0.001   	1.0000  	[21.7, 21.7]	[left, left]	[45.4620, 47.6810]
69   	2198.44     	0.001   	1.0000  	[21.7, 21.7]	[left, left]	[63.8409, 46.0938]
70   	2191.77     	0.001   	1.0000  	[21.7, 21.7]	[left, left]	[99.4300, 62.7457]
71   	2181.32     	0.001   	1.0000  	[21.7, 21.7]	[left, left]	[158.2186, 92.0993]
72   	2164.69     	0.001   	1.0000  	[21.7, 21.7]	[left, left]	[241.6402, 143.3153]
73   	2127.24     	0.000   	1.0000  	[21.7, 21.7]	[left, left]	[362.1403, 239.1168]
74   	2048.45     	0.000   	1.0000  	[21.7, 21.7]	[hover, front]	[239.2666, 143.3321]
75   	2003.00     	0.000   	1.0000  	[21.7, 21.7]	[hover, hover]	[156.7837, 89.9237]
76   	1987.60     	0.000   	1.0000  	[21.7, 21.7]	[hover, back]	[109.4385, 63.4241]
77   	1978.29     	0.000   	1.0000  	[21.7, 21.7]	[hover, back]	[77.4780, 49.3627]
78   	1972.20     	0.000   	1.0000  	[21.7, 21.7]	[hover, back]	[58.5931, 41.3657]
79   	1969.12     	0.000   	1.0000  	[21.7, 21.7]	[hover, back]	[44.7502, 42.7782]
80   	1965.05     	0.000   	1.0000  	[21.7, 21.7]	[hover, back]	[36.0761, 59.5685]
81   	1962.98     	0.000   	1.0000  	[21.7, 21.7]	[hover, back]	[32.0590, 91.5913]
82   	1956.27     	0.000   	1.0000  	[21.7, 21.7]	[hover, back]	[29.7859, 176.2538]
83   	1929.88     	0.000   	1.0000  	[21.7, 21.7]	[hover, hover]	[28.3901, 115.9901]
84   	1906.69     	0.000   	1.0000  	[21.7, 21.7]	[back, hover]	[27.8701, 78.2028]
85   	1889.07     	0.000   	1.0000  	[21.7, 21.7]	[back, hover]	[28.2976, 53.4863]
86   	1880.72     	0.000   	1.0000  	[21.7, 21.7]	[back, hover]	[30.0937, 41.9463]
87   	1876.64     	0.000   	1.0000  	[21.7, 21.7]	[back, hover]	[30.5568, 34.9032]
88   	1872.49     	0.000   	1.0000  	[21.7, 21.7]	[back, hover]	[31.8917, 30.9449]
89   	1869.56     	0.000   	1.0000  	[21.7, 21.7]	[back, right]	[32.4024, 28.6357]
90   	1865.53     	0.000   	1.0000  	[21.7, 21.7]	[back, right]	[37.9309, 28.7972]
91   	1868.35     	0.000   	1.0000  	[21.7, 21.7]	[back, right]	[45.6292, 27.8150]
92   	1866.36     	0.000   	1.0000  	[21.7, 21.7]	[hover, right]	[36.7379, 30.2531]
93   	1864.65     	0.000   	1.0000  	[21.7, 21.7]	[hover, right]	[32.6449, 35.0114]
94   	1865.23     	0.000   	1.0000  	[21.7, 21.7]	[hover, right]	[29.8475, 53.5428]
95   	1865.42     	0.000   	1.0000  	[21.7, 21.7]	[hover, right]	[28.6437, 90.9660]
96   	1864.41     	0.000   	1.0000  	[21.7, 21.7]	[hover, right]	[27.7953, 189.6441]
97   	1859.10     	0.000   	1.0000  	[21.7, 21.7]	[hover, hover]	[27.5145, 122.0356]
98   	1860.19     	0.000   	1.0000  	[21.7, 21.7]	[front, hover]	[27.1838, 82.2800]
99   	1858.63     	0.000   	1.0000  	[21.7, 21.7]	[front, hover]	[27.3813, 57.6724]
[2025-12-11T10:46:17]
Strategy: greedy_ig
Pairwise: adaptive
Num agents: 2
Iteration: 10
Error margin: None
Gaussian radius 4 
Grid info: range: 0-50-50, cell_size:0.125, map shape: (400, 400), center:True
init UAV positions: [(-25.0, 25.0, 5.4), (25.0, -25.0, 5.4)]
mcts_params: {}
Step	Entropy	MSE	Coverage	Heights	Actions	IGs
------------------------------------------------------------------------------------------------------------------------
0    	158843.99   	0.435   	0.0078  	[5.4, 5.4]	[up, up]	[821.9019, 827.6221]
1    	155890.63   	0.438   	0.0312  	[10.8, 10.8]	[up, up]	[1060.5972, 972.6241]
2    	152200.78   	0.434   	0.0703  	[16.2, 16.2]	[back, front]	[1230.3213, 1020.0109]
3    	149138.98   	0.423   	0.0938  	[16.2, 16.2]	[right, left]	[1524.7702, 1148.4928]
4    	144922.73   	0.413   	0.1250  	[16.2, 16.2]	[right, front]	[1711.4301, 1205.4953]
5    	140660.27   	0.400   	0.1562  	[16.2, 16.2]	[back, left]	[2047.2689, 1395.0386]
6    	135154.32   	0.382   	0.1953  	[16.2, 16.2]	[right, front]	[2132.1956, 1509.8357]
7    	129495.61   	0.365   	0.2344  	[16.2, 16.2]	[back, left]	[2355.6048, 1723.6574]
8    	122490.19   	0.348   	0.2812  	[16.2, 16.2]	[back, left]	[2230.5353, 1762.3721]
9    	115543.17   	0.326   	0.3281  	[16.2, 16.2]	[up, up]	[2122.3743, 1888.3116]
10   	106344.01   	0.289   	0.4375  	[21.7, 21.7]	[right, front]	[2321.1051, 2080.6509]
11   	98526.71    	0.263   	0.5000  	[21.7, 21.7]	[right, front]	[2357.3673, 2145.0303]
12   	91329.43    	0.221   	0.5586  	[21.7, 21.7]	[right, front]	[2410.5330, 2228.7395]
13   	84428.01    	0.181   	0.6094  	[21.7, 21.7]	[right, front]	[2402.1376, 2386.7090]
14   	77859.15    	0.149   	0.6523  	[21.7, 21.7]	[right, front]	[2319.6223, 2619.1777]
15   	71343.09    	0.122   	0.6875  	[21.7, 21.7]	[right, front]	[2213.9744, 2781.5129]
16   	64843.40    	0.104   	0.7148  	[21.7, 21.7]	[right, front]	[2093.4701, 2796.3967]
17   	58548.15    	0.095   	0.7344  	[21.7, 21.7]	[right, front]	[1989.0000, 2572.9899]
18   	53385.16    	0.086   	0.7461  	[21.7, 21.7]	[right, front]	[1898.9169, 2261.9602]
19   	50134.32    	0.079   	0.7500  	[21.7, 21.7]	[back, left]	[1873.1600, 2052.8188]
20   	48977.54    	0.076   	0.7500  	[21.7, 21.7]	[back, left]	[1997.0777, 2040.9402]
21   	48301.05    	0.074   	0.7500  	[21.7, 21.7]	[back, left]	[2118.4246, 2063.4355]
22   	47983.06    	0.074   	0.7500  	[21.7, 21.7]	[back, left]	[2359.4209, 2094.3323]
23   	47730.34    	0.074   	0.7500  	[21.7, 21.7]	[back, left]	[2621.8478, 2180.6784]
24   	47421.43    	0.074   	0.7500  	[21.7, 21.7]	[back, left]	[2890.0197, 2268.6819]
25   	46972.60    	0.073   	0.7500  	[21.7, 21.7]	[back, left]	[3000.2087, 2364.0224]
26   	46232.49    	0.073   	0.7500  	[21.7, 21.7]	[back, left]	[2951.8230, 2457.8945]
27   	45246.84    	0.072   	0.7500  	[21.7, 21.7]	[left, back]	[2571.3800, 2320.2847]
28   	40143.48    	0.058   	0.8086  	[21.7, 21.7]	[left, back]	[2312.3328, 2190.7880]
29   	34770.88    	0.049   	0.8594  	[21.7, 21.7]	[left, back]	[2115.0061, 2112.5546]
30   	28987.81    	0.033   	0.9023  	[21.7, 21.7]	[left, back]	[2035.1600, 2050.8079]
31   	23145.42    	0.028   	0.9375  	[21.7, 21.7]	[left, back]	[2008.0494, 2004.1164]
32   	17385.97    	0.022   	0.9648  	[21.7, 21.7]	[left, back]	[1961.7415, 1960.2178]
33   	12617.89    	0.017   	0.9844  	[21.7, 21.7]	[left, back]	[1954.2186, 1924.4823]
34   	8748.98     	0.012   	0.9961  	[21.7, 21.7]	[left, back]	[1919.3133, 1890.9782]
35   	6253.07     	0.007   	1.0000  	[21.7, 21.7]	[front, right]	[1332.9000, 1317.4447]
36   	5425.08     	0.005   	1.0000  	[21.7, 21.7]	[back, left]	[990.7973, 1000.1591]
37   	4341.69     	0.003   	1.0000  	[21.7, 21.7]	[left, right]	[580.3228, 619.4894]
38   	3959.15     	0.002   	1.0000  	[21.7, 21.7]	[down, right]	[448.0193, 415.9882]
39   	3811.55     	0.002   	1.0000  	[16.2, 21.7]	[back, right]	[297.6535, 250.9699]
40   	3623.02     	0.002   	1.0000  	[16.2, 21.7]	[hover, right]	[151.6231, 146.5821]
41   	3537.86     	0.002   	1.0000  	[16.2, 21.7]	[hover, right]	[79.5769, 95.9471]
42   	3494.04     	0.002   	1.0000  	[16.2, 21.7]	[front, right]	[62.8139, 73.2431]
43   	3477.90     	0.002   	1.0000  	[16.2, 21.7]	[front, right]	[120.2907, 61.9143]
44   	3465.63     	0.002   	1.0000  	[16.2, 21.7]	[front, right]	[223.1371, 62.3120]
45   	3443.47     	0.002   	1.0000  	[16.2, 21.7]	[front, front]	[214.0417, 54.8792]
46   	3414.20     	0.002   	1.0000  	[16.2, 21.7]	[front, front]	[142.7468, 60.0694]
47   	3385.72     	0.002   	1.0000  	[16.2, 21.7]	[front, front]	[79.2404, 70.7480]
48   	3374.52     	0.002   	1.0000  	[16.2, 21.7]	[front, front]	[48.7999, 95.4251]
49   	3369.12     	0.002   	1.0000  	[16.2, 21.7]	[right, front]	[42.7122, 136.5231]
50   	3318.21     	0.002   	1.0000  	[16.2, 21.7]	[up, front]	[51.3714, 179.0159]
51   	3203.16     	0.002   	1.0000  	[21.7, 21.7]	[front, front]	[44.9737, 224.6902]
52   	2994.49     	0.001   	1.0000  	[21.7, 21.7]	[front, front]	[43.1513, 317.3147]
53   	2549.16     	0.001   	1.0000  	[21.7, 21.7]	[right, hover]	[38.3024, 188.4038]
54   	2305.59     	0.001   	1.0000  	[21.7, 21.7]	[right, hover]	[37.4094, 112.3119]
55   	2151.29     	0.001   	1.0000  	[21.7, 21.7]	[right, hover]	[42.6663, 68.2251]
56   	2060.40     	0.000   	1.0000  	[21.7, 21.7]	[right, hover]	[59.5113, 46.6368]
57   	2006.25     	0.000   	1.0000  	[21.7, 21.7]	[right, hover]	[79.0361, 36.0607]
58   	1986.07     	0.000   	1.0000  	[21.7, 21.7]	[right, left]	[129.9767, 32.1519]
59   	1975.83     	0.000   	1.0000  	[21.7, 21.7]	[up, right]	[123.8063, 29.3135]
60   	1968.45     	0.000   	1.0000  	[27.1, 21.7]	[right, left]	[207.6459, 28.7496]
61   	1958.64     	0.000   	1.0000  	[27.1, 21.7]	[back, left]	[193.1987, 34.6522]
62   	1954.18     	0.000   	1.0000  	[27.1, 21.7]	[hover, left]	[147.7250, 44.2084]
63   	1947.29     	0.000   	1.0000  	[27.1, 21.7]	[hover, left]	[109.5116, 64.9838]
64   	1945.01     	0.000   	1.0000  	[27.1, 21.7]	[back, left]	[82.9837, 103.9732]
65   	1940.97     	0.000   	1.0000  	[27.1, 21.7]	[back, left]	[79.4537, 155.8155]
66   	1938.11     	0.000   	1.0000  	[27.1, 21.7]	[back, left]	[100.0744, 246.4677]
67   	1934.09     	0.000   	1.0000  	[27.1, 21.7]	[back, left]	[128.4406, 377.5184]
68   	1929.24     	0.000   	1.0000  	[27.1, 21.7]	[back, hover]	[176.0185, 266.1965]
69   	1925.87     	0.000   	1.0000  	[27.1, 21.7]	[back, hover]	[248.2164, 183.2074]
70   	1915.46     	0.000   	1.0000  	[27.1, 21.7]	[hover, hover]	[193.0202, 130.9495]
71   	1908.87     	0.000   	1.0000  	[27.1, 21.7]	[hover, hover]	[146.4017, 89.6827]
72   	1906.15     	0.000   	1.0000  	[27.1, 21.7]	[hover, hover]	[109.6913, 65.3614]
73   	1897.43     	0.000   	1.0000  	[27.1, 21.7]	[hover, hover]	[85.8261, 49.6481]
74   	1899.76     	0.000   	1.0000  	[27.1, 21.7]	[hover, hover]	[66.5625, 39.7190]
75   	1897.44     	0.000   	1.0000  	[27.1, 21.7]	[hover, hover]	[53.3279, 33.9612]
76   	1894.63     	0.000   	1.0000  	[27.1, 21.7]	[hover, back]	[44.5032, 30.9129]
77   	1894.53     	0.000   	1.0000  	[27.1, 21.7]	[hover, back]	[37.6934, 31.0116]
78   	1894.79     	0.000   	1.0000  	[27.1, 21.7]	[down, back]	[33.6704, 36.8411]
79   	1895.05     	0.000   	1.0000  	[21.7, 21.7]	[back, back]	[37.2169, 41.1017]
80   	1892.64     	0.000   	1.0000  	[21.7, 21.7]	[right, back]	[41.7179, 54.5923]
81   	1891.70     	0.000   	1.0000  	[21.7, 21.7]	[hover, back]	[36.1115, 73.6301]
82   	1889.19     	0.000   	1.0000  	[21.7, 21.7]	[hover, back]	[32.8884, 103.7764]
83   	1886.51     	0.000   	1.0000  	[21.7, 21.7]	[hover, back]	[31.7206, 161.4992]
84   	1877.73     	0.000   	1.0000  	[21.7, 21.7]	[hover, hover]	[30.3197, 109.5158]
85   	1871.62     	0.000   	1.0000  	[21.7, 21.7]	[hover, hover]	[29.3005, 72.6663]
86   	1866.35     	0.000   	1.0000  	[21.7, 21.7]	[left, hover]	[28.9830, 51.6727]
87   	1861.02     	0.000   	1.0000  	[21.7, 21.7]	[right, hover]	[28.7486, 39.8078]
88   	1861.72     	0.000   	1.0000  	[21.7, 21.7]	[left, hover]	[28.5528, 33.3137]
89   	1855.52     	0.000   	1.0000  	[21.7, 21.7]	[right, hover]	[27.9007, 30.0630]
90   	1856.27     	0.000   	1.0000  	[21.7, 21.7]	[hover, hover]	[27.6044, 28.5925]
91   	1854.07     	0.000   	1.0000  	[21.7, 21.7]	[left, hover]	[27.3354, 27.5601]
92   	1854.75     	0.000   	1.0000  	[21.7, 21.7]	[hover, right]	[26.9351, 27.1614]
93   	1855.45     	0.000   	1.0000  	[21.7, 21.7]	[hover, right]	[26.9713, 27.2037]
94   	1853.88     	0.000   	1.0000  	[21.7, 21.7]	[right, right]	[26.6832, 26.7894]
95   	1856.64     	0.000   	1.0000  	[21.7, 21.7]	[hover, right]	[26.7125, 27.4177]
96   	1854.51     	0.000   	1.0000  	[21.7, 21.7]	[left, right]	[26.7893, 27.6120]
97   	1855.13     	0.000   	1.0000  	[21.7, 21.7]	[hover, right]	[26.4495, 27.2558]
98   	1854.10     	0.000   	1.0000  	[21.7, 21.7]	[hover, left]	[26.3387, 27.1276]
99   	1854.78     	0.000   	1.0000  	[21.7, 21.7]	[hover, hover]	[26.3665, 26.9512]
[2025-12-11T10:46:23]
Strategy: greedy_ig
Pairwise: adaptive
Num agents: 2
Iteration: 11
Error margin: None
Gaussian radius 4 
Grid info: range: 0-50-50, cell_size:0.125, map shape: (400, 400), center:True
init UAV positions: [(-25.0, -25.0, 5.4), (-25.0, 25.0, 5.4)]
mcts_params: {}
Step	Entropy	MSE	Coverage	Heights	Actions	IGs
------------------------------------------------------------------------------------------------------------------------
0    	158843.99   	0.435   	0.0078  	[5.4, 5.4]	[up, up]	[821.9019, 827.6221]
1    	155950.24   	0.439   	0.0312  	[10.8, 10.8]	[up, up]	[1055.6788, 1040.6745]
2    	152588.71   	0.449   	0.0703  	[16.2, 16.2]	[front, back]	[1228.0775, 1219.4512]
3    	149898.24   	0.450   	0.0938  	[16.2, 16.2]	[right, right]	[1519.6647, 1507.7880]
4    	146069.50   	0.451   	0.1250  	[16.2, 16.2]	[front, right]	[1668.6465, 1702.6879]
5    	141991.82   	0.453   	0.1562  	[16.2, 16.2]	[right, back]	[1918.6788, 2016.4307]
6    	136692.44   	0.451   	0.1953  	[16.2, 16.2]	[front, back]	[2055.7826, 2108.7422]
7    	130238.88   	0.428   	0.2344  	[16.2, 16.2]	[right, right]	[2057.5399, 2207.8274]
8    	123129.53   	0.427   	0.2812  	[16.2, 16.2]	[right, right]	[1999.8315, 2138.0033]
9    	116831.04   	0.430   	0.3281  	[16.2, 16.2]	[up, right]	[2050.9625, 2305.3757]
10   	109347.16   	0.409   	0.4062  	[21.7, 16.2]	[front, right]	[2248.3221, 2464.2062]
11   	101839.88   	0.390   	0.4609  	[21.7, 16.2]	[front, right]	[2236.5629, 2486.5275]
12   	93757.11    	0.362   	0.5156  	[21.7, 16.2]	[front, right]	[2224.9817, 2330.6584]
13   	85076.87    	0.337   	0.5703  	[21.7, 16.2]	[front, right]	[2126.1610, 2109.5291]
14   	78493.92    	0.316   	0.5938  	[21.7, 16.2]	[front, right]	[2127.4334, 1944.0189]
15   	72248.88    	0.297   	0.6172  	[21.7, 16.2]	[front, right]	[2153.8815, 1896.6390]
16   	66741.33    	0.283   	0.6406  	[21.7, 16.2]	[front, right]	[2227.0581, 1890.3938]
17   	61809.80    	0.270   	0.6641  	[21.7, 16.2]	[front, right]	[2248.9478, 1882.4780]
18   	57520.62    	0.260   	0.6875  	[21.7, 16.2]	[front, back]	[2337.2260, 1742.5605]
19   	53827.32    	0.236   	0.7109  	[21.7, 16.2]	[right, back]	[2234.8028, 1754.9696]
20   	49661.84    	0.208   	0.7422  	[21.7, 16.2]	[right, back]	[2209.5884, 1836.9985]
21   	46016.81    	0.183   	0.7734  	[21.7, 16.2]	[right, back]	[2088.3891, 2132.9353]
22   	42943.48    	0.160   	0.7969  	[21.7, 16.2]	[right, back]	[2100.9368, 2452.8066]
23   	39672.22    	0.137   	0.8203  	[21.7, 16.2]	[right, back]	[2109.9975, 2707.2721]
24   	36337.89    	0.118   	0.8438  	[21.7, 16.2]	[right, back]	[2112.9383, 2853.5904]
25   	32796.22    	0.090   	0.8672  	[21.7, 16.2]	[right, back]	[2154.2494, 2875.4456]
26   	28834.92    	0.076   	0.8906  	[21.7, 16.2]	[right, back]	[2220.6898, 2676.5577]
27   	24424.01    	0.063   	0.9141  	[21.7, 16.2]	[back, back]	[2049.3120, 2398.5159]
28   	19261.30    	0.052   	0.9453  	[21.7, 16.2]	[back, left]	[2022.1597, 1949.4855]
29   	14668.97    	0.032   	0.9766  	[21.7, 16.2]	[back, left]	[1938.6687, 1840.0017]
30   	10797.97    	0.017   	1.0000  	[21.7, 16.2]	[back, left]	[2065.6685, 1811.3791]
31   	9049.54     	0.011   	1.0000  	[21.7, 16.2]	[back, left]	[2304.1325, 1834.8238]
32   	7617.51     	0.008   	1.0000  	[21.7, 16.2]	[back, left]	[2595.9775, 1829.0333]
33   	6515.03     	0.006   	1.0000  	[21.7, 16.2]	[back, left]	[2752.1408, 1881.7709]
34   	5687.22     	0.005   	1.0000  	[21.7, 16.2]	[back, left]	[2801.1881, 1931.5204]
35   	4771.91     	0.004   	1.0000  	[21.7, 16.2]	[hover, left]	[1976.5193, 1974.6635]
36   	4215.95     	0.003   	1.0000  	[21.7, 16.2]	[hover, left]	[1338.6685, 2041.3922]
37   	3847.02     	0.002   	1.0000  	[21.7, 16.2]	[left, left]	[836.6582, 2151.3787]
38   	3650.50     	0.002   	1.0000  	[21.7, 16.2]	[right, front]	[493.2250, 1928.1393]
39   	3442.83     	0.002   	1.0000  	[21.7, 16.2]	[left, front]	[312.0205, 1847.8549]
40   	3325.29     	0.001   	1.0000  	[21.7, 16.2]	[left, front]	[209.6584, 1843.3751]
41   	3248.94     	0.001   	1.0000  	[21.7, 16.2]	[left, front]	[138.0526, 1826.7613]
42   	3196.09     	0.001   	1.0000  	[21.7, 16.2]	[left, right]	[84.5437, 1324.9082]
43   	3165.95     	0.001   	1.0000  	[21.7, 16.2]	[left, right]	[59.8627, 1167.6885]
44   	3137.06     	0.001   	1.0000  	[21.7, 16.2]	[left, right]	[46.3476, 1147.9359]
45   	3121.04     	0.001   	1.0000  	[21.7, 16.2]	[left, right]	[38.4889, 1139.1112]
46   	3112.80     	0.001   	1.0000  	[21.7, 16.2]	[left, right]	[36.2586, 704.3289]
47   	3102.18     	0.001   	1.0000  	[21.7, 16.2]	[front, right]	[34.8541, 385.6607]
48   	3086.77     	0.001   	1.0000  	[21.7, 16.2]	[front, right]	[37.7239, 234.7934]
49   	3071.64     	0.001   	1.0000  	[21.7, 16.2]	[front, right]	[46.0957, 211.1908]
50   	3053.10     	0.001   	1.0000  	[21.7, 16.2]	[front, right]	[72.5780, 226.9824]
51   	3016.67     	0.001   	1.0000  	[21.7, 16.2]	[front, right]	[100.9213, 243.4706]
52   	2981.39     	0.001   	1.0000  	[21.7, 16.2]	[front, front]	[160.0897, 197.1276]
53   	2938.75     	0.001   	1.0000  	[21.7, 16.2]	[front, front]	[244.7151, 162.8582]
54   	2899.60     	0.001   	1.0000  	[21.7, 16.2]	[front, front]	[378.8768, 138.5213]
55   	2839.91     	0.001   	1.0000  	[21.7, 16.2]	[hover, front]	[268.4160, 113.1432]
56   	2757.72     	0.001   	1.0000  	[21.7, 16.2]	[hover, front]	[175.2196, 118.4353]
57   	2647.43     	0.001   	1.0000  	[21.7, 16.2]	[hover, front]	[117.6980, 211.4472]
58   	2315.75     	0.001   	1.0000  	[21.7, 16.2]	[hover, hover]	[81.0483, 97.5556]
59   	2206.80     	0.000   	1.0000  	[21.7, 16.2]	[hover, hover]	[58.4127, 51.5216]
60   	2150.30     	0.000   	1.0000  	[21.7, 16.2]	[hover, hover]	[45.3398, 34.2250]
61   	2120.99     	0.000   	1.0000  	[21.7, 16.2]	[hover, left]	[37.2711, 29.4701]
62   	2113.91     	0.000   	1.0000  	[21.7, 16.2]	[hover, up]	[32.1632, 34.1033]
63   	2111.83     	0.000   	1.0000  	[21.7, 21.7]	[right, back]	[30.3714, 40.2246]
64   	2103.17     	0.000   	1.0000  	[21.7, 21.7]	[right, back]	[32.1920, 47.1667]
65   	2098.29     	0.000   	1.0000  	[21.7, 21.7]	[right, back]	[39.3628, 51.8268]
66   	2098.24     	0.000   	1.0000  	[21.7, 21.7]	[right, left]	[52.9719, 45.4936]
67   	2095.73     	0.000   	1.0000  	[21.7, 21.7]	[right, left]	[81.4088, 42.6026]
68   	2096.26     	0.000   	1.0000  	[21.7, 21.7]	[right, left]	[138.2510, 46.1317]
69   	2091.03     	0.000   	1.0000  	[21.7, 21.7]	[right, left]	[235.0648, 47.3291]
70   	2086.48     	0.000   	1.0000  	[21.7, 21.7]	[right, left]	[378.8841, 65.0783]
71   	2081.07     	0.000   	1.0000  	[21.7, 21.7]	[hover, left]	[233.3280, 96.3458]
72   	2073.03     	0.000   	1.0000  	[21.7, 21.7]	[hover, left]	[135.3596, 148.0728]
73   	2071.60     	0.000   	1.0000  	[21.7, 21.7]	[hover, left]	[82.1735, 246.0409]
74   	2070.89     	0.000   	1.0000  	[21.7, 21.7]	[hover, front]	[49.9590, 162.4605]
75   	2064.09     	0.000   	1.0000  	[21.7, 21.7]	[hover, front]	[36.8334, 113.5902]
76   	2062.83     	0.000   	1.0000  	[21.7, 21.7]	[hover, hover]	[31.1169, 76.2905]
77   	2061.21     	0.000   	1.0000  	[21.7, 21.7]	[back, hover]	[28.9307, 55.9681]
78   	2061.23     	0.000   	1.0000  	[21.7, 21.7]	[back, back]	[29.9576, 45.2563]
79   	2061.29     	0.000   	1.0000  	[21.7, 21.7]	[back, back]	[31.4397, 39.3661]
80   	2058.94     	0.000   	1.0000  	[21.7, 21.7]	[back, back]	[33.3166, 36.2764]
81   	2058.61     	0.000   	1.0000  	[21.7, 21.7]	[back, back]	[40.1775, 33.9607]
82   	2053.20     	0.000   	1.0000  	[21.7, 21.7]	[back, back]	[49.9510, 40.0782]
83   	2056.97     	0.000   	1.0000  	[21.7, 21.7]	[back, back]	[65.5272, 57.9684]
84   	2020.36     	0.000   	1.0000  	[21.7, 21.7]	[back, back]	[82.8635, 91.4369]
85   	1956.33     	0.000   	1.0000  	[21.7, 21.7]	[hover, back]	[56.0924, 175.7359]
86   	1920.24     	0.000   	1.0000  	[21.7, 21.7]	[hover, hover]	[43.0438, 114.9244]
87   	1897.78     	0.000   	1.0000  	[21.7, 21.7]	[hover, hover]	[36.8041, 78.3931]
88   	1883.46     	0.000   	1.0000  	[21.7, 21.7]	[hover, hover]	[32.7083, 55.3839]
89   	1878.04     	0.000   	1.0000  	[21.7, 21.7]	[left, hover]	[31.2231, 40.6486]
90   	1876.76     	0.000   	1.0000  	[21.7, 21.7]	[right, hover]	[30.6988, 33.9283]
91   	1878.94     	0.000   	1.0000  	[21.7, 21.7]	[left, hover]	[29.7710, 30.1252]
92   	1872.76     	0.000   	1.0000  	[21.7, 21.7]	[right, right]	[29.2814, 28.4507]
93   	1872.70     	0.000   	1.0000  	[21.7, 21.7]	[left, right]	[28.7186, 28.0806]
94   	1871.55     	0.000   	1.0000  	[21.7, 21.7]	[right, right]	[27.8907, 27.8745]
95   	1871.32     	0.000   	1.0000  	[21.7, 21.7]	[left, right]	[27.8018, 29.8472]
96   	1871.17     	0.000   	1.0000  	[21.7, 21.7]	[hover, right]	[27.5068, 34.0664]
97   	1866.35     	0.000   	1.0000  	[21.7, 21.7]	[hover, right]	[26.9827, 48.4718]
98   	1863.80     	0.000   	1.0000  	[21.7, 21.7]	[right, up]	[26.8799, 50.2892]
99   	1863.48     	0.000   	1.0000  	[21.7, 27.1]	[left, right]	[26.8467, 97.6106]
[2025-12-11T10:46:29]
Strategy: greedy_ig
Pairwise: adaptive
Num agents: 2
Iteration: 12
Error margin: None
Gaussian radius 4 
Grid info: range: 0-50-50, cell_size:0.125, map shape: (400, 400), center:True
init UAV positions: [(-25.0, -25.0, 5.4), (-25.0, 25.0, 5.4)]
mcts_params: {}
Step	Entropy	MSE	Coverage	Heights	Actions	IGs
------------------------------------------------------------------------------------------------------------------------
0    	158843.99   	0.435   	0.0078  	[5.4, 5.4]	[up, up]	[821.9019, 827.6221]
1    	155950.24   	0.439   	0.0312  	[10.8, 10.8]	[up, up]	[1055.6788, 1040.6745]
2    	152588.71   	0.449   	0.0703  	[16.2, 16.2]	[front, back]	[1228.0775, 1219.4512]
3    	149898.24   	0.450   	0.0938  	[16.2, 16.2]	[right, right]	[1519.6647, 1507.7880]
4    	146069.50   	0.451   	0.1250  	[16.2, 16.2]	[front, right]	[1668.6465, 1702.6879]
5    	141991.82   	0.453   	0.1562  	[16.2, 16.2]	[right, back]	[1918.6788, 2016.4307]
6    	136692.44   	0.451   	0.1953  	[16.2, 16.2]	[front, back]	[2055.7826, 2108.7422]
7    	130238.88   	0.428   	0.2344  	[16.2, 16.2]	[right, right]	[2057.5399, 2207.8274]
8    	123129.53   	0.427   	0.2812  	[16.2, 16.2]	[right, right]	[1999.8315, 2138.0033]
9    	116831.04   	0.430   	0.3281  	[16.2, 16.2]	[up, right]	[2050.9625, 2305.3757]
10   	109347.16   	0.409   	0.4062  	[21.7, 16.2]	[front, right]	[2248.3221, 2464.2062]
11   	101839.88   	0.390   	0.4609  	[21.7, 16.2]	[front, right]	[2236.5629, 2486.5275]
12   	93757.11    	0.362   	0.5156  	[21.7, 16.2]	[front, right]	[2224.9817, 2330.6584]
13   	85076.87    	0.337   	0.5703  	[21.7, 16.2]	[front, right]	[2126.1610, 2109.5291]
14   	78493.92    	0.316   	0.5938  	[21.7, 16.2]	[front, right]	[2127.4334, 1944.0189]
15   	72248.88    	0.297   	0.6172  	[21.7, 16.2]	[front, right]	[2153.8815, 1896.6390]
16   	66741.33    	0.283   	0.6406  	[21.7, 16.2]	[front, right]	[2227.0581, 1890.3938]
17   	61809.80    	0.270   	0.6641  	[21.7, 16.2]	[front, right]	[2248.9478, 1882.4780]
18   	57520.62    	0.260   	0.6875  	[21.7, 16.2]	[front, back]	[2337.2260, 1742.5605]
19   	53827.32    	0.236   	0.7109  	[21.7, 16.2]	[right, back]	[2234.8028, 1754.9696]
20   	49661.84    	0.208   	0.7422  	[21.7, 16.2]	[right, back]	[2209.5884, 1836.9985]
21   	46016.81    	0.183   	0.7734  	[21.7, 16.2]	[right, back]	[2088.3891, 2132.9353]
22   	42943.48    	0.160   	0.7969  	[21.7, 16.2]	[right, back]	[2100.9368, 2452.8066]
23   	39672.22    	0.137   	0.8203  	[21.7, 16.2]	[right, back]	[2109.9975, 2707.2721]
24   	36337.89    	0.118   	0.8438  	[21.7, 16.2]	[right, back]	[2112.9383, 2853.5904]
25   	32796.22    	0.090   	0.8672  	[21.7, 16.2]	[right, back]	[2154.2494, 2875.4456]
26   	28834.92    	0.076   	0.8906  	[21.7, 16.2]	[right, back]	[2220.6898, 2676.5577]
27   	24424.01    	0.063   	0.9141  	[21.7, 16.2]	[back, back]	[2049.3120, 2398.5159]
28   	19261.30    	0.052   	0.9453  	[21.7, 16.2]	[back, left]	[2022.1597, 1949.4855]
29   	14668.97    	0.032   	0.9766  	[21.7, 16.2]	[back, left]	[1938.6687, 1840.0017]
30   	10797.97    	0.017   	1.0000  	[21.7, 16.2]	[back, left]	[2065.6685, 1811.3791]
31   	9049.54     	0.011   	1.0000  	[21.7, 16.2]	[back, left]	[2304.1325, 1834.8238]
32   	7617.51     	0.008   	1.0000  	[21.7, 16.2]	[back, left]	[2595.9775, 1829.0333]
33   	6515.03     	0.006   	1.0000  	[21.7, 16.2]	[back, left]	[2752.1408, 1881.7709]
34   	5687.22     	0.005   	1.0000  	[21.7, 16.2]	[back, left]	[2801.1881, 1931.5204]
35   	4771.91     	0.004   	1.0000  	[21.7, 16.2]	[hover, left]	[1976.5193, 1974.6635]
36   	4215.95     	0.003   	1.0000  	[21.7, 16.2]	[hover, left]	[1338.6685, 2041.3922]
37   	3847.02     	0.002   	1.0000  	[21.7, 16.2]	[left, left]	[836.6582, 2151.3787]
38   	3650.50     	0.002   	1.0000  	[21.7, 16.2]	[right, front]	[493.2250, 1928.1393]
39   	3442.83     	0.002   	1.0000  	[21.7, 16.2]	[left, front]	[312.0205, 1847.8549]
40   	3325.29     	0.001   	1.0000  	[21.7, 16.2]	[left, front]	[209.6584, 1843.3751]
41   	3248.94     	0.001   	1.0000  	[21.7, 16.2]	[left, front]	[138.0526, 1826.7613]
42   	3196.09     	0.001   	1.0000  	[21.7, 16.2]	[left, right]	[84.5437, 1324.9082]
43   	3165.95     	0.001   	1.0000  	[21.7, 16.2]	[left, right]	[59.8627, 1167.6885]
44   	3137.06     	0.001   	1.0000  	[21.7, 16.2]	[left, right]	[46.3476, 1147.9359]
45   	3121.04     	0.001   	1.0000  	[21.7, 16.2]	[left, right]	[38.4889, 1139.1112]
46   	3112.80     	0.001   	1.0000  	[21.7, 16.2]	[left, right]	[36.2586, 704.3289]
47   	3102.18     	0.001   	1.0000  	[21.7, 16.2]	[front, right]	[34.8541, 385.6607]
48   	3086.77     	0.001   	1.0000  	[21.7, 16.2]	[front, right]	[37.7239, 234.7934]
49   	3071.64     	0.001   	1.0000  	[21.7, 16.2]	[front, right]	[46.0957, 211.1908]
50   	3053.10     	0.001   	1.0000  	[21.7, 16.2]	[front, right]	[72.5780, 226.9824]
51   	3016.67     	0.001   	1.0000  	[21.7, 16.2]	[front, right]	[100.9213, 243.4706]
52   	2981.39     	0.001   	1.0000  	[21.7, 16.2]	[front, front]	[160.0897, 197.1276]
53   	2938.75     	0.001   	1.0000  	[21.7, 16.2]	[front, front]	[244.7151, 162.8582]
54   	2899.60     	0.001   	1.0000  	[21.7, 16.2]	[front, front]	[378.8768, 138.5213]
55   	2839.91     	0.001   	1.0000  	[21.7, 16.2]	[hover, front]	[268.4160, 113.1432]
56   	2757.72     	0.001   	1.0000  	[21.7, 16.2]	[hover, front]	[175.2196, 118.4353]
57   	2647.43     	0.001   	1.0000  	[21.7, 16.2]	[hover, front]	[117.6980, 211.4472]
58   	2315.75     	0.001   	1.0000  	[21.7, 16.2]	[hover, hover]	[81.0483, 97.5556]
59   	2206.80     	0.000   	1.0000  	[21.7, 16.2]	[hover, hover]	[58.4127, 51.5216]
60   	2150.30     	0.000   	1.0000  	[21.7, 16.2]	[hover, hover]	[45.3398, 34.2250]
61   	2120.99     	0.000   	1.0000  	[21.7, 16.2]	[hover, left]	[37.2711, 29.4701]
62   	2113.91     	0.000   	1.0000  	[21.7, 16.2]	[hover, up]	[32.1632, 34.1033]
63   	2111.83     	0.000   	1.0000  	[21.7, 21.7]	[right, back]	[30.3714, 40.2246]
64   	2103.17     	0.000   	1.0000  	[21.7, 21.7]	[right, back]	[32.1920, 47.1667]
65   	2098.29     	0.000   	1.0000  	[21.7, 21.7]	[right, back]	[39.3628, 51.8268]
66   	2098.24     	0.000   	1.0000  	[21.7, 21.7]	[right, left]	[52.9719, 45.4936]
67   	2095.73     	0.000   	1.0000  	[21.7, 21.7]	[right, left]	[81.4088, 42.6026]
68   	2096.26     	0.000   	1.0000  	[21.7, 21.7]	[right, left]	[138.2510, 46.1317]
69   	2091.03     	0.000   	1.0000  	[21.7, 21.7]	[right, left]	[235.0648, 47.3291]
70   	2086.48     	0.000   	1.0000  	[21.7, 21.7]	[right, left]	[378.8841, 65.0783]
71   	2081.07     	0.000   	1.0000  	[21.7, 21.7]	[hover, left]	[233.3280, 96.3458]
72   	2073.03     	0.000   	1.0000  	[21.7, 21.7]	[hover, left]	[135.3596, 148.0728]
73   	2071.60     	0.000   	1.0000  	[21.7, 21.7]	[hover, left]	[82.1735, 246.0409]
74   	2070.89     	0.000   	1.0000  	[21.7, 21.7]	[hover, front]	[49.9590, 162.4605]
75   	2064.09     	0.000   	1.0000  	[21.7, 21.7]	[hover, front]	[36.8334, 113.5902]
76   	2062.83     	0.000   	1.0000  	[21.7, 21.7]	[hover, hover]	[31.1169, 76.2905]
77   	2061.21     	0.000   	1.0000  	[21.7, 21.7]	[back, hover]	[28.9307, 55.9681]
78   	2061.23     	0.000   	1.0000  	[21.7, 21.7]	[back, back]	[29.9576, 45.2563]
79   	2061.29     	0.000   	1.0000  	[21.7, 21.7]	[back, back]	[31.4397, 39.3661]
80   	2058.94     	0.000   	1.0000  	[21.7, 21.7]	[back, back]	[33.3166, 36.2764]
81   	2058.61     	0.000   	1.0000  	[21.7, 21.7]	[back, back]	[40.1775, 33.9607]
82   	2053.20     	0.000   	1.0000  	[21.7, 21.7]	[back, back]	[49.9510, 40.0782]
83   	2056.97     	0.000   	1.0000  	[21.7, 21.7]	[back, back]	[65.5272, 57.9684]
84   	2020.36     	0.000   	1.0000  	[21.7, 21.7]	[back, back]	[82.8635, 91.4369]
85   	1956.33     	0.000   	1.0000  	[21.7, 21.7]	[hover, back]	[56.0924, 175.7359]
86   	1920.24     	0.000   	1.0000  	[21.7, 21.7]	[hover, hover]	[43.0438, 114.9244]
87   	1897.78     	0.000   	1.0000  	[21.7, 21.7]	[hover, hover]	[36.8041, 78.3931]
88   	1883.46     	0.000   	1.0000  	[21.7, 21.7]	[hover, hover]	[32.7083, 55.3839]
89   	1878.04     	0.000   	1.0000  	[21.7, 21.7]	[left, hover]	[31.2231, 40.6486]
90   	1876.76     	0.000   	1.0000  	[21.7, 21.7]	[right, hover]	[30.6988, 33.9283]
91   	1878.94     	0.000   	1.0000  	[21.7, 21.7]	[left, hover]	[29.7710, 30.1252]
92   	1872.76     	0.000   	1.0000  	[21.7, 21.7]	[right, right]	[29.2814, 28.4507]
93   	1872.70     	0.000   	1.0000  	[21.7, 21.7]	[left, right]	[28.7186, 28.0806]
94   	1871.55     	0.000   	1.0000  	[21.7, 21.7]	[right, right]	[27.8907, 27.8745]
95   	1871.32     	0.000   	1.0000  	[21.7, 21.7]	[left, right]	[27.8018, 29.8472]
96   	1871.17     	0.000   	1.0000  	[21.7, 21.7]	[hover, right]	[27.5068, 34.0664]
97   	1866.35     	0.000   	1.0000  	[21.7, 21.7]	[hover, right]	[26.9827, 48.4718]
98   	1863.80     	0.000   	1.0000  	[21.7, 21.7]	[right, up]	[26.8799, 50.2892]
99   	1863.48     	0.000   	1.0000  	[21.7, 27.1]	[left, right]	[26.8467, 97.6106]
[2025-12-11T10:46:36]
Strategy: greedy_ig
Pairwise: adaptive
Num agents: 2
Iteration: 13
Error margin: None
Gaussian radius 4 
Grid info: range: 0-50-50, cell_size:0.125, map shape: (400, 400), center:True
init UAV positions: [(25.0, 25.0, 5.4), (-25.0, -25.0, 5.4)]
mcts_params: {}
Step	Entropy	MSE	Coverage	Heights	Actions	IGs
------------------------------------------------------------------------------------------------------------------------
0    	158843.99   	0.435   	0.0078  	[5.4, 5.4]	[up, up]	[821.9019, 827.6221]
1    	155939.91   	0.439   	0.0312  	[10.8, 10.8]	[up, up]	[1054.4567, 1039.1384]
2    	152627.55   	0.449   	0.0703  	[16.2, 16.2]	[back, front]	[1230.3795, 1220.4778]
3    	149628.45   	0.443   	0.0938  	[16.2, 16.2]	[left, right]	[1417.7063, 1473.4966]
4    	145441.00   	0.440   	0.1250  	[16.2, 16.2]	[back, front]	[1421.6297, 1662.7256]
5    	140789.12   	0.423   	0.1562  	[16.2, 16.2]	[left, right]	[1542.7770, 1883.2454]
6    	135162.01   	0.417   	0.1953  	[16.2, 16.2]	[back, front]	[1590.8216, 2017.2203]
7    	128736.05   	0.380   	0.2344  	[16.2, 16.2]	[left, right]	[1702.6519, 2048.1451]
8    	121583.13   	0.369   	0.2812  	[16.2, 16.2]	[left, right]	[1734.5967, 1996.2744]
9    	114874.44   	0.359   	0.3281  	[16.2, 16.2]	[up, right]	[1854.2054, 2087.9027]
10   	106809.55   	0.324   	0.4062  	[21.7, 16.2]	[back, right]	[2059.2221, 2140.9647]
11   	99195.98    	0.280   	0.4609  	[21.7, 16.2]	[back, right]	[2095.8465, 2095.6471]
12   	91220.06    	0.237   	0.5156  	[21.7, 16.2]	[back, right]	[2136.1264, 2002.6870]
13   	83256.18    	0.195   	0.5703  	[21.7, 16.2]	[back, right]	[2164.8420, 1916.1356]
14   	77116.90    	0.159   	0.6094  	[21.7, 16.2]	[back, right]	[2311.4680, 1802.9850]
15   	71769.53    	0.129   	0.6406  	[21.7, 16.2]	[back, right]	[2436.3760, 1759.6757]
16   	67301.06    	0.108   	0.6641  	[21.7, 16.2]	[back, right]	[2552.6920, 1752.1794]
17   	63015.82    	0.096   	0.6797  	[21.7, 16.2]	[back, right]	[2558.8946, 1716.3728]
18   	59359.05    	0.089   	0.6875  	[21.7, 16.2]	[left, front]	[2457.8507, 1499.9037]
19   	56917.00    	0.080   	0.6992  	[21.7, 16.2]	[back, front]	[2407.9670, 1632.4599]
20   	55953.40    	0.077   	0.6992  	[21.7, 16.2]	[left, front]	[2250.8923, 1913.6984]
21   	54805.32    	0.077   	0.7070  	[21.7, 16.2]	[left, front]	[2152.4280, 2314.0362]
22   	53670.57    	0.078   	0.7148  	[21.7, 16.2]	[left, front]	[2135.7038, 2613.8599]
23   	52503.73    	0.076   	0.7227  	[21.7, 16.2]	[left, front]	[2130.5365, 2837.9462]
24   	51297.24    	0.071   	0.7305  	[21.7, 16.2]	[left, front]	[2153.0854, 2927.1437]
25   	49998.15    	0.063   	0.7383  	[21.7, 16.2]	[left, front]	[2193.2404, 2760.9894]
26   	48575.46    	0.055   	0.7461  	[21.7, 16.2]	[left, front]	[2242.0838, 2330.4111]
27   	47250.56    	0.047   	0.7539  	[21.7, 16.2]	[front, front]	[2088.6608, 2050.9025]
28   	44106.50    	0.039   	0.7812  	[21.7, 16.2]	[front, left]	[2044.1828, 1776.1986]
29   	40410.60    	0.033   	0.8125  	[21.7, 16.2]	[front, left]	[2035.4036, 1747.2618]
30   	35922.02    	0.028   	0.8438  	[21.7, 16.2]	[front, left]	[2090.4864, 1764.3712]
31   	29436.87    	0.026   	0.8906  	[21.7, 16.2]	[front, left]	[2063.0699, 1760.8595]
32   	23231.20    	0.025   	0.9297  	[21.7, 16.2]	[front, left]	[2033.5847, 1732.5400]
33   	17479.28    	0.022   	0.9609  	[21.7, 16.2]	[front, left]	[1989.0522, 1726.8184]
34   	12813.58    	0.020   	0.9844  	[21.7, 16.2]	[front, left]	[1974.9659, 1762.4001]
35   	9159.78     	0.016   	1.0000  	[21.7, 16.2]	[hover, left]	[1382.6160, 1832.7103]
36   	7375.62     	0.011   	1.0000  	[21.7, 16.2]	[hover, left]	[963.1468, 2038.5173]
37   	5869.04     	0.007   	1.0000  	[21.7, 16.2]	[right, left]	[708.6747, 2173.6998]
38   	4826.27     	0.005   	1.0000  	[21.7, 16.2]	[right, back]	[497.9132, 1958.4059]
39   	4422.09     	0.003   	1.0000  	[21.7, 16.2]	[left, back]	[364.5653, 1831.4231]
40   	4115.70     	0.003   	1.0000  	[21.7, 16.2]	[left, back]	[289.1809, 1825.3508]
41   	3876.32     	0.003   	1.0000  	[21.7, 16.2]	[hover, back]	[187.8096, 1824.5626]
42   	3729.80     	0.003   	1.0000  	[21.7, 16.2]	[hover, right]	[124.4726, 1349.4872]
43   	3647.49     	0.002   	1.0000  	[21.7, 16.2]	[right, right]	[98.8770, 1189.2494]
44   	3611.61     	0.002   	1.0000  	[21.7, 16.2]	[right, right]	[100.7889, 1180.6109]
45   	3565.82     	0.002   	1.0000  	[21.7, 16.2]	[right, right]	[91.5987, 1167.5642]
46   	3509.77     	0.002   	1.0000  	[21.7, 16.2]	[right, right]	[71.9035, 684.3672]
47   	3481.21     	0.002   	1.0000  	[21.7, 16.2]	[right, right]	[59.7065, 359.6202]
48   	3463.79     	0.002   	1.0000  	[21.7, 16.2]	[right, right]	[54.0715, 213.7909]
49   	3449.52     	0.002   	1.0000  	[21.7, 16.2]	[right, right]	[53.6101, 173.1974]
50   	3447.06     	0.002   	1.0000  	[21.7, 16.2]	[right, right]	[59.4022, 197.0732]
51   	3432.94     	0.002   	1.0000  	[21.7, 16.2]	[back, right]	[62.0869, 211.8423]
52   	3391.01     	0.002   	1.0000  	[21.7, 16.2]	[back, back]	[69.2851, 178.6079]
53   	3363.55     	0.002   	1.0000  	[21.7, 16.2]	[back, back]	[91.5170, 161.5783]
54   	3328.28     	0.002   	1.0000  	[21.7, 16.2]	[back, back]	[123.0453, 169.8157]
55   	3279.40     	0.002   	1.0000  	[21.7, 16.2]	[back, back]	[176.3311, 182.7273]
56   	3176.14     	0.002   	1.0000  	[21.7, 16.2]	[back, back]	[233.7262, 192.0564]
57   	2936.54     	0.002   	1.0000  	[21.7, 16.2]	[back, back]	[297.6450, 259.9030]
58   	2417.91     	0.001   	1.0000  	[21.7, 16.2]	[back, hover]	[416.9616, 122.3292]
59   	2233.11     	0.001   	1.0000  	[21.7, 16.2]	[hover, hover]	[281.8373, 63.4281]
60   	2139.27     	0.000   	1.0000  	[21.7, 16.2]	[hover, hover]	[186.0024, 40.9050]
61   	2114.20     	0.000   	1.0000  	[21.7, 16.2]	[hover, front]	[121.3226, 34.2102]
62   	2106.60     	0.000   	1.0000  	[21.7, 16.2]	[hover, up]	[90.9389, 41.9535]
63   	2104.59     	0.000   	1.0000  	[21.7, 21.7]	[hover, front]	[59.4817, 43.1772]
64   	2100.50     	0.000   	1.0000  	[21.7, 21.7]	[hover, left]	[45.8808, 42.9820]
65   	2097.68     	0.000   	1.0000  	[21.7, 21.7]	[hover, front]	[38.2725, 43.5563]
66   	2097.08     	0.000   	1.0000  	[21.7, 21.7]	[hover, left]	[33.8406, 44.2149]
67   	2097.98     	0.000   	1.0000  	[21.7, 21.7]	[left, left]	[31.3154, 39.4987]
68   	2097.04     	0.000   	1.0000  	[21.7, 21.7]	[left, left]	[33.7670, 38.2464]
69   	2093.83     	0.000   	1.0000  	[21.7, 21.7]	[left, left]	[39.3354, 38.4763]
70   	2089.52     	0.000   	1.0000  	[21.7, 21.7]	[left, left]	[50.0929, 46.9154]
71   	2089.00     	0.000   	1.0000  	[21.7, 21.7]	[left, left]	[72.8274, 67.1813]
72   	2082.78     	0.000   	1.0000  	[21.7, 21.7]	[left, left]	[119.8331, 111.9975]
73   	2073.03     	0.000   	1.0000  	[21.7, 21.7]	[left, left]	[195.0881, 201.6650]
74   	2040.70     	0.000   	1.0000  	[21.7, 21.7]	[left, back]	[302.7285, 124.8748]
75   	2011.21     	0.000   	1.0000  	[21.7, 21.7]	[hover, front]	[183.9712, 73.2741]
76   	1996.90     	0.000   	1.0000  	[21.7, 21.7]	[hover, front]	[124.3664, 53.6867]
77   	1990.83     	0.000   	1.0000  	[21.7, 21.7]	[hover, front]	[82.8419, 41.9616]
78   	1983.76     	0.000   	1.0000  	[21.7, 21.7]	[hover, front]	[56.5974, 53.0542]
79   	1979.53     	0.000   	1.0000  	[21.7, 21.7]	[hover, front]	[42.8645, 74.4815]
80   	1974.71     	0.000   	1.0000  	[21.7, 21.7]	[hover, front]	[34.9296, 132.8201]
81   	1976.35     	0.000   	1.0000  	[21.7, 21.7]	[hover, front]	[30.7599, 246.8811]
82   	1937.56     	0.000   	1.0000  	[21.7, 21.7]	[front, hover]	[28.5057, 170.2554]
83   	1915.98     	0.000   	1.0000  	[21.7, 21.7]	[front, hover]	[28.3596, 117.5483]
84   	1896.20     	0.000   	1.0000  	[21.7, 21.7]	[front, hover]	[28.8162, 82.9532]
85   	1881.31     	0.000   	1.0000  	[21.7, 21.7]	[front, hover]	[29.2565, 58.8384]
86   	1871.99     	0.000   	1.0000  	[21.7, 21.7]	[front, hover]	[29.3013, 46.0297]
87   	1865.93     	0.000   	1.0000  	[21.7, 21.7]	[front, hover]	[32.4429, 37.6030]
88   	1861.15     	0.000   	1.0000  	[21.7, 21.7]	[front, hover]	[36.4141, 31.8507]
89   	1858.68     	0.000   	1.0000  	[21.7, 21.7]	[hover, right]	[31.8303, 29.9588]
90   	1857.64     	0.000   	1.0000  	[21.7, 21.7]	[front, right]	[44.0160, 30.6622]
91   	1858.01     	0.000   	1.0000  	[21.7, 21.7]	[hover, right]	[35.3151, 29.3746]
92   	1855.79     	0.000   	1.0000  	[21.7, 21.7]	[hover, right]	[30.8385, 29.3024]
93   	1855.97     	0.000   	1.0000  	[21.7, 21.7]	[hover, right]	[28.5759, 33.3250]
94   	1854.63     	0.000   	1.0000  	[21.7, 21.7]	[hover, right]	[27.6288, 45.2846]
95   	1855.25     	0.000   	1.0000  	[21.7, 21.7]	[hover, right]	[26.7127, 79.2296]
96   	1853.13     	0.000   	1.0000  	[21.7, 21.7]	[hover, right]	[26.2230, 148.4246]
97   	1852.76     	0.000   	1.0000  	[21.7, 21.7]	[back, hover]	[26.0400, 95.4515]
98   	1852.20     	0.000   	1.0000  	[21.7, 21.7]	[back, hover]	[25.9359, 62.4359]
99   	1848.85     	0.000   	1.0000  	[21.7, 21.7]	[back, hover]	[26.5415, 45.4768]
[2025-12-11T10:46:42]
Strategy: greedy_ig
Pairwise: adaptive
Num agents: 2
Iteration: 14
Error margin: None
Gaussian radius 4 
Grid info: range: 0-50-50, cell_size:0.125, map shape: (400, 400), center:True
init UAV positions: [(-25.0, -25.0, 5.4), (25.0, 25.0, 5.4)]
mcts_params: {}
Step	Entropy	MSE	Coverage	Heights	Actions	IGs
------------------------------------------------------------------------------------------------------------------------
0    	158843.99   	0.435   	0.0078  	[5.4, 5.4]	[up, up]	[821.9019, 827.6221]
1    	155953.31   	0.439   	0.0312  	[10.8, 10.8]	[up, up]	[1055.6788, 1041.4687]
2    	152625.89   	0.449   	0.0703  	[16.2, 16.2]	[front, back]	[1228.0775, 1226.5643]
3    	149591.02   	0.443   	0.0938  	[16.2, 16.2]	[right, left]	[1519.6647, 1355.0343]
4    	145348.10   	0.439   	0.1250  	[16.2, 16.2]	[front, back]	[1668.6465, 1381.3961]
5    	140700.55   	0.422   	0.1562  	[16.2, 16.2]	[right, left]	[1918.6788, 1477.7295]
6    	135057.71   	0.416   	0.1953  	[16.2, 16.2]	[front, back]	[2055.7826, 1513.7221]
7    	128718.98   	0.380   	0.2344  	[16.2, 16.2]	[right, left]	[2057.5399, 1691.4464]
8    	121617.41   	0.369   	0.2812  	[16.2, 16.2]	[right, left]	[1999.8315, 1725.2559]
9    	114807.80   	0.359   	0.3281  	[16.2, 16.2]	[up, up]	[2050.9625, 1852.7123]
10   	105568.66   	0.310   	0.4375  	[21.7, 21.7]	[front, back]	[2248.3221, 2033.6050]
11   	97558.36    	0.270   	0.5000  	[21.7, 21.7]	[front, back]	[2256.6995, 2089.8853]
12   	89287.65    	0.224   	0.5625  	[21.7, 21.7]	[front, back]	[2274.0608, 2138.6735]
13   	80711.17    	0.185   	0.6250  	[21.7, 21.7]	[front, back]	[2276.9727, 2234.4412]
14   	72655.00    	0.149   	0.6875  	[21.7, 21.7]	[front, back]	[2268.5987, 2485.2693]
15   	64506.30    	0.116   	0.7500  	[21.7, 21.7]	[front, back]	[2250.1435, 2759.1270]
16   	56175.84    	0.088   	0.8125  	[21.7, 21.7]	[front, back]	[2251.4921, 2982.8536]
17   	47205.20    	0.073   	0.8750  	[21.7, 21.7]	[front, back]	[2273.2916, 3018.4092]
18   	37603.40    	0.063   	0.9375  	[21.7, 21.7]	[front, back]	[2324.2804, 2894.4132]
19   	28136.71    	0.062   	1.0000  	[21.7, 21.7]	[right, left]	[2240.4820, 2518.8390]
20   	23647.80    	0.043   	1.0000  	[21.7, 21.7]	[right, left]	[2240.4273, 2301.1002]
21   	19431.05    	0.027   	1.0000  	[21.7, 21.7]	[right, left]	[2250.5633, 2197.6270]
22   	16266.09    	0.019   	1.0000  	[21.7, 21.7]	[right, left]	[2273.3880, 2147.9144]
23   	14207.46    	0.015   	1.0000  	[21.7, 21.7]	[right, left]	[2267.4181, 2174.1463]
24   	12989.92    	0.014   	1.0000  	[21.7, 21.7]	[right, left]	[2273.8674, 2206.1778]
25   	12326.50    	0.013   	1.0000  	[21.7, 21.7]	[right, left]	[2225.5945, 2231.0039]
26   	11885.18    	0.012   	1.0000  	[21.7, 21.7]	[right, left]	[2213.2482, 2260.3308]
27   	11640.23    	0.012   	1.0000  	[21.7, 21.7]	[back, front]	[2064.7319, 2117.3913]
28   	11462.58    	0.012   	1.0000  	[21.7, 21.7]	[back, front]	[2048.0584, 2052.4469]
29   	11327.16    	0.012   	1.0000  	[21.7, 21.7]	[back, front]	[2136.8826, 2080.5719]
30   	11163.88    	0.012   	1.0000  	[21.7, 21.7]	[back, front]	[2367.7252, 2138.7639]
31   	10890.18    	0.011   	1.0000  	[21.7, 21.7]	[back, front]	[2650.5530, 2182.6961]
32   	10510.90    	0.011   	1.0000  	[21.7, 21.7]	[back, front]	[2897.7250, 2193.1165]
33   	9781.61     	0.011   	1.0000  	[21.7, 21.7]	[back, front]	[3022.9749, 2208.7502]
34   	8457.79     	0.010   	1.0000  	[21.7, 21.7]	[back, front]	[2988.0497, 2289.7622]
35   	6563.54     	0.009   	1.0000  	[21.7, 21.7]	[hover, hover]	[2119.5523, 1662.6582]
36   	5422.87     	0.006   	1.0000  	[21.7, 21.7]	[hover, hover]	[1361.5735, 1204.2972]
37   	4464.22     	0.004   	1.0000  	[21.7, 21.7]	[left, right]	[880.8868, 898.7754]
38   	4007.71     	0.003   	1.0000  	[21.7, 21.7]	[right, left]	[532.5282, 603.5189]
39   	3337.65     	0.002   	1.0000  	[21.7, 21.7]	[left, right]	[348.6730, 421.5152]
40   	3090.27     	0.002   	1.0000  	[21.7, 21.7]	[left, right]	[241.8534, 307.5611]
41   	2928.88     	0.001   	1.0000  	[21.7, 21.7]	[left, right]	[156.2709, 193.9916]
42   	2874.49     	0.001   	1.0000  	[21.7, 21.7]	[left, right]	[92.6347, 117.0358]
43   	2855.41     	0.001   	1.0000  	[21.7, 21.7]	[left, right]	[65.8125, 76.7000]
44   	2836.57     	0.001   	1.0000  	[21.7, 21.7]	[left, right]	[49.5753, 62.3916]
45   	2830.63     	0.001   	1.0000  	[21.7, 21.7]	[left, right]	[43.5089, 57.9057]
46   	2821.36     	0.001   	1.0000  	[21.7, 21.7]	[left, right]	[40.7449, 54.0008]
47   	2810.37     	0.001   	1.0000  	[21.7, 21.7]	[front, back]	[38.7162, 53.5681]
48   	2804.26     	0.001   	1.0000  	[21.7, 21.7]	[front, back]	[41.9387, 61.5644]
49   	2796.30     	0.001   	1.0000  	[21.7, 21.7]	[front, back]	[51.2382, 79.6108]
50   	2788.25     	0.001   	1.0000  	[21.7, 21.7]	[front, back]	[73.6669, 110.0166]
51   	2780.30     	0.001   	1.0000  	[21.7, 21.7]	[front, back]	[102.1564, 163.0481]
52   	2774.64     	0.001   	1.0000  	[21.7, 21.7]	[front, back]	[161.4209, 235.4353]
53   	2739.20     	0.001   	1.0000  	[21.7, 21.7]	[front, back]	[243.6700, 318.8713]
54   	2635.17     	0.001   	1.0000  	[21.7, 21.7]	[front, back]	[372.9335, 414.3645]
55   	2418.22     	0.001   	1.0000  	[21.7, 21.7]	[hover, hover]	[261.7067, 261.9088]
56   	2272.18     	0.001   	1.0000  	[21.7, 21.7]	[hover, hover]	[185.7511, 165.8203]
57   	2146.15     	0.000   	1.0000  	[21.7, 21.7]	[hover, hover]	[131.3250, 104.2048]
58   	2081.23     	0.000   	1.0000  	[21.7, 21.7]	[hover, hover]	[96.1977, 68.6752]
59   	2011.14     	0.000   	1.0000  	[21.7, 21.7]	[hover, hover]	[68.0005, 49.6022]
60   	1970.52     	0.000   	1.0000  	[21.7, 21.7]	[hover, hover]	[51.0432, 38.5978]
61   	1942.07     	0.000   	1.0000  	[21.7, 21.7]	[hover, left]	[40.1971, 35.5674]
62   	1930.63     	0.000   	1.0000  	[21.7, 21.7]	[right, left]	[34.5492, 36.0630]
63   	1922.33     	0.000   	1.0000  	[21.7, 21.7]	[right, left]	[35.2300, 39.6924]
64   	1920.17     	0.000   	1.0000  	[21.7, 21.7]	[right, left]	[42.6990, 53.0090]
65   	1916.50     	0.000   	1.0000  	[21.7, 21.7]	[right, left]	[58.3799, 78.1777]
66   	1916.00     	0.000   	1.0000  	[21.7, 21.7]	[right, left]	[92.5607, 117.8550]
67   	1913.04     	0.000   	1.0000  	[21.7, 21.7]	[right, left]	[140.4762, 193.6685]
68   	1906.47     	0.000   	1.0000  	[21.7, 21.7]	[right, left]	[237.5390, 311.3239]
69   	1901.10     	0.000   	1.0000  	[21.7, 21.7]	[right, hover]	[382.2392, 196.1508]
70   	1893.44     	0.000   	1.0000  	[21.7, 21.7]	[hover, hover]	[236.3562, 125.4744]
71   	1888.34     	0.000   	1.0000  	[21.7, 21.7]	[hover, hover]	[141.4443, 82.0901]
72   	1887.40     	0.000   	1.0000  	[21.7, 21.7]	[hover, hover]	[81.6512, 56.3813]
73   	1885.30     	0.000   	1.0000  	[21.7, 21.7]	[hover, hover]	[54.1328, 44.6143]
74   	1881.80     	0.000   	1.0000  	[21.7, 21.7]	[hover, hover]	[39.1925, 37.0021]
75   	1881.60     	0.000   	1.0000  	[21.7, 21.7]	[hover, hover]	[32.6424, 32.5488]
76   	1883.29     	0.000   	1.0000  	[21.7, 21.7]	[back, front]	[29.2920, 30.7402]
77   	1880.69     	0.000   	1.0000  	[21.7, 21.7]	[back, front]	[29.4395, 33.0371]
78   	1881.30     	0.000   	1.0000  	[21.7, 21.7]	[back, front]	[31.7582, 34.3147]
79   	1880.17     	0.000   	1.0000  	[21.7, 21.7]	[back, front]	[33.2954, 36.7838]
80   	1876.67     	0.000   	1.0000  	[21.7, 21.7]	[back, front]	[39.0465, 43.5816]
81   	1876.42     	0.000   	1.0000  	[21.7, 21.7]	[back, front]	[53.2023, 54.2687]
82   	1877.34     	0.000   	1.0000  	[21.7, 21.7]	[back, front]	[72.5008, 76.0453]
83   	1877.73     	0.000   	1.0000  	[21.7, 21.7]	[back, front]	[90.3396, 112.0051]
84   	1871.94     	0.000   	1.0000  	[21.7, 21.7]	[hover, hover]	[61.1792, 78.4166]
85   	1862.31     	0.000   	1.0000  	[21.7, 21.7]	[hover, hover]	[44.4349, 59.6185]
86   	1860.64     	0.000   	1.0000  	[21.7, 21.7]	[hover, hover]	[36.3115, 46.0990]
87   	1860.35     	0.000   	1.0000  	[21.7, 21.7]	[hover, hover]	[32.6670, 37.8441]
88   	1859.48     	0.000   	1.0000  	[21.7, 21.7]	[left, hover]	[30.7388, 33.2406]
89   	1856.60     	0.000   	1.0000  	[21.7, 21.7]	[right, hover]	[29.8059, 30.6874]
90   	1855.94     	0.000   	1.0000  	[21.7, 21.7]	[left, hover]	[29.2206, 28.8746]
91   	1855.62     	0.000   	1.0000  	[21.7, 21.7]	[hover, hover]	[28.4959, 27.4735]
92   	1853.79     	0.000   	1.0000  	[21.7, 21.7]	[right, hover]	[27.9949, 26.9377]
93   	1852.77     	0.000   	1.0000  	[21.7, 21.7]	[left, hover]	[27.6711, 26.4873]
94   	1852.56     	0.000   	1.0000  	[21.7, 21.7]	[hover, right]	[27.7645, 25.9733]
95   	1852.75     	0.000   	1.0000  	[21.7, 21.7]	[hover, back]	[27.4957, 25.8567]
96   	1853.14     	0.000   	1.0000  	[21.7, 21.7]	[hover, back]	[27.0525, 26.0640]
97   	1851.12     	0.000   	1.0000  	[21.7, 21.7]	[hover, back]	[26.8632, 27.3393]
98   	1852.31     	0.000   	1.0000  	[21.7, 21.7]	[right, right]	[26.6797, 27.5798]
99   	1849.89     	0.000   	1.0000  	[21.7, 21.7]	[left, right]	[26.4143, 27.2054]
[2025-12-11T10:46:48]
Strategy: greedy_ig
Pairwise: adaptive
Num agents: 2
Iteration: 15
Error margin: None
Gaussian radius 4 
Grid info: range: 0-50-50, cell_size:0.125, map shape: (400, 400), center:True
init UAV positions: [(25.0, 25.0, 5.4), (-25.0, 25.0, 5.4)]
mcts_params: {}
Step	Entropy	MSE	Coverage	Heights	Actions	IGs
------------------------------------------------------------------------------------------------------------------------
0    	158843.99   	0.435   	0.0078  	[5.4, 5.4]	[up, up]	[821.9019, 827.6221]
1    	155946.73   	0.439   	0.0312  	[10.8, 10.8]	[up, up]	[1054.4567, 1040.6745]
2    	152603.34   	0.449   	0.0703  	[16.2, 16.2]	[back, back]	[1230.3795, 1219.4512]
3    	149699.60   	0.443   	0.0938  	[16.2, 16.2]	[left, right]	[1417.7063, 1507.7880]
4    	145521.63   	0.440   	0.1250  	[16.2, 16.2]	[back, right]	[1421.6297, 1702.6879]
5    	141096.12   	0.426   	0.1562  	[16.2, 16.2]	[left, back]	[1542.7770, 2016.4307]
6    	135437.72   	0.416   	0.1953  	[16.2, 16.2]	[back, back]	[1590.8216, 2108.7422]
7    	129146.92   	0.390   	0.2344  	[16.2, 16.2]	[left, right]	[1702.6519, 2207.8274]
8    	122108.06   	0.380   	0.2812  	[16.2, 16.2]	[left, right]	[1734.5967, 2138.0033]
9    	115788.09   	0.371   	0.3281  	[16.2, 16.2]	[up, right]	[1854.2054, 2305.3757]
10   	108154.08   	0.343   	0.4062  	[21.7, 16.2]	[back, right]	[2059.2221, 2289.3966]
11   	102719.47   	0.308   	0.4375  	[21.7, 16.2]	[back, right]	[2029.6604, 2222.5748]
12   	97006.14    	0.272   	0.4688  	[21.7, 16.2]	[back, right]	[2095.8471, 2068.4610]
13   	91835.90    	0.240   	0.5000  	[21.7, 16.2]	[back, right]	[2232.5870, 1884.4572]
14   	87771.81    	0.212   	0.5312  	[21.7, 16.2]	[back, right]	[2496.3405, 1786.4504]
15   	84208.58    	0.184   	0.5625  	[21.7, 16.2]	[back, right]	[2766.2893, 1791.2335]
16   	80851.16    	0.157   	0.5938  	[21.7, 16.2]	[back, right]	[3026.8921, 1835.9416]
17   	76771.51    	0.141   	0.6250  	[21.7, 16.2]	[back, right]	[3086.0780, 1882.4780]
18   	72051.81    	0.132   	0.6562  	[21.7, 16.2]	[back, back]	[2995.9692, 1742.5605]
19   	66421.14    	0.127   	0.6875  	[21.7, 16.2]	[left, back]	[2560.8723, 1754.9696]
20   	61203.76    	0.108   	0.7188  	[21.7, 16.2]	[left, back]	[2296.2564, 1691.3238]
21   	56116.86    	0.106   	0.7500  	[21.7, 16.2]	[left, back]	[2176.7659, 1950.3452]
22   	51343.38    	0.105   	0.7812  	[21.7, 16.2]	[left, back]	[2161.8681, 2293.3981]
23   	46409.77    	0.100   	0.8125  	[21.7, 16.2]	[left, back]	[2155.0139, 2596.8442]
24   	41477.57    	0.092   	0.8438  	[21.7, 16.2]	[left, back]	[2168.5137, 2788.0394]
25   	36457.42    	0.081   	0.8750  	[21.7, 16.2]	[left, back]	[2200.4327, 2875.4456]
26   	31273.62    	0.071   	0.9062  	[21.7, 16.2]	[left, back]	[2247.8942, 2676.5577]
27   	25782.44    	0.056   	0.9375  	[21.7, 16.2]	[front, back]	[2111.5996, 2398.5159]
28   	20324.41    	0.039   	0.9688  	[21.7, 16.2]	[front, left]	[2062.7878, 1949.4855]
29   	15676.34    	0.027   	1.0000  	[21.7, 16.2]	[front, left]	[2052.5311, 1840.0017]
30   	13341.67    	0.020   	1.0000  	[21.7, 16.2]	[front, left]	[2103.4560, 1745.7636]
31   	11281.84    	0.013   	1.0000  	[21.7, 16.2]	[front, left]	[2134.5442, 1765.6011]
32   	9773.34     	0.010   	1.0000  	[21.7, 16.2]	[front, left]	[2182.3181, 1791.7075]
33   	8643.07     	0.008   	1.0000  	[21.7, 16.2]	[front, left]	[2213.5963, 1884.9253]
34   	7967.85     	0.007   	1.0000  	[21.7, 16.2]	[front, left]	[2299.1190, 1932.1739]
35   	7359.35     	0.007   	1.0000  	[21.7, 16.2]	[hover, left]	[1640.3963, 1974.6635]
36   	6741.12     	0.006   	1.0000  	[21.7, 16.2]	[right, left]	[1180.4350, 2041.3922]
37   	5897.92     	0.006   	1.0000  	[21.7, 16.2]	[left, left]	[855.6809, 2151.3787]
38   	4689.09     	0.005   	1.0000  	[21.7, 16.2]	[hover, front]	[570.0382, 1928.1393]
39   	4407.06     	0.003   	1.0000  	[21.7, 16.2]	[right, front]	[405.5884, 1847.8549]
40   	4170.11     	0.003   	1.0000  	[21.7, 16.2]	[right, front]	[282.3262, 1697.7004]
41   	3988.54     	0.002   	1.0000  	[21.7, 16.2]	[right, front]	[183.7416, 1665.1512]
42   	3879.95     	0.002   	1.0000  	[21.7, 16.2]	[right, right]	[119.4538, 1275.4900]
43   	3825.12     	0.002   	1.0000  	[21.7, 16.2]	[right, right]	[84.1648, 1154.9395]
44   	3782.48     	0.002   	1.0000  	[21.7, 16.2]	[right, right]	[70.6056, 1138.8438]
45   	3751.34     	0.002   	1.0000  	[21.7, 16.2]	[right, right]	[63.7932, 1141.4982]
46   	3711.62     	0.002   	1.0000  	[21.7, 16.2]	[right, right]	[63.8659, 678.4488]
47   	3688.31     	0.002   	1.0000  	[21.7, 16.2]	[back, right]	[59.8976, 360.5627]
48   	3663.25     	0.002   	1.0000  	[21.7, 16.2]	[back, right]	[70.2992, 212.1733]
49   	3636.62     	0.002   	1.0000  	[21.7, 16.2]	[back, right]	[84.0632, 190.9714]
50   	3635.13     	0.002   	1.0000  	[21.7, 16.2]	[back, right]	[117.5787, 201.2067]
51   	3632.80     	0.002   	1.0000  	[21.7, 16.2]	[hover, right]	[95.1349, 217.5296]
52   	3623.91     	0.002   	1.0000  	[21.7, 16.2]	[back, front]	[141.2771, 176.4722]
53   	3606.52     	0.002   	1.0000  	[21.7, 16.2]	[back, front]	[225.8984, 146.1271]
54   	3577.72     	0.002   	1.0000  	[21.7, 16.2]	[back, front]	[311.4563, 130.9866]
55   	3484.28     	0.002   	1.0000  	[21.7, 16.2]	[back, front]	[413.9254, 110.6800]
56   	3226.78     	0.002   	1.0000  	[21.7, 16.2]	[hover, front]	[258.3233, 118.4353]
57   	3055.12     	0.002   	1.0000  	[21.7, 16.2]	[hover, front]	[163.0013, 211.4472]
58   	2944.35     	0.001   	1.0000  	[21.7, 16.2]	[hover, hover]	[103.4661, 97.5556]
59   	2854.41     	0.001   	1.0000  	[21.7, 16.2]	[hover, hover]	[68.3854, 51.5216]
60   	2815.91     	0.001   	1.0000  	[21.7, 16.2]	[hover, hover]	[50.1112, 34.2250]
61   	2788.60     	0.001   	1.0000  	[21.7, 16.2]	[hover, left]	[39.8270, 29.4701]
62   	2766.91     	0.001   	1.0000  	[21.7, 16.2]	[hover, up]	[34.2451, 34.1033]
63   	2757.15     	0.001   	1.0000  	[21.7, 21.7]	[left, back]	[32.1833, 40.2246]
64   	2753.28     	0.001   	1.0000  	[21.7, 21.7]	[left, back]	[34.4364, 46.6231]
65   	2749.06     	0.001   	1.0000  	[21.7, 21.7]	[left, back]	[40.0832, 50.6870]
66   	2745.08     	0.001   	1.0000  	[21.7, 21.7]	[left, left]	[50.9580, 46.8303]
67   	2744.30     	0.001   	1.0000  	[21.7, 21.7]	[left, left]	[75.2853, 43.7125]
68   	2736.94     	0.001   	1.0000  	[21.7, 21.7]	[left, left]	[124.4860, 48.2118]
69   	2711.04     	0.001   	1.0000  	[21.7, 21.7]	[left, left]	[202.0095, 47.8030]
70   	2617.16     	0.001   	1.0000  	[21.7, 21.7]	[left, left]	[319.3928, 64.7910]
71   	2378.50     	0.001   	1.0000  	[21.7, 21.7]	[hover, left]	[215.0445, 95.5069]
72   	2228.01     	0.001   	1.0000  	[21.7, 21.7]	[hover, left]	[138.5404, 147.4094]
73   	2103.30     	0.001   	1.0000  	[21.7, 21.7]	[hover, left]	[89.8444, 244.9928]
74   	2015.68     	0.000   	1.0000  	[21.7, 21.7]	[hover, front]	[56.8355, 161.8401]
75   	1959.97     	0.000   	1.0000  	[21.7, 21.7]	[hover, front]	[41.3212, 113.5902]
76   	1921.93     	0.000   	1.0000  	[21.7, 21.7]	[hover, hover]	[34.4036, 76.2905]
77   	1913.29     	0.000   	1.0000  	[21.7, 21.7]	[hover, hover]	[30.3853, 55.9681]
78   	1902.15     	0.000   	1.0000  	[21.7, 21.7]	[front, back]	[28.8532, 45.2681]
79   	1892.04     	0.000   	1.0000  	[21.7, 21.7]	[front, back]	[29.1358, 39.1806]
80   	1893.80     	0.000   	1.0000  	[21.7, 21.7]	[front, back]	[31.0098, 35.2497]
81   	1896.86     	0.000   	1.0000  	[21.7, 21.7]	[front, back]	[34.0840, 33.0119]
82   	1890.03     	0.000   	1.0000  	[21.7, 21.7]	[front, back]	[39.7409, 39.3114]
83   	1893.43     	0.000   	1.0000  	[21.7, 21.7]	[front, back]	[49.3733, 57.6643]
84   	1894.35     	0.000   	1.0000  	[21.7, 21.7]	[front, back]	[70.2587, 91.4453]
85   	1891.81     	0.000   	1.0000  	[21.7, 21.7]	[front, back]	[102.6081, 175.7544]
86   	1887.37     	0.000   	1.0000  	[21.7, 21.7]	[hover, hover]	[70.5563, 114.9244]
87   	1881.37     	0.000   	1.0000  	[21.7, 21.7]	[hover, hover]	[52.1526, 78.3931]
88   	1876.97     	0.000   	1.0000  	[21.7, 21.7]	[hover, hover]	[42.1114, 55.3839]
89   	1878.80     	0.000   	1.0000  	[21.7, 21.7]	[hover, hover]	[35.5859, 40.6486]
90   	1875.47     	0.000   	1.0000  	[21.7, 21.7]	[hover, hover]	[32.2445, 34.0088]
91   	1872.98     	0.000   	1.0000  	[21.7, 21.7]	[hover, hover]	[30.1642, 30.1252]
92   	1874.18     	0.000   	1.0000  	[21.7, 21.7]	[hover, right]	[28.1595, 28.6023]
93   	1873.85     	0.000   	1.0000  	[21.7, 21.7]	[hover, right]	[27.1822, 28.4055]
94   	1874.44     	0.000   	1.0000  	[21.7, 21.7]	[hover, right]	[26.7147, 27.8739]
95   	1874.45     	0.000   	1.0000  	[21.7, 21.7]	[right, right]	[26.3502, 30.2848]
96   	1874.10     	0.000   	1.0000  	[21.7, 21.7]	[back, right]	[25.9726, 34.7370]
97   	1874.22     	0.000   	1.0000  	[21.7, 21.7]	[back, right]	[26.1414, 52.3496]
98   	1871.80     	0.000   	1.0000  	[21.7, 21.7]	[back, right]	[26.7566, 90.5291]
99   	1870.34     	0.000   	1.0000  	[21.7, 21.7]	[back, right]	[26.8404, 184.4936]
[2025-12-11T10:46:54]
Strategy: greedy_ig
Pairwise: adaptive
Num agents: 2
Iteration: 16
Error margin: None
Gaussian radius 4 
Grid info: range: 0-50-50, cell_size:0.125, map shape: (400, 400), center:True
init UAV positions: [(-25.0, -25.0, 5.4), (-25.0, 25.0, 5.4)]
mcts_params: {}
Step	Entropy	MSE	Coverage	Heights	Actions	IGs
------------------------------------------------------------------------------------------------------------------------
0    	158843.99   	0.435   	0.0078  	[5.4, 5.4]	[up, up]	[821.9019, 827.6221]
1    	155950.24   	0.439   	0.0312  	[10.8, 10.8]	[up, up]	[1055.6788, 1040.6745]
2    	152588.71   	0.449   	0.0703  	[16.2, 16.2]	[front, back]	[1228.0775, 1219.4512]
3    	149898.24   	0.450   	0.0938  	[16.2, 16.2]	[right, right]	[1519.6647, 1507.7880]
4    	146069.50   	0.451   	0.1250  	[16.2, 16.2]	[front, right]	[1668.6465, 1702.6879]
5    	141991.82   	0.453   	0.1562  	[16.2, 16.2]	[right, back]	[1918.6788, 2016.4307]
6    	136692.44   	0.451   	0.1953  	[16.2, 16.2]	[front, back]	[2055.7826, 2108.7422]
7    	130238.88   	0.428   	0.2344  	[16.2, 16.2]	[right, right]	[2057.5399, 2207.8274]
8    	123129.53   	0.427   	0.2812  	[16.2, 16.2]	[right, right]	[1999.8315, 2138.0033]
9    	116831.04   	0.430   	0.3281  	[16.2, 16.2]	[up, right]	[2050.9625, 2305.3757]
10   	109347.16   	0.409   	0.4062  	[21.7, 16.2]	[front, right]	[2248.3221, 2464.2062]
11   	101839.88   	0.390   	0.4609  	[21.7, 16.2]	[front, right]	[2236.5629, 2486.5275]
12   	93757.11    	0.362   	0.5156  	[21.7, 16.2]	[front, right]	[2224.9817, 2330.6584]
13   	85076.87    	0.337   	0.5703  	[21.7, 16.2]	[front, right]	[2126.1610, 2109.5291]
14   	78493.92    	0.316   	0.5938  	[21.7, 16.2]	[front, right]	[2127.4334, 1944.0189]
15   	72248.88    	0.297   	0.6172  	[21.7, 16.2]	[front, right]	[2153.8815, 1896.6390]
16   	66741.33    	0.283   	0.6406  	[21.7, 16.2]	[front, right]	[2227.0581, 1890.3938]
17   	61809.80    	0.270   	0.6641  	[21.7, 16.2]	[front, right]	[2248.9478, 1882.4780]
18   	57520.62    	0.260   	0.6875  	[21.7, 16.2]	[front, back]	[2337.2260, 1742.5605]
19   	53827.32    	0.236   	0.7109  	[21.7, 16.2]	[right, back]	[2234.8028, 1754.9696]
20   	49661.84    	0.208   	0.7422  	[21.7, 16.2]	[right, back]	[2209.5884, 1836.9985]
21   	46016.81    	0.183   	0.7734  	[21.7, 16.2]	[right, back]	[2088.3891, 2132.9353]
22   	42943.48    	0.160   	0.7969  	[21.7, 16.2]	[right, back]	[2100.9368, 2452.8066]
23   	39672.22    	0.137   	0.8203  	[21.7, 16.2]	[right, back]	[2109.9975, 2707.2721]
24   	36337.89    	0.118   	0.8438  	[21.7, 16.2]	[right, back]	[2112.9383, 2853.5904]
25   	32796.22    	0.090   	0.8672  	[21.7, 16.2]	[right, back]	[2154.2494, 2875.4456]
26   	28834.92    	0.076   	0.8906  	[21.7, 16.2]	[right, back]	[2220.6898, 2676.5577]
27   	24424.01    	0.063   	0.9141  	[21.7, 16.2]	[back, back]	[2049.3120, 2398.5159]
28   	19261.30    	0.052   	0.9453  	[21.7, 16.2]	[back, left]	[2022.1597, 1949.4855]
29   	14668.97    	0.032   	0.9766  	[21.7, 16.2]	[back, left]	[1938.6687, 1840.0017]
30   	10797.97    	0.017   	1.0000  	[21.7, 16.2]	[back, left]	[2065.6685, 1811.3791]
31   	9049.54     	0.011   	1.0000  	[21.7, 16.2]	[back, left]	[2304.1325, 1834.8238]
32   	7617.51     	0.008   	1.0000  	[21.7, 16.2]	[back, left]	[2595.9775, 1829.0333]
33   	6515.03     	0.006   	1.0000  	[21.7, 16.2]	[back, left]	[2752.1408, 1881.7709]
34   	5687.22     	0.005   	1.0000  	[21.7, 16.2]	[back, left]	[2801.1881, 1931.5204]
35   	4771.91     	0.004   	1.0000  	[21.7, 16.2]	[hover, left]	[1976.5193, 1974.6635]
36   	4215.95     	0.003   	1.0000  	[21.7, 16.2]	[hover, left]	[1338.6685, 2041.3922]
37   	3847.02     	0.002   	1.0000  	[21.7, 16.2]	[left, left]	[836.6582, 2151.3787]
38   	3650.50     	0.002   	1.0000  	[21.7, 16.2]	[right, front]	[493.2250, 1928.1393]
39   	3442.83     	0.002   	1.0000  	[21.7, 16.2]	[left, front]	[312.0205, 1847.8549]
40   	3325.29     	0.001   	1.0000  	[21.7, 16.2]	[left, front]	[209.6584, 1843.3751]
41   	3248.94     	0.001   	1.0000  	[21.7, 16.2]	[left, front]	[138.0526, 1826.7613]
42   	3196.09     	0.001   	1.0000  	[21.7, 16.2]	[left, right]	[84.5437, 1324.9082]
43   	3165.95     	0.001   	1.0000  	[21.7, 16.2]	[left, right]	[59.8627, 1167.6885]
44   	3137.06     	0.001   	1.0000  	[21.7, 16.2]	[left, right]	[46.3476, 1147.9359]
45   	3121.04     	0.001   	1.0000  	[21.7, 16.2]	[left, right]	[38.4889, 1139.1112]
46   	3112.80     	0.001   	1.0000  	[21.7, 16.2]	[left, right]	[36.2586, 704.3289]
47   	3102.18     	0.001   	1.0000  	[21.7, 16.2]	[front, right]	[34.8541, 385.6607]
48   	3086.77     	0.001   	1.0000  	[21.7, 16.2]	[front, right]	[37.7239, 234.7934]
49   	3071.64     	0.001   	1.0000  	[21.7, 16.2]	[front, right]	[46.0957, 211.1908]
50   	3053.10     	0.001   	1.0000  	[21.7, 16.2]	[front, right]	[72.5780, 226.9824]
51   	3016.67     	0.001   	1.0000  	[21.7, 16.2]	[front, right]	[100.9213, 243.4706]
52   	2981.39     	0.001   	1.0000  	[21.7, 16.2]	[front, front]	[160.0897, 197.1276]
53   	2938.75     	0.001   	1.0000  	[21.7, 16.2]	[front, front]	[244.7151, 162.8582]
54   	2899.60     	0.001   	1.0000  	[21.7, 16.2]	[front, front]	[378.8768, 138.5213]
55   	2839.91     	0.001   	1.0000  	[21.7, 16.2]	[hover, front]	[268.4160, 113.1432]
56   	2757.72     	0.001   	1.0000  	[21.7, 16.2]	[hover, front]	[175.2196, 118.4353]
57   	2647.43     	0.001   	1.0000  	[21.7, 16.2]	[hover, front]	[117.6980, 211.4472]
58   	2315.75     	0.001   	1.0000  	[21.7, 16.2]	[hover, hover]	[81.0483, 97.5556]
59   	2206.80     	0.000   	1.0000  	[21.7, 16.2]	[hover, hover]	[58.4127, 51.5216]
60   	2150.30     	0.000   	1.0000  	[21.7, 16.2]	[hover, hover]	[45.3398, 34.2250]
61   	2120.99     	0.000   	1.0000  	[21.7, 16.2]	[hover, left]	[37.2711, 29.4701]
62   	2113.91     	0.000   	1.0000  	[21.7, 16.2]	[hover, up]	[32.1632, 34.1033]
63   	2111.83     	0.000   	1.0000  	[21.7, 21.7]	[right, back]	[30.3714, 40.2246]
64   	2103.17     	0.000   	1.0000  	[21.7, 21.7]	[right, back]	[32.1920, 47.1667]
65   	2098.29     	0.000   	1.0000  	[21.7, 21.7]	[right, back]	[39.3628, 51.8268]
66   	2098.24     	0.000   	1.0000  	[21.7, 21.7]	[right, left]	[52.9719, 45.4936]
67   	2095.73     	0.000   	1.0000  	[21.7, 21.7]	[right, left]	[81.4088, 42.6026]
68   	2096.26     	0.000   	1.0000  	[21.7, 21.7]	[right, left]	[138.2510, 46.1317]
69   	2091.03     	0.000   	1.0000  	[21.7, 21.7]	[right, left]	[235.0648, 47.3291]
70   	2086.48     	0.000   	1.0000  	[21.7, 21.7]	[right, left]	[378.8841, 65.0783]
71   	2081.07     	0.000   	1.0000  	[21.7, 21.7]	[hover, left]	[233.3280, 96.3458]
72   	2073.03     	0.000   	1.0000  	[21.7, 21.7]	[hover, left]	[135.3596, 148.0728]
73   	2071.60     	0.000   	1.0000  	[21.7, 21.7]	[hover, left]	[82.1735, 246.0409]
74   	2070.89     	0.000   	1.0000  	[21.7, 21.7]	[hover, front]	[49.9590, 162.4605]
75   	2064.09     	0.000   	1.0000  	[21.7, 21.7]	[hover, front]	[36.8334, 113.5902]
76   	2062.83     	0.000   	1.0000  	[21.7, 21.7]	[hover, hover]	[31.1169, 76.2905]
77   	2061.21     	0.000   	1.0000  	[21.7, 21.7]	[back, hover]	[28.9307, 55.9681]
78   	2061.23     	0.000   	1.0000  	[21.7, 21.7]	[back, back]	[29.9576, 45.2563]
79   	2061.29     	0.000   	1.0000  	[21.7, 21.7]	[back, back]	[31.4397, 39.3661]
80   	2058.94     	0.000   	1.0000  	[21.7, 21.7]	[back, back]	[33.3166, 36.2764]
81   	2058.61     	0.000   	1.0000  	[21.7, 21.7]	[back, back]	[40.1775, 33.9607]
82   	2053.20     	0.000   	1.0000  	[21.7, 21.7]	[back, back]	[49.9510, 40.0782]
83   	2056.97     	0.000   	1.0000  	[21.7, 21.7]	[back, back]	[65.5272, 57.9684]
84   	2020.36     	0.000   	1.0000  	[21.7, 21.7]	[back, back]	[82.8635, 91.4369]
85   	1956.33     	0.000   	1.0000  	[21.7, 21.7]	[hover, back]	[56.0924, 175.7359]
86   	1920.24     	0.000   	1.0000  	[21.7, 21.7]	[hover, hover]	[43.0438, 114.9244]
87   	1897.78     	0.000   	1.0000  	[21.7, 21.7]	[hover, hover]	[36.8041, 78.3931]
88   	1883.46     	0.000   	1.0000  	[21.7, 21.7]	[hover, hover]	[32.7083, 55.3839]
89   	1878.04     	0.000   	1.0000  	[21.7, 21.7]	[left, hover]	[31.2231, 40.6486]
90   	1876.76     	0.000   	1.0000  	[21.7, 21.7]	[right, hover]	[30.6988, 33.9283]
91   	1878.94     	0.000   	1.0000  	[21.7, 21.7]	[left, hover]	[29.7710, 30.1252]
92   	1872.76     	0.000   	1.0000  	[21.7, 21.7]	[right, right]	[29.2814, 28.4507]
93   	1872.70     	0.000   	1.0000  	[21.7, 21.7]	[left, right]	[28.7186, 28.0806]
94   	1871.55     	0.000   	1.0000  	[21.7, 21.7]	[right, right]	[27.8907, 27.8745]
95   	1871.32     	0.000   	1.0000  	[21.7, 21.7]	[left, right]	[27.8018, 29.8472]
96   	1871.17     	0.000   	1.0000  	[21.7, 21.7]	[hover, right]	[27.5068, 34.0664]
97   	1866.35     	0.000   	1.0000  	[21.7, 21.7]	[hover, right]	[26.9827, 48.4718]
98   	1863.80     	0.000   	1.0000  	[21.7, 21.7]	[right, up]	[26.8799, 50.2892]
99   	1863.48     	0.000   	1.0000  	[21.7, 27.1]	[left, right]	[26.8467, 97.6106]
[2025-12-11T10:47:00]
Strategy: greedy_ig
Pairwise: adaptive
Num agents: 2
Iteration: 17
Error margin: None
Gaussian radius 4 
Grid info: range: 0-50-50, cell_size:0.125, map shape: (400, 400), center:True
init UAV positions: [(-25.0, 25.0, 5.4), (25.0, 25.0, 5.4)]
mcts_params: {}
Step	Entropy	MSE	Coverage	Heights	Actions	IGs
------------------------------------------------------------------------------------------------------------------------
0    	158843.99   	0.435   	0.0078  	[5.4, 5.4]	[up, up]	[821.9019, 827.6221]
1    	155971.07   	0.439   	0.0312  	[10.8, 10.8]	[up, up]	[1060.5972, 1041.4687]
2    	152638.00   	0.449   	0.0703  	[16.2, 16.2]	[back, back]	[1230.3213, 1226.5643]
3    	149599.91   	0.443   	0.0938  	[16.2, 16.2]	[right, left]	[1524.7702, 1355.0343]
4    	145426.96   	0.440   	0.1250  	[16.2, 16.2]	[right, back]	[1711.4301, 1381.3961]
5    	140989.57   	0.425   	0.1562  	[16.2, 16.2]	[back, left]	[2047.2689, 1477.7295]
6    	135237.35   	0.415   	0.1953  	[16.2, 16.2]	[right, back]	[2132.1956, 1513.7221]
7    	129452.26   	0.398   	0.2344  	[16.2, 16.2]	[back, left]	[2355.6048, 1691.4464]
8    	122355.11   	0.381   	0.2812  	[16.2, 16.2]	[back, left]	[2230.5353, 1725.2559]
9    	115352.34   	0.359   	0.3281  	[16.2, 16.2]	[up, up]	[2122.3743, 1852.7123]
10   	106066.58   	0.328   	0.4375  	[21.7, 21.7]	[right, back]	[2321.1051, 2033.6050]
11   	98169.24    	0.302   	0.5000  	[21.7, 21.7]	[back, back]	[2305.3668, 2089.8853]
12   	90265.70    	0.253   	0.5625  	[21.7, 21.7]	[back, back]	[2318.4326, 2138.6735]
13   	81808.97    	0.203   	0.6250  	[21.7, 21.7]	[back, back]	[2303.0159, 2234.4412]
14   	73749.34    	0.155   	0.6875  	[21.7, 21.7]	[back, back]	[2274.6552, 2485.2693]
15   	65637.83    	0.122   	0.7500  	[21.7, 21.7]	[back, back]	[2248.7038, 2759.1270]
16   	57335.84    	0.091   	0.8125  	[21.7, 21.7]	[back, back]	[2248.9363, 2982.8536]
17   	48283.77    	0.075   	0.8750  	[21.7, 21.7]	[back, back]	[2259.4520, 3018.4092]
18   	38513.06    	0.064   	0.9375  	[21.7, 21.7]	[back, back]	[2279.8577, 2894.4132]
19   	28674.95    	0.062   	1.0000  	[21.7, 21.7]	[right, left]	[2003.6736, 2375.9466]
20   	23937.35    	0.041   	1.0000  	[21.7, 21.7]	[right, left]	[1844.2259, 2033.3395]
21   	19833.66    	0.026   	1.0000  	[21.7, 21.7]	[right, left]	[1771.2693, 1857.5658]
22   	17269.66    	0.020   	1.0000  	[21.7, 21.7]	[right, left]	[1775.1372, 1789.3298]
23   	16067.68    	0.018   	1.0000  	[21.7, 21.7]	[right, left]	[1924.7581, 1950.8475]
24   	15502.01    	0.017   	1.0000  	[21.7, 21.7]	[right, left]	[2125.7091, 2135.6238]
25   	14790.30    	0.017   	1.0000  	[21.7, 21.7]	[right, left]	[2186.4416, 2214.2348]
26   	13623.97    	0.016   	1.0000  	[21.7, 21.7]	[right, left]	[2248.9513, 2257.2504]
27   	11771.16    	0.015   	1.0000  	[21.7, 21.7]	[front, front]	[2137.0714, 2117.3913]
28   	11204.05    	0.012   	1.0000  	[21.7, 21.7]	[front, front]	[2187.4778, 2052.4469]
29   	10776.78    	0.011   	1.0000  	[21.7, 21.7]	[front, front]	[2343.4767, 2080.5719]
30   	10535.35    	0.011   	1.0000  	[21.7, 21.7]	[front, front]	[2602.1450, 2138.7639]
31   	10252.43    	0.011   	1.0000  	[21.7, 21.7]	[front, front]	[2810.9715, 2182.6961]
32   	9883.09     	0.010   	1.0000  	[21.7, 21.7]	[front, front]	[2929.5767, 2193.1165]
33   	9330.45     	0.010   	1.0000  	[21.7, 21.7]	[front, front]	[2860.4145, 2208.7502]
34   	8501.35     	0.009   	1.0000  	[21.7, 21.7]	[front, front]	[2658.8773, 2289.7622]
35   	7422.01     	0.008   	1.0000  	[21.7, 21.7]	[hover, hover]	[1773.9959, 1662.6582]
36   	6832.23     	0.007   	1.0000  	[21.7, 21.7]	[left, hover]	[1124.5707, 1204.2972]
37   	6210.54     	0.006   	1.0000  	[21.7, 21.7]	[left, right]	[707.2839, 862.0278]
38   	5654.54     	0.005   	1.0000  	[21.7, 21.7]	[right, left]	[400.9461, 585.2812]
39   	5400.73     	0.004   	1.0000  	[21.7, 21.7]	[right, right]	[316.0852, 403.2966]
40   	5280.92     	0.004   	1.0000  	[21.7, 21.7]	[hover, left]	[175.1732, 296.7177]
41   	5195.51     	0.004   	1.0000  	[21.7, 21.7]	[left, right]	[106.7726, 193.1380]
42   	5135.84     	0.004   	1.0000  	[21.7, 21.7]	[left, right]	[131.4880, 159.6554]
43   	5107.22     	0.004   	1.0000  	[21.7, 21.7]	[left, right]	[103.6644, 120.4031]
44   	5083.55     	0.004   	1.0000  	[21.7, 21.7]	[left, right]	[71.2709, 90.6813]
45   	5080.43     	0.004   	1.0000  	[21.7, 21.7]	[left, right]	[56.0744, 72.8127]
46   	5077.37     	0.004   	1.0000  	[21.7, 21.7]	[left, right]	[48.2418, 62.0287]
47   	5073.06     	0.004   	1.0000  	[21.7, 21.7]	[left, right]	[43.0789, 55.7171]
48   	5071.80     	0.004   	1.0000  	[21.7, 21.7]	[left, right]	[37.7044, 54.3567]
49   	5071.05     	0.004   	1.0000  	[21.7, 21.7]	[back, back]	[34.1068, 53.3580]
50   	5065.44     	0.004   	1.0000  	[21.7, 21.7]	[back, back]	[37.4232, 60.2611]
51   	5054.26     	0.004   	1.0000  	[21.7, 21.7]	[back, back]	[46.8393, 78.4329]
52   	5040.00     	0.004   	1.0000  	[21.7, 21.7]	[back, back]	[59.6540, 110.6913]
53   	4997.33     	0.004   	1.0000  	[21.7, 21.7]	[back, back]	[86.4797, 164.1851]
54   	4935.48     	0.004   	1.0000  	[21.7, 21.7]	[back, back]	[129.5968, 233.6695]
55   	4747.54     	0.003   	1.0000  	[21.7, 21.7]	[back, back]	[205.6864, 313.7988]
56   	4278.69     	0.003   	1.0000  	[21.7, 21.7]	[back, back]	[324.2945, 407.9734]
57   	3397.04     	0.003   	1.0000  	[21.7, 21.7]	[hover, hover]	[216.8119, 256.2277]
58   	2902.95     	0.002   	1.0000  	[21.7, 21.7]	[hover, hover]	[142.0731, 162.1023]
59   	2527.21     	0.001   	1.0000  	[21.7, 21.7]	[hover, hover]	[89.8410, 106.3595]
60   	2286.01     	0.001   	1.0000  	[21.7, 21.7]	[hover, hover]	[61.6469, 70.3136]
61   	2129.17     	0.000   	1.0000  	[21.7, 21.7]	[hover, hover]	[45.4264, 50.4647]
62   	2044.48     	0.000   	1.0000  	[21.7, 21.7]	[hover, hover]	[36.9770, 41.1050]
63   	1984.14     	0.000   	1.0000  	[21.7, 21.7]	[right, left]	[32.5222, 35.3792]
64   	1971.34     	0.000   	1.0000  	[21.7, 21.7]	[right, left]	[35.6164, 35.6733]
65   	1965.41     	0.000   	1.0000  	[21.7, 21.7]	[right, left]	[45.5595, 39.3994]
66   	1963.35     	0.000   	1.0000  	[21.7, 21.7]	[right, left]	[69.8358, 49.5830]
67   	1957.72     	0.000   	1.0000  	[21.7, 21.7]	[right, left]	[114.4978, 77.5937]
68   	1956.90     	0.000   	1.0000  	[21.7, 21.7]	[right, left]	[184.6710, 115.4065]
69   	1951.23     	0.000   	1.0000  	[21.7, 21.7]	[right, left]	[304.1326, 190.6697]
70   	1943.54     	0.000   	1.0000  	[21.7, 21.7]	[right, left]	[482.0422, 312.9375]
71   	1924.91     	0.000   	1.0000  	[21.7, 21.7]	[hover, hover]	[310.5522, 203.9147]
72   	1910.09     	0.000   	1.0000  	[21.7, 21.7]	[hover, hover]	[194.4959, 131.8034]
73   	1893.69     	0.000   	1.0000  	[21.7, 21.7]	[hover, hover]	[122.0157, 89.6328]
74   	1887.71     	0.000   	1.0000  	[21.7, 21.7]	[hover, hover]	[78.0347, 61.1834]
75   	1876.65     	0.000   	1.0000  	[21.7, 21.7]	[hover, hover]	[55.2146, 45.2340]
76   	1877.71     	0.000   	1.0000  	[21.7, 21.7]	[hover, hover]	[44.0060, 37.1475]
77   	1875.47     	0.000   	1.0000  	[21.7, 21.7]	[hover, hover]	[36.5208, 33.0762]
78   	1874.42     	0.000   	1.0000  	[21.7, 21.7]	[hover, hover]	[33.5792, 31.5686]
79   	1869.76     	0.000   	1.0000  	[21.7, 21.7]	[hover, front]	[30.6311, 30.3689]
80   	1868.48     	0.000   	1.0000  	[21.7, 21.7]	[hover, front]	[29.0306, 31.1870]
81   	1869.37     	0.000   	1.0000  	[21.7, 21.7]	[hover, front]	[28.3594, 32.1828]
82   	1869.66     	0.000   	1.0000  	[21.7, 21.7]	[hover, front]	[27.7296, 32.5368]
83   	1869.20     	0.000   	1.0000  	[21.7, 21.7]	[hover, front]	[27.0382, 35.4465]
84   	1865.90     	0.000   	1.0000  	[21.7, 21.7]	[left, front]	[26.6759, 40.6425]
85   	1867.40     	0.000   	1.0000  	[21.7, 21.7]	[hover, front]	[26.4809, 50.2640]
86   	1870.50     	0.000   	1.0000  	[21.7, 21.7]	[hover, front]	[26.5245, 70.9444]
87   	1864.64     	0.000   	1.0000  	[21.7, 21.7]	[right, hover]	[26.2338, 53.2515]
88   	1864.39     	0.000   	1.0000  	[21.7, 21.7]	[left, hover]	[26.2305, 41.9134]
89   	1863.50     	0.000   	1.0000  	[21.7, 21.7]	[hover, hover]	[26.2117, 36.4172]
90   	1864.07     	0.000   	1.0000  	[21.7, 21.7]	[right, hover]	[26.3987, 31.9425]
91   	1860.93     	0.000   	1.0000  	[21.7, 21.7]	[left, hover]	[26.2101, 29.3526]
92   	1862.35     	0.000   	1.0000  	[21.7, 21.7]	[hover, hover]	[26.0887, 27.7231]
93   	1860.71     	0.000   	1.0000  	[21.7, 21.7]	[hover, hover]	[26.1056, 26.7788]
94   	1862.04     	0.000   	1.0000  	[21.7, 21.7]	[hover, hover]	[25.9302, 26.0165]
95   	1860.87     	0.000   	1.0000  	[21.7, 21.7]	[hover, right]	[25.8182, 25.9313]
96   	1862.32     	0.000   	1.0000  	[21.7, 21.7]	[hover, right]	[25.6898, 26.7532]
97   	1859.06     	0.000   	1.0000  	[21.7, 21.7]	[hover, right]	[25.6367, 26.9506]
98   	1858.88     	0.000   	1.0000  	[21.7, 21.7]	[hover, right]	[25.5855, 27.0183]
99   	1859.95     	0.000   	1.0000  	[21.7, 21.7]	[hover, right]	[25.8420, 26.5919]
[2025-12-11T10:47:07]
Strategy: greedy_ig
Pairwise: adaptive
Num agents: 2
Iteration: 18
Error margin: None
Gaussian radius 4 
Grid info: range: 0-50-50, cell_size:0.125, map shape: (400, 400), center:True
init UAV positions: [(-25.0, -25.0, 5.4), (25.0, 25.0, 5.4)]
mcts_params: {}
Step	Entropy	MSE	Coverage	Heights	Actions	IGs
------------------------------------------------------------------------------------------------------------------------
0    	158843.99   	0.435   	0.0078  	[5.4, 5.4]	[up, up]	[821.9019, 827.6221]
1    	155953.31   	0.439   	0.0312  	[10.8, 10.8]	[up, up]	[1055.6788, 1041.4687]
2    	152625.89   	0.449   	0.0703  	[16.2, 16.2]	[front, back]	[1228.0775, 1226.5643]
3    	149591.02   	0.443   	0.0938  	[16.2, 16.2]	[right, left]	[1519.6647, 1355.0343]
4    	145348.10   	0.439   	0.1250  	[16.2, 16.2]	[front, back]	[1668.6465, 1381.3961]
5    	140700.55   	0.422   	0.1562  	[16.2, 16.2]	[right, left]	[1918.6788, 1477.7295]
6    	135057.71   	0.416   	0.1953  	[16.2, 16.2]	[front, back]	[2055.7826, 1513.7221]
7    	128718.98   	0.380   	0.2344  	[16.2, 16.2]	[right, left]	[2057.5399, 1691.4464]
8    	121617.41   	0.369   	0.2812  	[16.2, 16.2]	[right, left]	[1999.8315, 1725.2559]
9    	114807.80   	0.359   	0.3281  	[16.2, 16.2]	[up, up]	[2050.9625, 1852.7123]
10   	105568.66   	0.310   	0.4375  	[21.7, 21.7]	[front, back]	[2248.3221, 2033.6050]
11   	97558.36    	0.270   	0.5000  	[21.7, 21.7]	[front, back]	[2256.6995, 2089.8853]
12   	89287.65    	0.224   	0.5625  	[21.7, 21.7]	[front, back]	[2274.0608, 2138.6735]
13   	80711.17    	0.185   	0.6250  	[21.7, 21.7]	[front, back]	[2276.9727, 2234.4412]
14   	72655.00    	0.149   	0.6875  	[21.7, 21.7]	[front, back]	[2268.5987, 2485.2693]
15   	64506.30    	0.116   	0.7500  	[21.7, 21.7]	[front, back]	[2250.1435, 2759.1270]
16   	56175.84    	0.088   	0.8125  	[21.7, 21.7]	[front, back]	[2251.4921, 2982.8536]
17   	47205.20    	0.073   	0.8750  	[21.7, 21.7]	[front, back]	[2273.2916, 3018.4092]
18   	37603.40    	0.063   	0.9375  	[21.7, 21.7]	[front, back]	[2324.2804, 2894.4132]
19   	28136.71    	0.062   	1.0000  	[21.7, 21.7]	[right, left]	[2240.4820, 2518.8390]
20   	23647.80    	0.043   	1.0000  	[21.7, 21.7]	[right, left]	[2240.4273, 2301.1002]
21   	19431.05    	0.027   	1.0000  	[21.7, 21.7]	[right, left]	[2250.5633, 2197.6270]
22   	16266.09    	0.019   	1.0000  	[21.7, 21.7]	[right, left]	[2273.3880, 2147.9144]
23   	14207.46    	0.015   	1.0000  	[21.7, 21.7]	[right, left]	[2267.4181, 2174.1463]
24   	12989.92    	0.014   	1.0000  	[21.7, 21.7]	[right, left]	[2273.8674, 2206.1778]
25   	12326.50    	0.013   	1.0000  	[21.7, 21.7]	[right, left]	[2225.5945, 2231.0039]
26   	11885.18    	0.012   	1.0000  	[21.7, 21.7]	[right, left]	[2213.2482, 2260.3308]
27   	11640.23    	0.012   	1.0000  	[21.7, 21.7]	[back, front]	[2064.7319, 2117.3913]
28   	11462.58    	0.012   	1.0000  	[21.7, 21.7]	[back, front]	[2048.0584, 2052.4469]
29   	11327.16    	0.012   	1.0000  	[21.7, 21.7]	[back, front]	[2136.8826, 2080.5719]
30   	11163.88    	0.012   	1.0000  	[21.7, 21.7]	[back, front]	[2367.7252, 2138.7639]
31   	10890.18    	0.011   	1.0000  	[21.7, 21.7]	[back, front]	[2650.5530, 2182.6961]
32   	10510.90    	0.011   	1.0000  	[21.7, 21.7]	[back, front]	[2897.7250, 2193.1165]
33   	9781.61     	0.011   	1.0000  	[21.7, 21.7]	[back, front]	[3022.9749, 2208.7502]
34   	8457.79     	0.010   	1.0000  	[21.7, 21.7]	[back, front]	[2988.0497, 2289.7622]
35   	6563.54     	0.009   	1.0000  	[21.7, 21.7]	[hover, hover]	[2119.5523, 1662.6582]
36   	5422.87     	0.006   	1.0000  	[21.7, 21.7]	[hover, hover]	[1361.5735, 1204.2972]
37   	4464.22     	0.004   	1.0000  	[21.7, 21.7]	[left, right]	[880.8868, 898.7754]
38   	4007.71     	0.003   	1.0000  	[21.7, 21.7]	[right, left]	[532.5282, 603.5189]
39   	3337.65     	0.002   	1.0000  	[21.7, 21.7]	[left, right]	[348.6730, 421.5152]
40   	3090.27     	0.002   	1.0000  	[21.7, 21.7]	[left, right]	[241.8534, 307.5611]
41   	2928.88     	0.001   	1.0000  	[21.7, 21.7]	[left, right]	[156.2709, 193.9916]
42   	2874.49     	0.001   	1.0000  	[21.7, 21.7]	[left, right]	[92.6347, 117.0358]
43   	2855.41     	0.001   	1.0000  	[21.7, 21.7]	[left, right]	[65.8125, 76.7000]
44   	2836.57     	0.001   	1.0000  	[21.7, 21.7]	[left, right]	[49.5753, 62.3916]
45   	2830.63     	0.001   	1.0000  	[21.7, 21.7]	[left, right]	[43.5089, 57.9057]
46   	2821.36     	0.001   	1.0000  	[21.7, 21.7]	[left, right]	[40.7449, 54.0008]
47   	2810.37     	0.001   	1.0000  	[21.7, 21.7]	[front, back]	[38.7162, 53.5681]
48   	2804.26     	0.001   	1.0000  	[21.7, 21.7]	[front, back]	[41.9387, 61.5644]
49   	2796.30     	0.001   	1.0000  	[21.7, 21.7]	[front, back]	[51.2382, 79.6108]
50   	2788.25     	0.001   	1.0000  	[21.7, 21.7]	[front, back]	[73.6669, 110.0166]
51   	2780.30     	0.001   	1.0000  	[21.7, 21.7]	[front, back]	[102.1564, 163.0481]
52   	2774.64     	0.001   	1.0000  	[21.7, 21.7]	[front, back]	[161.4209, 235.4353]
53   	2739.20     	0.001   	1.0000  	[21.7, 21.7]	[front, back]	[243.6700, 318.8713]
54   	2635.17     	0.001   	1.0000  	[21.7, 21.7]	[front, back]	[372.9335, 414.3645]
55   	2418.22     	0.001   	1.0000  	[21.7, 21.7]	[hover, hover]	[261.7067, 261.9088]
56   	2272.18     	0.001   	1.0000  	[21.7, 21.7]	[hover, hover]	[185.7511, 165.8203]
57   	2146.15     	0.000   	1.0000  	[21.7, 21.7]	[hover, hover]	[131.3250, 104.2048]
58   	2081.23     	0.000   	1.0000  	[21.7, 21.7]	[hover, hover]	[96.1977, 68.6752]
59   	2011.14     	0.000   	1.0000  	[21.7, 21.7]	[hover, hover]	[68.0005, 49.6022]
60   	1970.52     	0.000   	1.0000  	[21.7, 21.7]	[hover, hover]	[51.0432, 38.5978]
61   	1942.07     	0.000   	1.0000  	[21.7, 21.7]	[hover, left]	[40.1971, 35.5674]
62   	1930.63     	0.000   	1.0000  	[21.7, 21.7]	[right, left]	[34.5492, 36.0630]
63   	1922.33     	0.000   	1.0000  	[21.7, 21.7]	[right, left]	[35.2300, 39.6924]
64   	1920.17     	0.000   	1.0000  	[21.7, 21.7]	[right, left]	[42.6990, 53.0090]
65   	1916.50     	0.000   	1.0000  	[21.7, 21.7]	[right, left]	[58.3799, 78.1777]
66   	1916.00     	0.000   	1.0000  	[21.7, 21.7]	[right, left]	[92.5607, 117.8550]
67   	1913.04     	0.000   	1.0000  	[21.7, 21.7]	[right, left]	[140.4762, 193.6685]
68   	1906.47     	0.000   	1.0000  	[21.7, 21.7]	[right, left]	[237.5390, 311.3239]
69   	1901.10     	0.000   	1.0000  	[21.7, 21.7]	[right, hover]	[382.2392, 196.1508]
70   	1893.44     	0.000   	1.0000  	[21.7, 21.7]	[hover, hover]	[236.3562, 125.4744]
71   	1888.34     	0.000   	1.0000  	[21.7, 21.7]	[hover, hover]	[141.4443, 82.0901]
72   	1887.40     	0.000   	1.0000  	[21.7, 21.7]	[hover, hover]	[81.6512, 56.3813]
73   	1885.30     	0.000   	1.0000  	[21.7, 21.7]	[hover, hover]	[54.1328, 44.6143]
74   	1881.80     	0.000   	1.0000  	[21.7, 21.7]	[hover, hover]	[39.1925, 37.0021]
75   	1881.60     	0.000   	1.0000  	[21.7, 21.7]	[hover, hover]	[32.6424, 32.5488]
76   	1883.29     	0.000   	1.0000  	[21.7, 21.7]	[back, front]	[29.2920, 30.7402]
77   	1880.69     	0.000   	1.0000  	[21.7, 21.7]	[back, front]	[29.4395, 33.0371]
78   	1881.30     	0.000   	1.0000  	[21.7, 21.7]	[back, front]	[31.7582, 34.3147]
79   	1880.17     	0.000   	1.0000  	[21.7, 21.7]	[back, front]	[33.2954, 36.7838]
80   	1876.67     	0.000   	1.0000  	[21.7, 21.7]	[back, front]	[39.0465, 43.5816]
81   	1876.42     	0.000   	1.0000  	[21.7, 21.7]	[back, front]	[53.2023, 54.2687]
82   	1877.34     	0.000   	1.0000  	[21.7, 21.7]	[back, front]	[72.5008, 76.0453]
83   	1877.73     	0.000   	1.0000  	[21.7, 21.7]	[back, front]	[90.3396, 112.0051]
84   	1871.94     	0.000   	1.0000  	[21.7, 21.7]	[hover, hover]	[61.1792, 78.4166]
85   	1862.31     	0.000   	1.0000  	[21.7, 21.7]	[hover, hover]	[44.4349, 59.6185]
86   	1860.64     	0.000   	1.0000  	[21.7, 21.7]	[hover, hover]	[36.3115, 46.0990]
87   	1860.35     	0.000   	1.0000  	[21.7, 21.7]	[hover, hover]	[32.6670, 37.8441]
88   	1859.48     	0.000   	1.0000  	[21.7, 21.7]	[left, hover]	[30.7388, 33.2406]
89   	1856.60     	0.000   	1.0000  	[21.7, 21.7]	[right, hover]	[29.8059, 30.6874]
90   	1855.94     	0.000   	1.0000  	[21.7, 21.7]	[left, hover]	[29.2206, 28.8746]
91   	1855.62     	0.000   	1.0000  	[21.7, 21.7]	[hover, hover]	[28.4959, 27.4735]
92   	1853.79     	0.000   	1.0000  	[21.7, 21.7]	[right, hover]	[27.9949, 26.9377]
93   	1852.77     	0.000   	1.0000  	[21.7, 21.7]	[left, hover]	[27.6711, 26.4873]
94   	1852.56     	0.000   	1.0000  	[21.7, 21.7]	[hover, right]	[27.7645, 25.9733]
95   	1852.75     	0.000   	1.0000  	[21.7, 21.7]	[hover, back]	[27.4957, 25.8567]
96   	1853.14     	0.000   	1.0000  	[21.7, 21.7]	[hover, back]	[27.0525, 26.0640]
97   	1851.12     	0.000   	1.0000  	[21.7, 21.7]	[hover, back]	[26.8632, 27.3393]
98   	1852.31     	0.000   	1.0000  	[21.7, 21.7]	[right, right]	[26.6797, 27.5798]
99   	1849.89     	0.000   	1.0000  	[21.7, 21.7]	[left, right]	[26.4143, 27.2054]
[2025-12-11T10:47:13]
Strategy: greedy_ig
Pairwise: adaptive
Num agents: 2
Iteration: 19
Error margin: None
Gaussian radius 4 
Grid info: range: 0-50-50, cell_size:0.125, map shape: (400, 400), center:True
init UAV positions: [(-25.0, -25.0, 5.4), (-25.0, 25.0, 5.4)]
mcts_params: {}
Step	Entropy	MSE	Coverage	Heights	Actions	IGs
------------------------------------------------------------------------------------------------------------------------
0    	158843.99   	0.435   	0.0078  	[5.4, 5.4]	[up, up]	[821.9019, 827.6221]
1    	155950.24   	0.439   	0.0312  	[10.8, 10.8]	[up, up]	[1055.6788, 1040.6745]
2    	152588.71   	0.449   	0.0703  	[16.2, 16.2]	[front, back]	[1228.0775, 1219.4512]
3    	149898.24   	0.450   	0.0938  	[16.2, 16.2]	[right, right]	[1519.6647, 1507.7880]
4    	146069.50   	0.451   	0.1250  	[16.2, 16.2]	[front, right]	[1668.6465, 1702.6879]
5    	141991.82   	0.453   	0.1562  	[16.2, 16.2]	[right, back]	[1918.6788, 2016.4307]
6    	136692.44   	0.451   	0.1953  	[16.2, 16.2]	[front, back]	[2055.7826, 2108.7422]
7    	130238.88   	0.428   	0.2344  	[16.2, 16.2]	[right, right]	[2057.5399, 2207.8274]
8    	123129.53   	0.427   	0.2812  	[16.2, 16.2]	[right, right]	[1999.8315, 2138.0033]
9    	116831.04   	0.430   	0.3281  	[16.2, 16.2]	[up, right]	[2050.9625, 2305.3757]
10   	109347.16   	0.409   	0.4062  	[21.7, 16.2]	[front, right]	[2248.3221, 2464.2062]
11   	101839.88   	0.390   	0.4609  	[21.7, 16.2]	[front, right]	[2236.5629, 2486.5275]
12   	93757.11    	0.362   	0.5156  	[21.7, 16.2]	[front, right]	[2224.9817, 2330.6584]
13   	85076.87    	0.337   	0.5703  	[21.7, 16.2]	[front, right]	[2126.1610, 2109.5291]
14   	78493.92    	0.316   	0.5938  	[21.7, 16.2]	[front, right]	[2127.4334, 1944.0189]
15   	72248.88    	0.297   	0.6172  	[21.7, 16.2]	[front, right]	[2153.8815, 1896.6390]
16   	66741.33    	0.283   	0.6406  	[21.7, 16.2]	[front, right]	[2227.0581, 1890.3938]
17   	61809.80    	0.270   	0.6641  	[21.7, 16.2]	[front, right]	[2248.9478, 1882.4780]
18   	57520.62    	0.260   	0.6875  	[21.7, 16.2]	[front, back]	[2337.2260, 1742.5605]
19   	53827.32    	0.236   	0.7109  	[21.7, 16.2]	[right, back]	[2234.8028, 1754.9696]
20   	49661.84    	0.208   	0.7422  	[21.7, 16.2]	[right, back]	[2209.5884, 1836.9985]
21   	46016.81    	0.183   	0.7734  	[21.7, 16.2]	[right, back]	[2088.3891, 2132.9353]
22   	42943.48    	0.160   	0.7969  	[21.7, 16.2]	[right, back]	[2100.9368, 2452.8066]
23   	39672.22    	0.137   	0.8203  	[21.7, 16.2]	[right, back]	[2109.9975, 2707.2721]
24   	36337.89    	0.118   	0.8438  	[21.7, 16.2]	[right, back]	[2112.9383, 2853.5904]
25   	32796.22    	0.090   	0.8672  	[21.7, 16.2]	[right, back]	[2154.2494, 2875.4456]
26   	28834.92    	0.076   	0.8906  	[21.7, 16.2]	[right, back]	[2220.6898, 2676.5577]
27   	24424.01    	0.063   	0.9141  	[21.7, 16.2]	[back, back]	[2049.3120, 2398.5159]
28   	19261.30    	0.052   	0.9453  	[21.7, 16.2]	[back, left]	[2022.1597, 1949.4855]
29   	14668.97    	0.032   	0.9766  	[21.7, 16.2]	[back, left]	[1938.6687, 1840.0017]
30   	10797.97    	0.017   	1.0000  	[21.7, 16.2]	[back, left]	[2065.6685, 1811.3791]
31   	9049.54     	0.011   	1.0000  	[21.7, 16.2]	[back, left]	[2304.1325, 1834.8238]
32   	7617.51     	0.008   	1.0000  	[21.7, 16.2]	[back, left]	[2595.9775, 1829.0333]
33   	6515.03     	0.006   	1.0000  	[21.7, 16.2]	[back, left]	[2752.1408, 1881.7709]
34   	5687.22     	0.005   	1.0000  	[21.7, 16.2]	[back, left]	[2801.1881, 1931.5204]
35   	4771.91     	0.004   	1.0000  	[21.7, 16.2]	[hover, left]	[1976.5193, 1974.6635]
36   	4215.95     	0.003   	1.0000  	[21.7, 16.2]	[hover, left]	[1338.6685, 2041.3922]
37   	3847.02     	0.002   	1.0000  	[21.7, 16.2]	[left, left]	[836.6582, 2151.3787]
38   	3650.50     	0.002   	1.0000  	[21.7, 16.2]	[right, front]	[493.2250, 1928.1393]
39   	3442.83     	0.002   	1.0000  	[21.7, 16.2]	[left, front]	[312.0205, 1847.8549]
40   	3325.29     	0.001   	1.0000  	[21.7, 16.2]	[left, front]	[209.6584, 1843.3751]
41   	3248.94     	0.001   	1.0000  	[21.7, 16.2]	[left, front]	[138.0526, 1826.7613]
42   	3196.09     	0.001   	1.0000  	[21.7, 16.2]	[left, right]	[84.5437, 1324.9082]
43   	3165.95     	0.001   	1.0000  	[21.7, 16.2]	[left, right]	[59.8627, 1167.6885]
44   	3137.06     	0.001   	1.0000  	[21.7, 16.2]	[left, right]	[46.3476, 1147.9359]
45   	3121.04     	0.001   	1.0000  	[21.7, 16.2]	[left, right]	[38.4889, 1139.1112]
46   	3112.80     	0.001   	1.0000  	[21.7, 16.2]	[left, right]	[36.2586, 704.3289]
47   	3102.18     	0.001   	1.0000  	[21.7, 16.2]	[front, right]	[34.8541, 385.6607]
48   	3086.77     	0.001   	1.0000  	[21.7, 16.2]	[front, right]	[37.7239, 234.7934]
49   	3071.64     	0.001   	1.0000  	[21.7, 16.2]	[front, right]	[46.0957, 211.1908]
50   	3053.10     	0.001   	1.0000  	[21.7, 16.2]	[front, right]	[72.5780, 226.9824]
51   	3016.67     	0.001   	1.0000  	[21.7, 16.2]	[front, right]	[100.9213, 243.4706]
52   	2981.39     	0.001   	1.0000  	[21.7, 16.2]	[front, front]	[160.0897, 197.1276]
53   	2938.75     	0.001   	1.0000  	[21.7, 16.2]	[front, front]	[244.7151, 162.8582]
54   	2899.60     	0.001   	1.0000  	[21.7, 16.2]	[front, front]	[378.8768, 138.5213]
55   	2839.91     	0.001   	1.0000  	[21.7, 16.2]	[hover, front]	[268.4160, 113.1432]
56   	2757.72     	0.001   	1.0000  	[21.7, 16.2]	[hover, front]	[175.2196, 118.4353]
57   	2647.43     	0.001   	1.0000  	[21.7, 16.2]	[hover, front]	[117.6980, 211.4472]
58   	2315.75     	0.001   	1.0000  	[21.7, 16.2]	[hover, hover]	[81.0483, 97.5556]
59   	2206.80     	0.000   	1.0000  	[21.7, 16.2]	[hover, hover]	[58.4127, 51.5216]
60   	2150.30     	0.000   	1.0000  	[21.7, 16.2]	[hover, hover]	[45.3398, 34.2250]
61   	2120.99     	0.000   	1.0000  	[21.7, 16.2]	[hover, left]	[37.2711, 29.4701]
62   	2113.91     	0.000   	1.0000  	[21.7, 16.2]	[hover, up]	[32.1632, 34.1033]
63   	2111.83     	0.000   	1.0000  	[21.7, 21.7]	[right, back]	[30.3714, 40.2246]
64   	2103.17     	0.000   	1.0000  	[21.7, 21.7]	[right, back]	[32.1920, 47.1667]
65   	2098.29     	0.000   	1.0000  	[21.7, 21.7]	[right, back]	[39.3628, 51.8268]
66   	2098.24     	0.000   	1.0000  	[21.7, 21.7]	[right, left]	[52.9719, 45.4936]
67   	2095.73     	0.000   	1.0000  	[21.7, 21.7]	[right, left]	[81.4088, 42.6026]
68   	2096.26     	0.000   	1.0000  	[21.7, 21.7]	[right, left]	[138.2510, 46.1317]
69   	2091.03     	0.000   	1.0000  	[21.7, 21.7]	[right, left]	[235.0648, 47.3291]
70   	2086.48     	0.000   	1.0000  	[21.7, 21.7]	[right, left]	[378.8841, 65.0783]
71   	2081.07     	0.000   	1.0000  	[21.7, 21.7]	[hover, left]	[233.3280, 96.3458]
72   	2073.03     	0.000   	1.0000  	[21.7, 21.7]	[hover, left]	[135.3596, 148.0728]
73   	2071.60     	0.000   	1.0000  	[21.7, 21.7]	[hover, left]	[82.1735, 246.0409]
74   	2070.89     	0.000   	1.0000  	[21.7, 21.7]	[hover, front]	[49.9590, 162.4605]
75   	2064.09     	0.000   	1.0000  	[21.7, 21.7]	[hover, front]	[36.8334, 113.5902]
76   	2062.83     	0.000   	1.0000  	[21.7, 21.7]	[hover, hover]	[31.1169, 76.2905]
77   	2061.21     	0.000   	1.0000  	[21.7, 21.7]	[back, hover]	[28.9307, 55.9681]
78   	2061.23     	0.000   	1.0000  	[21.7, 21.7]	[back, back]	[29.9576, 45.2563]
79   	2061.29     	0.000   	1.0000  	[21.7, 21.7]	[back, back]	[31.4397, 39.3661]
80   	2058.94     	0.000   	1.0000  	[21.7, 21.7]	[back, back]	[33.3166, 36.2764]
81   	2058.61     	0.000   	1.0000  	[21.7, 21.7]	[back, back]	[40.1775, 33.9607]
82   	2053.20     	0.000   	1.0000  	[21.7, 21.7]	[back, back]	[49.9510, 40.0782]
83   	2056.97     	0.000   	1.0000  	[21.7, 21.7]	[back, back]	[65.5272, 57.9684]
84   	2020.36     	0.000   	1.0000  	[21.7, 21.7]	[back, back]	[82.8635, 91.4369]
85   	1956.33     	0.000   	1.0000  	[21.7, 21.7]	[hover, back]	[56.0924, 175.7359]
86   	1920.24     	0.000   	1.0000  	[21.7, 21.7]	[hover, hover]	[43.0438, 114.9244]
87   	1897.78     	0.000   	1.0000  	[21.7, 21.7]	[hover, hover]	[36.8041, 78.3931]
88   	1883.46     	0.000   	1.0000  	[21.7, 21.7]	[hover, hover]	[32.7083, 55.3839]
89   	1878.04     	0.000   	1.0000  	[21.7, 21.7]	[left, hover]	[31.2231, 40.6486]
90   	1876.76     	0.000   	1.0000  	[21.7, 21.7]	[right, hover]	[30.6988, 33.9283]
91   	1878.94     	0.000   	1.0000  	[21.7, 21.7]	[left, hover]	[29.7710, 30.1252]
92   	1872.76     	0.000   	1.0000  	[21.7, 21.7]	[right, right]	[29.2814, 28.4507]
93   	1872.70     	0.000   	1.0000  	[21.7, 21.7]	[left, right]	[28.7186, 28.0806]
94   	1871.55     	0.000   	1.0000  	[21.7, 21.7]	[right, right]	[27.8907, 27.8745]
95   	1871.32     	0.000   	1.0000  	[21.7, 21.7]	[left, right]	[27.8018, 29.8472]
96   	1871.17     	0.000   	1.0000  	[21.7, 21.7]	[hover, right]	[27.5068, 34.0664]
97   	1866.35     	0.000   	1.0000  	[21.7, 21.7]	[hover, right]	[26.9827, 48.4718]
98   	1863.80     	0.000   	1.0000  	[21.7, 21.7]	[right, up]	[26.8799, 50.2892]
99   	1863.48     	0.000   	1.0000  	[21.7, 27.1]	[left, right]	[26.8467, 97.6106]
