[2025-12-11T11:37:03]
Strategy: greedy_ig
Pairwise: equal
News mode: BS
Num agents: 2
Iteration: 0
Error margin: None
Gaussian radius 5 
Grid info: range: 0-50-50, cell_size:0.125, map shape: (400, 400), center:True
init UAV positions: [(25.0, 25.0, 5.4), (-25.0, 25.0, 5.4)]
mcts_params: {}
Step	Entropy	MSE	Coverage	Heights	Actions	IGs
------------------------------------------------------------------------------------------------------------------------
0    	158826.13   	0.405   	0.0078  	[5.4, 5.4]	[up, up]	[807.8971, 807.8971]
1    	155956.52   	0.409   	0.0312  	[10.8, 10.8]	[up, up]	[1049.1203, 1047.0929]
2    	152541.47   	0.419   	0.0703  	[16.2, 16.2]	[back, back]	[1218.5389, 1211.2301]
3    	149897.95   	0.414   	0.0938  	[16.2, 16.2]	[left, right]	[1511.4821, 1513.2401]
4    	146213.46   	0.412   	0.1250  	[16.2, 16.2]	[back, back]	[1730.0320, 1721.0269]
5    	142346.55   	0.399   	0.1562  	[16.2, 16.2]	[left, right]	[2049.3394, 2033.8366]
6    	137601.98   	0.393   	0.1953  	[16.2, 16.2]	[left, back]	[2284.4989, 2271.1261]
7    	132625.41   	0.388   	0.2344  	[16.2, 16.2]	[back, right]	[2618.9421, 2608.5872]
8    	126712.33   	0.365   	0.2812  	[16.2, 16.2]	[left, right]	[2640.3586, 2662.6611]
9    	121260.59   	0.362   	0.3281  	[16.2, 16.2]	[left, right]	[2690.2499, 2740.7310]
10   	115694.19   	0.359   	0.3750  	[16.2, 16.2]	[back, back]	[2617.9365, 2629.9455]
11   	110760.26   	0.335   	0.4219  	[16.2, 16.2]	[up, up]	[2750.5603, 2757.7026]
12   	105738.45   	0.305   	0.4844  	[21.7, 21.7]	[back, back]	[2800.8142, 2810.6333]
13   	100017.32   	0.271   	0.5391  	[21.7, 21.7]	[back, back]	[2906.6145, 2896.5401]
14   	94131.41    	0.243   	0.5938  	[21.7, 21.7]	[back, back]	[3018.8504, 3000.3773]
15   	88073.21    	0.210   	0.6484  	[21.7, 21.7]	[back, back]	[3131.3672, 3106.0494]
16   	81962.06    	0.188   	0.7031  	[21.7, 21.7]	[back, back]	[3234.4900, 3208.1794]
17   	75772.95    	0.165   	0.7578  	[21.7, 21.7]	[back, back]	[3314.7517, 3313.0284]
18   	69325.52    	0.153   	0.8125  	[21.7, 21.7]	[back, back]	[3328.4420, 3322.8989]
19   	62997.45    	0.151   	0.8672  	[21.7, 21.7]	[back, back]	[3320.3045, 3327.2619]
20   	56806.79    	0.155   	0.9219  	[21.7, 21.7]	[right, left]	[3214.5989, 3211.2783]
21   	49968.15    	0.125   	0.9844  	[21.7, 21.7]	[hover, hover]	[2753.1243, 2743.5155]
22   	47087.68    	0.114   	0.9844  	[21.7, 21.7]	[hover, hover]	[2342.8636, 2333.0811]
23   	44388.40    	0.105   	0.9844  	[21.7, 21.7]	[hover, hover]	[2013.7558, 1997.5935]
24   	41696.33    	0.095   	0.9844  	[21.7, 21.7]	[hover, hover]	[1734.1619, 1717.1954]
25   	39341.43    	0.089   	0.9844  	[21.7, 21.7]	[left, hover]	[1502.4279, 1480.1570]
26   	37652.37    	0.082   	0.9844  	[21.7, 21.7]	[left, right]	[1752.0419, 1307.6003]
27   	36302.87    	0.079   	0.9844  	[21.7, 21.7]	[left, right]	[1946.5173, 1583.4941]
28   	35023.56    	0.075   	0.9844  	[21.7, 21.7]	[left, right]	[2135.4819, 1829.0804]
29   	34044.55    	0.073   	0.9844  	[21.7, 21.7]	[front, front]	[1956.3405, 1651.9222]
30   	32994.34    	0.071   	0.9844  	[21.7, 21.7]	[front, up]	[1781.9912, 1585.0455]
31   	32044.90    	0.069   	0.9844  	[21.7, 27.1]	[left, right]	[2156.8188, 1883.8133]
32   	31222.22    	0.068   	0.9844  	[21.7, 27.1]	[left, right]	[2500.2925, 2213.3374]
33   	30384.39    	0.065   	0.9844  	[21.7, 27.1]	[left, right]	[2821.0093, 2500.7426]
34   	29444.77    	0.064   	0.9844  	[21.7, 27.1]	[left, right]	[3070.6773, 2758.2148]
35   	27074.97    	0.051   	1.0000  	[21.7, 27.1]	[front, down]	[2952.5406, 2878.5972]
36   	26534.73    	0.048   	1.0000  	[21.7, 21.7]	[front, right]	[2912.0697, 3046.3997]
37   	24991.93    	0.046   	1.0000  	[21.7, 21.7]	[front, front]	[2925.8595, 2726.9898]
38   	23763.20    	0.042   	1.0000  	[21.7, 21.7]	[front, front]	[2960.4192, 2727.4001]
39   	22495.92    	0.041   	1.0000  	[21.7, 21.7]	[front, front]	[3039.4698, 2762.6499]
40   	21386.50    	0.036   	1.0000  	[21.7, 21.7]	[front, front]	[3125.2446, 2804.0893]
41   	20147.07    	0.036   	1.0000  	[21.7, 21.7]	[hover, front]	[2639.0859, 2900.9578]
42   	19162.95    	0.032   	1.0000  	[21.7, 21.7]	[hover, front]	[2255.3851, 3000.6905]
43   	18038.32    	0.031   	1.0000  	[21.7, 21.7]	[hover, front]	[1925.5248, 3112.7425]
44   	17063.72    	0.029   	1.0000  	[21.7, 21.7]	[hover, hover]	[1655.0732, 2617.2219]
45   	16239.53    	0.026   	1.0000  	[21.7, 21.7]	[hover, hover]	[1436.6756, 2231.3954]
46   	15377.38    	0.025   	1.0000  	[21.7, 21.7]	[right, hover]	[1259.5725, 1907.0799]
47   	14815.97    	0.023   	1.0000  	[21.7, 21.7]	[left, hover]	[1113.6288, 1628.1489]
48   	14264.25    	0.022   	1.0000  	[21.7, 21.7]	[right, hover]	[979.2565, 1432.2646]
49   	13788.32    	0.021   	1.0000  	[21.7, 21.7]	[right, left]	[892.6705, 1259.8102]
50   	13296.89    	0.020   	1.0000  	[21.7, 21.7]	[right, left]	[784.9806, 1083.0421]
51   	12944.79    	0.019   	1.0000  	[21.7, 21.7]	[right, right]	[695.6413, 932.4220]
52   	12610.19    	0.019   	1.0000  	[21.7, 21.7]	[right, right]	[636.3517, 846.3853]
53   	12311.44    	0.018   	1.0000  	[21.7, 21.7]	[right, hover]	[569.4520, 730.2553]
54   	12087.87    	0.018   	1.0000  	[21.7, 21.7]	[right, back]	[549.8884, 639.2232]
55   	11901.29    	0.017   	1.0000  	[21.7, 21.7]	[right, back]	[733.0656, 611.1018]
56   	11671.41    	0.017   	1.0000  	[21.7, 21.7]	[back, back]	[649.1770, 628.0847]
57   	11454.48    	0.016   	1.0000  	[21.7, 21.7]	[back, back]	[605.3420, 696.0339]
58   	11304.61    	0.016   	1.0000  	[21.7, 21.7]	[back, back]	[576.1523, 790.3411]
59   	11015.00    	0.016   	1.0000  	[21.7, 21.7]	[back, back]	[561.1121, 917.1153]
60   	10725.19    	0.015   	1.0000  	[21.7, 21.7]	[back, back]	[568.5724, 1080.7045]
61   	10333.80    	0.015   	1.0000  	[21.7, 21.7]	[back, back]	[560.7227, 1359.1002]
62   	9826.61     	0.014   	1.0000  	[21.7, 21.7]	[back, hover]	[582.9238, 1149.5819]
63   	9396.56     	0.013   	1.0000  	[21.7, 21.7]	[hover, hover]	[504.2301, 965.3095]
64   	9065.77     	0.012   	1.0000  	[21.7, 21.7]	[hover, hover]	[449.7346, 839.6686]
65   	8842.69     	0.012   	1.0000  	[21.7, 21.7]	[up, hover]	[400.8030, 732.2502]
66   	8641.23     	0.011   	1.0000  	[27.1, 21.7]	[left, hover]	[485.1020, 650.2882]
67   	8429.35     	0.011   	1.0000  	[27.1, 21.7]	[left, hover]	[490.2289, 568.2682]
68   	8250.96     	0.011   	1.0000  	[27.1, 21.7]	[left, hover]	[560.8603, 505.0941]
69   	8094.47     	0.010   	1.0000  	[27.1, 21.7]	[left, hover]	[693.6221, 450.5724]
70   	7927.69     	0.010   	1.0000  	[27.1, 21.7]	[left, hover]	[842.5131, 402.9066]
71   	7733.81     	0.010   	1.0000  	[27.1, 21.7]	[left, hover]	[1006.3857, 358.0214]
72   	7481.60     	0.009   	1.0000  	[27.1, 21.7]	[left, hover]	[1191.2108, 317.1689]
73   	7082.64     	0.010   	1.0000  	[27.1, 21.7]	[down, left]	[1125.0280, 289.2148]
74   	6973.70     	0.009   	1.0000  	[21.7, 21.7]	[left, left]	[1331.5017, 275.2097]
75   	6519.12     	0.009   	1.0000  	[21.7, 21.7]	[back, left]	[1522.4250, 276.6731]
76   	6129.96     	0.008   	1.0000  	[21.7, 21.7]	[hover, left]	[1286.2784, 269.7142]
77   	5868.55     	0.007   	1.0000  	[21.7, 21.7]	[hover, left]	[1105.1142, 278.3950]
78   	5572.44     	0.007   	1.0000  	[21.7, 21.7]	[hover, left]	[943.7296, 320.5746]
79   	5315.30     	0.006   	1.0000  	[21.7, 21.7]	[hover, left]	[796.3373, 380.0729]
80   	5073.48     	0.006   	1.0000  	[21.7, 21.7]	[hover, up]	[685.8464, 433.1680]
81   	4828.99     	0.005   	1.0000  	[21.7, 27.1]	[hover, front]	[609.3589, 518.3536]
82   	4663.50     	0.005   	1.0000  	[21.7, 27.1]	[hover, front]	[528.7392, 510.6204]
83   	4548.05     	0.005   	1.0000  	[21.7, 27.1]	[hover, front]	[483.1149, 501.4384]
84   	4391.78     	0.004   	1.0000  	[21.7, 27.1]	[hover, front]	[427.2768, 495.1069]
85   	4277.77     	0.004   	1.0000  	[21.7, 27.1]	[hover, front]	[379.0682, 499.4711]
86   	4166.62     	0.004   	1.0000  	[21.7, 27.1]	[hover, front]	[335.7156, 508.2326]
87   	4056.57     	0.004   	1.0000  	[21.7, 27.1]	[hover, front]	[298.3543, 550.6106]
88   	3947.46     	0.004   	1.0000  	[21.7, 27.1]	[hover, down]	[264.2691, 520.0216]
89   	3860.67     	0.003   	1.0000  	[21.7, 21.7]	[hover, left]	[237.5881, 620.7763]
90   	3779.90     	0.003   	1.0000  	[21.7, 21.7]	[hover, front]	[207.3739, 657.4544]
91   	3650.27     	0.003   	1.0000  	[21.7, 21.7]	[hover, hover]	[185.9549, 576.3882]
92   	3540.11     	0.003   	1.0000  	[21.7, 21.7]	[hover, hover]	[165.8670, 510.8128]
93   	3445.32     	0.003   	1.0000  	[21.7, 21.7]	[hover, hover]	[150.7972, 445.4604]
94   	3360.82     	0.003   	1.0000  	[21.7, 21.7]	[hover, hover]	[135.6697, 394.7335]
95   	3301.59     	0.002   	1.0000  	[21.7, 21.7]	[front, hover]	[125.2163, 347.7054]
96   	3251.54     	0.002   	1.0000  	[21.7, 21.7]	[front, hover]	[126.6166, 303.4608]
97   	3183.33     	0.002   	1.0000  	[21.7, 21.7]	[front, hover]	[166.0306, 264.3647]
98   	3137.76     	0.002   	1.0000  	[21.7, 21.7]	[front, hover]	[201.6916, 234.0688]
99   	3093.18     	0.002   	1.0000  	[21.7, 21.7]	[front, hover]	[243.7582, 206.8328]
[2025-12-11T11:37:08]
Strategy: greedy_ig
Pairwise: equal
News mode: BS
Num agents: 2
Iteration: 1
Error margin: None
Gaussian radius 5 
Grid info: range: 0-50-50, cell_size:0.125, map shape: (400, 400), center:True
init UAV positions: [(25.0, -25.0, 5.4), (-25.0, 25.0, 5.4)]
mcts_params: {}
Step	Entropy	MSE	Coverage	Heights	Actions	IGs
------------------------------------------------------------------------------------------------------------------------
0    	158826.13   	0.405   	0.0078  	[5.4, 5.4]	[up, up]	[807.8971, 807.8971]
1    	155964.66   	0.409   	0.0312  	[10.8, 10.8]	[up, up]	[1051.1477, 1047.0929]
2    	152524.87   	0.410   	0.0703  	[16.2, 16.2]	[front, back]	[1218.2969, 1211.2301]
3    	149888.35   	0.400   	0.0938  	[16.2, 16.2]	[left, right]	[1511.8357, 1513.2401]
4    	146240.63   	0.394   	0.1250  	[16.2, 16.2]	[left, back]	[1731.2276, 1721.0269]
5    	142347.72   	0.388   	0.1562  	[16.2, 16.2]	[front, right]	[2047.6025, 2033.8366]
6    	137580.93   	0.371   	0.1953  	[16.2, 16.2]	[front, back]	[2272.2707, 2271.1261]
7    	132600.41   	0.351   	0.2344  	[16.2, 16.2]	[left, right]	[2610.4086, 2608.5872]
8    	126683.18   	0.343   	0.2812  	[16.2, 16.2]	[left, right]	[2647.5100, 2662.6611]
9    	121238.04   	0.338   	0.3281  	[16.2, 16.2]	[left, right]	[2713.4628, 2740.7310]
10   	115571.88   	0.329   	0.3750  	[16.2, 16.2]	[left, right]	[2789.1099, 2807.4724]
11   	109798.79   	0.320   	0.4219  	[16.2, 16.2]	[left, right]	[2855.0253, 2882.3509]
12   	103937.07   	0.312   	0.4688  	[16.2, 16.2]	[left, right]	[2921.6969, 2914.4344]
13   	98041.22    	0.304   	0.5156  	[16.2, 16.2]	[left, right]	[2918.2589, 2914.3902]
14   	92189.89    	0.294   	0.5625  	[16.2, 16.2]	[left, right]	[2918.0995, 2912.2133]
15   	86349.67    	0.284   	0.6094  	[16.2, 16.2]	[left, right]	[2914.9629, 2906.6958]
16   	80582.42    	0.273   	0.6562  	[16.2, 16.2]	[left, right]	[2931.8914, 2903.3602]
17   	74798.24    	0.262   	0.7031  	[16.2, 16.2]	[left, right]	[2926.5707, 2915.0904]
18   	68942.00    	0.249   	0.7500  	[16.2, 16.2]	[front, back]	[2747.8401, 2718.2232]
19   	64105.83    	0.213   	0.7969  	[16.2, 16.2]	[front, back]	[2679.1779, 2666.6585]
20   	58776.18    	0.179   	0.8438  	[16.2, 16.2]	[front, back]	[2690.3604, 2682.9836]
21   	53436.73    	0.150   	0.8906  	[16.2, 16.2]	[front, back]	[2751.4939, 2750.4925]
22   	47859.04    	0.122   	0.9375  	[16.2, 16.2]	[front, back]	[2849.8094, 2829.4458]
23   	45802.32    	0.114   	0.9375  	[16.2, 16.2]	[front, back]	[2925.0965, 2930.4923]
24   	43643.90    	0.104   	0.9375  	[16.2, 16.2]	[front, back]	[2915.8164, 2919.5038]
25   	42186.23    	0.098   	0.9375  	[16.2, 16.2]	[front, back]	[2908.6021, 2915.3153]
26   	41036.09    	0.094   	0.9375  	[16.2, 16.2]	[front, back]	[2903.3205, 2922.5966]
27   	40130.74    	0.092   	0.9375  	[16.2, 16.2]	[front, back]	[2898.3346, 2912.3853]
28   	39449.79    	0.091   	0.9375  	[16.2, 16.2]	[right, left]	[2698.2336, 2733.6072]
29   	38501.46    	0.089   	0.9375  	[16.2, 16.2]	[right, left]	[2653.7270, 2660.6394]
30   	37506.76    	0.089   	0.9375  	[16.2, 16.2]	[right, left]	[2679.7807, 2673.3768]
31   	36463.81    	0.087   	0.9375  	[16.2, 16.2]	[right, left]	[2741.8879, 2735.7003]
32   	35298.85    	0.086   	0.9375  	[16.2, 16.2]	[right, left]	[2818.7621, 2823.3404]
33   	34435.43    	0.085   	0.9375  	[16.2, 16.2]	[right, left]	[2924.7337, 2909.3377]
34   	33446.28    	0.083   	0.9375  	[16.2, 16.2]	[right, left]	[2913.9981, 2931.0198]
35   	32372.00    	0.082   	0.9375  	[16.2, 16.2]	[right, left]	[2910.1728, 2929.2335]
36   	31054.97    	0.080   	0.9375  	[16.2, 16.2]	[right, left]	[2904.9622, 2920.1880]
37   	29459.14    	0.078   	0.9375  	[16.2, 16.2]	[right, left]	[2906.2239, 2931.2672]
38   	27294.73    	0.077   	0.9375  	[16.2, 16.2]	[back, front]	[2723.1343, 2739.5880]
39   	26550.88    	0.072   	0.9375  	[16.2, 16.2]	[back, front]	[2678.5218, 2666.9826]
40   	25671.54    	0.067   	0.9375  	[16.2, 16.2]	[back, front]	[2694.7884, 2681.4164]
41   	24604.64    	0.064   	0.9375  	[16.2, 16.2]	[back, front]	[2746.0126, 2744.6711]
42   	23519.42    	0.061   	0.9375  	[16.2, 16.2]	[left, right]	[2325.6844, 2343.5851]
43   	19780.24    	0.050   	0.9688  	[16.2, 16.2]	[left, right]	[2151.3495, 2166.1543]
44   	16177.71    	0.030   	1.0000  	[16.2, 16.2]	[left, right]	[1886.9818, 1899.7496]
45   	15367.83    	0.025   	1.0000  	[16.2, 16.2]	[left, right]	[1705.3576, 1703.5132]
46   	14101.34    	0.021   	1.0000  	[16.2, 16.2]	[back, front]	[1338.2454, 1327.9296]
47   	13381.60    	0.019   	1.0000  	[16.2, 16.2]	[back, front]	[1154.1955, 1142.2636]
48   	12873.71    	0.017   	1.0000  	[16.2, 16.2]	[back, right]	[926.8599, 923.2963]
49   	12488.29    	0.016   	1.0000  	[16.2, 16.2]	[up, right]	[836.2097, 796.3112]
50   	12182.54    	0.015   	1.0000  	[21.7, 16.2]	[right, right]	[825.0308, 704.7319]
51   	11887.06    	0.014   	1.0000  	[21.7, 16.2]	[right, up]	[822.6448, 631.4675]
52   	11626.82    	0.013   	1.0000  	[21.7, 21.7]	[right, front]	[921.5678, 644.5371]
53   	11266.80    	0.013   	1.0000  	[21.7, 21.7]	[back, front]	[821.6882, 649.8220]
54   	10963.82    	0.012   	1.0000  	[21.7, 21.7]	[back, front]	[736.1266, 683.0326]
55   	10600.29    	0.012   	1.0000  	[21.7, 21.7]	[front, right]	[655.3330, 736.7423]
56   	10298.84    	0.012   	1.0000  	[21.7, 21.7]	[front, right]	[586.7184, 824.1678]
57   	9844.09     	0.012   	1.0000  	[21.7, 21.7]	[front, hover]	[523.9615, 714.4147]
58   	9505.00     	0.012   	1.0000  	[21.7, 21.7]	[front, hover]	[483.2330, 617.3522]
59   	9286.74     	0.011   	1.0000  	[21.7, 21.7]	[front, hover]	[506.2349, 539.4868]
60   	9037.47     	0.011   	1.0000  	[21.7, 21.7]	[front, hover]	[532.8411, 461.7553]
61   	8822.53     	0.010   	1.0000  	[21.7, 21.7]	[front, hover]	[583.8591, 405.4364]
62   	8624.38     	0.010   	1.0000  	[21.7, 21.7]	[hover, hover]	[511.7843, 343.6198]
63   	8471.92     	0.009   	1.0000  	[21.7, 21.7]	[up, hover]	[477.0515, 304.2220]
64   	8343.88     	0.009   	1.0000  	[27.1, 21.7]	[left, hover]	[545.7150, 275.7198]
65   	8215.03     	0.009   	1.0000  	[27.1, 21.7]	[hover, back]	[510.4028, 271.8229]
66   	8153.93     	0.009   	1.0000  	[27.1, 21.7]	[hover, back]	[488.9320, 298.4261]
67   	8057.68     	0.009   	1.0000  	[27.1, 21.7]	[hover, back]	[462.8708, 311.3578]
68   	7980.84     	0.008   	1.0000  	[27.1, 21.7]	[hover, back]	[439.0656, 356.8112]
69   	7902.56     	0.008   	1.0000  	[27.1, 21.7]	[hover, back]	[410.8266, 437.9087]
70   	7832.83     	0.008   	1.0000  	[27.1, 21.7]	[left, back]	[386.0474, 528.9487]
71   	7776.25     	0.008   	1.0000  	[27.1, 21.7]	[left, back]	[399.5735, 653.4859]
72   	7685.37     	0.008   	1.0000  	[27.1, 21.7]	[left, back]	[435.7304, 813.1092]
73   	7526.17     	0.008   	1.0000  	[27.1, 21.7]	[left, hover]	[492.2401, 710.1443]
74   	7394.76     	0.008   	1.0000  	[27.1, 21.7]	[left, hover]	[566.1424, 620.1807]
75   	7236.52     	0.008   	1.0000  	[27.1, 21.7]	[left, hover]	[667.9375, 543.0438]
76   	7018.01     	0.007   	1.0000  	[27.1, 21.7]	[down, hover]	[628.1643, 480.3617]
77   	6841.22     	0.007   	1.0000  	[21.7, 21.7]	[left, left]	[714.0402, 432.4366]
78   	6614.68     	0.007   	1.0000  	[21.7, 21.7]	[front, left]	[741.0339, 406.9684]
79   	6473.42     	0.006   	1.0000  	[21.7, 21.7]	[hover, left]	[648.9734, 381.8725]
80   	6272.83     	0.006   	1.0000  	[21.7, 21.7]	[hover, left]	[568.9149, 389.6956]
81   	6129.59     	0.006   	1.0000  	[21.7, 21.7]	[hover, left]	[501.9430, 444.9821]
82   	5891.41     	0.006   	1.0000  	[21.7, 21.7]	[hover, left]	[439.5085, 538.3878]
83   	5713.08     	0.005   	1.0000  	[21.7, 21.7]	[hover, left]	[387.4230, 657.8721]
84   	5438.66     	0.006   	1.0000  	[21.7, 21.7]	[hover, left]	[344.8489, 837.9999]
85   	4993.78     	0.006   	1.0000  	[21.7, 21.7]	[hover, hover]	[305.5278, 729.2930]
86   	4755.06     	0.006   	1.0000  	[21.7, 21.7]	[back, front]	[274.6919, 648.6422]
87   	4594.08     	0.005   	1.0000  	[21.7, 21.7]	[back, front]	[284.7888, 644.8235]
88   	4497.71     	0.004   	1.0000  	[21.7, 21.7]	[back, front]	[292.7567, 632.6164]
89   	4391.27     	0.004   	1.0000  	[21.7, 21.7]	[back, front]	[323.7355, 593.8698]
90   	4309.03     	0.004   	1.0000  	[21.7, 21.7]	[back, front]	[398.1473, 596.4383]
91   	4239.82     	0.004   	1.0000  	[21.7, 21.7]	[back, front]	[497.0978, 618.4744]
92   	4139.01     	0.004   	1.0000  	[21.7, 21.7]	[back, front]	[627.2146, 615.1410]
93   	4022.80     	0.003   	1.0000  	[21.7, 21.7]	[back, front]	[789.4457, 615.0995]
94   	3753.73     	0.003   	1.0000  	[21.7, 21.7]	[hover, hover]	[690.5400, 549.8665]
95   	3636.52     	0.003   	1.0000  	[21.7, 21.7]	[hover, hover]	[602.1465, 488.4872]
96   	3512.74     	0.003   	1.0000  	[21.7, 21.7]	[hover, hover]	[526.6986, 431.0877]
97   	3393.11     	0.003   	1.0000  	[21.7, 21.7]	[hover, hover]	[465.1381, 380.8097]
98   	3289.51     	0.002   	1.0000  	[21.7, 21.7]	[hover, hover]	[406.1983, 334.8627]
99   	3201.86     	0.002   	1.0000  	[21.7, 21.7]	[hover, hover]	[361.5838, 296.2241]
[2025-12-11T11:37:14]
Strategy: greedy_ig
Pairwise: equal
News mode: BS
Num agents: 2
Iteration: 2
Error margin: None
Gaussian radius 5 
Grid info: range: 0-50-50, cell_size:0.125, map shape: (400, 400), center:True
init UAV positions: [(25.0, -25.0, 5.4), (-25.0, -25.0, 5.4)]
mcts_params: {}
Step	Entropy	MSE	Coverage	Heights	Actions	IGs
------------------------------------------------------------------------------------------------------------------------
0    	158826.13   	0.405   	0.0078  	[5.4, 5.4]	[up, up]	[807.8971, 807.8971]
1    	155957.34   	0.409   	0.0312  	[10.8, 10.8]	[up, up]	[1051.1477, 1045.2682]
2    	152544.40   	0.409   	0.0703  	[16.2, 16.2]	[front, front]	[1218.2969, 1211.1633]
3    	149870.03   	0.400   	0.0938  	[16.2, 16.2]	[left, right]	[1511.8357, 1502.6331]
4    	146239.10   	0.394   	0.1250  	[16.2, 16.2]	[left, front]	[1731.2276, 1715.3999]
5    	142340.97   	0.388   	0.1562  	[16.2, 16.2]	[front, right]	[2047.6025, 2030.3312]
6    	137570.67   	0.371   	0.1953  	[16.2, 16.2]	[front, front]	[2272.2707, 2270.6766]
7    	132630.76   	0.345   	0.2344  	[16.2, 16.2]	[left, right]	[2610.4086, 2614.8251]
8    	126648.96   	0.338   	0.2812  	[16.2, 16.2]	[left, right]	[2647.5100, 2663.7193]
9    	121178.34   	0.333   	0.3281  	[16.2, 16.2]	[left, right]	[2713.4628, 2737.8499]
10   	115529.25   	0.318   	0.3750  	[16.2, 16.2]	[front, front]	[2617.6554, 2623.8871]
11   	110722.40   	0.287   	0.4219  	[16.2, 16.2]	[up, up]	[2760.0029, 2754.1680]
12   	105466.41   	0.257   	0.4844  	[21.7, 21.7]	[front, front]	[2801.7432, 2799.4193]
13   	99976.74    	0.224   	0.5391  	[21.7, 21.7]	[front, front]	[2900.9646, 2902.6060]
14   	94039.68    	0.201   	0.5938  	[21.7, 21.7]	[front, front]	[3025.5991, 2999.0707]
15   	88094.72    	0.175   	0.6484  	[21.7, 21.7]	[front, front]	[3145.2042, 3117.1687]
16   	81869.60    	0.157   	0.7031  	[21.7, 21.7]	[front, front]	[3225.7799, 3214.0487]
17   	75733.39    	0.139   	0.7578  	[21.7, 21.7]	[front, front]	[3321.2447, 3307.5508]
18   	69118.34    	0.144   	0.8125  	[21.7, 21.7]	[front, front]	[3327.3831, 3307.9974]
19   	62934.85    	0.145   	0.8672  	[21.7, 21.7]	[front, front]	[3328.1787, 3320.8455]
20   	56712.22    	0.147   	0.9219  	[21.7, 21.7]	[right, left]	[3216.7054, 3202.7877]
21   	49783.31    	0.123   	0.9844  	[21.7, 21.7]	[hover, hover]	[2748.2816, 2736.2919]
22   	47067.13    	0.113   	0.9844  	[21.7, 21.7]	[hover, hover]	[2340.7779, 2333.0285]
23   	44323.22    	0.103   	0.9844  	[21.7, 21.7]	[hover, hover]	[2005.1684, 2005.5116]
24   	41767.43    	0.094   	0.9844  	[21.7, 21.7]	[hover, hover]	[1740.2398, 1729.4962]
25   	39169.58    	0.088   	0.9844  	[21.7, 21.7]	[hover, right]	[1498.8124, 1488.4587]
26   	37571.80    	0.081   	0.9844  	[21.7, 21.7]	[left, right]	[1318.6722, 1741.3782]
27   	36328.19    	0.078   	0.9844  	[21.7, 21.7]	[left, right]	[1604.1329, 1947.9086]
28   	35012.37    	0.074   	0.9844  	[21.7, 21.7]	[left, right]	[1838.9767, 2133.1910]
29   	34057.43    	0.072   	0.9844  	[21.7, 21.7]	[back, back]	[1663.8338, 1947.8707]
30   	32902.71    	0.069   	0.9844  	[21.7, 21.7]	[up, back]	[1594.2849, 1779.3363]
31   	31943.62    	0.068   	0.9844  	[27.1, 21.7]	[left, right]	[1880.6900, 2161.1983]
32   	31080.75    	0.066   	0.9844  	[27.1, 21.7]	[left, right]	[2217.1416, 2489.9042]
33   	30265.58    	0.064   	0.9844  	[27.1, 21.7]	[left, right]	[2501.5702, 2819.4980]
34   	29257.28    	0.063   	0.9844  	[27.1, 21.7]	[left, right]	[2755.8298, 3085.0697]
35   	26940.05    	0.050   	1.0000  	[27.1, 21.7]	[down, back]	[2886.5440, 2963.9477]
36   	26431.37    	0.046   	1.0000  	[21.7, 21.7]	[left, back]	[3057.2610, 2931.8625]
37   	24737.20    	0.046   	1.0000  	[21.7, 21.7]	[back, back]	[2731.9181, 2936.6678]
38   	23519.75    	0.041   	1.0000  	[21.7, 21.7]	[back, back]	[2738.4736, 2963.8436]
39   	22389.54    	0.039   	1.0000  	[21.7, 21.7]	[back, back]	[2761.8549, 3032.6759]
40   	21290.49    	0.035   	1.0000  	[21.7, 21.7]	[back, back]	[2813.7356, 3132.1654]
41   	20130.77    	0.034   	1.0000  	[21.7, 21.7]	[back, hover]	[2897.3920, 2633.6613]
42   	19115.70    	0.032   	1.0000  	[21.7, 21.7]	[back, hover]	[3001.2836, 2237.7412]
43   	18101.95    	0.030   	1.0000  	[21.7, 21.7]	[back, hover]	[3124.2378, 1921.2979]
44   	17060.02    	0.028   	1.0000  	[21.7, 21.7]	[hover, hover]	[2625.3706, 1653.4102]
45   	16195.79    	0.026   	1.0000  	[21.7, 21.7]	[hover, hover]	[2233.3303, 1434.1068]
46   	15483.40    	0.024   	1.0000  	[21.7, 21.7]	[hover, left]	[1918.0382, 1257.8833]
47   	14844.91    	0.022   	1.0000  	[21.7, 21.7]	[hover, right]	[1632.9327, 1100.0865]
48   	14289.87    	0.022   	1.0000  	[21.7, 21.7]	[right, left]	[1423.4414, 982.2551]
49   	13815.19    	0.020   	1.0000  	[21.7, 21.7]	[left, left]	[1249.3591, 887.1918]
50   	13293.81    	0.020   	1.0000  	[21.7, 21.7]	[right, left]	[1069.7610, 810.2897]
51   	12897.28    	0.019   	1.0000  	[21.7, 21.7]	[right, left]	[938.2571, 706.4798]
52   	12589.61    	0.018   	1.0000  	[21.7, 21.7]	[right, left]	[823.5373, 626.0633]
53   	12340.00    	0.017   	1.0000  	[21.7, 21.7]	[right, left]	[716.6958, 575.9311]
54   	12131.00    	0.017   	1.0000  	[21.7, 21.7]	[right, left]	[664.1640, 571.6270]
55   	11967.43    	0.016   	1.0000  	[21.7, 21.7]	[right, left]	[618.2791, 788.4622]
56   	11775.87    	0.016   	1.0000  	[21.7, 21.7]	[right, front]	[604.8871, 698.1920]
57   	11591.42    	0.016   	1.0000  	[21.7, 21.7]	[right, front]	[812.0877, 654.2502]
58   	11301.19    	0.015   	1.0000  	[21.7, 21.7]	[front, front]	[703.6866, 634.2650]
59   	11068.03    	0.015   	1.0000  	[21.7, 21.7]	[front, front]	[644.3753, 622.7664]
60   	10808.25    	0.014   	1.0000  	[21.7, 21.7]	[front, front]	[598.3747, 619.1015]
61   	10452.73    	0.014   	1.0000  	[21.7, 21.7]	[front, front]	[583.9839, 630.1104]
62   	10058.08    	0.014   	1.0000  	[21.7, 21.7]	[front, front]	[563.2986, 648.4414]
63   	9535.26     	0.013   	1.0000  	[21.7, 21.7]	[front, front]	[558.3835, 694.1644]
64   	8899.20     	0.012   	1.0000  	[21.7, 21.7]	[front, hover]	[559.7173, 606.8748]
65   	8305.17     	0.011   	1.0000  	[21.7, 21.7]	[front, hover]	[588.8497, 536.0914]
66   	7652.77     	0.011   	1.0000  	[21.7, 21.7]	[hover, hover]	[516.0080, 472.3011]
67   	7128.63     	0.010   	1.0000  	[21.7, 21.7]	[hover, hover]	[451.1800, 418.0361]
68   	6709.99     	0.009   	1.0000  	[21.7, 21.7]	[hover, hover]	[396.5458, 367.1253]
69   	6384.73     	0.008   	1.0000  	[21.7, 21.7]	[hover, right]	[352.6218, 333.6476]
70   	6054.03     	0.007   	1.0000  	[21.7, 21.7]	[hover, right]	[312.6779, 416.0073]
71   	5787.19     	0.007   	1.0000  	[21.7, 21.7]	[left, right]	[281.3267, 521.2383]
72   	5650.94     	0.006   	1.0000  	[21.7, 21.7]	[left, right]	[343.7949, 647.5498]
73   	5554.39     	0.006   	1.0000  	[21.7, 21.7]	[left, right]	[443.0916, 864.3064]
74   	5459.69     	0.006   	1.0000  	[21.7, 21.7]	[left, right]	[622.6956, 1128.9749]
75   	5361.39     	0.006   	1.0000  	[21.7, 21.7]	[left, right]	[814.9131, 1435.3066]
76   	5255.10     	0.005   	1.0000  	[21.7, 21.7]	[left, right]	[1003.1040, 1727.8861]
77   	5018.25     	0.005   	1.0000  	[21.7, 21.7]	[left, hover]	[1185.1508, 1478.6299]
78   	4865.29     	0.005   	1.0000  	[21.7, 21.7]	[left, hover]	[1405.0480, 1277.2465]
79   	4640.91     	0.005   	1.0000  	[21.7, 21.7]	[hover, hover]	[1213.4942, 1106.0504]
80   	4485.60     	0.004   	1.0000  	[21.7, 21.7]	[hover, hover]	[1053.9695, 963.7154]
81   	4337.05     	0.004   	1.0000  	[21.7, 21.7]	[hover, hover]	[918.3306, 842.7837]
82   	4190.05     	0.004   	1.0000  	[21.7, 21.7]	[hover, hover]	[804.0324, 728.9732]
83   	4067.89     	0.004   	1.0000  	[21.7, 21.7]	[hover, hover]	[699.7304, 635.8898]
84   	3967.80     	0.004   	1.0000  	[21.7, 21.7]	[hover, hover]	[613.8860, 559.6199]
85   	3872.87     	0.003   	1.0000  	[21.7, 21.7]	[hover, hover]	[537.3064, 486.2975]
86   	3773.82     	0.003   	1.0000  	[21.7, 21.7]	[hover, hover]	[473.1039, 423.9815]
87   	3709.63     	0.003   	1.0000  	[21.7, 21.7]	[hover, hover]	[416.7687, 375.7755]
88   	3639.89     	0.003   	1.0000  	[21.7, 21.7]	[hover, hover]	[366.4062, 328.3533]
89   	3571.34     	0.003   	1.0000  	[21.7, 21.7]	[hover, hover]	[325.5431, 291.1408]
90   	3528.88     	0.003   	1.0000  	[21.7, 21.7]	[hover, hover]	[290.9615, 259.6865]
91   	3490.63     	0.003   	1.0000  	[21.7, 21.7]	[hover, hover]	[260.6560, 237.2446]
92   	3458.89     	0.003   	1.0000  	[21.7, 21.7]	[hover, back]	[232.8493, 210.3299]
93   	3415.13     	0.002   	1.0000  	[21.7, 21.7]	[back, back]	[205.2197, 195.1645]
94   	3376.71     	0.002   	1.0000  	[21.7, 21.7]	[back, back]	[210.1264, 219.1124]
95   	3324.87     	0.002   	1.0000  	[21.7, 21.7]	[back, back]	[239.1037, 252.9448]
96   	3263.79     	0.002   	1.0000  	[21.7, 21.7]	[back, back]	[280.3832, 303.2386]
97   	3212.79     	0.002   	1.0000  	[21.7, 21.7]	[back, back]	[322.0615, 354.2322]
98   	3168.34     	0.002   	1.0000  	[21.7, 21.7]	[back, back]	[393.8168, 418.8106]
99   	3087.61     	0.002   	1.0000  	[21.7, 21.7]	[back, back]	[460.3405, 494.5065]
[2025-12-11T11:37:20]
Strategy: greedy_ig
Pairwise: equal
News mode: BS
Num agents: 2
Iteration: 3
Error margin: None
Gaussian radius 5 
Grid info: range: 0-50-50, cell_size:0.125, map shape: (400, 400), center:True
init UAV positions: [(-25.0, 25.0, 5.4), (25.0, 25.0, 5.4)]
mcts_params: {}
Step	Entropy	MSE	Coverage	Heights	Actions	IGs
------------------------------------------------------------------------------------------------------------------------
0    	158826.13   	0.405   	0.0078  	[5.4, 5.4]	[up, up]	[807.8971, 807.8971]
1    	155982.55   	0.409   	0.0312  	[10.8, 10.8]	[up, up]	[1054.7971, 1047.9038]
2    	152567.93   	0.418   	0.0703  	[16.2, 16.2]	[back, back]	[1216.9217, 1217.4506]
3    	149872.18   	0.414   	0.0938  	[16.2, 16.2]	[right, left]	[1508.5186, 1511.4962]
4    	146200.98   	0.412   	0.1250  	[16.2, 16.2]	[back, back]	[1731.0915, 1714.0178]
5    	142371.72   	0.398   	0.1562  	[16.2, 16.2]	[right, left]	[2045.6554, 2036.4962]
6    	137625.72   	0.393   	0.1953  	[16.2, 16.2]	[back, back]	[2291.3885, 2273.2519]
7    	132534.25   	0.375   	0.2344  	[16.2, 16.2]	[right, left]	[2607.7770, 2608.2215]
8    	126627.46   	0.364   	0.2812  	[16.2, 16.2]	[right, left]	[2659.4057, 2642.7560]
9    	121198.99   	0.364   	0.3281  	[16.2, 16.2]	[right, left]	[2721.9916, 2727.9030]
10   	115580.32   	0.356   	0.3750  	[16.2, 16.2]	[back, back]	[2620.9045, 2624.7392]
11   	110679.26   	0.335   	0.4219  	[16.2, 16.2]	[up, up]	[2757.1329, 2748.0052]
12   	105562.80   	0.306   	0.4844  	[21.7, 21.7]	[back, back]	[2803.5859, 2799.0120]
13   	99977.42    	0.272   	0.5391  	[21.7, 21.7]	[back, back]	[2909.7111, 2900.0880]
14   	94111.15    	0.243   	0.5938  	[21.7, 21.7]	[back, back]	[3012.2754, 3001.1519]
15   	88116.51    	0.210   	0.6484  	[21.7, 21.7]	[back, back]	[3122.0313, 3111.5307]
16   	81958.09    	0.188   	0.7031  	[21.7, 21.7]	[back, back]	[3226.3186, 3213.2471]
17   	75704.77    	0.165   	0.7578  	[21.7, 21.7]	[back, back]	[3313.5998, 3309.2998]
18   	69261.67    	0.153   	0.8125  	[21.7, 21.7]	[back, back]	[3326.3731, 3318.4689]
19   	62940.62    	0.151   	0.8672  	[21.7, 21.7]	[back, back]	[3320.8097, 3326.0683]
20   	56777.71    	0.154   	0.9219  	[21.7, 21.7]	[left, right]	[3208.3223, 3207.4799]
21   	49838.46    	0.125   	0.9844  	[21.7, 21.7]	[hover, hover]	[2747.6182, 2740.1209]
22   	47129.08    	0.114   	0.9844  	[21.7, 21.7]	[hover, hover]	[2343.7891, 2329.2231]
23   	44315.13    	0.105   	0.9844  	[21.7, 21.7]	[hover, hover]	[2012.3023, 1986.8956]
24   	41759.63    	0.095   	0.9844  	[21.7, 21.7]	[hover, hover]	[1734.5389, 1717.7236]
25   	39281.31    	0.089   	0.9844  	[21.7, 21.7]	[hover, hover]	[1505.0960, 1475.6982]
26   	37076.09    	0.082   	0.9844  	[21.7, 21.7]	[right, left]	[1345.6184, 1318.8631]
27   	36029.40    	0.079   	0.9844  	[21.7, 21.7]	[right, left]	[1623.0451, 1603.9221]
28   	34655.28    	0.075   	0.9844  	[21.7, 21.7]	[right, left]	[1857.7013, 1847.7067]
29   	33518.71    	0.073   	0.9844  	[21.7, 21.7]	[right, left]	[2083.6048, 2066.0884]
30   	32693.25    	0.070   	0.9844  	[21.7, 21.7]	[right, left]	[2416.1831, 2415.2897]
31   	31935.60    	0.069   	0.9844  	[21.7, 21.7]	[right, left]	[2794.5222, 2785.1139]
32   	31034.21    	0.067   	0.9844  	[21.7, 21.7]	[right, left]	[3089.2506, 3071.6387]
33   	30119.30    	0.066   	0.9844  	[21.7, 21.7]	[right, left]	[3319.0141, 3302.6899]
34   	28461.58    	0.064   	0.9844  	[21.7, 21.7]	[front, front]	[3116.2924, 3110.6888]
35   	26639.26    	0.054   	0.9922  	[21.7, 21.7]	[front, front]	[2996.6324, 3004.7715]
36   	24898.89    	0.046   	1.0000  	[21.7, 21.7]	[front, front]	[2949.1431, 2949.6678]
37   	23720.97    	0.042   	1.0000  	[21.7, 21.7]	[front, front]	[2950.2407, 2952.7014]
38   	22512.92    	0.040   	1.0000  	[21.7, 21.7]	[front, front]	[3004.2577, 2989.2470]
39   	21377.08    	0.037   	1.0000  	[21.7, 21.7]	[front, front]	[3061.5270, 3054.1854]
40   	20211.99    	0.035   	1.0000  	[21.7, 21.7]	[front, front]	[3145.1913, 3154.0042]
41   	18922.94    	0.032   	1.0000  	[21.7, 21.7]	[front, front]	[3243.2609, 3249.3089]
42   	17416.95    	0.031   	1.0000  	[21.7, 21.7]	[hover, hover]	[2732.4677, 2736.7556]
43   	16329.35    	0.027   	1.0000  	[21.7, 21.7]	[hover, hover]	[2327.5027, 2338.6493]
44   	15418.56    	0.026   	1.0000  	[21.7, 21.7]	[hover, hover]	[1996.1570, 2004.5605]
45   	14596.85    	0.024   	1.0000  	[21.7, 21.7]	[hover, hover]	[1726.4341, 1717.6545]
46   	13883.82    	0.022   	1.0000  	[21.7, 21.7]	[hover, right]	[1497.2706, 1499.0282]
47   	13208.07    	0.020   	1.0000  	[21.7, 21.7]	[left, left]	[1308.9793, 1320.0277]
48   	12654.63    	0.019   	1.0000  	[21.7, 21.7]	[left, right]	[1166.4267, 1138.4974]
49   	12195.82    	0.018   	1.0000  	[21.7, 21.7]	[left, right]	[1034.2335, 1018.8285]
50   	11750.42    	0.017   	1.0000  	[21.7, 21.7]	[hover, right]	[885.0139, 908.8353]
51   	11379.08    	0.016   	1.0000  	[21.7, 21.7]	[right, right]	[778.8629, 796.0386]
52   	11120.75    	0.016   	1.0000  	[21.7, 21.7]	[right, left]	[721.0265, 717.0194]
53   	10841.76    	0.015   	1.0000  	[21.7, 21.7]	[right, left]	[724.2047, 654.7329]
54   	10597.56    	0.015   	1.0000  	[21.7, 21.7]	[hover, left]	[649.1221, 623.1400]
55   	10355.87    	0.014   	1.0000  	[21.7, 21.7]	[back, left]	[593.0437, 646.0870]
56   	10075.98    	0.014   	1.0000  	[21.7, 21.7]	[back, back]	[579.8412, 584.8133]
57   	9890.56     	0.013   	1.0000  	[21.7, 21.7]	[back, back]	[603.6138, 567.3302]
58   	9592.73     	0.013   	1.0000  	[21.7, 21.7]	[back, back]	[656.7057, 605.1167]
59   	9352.38     	0.012   	1.0000  	[21.7, 21.7]	[back, back]	[762.3155, 671.1124]
60   	9019.22     	0.012   	1.0000  	[21.7, 21.7]	[back, back]	[895.4337, 763.2948]
61   	8661.50     	0.011   	1.0000  	[21.7, 21.7]	[back, back]	[1051.3523, 894.6698]
62   	8229.15     	0.011   	1.0000  	[21.7, 21.7]	[back, back]	[1245.8082, 1046.5812]
63   	7618.28     	0.010   	1.0000  	[21.7, 21.7]	[hover, back]	[1076.1462, 1247.7815]
64   	7103.20     	0.009   	1.0000  	[21.7, 21.7]	[hover, hover]	[934.9440, 1074.4919]
65   	6662.85     	0.009   	1.0000  	[21.7, 21.7]	[hover, hover]	[814.7978, 934.6632]
66   	6272.36     	0.008   	1.0000  	[21.7, 21.7]	[hover, hover]	[709.5483, 814.2732]
67   	5974.66     	0.007   	1.0000  	[21.7, 21.7]	[hover, hover]	[624.0116, 713.6287]
68   	5657.79     	0.007   	1.0000  	[21.7, 21.7]	[hover, hover]	[547.0883, 624.4845]
69   	5412.78     	0.006   	1.0000  	[21.7, 21.7]	[hover, hover]	[480.3035, 547.6106]
70   	5183.19     	0.006   	1.0000  	[21.7, 21.7]	[hover, hover]	[424.0700, 481.7085]
71   	4973.82     	0.005   	1.0000  	[21.7, 21.7]	[hover, hover]	[370.7365, 424.0313]
72   	4787.47     	0.005   	1.0000  	[21.7, 21.7]	[hover, hover]	[324.1642, 372.6244]
73   	4622.10     	0.005   	1.0000  	[21.7, 21.7]	[hover, hover]	[287.3479, 327.9976]
74   	4481.85     	0.004   	1.0000  	[21.7, 21.7]	[left, hover]	[260.2019, 290.5779]
75   	4403.15     	0.004   	1.0000  	[21.7, 21.7]	[left, right]	[254.1112, 264.4037]
76   	4329.54     	0.004   	1.0000  	[21.7, 21.7]	[left, right]	[263.9916, 253.4318]
77   	4277.49     	0.004   	1.0000  	[21.7, 21.7]	[left, right]	[280.2975, 256.9597]
78   	4233.32     	0.004   	1.0000  	[21.7, 21.7]	[front, hover]	[278.1857, 227.0189]
79   	4207.89     	0.004   	1.0000  	[21.7, 21.7]	[left, right]	[323.1149, 259.2723]
80   	4182.34     	0.004   	1.0000  	[21.7, 21.7]	[left, right]	[399.0983, 315.8462]
81   	4149.47     	0.004   	1.0000  	[21.7, 21.7]	[left, right]	[477.2149, 387.2425]
82   	4109.97     	0.004   	1.0000  	[21.7, 21.7]	[left, right]	[740.6612, 461.1908]
83   	4052.82     	0.004   	1.0000  	[21.7, 21.7]	[front, right]	[778.7425, 663.8275]
84   	3965.21     	0.003   	1.0000  	[21.7, 21.7]	[front, front]	[725.4317, 708.0366]
85   	3906.14     	0.003   	1.0000  	[21.7, 21.7]	[front, front]	[672.8272, 759.0111]
86   	3841.99     	0.003   	1.0000  	[21.7, 21.7]	[front, front]	[622.5815, 711.5566]
87   	3757.12     	0.003   	1.0000  	[21.7, 21.7]	[front, front]	[590.7661, 658.4109]
88   	3675.21     	0.003   	1.0000  	[21.7, 21.7]	[front, front]	[573.7493, 605.5089]
89   	3600.06     	0.003   	1.0000  	[21.7, 21.7]	[front, front]	[600.2745, 574.1952]
90   	3519.93     	0.003   	1.0000  	[21.7, 21.7]	[hover, front]	[525.8522, 550.8989]
91   	3421.18     	0.002   	1.0000  	[21.7, 21.7]	[hover, front]	[460.0009, 560.8091]
92   	3311.90     	0.002   	1.0000  	[21.7, 21.7]	[hover, hover]	[404.7044, 492.1479]
93   	3221.90     	0.002   	1.0000  	[21.7, 21.7]	[hover, hover]	[354.7929, 433.3535]
94   	3147.22     	0.002   	1.0000  	[21.7, 21.7]	[hover, hover]	[313.4347, 383.0537]
95   	3067.06     	0.002   	1.0000  	[21.7, 21.7]	[hover, hover]	[275.5154, 338.5147]
96   	2997.06     	0.002   	1.0000  	[21.7, 21.7]	[hover, hover]	[244.7555, 299.7943]
97   	2956.19     	0.002   	1.0000  	[21.7, 21.7]	[hover, hover]	[217.1659, 265.0036]
98   	2925.72     	0.002   	1.0000  	[21.7, 21.7]	[hover, hover]	[194.8362, 239.1357]
99   	2869.46     	0.002   	1.0000  	[21.7, 21.7]	[hover, hover]	[177.8241, 211.5758]
[2025-12-11T11:37:26]
Strategy: greedy_ig
Pairwise: equal
News mode: BS
Num agents: 2
Iteration: 4
Error margin: None
Gaussian radius 5 
Grid info: range: 0-50-50, cell_size:0.125, map shape: (400, 400), center:True
init UAV positions: [(-25.0, -25.0, 5.4), (25.0, -25.0, 5.4)]
mcts_params: {}
Step	Entropy	MSE	Coverage	Heights	Actions	IGs
------------------------------------------------------------------------------------------------------------------------
0    	158826.13   	0.405   	0.0078  	[5.4, 5.4]	[up, up]	[807.8971, 807.8971]
1    	155966.29   	0.409   	0.0312  	[10.8, 10.8]	[up, up]	[1050.1340, 1048.5120]
2    	152542.01   	0.409   	0.0703  	[16.2, 16.2]	[front, front]	[1216.1145, 1212.3794]
3    	149834.24   	0.400   	0.0938  	[16.2, 16.2]	[right, left]	[1508.8933, 1496.4769]
4    	146220.31   	0.394   	0.1250  	[16.2, 16.2]	[front, front]	[1728.8258, 1709.6865]
5    	142365.08   	0.380   	0.1562  	[16.2, 16.2]	[right, left]	[2046.8140, 2032.1094]
6    	137598.84   	0.371   	0.1953  	[16.2, 16.2]	[front, front]	[2276.4362, 2274.2492]
7    	132604.48   	0.346   	0.2344  	[16.2, 16.2]	[right, left]	[2608.6940, 2612.8121]
8    	126671.79   	0.336   	0.2812  	[16.2, 16.2]	[right, left]	[2667.4813, 2647.9472]
9    	121140.44   	0.335   	0.3281  	[16.2, 16.2]	[right, left]	[2731.0174, 2715.7957]
10   	115544.75   	0.318   	0.3750  	[16.2, 16.2]	[front, front]	[2624.4140, 2620.3575]
11   	110614.85   	0.288   	0.4219  	[16.2, 16.2]	[up, up]	[2749.9757, 2750.2860]
12   	105428.24   	0.257   	0.4844  	[21.7, 21.7]	[front, front]	[2790.3770, 2800.6754]
13   	99864.07    	0.224   	0.5391  	[21.7, 21.7]	[front, front]	[2891.9718, 2899.4993]
14   	94087.26    	0.202   	0.5938  	[21.7, 21.7]	[front, front]	[3014.7234, 3011.6058]
15   	88057.81    	0.176   	0.6484  	[21.7, 21.7]	[front, front]	[3127.5429, 3119.7488]
16   	81896.17    	0.157   	0.7031  	[21.7, 21.7]	[front, front]	[3224.4215, 3224.6797]
17   	75652.89    	0.140   	0.7578  	[21.7, 21.7]	[front, front]	[3323.4417, 3312.0643]
18   	69114.51    	0.145   	0.8125  	[21.7, 21.7]	[front, front]	[3330.5982, 3311.3791]
19   	62885.82    	0.146   	0.8672  	[21.7, 21.7]	[front, front]	[3326.4264, 3319.4332]
20   	56695.12    	0.148   	0.9219  	[21.7, 21.7]	[left, right]	[3205.3660, 3208.6763]
21   	49659.85    	0.124   	0.9844  	[21.7, 21.7]	[hover, hover]	[2731.6611, 2733.4035]
22   	46960.71    	0.113   	0.9844  	[21.7, 21.7]	[hover, hover]	[2326.9559, 2327.2198]
23   	44213.75    	0.105   	0.9844  	[21.7, 21.7]	[hover, hover]	[1999.5100, 1995.5588]
24   	41631.15    	0.094   	0.9844  	[21.7, 21.7]	[hover, hover]	[1723.1269, 1719.4898]
25   	39258.53    	0.089   	0.9844  	[21.7, 21.7]	[right, left]	[1494.6740, 1484.9387]
26   	38063.85    	0.082   	0.9844  	[21.7, 21.7]	[right, left]	[1729.5116, 1717.8115]
27   	36554.93    	0.079   	0.9844  	[21.7, 21.7]	[right, left]	[1935.4709, 1926.5242]
28   	35396.34    	0.075   	0.9844  	[21.7, 21.7]	[right, left]	[2125.0384, 2117.7572]
29   	34414.48    	0.073   	0.9844  	[21.7, 21.7]	[right, left]	[2458.2546, 2437.8391]
30   	33542.47    	0.071   	0.9844  	[21.7, 21.7]	[right, left]	[2809.3297, 2800.4747]
31   	32579.55    	0.070   	0.9844  	[21.7, 21.7]	[right, left]	[3095.3836, 3074.5293]
32   	31402.65    	0.068   	0.9844  	[21.7, 21.7]	[right, left]	[3327.1411, 3298.4314]
33   	29481.31    	0.066   	0.9844  	[21.7, 21.7]	[back, back]	[3128.5080, 3099.4370]
34   	27631.07    	0.057   	0.9922  	[21.7, 21.7]	[back, back]	[3008.3124, 2995.8167]
35   	25786.81    	0.048   	1.0000  	[21.7, 21.7]	[back, back]	[2948.9457, 2937.4541]
36   	24369.79    	0.046   	1.0000  	[21.7, 21.7]	[back, back]	[2955.7874, 2944.5130]
37   	23232.45    	0.041   	1.0000  	[21.7, 21.7]	[back, back]	[2981.3534, 2980.6561]
38   	22029.98    	0.039   	1.0000  	[21.7, 21.7]	[back, back]	[3054.1442, 3055.2426]
39   	20968.23    	0.036   	1.0000  	[21.7, 21.7]	[back, back]	[3140.9657, 3137.8791]
40   	19647.31    	0.034   	1.0000  	[21.7, 21.7]	[back, back]	[3245.0157, 3235.7013]
41   	18211.56    	0.032   	1.0000  	[21.7, 21.7]	[hover, hover]	[2737.3199, 2720.3134]
42   	17157.98    	0.029   	1.0000  	[21.7, 21.7]	[hover, hover]	[2329.0538, 2316.0289]
43   	16222.66    	0.027   	1.0000  	[21.7, 21.7]	[hover, hover]	[1990.4618, 1992.4898]
44   	15397.05    	0.025   	1.0000  	[21.7, 21.7]	[hover, hover]	[1716.5407, 1725.5155]
45   	14685.51    	0.023   	1.0000  	[21.7, 21.7]	[left, right]	[1495.7345, 1502.6953]
46   	14162.30    	0.022   	1.0000  	[21.7, 21.7]	[right, left]	[1309.5551, 1317.7823]
47   	13565.86    	0.021   	1.0000  	[21.7, 21.7]	[left, right]	[1159.0245, 1156.3872]
48   	13049.31    	0.020   	1.0000  	[21.7, 21.7]	[left, right]	[1027.9217, 1047.5176]
49   	12643.72    	0.019   	1.0000  	[21.7, 21.7]	[left, right]	[923.1161, 923.0017]
50   	12275.21    	0.018   	1.0000  	[21.7, 21.7]	[left, right]	[800.7870, 793.4840]
51   	12017.41    	0.017   	1.0000  	[21.7, 21.7]	[left, right]	[712.4426, 705.1442]
52   	11737.35    	0.017   	1.0000  	[21.7, 21.7]	[left, right]	[657.6340, 642.8117]
53   	11529.29    	0.016   	1.0000  	[21.7, 21.7]	[left, right]	[631.2322, 621.0599]
54   	11304.75    	0.016   	1.0000  	[21.7, 21.7]	[left, right]	[830.2516, 823.6678]
55   	11049.16    	0.016   	1.0000  	[21.7, 21.7]	[front, front]	[740.0536, 738.5847]
56   	10791.54    	0.015   	1.0000  	[21.7, 21.7]	[front, front]	[695.4239, 688.5206]
57   	10543.82    	0.015   	1.0000  	[21.7, 21.7]	[front, front]	[675.4981, 665.5229]
58   	10272.56    	0.014   	1.0000  	[21.7, 21.7]	[front, front]	[674.9716, 662.7380]
59   	9952.02     	0.014   	1.0000  	[21.7, 21.7]	[front, front]	[676.2256, 668.7016]
60   	9583.56     	0.013   	1.0000  	[21.7, 21.7]	[front, front]	[685.8992, 684.3722]
61   	9141.76     	0.012   	1.0000  	[21.7, 21.7]	[front, front]	[695.1432, 676.0989]
62   	8558.08     	0.011   	1.0000  	[21.7, 21.7]	[front, front]	[724.7443, 707.6034]
63   	7779.93     	0.010   	1.0000  	[21.7, 21.7]	[hover, hover]	[632.6886, 618.3804]
64   	7274.16     	0.009   	1.0000  	[21.7, 21.7]	[hover, hover]	[555.3202, 537.7157]
65   	6864.06     	0.008   	1.0000  	[21.7, 21.7]	[hover, hover]	[487.8344, 472.9710]
66   	6442.48     	0.008   	1.0000  	[21.7, 21.7]	[hover, hover]	[426.5312, 418.3578]
67   	6118.71     	0.007   	1.0000  	[21.7, 21.7]	[hover, hover]	[378.9868, 369.7081]
68   	5799.19     	0.006   	1.0000  	[21.7, 21.7]	[hover, hover]	[334.6942, 328.2124]
69   	5546.77     	0.006   	1.0000  	[21.7, 21.7]	[hover, hover]	[296.3645, 291.6009]
70   	5334.07     	0.006   	1.0000  	[21.7, 21.7]	[back, hover]	[266.1949, 262.6681]
71   	5103.94     	0.005   	1.0000  	[21.7, 21.7]	[back, left]	[255.9778, 240.4138]
72   	5051.30     	0.005   	1.0000  	[21.7, 21.7]	[back, left]	[248.9906, 321.4673]
73   	4934.51     	0.005   	1.0000  	[21.7, 21.7]	[back, left]	[242.4949, 417.7681]
74   	4870.07     	0.005   	1.0000  	[21.7, 21.7]	[back, left]	[236.1016, 548.1747]
75   	4783.20     	0.004   	1.0000  	[21.7, 21.7]	[back, left]	[244.4468, 694.0966]
76   	4709.63     	0.004   	1.0000  	[21.7, 21.7]	[back, left]	[255.6798, 858.9691]
77   	4642.39     	0.004   	1.0000  	[21.7, 21.7]	[back, left]	[290.2482, 1041.0484]
78   	4506.62     	0.004   	1.0000  	[21.7, 21.7]	[hover, left]	[258.2437, 1262.7454]
79   	4388.45     	0.004   	1.0000  	[21.7, 21.7]	[hover, hover]	[228.4584, 1091.2109]
80   	4315.58     	0.004   	1.0000  	[21.7, 21.7]	[hover, hover]	[206.6728, 953.7074]
81   	4195.80     	0.003   	1.0000  	[21.7, 21.7]	[hover, hover]	[185.4164, 831.9666]
82   	4114.29     	0.003   	1.0000  	[21.7, 21.7]	[right, hover]	[169.5404, 724.0061]
83   	4023.45     	0.003   	1.0000  	[21.7, 21.7]	[right, hover]	[203.9925, 631.7547]
84   	3957.02     	0.003   	1.0000  	[21.7, 21.7]	[right, hover]	[246.0988, 550.6800]
85   	3898.68     	0.003   	1.0000  	[21.7, 21.7]	[right, hover]	[296.8404, 483.0695]
86   	3838.25     	0.003   	1.0000  	[21.7, 21.7]	[right, hover]	[351.5725, 425.1965]
87   	3770.49     	0.003   	1.0000  	[21.7, 21.7]	[right, hover]	[404.2788, 374.3286]
88   	3706.66     	0.003   	1.0000  	[21.7, 21.7]	[right, hover]	[472.6002, 334.9547]
89   	3659.81     	0.003   	1.0000  	[21.7, 21.7]	[right, back]	[574.2890, 297.5494]
90   	3578.45     	0.002   	1.0000  	[21.7, 21.7]	[front, back]	[529.8275, 294.1503]
91   	3509.82     	0.002   	1.0000  	[21.7, 21.7]	[front, back]	[533.4671, 297.5649]
92   	3466.51     	0.002   	1.0000  	[21.7, 21.7]	[front, back]	[575.9712, 321.1031]
93   	3410.79     	0.002   	1.0000  	[21.7, 21.7]	[front, back]	[656.7104, 362.1214]
94   	3367.53     	0.002   	1.0000  	[21.7, 21.7]	[front, back]	[758.3716, 414.9236]
95   	3344.43     	0.002   	1.0000  	[21.7, 21.7]	[front, back]	[891.1327, 483.3368]
96   	3271.61     	0.002   	1.0000  	[21.7, 21.7]	[front, back]	[1051.9689, 563.5265]
97   	3205.56     	0.002   	1.0000  	[21.7, 21.7]	[front, hover]	[1243.3356, 498.8463]
98   	3114.53     	0.002   	1.0000  	[21.7, 21.7]	[hover, hover]	[1079.9963, 438.8804]
99   	3025.17     	0.002   	1.0000  	[21.7, 21.7]	[hover, hover]	[941.5719, 380.0877]
[2025-12-11T11:37:32]
Strategy: greedy_ig
Pairwise: equal
News mode: BS
Num agents: 2
Iteration: 5
Error margin: None
Gaussian radius 5 
Grid info: range: 0-50-50, cell_size:0.125, map shape: (400, 400), center:True
init UAV positions: [(-25.0, -25.0, 5.4), (25.0, 25.0, 5.4)]
mcts_params: {}
Step	Entropy	MSE	Coverage	Heights	Actions	IGs
------------------------------------------------------------------------------------------------------------------------
0    	158826.13   	0.405   	0.0078  	[5.4, 5.4]	[up, up]	[807.8971, 807.8971]
1    	155963.84   	0.409   	0.0312  	[10.8, 10.8]	[up, up]	[1050.1340, 1047.9038]
2    	152561.41   	0.418   	0.0703  	[16.2, 16.2]	[front, back]	[1216.1145, 1217.4506]
3    	149871.65   	0.414   	0.0938  	[16.2, 16.2]	[right, left]	[1508.8933, 1511.4962]
4    	146212.17   	0.412   	0.1250  	[16.2, 16.2]	[front, back]	[1728.8258, 1714.0178]
5    	142383.00   	0.398   	0.1562  	[16.2, 16.2]	[right, left]	[2046.8140, 2036.4962]
6    	137580.88   	0.393   	0.1953  	[16.2, 16.2]	[front, back]	[2276.4362, 2273.2519]
7    	132598.87   	0.370   	0.2344  	[16.2, 16.2]	[right, left]	[2608.6940, 2608.2215]
8    	126654.46   	0.359   	0.2812  	[16.2, 16.2]	[right, left]	[2667.4813, 2642.7560]
9    	121164.28   	0.360   	0.3281  	[16.2, 16.2]	[right, left]	[2731.0174, 2727.9030]
10   	115532.65   	0.346   	0.3750  	[16.2, 16.2]	[right, left]	[2808.9806, 2803.1454]
11   	109673.75   	0.340   	0.4219  	[16.2, 16.2]	[right, left]	[2870.4948, 2869.7468]
12   	103775.05   	0.330   	0.4688  	[16.2, 16.2]	[right, left]	[2906.8262, 2902.7596]
13   	97998.55    	0.321   	0.5156  	[16.2, 16.2]	[right, left]	[2900.3672, 2918.2741]
14   	92122.37    	0.308   	0.5625  	[16.2, 16.2]	[right, left]	[2909.3922, 2910.0379]
15   	86248.11    	0.292   	0.6094  	[16.2, 16.2]	[right, left]	[2884.8235, 2919.0201]
16   	80574.31    	0.278   	0.6562  	[16.2, 16.2]	[right, left]	[2920.2611, 2911.5616]
17   	74595.25    	0.264   	0.7031  	[16.2, 16.2]	[right, left]	[2910.2680, 2905.8853]
18   	68842.88    	0.248   	0.7500  	[16.2, 16.2]	[front, back]	[2732.9868, 2713.6791]
19   	63831.13    	0.218   	0.7969  	[16.2, 16.2]	[front, back]	[2659.1346, 2654.2465]
20   	58579.76    	0.186   	0.8438  	[16.2, 16.2]	[front, back]	[2678.7330, 2677.7685]
21   	53211.60    	0.154   	0.8906  	[16.2, 16.2]	[front, back]	[2743.9904, 2745.7799]
22   	47603.95    	0.122   	0.9375  	[16.2, 16.2]	[front, back]	[2852.8365, 2827.5185]
23   	45558.61    	0.113   	0.9375  	[16.2, 16.2]	[front, back]	[2925.0965, 2930.4923]
24   	43502.73    	0.104   	0.9375  	[16.2, 16.2]	[front, back]	[2915.8164, 2919.5038]
25   	42026.17    	0.097   	0.9375  	[16.2, 16.2]	[front, back]	[2908.6021, 2915.3153]
26   	40922.36    	0.094   	0.9375  	[16.2, 16.2]	[front, back]	[2903.3205, 2922.5966]
27   	40002.09    	0.091   	0.9375  	[16.2, 16.2]	[front, back]	[2898.3346, 2912.3853]
28   	39335.24    	0.091   	0.9375  	[16.2, 16.2]	[left, right]	[2704.0211, 2735.5966]
29   	38335.27    	0.090   	0.9375  	[16.2, 16.2]	[left, right]	[2662.7934, 2673.1509]
30   	37368.01    	0.089   	0.9375  	[16.2, 16.2]	[left, right]	[2688.3647, 2692.6498]
31   	36225.42    	0.087   	0.9375  	[16.2, 16.2]	[left, right]	[2746.5007, 2744.4615]
32   	35128.11    	0.086   	0.9375  	[16.2, 16.2]	[left, right]	[2818.7333, 2819.1290]
33   	34190.45    	0.085   	0.9375  	[16.2, 16.2]	[left, right]	[2899.8312, 2907.4936]
34   	33222.35    	0.083   	0.9375  	[16.2, 16.2]	[left, right]	[2898.5982, 2922.5301]
35   	32236.65    	0.082   	0.9375  	[16.2, 16.2]	[left, right]	[2903.6287, 2928.2051]
36   	30838.67    	0.080   	0.9375  	[16.2, 16.2]	[left, right]	[2914.7252, 2910.6624]
37   	29241.51    	0.078   	0.9375  	[16.2, 16.2]	[left, right]	[2916.9729, 2896.8312]
38   	27156.95    	0.077   	0.9375  	[16.2, 16.2]	[back, front]	[2726.9674, 2707.2174]
39   	26415.95    	0.072   	0.9375  	[16.2, 16.2]	[back, front]	[2668.2549, 2656.4613]
40   	25508.47    	0.067   	0.9375  	[16.2, 16.2]	[back, front]	[2677.8109, 2679.8691]
41   	24420.88    	0.064   	0.9375  	[16.2, 16.2]	[back, front]	[2741.6553, 2742.1726]
42   	23346.85    	0.061   	0.9375  	[16.2, 16.2]	[right, left]	[2321.2672, 2341.1487]
43   	19696.89    	0.050   	0.9688  	[16.2, 16.2]	[right, left]	[2135.4612, 2147.2540]
44   	16032.53    	0.031   	1.0000  	[16.2, 16.2]	[right, left]	[1864.9785, 1881.2954]
45   	15249.60    	0.025   	1.0000  	[16.2, 16.2]	[right, left]	[1684.5674, 1692.2327]
46   	13937.19    	0.021   	1.0000  	[16.2, 16.2]	[back, front]	[1317.1008, 1335.0173]
47   	13229.09    	0.019   	1.0000  	[16.2, 16.2]	[back, front]	[1131.7811, 1145.8218]
48   	12745.68    	0.017   	1.0000  	[16.2, 16.2]	[right, left]	[918.9389, 919.8696]
49   	12304.48    	0.016   	1.0000  	[16.2, 16.2]	[right, left]	[787.9287, 781.9507]
50   	12043.63    	0.015   	1.0000  	[16.2, 16.2]	[right, left]	[705.0702, 696.1866]
51   	11821.49    	0.015   	1.0000  	[16.2, 16.2]	[right, up]	[670.0908, 660.0889]
52   	11560.28    	0.014   	1.0000  	[16.2, 21.7]	[up, front]	[650.4214, 668.4973]
53   	11294.24    	0.013   	1.0000  	[21.7, 21.7]	[right, left]	[661.8804, 669.0565]
54   	10905.91    	0.012   	1.0000  	[21.7, 21.7]	[back, left]	[680.2702, 699.0438]
55   	10501.01    	0.012   	1.0000  	[21.7, 21.7]	[back, front]	[722.8820, 738.2192]
56   	10091.29    	0.012   	1.0000  	[21.7, 21.7]	[back, front]	[820.0251, 822.0313]
57   	9417.54     	0.013   	1.0000  	[21.7, 21.7]	[hover, hover]	[716.0024, 716.0189]
58   	8964.22     	0.013   	1.0000  	[21.7, 21.7]	[hover, hover]	[625.3789, 627.6271]
59   	8557.36     	0.011   	1.0000  	[21.7, 21.7]	[hover, hover]	[546.8178, 552.1392]
60   	8228.85     	0.011   	1.0000  	[21.7, 21.7]	[hover, hover]	[480.1699, 490.4122]
61   	7873.97     	0.010   	1.0000  	[21.7, 21.7]	[left, hover]	[421.1786, 429.5009]
62   	7699.32     	0.010   	1.0000  	[21.7, 21.7]	[left, hover]	[412.8808, 379.2824]
63   	7515.99     	0.009   	1.0000  	[21.7, 21.7]	[left, hover]	[428.1815, 337.0370]
64   	7328.96     	0.009   	1.0000  	[21.7, 21.7]	[left, right]	[447.7810, 303.7863]
65   	7172.81     	0.009   	1.0000  	[21.7, 21.7]	[left, right]	[504.9908, 311.7306]
66   	7041.98     	0.009   	1.0000  	[21.7, 21.7]	[left, right]	[570.2050, 354.7239]
67   	6902.46     	0.008   	1.0000  	[21.7, 21.7]	[left, right]	[666.4092, 384.9149]
68   	6693.39     	0.008   	1.0000  	[21.7, 21.7]	[left, right]	[795.8040, 452.5734]
69   	6466.69     	0.008   	1.0000  	[21.7, 21.7]	[front, right]	[779.0321, 539.3516]
70   	6262.40     	0.008   	1.0000  	[21.7, 21.7]	[front, right]	[742.6418, 636.9904]
71   	6032.99     	0.007   	1.0000  	[21.7, 21.7]	[front, right]	[668.9627, 773.5437]
72   	5783.36     	0.007   	1.0000  	[21.7, 21.7]	[front, back]	[612.4352, 772.3432]
73   	5594.47     	0.006   	1.0000  	[21.7, 21.7]	[front, back]	[623.4328, 741.8147]
74   	5467.81     	0.006   	1.0000  	[21.7, 21.7]	[front, back]	[655.9867, 666.4458]
75   	5335.34     	0.006   	1.0000  	[21.7, 21.7]	[front, back]	[710.0864, 611.8880]
76   	5216.29     	0.006   	1.0000  	[21.7, 21.7]	[front, back]	[821.6381, 626.5756]
77   	5102.03     	0.005   	1.0000  	[21.7, 21.7]	[hover, back]	[715.1501, 650.0689]
78   	4971.55     	0.005   	1.0000  	[21.7, 21.7]	[hover, back]	[624.9634, 696.7841]
79   	4845.53     	0.005   	1.0000  	[21.7, 21.7]	[hover, back]	[541.6545, 812.2866]
80   	4678.14     	0.005   	1.0000  	[21.7, 21.7]	[hover, hover]	[477.9237, 708.1711]
81   	4541.57     	0.004   	1.0000  	[21.7, 21.7]	[hover, hover]	[419.4394, 626.4503]
82   	4408.34     	0.004   	1.0000  	[21.7, 21.7]	[right, hover]	[379.5469, 548.1370]
83   	4321.08     	0.004   	1.0000  	[21.7, 21.7]	[right, hover]	[382.5584, 480.6959]
84   	4256.01     	0.004   	1.0000  	[21.7, 21.7]	[right, left]	[367.2188, 426.3472]
85   	4211.78     	0.004   	1.0000  	[21.7, 21.7]	[right, left]	[385.3737, 418.0107]
86   	4151.88     	0.004   	1.0000  	[21.7, 21.7]	[right, left]	[430.0347, 401.6972]
87   	4088.73     	0.004   	1.0000  	[21.7, 21.7]	[right, left]	[511.0718, 410.2180]
88   	4035.40     	0.004   	1.0000  	[21.7, 21.7]	[right, left]	[610.4349, 449.3668]
89   	3961.50     	0.003   	1.0000  	[21.7, 21.7]	[right, left]	[754.3127, 525.9248]
90   	3836.16     	0.003   	1.0000  	[21.7, 21.7]	[hover, left]	[658.0564, 626.7128]
91   	3728.07     	0.003   	1.0000  	[21.7, 21.7]	[hover, left]	[580.1502, 769.5355]
92   	3591.23     	0.003   	1.0000  	[21.7, 21.7]	[hover, hover]	[507.7345, 671.8154]
93   	3465.46     	0.003   	1.0000  	[21.7, 21.7]	[hover, hover]	[448.9447, 583.8533]
94   	3383.25     	0.002   	1.0000  	[21.7, 21.7]	[hover, hover]	[398.4772, 515.7891]
95   	3291.31     	0.002   	1.0000  	[21.7, 21.7]	[hover, hover]	[349.0564, 454.3618]
96   	3231.22     	0.002   	1.0000  	[21.7, 21.7]	[hover, hover]	[309.0866, 397.2172]
97   	3131.24     	0.002   	1.0000  	[21.7, 21.7]	[hover, hover]	[272.4540, 352.0918]
98   	3077.69     	0.002   	1.0000  	[21.7, 21.7]	[hover, hover]	[245.4856, 316.1868]
99   	3016.34     	0.002   	1.0000  	[21.7, 21.7]	[hover, hover]	[217.0671, 281.3452]
[2025-12-11T11:37:37]
Strategy: greedy_ig
Pairwise: equal
News mode: BS
Num agents: 2
Iteration: 6
Error margin: None
Gaussian radius 5 
Grid info: range: 0-50-50, cell_size:0.125, map shape: (400, 400), center:True
init UAV positions: [(25.0, 25.0, 5.4), (-25.0, 25.0, 5.4)]
mcts_params: {}
Step	Entropy	MSE	Coverage	Heights	Actions	IGs
------------------------------------------------------------------------------------------------------------------------
0    	158826.13   	0.405   	0.0078  	[5.4, 5.4]	[up, up]	[807.8971, 807.8971]
1    	155956.52   	0.409   	0.0312  	[10.8, 10.8]	[up, up]	[1049.1203, 1047.0929]
2    	152541.47   	0.419   	0.0703  	[16.2, 16.2]	[back, back]	[1218.5389, 1211.2301]
3    	149897.95   	0.414   	0.0938  	[16.2, 16.2]	[left, right]	[1511.4821, 1513.2401]
4    	146213.46   	0.412   	0.1250  	[16.2, 16.2]	[back, back]	[1730.0320, 1721.0269]
5    	142346.55   	0.399   	0.1562  	[16.2, 16.2]	[left, right]	[2049.3394, 2033.8366]
6    	137601.98   	0.393   	0.1953  	[16.2, 16.2]	[left, back]	[2284.4989, 2271.1261]
7    	132625.41   	0.388   	0.2344  	[16.2, 16.2]	[back, right]	[2618.9421, 2608.5872]
8    	126712.33   	0.365   	0.2812  	[16.2, 16.2]	[left, right]	[2640.3586, 2662.6611]
9    	121260.59   	0.362   	0.3281  	[16.2, 16.2]	[left, right]	[2690.2499, 2740.7310]
10   	115694.19   	0.359   	0.3750  	[16.2, 16.2]	[back, back]	[2617.9365, 2629.9455]
11   	110760.26   	0.335   	0.4219  	[16.2, 16.2]	[up, up]	[2750.5603, 2757.7026]
12   	105738.45   	0.305   	0.4844  	[21.7, 21.7]	[back, back]	[2800.8142, 2810.6333]
13   	100017.32   	0.271   	0.5391  	[21.7, 21.7]	[back, back]	[2906.6145, 2896.5401]
14   	94131.41    	0.243   	0.5938  	[21.7, 21.7]	[back, back]	[3018.8504, 3000.3773]
15   	88073.21    	0.210   	0.6484  	[21.7, 21.7]	[back, back]	[3131.3672, 3106.0494]
16   	81962.06    	0.188   	0.7031  	[21.7, 21.7]	[back, back]	[3234.4900, 3208.1794]
17   	75772.95    	0.165   	0.7578  	[21.7, 21.7]	[back, back]	[3314.7517, 3313.0284]
18   	69325.52    	0.153   	0.8125  	[21.7, 21.7]	[back, back]	[3328.4420, 3322.8989]
19   	62997.45    	0.151   	0.8672  	[21.7, 21.7]	[back, back]	[3320.3045, 3327.2619]
20   	56806.79    	0.155   	0.9219  	[21.7, 21.7]	[right, left]	[3214.5989, 3211.2783]
21   	49968.15    	0.125   	0.9844  	[21.7, 21.7]	[hover, hover]	[2753.1243, 2743.5155]
22   	47087.68    	0.114   	0.9844  	[21.7, 21.7]	[hover, hover]	[2342.8636, 2333.0811]
23   	44388.40    	0.105   	0.9844  	[21.7, 21.7]	[hover, hover]	[2013.7558, 1997.5935]
24   	41696.33    	0.095   	0.9844  	[21.7, 21.7]	[hover, hover]	[1734.1619, 1717.1954]
25   	39341.43    	0.089   	0.9844  	[21.7, 21.7]	[left, hover]	[1502.4279, 1480.1570]
26   	37652.37    	0.082   	0.9844  	[21.7, 21.7]	[left, right]	[1752.0419, 1307.6003]
27   	36302.87    	0.079   	0.9844  	[21.7, 21.7]	[left, right]	[1946.5173, 1583.4941]
28   	35023.56    	0.075   	0.9844  	[21.7, 21.7]	[left, right]	[2135.4819, 1829.0804]
29   	34044.55    	0.073   	0.9844  	[21.7, 21.7]	[front, front]	[1956.3405, 1651.9222]
30   	32994.34    	0.071   	0.9844  	[21.7, 21.7]	[front, up]	[1781.9912, 1585.0455]
31   	32044.90    	0.069   	0.9844  	[21.7, 27.1]	[left, right]	[2156.8188, 1883.8133]
32   	31222.22    	0.068   	0.9844  	[21.7, 27.1]	[left, right]	[2500.2925, 2213.3374]
33   	30384.39    	0.065   	0.9844  	[21.7, 27.1]	[left, right]	[2821.0093, 2500.7426]
34   	29444.77    	0.064   	0.9844  	[21.7, 27.1]	[left, right]	[3070.6773, 2758.2148]
35   	27074.97    	0.051   	1.0000  	[21.7, 27.1]	[front, down]	[2952.5406, 2878.5972]
36   	26534.73    	0.048   	1.0000  	[21.7, 21.7]	[front, right]	[2912.0697, 3046.3997]
37   	24991.93    	0.046   	1.0000  	[21.7, 21.7]	[front, front]	[2925.8595, 2726.9898]
38   	23763.20    	0.042   	1.0000  	[21.7, 21.7]	[front, front]	[2960.4192, 2727.4001]
39   	22495.92    	0.041   	1.0000  	[21.7, 21.7]	[front, front]	[3039.4698, 2762.6499]
40   	21386.50    	0.036   	1.0000  	[21.7, 21.7]	[front, front]	[3125.2446, 2804.0893]
41   	20147.07    	0.036   	1.0000  	[21.7, 21.7]	[hover, front]	[2639.0859, 2900.9578]
42   	19162.95    	0.032   	1.0000  	[21.7, 21.7]	[hover, front]	[2255.3851, 3000.6905]
43   	18038.32    	0.031   	1.0000  	[21.7, 21.7]	[hover, front]	[1925.5248, 3112.7425]
44   	17063.72    	0.029   	1.0000  	[21.7, 21.7]	[hover, hover]	[1655.0732, 2617.2219]
45   	16239.53    	0.026   	1.0000  	[21.7, 21.7]	[hover, hover]	[1436.6756, 2231.3954]
46   	15377.38    	0.025   	1.0000  	[21.7, 21.7]	[right, hover]	[1259.5725, 1907.0799]
47   	14815.97    	0.023   	1.0000  	[21.7, 21.7]	[left, hover]	[1113.6288, 1628.1489]
48   	14264.25    	0.022   	1.0000  	[21.7, 21.7]	[right, hover]	[979.2565, 1432.2646]
49   	13788.32    	0.021   	1.0000  	[21.7, 21.7]	[right, left]	[892.6705, 1259.8102]
50   	13296.89    	0.020   	1.0000  	[21.7, 21.7]	[right, left]	[784.9806, 1083.0421]
51   	12944.79    	0.019   	1.0000  	[21.7, 21.7]	[right, right]	[695.6413, 932.4220]
52   	12610.19    	0.019   	1.0000  	[21.7, 21.7]	[right, right]	[636.3517, 846.3853]
53   	12311.44    	0.018   	1.0000  	[21.7, 21.7]	[right, hover]	[569.4520, 730.2553]
54   	12087.87    	0.018   	1.0000  	[21.7, 21.7]	[right, back]	[549.8884, 639.2232]
55   	11901.29    	0.017   	1.0000  	[21.7, 21.7]	[right, back]	[733.0656, 611.1018]
56   	11671.41    	0.017   	1.0000  	[21.7, 21.7]	[back, back]	[649.1770, 628.0847]
57   	11454.48    	0.016   	1.0000  	[21.7, 21.7]	[back, back]	[605.3420, 696.0339]
58   	11304.61    	0.016   	1.0000  	[21.7, 21.7]	[back, back]	[576.1523, 790.3411]
59   	11015.00    	0.016   	1.0000  	[21.7, 21.7]	[back, back]	[561.1121, 917.1153]
60   	10725.19    	0.015   	1.0000  	[21.7, 21.7]	[back, back]	[568.5724, 1080.7045]
61   	10333.80    	0.015   	1.0000  	[21.7, 21.7]	[back, back]	[560.7227, 1359.1002]
62   	9826.61     	0.014   	1.0000  	[21.7, 21.7]	[back, hover]	[582.9238, 1149.5819]
63   	9396.56     	0.013   	1.0000  	[21.7, 21.7]	[hover, hover]	[504.2301, 965.3095]
64   	9065.77     	0.012   	1.0000  	[21.7, 21.7]	[hover, hover]	[449.7346, 839.6686]
65   	8842.69     	0.012   	1.0000  	[21.7, 21.7]	[up, hover]	[400.8030, 732.2502]
66   	8641.23     	0.011   	1.0000  	[27.1, 21.7]	[left, hover]	[485.1020, 650.2882]
67   	8429.35     	0.011   	1.0000  	[27.1, 21.7]	[left, hover]	[490.2289, 568.2682]
68   	8250.96     	0.011   	1.0000  	[27.1, 21.7]	[left, hover]	[560.8603, 505.0941]
69   	8094.47     	0.010   	1.0000  	[27.1, 21.7]	[left, hover]	[693.6221, 450.5724]
70   	7927.69     	0.010   	1.0000  	[27.1, 21.7]	[left, hover]	[842.5131, 402.9066]
71   	7733.81     	0.010   	1.0000  	[27.1, 21.7]	[left, hover]	[1006.3857, 358.0214]
72   	7481.60     	0.009   	1.0000  	[27.1, 21.7]	[left, hover]	[1191.2108, 317.1689]
73   	7082.64     	0.010   	1.0000  	[27.1, 21.7]	[down, left]	[1125.0280, 289.2148]
74   	6973.70     	0.009   	1.0000  	[21.7, 21.7]	[left, left]	[1331.5017, 275.2097]
75   	6519.12     	0.009   	1.0000  	[21.7, 21.7]	[back, left]	[1522.4250, 276.6731]
76   	6129.96     	0.008   	1.0000  	[21.7, 21.7]	[hover, left]	[1286.2784, 269.7142]
77   	5868.55     	0.007   	1.0000  	[21.7, 21.7]	[hover, left]	[1105.1142, 278.3950]
78   	5572.44     	0.007   	1.0000  	[21.7, 21.7]	[hover, left]	[943.7296, 320.5746]
79   	5315.30     	0.006   	1.0000  	[21.7, 21.7]	[hover, left]	[796.3373, 380.0729]
80   	5073.48     	0.006   	1.0000  	[21.7, 21.7]	[hover, up]	[685.8464, 433.1680]
81   	4828.99     	0.005   	1.0000  	[21.7, 27.1]	[hover, front]	[609.3589, 518.3536]
82   	4663.50     	0.005   	1.0000  	[21.7, 27.1]	[hover, front]	[528.7392, 510.6204]
83   	4548.05     	0.005   	1.0000  	[21.7, 27.1]	[hover, front]	[483.1149, 501.4384]
84   	4391.78     	0.004   	1.0000  	[21.7, 27.1]	[hover, front]	[427.2768, 495.1069]
85   	4277.77     	0.004   	1.0000  	[21.7, 27.1]	[hover, front]	[379.0682, 499.4711]
86   	4166.62     	0.004   	1.0000  	[21.7, 27.1]	[hover, front]	[335.7156, 508.2326]
87   	4056.57     	0.004   	1.0000  	[21.7, 27.1]	[hover, front]	[298.3543, 550.6106]
88   	3947.46     	0.004   	1.0000  	[21.7, 27.1]	[hover, down]	[264.2691, 520.0216]
89   	3860.67     	0.003   	1.0000  	[21.7, 21.7]	[hover, left]	[237.5881, 620.7763]
90   	3779.90     	0.003   	1.0000  	[21.7, 21.7]	[hover, front]	[207.3739, 657.4544]
91   	3650.27     	0.003   	1.0000  	[21.7, 21.7]	[hover, hover]	[185.9549, 576.3882]
92   	3540.11     	0.003   	1.0000  	[21.7, 21.7]	[hover, hover]	[165.8670, 510.8128]
93   	3445.32     	0.003   	1.0000  	[21.7, 21.7]	[hover, hover]	[150.7972, 445.4604]
94   	3360.82     	0.003   	1.0000  	[21.7, 21.7]	[hover, hover]	[135.6697, 394.7335]
95   	3301.59     	0.002   	1.0000  	[21.7, 21.7]	[front, hover]	[125.2163, 347.7054]
96   	3251.54     	0.002   	1.0000  	[21.7, 21.7]	[front, hover]	[126.6166, 303.4608]
97   	3183.33     	0.002   	1.0000  	[21.7, 21.7]	[front, hover]	[166.0306, 264.3647]
98   	3137.76     	0.002   	1.0000  	[21.7, 21.7]	[front, hover]	[201.6916, 234.0688]
99   	3093.18     	0.002   	1.0000  	[21.7, 21.7]	[front, hover]	[243.7582, 206.8328]
[2025-12-11T11:37:43]
Strategy: greedy_ig
Pairwise: equal
News mode: BS
Num agents: 2
Iteration: 7
Error margin: None
Gaussian radius 5 
Grid info: range: 0-50-50, cell_size:0.125, map shape: (400, 400), center:True
init UAV positions: [(-25.0, 25.0, 5.4), (25.0, 25.0, 5.4)]
mcts_params: {}
Step	Entropy	MSE	Coverage	Heights	Actions	IGs
------------------------------------------------------------------------------------------------------------------------
0    	158826.13   	0.405   	0.0078  	[5.4, 5.4]	[up, up]	[807.8971, 807.8971]
1    	155982.55   	0.409   	0.0312  	[10.8, 10.8]	[up, up]	[1054.7971, 1047.9038]
2    	152567.93   	0.418   	0.0703  	[16.2, 16.2]	[back, back]	[1216.9217, 1217.4506]
3    	149872.18   	0.414   	0.0938  	[16.2, 16.2]	[right, left]	[1508.5186, 1511.4962]
4    	146200.98   	0.412   	0.1250  	[16.2, 16.2]	[back, back]	[1731.0915, 1714.0178]
5    	142371.72   	0.398   	0.1562  	[16.2, 16.2]	[right, left]	[2045.6554, 2036.4962]
6    	137625.72   	0.393   	0.1953  	[16.2, 16.2]	[back, back]	[2291.3885, 2273.2519]
7    	132534.25   	0.375   	0.2344  	[16.2, 16.2]	[right, left]	[2607.7770, 2608.2215]
8    	126627.46   	0.364   	0.2812  	[16.2, 16.2]	[right, left]	[2659.4057, 2642.7560]
9    	121198.99   	0.364   	0.3281  	[16.2, 16.2]	[right, left]	[2721.9916, 2727.9030]
10   	115580.32   	0.356   	0.3750  	[16.2, 16.2]	[back, back]	[2620.9045, 2624.7392]
11   	110679.26   	0.335   	0.4219  	[16.2, 16.2]	[up, up]	[2757.1329, 2748.0052]
12   	105562.80   	0.306   	0.4844  	[21.7, 21.7]	[back, back]	[2803.5859, 2799.0120]
13   	99977.42    	0.272   	0.5391  	[21.7, 21.7]	[back, back]	[2909.7111, 2900.0880]
14   	94111.15    	0.243   	0.5938  	[21.7, 21.7]	[back, back]	[3012.2754, 3001.1519]
15   	88116.51    	0.210   	0.6484  	[21.7, 21.7]	[back, back]	[3122.0313, 3111.5307]
16   	81958.09    	0.188   	0.7031  	[21.7, 21.7]	[back, back]	[3226.3186, 3213.2471]
17   	75704.77    	0.165   	0.7578  	[21.7, 21.7]	[back, back]	[3313.5998, 3309.2998]
18   	69261.67    	0.153   	0.8125  	[21.7, 21.7]	[back, back]	[3326.3731, 3318.4689]
19   	62940.62    	0.151   	0.8672  	[21.7, 21.7]	[back, back]	[3320.8097, 3326.0683]
20   	56777.71    	0.154   	0.9219  	[21.7, 21.7]	[left, right]	[3208.3223, 3207.4799]
21   	49838.46    	0.125   	0.9844  	[21.7, 21.7]	[hover, hover]	[2747.6182, 2740.1209]
22   	47129.08    	0.114   	0.9844  	[21.7, 21.7]	[hover, hover]	[2343.7891, 2329.2231]
23   	44315.13    	0.105   	0.9844  	[21.7, 21.7]	[hover, hover]	[2012.3023, 1986.8956]
24   	41759.63    	0.095   	0.9844  	[21.7, 21.7]	[hover, hover]	[1734.5389, 1717.7236]
25   	39281.31    	0.089   	0.9844  	[21.7, 21.7]	[hover, hover]	[1505.0960, 1475.6982]
26   	37076.09    	0.082   	0.9844  	[21.7, 21.7]	[right, left]	[1345.6184, 1318.8631]
27   	36029.40    	0.079   	0.9844  	[21.7, 21.7]	[right, left]	[1623.0451, 1603.9221]
28   	34655.28    	0.075   	0.9844  	[21.7, 21.7]	[right, left]	[1857.7013, 1847.7067]
29   	33518.71    	0.073   	0.9844  	[21.7, 21.7]	[right, left]	[2083.6048, 2066.0884]
30   	32693.25    	0.070   	0.9844  	[21.7, 21.7]	[right, left]	[2416.1831, 2415.2897]
31   	31935.60    	0.069   	0.9844  	[21.7, 21.7]	[right, left]	[2794.5222, 2785.1139]
32   	31034.21    	0.067   	0.9844  	[21.7, 21.7]	[right, left]	[3089.2506, 3071.6387]
33   	30119.30    	0.066   	0.9844  	[21.7, 21.7]	[right, left]	[3319.0141, 3302.6899]
34   	28461.58    	0.064   	0.9844  	[21.7, 21.7]	[front, front]	[3116.2924, 3110.6888]
35   	26639.26    	0.054   	0.9922  	[21.7, 21.7]	[front, front]	[2996.6324, 3004.7715]
36   	24898.89    	0.046   	1.0000  	[21.7, 21.7]	[front, front]	[2949.1431, 2949.6678]
37   	23720.97    	0.042   	1.0000  	[21.7, 21.7]	[front, front]	[2950.2407, 2952.7014]
38   	22512.92    	0.040   	1.0000  	[21.7, 21.7]	[front, front]	[3004.2577, 2989.2470]
39   	21377.08    	0.037   	1.0000  	[21.7, 21.7]	[front, front]	[3061.5270, 3054.1854]
40   	20211.99    	0.035   	1.0000  	[21.7, 21.7]	[front, front]	[3145.1913, 3154.0042]
41   	18922.94    	0.032   	1.0000  	[21.7, 21.7]	[front, front]	[3243.2609, 3249.3089]
42   	17416.95    	0.031   	1.0000  	[21.7, 21.7]	[hover, hover]	[2732.4677, 2736.7556]
43   	16329.35    	0.027   	1.0000  	[21.7, 21.7]	[hover, hover]	[2327.5027, 2338.6493]
44   	15418.56    	0.026   	1.0000  	[21.7, 21.7]	[hover, hover]	[1996.1570, 2004.5605]
45   	14596.85    	0.024   	1.0000  	[21.7, 21.7]	[hover, hover]	[1726.4341, 1717.6545]
46   	13883.82    	0.022   	1.0000  	[21.7, 21.7]	[hover, right]	[1497.2706, 1499.0282]
47   	13208.07    	0.020   	1.0000  	[21.7, 21.7]	[left, left]	[1308.9793, 1320.0277]
48   	12654.63    	0.019   	1.0000  	[21.7, 21.7]	[left, right]	[1166.4267, 1138.4974]
49   	12195.82    	0.018   	1.0000  	[21.7, 21.7]	[left, right]	[1034.2335, 1018.8285]
50   	11750.42    	0.017   	1.0000  	[21.7, 21.7]	[hover, right]	[885.0139, 908.8353]
51   	11379.08    	0.016   	1.0000  	[21.7, 21.7]	[right, right]	[778.8629, 796.0386]
52   	11120.75    	0.016   	1.0000  	[21.7, 21.7]	[right, left]	[721.0265, 717.0194]
53   	10841.76    	0.015   	1.0000  	[21.7, 21.7]	[right, left]	[724.2047, 654.7329]
54   	10597.56    	0.015   	1.0000  	[21.7, 21.7]	[hover, left]	[649.1221, 623.1400]
55   	10355.87    	0.014   	1.0000  	[21.7, 21.7]	[back, left]	[593.0437, 646.0870]
56   	10075.98    	0.014   	1.0000  	[21.7, 21.7]	[back, back]	[579.8412, 584.8133]
57   	9890.56     	0.013   	1.0000  	[21.7, 21.7]	[back, back]	[603.6138, 567.3302]
58   	9592.73     	0.013   	1.0000  	[21.7, 21.7]	[back, back]	[656.7057, 605.1167]
59   	9352.38     	0.012   	1.0000  	[21.7, 21.7]	[back, back]	[762.3155, 671.1124]
60   	9019.22     	0.012   	1.0000  	[21.7, 21.7]	[back, back]	[895.4337, 763.2948]
61   	8661.50     	0.011   	1.0000  	[21.7, 21.7]	[back, back]	[1051.3523, 894.6698]
62   	8229.15     	0.011   	1.0000  	[21.7, 21.7]	[back, back]	[1245.8082, 1046.5812]
63   	7618.28     	0.010   	1.0000  	[21.7, 21.7]	[hover, back]	[1076.1462, 1247.7815]
64   	7103.20     	0.009   	1.0000  	[21.7, 21.7]	[hover, hover]	[934.9440, 1074.4919]
65   	6662.85     	0.009   	1.0000  	[21.7, 21.7]	[hover, hover]	[814.7978, 934.6632]
66   	6272.36     	0.008   	1.0000  	[21.7, 21.7]	[hover, hover]	[709.5483, 814.2732]
67   	5974.66     	0.007   	1.0000  	[21.7, 21.7]	[hover, hover]	[624.0116, 713.6287]
68   	5657.79     	0.007   	1.0000  	[21.7, 21.7]	[hover, hover]	[547.0883, 624.4845]
69   	5412.78     	0.006   	1.0000  	[21.7, 21.7]	[hover, hover]	[480.3035, 547.6106]
70   	5183.19     	0.006   	1.0000  	[21.7, 21.7]	[hover, hover]	[424.0700, 481.7085]
71   	4973.82     	0.005   	1.0000  	[21.7, 21.7]	[hover, hover]	[370.7365, 424.0313]
72   	4787.47     	0.005   	1.0000  	[21.7, 21.7]	[hover, hover]	[324.1642, 372.6244]
73   	4622.10     	0.005   	1.0000  	[21.7, 21.7]	[hover, hover]	[287.3479, 327.9976]
74   	4481.85     	0.004   	1.0000  	[21.7, 21.7]	[left, hover]	[260.2019, 290.5779]
75   	4403.15     	0.004   	1.0000  	[21.7, 21.7]	[left, right]	[254.1112, 264.4037]
76   	4329.54     	0.004   	1.0000  	[21.7, 21.7]	[left, right]	[263.9916, 253.4318]
77   	4277.49     	0.004   	1.0000  	[21.7, 21.7]	[left, right]	[280.2975, 256.9597]
78   	4233.32     	0.004   	1.0000  	[21.7, 21.7]	[front, hover]	[278.1857, 227.0189]
79   	4207.89     	0.004   	1.0000  	[21.7, 21.7]	[left, right]	[323.1149, 259.2723]
80   	4182.34     	0.004   	1.0000  	[21.7, 21.7]	[left, right]	[399.0983, 315.8462]
81   	4149.47     	0.004   	1.0000  	[21.7, 21.7]	[left, right]	[477.2149, 387.2425]
82   	4109.97     	0.004   	1.0000  	[21.7, 21.7]	[left, right]	[740.6612, 461.1908]
83   	4052.82     	0.004   	1.0000  	[21.7, 21.7]	[front, right]	[778.7425, 663.8275]
84   	3965.21     	0.003   	1.0000  	[21.7, 21.7]	[front, front]	[725.4317, 708.0366]
85   	3906.14     	0.003   	1.0000  	[21.7, 21.7]	[front, front]	[672.8272, 759.0111]
86   	3841.99     	0.003   	1.0000  	[21.7, 21.7]	[front, front]	[622.5815, 711.5566]
87   	3757.12     	0.003   	1.0000  	[21.7, 21.7]	[front, front]	[590.7661, 658.4109]
88   	3675.21     	0.003   	1.0000  	[21.7, 21.7]	[front, front]	[573.7493, 605.5089]
89   	3600.06     	0.003   	1.0000  	[21.7, 21.7]	[front, front]	[600.2745, 574.1952]
90   	3519.93     	0.003   	1.0000  	[21.7, 21.7]	[hover, front]	[525.8522, 550.8989]
91   	3421.18     	0.002   	1.0000  	[21.7, 21.7]	[hover, front]	[460.0009, 560.8091]
92   	3311.90     	0.002   	1.0000  	[21.7, 21.7]	[hover, hover]	[404.7044, 492.1479]
93   	3221.90     	0.002   	1.0000  	[21.7, 21.7]	[hover, hover]	[354.7929, 433.3535]
94   	3147.22     	0.002   	1.0000  	[21.7, 21.7]	[hover, hover]	[313.4347, 383.0537]
95   	3067.06     	0.002   	1.0000  	[21.7, 21.7]	[hover, hover]	[275.5154, 338.5147]
96   	2997.06     	0.002   	1.0000  	[21.7, 21.7]	[hover, hover]	[244.7555, 299.7943]
97   	2956.19     	0.002   	1.0000  	[21.7, 21.7]	[hover, hover]	[217.1659, 265.0036]
98   	2925.72     	0.002   	1.0000  	[21.7, 21.7]	[hover, hover]	[194.8362, 239.1357]
99   	2869.46     	0.002   	1.0000  	[21.7, 21.7]	[hover, hover]	[177.8241, 211.5758]
[2025-12-11T11:37:49]
Strategy: greedy_ig
Pairwise: equal
News mode: BS
Num agents: 2
Iteration: 8
Error margin: None
Gaussian radius 5 
Grid info: range: 0-50-50, cell_size:0.125, map shape: (400, 400), center:True
init UAV positions: [(-25.0, 25.0, 5.4), (-25.0, -25.0, 5.4)]
mcts_params: {}
Step	Entropy	MSE	Coverage	Heights	Actions	IGs
------------------------------------------------------------------------------------------------------------------------
0    	158826.13   	0.405   	0.0078  	[5.4, 5.4]	[up, up]	[807.8971, 807.8971]
1    	155971.98   	0.409   	0.0312  	[10.8, 10.8]	[up, up]	[1054.7971, 1045.2682]
2    	152553.84   	0.418   	0.0703  	[16.2, 16.2]	[back, front]	[1216.9217, 1211.1633]
3    	149864.02   	0.420   	0.0938  	[16.2, 16.2]	[right, right]	[1508.5186, 1502.6331]
4    	146226.22   	0.422   	0.1250  	[16.2, 16.2]	[back, front]	[1731.0915, 1715.3999]
5    	142330.79   	0.420   	0.1562  	[16.2, 16.2]	[right, right]	[2045.6554, 2030.3312]
6    	137624.91   	0.423   	0.1953  	[16.2, 16.2]	[back, front]	[2291.3885, 2270.6766]
7    	132575.42   	0.411   	0.2344  	[16.2, 16.2]	[right, right]	[2607.7770, 2614.8251]
8    	126673.38   	0.413   	0.2812  	[16.2, 16.2]	[right, right]	[2659.4057, 2663.7193]
9    	121155.62   	0.422   	0.3281  	[16.2, 16.2]	[right, right]	[2721.9916, 2737.8499]
10   	115560.43   	0.415   	0.3750  	[16.2, 16.2]	[right, right]	[2802.4411, 2809.5300]
11   	109733.71   	0.402   	0.4219  	[16.2, 16.2]	[right, right]	[2863.8856, 2882.4150]
12   	103822.96   	0.382   	0.4688  	[16.2, 16.2]	[right, right]	[2906.8262, 2914.4344]
13   	97985.27    	0.363   	0.5156  	[16.2, 16.2]	[right, right]	[2900.3672, 2914.3902]
14   	92143.16    	0.339   	0.5625  	[16.2, 16.2]	[right, right]	[2909.3922, 2912.2133]
15   	86224.65    	0.313   	0.6094  	[16.2, 16.2]	[right, right]	[2884.8235, 2906.6958]
16   	80551.52    	0.287   	0.6562  	[16.2, 16.2]	[right, right]	[2920.2611, 2903.3602]
17   	74658.75    	0.265   	0.7031  	[16.2, 16.2]	[right, right]	[2910.2680, 2915.0904]
18   	68868.88    	0.248   	0.7500  	[16.2, 16.2]	[back, front]	[2727.2363, 2724.0615]
19   	63882.29    	0.203   	0.7969  	[16.2, 16.2]	[back, front]	[2653.9340, 2660.7095]
20   	58708.97    	0.159   	0.8438  	[16.2, 16.2]	[back, front]	[2385.1122, 2409.1821]
21   	57527.08    	0.152   	0.8438  	[16.2, 16.2]	[back, front]	[2191.5938, 2198.3018]
22   	55790.99    	0.141   	0.8438  	[16.2, 16.2]	[back, front]	[2142.7071, 2126.9764]
23   	54586.57    	0.137   	0.8438  	[16.2, 16.2]	[back, front]	[2453.4121, 2450.3244]
24   	53598.55    	0.133   	0.8438  	[16.2, 16.2]	[back, front]	[2731.9390, 2724.2894]
25   	52561.46    	0.131   	0.8438  	[16.2, 16.2]	[back, front]	[2843.6150, 2867.3148]
26   	51345.23    	0.129   	0.8438  	[16.2, 16.2]	[back, front]	[2901.0001, 2916.3882]
27   	49663.32    	0.128   	0.8438  	[16.2, 16.2]	[back, front]	[2901.3945, 2912.6882]
28   	47475.84    	0.127   	0.8438  	[16.2, 16.2]	[left, left]	[2711.5763, 2713.4135]
29   	46766.06    	0.122   	0.8438  	[16.2, 16.2]	[left, left]	[2659.2341, 2667.7520]
30   	45867.83    	0.120   	0.8438  	[16.2, 16.2]	[left, left]	[2686.4718, 2693.0209]
31   	44851.24    	0.118   	0.8438  	[16.2, 16.2]	[left, left]	[2753.0965, 2747.8015]
32   	43738.16    	0.117   	0.8438  	[16.2, 16.2]	[left, left]	[2817.6656, 2830.6089]
33   	42631.24    	0.117   	0.8438  	[16.2, 16.2]	[left, left]	[2899.8312, 2909.3377]
34   	41535.22    	0.116   	0.8438  	[16.2, 16.2]	[left, left]	[2898.5982, 2931.0198]
35   	40573.78    	0.114   	0.8438  	[16.2, 16.2]	[left, left]	[2903.6287, 2929.2335]
36   	39525.08    	0.113   	0.8438  	[16.2, 16.2]	[left, left]	[2914.7252, 2920.1880]
37   	38382.47    	0.111   	0.8438  	[16.2, 16.2]	[left, left]	[2916.9729, 2931.2672]
38   	37204.15    	0.109   	0.8438  	[16.2, 16.2]	[front, back]	[2732.6806, 2729.2418]
39   	31744.61    	0.092   	0.8906  	[16.2, 16.2]	[front, back]	[2671.9430, 2666.8850]
40   	26507.82    	0.077   	0.9375  	[16.2, 16.2]	[front, back]	[2414.4088, 2399.2924]
41   	25362.58    	0.069   	0.9375  	[16.2, 16.2]	[front, back]	[2193.0664, 2184.9849]
42   	23588.22    	0.063   	0.9375  	[16.2, 16.2]	[right, right]	[1995.6370, 1981.0968]
43   	21396.29    	0.060   	0.9531  	[16.2, 16.2]	[right, right]	[1837.6925, 1844.3039]
44   	19037.35    	0.053   	0.9688  	[16.2, 16.2]	[right, right]	[1765.6220, 1785.6049]
45   	16755.63    	0.041   	0.9844  	[16.2, 16.2]	[right, right]	[1781.5289, 1782.5645]
46   	14404.64    	0.027   	1.0000  	[16.2, 16.2]	[front, back]	[1276.3542, 1287.6825]
47   	13545.41    	0.021   	1.0000  	[16.2, 16.2]	[front, back]	[1091.2253, 1106.5260]
48   	13005.81    	0.018   	1.0000  	[16.2, 16.2]	[right, right]	[938.4800, 935.7655]
49   	12594.24    	0.017   	1.0000  	[16.2, 16.2]	[right, right]	[765.6208, 778.1850]
50   	12279.65    	0.016   	1.0000  	[16.2, 16.2]	[right, right]	[667.8461, 677.4190]
51   	12018.00    	0.015   	1.0000  	[16.2, 16.2]	[up, up]	[632.7278, 625.0716]
52   	11801.23    	0.014   	1.0000  	[21.7, 21.7]	[front, back]	[640.6139, 637.2520]
53   	11561.47    	0.014   	1.0000  	[21.7, 21.7]	[front, right]	[648.6759, 650.9454]
54   	11291.56    	0.013   	1.0000  	[21.7, 21.7]	[front, right]	[674.9640, 696.2214]
55   	10979.13    	0.012   	1.0000  	[21.7, 21.7]	[right, back]	[723.8167, 749.9847]
56   	10533.71    	0.013   	1.0000  	[21.7, 21.7]	[right, back]	[825.5719, 828.6938]
57   	9851.57     	0.014   	1.0000  	[21.7, 21.7]	[hover, hover]	[730.7422, 719.4474]
58   	9421.59     	0.013   	1.0000  	[21.7, 21.7]	[hover, hover]	[637.5014, 625.8838]
59   	9086.44     	0.012   	1.0000  	[21.7, 21.7]	[hover, hover]	[555.4840, 547.4301]
60   	8759.68     	0.012   	1.0000  	[21.7, 21.7]	[hover, hover]	[487.0132, 482.1153]
61   	8464.44     	0.011   	1.0000  	[21.7, 21.7]	[hover, hover]	[427.1907, 425.4314]
62   	8191.50     	0.010   	1.0000  	[21.7, 21.7]	[hover, hover]	[377.3355, 374.1535]
63   	8013.70     	0.010   	1.0000  	[21.7, 21.7]	[hover, left]	[329.7849, 334.7536]
64   	7810.60     	0.009   	1.0000  	[21.7, 21.7]	[back, left]	[306.7664, 330.4647]
65   	7757.60     	0.009   	1.0000  	[21.7, 21.7]	[back, left]	[314.8446, 368.4639]
66   	7611.17     	0.009   	1.0000  	[21.7, 21.7]	[back, left]	[320.5228, 397.4092]
67   	7523.31     	0.009   	1.0000  	[21.7, 21.7]	[back, left]	[355.7878, 461.0563]
68   	7445.61     	0.008   	1.0000  	[21.7, 21.7]	[back, left]	[420.3875, 538.2386]
69   	7285.31     	0.008   	1.0000  	[21.7, 21.7]	[back, left]	[525.8379, 639.8537]
70   	7107.24     	0.008   	1.0000  	[21.7, 21.7]	[back, left]	[645.7688, 767.3998]
71   	6813.66     	0.008   	1.0000  	[21.7, 21.7]	[back, front]	[799.3229, 757.4583]
72   	6575.80     	0.008   	1.0000  	[21.7, 21.7]	[hover, front]	[694.0524, 728.7363]
73   	6263.18     	0.007   	1.0000  	[21.7, 21.7]	[hover, front]	[608.0366, 658.9831]
74   	6020.12     	0.007   	1.0000  	[21.7, 21.7]	[hover, front]	[534.1812, 603.1599]
75   	5830.58     	0.006   	1.0000  	[21.7, 21.7]	[hover, front]	[466.9065, 614.5104]
76   	5563.81     	0.006   	1.0000  	[21.7, 21.7]	[left, front]	[417.7091, 643.5725]
77   	5384.49     	0.006   	1.0000  	[21.7, 21.7]	[left, front]	[402.5527, 690.9135]
78   	5209.26     	0.006   	1.0000  	[21.7, 21.7]	[left, front]	[375.7785, 816.6814]
79   	5095.04     	0.005   	1.0000  	[21.7, 21.7]	[left, hover]	[387.7582, 715.1472]
80   	4894.22     	0.005   	1.0000  	[21.7, 21.7]	[left, hover]	[440.2875, 622.6190]
81   	4764.28     	0.005   	1.0000  	[21.7, 21.7]	[left, hover]	[528.8264, 545.1500]
82   	4631.89     	0.005   	1.0000  	[21.7, 21.7]	[left, hover]	[657.5116, 478.1700]
83   	4465.37     	0.004   	1.0000  	[21.7, 21.7]	[left, right]	[842.5759, 420.2412]
84   	4308.02     	0.004   	1.0000  	[21.7, 21.7]	[hover, right]	[734.9650, 416.1232]
85   	4171.06     	0.004   	1.0000  	[21.7, 21.7]	[front, right]	[656.1300, 392.4975]
86   	4083.32     	0.004   	1.0000  	[21.7, 21.7]	[front, right]	[689.1543, 405.5956]
87   	3981.95     	0.003   	1.0000  	[21.7, 21.7]	[front, right]	[691.8482, 450.6783]
88   	3900.15     	0.003   	1.0000  	[21.7, 21.7]	[front, right]	[661.9170, 523.4364]
89   	3825.45     	0.003   	1.0000  	[21.7, 21.7]	[front, right]	[658.0249, 634.2078]
90   	3738.68     	0.003   	1.0000  	[21.7, 21.7]	[front, right]	[649.8910, 783.5103]
91   	3623.14     	0.003   	1.0000  	[21.7, 21.7]	[front, hover]	[633.0541, 679.3417]
92   	3493.10     	0.003   	1.0000  	[21.7, 21.7]	[front, hover]	[612.5208, 591.0103]
93   	3423.50     	0.003   	1.0000  	[21.7, 21.7]	[hover, hover]	[538.7220, 518.9175]
94   	3311.66     	0.002   	1.0000  	[21.7, 21.7]	[hover, hover]	[470.8309, 456.7769]
95   	3231.89     	0.002   	1.0000  	[21.7, 21.7]	[hover, hover]	[415.7529, 402.8943]
96   	3162.58     	0.002   	1.0000  	[21.7, 21.7]	[hover, hover]	[368.8126, 354.9270]
97   	3103.75     	0.002   	1.0000  	[21.7, 21.7]	[hover, hover]	[326.2142, 315.7355]
98   	3051.17     	0.002   	1.0000  	[21.7, 21.7]	[hover, hover]	[288.9017, 280.6093]
99   	3007.52     	0.002   	1.0000  	[21.7, 21.7]	[hover, hover]	[255.5044, 251.7850]
[2025-12-11T11:37:55]
Strategy: greedy_ig
Pairwise: equal
News mode: BS
Num agents: 2
Iteration: 9
Error margin: None
Gaussian radius 5 
Grid info: range: 0-50-50, cell_size:0.125, map shape: (400, 400), center:True
init UAV positions: [(25.0, -25.0, 5.4), (-25.0, 25.0, 5.4)]
mcts_params: {}
Step	Entropy	MSE	Coverage	Heights	Actions	IGs
------------------------------------------------------------------------------------------------------------------------
0    	158826.13   	0.405   	0.0078  	[5.4, 5.4]	[up, up]	[807.8971, 807.8971]
1    	155964.66   	0.409   	0.0312  	[10.8, 10.8]	[up, up]	[1051.1477, 1047.0929]
2    	152524.87   	0.410   	0.0703  	[16.2, 16.2]	[front, back]	[1218.2969, 1211.2301]
3    	149888.35   	0.400   	0.0938  	[16.2, 16.2]	[left, right]	[1511.8357, 1513.2401]
4    	146240.63   	0.394   	0.1250  	[16.2, 16.2]	[left, back]	[1731.2276, 1721.0269]
5    	142347.72   	0.388   	0.1562  	[16.2, 16.2]	[front, right]	[2047.6025, 2033.8366]
6    	137580.93   	0.371   	0.1953  	[16.2, 16.2]	[front, back]	[2272.2707, 2271.1261]
7    	132600.41   	0.351   	0.2344  	[16.2, 16.2]	[left, right]	[2610.4086, 2608.5872]
8    	126683.18   	0.343   	0.2812  	[16.2, 16.2]	[left, right]	[2647.5100, 2662.6611]
9    	121238.04   	0.338   	0.3281  	[16.2, 16.2]	[left, right]	[2713.4628, 2740.7310]
10   	115571.88   	0.329   	0.3750  	[16.2, 16.2]	[left, right]	[2789.1099, 2807.4724]
11   	109798.79   	0.320   	0.4219  	[16.2, 16.2]	[left, right]	[2855.0253, 2882.3509]
12   	103937.07   	0.312   	0.4688  	[16.2, 16.2]	[left, right]	[2921.6969, 2914.4344]
13   	98041.22    	0.304   	0.5156  	[16.2, 16.2]	[left, right]	[2918.2589, 2914.3902]
14   	92189.89    	0.294   	0.5625  	[16.2, 16.2]	[left, right]	[2918.0995, 2912.2133]
15   	86349.67    	0.284   	0.6094  	[16.2, 16.2]	[left, right]	[2914.9629, 2906.6958]
16   	80582.42    	0.273   	0.6562  	[16.2, 16.2]	[left, right]	[2931.8914, 2903.3602]
17   	74798.24    	0.262   	0.7031  	[16.2, 16.2]	[left, right]	[2926.5707, 2915.0904]
18   	68942.00    	0.249   	0.7500  	[16.2, 16.2]	[front, back]	[2747.8401, 2718.2232]
19   	64105.83    	0.213   	0.7969  	[16.2, 16.2]	[front, back]	[2679.1779, 2666.6585]
20   	58776.18    	0.179   	0.8438  	[16.2, 16.2]	[front, back]	[2690.3604, 2682.9836]
21   	53436.73    	0.150   	0.8906  	[16.2, 16.2]	[front, back]	[2751.4939, 2750.4925]
22   	47859.04    	0.122   	0.9375  	[16.2, 16.2]	[front, back]	[2849.8094, 2829.4458]
23   	45802.32    	0.114   	0.9375  	[16.2, 16.2]	[front, back]	[2925.0965, 2930.4923]
24   	43643.90    	0.104   	0.9375  	[16.2, 16.2]	[front, back]	[2915.8164, 2919.5038]
25   	42186.23    	0.098   	0.9375  	[16.2, 16.2]	[front, back]	[2908.6021, 2915.3153]
26   	41036.09    	0.094   	0.9375  	[16.2, 16.2]	[front, back]	[2903.3205, 2922.5966]
27   	40130.74    	0.092   	0.9375  	[16.2, 16.2]	[front, back]	[2898.3346, 2912.3853]
28   	39449.79    	0.091   	0.9375  	[16.2, 16.2]	[right, left]	[2698.2336, 2733.6072]
29   	38501.46    	0.089   	0.9375  	[16.2, 16.2]	[right, left]	[2653.7270, 2660.6394]
30   	37506.76    	0.089   	0.9375  	[16.2, 16.2]	[right, left]	[2679.7807, 2673.3768]
31   	36463.81    	0.087   	0.9375  	[16.2, 16.2]	[right, left]	[2741.8879, 2735.7003]
32   	35298.85    	0.086   	0.9375  	[16.2, 16.2]	[right, left]	[2818.7621, 2823.3404]
33   	34435.43    	0.085   	0.9375  	[16.2, 16.2]	[right, left]	[2924.7337, 2909.3377]
34   	33446.28    	0.083   	0.9375  	[16.2, 16.2]	[right, left]	[2913.9981, 2931.0198]
35   	32372.00    	0.082   	0.9375  	[16.2, 16.2]	[right, left]	[2910.1728, 2929.2335]
36   	31054.97    	0.080   	0.9375  	[16.2, 16.2]	[right, left]	[2904.9622, 2920.1880]
37   	29459.14    	0.078   	0.9375  	[16.2, 16.2]	[right, left]	[2906.2239, 2931.2672]
38   	27294.73    	0.077   	0.9375  	[16.2, 16.2]	[back, front]	[2723.1343, 2739.5880]
39   	26550.88    	0.072   	0.9375  	[16.2, 16.2]	[back, front]	[2678.5218, 2666.9826]
40   	25671.54    	0.067   	0.9375  	[16.2, 16.2]	[back, front]	[2694.7884, 2681.4164]
41   	24604.64    	0.064   	0.9375  	[16.2, 16.2]	[back, front]	[2746.0126, 2744.6711]
42   	23519.42    	0.061   	0.9375  	[16.2, 16.2]	[left, right]	[2325.6844, 2343.5851]
43   	19780.24    	0.050   	0.9688  	[16.2, 16.2]	[left, right]	[2151.3495, 2166.1543]
44   	16177.71    	0.030   	1.0000  	[16.2, 16.2]	[left, right]	[1886.9818, 1899.7496]
45   	15367.83    	0.025   	1.0000  	[16.2, 16.2]	[left, right]	[1705.3576, 1703.5132]
46   	14101.34    	0.021   	1.0000  	[16.2, 16.2]	[back, front]	[1338.2454, 1327.9296]
47   	13381.60    	0.019   	1.0000  	[16.2, 16.2]	[back, front]	[1154.1955, 1142.2636]
48   	12873.71    	0.017   	1.0000  	[16.2, 16.2]	[back, right]	[926.8599, 923.2963]
49   	12488.29    	0.016   	1.0000  	[16.2, 16.2]	[up, right]	[836.2097, 796.3112]
50   	12182.54    	0.015   	1.0000  	[21.7, 16.2]	[right, right]	[825.0308, 704.7319]
51   	11887.06    	0.014   	1.0000  	[21.7, 16.2]	[right, up]	[822.6448, 631.4675]
52   	11626.82    	0.013   	1.0000  	[21.7, 21.7]	[right, front]	[921.5678, 644.5371]
53   	11266.80    	0.013   	1.0000  	[21.7, 21.7]	[back, front]	[821.6882, 649.8220]
54   	10963.82    	0.012   	1.0000  	[21.7, 21.7]	[back, front]	[736.1266, 683.0326]
55   	10600.29    	0.012   	1.0000  	[21.7, 21.7]	[front, right]	[655.3330, 736.7423]
56   	10298.84    	0.012   	1.0000  	[21.7, 21.7]	[front, right]	[586.7184, 824.1678]
57   	9844.09     	0.012   	1.0000  	[21.7, 21.7]	[front, hover]	[523.9615, 714.4147]
58   	9505.00     	0.012   	1.0000  	[21.7, 21.7]	[front, hover]	[483.2330, 617.3522]
59   	9286.74     	0.011   	1.0000  	[21.7, 21.7]	[front, hover]	[506.2349, 539.4868]
60   	9037.47     	0.011   	1.0000  	[21.7, 21.7]	[front, hover]	[532.8411, 461.7553]
61   	8822.53     	0.010   	1.0000  	[21.7, 21.7]	[front, hover]	[583.8591, 405.4364]
62   	8624.38     	0.010   	1.0000  	[21.7, 21.7]	[hover, hover]	[511.7843, 343.6198]
63   	8471.92     	0.009   	1.0000  	[21.7, 21.7]	[up, hover]	[477.0515, 304.2220]
64   	8343.88     	0.009   	1.0000  	[27.1, 21.7]	[left, hover]	[545.7150, 275.7198]
65   	8215.03     	0.009   	1.0000  	[27.1, 21.7]	[hover, back]	[510.4028, 271.8229]
66   	8153.93     	0.009   	1.0000  	[27.1, 21.7]	[hover, back]	[488.9320, 298.4261]
67   	8057.68     	0.009   	1.0000  	[27.1, 21.7]	[hover, back]	[462.8708, 311.3578]
68   	7980.84     	0.008   	1.0000  	[27.1, 21.7]	[hover, back]	[439.0656, 356.8112]
69   	7902.56     	0.008   	1.0000  	[27.1, 21.7]	[hover, back]	[410.8266, 437.9087]
70   	7832.83     	0.008   	1.0000  	[27.1, 21.7]	[left, back]	[386.0474, 528.9487]
71   	7776.25     	0.008   	1.0000  	[27.1, 21.7]	[left, back]	[399.5735, 653.4859]
72   	7685.37     	0.008   	1.0000  	[27.1, 21.7]	[left, back]	[435.7304, 813.1092]
73   	7526.17     	0.008   	1.0000  	[27.1, 21.7]	[left, hover]	[492.2401, 710.1443]
74   	7394.76     	0.008   	1.0000  	[27.1, 21.7]	[left, hover]	[566.1424, 620.1807]
75   	7236.52     	0.008   	1.0000  	[27.1, 21.7]	[left, hover]	[667.9375, 543.0438]
76   	7018.01     	0.007   	1.0000  	[27.1, 21.7]	[down, hover]	[628.1643, 480.3617]
77   	6841.22     	0.007   	1.0000  	[21.7, 21.7]	[left, left]	[714.0402, 432.4366]
78   	6614.68     	0.007   	1.0000  	[21.7, 21.7]	[front, left]	[741.0339, 406.9684]
79   	6473.42     	0.006   	1.0000  	[21.7, 21.7]	[hover, left]	[648.9734, 381.8725]
80   	6272.83     	0.006   	1.0000  	[21.7, 21.7]	[hover, left]	[568.9149, 389.6956]
81   	6129.59     	0.006   	1.0000  	[21.7, 21.7]	[hover, left]	[501.9430, 444.9821]
82   	5891.41     	0.006   	1.0000  	[21.7, 21.7]	[hover, left]	[439.5085, 538.3878]
83   	5713.08     	0.005   	1.0000  	[21.7, 21.7]	[hover, left]	[387.4230, 657.8721]
84   	5438.66     	0.006   	1.0000  	[21.7, 21.7]	[hover, left]	[344.8489, 837.9999]
85   	4993.78     	0.006   	1.0000  	[21.7, 21.7]	[hover, hover]	[305.5278, 729.2930]
86   	4755.06     	0.006   	1.0000  	[21.7, 21.7]	[back, front]	[274.6919, 648.6422]
87   	4594.08     	0.005   	1.0000  	[21.7, 21.7]	[back, front]	[284.7888, 644.8235]
88   	4497.71     	0.004   	1.0000  	[21.7, 21.7]	[back, front]	[292.7567, 632.6164]
89   	4391.27     	0.004   	1.0000  	[21.7, 21.7]	[back, front]	[323.7355, 593.8698]
90   	4309.03     	0.004   	1.0000  	[21.7, 21.7]	[back, front]	[398.1473, 596.4383]
91   	4239.82     	0.004   	1.0000  	[21.7, 21.7]	[back, front]	[497.0978, 618.4744]
92   	4139.01     	0.004   	1.0000  	[21.7, 21.7]	[back, front]	[627.2146, 615.1410]
93   	4022.80     	0.003   	1.0000  	[21.7, 21.7]	[back, front]	[789.4457, 615.0995]
94   	3753.73     	0.003   	1.0000  	[21.7, 21.7]	[hover, hover]	[690.5400, 549.8665]
95   	3636.52     	0.003   	1.0000  	[21.7, 21.7]	[hover, hover]	[602.1465, 488.4872]
96   	3512.74     	0.003   	1.0000  	[21.7, 21.7]	[hover, hover]	[526.6986, 431.0877]
97   	3393.11     	0.003   	1.0000  	[21.7, 21.7]	[hover, hover]	[465.1381, 380.8097]
98   	3289.51     	0.002   	1.0000  	[21.7, 21.7]	[hover, hover]	[406.1983, 334.8627]
99   	3201.86     	0.002   	1.0000  	[21.7, 21.7]	[hover, hover]	[361.5838, 296.2241]
[2025-12-11T11:38:01]
Strategy: greedy_ig
Pairwise: equal
News mode: BS
Num agents: 2
Iteration: 10
Error margin: None
Gaussian radius 5 
Grid info: range: 0-50-50, cell_size:0.125, map shape: (400, 400), center:True
init UAV positions: [(-25.0, 25.0, 5.4), (25.0, -25.0, 5.4)]
mcts_params: {}
Step	Entropy	MSE	Coverage	Heights	Actions	IGs
------------------------------------------------------------------------------------------------------------------------
0    	158826.13   	0.405   	0.0078  	[5.4, 5.4]	[up, up]	[807.8971, 807.8971]
1    	155984.99   	0.409   	0.0312  	[10.8, 10.8]	[up, up]	[1054.7971, 1048.5120]
2    	152548.54   	0.409   	0.0703  	[16.2, 16.2]	[back, front]	[1216.9217, 1212.3794]
3    	149834.77   	0.401   	0.0938  	[16.2, 16.2]	[right, left]	[1508.5186, 1496.4769]
4    	146209.12   	0.394   	0.1250  	[16.2, 16.2]	[back, front]	[1731.0915, 1709.6865]
5    	142353.80   	0.380   	0.1562  	[16.2, 16.2]	[right, left]	[2045.6554, 2032.1094]
6    	137643.69   	0.371   	0.1953  	[16.2, 16.2]	[back, front]	[2291.3885, 2274.2492]
7    	132539.86   	0.352   	0.2344  	[16.2, 16.2]	[right, left]	[2607.7770, 2612.8121]
8    	126644.79   	0.341   	0.2812  	[16.2, 16.2]	[right, left]	[2659.4057, 2647.9472]
9    	121175.15   	0.339   	0.3281  	[16.2, 16.2]	[right, left]	[2721.9916, 2715.7957]
10   	115592.42   	0.328   	0.3750  	[16.2, 16.2]	[right, left]	[2802.4411, 2797.7360]
11   	109726.42   	0.320   	0.4219  	[16.2, 16.2]	[right, left]	[2863.8856, 2866.4031]
12   	103827.72   	0.311   	0.4688  	[16.2, 16.2]	[right, left]	[2906.8262, 2902.7596]
13   	98029.94    	0.303   	0.5156  	[16.2, 16.2]	[right, left]	[2900.3672, 2918.2741]
14   	92153.76    	0.294   	0.5625  	[16.2, 16.2]	[right, left]	[2909.3922, 2910.0379]
15   	86279.50    	0.283   	0.6094  	[16.2, 16.2]	[right, left]	[2884.8235, 2919.0201]
16   	80605.70    	0.272   	0.6562  	[16.2, 16.2]	[right, left]	[2920.2611, 2911.5616]
17   	74626.64    	0.261   	0.7031  	[16.2, 16.2]	[right, left]	[2910.2680, 2905.8853]
18   	68874.27    	0.247   	0.7500  	[16.2, 16.2]	[back, front]	[2727.2363, 2720.1528]
19   	63868.09    	0.211   	0.7969  	[16.2, 16.2]	[back, front]	[2653.9340, 2653.9715]
20   	58656.62    	0.177   	0.8438  	[16.2, 16.2]	[back, front]	[2671.0514, 2677.9368]
21   	53216.32    	0.149   	0.8906  	[16.2, 16.2]	[back, front]	[2744.8282, 2737.1620]
22   	47754.13    	0.120   	0.9375  	[16.2, 16.2]	[back, front]	[2852.0511, 2840.9769]
23   	45472.79    	0.112   	0.9375  	[16.2, 16.2]	[back, front]	[2934.3940, 2916.7044]
24   	43523.96    	0.103   	0.9375  	[16.2, 16.2]	[back, front]	[2925.5915, 2915.6866]
25   	42033.81    	0.096   	0.9375  	[16.2, 16.2]	[back, front]	[2891.5119, 2914.9800]
26   	40908.43    	0.093   	0.9375  	[16.2, 16.2]	[back, front]	[2901.0001, 2916.3882]
27   	39979.77    	0.091   	0.9375  	[16.2, 16.2]	[back, front]	[2901.3945, 2912.6882]
28   	39317.13    	0.090   	0.9375  	[16.2, 16.2]	[left, right]	[2711.5763, 2717.1346]
29   	38292.42    	0.089   	0.9375  	[16.2, 16.2]	[left, right]	[2659.2341, 2664.9168]
30   	37379.01    	0.087   	0.9375  	[16.2, 16.2]	[left, right]	[2686.4718, 2682.6185]
31   	36229.19    	0.086   	0.9375  	[16.2, 16.2]	[left, right]	[2753.0965, 2735.5004]
32   	35131.49    	0.084   	0.9375  	[16.2, 16.2]	[left, right]	[2817.6656, 2813.7701]
33   	34211.65    	0.083   	0.9375  	[16.2, 16.2]	[left, right]	[2899.8312, 2907.4936]
34   	33236.50    	0.081   	0.9375  	[16.2, 16.2]	[left, right]	[2898.5982, 2922.5301]
35   	32221.03    	0.080   	0.9375  	[16.2, 16.2]	[left, right]	[2903.6287, 2928.2051]
36   	30801.56    	0.079   	0.9375  	[16.2, 16.2]	[left, right]	[2914.7252, 2910.6624]
37   	29237.37    	0.077   	0.9375  	[16.2, 16.2]	[left, right]	[2916.9729, 2896.8312]
38   	27169.99    	0.076   	0.9375  	[16.2, 16.2]	[front, back]	[2732.6806, 2706.7204]
39   	26386.73    	0.071   	0.9375  	[16.2, 16.2]	[front, back]	[2671.9430, 2664.0590]
40   	25483.81    	0.067   	0.9375  	[16.2, 16.2]	[front, back]	[2700.3481, 2681.0107]
41   	24460.16    	0.063   	0.9375  	[16.2, 16.2]	[front, back]	[2757.8220, 2741.4986]
42   	23359.41    	0.060   	0.9375  	[16.2, 16.2]	[right, left]	[2350.2769, 2335.3510]
43   	19643.52    	0.049   	0.9688  	[16.2, 16.2]	[right, left]	[2152.5490, 2141.3624]
44   	16036.40    	0.029   	1.0000  	[16.2, 16.2]	[right, left]	[1876.8709, 1898.2612]
45   	15221.95    	0.024   	1.0000  	[16.2, 16.2]	[right, left]	[1691.2048, 1697.7761]
46   	13965.22    	0.020   	1.0000  	[16.2, 16.2]	[front, back]	[1326.2053, 1338.1760]
47   	13271.78    	0.018   	1.0000  	[16.2, 16.2]	[front, back]	[1134.8295, 1151.8800]
48   	12766.62    	0.016   	1.0000  	[16.2, 16.2]	[right, left]	[915.2397, 944.7285]
49   	12358.62    	0.015   	1.0000  	[16.2, 16.2]	[right, left]	[765.6208, 784.0474]
50   	12076.00    	0.014   	1.0000  	[16.2, 16.2]	[right, left]	[694.5429, 711.4309]
51   	11862.46    	0.014   	1.0000  	[16.2, 16.2]	[up, up]	[666.5670, 669.5896]
52   	11589.60    	0.013   	1.0000  	[21.7, 21.7]	[front, back]	[663.5979, 660.9173]
53   	11339.90    	0.013   	1.0000  	[21.7, 21.7]	[right, left]	[663.1518, 661.5406]
54   	10985.37    	0.013   	1.0000  	[21.7, 21.7]	[right, left]	[693.1839, 701.6042]
55   	10567.25    	0.012   	1.0000  	[21.7, 21.7]	[front, back]	[743.2696, 743.8837]
56   	10090.92    	0.012   	1.0000  	[21.7, 21.7]	[front, back]	[827.1371, 829.8449]
57   	9444.85     	0.014   	1.0000  	[21.7, 21.7]	[hover, hover]	[725.5647, 723.2008]
58   	8969.12     	0.013   	1.0000  	[21.7, 21.7]	[hover, hover]	[633.5658, 631.2783]
59   	8549.88     	0.012   	1.0000  	[21.7, 21.7]	[hover, hover]	[550.5597, 550.7397]
60   	8217.68     	0.012   	1.0000  	[21.7, 21.7]	[hover, hover]	[486.1367, 480.3117]
61   	7897.40     	0.011   	1.0000  	[21.7, 21.7]	[hover, hover]	[425.5195, 420.8009]
62   	7652.48     	0.010   	1.0000  	[21.7, 21.7]	[hover, hover]	[374.2660, 373.0459]
63   	7416.91     	0.010   	1.0000  	[21.7, 21.7]	[left, hover]	[331.7657, 330.6636]
64   	7263.78     	0.009   	1.0000  	[21.7, 21.7]	[left, right]	[335.7511, 302.3207]
65   	7147.32     	0.009   	1.0000  	[21.7, 21.7]	[left, right]	[374.0672, 311.5817]
66   	7014.22     	0.009   	1.0000  	[21.7, 21.7]	[left, right]	[394.5150, 357.2994]
67   	6903.52     	0.009   	1.0000  	[21.7, 21.7]	[left, right]	[461.6203, 384.9004]
68   	6761.83     	0.009   	1.0000  	[21.7, 21.7]	[left, right]	[539.6910, 455.7408]
69   	6591.82     	0.008   	1.0000  	[21.7, 21.7]	[left, right]	[645.6277, 530.8172]
70   	6375.35     	0.008   	1.0000  	[21.7, 21.7]	[left, right]	[782.4648, 635.0895]
71   	6090.41     	0.007   	1.0000  	[21.7, 21.7]	[back, right]	[759.2417, 776.3405]
72   	5762.53     	0.007   	1.0000  	[21.7, 21.7]	[back, front]	[724.4671, 766.5433]
73   	5583.28     	0.007   	1.0000  	[21.7, 21.7]	[back, front]	[650.9914, 735.3744]
74   	5400.25     	0.006   	1.0000  	[21.7, 21.7]	[back, front]	[602.6848, 667.1867]
75   	5247.59     	0.006   	1.0000  	[21.7, 21.7]	[back, front]	[616.7667, 606.6162]
76   	5142.39     	0.005   	1.0000  	[21.7, 21.7]	[back, front]	[644.0826, 622.2760]
77   	5067.04     	0.005   	1.0000  	[21.7, 21.7]	[back, front]	[693.7384, 649.6434]
78   	4937.68     	0.005   	1.0000  	[21.7, 21.7]	[back, front]	[810.1941, 699.9187]
79   	4803.46     	0.005   	1.0000  	[21.7, 21.7]	[hover, front]	[709.1610, 821.1000]
80   	4665.90     	0.005   	1.0000  	[21.7, 21.7]	[hover, hover]	[622.7173, 715.4282]
81   	4557.94     	0.004   	1.0000  	[21.7, 21.7]	[hover, hover]	[549.4837, 630.5513]
82   	4430.02     	0.004   	1.0000  	[21.7, 21.7]	[hover, hover]	[482.6091, 550.5642]
83   	4334.17     	0.004   	1.0000  	[21.7, 21.7]	[hover, hover]	[427.2003, 480.6246]
84   	4246.25     	0.004   	1.0000  	[21.7, 21.7]	[right, left]	[383.4045, 433.0147]
85   	4202.23     	0.004   	1.0000  	[21.7, 21.7]	[right, left]	[387.6633, 419.2289]
86   	4156.59     	0.004   	1.0000  	[21.7, 21.7]	[right, left]	[376.6897, 396.3261]
87   	4123.66     	0.004   	1.0000  	[21.7, 21.7]	[right, left]	[392.7812, 402.9909]
88   	4065.26     	0.004   	1.0000  	[21.7, 21.7]	[right, left]	[440.0225, 450.5906]
89   	4018.51     	0.004   	1.0000  	[21.7, 21.7]	[right, left]	[514.4234, 531.3825]
90   	3945.00     	0.003   	1.0000  	[21.7, 21.7]	[right, left]	[619.0483, 633.6511]
91   	3813.37     	0.003   	1.0000  	[21.7, 21.7]	[right, left]	[770.0237, 772.6158]
92   	3687.20     	0.003   	1.0000  	[21.7, 21.7]	[hover, hover]	[677.6636, 674.6871]
93   	3547.27     	0.003   	1.0000  	[21.7, 21.7]	[hover, hover]	[591.1475, 592.5454]
94   	3414.71     	0.003   	1.0000  	[21.7, 21.7]	[hover, hover]	[516.4232, 518.9818]
95   	3330.34     	0.002   	1.0000  	[21.7, 21.7]	[hover, hover]	[454.9854, 456.0671]
96   	3240.35     	0.002   	1.0000  	[21.7, 21.7]	[hover, hover]	[403.3743, 400.5793]
97   	3150.53     	0.002   	1.0000  	[21.7, 21.7]	[hover, hover]	[358.3811, 354.1465]
98   	3100.25     	0.002   	1.0000  	[21.7, 21.7]	[hover, hover]	[317.2253, 316.9959]
99   	3033.82     	0.002   	1.0000  	[21.7, 21.7]	[hover, hover]	[280.3489, 278.8176]
[2025-12-11T11:38:06]
Strategy: greedy_ig
Pairwise: equal
News mode: BS
Num agents: 2
Iteration: 11
Error margin: None
Gaussian radius 5 
Grid info: range: 0-50-50, cell_size:0.125, map shape: (400, 400), center:True
init UAV positions: [(-25.0, -25.0, 5.4), (-25.0, 25.0, 5.4)]
mcts_params: {}
Step	Entropy	MSE	Coverage	Heights	Actions	IGs
------------------------------------------------------------------------------------------------------------------------
0    	158826.13   	0.405   	0.0078  	[5.4, 5.4]	[up, up]	[807.8971, 807.8971]
1    	155960.59   	0.409   	0.0312  	[10.8, 10.8]	[up, up]	[1050.1340, 1047.0929]
2    	152527.78   	0.419   	0.0703  	[16.2, 16.2]	[front, back]	[1216.1145, 1211.2301]
3    	149881.81   	0.420   	0.0938  	[16.2, 16.2]	[right, right]	[1508.8933, 1513.2401]
4    	146238.94   	0.422   	0.1250  	[16.2, 16.2]	[front, back]	[1728.8258, 1721.0269]
5    	142348.82   	0.420   	0.1562  	[16.2, 16.2]	[right, right]	[2046.8140, 2033.8366]
6    	137590.33   	0.423   	0.1953  	[16.2, 16.2]	[front, back]	[2276.4362, 2271.1261]
7    	132609.69   	0.411   	0.2344  	[16.2, 16.2]	[right, right]	[2608.6940, 2608.5872]
8    	126734.61   	0.413   	0.2812  	[16.2, 16.2]	[right, right]	[2667.4813, 2662.6611]
9    	121180.60   	0.422   	0.3281  	[16.2, 16.2]	[right, right]	[2731.0174, 2740.7310]
10   	115555.39   	0.416   	0.3750  	[16.2, 16.2]	[right, right]	[2808.9806, 2807.4724]
11   	109749.34   	0.402   	0.4219  	[16.2, 16.2]	[right, right]	[2870.4948, 2882.3509]
12   	103836.25   	0.382   	0.4688  	[16.2, 16.2]	[right, right]	[2906.8262, 2914.4344]
13   	98011.68    	0.363   	0.5156  	[16.2, 16.2]	[right, right]	[2900.3672, 2914.3902]
14   	92169.57    	0.339   	0.5625  	[16.2, 16.2]	[right, right]	[2909.3922, 2912.2133]
15   	86251.07    	0.313   	0.6094  	[16.2, 16.2]	[right, right]	[2884.8235, 2906.6958]
16   	80577.94    	0.287   	0.6562  	[16.2, 16.2]	[right, right]	[2920.2611, 2903.3602]
17   	74685.17    	0.266   	0.7031  	[16.2, 16.2]	[right, right]	[2910.2680, 2915.0904]
18   	68895.30    	0.248   	0.7500  	[16.2, 16.2]	[front, back]	[2732.9868, 2718.2232]
19   	63975.11    	0.204   	0.7969  	[16.2, 16.2]	[front, back]	[2659.1346, 2666.6585]
20   	58672.77    	0.159   	0.8438  	[16.2, 16.2]	[front, back]	[2392.7937, 2397.0444]
21   	57611.38    	0.153   	0.8438  	[16.2, 16.2]	[front, back]	[2193.2251, 2192.5188]
22   	55850.23    	0.141   	0.8438  	[16.2, 16.2]	[front, back]	[2145.4231, 2146.4767]
23   	54637.19    	0.137   	0.8438  	[16.2, 16.2]	[front, back]	[2471.3092, 2455.9834]
24   	53606.27    	0.134   	0.8438  	[16.2, 16.2]	[front, back]	[2725.1419, 2719.8472]
25   	52642.99    	0.132   	0.8438  	[16.2, 16.2]	[front, back]	[2857.6935, 2870.5074]
26   	51380.37    	0.130   	0.8438  	[16.2, 16.2]	[front, back]	[2903.3205, 2922.5966]
27   	49798.72    	0.128   	0.8438  	[16.2, 16.2]	[front, back]	[2898.3346, 2912.3853]
28   	47642.50    	0.127   	0.8438  	[16.2, 16.2]	[left, left]	[2704.0211, 2733.6072]
29   	46853.44    	0.122   	0.8438  	[16.2, 16.2]	[left, left]	[2662.7934, 2660.6394]
30   	45961.12    	0.120   	0.8438  	[16.2, 16.2]	[left, left]	[2688.3647, 2673.3768]
31   	44891.19    	0.118   	0.8438  	[16.2, 16.2]	[left, left]	[2746.5007, 2735.7003]
32   	43828.83    	0.118   	0.8438  	[16.2, 16.2]	[left, left]	[2818.7333, 2823.3404]
33   	42693.07    	0.117   	0.8438  	[16.2, 16.2]	[left, left]	[2899.8312, 2909.3377]
34   	41593.94    	0.116   	0.8438  	[16.2, 16.2]	[left, left]	[2898.5982, 2931.0198]
35   	40617.57    	0.114   	0.8438  	[16.2, 16.2]	[left, left]	[2903.6287, 2929.2335]
36   	39537.29    	0.113   	0.8438  	[16.2, 16.2]	[left, left]	[2914.7252, 2920.1880]
37   	38470.26    	0.111   	0.8438  	[16.2, 16.2]	[left, left]	[2916.9729, 2931.2672]
38   	37289.13    	0.109   	0.8438  	[16.2, 16.2]	[back, front]	[2726.9674, 2739.5880]
39   	31898.75    	0.092   	0.8906  	[16.2, 16.2]	[back, front]	[2668.2549, 2666.9826]
40   	26540.49    	0.077   	0.9375  	[16.2, 16.2]	[back, front]	[2391.8717, 2395.4772]
41   	25425.64    	0.068   	0.9375  	[16.2, 16.2]	[back, front]	[2185.9724, 2190.0670]
42   	23663.25    	0.063   	0.9375  	[16.2, 16.2]	[right, right]	[1975.6287, 1995.5237]
43   	21471.58    	0.060   	0.9531  	[16.2, 16.2]	[right, right]	[1830.1116, 1856.8361]
44   	19136.65    	0.053   	0.9688  	[16.2, 16.2]	[right, right]	[1748.0755, 1780.7303]
45   	16872.38    	0.040   	0.9844  	[16.2, 16.2]	[right, right]	[1764.5523, 1783.5456]
46   	14495.99    	0.026   	1.0000  	[16.2, 16.2]	[back, front]	[1272.4510, 1283.6712]
47   	13664.21    	0.021   	1.0000  	[16.2, 16.2]	[back, front]	[1099.8244, 1097.4419]
48   	13154.80    	0.019   	1.0000  	[16.2, 16.2]	[right, right]	[929.5365, 932.3348]
49   	12662.39    	0.017   	1.0000  	[16.2, 16.2]	[right, right]	[787.9287, 776.9870]
50   	12368.47    	0.016   	1.0000  	[16.2, 16.2]	[right, right]	[678.6737, 673.3612]
51   	12095.14    	0.015   	1.0000  	[16.2, 16.2]	[up, up]	[625.9361, 622.3288]
52   	11868.94    	0.014   	1.0000  	[21.7, 21.7]	[back, front]	[640.5387, 636.6049]
53   	11631.27    	0.013   	1.0000  	[21.7, 21.7]	[right, right]	[645.7474, 647.5950]
54   	11360.87    	0.013   	1.0000  	[21.7, 21.7]	[right, right]	[667.5802, 680.0750]
55   	11069.50    	0.012   	1.0000  	[21.7, 21.7]	[back, front]	[708.9147, 724.9736]
56   	10658.93    	0.012   	1.0000  	[21.7, 21.7]	[back, front]	[817.6470, 830.4232]
57   	9949.08     	0.014   	1.0000  	[21.7, 21.7]	[hover, hover]	[714.1757, 736.0378]
58   	9550.23     	0.013   	1.0000  	[21.7, 21.7]	[hover, hover]	[625.9399, 642.6600]
59   	9162.34     	0.012   	1.0000  	[21.7, 21.7]	[hover, hover]	[549.2548, 567.2517]
60   	8841.84     	0.011   	1.0000  	[21.7, 21.7]	[hover, hover]	[486.0685, 489.0534]
61   	8542.39     	0.011   	1.0000  	[21.7, 21.7]	[hover, hover]	[427.4042, 429.2963]
62   	8295.66     	0.011   	1.0000  	[21.7, 21.7]	[hover, hover]	[377.9279, 378.4287]
63   	8148.30     	0.010   	1.0000  	[21.7, 21.7]	[left, left]	[343.5714, 335.0679]
64   	8016.37     	0.010   	1.0000  	[21.7, 21.7]	[left, left]	[339.7619, 329.1561]
65   	7888.52     	0.010   	1.0000  	[21.7, 21.7]	[left, left]	[371.4331, 369.8688]
66   	7782.08     	0.009   	1.0000  	[21.7, 21.7]	[left, left]	[405.4478, 400.5194]
67   	7642.75     	0.009   	1.0000  	[21.7, 21.7]	[left, left]	[469.2375, 466.6203]
68   	7494.71     	0.009   	1.0000  	[21.7, 21.7]	[left, left]	[542.7857, 551.5923]
69   	7298.03     	0.009   	1.0000  	[21.7, 21.7]	[left, left]	[641.0920, 646.7907]
70   	6974.42     	0.009   	1.0000  	[21.7, 21.7]	[left, left]	[773.1550, 780.9221]
71   	6496.49     	0.009   	1.0000  	[21.7, 21.7]	[front, back]	[735.6332, 753.9211]
72   	6150.32     	0.007   	1.0000  	[21.7, 21.7]	[front, back]	[675.1839, 683.9208]
73   	5813.06     	0.007   	1.0000  	[21.7, 21.7]	[front, back]	[591.6849, 592.5892]
74   	5575.19     	0.006   	1.0000  	[21.7, 21.7]	[front, back]	[530.9527, 534.5734]
75   	5348.51     	0.006   	1.0000  	[21.7, 21.7]	[front, back]	[551.2083, 557.0838]
76   	5188.14     	0.006   	1.0000  	[21.7, 21.7]	[front, back]	[601.6656, 604.3889]
77   	5039.20     	0.005   	1.0000  	[21.7, 21.7]	[front, back]	[678.3182, 682.2880]
78   	4892.64     	0.005   	1.0000  	[21.7, 21.7]	[front, back]	[812.6217, 806.5729]
79   	4771.00     	0.005   	1.0000  	[21.7, 21.7]	[hover, hover]	[712.1307, 708.7163]
80   	4647.34     	0.005   	1.0000  	[21.7, 21.7]	[hover, hover]	[622.1944, 615.2952]
81   	4524.35     	0.004   	1.0000  	[21.7, 21.7]	[hover, hover]	[549.1966, 544.1484]
82   	4443.46     	0.004   	1.0000  	[21.7, 21.7]	[hover, hover]	[484.0335, 477.6234]
83   	4338.44     	0.004   	1.0000  	[21.7, 21.7]	[hover, right]	[425.9320, 419.8559]
84   	4266.32     	0.004   	1.0000  	[21.7, 21.7]	[right, right]	[391.7830, 412.6362]
85   	4208.89     	0.004   	1.0000  	[21.7, 21.7]	[right, right]	[396.6434, 386.1973]
86   	4160.88     	0.004   	1.0000  	[21.7, 21.7]	[right, right]	[377.4892, 399.8755]
87   	4124.32     	0.004   	1.0000  	[21.7, 21.7]	[right, right]	[389.0259, 441.6686]
88   	4080.72     	0.004   	1.0000  	[21.7, 21.7]	[right, right]	[432.3982, 523.5233]
89   	4040.46     	0.003   	1.0000  	[21.7, 21.7]	[right, right]	[513.1614, 634.2850]
90   	3963.98     	0.003   	1.0000  	[21.7, 21.7]	[right, right]	[616.2857, 779.5615]
91   	3794.76     	0.003   	1.0000  	[21.7, 21.7]	[right, hover]	[764.8619, 680.5037]
92   	3627.01     	0.003   	1.0000  	[21.7, 21.7]	[hover, hover]	[673.9474, 599.4098]
93   	3530.12     	0.003   	1.0000  	[21.7, 21.7]	[hover, hover]	[590.6936, 524.8733]
94   	3376.62     	0.003   	1.0000  	[21.7, 21.7]	[hover, hover]	[520.0495, 460.9031]
95   	3319.64     	0.003   	1.0000  	[21.7, 21.7]	[hover, hover]	[460.3807, 407.7192]
96   	3219.66     	0.002   	1.0000  	[21.7, 21.7]	[hover, hover]	[405.1411, 361.4112]
97   	3136.11     	0.002   	1.0000  	[21.7, 21.7]	[hover, hover]	[357.0143, 320.7673]
98   	3062.78     	0.002   	1.0000  	[21.7, 21.7]	[hover, hover]	[313.4804, 280.2077]
99   	3019.29     	0.002   	1.0000  	[21.7, 21.7]	[hover, hover]	[275.6110, 249.4511]
[2025-12-11T11:38:12]
Strategy: greedy_ig
Pairwise: equal
News mode: BS
Num agents: 2
Iteration: 12
Error margin: None
Gaussian radius 5 
Grid info: range: 0-50-50, cell_size:0.125, map shape: (400, 400), center:True
init UAV positions: [(-25.0, -25.0, 5.4), (-25.0, 25.0, 5.4)]
mcts_params: {}
Step	Entropy	MSE	Coverage	Heights	Actions	IGs
------------------------------------------------------------------------------------------------------------------------
0    	158826.13   	0.405   	0.0078  	[5.4, 5.4]	[up, up]	[807.8971, 807.8971]
1    	155960.59   	0.409   	0.0312  	[10.8, 10.8]	[up, up]	[1050.1340, 1047.0929]
2    	152527.78   	0.419   	0.0703  	[16.2, 16.2]	[front, back]	[1216.1145, 1211.2301]
3    	149881.81   	0.420   	0.0938  	[16.2, 16.2]	[right, right]	[1508.8933, 1513.2401]
4    	146238.94   	0.422   	0.1250  	[16.2, 16.2]	[front, back]	[1728.8258, 1721.0269]
5    	142348.82   	0.420   	0.1562  	[16.2, 16.2]	[right, right]	[2046.8140, 2033.8366]
6    	137590.33   	0.423   	0.1953  	[16.2, 16.2]	[front, back]	[2276.4362, 2271.1261]
7    	132609.69   	0.411   	0.2344  	[16.2, 16.2]	[right, right]	[2608.6940, 2608.5872]
8    	126734.61   	0.413   	0.2812  	[16.2, 16.2]	[right, right]	[2667.4813, 2662.6611]
9    	121180.60   	0.422   	0.3281  	[16.2, 16.2]	[right, right]	[2731.0174, 2740.7310]
10   	115555.39   	0.416   	0.3750  	[16.2, 16.2]	[right, right]	[2808.9806, 2807.4724]
11   	109749.34   	0.402   	0.4219  	[16.2, 16.2]	[right, right]	[2870.4948, 2882.3509]
12   	103836.25   	0.382   	0.4688  	[16.2, 16.2]	[right, right]	[2906.8262, 2914.4344]
13   	98011.68    	0.363   	0.5156  	[16.2, 16.2]	[right, right]	[2900.3672, 2914.3902]
14   	92169.57    	0.339   	0.5625  	[16.2, 16.2]	[right, right]	[2909.3922, 2912.2133]
15   	86251.07    	0.313   	0.6094  	[16.2, 16.2]	[right, right]	[2884.8235, 2906.6958]
16   	80577.94    	0.287   	0.6562  	[16.2, 16.2]	[right, right]	[2920.2611, 2903.3602]
17   	74685.17    	0.266   	0.7031  	[16.2, 16.2]	[right, right]	[2910.2680, 2915.0904]
18   	68895.30    	0.248   	0.7500  	[16.2, 16.2]	[front, back]	[2732.9868, 2718.2232]
19   	63975.11    	0.204   	0.7969  	[16.2, 16.2]	[front, back]	[2659.1346, 2666.6585]
20   	58672.77    	0.159   	0.8438  	[16.2, 16.2]	[front, back]	[2392.7937, 2397.0444]
21   	57611.38    	0.153   	0.8438  	[16.2, 16.2]	[front, back]	[2193.2251, 2192.5188]
22   	55850.23    	0.141   	0.8438  	[16.2, 16.2]	[front, back]	[2145.4231, 2146.4767]
23   	54637.19    	0.137   	0.8438  	[16.2, 16.2]	[front, back]	[2471.3092, 2455.9834]
24   	53606.27    	0.134   	0.8438  	[16.2, 16.2]	[front, back]	[2725.1419, 2719.8472]
25   	52642.99    	0.132   	0.8438  	[16.2, 16.2]	[front, back]	[2857.6935, 2870.5074]
26   	51380.37    	0.130   	0.8438  	[16.2, 16.2]	[front, back]	[2903.3205, 2922.5966]
27   	49798.72    	0.128   	0.8438  	[16.2, 16.2]	[front, back]	[2898.3346, 2912.3853]
28   	47642.50    	0.127   	0.8438  	[16.2, 16.2]	[left, left]	[2704.0211, 2733.6072]
29   	46853.44    	0.122   	0.8438  	[16.2, 16.2]	[left, left]	[2662.7934, 2660.6394]
30   	45961.12    	0.120   	0.8438  	[16.2, 16.2]	[left, left]	[2688.3647, 2673.3768]
31   	44891.19    	0.118   	0.8438  	[16.2, 16.2]	[left, left]	[2746.5007, 2735.7003]
32   	43828.83    	0.118   	0.8438  	[16.2, 16.2]	[left, left]	[2818.7333, 2823.3404]
33   	42693.07    	0.117   	0.8438  	[16.2, 16.2]	[left, left]	[2899.8312, 2909.3377]
34   	41593.94    	0.116   	0.8438  	[16.2, 16.2]	[left, left]	[2898.5982, 2931.0198]
35   	40617.57    	0.114   	0.8438  	[16.2, 16.2]	[left, left]	[2903.6287, 2929.2335]
36   	39537.29    	0.113   	0.8438  	[16.2, 16.2]	[left, left]	[2914.7252, 2920.1880]
37   	38470.26    	0.111   	0.8438  	[16.2, 16.2]	[left, left]	[2916.9729, 2931.2672]
38   	37289.13    	0.109   	0.8438  	[16.2, 16.2]	[back, front]	[2726.9674, 2739.5880]
39   	31898.75    	0.092   	0.8906  	[16.2, 16.2]	[back, front]	[2668.2549, 2666.9826]
40   	26540.49    	0.077   	0.9375  	[16.2, 16.2]	[back, front]	[2391.8717, 2395.4772]
41   	25425.64    	0.068   	0.9375  	[16.2, 16.2]	[back, front]	[2185.9724, 2190.0670]
42   	23663.25    	0.063   	0.9375  	[16.2, 16.2]	[right, right]	[1975.6287, 1995.5237]
43   	21471.58    	0.060   	0.9531  	[16.2, 16.2]	[right, right]	[1830.1116, 1856.8361]
44   	19136.65    	0.053   	0.9688  	[16.2, 16.2]	[right, right]	[1748.0755, 1780.7303]
45   	16872.38    	0.040   	0.9844  	[16.2, 16.2]	[right, right]	[1764.5523, 1783.5456]
46   	14495.99    	0.026   	1.0000  	[16.2, 16.2]	[back, front]	[1272.4510, 1283.6712]
47   	13664.21    	0.021   	1.0000  	[16.2, 16.2]	[back, front]	[1099.8244, 1097.4419]
48   	13154.80    	0.019   	1.0000  	[16.2, 16.2]	[right, right]	[929.5365, 932.3348]
49   	12662.39    	0.017   	1.0000  	[16.2, 16.2]	[right, right]	[787.9287, 776.9870]
50   	12368.47    	0.016   	1.0000  	[16.2, 16.2]	[right, right]	[678.6737, 673.3612]
51   	12095.14    	0.015   	1.0000  	[16.2, 16.2]	[up, up]	[625.9361, 622.3288]
52   	11868.94    	0.014   	1.0000  	[21.7, 21.7]	[back, front]	[640.5387, 636.6049]
53   	11631.27    	0.013   	1.0000  	[21.7, 21.7]	[right, right]	[645.7474, 647.5950]
54   	11360.87    	0.013   	1.0000  	[21.7, 21.7]	[right, right]	[667.5802, 680.0750]
55   	11069.50    	0.012   	1.0000  	[21.7, 21.7]	[back, front]	[708.9147, 724.9736]
56   	10658.93    	0.012   	1.0000  	[21.7, 21.7]	[back, front]	[817.6470, 830.4232]
57   	9949.08     	0.014   	1.0000  	[21.7, 21.7]	[hover, hover]	[714.1757, 736.0378]
58   	9550.23     	0.013   	1.0000  	[21.7, 21.7]	[hover, hover]	[625.9399, 642.6600]
59   	9162.34     	0.012   	1.0000  	[21.7, 21.7]	[hover, hover]	[549.2548, 567.2517]
60   	8841.84     	0.011   	1.0000  	[21.7, 21.7]	[hover, hover]	[486.0685, 489.0534]
61   	8542.39     	0.011   	1.0000  	[21.7, 21.7]	[hover, hover]	[427.4042, 429.2963]
62   	8295.66     	0.011   	1.0000  	[21.7, 21.7]	[hover, hover]	[377.9279, 378.4287]
63   	8148.30     	0.010   	1.0000  	[21.7, 21.7]	[left, left]	[343.5714, 335.0679]
64   	8016.37     	0.010   	1.0000  	[21.7, 21.7]	[left, left]	[339.7619, 329.1561]
65   	7888.52     	0.010   	1.0000  	[21.7, 21.7]	[left, left]	[371.4331, 369.8688]
66   	7782.08     	0.009   	1.0000  	[21.7, 21.7]	[left, left]	[405.4478, 400.5194]
67   	7642.75     	0.009   	1.0000  	[21.7, 21.7]	[left, left]	[469.2375, 466.6203]
68   	7494.71     	0.009   	1.0000  	[21.7, 21.7]	[left, left]	[542.7857, 551.5923]
69   	7298.03     	0.009   	1.0000  	[21.7, 21.7]	[left, left]	[641.0920, 646.7907]
70   	6974.42     	0.009   	1.0000  	[21.7, 21.7]	[left, left]	[773.1550, 780.9221]
71   	6496.49     	0.009   	1.0000  	[21.7, 21.7]	[front, back]	[735.6332, 753.9211]
72   	6150.32     	0.007   	1.0000  	[21.7, 21.7]	[front, back]	[675.1839, 683.9208]
73   	5813.06     	0.007   	1.0000  	[21.7, 21.7]	[front, back]	[591.6849, 592.5892]
74   	5575.19     	0.006   	1.0000  	[21.7, 21.7]	[front, back]	[530.9527, 534.5734]
75   	5348.51     	0.006   	1.0000  	[21.7, 21.7]	[front, back]	[551.2083, 557.0838]
76   	5188.14     	0.006   	1.0000  	[21.7, 21.7]	[front, back]	[601.6656, 604.3889]
77   	5039.20     	0.005   	1.0000  	[21.7, 21.7]	[front, back]	[678.3182, 682.2880]
78   	4892.64     	0.005   	1.0000  	[21.7, 21.7]	[front, back]	[812.6217, 806.5729]
79   	4771.00     	0.005   	1.0000  	[21.7, 21.7]	[hover, hover]	[712.1307, 708.7163]
80   	4647.34     	0.005   	1.0000  	[21.7, 21.7]	[hover, hover]	[622.1944, 615.2952]
81   	4524.35     	0.004   	1.0000  	[21.7, 21.7]	[hover, hover]	[549.1966, 544.1484]
82   	4443.46     	0.004   	1.0000  	[21.7, 21.7]	[hover, hover]	[484.0335, 477.6234]
83   	4338.44     	0.004   	1.0000  	[21.7, 21.7]	[hover, right]	[425.9320, 419.8559]
84   	4266.32     	0.004   	1.0000  	[21.7, 21.7]	[right, right]	[391.7830, 412.6362]
85   	4208.89     	0.004   	1.0000  	[21.7, 21.7]	[right, right]	[396.6434, 386.1973]
86   	4160.88     	0.004   	1.0000  	[21.7, 21.7]	[right, right]	[377.4892, 399.8755]
87   	4124.32     	0.004   	1.0000  	[21.7, 21.7]	[right, right]	[389.0259, 441.6686]
88   	4080.72     	0.004   	1.0000  	[21.7, 21.7]	[right, right]	[432.3982, 523.5233]
89   	4040.46     	0.003   	1.0000  	[21.7, 21.7]	[right, right]	[513.1614, 634.2850]
90   	3963.98     	0.003   	1.0000  	[21.7, 21.7]	[right, right]	[616.2857, 779.5615]
91   	3794.76     	0.003   	1.0000  	[21.7, 21.7]	[right, hover]	[764.8619, 680.5037]
92   	3627.01     	0.003   	1.0000  	[21.7, 21.7]	[hover, hover]	[673.9474, 599.4098]
93   	3530.12     	0.003   	1.0000  	[21.7, 21.7]	[hover, hover]	[590.6936, 524.8733]
94   	3376.62     	0.003   	1.0000  	[21.7, 21.7]	[hover, hover]	[520.0495, 460.9031]
95   	3319.64     	0.003   	1.0000  	[21.7, 21.7]	[hover, hover]	[460.3807, 407.7192]
96   	3219.66     	0.002   	1.0000  	[21.7, 21.7]	[hover, hover]	[405.1411, 361.4112]
97   	3136.11     	0.002   	1.0000  	[21.7, 21.7]	[hover, hover]	[357.0143, 320.7673]
98   	3062.78     	0.002   	1.0000  	[21.7, 21.7]	[hover, hover]	[313.4804, 280.2077]
99   	3019.29     	0.002   	1.0000  	[21.7, 21.7]	[hover, hover]	[275.6110, 249.4511]
[2025-12-11T11:38:17]
Strategy: greedy_ig
Pairwise: equal
News mode: BS
Num agents: 2
Iteration: 13
Error margin: None
Gaussian radius 5 
Grid info: range: 0-50-50, cell_size:0.125, map shape: (400, 400), center:True
init UAV positions: [(25.0, 25.0, 5.4), (-25.0, -25.0, 5.4)]
mcts_params: {}
Step	Entropy	MSE	Coverage	Heights	Actions	IGs
------------------------------------------------------------------------------------------------------------------------
0    	158826.13   	0.405   	0.0078  	[5.4, 5.4]	[up, up]	[807.8971, 807.8971]
1    	155949.20   	0.409   	0.0312  	[10.8, 10.8]	[up, up]	[1049.1203, 1045.2682]
2    	152561.00   	0.418   	0.0703  	[16.2, 16.2]	[back, front]	[1218.5389, 1211.1633]
3    	149879.63   	0.414   	0.0938  	[16.2, 16.2]	[left, right]	[1511.4821, 1502.6331]
4    	146211.93   	0.412   	0.1250  	[16.2, 16.2]	[back, front]	[1730.0320, 1715.3999]
5    	142339.80   	0.399   	0.1562  	[16.2, 16.2]	[left, right]	[2049.3394, 2030.3312]
6    	137591.71   	0.393   	0.1953  	[16.2, 16.2]	[left, front]	[2284.4989, 2270.6766]
7    	132655.76   	0.382   	0.2344  	[16.2, 16.2]	[back, right]	[2618.9421, 2614.8251]
8    	126678.10   	0.359   	0.2812  	[16.2, 16.2]	[left, right]	[2640.3586, 2663.7193]
9    	121200.89   	0.357   	0.3281  	[16.2, 16.2]	[left, right]	[2690.2499, 2737.8499]
10   	115651.56   	0.348   	0.3750  	[16.2, 16.2]	[left, right]	[2778.0608, 2809.5300]
11   	109819.34   	0.340   	0.4219  	[16.2, 16.2]	[left, right]	[2836.4371, 2882.4150]
12   	103978.08   	0.331   	0.4688  	[16.2, 16.2]	[left, right]	[2883.5294, 2914.4344]
13   	98127.74    	0.322   	0.5156  	[16.2, 16.2]	[left, right]	[2918.2589, 2914.3902]
14   	92232.14    	0.308   	0.5625  	[16.2, 16.2]	[left, right]	[2918.0995, 2912.2133]
15   	86391.92    	0.294   	0.6094  	[16.2, 16.2]	[left, right]	[2914.9629, 2906.6958]
16   	80624.67    	0.280   	0.6562  	[16.2, 16.2]	[left, right]	[2931.8914, 2903.3602]
17   	74840.49    	0.265   	0.7031  	[16.2, 16.2]	[left, right]	[2926.5707, 2915.0904]
18   	68984.25    	0.250   	0.7500  	[16.2, 16.2]	[back, front]	[2738.3506, 2724.0615]
19   	64139.63    	0.220   	0.7969  	[16.2, 16.2]	[back, front]	[2683.1977, 2660.7095]
20   	58875.56    	0.187   	0.8438  	[16.2, 16.2]	[back, front]	[2682.0892, 2695.1214]
21   	53397.97    	0.156   	0.8906  	[16.2, 16.2]	[back, front]	[2745.1506, 2746.2925]
22   	48007.27    	0.122   	0.9375  	[16.2, 16.2]	[back, front]	[2854.7906, 2844.3065]
23   	45510.86    	0.114   	0.9375  	[16.2, 16.2]	[back, front]	[2934.3940, 2916.7044]
24   	43675.46    	0.107   	0.9375  	[16.2, 16.2]	[back, front]	[2925.5915, 2915.6866]
25   	42097.79    	0.098   	0.9375  	[16.2, 16.2]	[back, front]	[2891.5119, 2914.9800]
26   	40963.85    	0.096   	0.9375  	[16.2, 16.2]	[back, front]	[2901.0001, 2916.3882]
27   	40080.31    	0.093   	0.9375  	[16.2, 16.2]	[back, front]	[2901.3945, 2912.6882]
28   	39433.03    	0.093   	0.9375  	[16.2, 16.2]	[right, left]	[2710.4336, 2713.4135]
29   	38434.77    	0.090   	0.9375  	[16.2, 16.2]	[right, left]	[2651.6232, 2667.7520]
30   	37462.04    	0.090   	0.9375  	[16.2, 16.2]	[right, left]	[2681.7434, 2693.0209]
31   	36399.75    	0.088   	0.9375  	[16.2, 16.2]	[right, left]	[2750.5277, 2747.8015]
32   	35217.83    	0.086   	0.9375  	[16.2, 16.2]	[right, left]	[2825.4102, 2830.6089]
33   	34374.58    	0.085   	0.9375  	[16.2, 16.2]	[right, left]	[2924.7337, 2909.3377]
34   	33343.67    	0.084   	0.9375  	[16.2, 16.2]	[right, left]	[2913.9981, 2931.0198]
35   	32298.59    	0.082   	0.9375  	[16.2, 16.2]	[right, left]	[2910.1728, 2929.2335]
36   	30989.26    	0.081   	0.9375  	[16.2, 16.2]	[right, left]	[2904.9622, 2920.1880]
37   	29338.06    	0.078   	0.9375  	[16.2, 16.2]	[right, left]	[2906.2239, 2931.2672]
38   	27278.68    	0.077   	0.9375  	[16.2, 16.2]	[front, back]	[2715.2626, 2729.2418]
39   	26392.04    	0.072   	0.9375  	[16.2, 16.2]	[front, back]	[2668.1000, 2666.8850]
40   	25581.39    	0.067   	0.9375  	[16.2, 16.2]	[front, back]	[2696.2645, 2685.2317]
41   	24496.14    	0.064   	0.9375  	[16.2, 16.2]	[front, back]	[2755.7509, 2746.4325]
42   	23431.31    	0.061   	0.9375  	[16.2, 16.2]	[left, right]	[2343.6114, 2343.2125]
43   	19708.34    	0.050   	0.9688  	[16.2, 16.2]	[left, right]	[2155.9544, 2158.3934]
44   	16066.38    	0.030   	1.0000  	[16.2, 16.2]	[left, right]	[1895.1921, 1900.2253]
45   	15262.47    	0.025   	1.0000  	[16.2, 16.2]	[left, right]	[1701.2285, 1705.5463]
46   	14011.28    	0.021   	1.0000  	[16.2, 16.2]	[front, back]	[1340.0817, 1341.0599]
47   	13330.69    	0.019   	1.0000  	[16.2, 16.2]	[front, back]	[1142.7167, 1148.8044]
48   	12742.05    	0.017   	1.0000  	[16.2, 16.2]	[left, right]	[911.2216, 927.4764]
49   	12347.53    	0.016   	1.0000  	[16.2, 16.2]	[left, right]	[788.0399, 778.1850]
50   	12099.97    	0.015   	1.0000  	[16.2, 16.2]	[left, right]	[699.2693, 709.1372]
51   	11848.16    	0.015   	1.0000  	[16.2, 16.2]	[up, up]	[668.3336, 660.8313]
52   	11626.11    	0.014   	1.0000  	[21.7, 21.7]	[front, back]	[666.4142, 659.3593]
53   	11320.73    	0.013   	1.0000  	[21.7, 21.7]	[front, right]	[662.8310, 670.6249]
54   	11037.92    	0.013   	1.0000  	[21.7, 21.7]	[front, right]	[691.6349, 708.5890]
55   	10617.81    	0.012   	1.0000  	[21.7, 21.7]	[left, back]	[746.2080, 751.9232]
56   	10217.28    	0.013   	1.0000  	[21.7, 21.7]	[left, back]	[848.0032, 828.6938]
57   	9470.44     	0.013   	1.0000  	[21.7, 21.7]	[hover, hover]	[744.9532, 719.4474]
58   	8991.70     	0.013   	1.0000  	[21.7, 21.7]	[hover, hover]	[647.9597, 625.8838]
59   	8594.01     	0.012   	1.0000  	[21.7, 21.7]	[hover, hover]	[565.9018, 547.4301]
60   	8299.72     	0.011   	1.0000  	[21.7, 21.7]	[hover, hover]	[493.9199, 482.1153]
61   	7922.00     	0.011   	1.0000  	[21.7, 21.7]	[hover, hover]	[435.1772, 425.4314]
62   	7702.34     	0.010   	1.0000  	[21.7, 21.7]	[hover, hover]	[386.5692, 374.1535]
63   	7450.79     	0.009   	1.0000  	[21.7, 21.7]	[back, left]	[351.1237, 334.7536]
64   	7300.07     	0.009   	1.0000  	[21.7, 21.7]	[back, left]	[351.3335, 329.0466]
65   	7119.91     	0.009   	1.0000  	[21.7, 21.7]	[back, left]	[347.1294, 366.0605]
66   	6979.09     	0.008   	1.0000  	[21.7, 21.7]	[back, left]	[376.8616, 390.9892]
67   	6822.97     	0.008   	1.0000  	[21.7, 21.7]	[back, left]	[437.4848, 437.4523]
68   	6631.28     	0.008   	1.0000  	[21.7, 21.7]	[back, left]	[515.9150, 499.7208]
69   	6451.13     	0.007   	1.0000  	[21.7, 21.7]	[back, left]	[613.2269, 579.0967]
70   	6246.06     	0.007   	1.0000  	[21.7, 21.7]	[back, left]	[732.3489, 677.9777]
71   	6017.99     	0.007   	1.0000  	[21.7, 21.7]	[back, front]	[585.1612, 678.5581]
72   	5889.12     	0.006   	1.0000  	[21.7, 21.7]	[down, front]	[568.6924, 675.3069]
73   	5781.29     	0.006   	1.0000  	[16.2, 21.7]	[left, front]	[602.0850, 628.1337]
74   	5718.01     	0.006   	1.0000  	[16.2, 21.7]	[hover, front]	[495.3610, 576.1259]
75   	5625.91     	0.006   	1.0000  	[16.2, 21.7]	[hover, front]	[398.8782, 601.4344]
76   	5534.70     	0.006   	1.0000  	[16.2, 21.7]	[hover, front]	[326.1516, 644.9959]
77   	5470.16     	0.006   	1.0000  	[16.2, 21.7]	[hover, front]	[268.2366, 698.2434]
78   	5390.21     	0.006   	1.0000  	[16.2, 21.7]	[right, front]	[219.4618, 817.8624]
79   	5270.67     	0.006   	1.0000  	[16.2, 21.7]	[right, hover]	[234.8697, 713.9501]
80   	5208.90     	0.005   	1.0000  	[16.2, 21.7]	[right, hover]	[305.1254, 632.9289]
81   	5106.88     	0.005   	1.0000  	[16.2, 21.7]	[right, hover]	[363.4991, 549.4138]
82   	5067.46     	0.005   	1.0000  	[16.2, 21.7]	[right, hover]	[377.2211, 482.1900]
83   	4986.66     	0.005   	1.0000  	[16.2, 21.7]	[right, right]	[406.1197, 427.0495]
84   	4921.29     	0.005   	1.0000  	[16.2, 21.7]	[right, right]	[467.3560, 418.3939]
85   	4864.77     	0.005   	1.0000  	[16.2, 21.7]	[right, right]	[548.9316, 397.4211]
86   	4811.20     	0.005   	1.0000  	[16.2, 21.7]	[right, right]	[668.8166, 405.6694]
87   	4718.73     	0.005   	1.0000  	[16.2, 21.7]	[right, right]	[854.3843, 454.9233]
88   	4523.78     	0.004   	1.0000  	[16.2, 21.7]	[hover, right]	[670.9647, 526.0473]
89   	4380.27     	0.004   	1.0000  	[16.2, 21.7]	[front, right]	[538.3401, 636.2767]
90   	4162.98     	0.004   	1.0000  	[16.2, 21.7]	[front, right]	[525.4303, 782.7385]
91   	3981.83     	0.004   	1.0000  	[16.2, 21.7]	[front, hover]	[578.9895, 680.1597]
92   	3833.90     	0.003   	1.0000  	[16.2, 21.7]	[front, hover]	[714.0167, 590.5634]
93   	3636.49     	0.003   	1.0000  	[16.2, 21.7]	[front, hover]	[816.9000, 511.5609]
94   	3511.54     	0.003   	1.0000  	[16.2, 21.7]	[front, hover]	[780.3869, 445.2089]
95   	3334.25     	0.002   	1.0000  	[16.2, 21.7]	[front, hover]	[700.0560, 380.0500]
96   	3215.10     	0.002   	1.0000  	[16.2, 21.7]	[front, hover]	[599.9076, 329.8635]
97   	3121.33     	0.002   	1.0000  	[16.2, 21.7]	[front, hover]	[515.6150, 280.5221]
98   	3050.10     	0.002   	1.0000  	[16.2, 21.7]	[front, hover]	[438.7113, 244.0087]
99   	2965.38     	0.002   	1.0000  	[16.2, 21.7]	[left, hover]	[366.8699, 212.0748]
[2025-12-11T11:38:22]
Strategy: greedy_ig
Pairwise: equal
News mode: BS
Num agents: 2
Iteration: 14
Error margin: None
Gaussian radius 5 
Grid info: range: 0-50-50, cell_size:0.125, map shape: (400, 400), center:True
init UAV positions: [(-25.0, -25.0, 5.4), (25.0, 25.0, 5.4)]
mcts_params: {}
Step	Entropy	MSE	Coverage	Heights	Actions	IGs
------------------------------------------------------------------------------------------------------------------------
0    	158826.13   	0.405   	0.0078  	[5.4, 5.4]	[up, up]	[807.8971, 807.8971]
1    	155963.84   	0.409   	0.0312  	[10.8, 10.8]	[up, up]	[1050.1340, 1047.9038]
2    	152561.41   	0.418   	0.0703  	[16.2, 16.2]	[front, back]	[1216.1145, 1217.4506]
3    	149871.65   	0.414   	0.0938  	[16.2, 16.2]	[right, left]	[1508.8933, 1511.4962]
4    	146212.17   	0.412   	0.1250  	[16.2, 16.2]	[front, back]	[1728.8258, 1714.0178]
5    	142383.00   	0.398   	0.1562  	[16.2, 16.2]	[right, left]	[2046.8140, 2036.4962]
6    	137580.88   	0.393   	0.1953  	[16.2, 16.2]	[front, back]	[2276.4362, 2273.2519]
7    	132598.87   	0.370   	0.2344  	[16.2, 16.2]	[right, left]	[2608.6940, 2608.2215]
8    	126654.46   	0.359   	0.2812  	[16.2, 16.2]	[right, left]	[2667.4813, 2642.7560]
9    	121164.28   	0.360   	0.3281  	[16.2, 16.2]	[right, left]	[2731.0174, 2727.9030]
10   	115532.65   	0.346   	0.3750  	[16.2, 16.2]	[right, left]	[2808.9806, 2803.1454]
11   	109673.75   	0.340   	0.4219  	[16.2, 16.2]	[right, left]	[2870.4948, 2869.7468]
12   	103775.05   	0.330   	0.4688  	[16.2, 16.2]	[right, left]	[2906.8262, 2902.7596]
13   	97998.55    	0.321   	0.5156  	[16.2, 16.2]	[right, left]	[2900.3672, 2918.2741]
14   	92122.37    	0.308   	0.5625  	[16.2, 16.2]	[right, left]	[2909.3922, 2910.0379]
15   	86248.11    	0.292   	0.6094  	[16.2, 16.2]	[right, left]	[2884.8235, 2919.0201]
16   	80574.31    	0.278   	0.6562  	[16.2, 16.2]	[right, left]	[2920.2611, 2911.5616]
17   	74595.25    	0.264   	0.7031  	[16.2, 16.2]	[right, left]	[2910.2680, 2905.8853]
18   	68842.88    	0.248   	0.7500  	[16.2, 16.2]	[front, back]	[2732.9868, 2713.6791]
19   	63831.13    	0.218   	0.7969  	[16.2, 16.2]	[front, back]	[2659.1346, 2654.2465]
20   	58579.76    	0.186   	0.8438  	[16.2, 16.2]	[front, back]	[2678.7330, 2677.7685]
21   	53211.60    	0.154   	0.8906  	[16.2, 16.2]	[front, back]	[2743.9904, 2745.7799]
22   	47603.95    	0.122   	0.9375  	[16.2, 16.2]	[front, back]	[2852.8365, 2827.5185]
23   	45558.61    	0.113   	0.9375  	[16.2, 16.2]	[front, back]	[2925.0965, 2930.4923]
24   	43502.73    	0.104   	0.9375  	[16.2, 16.2]	[front, back]	[2915.8164, 2919.5038]
25   	42026.17    	0.097   	0.9375  	[16.2, 16.2]	[front, back]	[2908.6021, 2915.3153]
26   	40922.36    	0.094   	0.9375  	[16.2, 16.2]	[front, back]	[2903.3205, 2922.5966]
27   	40002.09    	0.091   	0.9375  	[16.2, 16.2]	[front, back]	[2898.3346, 2912.3853]
28   	39335.24    	0.091   	0.9375  	[16.2, 16.2]	[left, right]	[2704.0211, 2735.5966]
29   	38335.27    	0.090   	0.9375  	[16.2, 16.2]	[left, right]	[2662.7934, 2673.1509]
30   	37368.01    	0.089   	0.9375  	[16.2, 16.2]	[left, right]	[2688.3647, 2692.6498]
31   	36225.42    	0.087   	0.9375  	[16.2, 16.2]	[left, right]	[2746.5007, 2744.4615]
32   	35128.11    	0.086   	0.9375  	[16.2, 16.2]	[left, right]	[2818.7333, 2819.1290]
33   	34190.45    	0.085   	0.9375  	[16.2, 16.2]	[left, right]	[2899.8312, 2907.4936]
34   	33222.35    	0.083   	0.9375  	[16.2, 16.2]	[left, right]	[2898.5982, 2922.5301]
35   	32236.65    	0.082   	0.9375  	[16.2, 16.2]	[left, right]	[2903.6287, 2928.2051]
36   	30838.67    	0.080   	0.9375  	[16.2, 16.2]	[left, right]	[2914.7252, 2910.6624]
37   	29241.51    	0.078   	0.9375  	[16.2, 16.2]	[left, right]	[2916.9729, 2896.8312]
38   	27156.95    	0.077   	0.9375  	[16.2, 16.2]	[back, front]	[2726.9674, 2707.2174]
39   	26415.95    	0.072   	0.9375  	[16.2, 16.2]	[back, front]	[2668.2549, 2656.4613]
40   	25508.47    	0.067   	0.9375  	[16.2, 16.2]	[back, front]	[2677.8109, 2679.8691]
41   	24420.88    	0.064   	0.9375  	[16.2, 16.2]	[back, front]	[2741.6553, 2742.1726]
42   	23346.85    	0.061   	0.9375  	[16.2, 16.2]	[right, left]	[2321.2672, 2341.1487]
43   	19696.89    	0.050   	0.9688  	[16.2, 16.2]	[right, left]	[2135.4612, 2147.2540]
44   	16032.53    	0.031   	1.0000  	[16.2, 16.2]	[right, left]	[1864.9785, 1881.2954]
45   	15249.60    	0.025   	1.0000  	[16.2, 16.2]	[right, left]	[1684.5674, 1692.2327]
46   	13937.19    	0.021   	1.0000  	[16.2, 16.2]	[back, front]	[1317.1008, 1335.0173]
47   	13229.09    	0.019   	1.0000  	[16.2, 16.2]	[back, front]	[1131.7811, 1145.8218]
48   	12745.68    	0.017   	1.0000  	[16.2, 16.2]	[right, left]	[918.9389, 919.8696]
49   	12304.48    	0.016   	1.0000  	[16.2, 16.2]	[right, left]	[787.9287, 781.9507]
50   	12043.63    	0.015   	1.0000  	[16.2, 16.2]	[right, left]	[705.0702, 696.1866]
51   	11821.49    	0.015   	1.0000  	[16.2, 16.2]	[right, up]	[670.0908, 660.0889]
52   	11560.28    	0.014   	1.0000  	[16.2, 21.7]	[up, front]	[650.4214, 668.4973]
53   	11294.24    	0.013   	1.0000  	[21.7, 21.7]	[right, left]	[661.8804, 669.0565]
54   	10905.91    	0.012   	1.0000  	[21.7, 21.7]	[back, left]	[680.2702, 699.0438]
55   	10501.01    	0.012   	1.0000  	[21.7, 21.7]	[back, front]	[722.8820, 738.2192]
56   	10091.29    	0.012   	1.0000  	[21.7, 21.7]	[back, front]	[820.0251, 822.0313]
57   	9417.54     	0.013   	1.0000  	[21.7, 21.7]	[hover, hover]	[716.0024, 716.0189]
58   	8964.22     	0.013   	1.0000  	[21.7, 21.7]	[hover, hover]	[625.3789, 627.6271]
59   	8557.36     	0.011   	1.0000  	[21.7, 21.7]	[hover, hover]	[546.8178, 552.1392]
60   	8228.85     	0.011   	1.0000  	[21.7, 21.7]	[hover, hover]	[480.1699, 490.4122]
61   	7873.97     	0.010   	1.0000  	[21.7, 21.7]	[left, hover]	[421.1786, 429.5009]
62   	7699.32     	0.010   	1.0000  	[21.7, 21.7]	[left, hover]	[412.8808, 379.2824]
63   	7515.99     	0.009   	1.0000  	[21.7, 21.7]	[left, hover]	[428.1815, 337.0370]
64   	7328.96     	0.009   	1.0000  	[21.7, 21.7]	[left, right]	[447.7810, 303.7863]
65   	7172.81     	0.009   	1.0000  	[21.7, 21.7]	[left, right]	[504.9908, 311.7306]
66   	7041.98     	0.009   	1.0000  	[21.7, 21.7]	[left, right]	[570.2050, 354.7239]
67   	6902.46     	0.008   	1.0000  	[21.7, 21.7]	[left, right]	[666.4092, 384.9149]
68   	6693.39     	0.008   	1.0000  	[21.7, 21.7]	[left, right]	[795.8040, 452.5734]
69   	6466.69     	0.008   	1.0000  	[21.7, 21.7]	[front, right]	[779.0321, 539.3516]
70   	6262.40     	0.008   	1.0000  	[21.7, 21.7]	[front, right]	[742.6418, 636.9904]
71   	6032.99     	0.007   	1.0000  	[21.7, 21.7]	[front, right]	[668.9627, 773.5437]
72   	5783.36     	0.007   	1.0000  	[21.7, 21.7]	[front, back]	[612.4352, 772.3432]
73   	5594.47     	0.006   	1.0000  	[21.7, 21.7]	[front, back]	[623.4328, 741.8147]
74   	5467.81     	0.006   	1.0000  	[21.7, 21.7]	[front, back]	[655.9867, 666.4458]
75   	5335.34     	0.006   	1.0000  	[21.7, 21.7]	[front, back]	[710.0864, 611.8880]
76   	5216.29     	0.006   	1.0000  	[21.7, 21.7]	[front, back]	[821.6381, 626.5756]
77   	5102.03     	0.005   	1.0000  	[21.7, 21.7]	[hover, back]	[715.1501, 650.0689]
78   	4971.55     	0.005   	1.0000  	[21.7, 21.7]	[hover, back]	[624.9634, 696.7841]
79   	4845.53     	0.005   	1.0000  	[21.7, 21.7]	[hover, back]	[541.6545, 812.2866]
80   	4678.14     	0.005   	1.0000  	[21.7, 21.7]	[hover, hover]	[477.9237, 708.1711]
81   	4541.57     	0.004   	1.0000  	[21.7, 21.7]	[hover, hover]	[419.4394, 626.4503]
82   	4408.34     	0.004   	1.0000  	[21.7, 21.7]	[right, hover]	[379.5469, 548.1370]
83   	4321.08     	0.004   	1.0000  	[21.7, 21.7]	[right, hover]	[382.5584, 480.6959]
84   	4256.01     	0.004   	1.0000  	[21.7, 21.7]	[right, left]	[367.2188, 426.3472]
85   	4211.78     	0.004   	1.0000  	[21.7, 21.7]	[right, left]	[385.3737, 418.0107]
86   	4151.88     	0.004   	1.0000  	[21.7, 21.7]	[right, left]	[430.0347, 401.6972]
87   	4088.73     	0.004   	1.0000  	[21.7, 21.7]	[right, left]	[511.0718, 410.2180]
88   	4035.40     	0.004   	1.0000  	[21.7, 21.7]	[right, left]	[610.4349, 449.3668]
89   	3961.50     	0.003   	1.0000  	[21.7, 21.7]	[right, left]	[754.3127, 525.9248]
90   	3836.16     	0.003   	1.0000  	[21.7, 21.7]	[hover, left]	[658.0564, 626.7128]
91   	3728.07     	0.003   	1.0000  	[21.7, 21.7]	[hover, left]	[580.1502, 769.5355]
92   	3591.23     	0.003   	1.0000  	[21.7, 21.7]	[hover, hover]	[507.7345, 671.8154]
93   	3465.46     	0.003   	1.0000  	[21.7, 21.7]	[hover, hover]	[448.9447, 583.8533]
94   	3383.25     	0.002   	1.0000  	[21.7, 21.7]	[hover, hover]	[398.4772, 515.7891]
95   	3291.31     	0.002   	1.0000  	[21.7, 21.7]	[hover, hover]	[349.0564, 454.3618]
96   	3231.22     	0.002   	1.0000  	[21.7, 21.7]	[hover, hover]	[309.0866, 397.2172]
97   	3131.24     	0.002   	1.0000  	[21.7, 21.7]	[hover, hover]	[272.4540, 352.0918]
98   	3077.69     	0.002   	1.0000  	[21.7, 21.7]	[hover, hover]	[245.4856, 316.1868]
99   	3016.34     	0.002   	1.0000  	[21.7, 21.7]	[hover, hover]	[217.0671, 281.3452]
[2025-12-11T11:38:28]
Strategy: greedy_ig
Pairwise: equal
News mode: BS
Num agents: 2
Iteration: 15
Error margin: None
Gaussian radius 5 
Grid info: range: 0-50-50, cell_size:0.125, map shape: (400, 400), center:True
init UAV positions: [(25.0, 25.0, 5.4), (-25.0, 25.0, 5.4)]
mcts_params: {}
Step	Entropy	MSE	Coverage	Heights	Actions	IGs
------------------------------------------------------------------------------------------------------------------------
0    	158826.13   	0.405   	0.0078  	[5.4, 5.4]	[up, up]	[807.8971, 807.8971]
1    	155956.52   	0.409   	0.0312  	[10.8, 10.8]	[up, up]	[1049.1203, 1047.0929]
2    	152541.47   	0.419   	0.0703  	[16.2, 16.2]	[back, back]	[1218.5389, 1211.2301]
3    	149897.95   	0.414   	0.0938  	[16.2, 16.2]	[left, right]	[1511.4821, 1513.2401]
4    	146213.46   	0.412   	0.1250  	[16.2, 16.2]	[back, back]	[1730.0320, 1721.0269]
5    	142346.55   	0.399   	0.1562  	[16.2, 16.2]	[left, right]	[2049.3394, 2033.8366]
6    	137601.98   	0.393   	0.1953  	[16.2, 16.2]	[left, back]	[2284.4989, 2271.1261]
7    	132625.41   	0.388   	0.2344  	[16.2, 16.2]	[back, right]	[2618.9421, 2608.5872]
8    	126712.33   	0.365   	0.2812  	[16.2, 16.2]	[left, right]	[2640.3586, 2662.6611]
9    	121260.59   	0.362   	0.3281  	[16.2, 16.2]	[left, right]	[2690.2499, 2740.7310]
10   	115694.19   	0.359   	0.3750  	[16.2, 16.2]	[back, back]	[2617.9365, 2629.9455]
11   	110760.26   	0.335   	0.4219  	[16.2, 16.2]	[up, up]	[2750.5603, 2757.7026]
12   	105738.45   	0.305   	0.4844  	[21.7, 21.7]	[back, back]	[2800.8142, 2810.6333]
13   	100017.32   	0.271   	0.5391  	[21.7, 21.7]	[back, back]	[2906.6145, 2896.5401]
14   	94131.41    	0.243   	0.5938  	[21.7, 21.7]	[back, back]	[3018.8504, 3000.3773]
15   	88073.21    	0.210   	0.6484  	[21.7, 21.7]	[back, back]	[3131.3672, 3106.0494]
16   	81962.06    	0.188   	0.7031  	[21.7, 21.7]	[back, back]	[3234.4900, 3208.1794]
17   	75772.95    	0.165   	0.7578  	[21.7, 21.7]	[back, back]	[3314.7517, 3313.0284]
18   	69325.52    	0.153   	0.8125  	[21.7, 21.7]	[back, back]	[3328.4420, 3322.8989]
19   	62997.45    	0.151   	0.8672  	[21.7, 21.7]	[back, back]	[3320.3045, 3327.2619]
20   	56806.79    	0.155   	0.9219  	[21.7, 21.7]	[right, left]	[3214.5989, 3211.2783]
21   	49968.15    	0.125   	0.9844  	[21.7, 21.7]	[hover, hover]	[2753.1243, 2743.5155]
22   	47087.68    	0.114   	0.9844  	[21.7, 21.7]	[hover, hover]	[2342.8636, 2333.0811]
23   	44388.40    	0.105   	0.9844  	[21.7, 21.7]	[hover, hover]	[2013.7558, 1997.5935]
24   	41696.33    	0.095   	0.9844  	[21.7, 21.7]	[hover, hover]	[1734.1619, 1717.1954]
25   	39341.43    	0.089   	0.9844  	[21.7, 21.7]	[left, hover]	[1502.4279, 1480.1570]
26   	37652.37    	0.082   	0.9844  	[21.7, 21.7]	[left, right]	[1752.0419, 1307.6003]
27   	36302.87    	0.079   	0.9844  	[21.7, 21.7]	[left, right]	[1946.5173, 1583.4941]
28   	35023.56    	0.075   	0.9844  	[21.7, 21.7]	[left, right]	[2135.4819, 1829.0804]
29   	34044.55    	0.073   	0.9844  	[21.7, 21.7]	[front, front]	[1956.3405, 1651.9222]
30   	32994.34    	0.071   	0.9844  	[21.7, 21.7]	[front, up]	[1781.9912, 1585.0455]
31   	32044.90    	0.069   	0.9844  	[21.7, 27.1]	[left, right]	[2156.8188, 1883.8133]
32   	31222.22    	0.068   	0.9844  	[21.7, 27.1]	[left, right]	[2500.2925, 2213.3374]
33   	30384.39    	0.065   	0.9844  	[21.7, 27.1]	[left, right]	[2821.0093, 2500.7426]
34   	29444.77    	0.064   	0.9844  	[21.7, 27.1]	[left, right]	[3070.6773, 2758.2148]
35   	27074.97    	0.051   	1.0000  	[21.7, 27.1]	[front, down]	[2952.5406, 2878.5972]
36   	26534.73    	0.048   	1.0000  	[21.7, 21.7]	[front, right]	[2912.0697, 3046.3997]
37   	24991.93    	0.046   	1.0000  	[21.7, 21.7]	[front, front]	[2925.8595, 2726.9898]
38   	23763.20    	0.042   	1.0000  	[21.7, 21.7]	[front, front]	[2960.4192, 2727.4001]
39   	22495.92    	0.041   	1.0000  	[21.7, 21.7]	[front, front]	[3039.4698, 2762.6499]
40   	21386.50    	0.036   	1.0000  	[21.7, 21.7]	[front, front]	[3125.2446, 2804.0893]
41   	20147.07    	0.036   	1.0000  	[21.7, 21.7]	[hover, front]	[2639.0859, 2900.9578]
42   	19162.95    	0.032   	1.0000  	[21.7, 21.7]	[hover, front]	[2255.3851, 3000.6905]
43   	18038.32    	0.031   	1.0000  	[21.7, 21.7]	[hover, front]	[1925.5248, 3112.7425]
44   	17063.72    	0.029   	1.0000  	[21.7, 21.7]	[hover, hover]	[1655.0732, 2617.2219]
45   	16239.53    	0.026   	1.0000  	[21.7, 21.7]	[hover, hover]	[1436.6756, 2231.3954]
46   	15377.38    	0.025   	1.0000  	[21.7, 21.7]	[right, hover]	[1259.5725, 1907.0799]
47   	14815.97    	0.023   	1.0000  	[21.7, 21.7]	[left, hover]	[1113.6288, 1628.1489]
48   	14264.25    	0.022   	1.0000  	[21.7, 21.7]	[right, hover]	[979.2565, 1432.2646]
49   	13788.32    	0.021   	1.0000  	[21.7, 21.7]	[right, left]	[892.6705, 1259.8102]
50   	13296.89    	0.020   	1.0000  	[21.7, 21.7]	[right, left]	[784.9806, 1083.0421]
51   	12944.79    	0.019   	1.0000  	[21.7, 21.7]	[right, right]	[695.6413, 932.4220]
52   	12610.19    	0.019   	1.0000  	[21.7, 21.7]	[right, right]	[636.3517, 846.3853]
53   	12311.44    	0.018   	1.0000  	[21.7, 21.7]	[right, hover]	[569.4520, 730.2553]
54   	12087.87    	0.018   	1.0000  	[21.7, 21.7]	[right, back]	[549.8884, 639.2232]
55   	11901.29    	0.017   	1.0000  	[21.7, 21.7]	[right, back]	[733.0656, 611.1018]
56   	11671.41    	0.017   	1.0000  	[21.7, 21.7]	[back, back]	[649.1770, 628.0847]
57   	11454.48    	0.016   	1.0000  	[21.7, 21.7]	[back, back]	[605.3420, 696.0339]
58   	11304.61    	0.016   	1.0000  	[21.7, 21.7]	[back, back]	[576.1523, 790.3411]
59   	11015.00    	0.016   	1.0000  	[21.7, 21.7]	[back, back]	[561.1121, 917.1153]
60   	10725.19    	0.015   	1.0000  	[21.7, 21.7]	[back, back]	[568.5724, 1080.7045]
61   	10333.80    	0.015   	1.0000  	[21.7, 21.7]	[back, back]	[560.7227, 1359.1002]
62   	9826.61     	0.014   	1.0000  	[21.7, 21.7]	[back, hover]	[582.9238, 1149.5819]
63   	9396.56     	0.013   	1.0000  	[21.7, 21.7]	[hover, hover]	[504.2301, 965.3095]
64   	9065.77     	0.012   	1.0000  	[21.7, 21.7]	[hover, hover]	[449.7346, 839.6686]
65   	8842.69     	0.012   	1.0000  	[21.7, 21.7]	[up, hover]	[400.8030, 732.2502]
66   	8641.23     	0.011   	1.0000  	[27.1, 21.7]	[left, hover]	[485.1020, 650.2882]
67   	8429.35     	0.011   	1.0000  	[27.1, 21.7]	[left, hover]	[490.2289, 568.2682]
68   	8250.96     	0.011   	1.0000  	[27.1, 21.7]	[left, hover]	[560.8603, 505.0941]
69   	8094.47     	0.010   	1.0000  	[27.1, 21.7]	[left, hover]	[693.6221, 450.5724]
70   	7927.69     	0.010   	1.0000  	[27.1, 21.7]	[left, hover]	[842.5131, 402.9066]
71   	7733.81     	0.010   	1.0000  	[27.1, 21.7]	[left, hover]	[1006.3857, 358.0214]
72   	7481.60     	0.009   	1.0000  	[27.1, 21.7]	[left, hover]	[1191.2108, 317.1689]
73   	7082.64     	0.010   	1.0000  	[27.1, 21.7]	[down, left]	[1125.0280, 289.2148]
74   	6973.70     	0.009   	1.0000  	[21.7, 21.7]	[left, left]	[1331.5017, 275.2097]
75   	6519.12     	0.009   	1.0000  	[21.7, 21.7]	[back, left]	[1522.4250, 276.6731]
76   	6129.96     	0.008   	1.0000  	[21.7, 21.7]	[hover, left]	[1286.2784, 269.7142]
77   	5868.55     	0.007   	1.0000  	[21.7, 21.7]	[hover, left]	[1105.1142, 278.3950]
78   	5572.44     	0.007   	1.0000  	[21.7, 21.7]	[hover, left]	[943.7296, 320.5746]
79   	5315.30     	0.006   	1.0000  	[21.7, 21.7]	[hover, left]	[796.3373, 380.0729]
80   	5073.48     	0.006   	1.0000  	[21.7, 21.7]	[hover, up]	[685.8464, 433.1680]
81   	4828.99     	0.005   	1.0000  	[21.7, 27.1]	[hover, front]	[609.3589, 518.3536]
82   	4663.50     	0.005   	1.0000  	[21.7, 27.1]	[hover, front]	[528.7392, 510.6204]
83   	4548.05     	0.005   	1.0000  	[21.7, 27.1]	[hover, front]	[483.1149, 501.4384]
84   	4391.78     	0.004   	1.0000  	[21.7, 27.1]	[hover, front]	[427.2768, 495.1069]
85   	4277.77     	0.004   	1.0000  	[21.7, 27.1]	[hover, front]	[379.0682, 499.4711]
86   	4166.62     	0.004   	1.0000  	[21.7, 27.1]	[hover, front]	[335.7156, 508.2326]
87   	4056.57     	0.004   	1.0000  	[21.7, 27.1]	[hover, front]	[298.3543, 550.6106]
88   	3947.46     	0.004   	1.0000  	[21.7, 27.1]	[hover, down]	[264.2691, 520.0216]
89   	3860.67     	0.003   	1.0000  	[21.7, 21.7]	[hover, left]	[237.5881, 620.7763]
90   	3779.90     	0.003   	1.0000  	[21.7, 21.7]	[hover, front]	[207.3739, 657.4544]
91   	3650.27     	0.003   	1.0000  	[21.7, 21.7]	[hover, hover]	[185.9549, 576.3882]
92   	3540.11     	0.003   	1.0000  	[21.7, 21.7]	[hover, hover]	[165.8670, 510.8128]
93   	3445.32     	0.003   	1.0000  	[21.7, 21.7]	[hover, hover]	[150.7972, 445.4604]
94   	3360.82     	0.003   	1.0000  	[21.7, 21.7]	[hover, hover]	[135.6697, 394.7335]
95   	3301.59     	0.002   	1.0000  	[21.7, 21.7]	[front, hover]	[125.2163, 347.7054]
96   	3251.54     	0.002   	1.0000  	[21.7, 21.7]	[front, hover]	[126.6166, 303.4608]
97   	3183.33     	0.002   	1.0000  	[21.7, 21.7]	[front, hover]	[166.0306, 264.3647]
98   	3137.76     	0.002   	1.0000  	[21.7, 21.7]	[front, hover]	[201.6916, 234.0688]
99   	3093.18     	0.002   	1.0000  	[21.7, 21.7]	[front, hover]	[243.7582, 206.8328]
[2025-12-11T11:38:34]
Strategy: greedy_ig
Pairwise: equal
News mode: BS
Num agents: 2
Iteration: 16
Error margin: None
Gaussian radius 5 
Grid info: range: 0-50-50, cell_size:0.125, map shape: (400, 400), center:True
init UAV positions: [(-25.0, -25.0, 5.4), (-25.0, 25.0, 5.4)]
mcts_params: {}
Step	Entropy	MSE	Coverage	Heights	Actions	IGs
------------------------------------------------------------------------------------------------------------------------
0    	158826.13   	0.405   	0.0078  	[5.4, 5.4]	[up, up]	[807.8971, 807.8971]
1    	155960.59   	0.409   	0.0312  	[10.8, 10.8]	[up, up]	[1050.1340, 1047.0929]
2    	152527.78   	0.419   	0.0703  	[16.2, 16.2]	[front, back]	[1216.1145, 1211.2301]
3    	149881.81   	0.420   	0.0938  	[16.2, 16.2]	[right, right]	[1508.8933, 1513.2401]
4    	146238.94   	0.422   	0.1250  	[16.2, 16.2]	[front, back]	[1728.8258, 1721.0269]
5    	142348.82   	0.420   	0.1562  	[16.2, 16.2]	[right, right]	[2046.8140, 2033.8366]
6    	137590.33   	0.423   	0.1953  	[16.2, 16.2]	[front, back]	[2276.4362, 2271.1261]
7    	132609.69   	0.411   	0.2344  	[16.2, 16.2]	[right, right]	[2608.6940, 2608.5872]
8    	126734.61   	0.413   	0.2812  	[16.2, 16.2]	[right, right]	[2667.4813, 2662.6611]
9    	121180.60   	0.422   	0.3281  	[16.2, 16.2]	[right, right]	[2731.0174, 2740.7310]
10   	115555.39   	0.416   	0.3750  	[16.2, 16.2]	[right, right]	[2808.9806, 2807.4724]
11   	109749.34   	0.402   	0.4219  	[16.2, 16.2]	[right, right]	[2870.4948, 2882.3509]
12   	103836.25   	0.382   	0.4688  	[16.2, 16.2]	[right, right]	[2906.8262, 2914.4344]
13   	98011.68    	0.363   	0.5156  	[16.2, 16.2]	[right, right]	[2900.3672, 2914.3902]
14   	92169.57    	0.339   	0.5625  	[16.2, 16.2]	[right, right]	[2909.3922, 2912.2133]
15   	86251.07    	0.313   	0.6094  	[16.2, 16.2]	[right, right]	[2884.8235, 2906.6958]
16   	80577.94    	0.287   	0.6562  	[16.2, 16.2]	[right, right]	[2920.2611, 2903.3602]
17   	74685.17    	0.266   	0.7031  	[16.2, 16.2]	[right, right]	[2910.2680, 2915.0904]
18   	68895.30    	0.248   	0.7500  	[16.2, 16.2]	[front, back]	[2732.9868, 2718.2232]
19   	63975.11    	0.204   	0.7969  	[16.2, 16.2]	[front, back]	[2659.1346, 2666.6585]
20   	58672.77    	0.159   	0.8438  	[16.2, 16.2]	[front, back]	[2392.7937, 2397.0444]
21   	57611.38    	0.153   	0.8438  	[16.2, 16.2]	[front, back]	[2193.2251, 2192.5188]
22   	55850.23    	0.141   	0.8438  	[16.2, 16.2]	[front, back]	[2145.4231, 2146.4767]
23   	54637.19    	0.137   	0.8438  	[16.2, 16.2]	[front, back]	[2471.3092, 2455.9834]
24   	53606.27    	0.134   	0.8438  	[16.2, 16.2]	[front, back]	[2725.1419, 2719.8472]
25   	52642.99    	0.132   	0.8438  	[16.2, 16.2]	[front, back]	[2857.6935, 2870.5074]
26   	51380.37    	0.130   	0.8438  	[16.2, 16.2]	[front, back]	[2903.3205, 2922.5966]
27   	49798.72    	0.128   	0.8438  	[16.2, 16.2]	[front, back]	[2898.3346, 2912.3853]
28   	47642.50    	0.127   	0.8438  	[16.2, 16.2]	[left, left]	[2704.0211, 2733.6072]
29   	46853.44    	0.122   	0.8438  	[16.2, 16.2]	[left, left]	[2662.7934, 2660.6394]
30   	45961.12    	0.120   	0.8438  	[16.2, 16.2]	[left, left]	[2688.3647, 2673.3768]
31   	44891.19    	0.118   	0.8438  	[16.2, 16.2]	[left, left]	[2746.5007, 2735.7003]
32   	43828.83    	0.118   	0.8438  	[16.2, 16.2]	[left, left]	[2818.7333, 2823.3404]
33   	42693.07    	0.117   	0.8438  	[16.2, 16.2]	[left, left]	[2899.8312, 2909.3377]
34   	41593.94    	0.116   	0.8438  	[16.2, 16.2]	[left, left]	[2898.5982, 2931.0198]
35   	40617.57    	0.114   	0.8438  	[16.2, 16.2]	[left, left]	[2903.6287, 2929.2335]
36   	39537.29    	0.113   	0.8438  	[16.2, 16.2]	[left, left]	[2914.7252, 2920.1880]
37   	38470.26    	0.111   	0.8438  	[16.2, 16.2]	[left, left]	[2916.9729, 2931.2672]
38   	37289.13    	0.109   	0.8438  	[16.2, 16.2]	[back, front]	[2726.9674, 2739.5880]
39   	31898.75    	0.092   	0.8906  	[16.2, 16.2]	[back, front]	[2668.2549, 2666.9826]
40   	26540.49    	0.077   	0.9375  	[16.2, 16.2]	[back, front]	[2391.8717, 2395.4772]
41   	25425.64    	0.068   	0.9375  	[16.2, 16.2]	[back, front]	[2185.9724, 2190.0670]
42   	23663.25    	0.063   	0.9375  	[16.2, 16.2]	[right, right]	[1975.6287, 1995.5237]
43   	21471.58    	0.060   	0.9531  	[16.2, 16.2]	[right, right]	[1830.1116, 1856.8361]
44   	19136.65    	0.053   	0.9688  	[16.2, 16.2]	[right, right]	[1748.0755, 1780.7303]
45   	16872.38    	0.040   	0.9844  	[16.2, 16.2]	[right, right]	[1764.5523, 1783.5456]
46   	14495.99    	0.026   	1.0000  	[16.2, 16.2]	[back, front]	[1272.4510, 1283.6712]
47   	13664.21    	0.021   	1.0000  	[16.2, 16.2]	[back, front]	[1099.8244, 1097.4419]
48   	13154.80    	0.019   	1.0000  	[16.2, 16.2]	[right, right]	[929.5365, 932.3348]
49   	12662.39    	0.017   	1.0000  	[16.2, 16.2]	[right, right]	[787.9287, 776.9870]
50   	12368.47    	0.016   	1.0000  	[16.2, 16.2]	[right, right]	[678.6737, 673.3612]
51   	12095.14    	0.015   	1.0000  	[16.2, 16.2]	[up, up]	[625.9361, 622.3288]
52   	11868.94    	0.014   	1.0000  	[21.7, 21.7]	[back, front]	[640.5387, 636.6049]
53   	11631.27    	0.013   	1.0000  	[21.7, 21.7]	[right, right]	[645.7474, 647.5950]
54   	11360.87    	0.013   	1.0000  	[21.7, 21.7]	[right, right]	[667.5802, 680.0750]
55   	11069.50    	0.012   	1.0000  	[21.7, 21.7]	[back, front]	[708.9147, 724.9736]
56   	10658.93    	0.012   	1.0000  	[21.7, 21.7]	[back, front]	[817.6470, 830.4232]
57   	9949.08     	0.014   	1.0000  	[21.7, 21.7]	[hover, hover]	[714.1757, 736.0378]
58   	9550.23     	0.013   	1.0000  	[21.7, 21.7]	[hover, hover]	[625.9399, 642.6600]
59   	9162.34     	0.012   	1.0000  	[21.7, 21.7]	[hover, hover]	[549.2548, 567.2517]
60   	8841.84     	0.011   	1.0000  	[21.7, 21.7]	[hover, hover]	[486.0685, 489.0534]
61   	8542.39     	0.011   	1.0000  	[21.7, 21.7]	[hover, hover]	[427.4042, 429.2963]
62   	8295.66     	0.011   	1.0000  	[21.7, 21.7]	[hover, hover]	[377.9279, 378.4287]
63   	8148.30     	0.010   	1.0000  	[21.7, 21.7]	[left, left]	[343.5714, 335.0679]
64   	8016.37     	0.010   	1.0000  	[21.7, 21.7]	[left, left]	[339.7619, 329.1561]
65   	7888.52     	0.010   	1.0000  	[21.7, 21.7]	[left, left]	[371.4331, 369.8688]
66   	7782.08     	0.009   	1.0000  	[21.7, 21.7]	[left, left]	[405.4478, 400.5194]
67   	7642.75     	0.009   	1.0000  	[21.7, 21.7]	[left, left]	[469.2375, 466.6203]
68   	7494.71     	0.009   	1.0000  	[21.7, 21.7]	[left, left]	[542.7857, 551.5923]
69   	7298.03     	0.009   	1.0000  	[21.7, 21.7]	[left, left]	[641.0920, 646.7907]
70   	6974.42     	0.009   	1.0000  	[21.7, 21.7]	[left, left]	[773.1550, 780.9221]
71   	6496.49     	0.009   	1.0000  	[21.7, 21.7]	[front, back]	[735.6332, 753.9211]
72   	6150.32     	0.007   	1.0000  	[21.7, 21.7]	[front, back]	[675.1839, 683.9208]
73   	5813.06     	0.007   	1.0000  	[21.7, 21.7]	[front, back]	[591.6849, 592.5892]
74   	5575.19     	0.006   	1.0000  	[21.7, 21.7]	[front, back]	[530.9527, 534.5734]
75   	5348.51     	0.006   	1.0000  	[21.7, 21.7]	[front, back]	[551.2083, 557.0838]
76   	5188.14     	0.006   	1.0000  	[21.7, 21.7]	[front, back]	[601.6656, 604.3889]
77   	5039.20     	0.005   	1.0000  	[21.7, 21.7]	[front, back]	[678.3182, 682.2880]
78   	4892.64     	0.005   	1.0000  	[21.7, 21.7]	[front, back]	[812.6217, 806.5729]
79   	4771.00     	0.005   	1.0000  	[21.7, 21.7]	[hover, hover]	[712.1307, 708.7163]
80   	4647.34     	0.005   	1.0000  	[21.7, 21.7]	[hover, hover]	[622.1944, 615.2952]
81   	4524.35     	0.004   	1.0000  	[21.7, 21.7]	[hover, hover]	[549.1966, 544.1484]
82   	4443.46     	0.004   	1.0000  	[21.7, 21.7]	[hover, hover]	[484.0335, 477.6234]
83   	4338.44     	0.004   	1.0000  	[21.7, 21.7]	[hover, right]	[425.9320, 419.8559]
84   	4266.32     	0.004   	1.0000  	[21.7, 21.7]	[right, right]	[391.7830, 412.6362]
85   	4208.89     	0.004   	1.0000  	[21.7, 21.7]	[right, right]	[396.6434, 386.1973]
86   	4160.88     	0.004   	1.0000  	[21.7, 21.7]	[right, right]	[377.4892, 399.8755]
87   	4124.32     	0.004   	1.0000  	[21.7, 21.7]	[right, right]	[389.0259, 441.6686]
88   	4080.72     	0.004   	1.0000  	[21.7, 21.7]	[right, right]	[432.3982, 523.5233]
89   	4040.46     	0.003   	1.0000  	[21.7, 21.7]	[right, right]	[513.1614, 634.2850]
90   	3963.98     	0.003   	1.0000  	[21.7, 21.7]	[right, right]	[616.2857, 779.5615]
91   	3794.76     	0.003   	1.0000  	[21.7, 21.7]	[right, hover]	[764.8619, 680.5037]
92   	3627.01     	0.003   	1.0000  	[21.7, 21.7]	[hover, hover]	[673.9474, 599.4098]
93   	3530.12     	0.003   	1.0000  	[21.7, 21.7]	[hover, hover]	[590.6936, 524.8733]
94   	3376.62     	0.003   	1.0000  	[21.7, 21.7]	[hover, hover]	[520.0495, 460.9031]
95   	3319.64     	0.003   	1.0000  	[21.7, 21.7]	[hover, hover]	[460.3807, 407.7192]
96   	3219.66     	0.002   	1.0000  	[21.7, 21.7]	[hover, hover]	[405.1411, 361.4112]
97   	3136.11     	0.002   	1.0000  	[21.7, 21.7]	[hover, hover]	[357.0143, 320.7673]
98   	3062.78     	0.002   	1.0000  	[21.7, 21.7]	[hover, hover]	[313.4804, 280.2077]
99   	3019.29     	0.002   	1.0000  	[21.7, 21.7]	[hover, hover]	[275.6110, 249.4511]
[2025-12-11T11:38:39]
Strategy: greedy_ig
Pairwise: equal
News mode: BS
Num agents: 2
Iteration: 17
Error margin: None
Gaussian radius 5 
Grid info: range: 0-50-50, cell_size:0.125, map shape: (400, 400), center:True
init UAV positions: [(-25.0, 25.0, 5.4), (25.0, 25.0, 5.4)]
mcts_params: {}
Step	Entropy	MSE	Coverage	Heights	Actions	IGs
------------------------------------------------------------------------------------------------------------------------
0    	158826.13   	0.405   	0.0078  	[5.4, 5.4]	[up, up]	[807.8971, 807.8971]
1    	155982.55   	0.409   	0.0312  	[10.8, 10.8]	[up, up]	[1054.7971, 1047.9038]
2    	152567.93   	0.418   	0.0703  	[16.2, 16.2]	[back, back]	[1216.9217, 1217.4506]
3    	149872.18   	0.414   	0.0938  	[16.2, 16.2]	[right, left]	[1508.5186, 1511.4962]
4    	146200.98   	0.412   	0.1250  	[16.2, 16.2]	[back, back]	[1731.0915, 1714.0178]
5    	142371.72   	0.398   	0.1562  	[16.2, 16.2]	[right, left]	[2045.6554, 2036.4962]
6    	137625.72   	0.393   	0.1953  	[16.2, 16.2]	[back, back]	[2291.3885, 2273.2519]
7    	132534.25   	0.375   	0.2344  	[16.2, 16.2]	[right, left]	[2607.7770, 2608.2215]
8    	126627.46   	0.364   	0.2812  	[16.2, 16.2]	[right, left]	[2659.4057, 2642.7560]
9    	121198.99   	0.364   	0.3281  	[16.2, 16.2]	[right, left]	[2721.9916, 2727.9030]
10   	115580.32   	0.356   	0.3750  	[16.2, 16.2]	[back, back]	[2620.9045, 2624.7392]
11   	110679.26   	0.335   	0.4219  	[16.2, 16.2]	[up, up]	[2757.1329, 2748.0052]
12   	105562.80   	0.306   	0.4844  	[21.7, 21.7]	[back, back]	[2803.5859, 2799.0120]
13   	99977.42    	0.272   	0.5391  	[21.7, 21.7]	[back, back]	[2909.7111, 2900.0880]
14   	94111.15    	0.243   	0.5938  	[21.7, 21.7]	[back, back]	[3012.2754, 3001.1519]
15   	88116.51    	0.210   	0.6484  	[21.7, 21.7]	[back, back]	[3122.0313, 3111.5307]
16   	81958.09    	0.188   	0.7031  	[21.7, 21.7]	[back, back]	[3226.3186, 3213.2471]
17   	75704.77    	0.165   	0.7578  	[21.7, 21.7]	[back, back]	[3313.5998, 3309.2998]
18   	69261.67    	0.153   	0.8125  	[21.7, 21.7]	[back, back]	[3326.3731, 3318.4689]
19   	62940.62    	0.151   	0.8672  	[21.7, 21.7]	[back, back]	[3320.8097, 3326.0683]
20   	56777.71    	0.154   	0.9219  	[21.7, 21.7]	[left, right]	[3208.3223, 3207.4799]
21   	49838.46    	0.125   	0.9844  	[21.7, 21.7]	[hover, hover]	[2747.6182, 2740.1209]
22   	47129.08    	0.114   	0.9844  	[21.7, 21.7]	[hover, hover]	[2343.7891, 2329.2231]
23   	44315.13    	0.105   	0.9844  	[21.7, 21.7]	[hover, hover]	[2012.3023, 1986.8956]
24   	41759.63    	0.095   	0.9844  	[21.7, 21.7]	[hover, hover]	[1734.5389, 1717.7236]
25   	39281.31    	0.089   	0.9844  	[21.7, 21.7]	[hover, hover]	[1505.0960, 1475.6982]
26   	37076.09    	0.082   	0.9844  	[21.7, 21.7]	[right, left]	[1345.6184, 1318.8631]
27   	36029.40    	0.079   	0.9844  	[21.7, 21.7]	[right, left]	[1623.0451, 1603.9221]
28   	34655.28    	0.075   	0.9844  	[21.7, 21.7]	[right, left]	[1857.7013, 1847.7067]
29   	33518.71    	0.073   	0.9844  	[21.7, 21.7]	[right, left]	[2083.6048, 2066.0884]
30   	32693.25    	0.070   	0.9844  	[21.7, 21.7]	[right, left]	[2416.1831, 2415.2897]
31   	31935.60    	0.069   	0.9844  	[21.7, 21.7]	[right, left]	[2794.5222, 2785.1139]
32   	31034.21    	0.067   	0.9844  	[21.7, 21.7]	[right, left]	[3089.2506, 3071.6387]
33   	30119.30    	0.066   	0.9844  	[21.7, 21.7]	[right, left]	[3319.0141, 3302.6899]
34   	28461.58    	0.064   	0.9844  	[21.7, 21.7]	[front, front]	[3116.2924, 3110.6888]
35   	26639.26    	0.054   	0.9922  	[21.7, 21.7]	[front, front]	[2996.6324, 3004.7715]
36   	24898.89    	0.046   	1.0000  	[21.7, 21.7]	[front, front]	[2949.1431, 2949.6678]
37   	23720.97    	0.042   	1.0000  	[21.7, 21.7]	[front, front]	[2950.2407, 2952.7014]
38   	22512.92    	0.040   	1.0000  	[21.7, 21.7]	[front, front]	[3004.2577, 2989.2470]
39   	21377.08    	0.037   	1.0000  	[21.7, 21.7]	[front, front]	[3061.5270, 3054.1854]
40   	20211.99    	0.035   	1.0000  	[21.7, 21.7]	[front, front]	[3145.1913, 3154.0042]
41   	18922.94    	0.032   	1.0000  	[21.7, 21.7]	[front, front]	[3243.2609, 3249.3089]
42   	17416.95    	0.031   	1.0000  	[21.7, 21.7]	[hover, hover]	[2732.4677, 2736.7556]
43   	16329.35    	0.027   	1.0000  	[21.7, 21.7]	[hover, hover]	[2327.5027, 2338.6493]
44   	15418.56    	0.026   	1.0000  	[21.7, 21.7]	[hover, hover]	[1996.1570, 2004.5605]
45   	14596.85    	0.024   	1.0000  	[21.7, 21.7]	[hover, hover]	[1726.4341, 1717.6545]
46   	13883.82    	0.022   	1.0000  	[21.7, 21.7]	[hover, right]	[1497.2706, 1499.0282]
47   	13208.07    	0.020   	1.0000  	[21.7, 21.7]	[left, left]	[1308.9793, 1320.0277]
48   	12654.63    	0.019   	1.0000  	[21.7, 21.7]	[left, right]	[1166.4267, 1138.4974]
49   	12195.82    	0.018   	1.0000  	[21.7, 21.7]	[left, right]	[1034.2335, 1018.8285]
50   	11750.42    	0.017   	1.0000  	[21.7, 21.7]	[hover, right]	[885.0139, 908.8353]
51   	11379.08    	0.016   	1.0000  	[21.7, 21.7]	[right, right]	[778.8629, 796.0386]
52   	11120.75    	0.016   	1.0000  	[21.7, 21.7]	[right, left]	[721.0265, 717.0194]
53   	10841.76    	0.015   	1.0000  	[21.7, 21.7]	[right, left]	[724.2047, 654.7329]
54   	10597.56    	0.015   	1.0000  	[21.7, 21.7]	[hover, left]	[649.1221, 623.1400]
55   	10355.87    	0.014   	1.0000  	[21.7, 21.7]	[back, left]	[593.0437, 646.0870]
56   	10075.98    	0.014   	1.0000  	[21.7, 21.7]	[back, back]	[579.8412, 584.8133]
57   	9890.56     	0.013   	1.0000  	[21.7, 21.7]	[back, back]	[603.6138, 567.3302]
58   	9592.73     	0.013   	1.0000  	[21.7, 21.7]	[back, back]	[656.7057, 605.1167]
59   	9352.38     	0.012   	1.0000  	[21.7, 21.7]	[back, back]	[762.3155, 671.1124]
60   	9019.22     	0.012   	1.0000  	[21.7, 21.7]	[back, back]	[895.4337, 763.2948]
61   	8661.50     	0.011   	1.0000  	[21.7, 21.7]	[back, back]	[1051.3523, 894.6698]
62   	8229.15     	0.011   	1.0000  	[21.7, 21.7]	[back, back]	[1245.8082, 1046.5812]
63   	7618.28     	0.010   	1.0000  	[21.7, 21.7]	[hover, back]	[1076.1462, 1247.7815]
64   	7103.20     	0.009   	1.0000  	[21.7, 21.7]	[hover, hover]	[934.9440, 1074.4919]
65   	6662.85     	0.009   	1.0000  	[21.7, 21.7]	[hover, hover]	[814.7978, 934.6632]
66   	6272.36     	0.008   	1.0000  	[21.7, 21.7]	[hover, hover]	[709.5483, 814.2732]
67   	5974.66     	0.007   	1.0000  	[21.7, 21.7]	[hover, hover]	[624.0116, 713.6287]
68   	5657.79     	0.007   	1.0000  	[21.7, 21.7]	[hover, hover]	[547.0883, 624.4845]
69   	5412.78     	0.006   	1.0000  	[21.7, 21.7]	[hover, hover]	[480.3035, 547.6106]
70   	5183.19     	0.006   	1.0000  	[21.7, 21.7]	[hover, hover]	[424.0700, 481.7085]
71   	4973.82     	0.005   	1.0000  	[21.7, 21.7]	[hover, hover]	[370.7365, 424.0313]
72   	4787.47     	0.005   	1.0000  	[21.7, 21.7]	[hover, hover]	[324.1642, 372.6244]
73   	4622.10     	0.005   	1.0000  	[21.7, 21.7]	[hover, hover]	[287.3479, 327.9976]
74   	4481.85     	0.004   	1.0000  	[21.7, 21.7]	[left, hover]	[260.2019, 290.5779]
75   	4403.15     	0.004   	1.0000  	[21.7, 21.7]	[left, right]	[254.1112, 264.4037]
76   	4329.54     	0.004   	1.0000  	[21.7, 21.7]	[left, right]	[263.9916, 253.4318]
77   	4277.49     	0.004   	1.0000  	[21.7, 21.7]	[left, right]	[280.2975, 256.9597]
78   	4233.32     	0.004   	1.0000  	[21.7, 21.7]	[front, hover]	[278.1857, 227.0189]
79   	4207.89     	0.004   	1.0000  	[21.7, 21.7]	[left, right]	[323.1149, 259.2723]
80   	4182.34     	0.004   	1.0000  	[21.7, 21.7]	[left, right]	[399.0983, 315.8462]
81   	4149.47     	0.004   	1.0000  	[21.7, 21.7]	[left, right]	[477.2149, 387.2425]
82   	4109.97     	0.004   	1.0000  	[21.7, 21.7]	[left, right]	[740.6612, 461.1908]
83   	4052.82     	0.004   	1.0000  	[21.7, 21.7]	[front, right]	[778.7425, 663.8275]
84   	3965.21     	0.003   	1.0000  	[21.7, 21.7]	[front, front]	[725.4317, 708.0366]
85   	3906.14     	0.003   	1.0000  	[21.7, 21.7]	[front, front]	[672.8272, 759.0111]
86   	3841.99     	0.003   	1.0000  	[21.7, 21.7]	[front, front]	[622.5815, 711.5566]
87   	3757.12     	0.003   	1.0000  	[21.7, 21.7]	[front, front]	[590.7661, 658.4109]
88   	3675.21     	0.003   	1.0000  	[21.7, 21.7]	[front, front]	[573.7493, 605.5089]
89   	3600.06     	0.003   	1.0000  	[21.7, 21.7]	[front, front]	[600.2745, 574.1952]
90   	3519.93     	0.003   	1.0000  	[21.7, 21.7]	[hover, front]	[525.8522, 550.8989]
91   	3421.18     	0.002   	1.0000  	[21.7, 21.7]	[hover, front]	[460.0009, 560.8091]
92   	3311.90     	0.002   	1.0000  	[21.7, 21.7]	[hover, hover]	[404.7044, 492.1479]
93   	3221.90     	0.002   	1.0000  	[21.7, 21.7]	[hover, hover]	[354.7929, 433.3535]
94   	3147.22     	0.002   	1.0000  	[21.7, 21.7]	[hover, hover]	[313.4347, 383.0537]
95   	3067.06     	0.002   	1.0000  	[21.7, 21.7]	[hover, hover]	[275.5154, 338.5147]
96   	2997.06     	0.002   	1.0000  	[21.7, 21.7]	[hover, hover]	[244.7555, 299.7943]
97   	2956.19     	0.002   	1.0000  	[21.7, 21.7]	[hover, hover]	[217.1659, 265.0036]
98   	2925.72     	0.002   	1.0000  	[21.7, 21.7]	[hover, hover]	[194.8362, 239.1357]
99   	2869.46     	0.002   	1.0000  	[21.7, 21.7]	[hover, hover]	[177.8241, 211.5758]
[2025-12-11T11:38:45]
Strategy: greedy_ig
Pairwise: equal
News mode: BS
Num agents: 2
Iteration: 18
Error margin: None
Gaussian radius 5 
Grid info: range: 0-50-50, cell_size:0.125, map shape: (400, 400), center:True
init UAV positions: [(-25.0, -25.0, 5.4), (25.0, 25.0, 5.4)]
mcts_params: {}
Step	Entropy	MSE	Coverage	Heights	Actions	IGs
------------------------------------------------------------------------------------------------------------------------
0    	158826.13   	0.405   	0.0078  	[5.4, 5.4]	[up, up]	[807.8971, 807.8971]
1    	155963.84   	0.409   	0.0312  	[10.8, 10.8]	[up, up]	[1050.1340, 1047.9038]
2    	152561.41   	0.418   	0.0703  	[16.2, 16.2]	[front, back]	[1216.1145, 1217.4506]
3    	149871.65   	0.414   	0.0938  	[16.2, 16.2]	[right, left]	[1508.8933, 1511.4962]
4    	146212.17   	0.412   	0.1250  	[16.2, 16.2]	[front, back]	[1728.8258, 1714.0178]
5    	142383.00   	0.398   	0.1562  	[16.2, 16.2]	[right, left]	[2046.8140, 2036.4962]
6    	137580.88   	0.393   	0.1953  	[16.2, 16.2]	[front, back]	[2276.4362, 2273.2519]
7    	132598.87   	0.370   	0.2344  	[16.2, 16.2]	[right, left]	[2608.6940, 2608.2215]
8    	126654.46   	0.359   	0.2812  	[16.2, 16.2]	[right, left]	[2667.4813, 2642.7560]
9    	121164.28   	0.360   	0.3281  	[16.2, 16.2]	[right, left]	[2731.0174, 2727.9030]
10   	115532.65   	0.346   	0.3750  	[16.2, 16.2]	[right, left]	[2808.9806, 2803.1454]
11   	109673.75   	0.340   	0.4219  	[16.2, 16.2]	[right, left]	[2870.4948, 2869.7468]
12   	103775.05   	0.330   	0.4688  	[16.2, 16.2]	[right, left]	[2906.8262, 2902.7596]
13   	97998.55    	0.321   	0.5156  	[16.2, 16.2]	[right, left]	[2900.3672, 2918.2741]
14   	92122.37    	0.308   	0.5625  	[16.2, 16.2]	[right, left]	[2909.3922, 2910.0379]
15   	86248.11    	0.292   	0.6094  	[16.2, 16.2]	[right, left]	[2884.8235, 2919.0201]
16   	80574.31    	0.278   	0.6562  	[16.2, 16.2]	[right, left]	[2920.2611, 2911.5616]
17   	74595.25    	0.264   	0.7031  	[16.2, 16.2]	[right, left]	[2910.2680, 2905.8853]
18   	68842.88    	0.248   	0.7500  	[16.2, 16.2]	[front, back]	[2732.9868, 2713.6791]
19   	63831.13    	0.218   	0.7969  	[16.2, 16.2]	[front, back]	[2659.1346, 2654.2465]
20   	58579.76    	0.186   	0.8438  	[16.2, 16.2]	[front, back]	[2678.7330, 2677.7685]
21   	53211.60    	0.154   	0.8906  	[16.2, 16.2]	[front, back]	[2743.9904, 2745.7799]
22   	47603.95    	0.122   	0.9375  	[16.2, 16.2]	[front, back]	[2852.8365, 2827.5185]
23   	45558.61    	0.113   	0.9375  	[16.2, 16.2]	[front, back]	[2925.0965, 2930.4923]
24   	43502.73    	0.104   	0.9375  	[16.2, 16.2]	[front, back]	[2915.8164, 2919.5038]
25   	42026.17    	0.097   	0.9375  	[16.2, 16.2]	[front, back]	[2908.6021, 2915.3153]
26   	40922.36    	0.094   	0.9375  	[16.2, 16.2]	[front, back]	[2903.3205, 2922.5966]
27   	40002.09    	0.091   	0.9375  	[16.2, 16.2]	[front, back]	[2898.3346, 2912.3853]
28   	39335.24    	0.091   	0.9375  	[16.2, 16.2]	[left, right]	[2704.0211, 2735.5966]
29   	38335.27    	0.090   	0.9375  	[16.2, 16.2]	[left, right]	[2662.7934, 2673.1509]
30   	37368.01    	0.089   	0.9375  	[16.2, 16.2]	[left, right]	[2688.3647, 2692.6498]
31   	36225.42    	0.087   	0.9375  	[16.2, 16.2]	[left, right]	[2746.5007, 2744.4615]
32   	35128.11    	0.086   	0.9375  	[16.2, 16.2]	[left, right]	[2818.7333, 2819.1290]
33   	34190.45    	0.085   	0.9375  	[16.2, 16.2]	[left, right]	[2899.8312, 2907.4936]
34   	33222.35    	0.083   	0.9375  	[16.2, 16.2]	[left, right]	[2898.5982, 2922.5301]
35   	32236.65    	0.082   	0.9375  	[16.2, 16.2]	[left, right]	[2903.6287, 2928.2051]
36   	30838.67    	0.080   	0.9375  	[16.2, 16.2]	[left, right]	[2914.7252, 2910.6624]
37   	29241.51    	0.078   	0.9375  	[16.2, 16.2]	[left, right]	[2916.9729, 2896.8312]
38   	27156.95    	0.077   	0.9375  	[16.2, 16.2]	[back, front]	[2726.9674, 2707.2174]
39   	26415.95    	0.072   	0.9375  	[16.2, 16.2]	[back, front]	[2668.2549, 2656.4613]
40   	25508.47    	0.067   	0.9375  	[16.2, 16.2]	[back, front]	[2677.8109, 2679.8691]
41   	24420.88    	0.064   	0.9375  	[16.2, 16.2]	[back, front]	[2741.6553, 2742.1726]
42   	23346.85    	0.061   	0.9375  	[16.2, 16.2]	[right, left]	[2321.2672, 2341.1487]
43   	19696.89    	0.050   	0.9688  	[16.2, 16.2]	[right, left]	[2135.4612, 2147.2540]
44   	16032.53    	0.031   	1.0000  	[16.2, 16.2]	[right, left]	[1864.9785, 1881.2954]
45   	15249.60    	0.025   	1.0000  	[16.2, 16.2]	[right, left]	[1684.5674, 1692.2327]
46   	13937.19    	0.021   	1.0000  	[16.2, 16.2]	[back, front]	[1317.1008, 1335.0173]
47   	13229.09    	0.019   	1.0000  	[16.2, 16.2]	[back, front]	[1131.7811, 1145.8218]
48   	12745.68    	0.017   	1.0000  	[16.2, 16.2]	[right, left]	[918.9389, 919.8696]
49   	12304.48    	0.016   	1.0000  	[16.2, 16.2]	[right, left]	[787.9287, 781.9507]
50   	12043.63    	0.015   	1.0000  	[16.2, 16.2]	[right, left]	[705.0702, 696.1866]
51   	11821.49    	0.015   	1.0000  	[16.2, 16.2]	[right, up]	[670.0908, 660.0889]
52   	11560.28    	0.014   	1.0000  	[16.2, 21.7]	[up, front]	[650.4214, 668.4973]
53   	11294.24    	0.013   	1.0000  	[21.7, 21.7]	[right, left]	[661.8804, 669.0565]
54   	10905.91    	0.012   	1.0000  	[21.7, 21.7]	[back, left]	[680.2702, 699.0438]
55   	10501.01    	0.012   	1.0000  	[21.7, 21.7]	[back, front]	[722.8820, 738.2192]
56   	10091.29    	0.012   	1.0000  	[21.7, 21.7]	[back, front]	[820.0251, 822.0313]
57   	9417.54     	0.013   	1.0000  	[21.7, 21.7]	[hover, hover]	[716.0024, 716.0189]
58   	8964.22     	0.013   	1.0000  	[21.7, 21.7]	[hover, hover]	[625.3789, 627.6271]
59   	8557.36     	0.011   	1.0000  	[21.7, 21.7]	[hover, hover]	[546.8178, 552.1392]
60   	8228.85     	0.011   	1.0000  	[21.7, 21.7]	[hover, hover]	[480.1699, 490.4122]
61   	7873.97     	0.010   	1.0000  	[21.7, 21.7]	[left, hover]	[421.1786, 429.5009]
62   	7699.32     	0.010   	1.0000  	[21.7, 21.7]	[left, hover]	[412.8808, 379.2824]
63   	7515.99     	0.009   	1.0000  	[21.7, 21.7]	[left, hover]	[428.1815, 337.0370]
64   	7328.96     	0.009   	1.0000  	[21.7, 21.7]	[left, right]	[447.7810, 303.7863]
65   	7172.81     	0.009   	1.0000  	[21.7, 21.7]	[left, right]	[504.9908, 311.7306]
66   	7041.98     	0.009   	1.0000  	[21.7, 21.7]	[left, right]	[570.2050, 354.7239]
67   	6902.46     	0.008   	1.0000  	[21.7, 21.7]	[left, right]	[666.4092, 384.9149]
68   	6693.39     	0.008   	1.0000  	[21.7, 21.7]	[left, right]	[795.8040, 452.5734]
69   	6466.69     	0.008   	1.0000  	[21.7, 21.7]	[front, right]	[779.0321, 539.3516]
70   	6262.40     	0.008   	1.0000  	[21.7, 21.7]	[front, right]	[742.6418, 636.9904]
71   	6032.99     	0.007   	1.0000  	[21.7, 21.7]	[front, right]	[668.9627, 773.5437]
72   	5783.36     	0.007   	1.0000  	[21.7, 21.7]	[front, back]	[612.4352, 772.3432]
73   	5594.47     	0.006   	1.0000  	[21.7, 21.7]	[front, back]	[623.4328, 741.8147]
74   	5467.81     	0.006   	1.0000  	[21.7, 21.7]	[front, back]	[655.9867, 666.4458]
75   	5335.34     	0.006   	1.0000  	[21.7, 21.7]	[front, back]	[710.0864, 611.8880]
76   	5216.29     	0.006   	1.0000  	[21.7, 21.7]	[front, back]	[821.6381, 626.5756]
77   	5102.03     	0.005   	1.0000  	[21.7, 21.7]	[hover, back]	[715.1501, 650.0689]
78   	4971.55     	0.005   	1.0000  	[21.7, 21.7]	[hover, back]	[624.9634, 696.7841]
79   	4845.53     	0.005   	1.0000  	[21.7, 21.7]	[hover, back]	[541.6545, 812.2866]
80   	4678.14     	0.005   	1.0000  	[21.7, 21.7]	[hover, hover]	[477.9237, 708.1711]
81   	4541.57     	0.004   	1.0000  	[21.7, 21.7]	[hover, hover]	[419.4394, 626.4503]
82   	4408.34     	0.004   	1.0000  	[21.7, 21.7]	[right, hover]	[379.5469, 548.1370]
83   	4321.08     	0.004   	1.0000  	[21.7, 21.7]	[right, hover]	[382.5584, 480.6959]
84   	4256.01     	0.004   	1.0000  	[21.7, 21.7]	[right, left]	[367.2188, 426.3472]
85   	4211.78     	0.004   	1.0000  	[21.7, 21.7]	[right, left]	[385.3737, 418.0107]
86   	4151.88     	0.004   	1.0000  	[21.7, 21.7]	[right, left]	[430.0347, 401.6972]
87   	4088.73     	0.004   	1.0000  	[21.7, 21.7]	[right, left]	[511.0718, 410.2180]
88   	4035.40     	0.004   	1.0000  	[21.7, 21.7]	[right, left]	[610.4349, 449.3668]
89   	3961.50     	0.003   	1.0000  	[21.7, 21.7]	[right, left]	[754.3127, 525.9248]
90   	3836.16     	0.003   	1.0000  	[21.7, 21.7]	[hover, left]	[658.0564, 626.7128]
91   	3728.07     	0.003   	1.0000  	[21.7, 21.7]	[hover, left]	[580.1502, 769.5355]
92   	3591.23     	0.003   	1.0000  	[21.7, 21.7]	[hover, hover]	[507.7345, 671.8154]
93   	3465.46     	0.003   	1.0000  	[21.7, 21.7]	[hover, hover]	[448.9447, 583.8533]
94   	3383.25     	0.002   	1.0000  	[21.7, 21.7]	[hover, hover]	[398.4772, 515.7891]
95   	3291.31     	0.002   	1.0000  	[21.7, 21.7]	[hover, hover]	[349.0564, 454.3618]
96   	3231.22     	0.002   	1.0000  	[21.7, 21.7]	[hover, hover]	[309.0866, 397.2172]
97   	3131.24     	0.002   	1.0000  	[21.7, 21.7]	[hover, hover]	[272.4540, 352.0918]
98   	3077.69     	0.002   	1.0000  	[21.7, 21.7]	[hover, hover]	[245.4856, 316.1868]
99   	3016.34     	0.002   	1.0000  	[21.7, 21.7]	[hover, hover]	[217.0671, 281.3452]
[2025-12-11T11:38:51]
Strategy: greedy_ig
Pairwise: equal
News mode: BS
Num agents: 2
Iteration: 19
Error margin: None
Gaussian radius 5 
Grid info: range: 0-50-50, cell_size:0.125, map shape: (400, 400), center:True
init UAV positions: [(-25.0, -25.0, 5.4), (-25.0, 25.0, 5.4)]
mcts_params: {}
Step	Entropy	MSE	Coverage	Heights	Actions	IGs
------------------------------------------------------------------------------------------------------------------------
0    	158826.13   	0.405   	0.0078  	[5.4, 5.4]	[up, up]	[807.8971, 807.8971]
1    	155960.59   	0.409   	0.0312  	[10.8, 10.8]	[up, up]	[1050.1340, 1047.0929]
2    	152527.78   	0.419   	0.0703  	[16.2, 16.2]	[front, back]	[1216.1145, 1211.2301]
3    	149881.81   	0.420   	0.0938  	[16.2, 16.2]	[right, right]	[1508.8933, 1513.2401]
4    	146238.94   	0.422   	0.1250  	[16.2, 16.2]	[front, back]	[1728.8258, 1721.0269]
5    	142348.82   	0.420   	0.1562  	[16.2, 16.2]	[right, right]	[2046.8140, 2033.8366]
6    	137590.33   	0.423   	0.1953  	[16.2, 16.2]	[front, back]	[2276.4362, 2271.1261]
7    	132609.69   	0.411   	0.2344  	[16.2, 16.2]	[right, right]	[2608.6940, 2608.5872]
8    	126734.61   	0.413   	0.2812  	[16.2, 16.2]	[right, right]	[2667.4813, 2662.6611]
9    	121180.60   	0.422   	0.3281  	[16.2, 16.2]	[right, right]	[2731.0174, 2740.7310]
10   	115555.39   	0.416   	0.3750  	[16.2, 16.2]	[right, right]	[2808.9806, 2807.4724]
11   	109749.34   	0.402   	0.4219  	[16.2, 16.2]	[right, right]	[2870.4948, 2882.3509]
12   	103836.25   	0.382   	0.4688  	[16.2, 16.2]	[right, right]	[2906.8262, 2914.4344]
13   	98011.68    	0.363   	0.5156  	[16.2, 16.2]	[right, right]	[2900.3672, 2914.3902]
14   	92169.57    	0.339   	0.5625  	[16.2, 16.2]	[right, right]	[2909.3922, 2912.2133]
15   	86251.07    	0.313   	0.6094  	[16.2, 16.2]	[right, right]	[2884.8235, 2906.6958]
16   	80577.94    	0.287   	0.6562  	[16.2, 16.2]	[right, right]	[2920.2611, 2903.3602]
17   	74685.17    	0.266   	0.7031  	[16.2, 16.2]	[right, right]	[2910.2680, 2915.0904]
18   	68895.30    	0.248   	0.7500  	[16.2, 16.2]	[front, back]	[2732.9868, 2718.2232]
19   	63975.11    	0.204   	0.7969  	[16.2, 16.2]	[front, back]	[2659.1346, 2666.6585]
20   	58672.77    	0.159   	0.8438  	[16.2, 16.2]	[front, back]	[2392.7937, 2397.0444]
21   	57611.38    	0.153   	0.8438  	[16.2, 16.2]	[front, back]	[2193.2251, 2192.5188]
22   	55850.23    	0.141   	0.8438  	[16.2, 16.2]	[front, back]	[2145.4231, 2146.4767]
23   	54637.19    	0.137   	0.8438  	[16.2, 16.2]	[front, back]	[2471.3092, 2455.9834]
24   	53606.27    	0.134   	0.8438  	[16.2, 16.2]	[front, back]	[2725.1419, 2719.8472]
25   	52642.99    	0.132   	0.8438  	[16.2, 16.2]	[front, back]	[2857.6935, 2870.5074]
26   	51380.37    	0.130   	0.8438  	[16.2, 16.2]	[front, back]	[2903.3205, 2922.5966]
27   	49798.72    	0.128   	0.8438  	[16.2, 16.2]	[front, back]	[2898.3346, 2912.3853]
28   	47642.50    	0.127   	0.8438  	[16.2, 16.2]	[left, left]	[2704.0211, 2733.6072]
29   	46853.44    	0.122   	0.8438  	[16.2, 16.2]	[left, left]	[2662.7934, 2660.6394]
30   	45961.12    	0.120   	0.8438  	[16.2, 16.2]	[left, left]	[2688.3647, 2673.3768]
31   	44891.19    	0.118   	0.8438  	[16.2, 16.2]	[left, left]	[2746.5007, 2735.7003]
32   	43828.83    	0.118   	0.8438  	[16.2, 16.2]	[left, left]	[2818.7333, 2823.3404]
33   	42693.07    	0.117   	0.8438  	[16.2, 16.2]	[left, left]	[2899.8312, 2909.3377]
34   	41593.94    	0.116   	0.8438  	[16.2, 16.2]	[left, left]	[2898.5982, 2931.0198]
35   	40617.57    	0.114   	0.8438  	[16.2, 16.2]	[left, left]	[2903.6287, 2929.2335]
36   	39537.29    	0.113   	0.8438  	[16.2, 16.2]	[left, left]	[2914.7252, 2920.1880]
37   	38470.26    	0.111   	0.8438  	[16.2, 16.2]	[left, left]	[2916.9729, 2931.2672]
38   	37289.13    	0.109   	0.8438  	[16.2, 16.2]	[back, front]	[2726.9674, 2739.5880]
39   	31898.75    	0.092   	0.8906  	[16.2, 16.2]	[back, front]	[2668.2549, 2666.9826]
40   	26540.49    	0.077   	0.9375  	[16.2, 16.2]	[back, front]	[2391.8717, 2395.4772]
41   	25425.64    	0.068   	0.9375  	[16.2, 16.2]	[back, front]	[2185.9724, 2190.0670]
42   	23663.25    	0.063   	0.9375  	[16.2, 16.2]	[right, right]	[1975.6287, 1995.5237]
43   	21471.58    	0.060   	0.9531  	[16.2, 16.2]	[right, right]	[1830.1116, 1856.8361]
44   	19136.65    	0.053   	0.9688  	[16.2, 16.2]	[right, right]	[1748.0755, 1780.7303]
45   	16872.38    	0.040   	0.9844  	[16.2, 16.2]	[right, right]	[1764.5523, 1783.5456]
46   	14495.99    	0.026   	1.0000  	[16.2, 16.2]	[back, front]	[1272.4510, 1283.6712]
47   	13664.21    	0.021   	1.0000  	[16.2, 16.2]	[back, front]	[1099.8244, 1097.4419]
48   	13154.80    	0.019   	1.0000  	[16.2, 16.2]	[right, right]	[929.5365, 932.3348]
49   	12662.39    	0.017   	1.0000  	[16.2, 16.2]	[right, right]	[787.9287, 776.9870]
50   	12368.47    	0.016   	1.0000  	[16.2, 16.2]	[right, right]	[678.6737, 673.3612]
51   	12095.14    	0.015   	1.0000  	[16.2, 16.2]	[up, up]	[625.9361, 622.3288]
52   	11868.94    	0.014   	1.0000  	[21.7, 21.7]	[back, front]	[640.5387, 636.6049]
53   	11631.27    	0.013   	1.0000  	[21.7, 21.7]	[right, right]	[645.7474, 647.5950]
54   	11360.87    	0.013   	1.0000  	[21.7, 21.7]	[right, right]	[667.5802, 680.0750]
55   	11069.50    	0.012   	1.0000  	[21.7, 21.7]	[back, front]	[708.9147, 724.9736]
56   	10658.93    	0.012   	1.0000  	[21.7, 21.7]	[back, front]	[817.6470, 830.4232]
57   	9949.08     	0.014   	1.0000  	[21.7, 21.7]	[hover, hover]	[714.1757, 736.0378]
58   	9550.23     	0.013   	1.0000  	[21.7, 21.7]	[hover, hover]	[625.9399, 642.6600]
59   	9162.34     	0.012   	1.0000  	[21.7, 21.7]	[hover, hover]	[549.2548, 567.2517]
60   	8841.84     	0.011   	1.0000  	[21.7, 21.7]	[hover, hover]	[486.0685, 489.0534]
61   	8542.39     	0.011   	1.0000  	[21.7, 21.7]	[hover, hover]	[427.4042, 429.2963]
62   	8295.66     	0.011   	1.0000  	[21.7, 21.7]	[hover, hover]	[377.9279, 378.4287]
63   	8148.30     	0.010   	1.0000  	[21.7, 21.7]	[left, left]	[343.5714, 335.0679]
64   	8016.37     	0.010   	1.0000  	[21.7, 21.7]	[left, left]	[339.7619, 329.1561]
65   	7888.52     	0.010   	1.0000  	[21.7, 21.7]	[left, left]	[371.4331, 369.8688]
66   	7782.08     	0.009   	1.0000  	[21.7, 21.7]	[left, left]	[405.4478, 400.5194]
67   	7642.75     	0.009   	1.0000  	[21.7, 21.7]	[left, left]	[469.2375, 466.6203]
68   	7494.71     	0.009   	1.0000  	[21.7, 21.7]	[left, left]	[542.7857, 551.5923]
69   	7298.03     	0.009   	1.0000  	[21.7, 21.7]	[left, left]	[641.0920, 646.7907]
70   	6974.42     	0.009   	1.0000  	[21.7, 21.7]	[left, left]	[773.1550, 780.9221]
71   	6496.49     	0.009   	1.0000  	[21.7, 21.7]	[front, back]	[735.6332, 753.9211]
72   	6150.32     	0.007   	1.0000  	[21.7, 21.7]	[front, back]	[675.1839, 683.9208]
73   	5813.06     	0.007   	1.0000  	[21.7, 21.7]	[front, back]	[591.6849, 592.5892]
74   	5575.19     	0.006   	1.0000  	[21.7, 21.7]	[front, back]	[530.9527, 534.5734]
75   	5348.51     	0.006   	1.0000  	[21.7, 21.7]	[front, back]	[551.2083, 557.0838]
76   	5188.14     	0.006   	1.0000  	[21.7, 21.7]	[front, back]	[601.6656, 604.3889]
77   	5039.20     	0.005   	1.0000  	[21.7, 21.7]	[front, back]	[678.3182, 682.2880]
78   	4892.64     	0.005   	1.0000  	[21.7, 21.7]	[front, back]	[812.6217, 806.5729]
79   	4771.00     	0.005   	1.0000  	[21.7, 21.7]	[hover, hover]	[712.1307, 708.7163]
80   	4647.34     	0.005   	1.0000  	[21.7, 21.7]	[hover, hover]	[622.1944, 615.2952]
81   	4524.35     	0.004   	1.0000  	[21.7, 21.7]	[hover, hover]	[549.1966, 544.1484]
82   	4443.46     	0.004   	1.0000  	[21.7, 21.7]	[hover, hover]	[484.0335, 477.6234]
83   	4338.44     	0.004   	1.0000  	[21.7, 21.7]	[hover, right]	[425.9320, 419.8559]
84   	4266.32     	0.004   	1.0000  	[21.7, 21.7]	[right, right]	[391.7830, 412.6362]
85   	4208.89     	0.004   	1.0000  	[21.7, 21.7]	[right, right]	[396.6434, 386.1973]
86   	4160.88     	0.004   	1.0000  	[21.7, 21.7]	[right, right]	[377.4892, 399.8755]
87   	4124.32     	0.004   	1.0000  	[21.7, 21.7]	[right, right]	[389.0259, 441.6686]
88   	4080.72     	0.004   	1.0000  	[21.7, 21.7]	[right, right]	[432.3982, 523.5233]
89   	4040.46     	0.003   	1.0000  	[21.7, 21.7]	[right, right]	[513.1614, 634.2850]
90   	3963.98     	0.003   	1.0000  	[21.7, 21.7]	[right, right]	[616.2857, 779.5615]
91   	3794.76     	0.003   	1.0000  	[21.7, 21.7]	[right, hover]	[764.8619, 680.5037]
92   	3627.01     	0.003   	1.0000  	[21.7, 21.7]	[hover, hover]	[673.9474, 599.4098]
93   	3530.12     	0.003   	1.0000  	[21.7, 21.7]	[hover, hover]	[590.6936, 524.8733]
94   	3376.62     	0.003   	1.0000  	[21.7, 21.7]	[hover, hover]	[520.0495, 460.9031]
95   	3319.64     	0.003   	1.0000  	[21.7, 21.7]	[hover, hover]	[460.3807, 407.7192]
96   	3219.66     	0.002   	1.0000  	[21.7, 21.7]	[hover, hover]	[405.1411, 361.4112]
97   	3136.11     	0.002   	1.0000  	[21.7, 21.7]	[hover, hover]	[357.0143, 320.7673]
98   	3062.78     	0.002   	1.0000  	[21.7, 21.7]	[hover, hover]	[313.4804, 280.2077]
99   	3019.29     	0.002   	1.0000  	[21.7, 21.7]	[hover, hover]	[275.6110, 249.4511]
