[2025-12-18T14:44:59]
Strategy: greedy_ig
Pairwise: adaptive
News mode: IG
Num agents: 4
Iteration: 0
Error margin: None
Gaussian radius 5 
Grid info: range: 0-50-50, cell_size:0.125, map shape: (400, 400), center:True
init UAV positions: [(-25.0, -5.0, 5.4), (-10.0, 10.0, 5.4), (10.0, 0.0, 5.4), (0.0, 20.0, 5.4)]
mcts_params: {}
Step	Entropy	MSE	Coverage	Heights	Actions	IGs
------------------------------------------------------------------------------------------------------------------------
0    	160000.00   	0.250   	0.0000  	[5.4, 5.4, 5.4, 5.4]	[-, -, -, -]	[-, -, -, -]
1    	159154.81   	0.243   	0.0547  	[5.4, 5.4, 5.4, 5.4]	[up, up, up, up]	[1952.2791, 3904.5582, 3904.5582, 3514.1024]
2    	158147.73   	0.234   	0.2100  	[10.8, 10.8, 10.8, 10.8]	[up, up, up, up]	[1998.7423, 4348.0608, 4342.2658, 3034.8406]
3    	156662.82   	0.224   	0.4231  	[16.2, 16.2, 16.2, 16.2]	[right, up, up, back]	[2048.0542, 4316.2556, 4480.3928, 2809.5080]
4    	154824.89   	0.214   	0.5825  	[16.2, 21.7, 21.7, 16.2]	[up, back, front, up]	[2127.9245, 3423.9129, 3713.1715, 2689.7381]
5    	152480.11   	0.204   	0.6598  	[21.7, 21.7, 21.7, 21.7]	[right, up, front, back]	[2262.8617, 2943.6158, 3245.6203, 2667.4736]
6    	149702.97   	0.194   	0.7069  	[21.7, 27.1, 21.7, 21.7]	[right, back, front, back]	[2311.7624, 2590.3832, 2838.3547, 2519.5184]
7    	146644.49   	0.185   	0.7311  	[21.7, 27.1, 21.7, 21.7]	[right, back, front, back]	[2277.6084, 2479.0634, 2494.9448, 2356.7845]
8    	143140.49   	0.177   	0.7556  	[21.7, 27.1, 21.7, 21.7]	[right, back, left, up]	[2248.8505, 2410.9990, 2133.8105, 2319.1469]
9    	139236.18   	0.168   	0.7697  	[21.7, 27.1, 21.7, 27.1]	[up, back, left, back]	[2257.7432, 2387.5447, 2027.9811, 2280.7172]
10   	135060.24   	0.159   	0.8100  	[27.1, 27.1, 21.7, 27.1]	[right, back, left, back]	[2275.2319, 2344.0115, 2032.7798, 2279.0476]
11   	130560.18   	0.151   	0.8631  	[27.1, 27.1, 21.7, 27.1]	[right, right, left, back]	[2307.7485, 2203.7302, 2060.5754, 2284.0302]
12   	126063.00   	0.142   	0.8814  	[27.1, 27.1, 21.7, 27.1]	[right, right, left, back]	[2303.9154, 2107.1131, 2146.7315, 2306.8068]
13   	121472.80   	0.134   	0.8930  	[27.1, 27.1, 21.7, 27.1]	[right, right, left, back]	[2312.1045, 2117.9357, 2265.2511, 2309.2845]
14   	116986.95   	0.125   	0.9117  	[27.1, 27.1, 21.7, 27.1]	[right, right, left, left]	[2317.8122, 2144.8855, 2378.3137, 2121.1169]
15   	112396.15   	0.117   	0.9289  	[27.1, 27.1, 21.7, 27.1]	[right, right, back, left]	[2339.2163, 2180.2495, 2197.2065, 2067.0664]
16   	107444.89   	0.109   	0.9669  	[27.1, 27.1, 21.7, 27.1]	[back, right, back, left]	[2201.9878, 2225.0421, 2094.8449, 2077.3080]
17   	102519.55   	0.102   	0.9723  	[27.1, 27.1, 21.7, 27.1]	[back, front, back, back]	[1850.7566, 1911.3097, 2030.7785, 1757.4848]
18   	97823.14    	0.096   	0.9850  	[27.1, 27.1, 21.7, 27.1]	[down, front, back, hover]	[1583.9062, 1712.5059, 2037.3767, 1386.6731]
19   	93350.80    	0.090   	0.9869  	[21.7, 27.1, 21.7, 27.1]	[right, front, back, hover]	[1397.0255, 1637.4123, 2094.8888, 1058.3214]
20   	89087.87    	0.085   	0.9892  	[21.7, 27.1, 21.7, 27.1]	[back, front, back, hover]	[1046.9798, 1613.2852, 2124.0320, 792.2729]
21   	85270.08    	0.080   	0.9916  	[21.7, 27.1, 21.7, 27.1]	[hover, front, back, front]	[611.1877, 1685.0684, 2158.5321, 589.5457]
22   	81986.06    	0.076   	0.9939  	[21.7, 27.1, 21.7, 27.1]	[hover, front, back, front]	[330.7740, 1705.2769, 2221.1440, 544.7962]
23   	78876.39    	0.072   	0.9958  	[21.7, 27.1, 21.7, 27.1]	[left, down, right, front]	[224.0463, 1464.9610, 1890.2730, 556.4573]
24   	75918.83    	0.069   	0.9958  	[21.7, 21.7, 21.7, 27.1]	[left, front, right, front]	[230.2337, 1406.0087, 1654.5222, 607.0683]
25   	73160.57    	0.066   	0.9958  	[21.7, 21.7, 21.7, 27.1]	[left, right, right, front]	[290.2302, 1146.2336, 1536.5684, 667.5667]
26   	70743.22    	0.063   	0.9958  	[21.7, 21.7, 21.7, 27.1]	[left, right, right, front]	[352.1079, 766.6046, 1452.7720, 747.6979]
27   	68594.66    	0.060   	0.9995  	[21.7, 21.7, 21.7, 27.1]	[left, hover, right, front]	[409.8736, 436.9752, 1437.2600, 750.3616]
28   	66797.52    	0.058   	1.0000  	[21.7, 21.7, 21.7, 27.1]	[left, hover, right, down]	[465.4506, 235.9229, 1448.8974, 625.3725]
29   	65125.40    	0.055   	1.0000  	[21.7, 21.7, 21.7, 21.7]	[left, back, right, left]	[531.4516, 138.9455, 1514.4115, 664.3028]
30   	63738.59    	0.053   	1.0000  	[21.7, 21.7, 21.7, 21.7]	[left, back, right, front]	[587.6493, 131.0808, 1587.6087, 659.2065]
31   	62670.43    	0.051   	1.0000  	[21.7, 21.7, 21.7, 21.7]	[hover, back, hover, hover]	[419.3824, 172.0496, 1065.9441, 470.5874]
32   	61952.57    	0.050   	1.0000  	[21.7, 21.7, 21.7, 21.7]	[hover, back, hover, hover]	[277.5677, 236.4262, 665.6004, 320.3405]
33   	61466.32    	0.050   	1.0000  	[21.7, 21.7, 21.7, 21.7]	[hover, back, front, hover]	[170.7389, 365.7348, 412.9742, 207.5108]
34   	61012.71    	0.049   	1.0000  	[21.7, 21.7, 21.7, 21.7]	[hover, back, front, hover]	[101.6218, 506.8140, 311.0593, 130.1870]
35   	60452.76    	0.048   	1.0000  	[21.7, 21.7, 21.7, 21.7]	[hover, back, front, hover]	[57.3394, 652.6449, 298.6944, 82.8921]
36   	59832.53    	0.048   	1.0000  	[21.7, 21.7, 21.7, 21.7]	[hover, back, front, hover]	[30.4008, 770.5584, 316.8051, 49.1321]
37   	59293.47    	0.047   	1.0000  	[21.7, 21.7, 21.7, 21.7]	[front, back, front, hover]	[18.6506, 615.1147, 364.5464, 31.6697]
38   	58888.84    	0.046   	1.0000  	[21.7, 21.7, 21.7, 21.7]	[up, down, front, hover]	[12.5697, 409.4325, 419.4663, 19.7109]
39   	58493.37    	0.046   	1.0000  	[27.1, 16.2, 21.7, 21.7]	[front, back, front, hover]	[24.1111, 300.5327, 481.1855, 13.2101]
40   	57916.14    	0.045   	1.0000  	[27.1, 16.2, 21.7, 21.7]	[front, right, front, hover]	[213.8024, 159.3340, 560.6472, 7.7498]
41   	57148.46    	0.044   	1.0000  	[27.1, 16.2, 21.7, 21.7]	[front, hover, hover, right]	[624.4811, 61.6664, 342.7782, 5.1619]
42   	56117.37    	0.043   	1.0000  	[27.1, 16.2, 21.7, 21.7]	[front, left, hover, up]	[987.6747, 30.1857, 187.7598, 4.2034]
43   	54799.49    	0.042   	1.0000  	[27.1, 16.2, 21.7, 27.1]	[front, left, hover, right]	[1295.6524, 47.5380, 101.4432, 9.4015]
44   	53283.41    	0.040   	1.0000  	[27.1, 16.2, 21.7, 27.1]	[front, left, hover, right]	[1554.9215, 96.9312, 51.1845, 43.8372]
45   	51563.16    	0.038   	1.0000  	[27.1, 16.2, 21.7, 27.1]	[front, left, hover, right]	[1589.6305, 118.5075, 23.9506, 243.7967]
46   	49490.38    	0.036   	1.0000  	[27.1, 16.2, 21.7, 27.1]	[down, left, hover, right]	[1786.7085, 124.5263, 10.8954, 622.6276]
47   	47369.12    	0.034   	1.0000  	[21.7, 16.2, 21.7, 27.1]	[front, left, up, right]	[1640.0817, 181.8680, 5.3570, 959.8002]
48   	45174.65    	0.032   	1.0000  	[21.7, 16.2, 27.1, 27.1]	[right, left, left, right]	[1246.4898, 245.6723, 7.9292, 1249.3154]
49   	42765.21    	0.029   	1.0000  	[21.7, 16.2, 27.1, 27.1]	[right, left, left, back]	[1212.9673, 364.6099, 12.8418, 1219.1942]
50   	40195.90    	0.027   	1.0000  	[21.7, 16.2, 27.1, 27.1]	[right, left, left, back]	[1245.2763, 517.7289, 24.0738, 1107.5067]
51   	37339.55    	0.025   	1.0000  	[21.7, 16.2, 27.1, 27.1]	[right, left, left, back]	[1335.3905, 757.8922, 43.3539, 989.0443]
52   	33957.20    	0.022   	1.0000  	[21.7, 16.2, 27.1, 27.1]	[right, left, left, back]	[1422.0710, 956.0908, 76.3365, 935.2681]
53   	30478.49    	0.019   	1.0000  	[21.7, 16.2, 27.1, 27.1]	[right, front, left, back]	[1484.5519, 646.1563, 130.9088, 929.8807]
54   	27119.41    	0.017   	1.0000  	[21.7, 16.2, 27.1, 27.1]	[right, back, left, back]	[1549.2807, 337.6901, 204.2338, 972.4506]
55   	23532.57    	0.014   	1.0000  	[21.7, 16.2, 27.1, 27.1]	[right, front, left, back]	[1627.3828, 233.5761, 243.9157, 1038.9381]
56   	20657.41    	0.012   	1.0000  	[21.7, 16.2, 27.1, 27.1]	[hover, front, back, back]	[1056.0375, 147.6785, 207.6323, 962.8268]
57   	18423.01    	0.010   	1.0000  	[21.7, 16.2, 27.1, 27.1]	[back, front, hover, down]	[646.1440, 98.8273, 161.4762, 834.0614]
58   	16706.76    	0.009   	1.0000  	[21.7, 16.2, 27.1, 21.7]	[front, front, hover, right]	[381.8706, 76.2022, 123.0375, 778.8300]
59   	15294.09    	0.008   	1.0000  	[21.7, 16.2, 27.1, 21.7]	[back, front, hover, back]	[197.8398, 67.1785, 89.5687, 688.0532]
60   	14395.77    	0.008   	1.0000  	[21.7, 16.2, 27.1, 21.7]	[front, front, back, hover]	[116.0769, 103.3222, 68.3723, 394.1065]
61   	13753.39    	0.007   	1.0000  	[21.7, 16.2, 27.1, 21.7]	[hover, front, back, hover]	[57.2749, 143.9000, 67.0281, 222.2725]
62   	13197.13    	0.007   	1.0000  	[21.7, 16.2, 27.1, 21.7]	[back, front, back, hover]	[35.7290, 200.0098, 82.9292, 118.8869]
63   	12587.71    	0.007   	1.0000  	[21.7, 16.2, 27.1, 21.7]	[back, front, back, hover]	[24.2166, 316.9406, 110.0792, 62.9342]
64   	11608.33    	0.006   	1.0000  	[21.7, 16.2, 27.1, 21.7]	[back, front, back, left]	[18.3338, 768.6744, 158.2991, 41.9354]
65   	10406.47    	0.005   	1.0000  	[21.7, 16.2, 27.1, 21.7]	[back, front, back, left]	[15.8671, 1152.1467, 232.4720, 35.5851]
66   	9613.70     	0.004   	1.0000  	[21.7, 16.2, 27.1, 21.7]	[back, right, hover, left]	[19.6514, 760.8590, 177.5239, 45.6615]
67   	9055.98     	0.004   	1.0000  	[21.7, 16.2, 27.1, 21.7]	[back, right, hover, left]	[26.5109, 535.2026, 132.8399, 52.4770]
68   	8540.86     	0.004   	1.0000  	[21.7, 16.2, 27.1, 21.7]	[back, left, hover, left]	[28.3593, 417.0794, 94.0684, 59.0603]
69   	8025.19     	0.003   	1.0000  	[21.7, 16.2, 27.1, 21.7]	[back, left, hover, left]	[30.6424, 350.6848, 65.2904, 81.2820]
70   	7601.60     	0.003   	1.0000  	[21.7, 16.2, 27.1, 21.7]	[back, hover, hover, left]	[34.9064, 204.0211, 45.0742, 112.5063]
71   	7271.87     	0.003   	1.0000  	[21.7, 16.2, 27.1, 21.7]	[hover, right, hover, left]	[17.5776, 133.6833, 30.8727, 150.3637]
72   	7036.91     	0.003   	1.0000  	[21.7, 16.2, 27.1, 21.7]	[hover, right, hover, hover]	[10.0902, 154.1253, 22.2756, 88.4835]
73   	6794.96     	0.003   	1.0000  	[21.7, 16.2, 27.1, 21.7]	[hover, right, hover, hover]	[5.8112, 171.8245, 15.4278, 52.5467]
74   	6628.35     	0.003   	1.0000  	[21.7, 16.2, 27.1, 21.7]	[hover, right, hover, hover]	[3.7804, 104.0239, 11.3562, 29.9845]
75   	6526.60     	0.003   	1.0000  	[21.7, 16.2, 27.1, 21.7]	[hover, right, hover, hover]	[2.6905, 59.5939, 8.5581, 17.0682]
76   	6467.59     	0.003   	1.0000  	[21.7, 16.2, 27.1, 21.7]	[hover, right, hover, hover]	[1.9614, 31.9561, 6.8322, 10.2444]
77   	6433.27     	0.003   	1.0000  	[21.7, 16.2, 27.1, 21.7]	[hover, right, hover, hover]	[1.7874, 20.7217, 5.0494, 6.0936]
78   	6406.94     	0.002   	1.0000  	[21.7, 16.2, 27.1, 21.7]	[front, right, hover, front]	[1.4706, 17.0665, 4.1633, 4.9672]
79   	6385.09     	0.002   	1.0000  	[21.7, 16.2, 27.1, 21.7]	[front, right, hover, front]	[1.8178, 16.0367, 3.2057, 4.1548]
80   	6354.52     	0.002   	1.0000  	[21.7, 16.2, 27.1, 21.7]	[left, right, down, front]	[1.8737, 31.4349, 2.7098, 3.8245]
81   	6317.54     	0.002   	1.0000  	[21.7, 16.2, 21.7, 21.7]	[hover, right, back, hover]	[1.5637, 36.9892, 2.8028, 3.2064]
82   	6301.23     	0.002   	1.0000  	[21.7, 16.2, 21.7, 21.7]	[hover, hover, left, hover]	[1.2243, 13.6963, 2.7455, 3.1078]
83   	6292.92     	0.002   	1.0000  	[21.7, 16.2, 21.7, 21.7]	[hover, hover, hover, hover]	[1.0979, 5.7719, 2.6275, 2.7444]
84   	6286.18     	0.002   	1.0000  	[21.7, 16.2, 21.7, 21.7]	[hover, back, hover, hover]	[0.8977, 3.3149, 2.0929, 2.3893]
85   	6281.43     	0.002   	1.0000  	[21.7, 16.2, 21.7, 21.7]	[right, back, down, hover]	[0.7276, 2.2179, 2.0151, 1.9182]
86   	6274.54     	0.002   	1.0000  	[21.7, 16.2, 16.2, 21.7]	[up, back, left, front]	[0.6418, 6.6564, 2.2663, 1.6905]
87   	6269.13     	0.002   	1.0000  	[27.1, 16.2, 16.2, 21.7]	[front, back, down, hover]	[0.7689, 7.8896, 2.2897, 1.2727]
88   	6262.52     	0.002   	1.0000  	[27.1, 16.2, 10.8, 21.7]	[front, back, front, front]	[1.3241, 9.9275, 2.1205, 1.1763]
89   	6257.31     	0.002   	1.0000  	[27.1, 16.2, 10.8, 21.7]	[front, back, hover, back]	[1.7376, 8.4171, 1.6535, 1.0198]
90   	6252.46     	0.002   	1.0000  	[27.1, 16.2, 10.8, 21.7]	[front, back, hover, down]	[1.6514, 7.2207, 0.7575, 1.3197]
91   	6244.07     	0.002   	1.0000  	[27.1, 16.2, 10.8, 16.2]	[front, back, hover, up]	[2.6899, 7.2532, 0.8056, 1.0619]
92   	6225.28     	0.002   	1.0000  	[27.1, 16.2, 10.8, 21.7]	[front, back, hover, back]	[8.3177, 6.6391, 0.7649, 1.0423]
93   	6208.70     	0.002   	1.0000  	[27.1, 16.2, 10.8, 21.7]	[left, back, hover, front]	[7.4457, 5.7548, 0.7604, 0.9067]
94   	6189.15     	0.002   	1.0000  	[27.1, 16.2, 10.8, 21.7]	[left, back, hover, up]	[7.6266, 3.5439, 0.8982, 0.6110]
95   	6154.18     	0.002   	1.0000  	[27.1, 16.2, 10.8, 27.1]	[left, hover, front, down]	[14.2508, 1.8140, 0.7026, 0.7840]
96   	6100.10     	0.002   	1.0000  	[27.1, 16.2, 10.8, 21.7]	[left, down, back, hover]	[24.8473, 1.4790, 0.7613, 0.7610]
97   	6007.93     	0.002   	1.0000  	[27.1, 10.8, 10.8, 21.7]	[left, right, front, hover]	[46.4325, 1.0162, 0.3750, 0.6666]
98   	5827.18     	0.002   	1.0000  	[27.1, 10.8, 10.8, 21.7]	[left, left, back, front]	[86.0830, 0.8649, 0.2019, 0.5484]
99   	5618.51     	0.002   	1.0000  	[27.1, 10.8, 10.8, 21.7]	[left, back, back, right]	[139.3494, 0.6491, 0.2138, 0.4953]
[2025-12-18T14:45:10]
Strategy: greedy_ig
Pairwise: adaptive
News mode: IG
Num agents: 4
Iteration: 1
Error margin: None
Gaussian radius 5 
Grid info: range: 0-50-50, cell_size:0.125, map shape: (400, 400), center:True
init UAV positions: [(-10.0, -10.0, 5.4), (-15.0, 0.0, 5.4), (15.0, -25.0, 5.4), (5.0, 25.0, 5.4)]
mcts_params: {}
Step	Entropy	MSE	Coverage	Heights	Actions	IGs
------------------------------------------------------------------------------------------------------------------------
0    	160000.00   	0.250   	0.0000  	[5.4, 5.4, 5.4, 5.4]	[-, -, -, -]	[-, -, -, -]
1    	159097.08   	0.242   	0.0469  	[5.4, 5.4, 5.4, 5.4]	[up, up, up, up]	[3904.5582, 3904.5582, 1952.2791, 1952.2791]
2    	157926.03   	0.233   	0.1800  	[10.8, 10.8, 10.8, 10.8]	[up, up, up, up]	[4081.2343, 3893.3804, 1995.9196, 2148.5374]
3    	156561.11   	0.223   	0.3738  	[16.2, 16.2, 16.2, 16.2]	[up, up, front, back]	[4032.4993, 3261.8990, 2027.6229, 2510.8871]
4    	155128.21   	0.214   	0.5425  	[21.7, 21.7, 16.2, 16.2]	[up, right, front, back]	[3239.7238, 2980.9583, 1983.7198, 2387.1699]
5    	153569.19   	0.205   	0.6737  	[27.1, 21.7, 16.2, 16.2]	[front, right, front, up]	[2876.1329, 2519.0418, 1912.0044, 2416.3738]
6    	151702.32   	0.196   	0.7547  	[27.1, 21.7, 16.2, 21.7]	[front, up, up, back]	[2576.0410, 2440.8931, 1892.3731, 2486.8416]
7    	149577.75   	0.188   	0.8227  	[27.1, 27.1, 21.7, 21.7]	[front, right, front, back]	[2449.9592, 2323.9265, 2007.3706, 2488.0480]
8    	146844.71   	0.179   	0.8592  	[27.1, 27.1, 21.7, 21.7]	[front, right, left, back]	[2400.8678, 2336.2599, 2089.2509, 2348.1994]
9    	143732.32   	0.170   	0.8769  	[27.1, 27.1, 21.7, 21.7]	[front, right, front, up]	[2375.3938, 2340.7100, 2062.2347, 2303.9738]
10   	140371.38   	0.162   	0.9394  	[27.1, 27.1, 21.7, 27.1]	[front, right, front, back]	[2340.1670, 2322.8288, 2130.0529, 2301.2967]
11   	136720.43   	0.154   	0.9620  	[27.1, 27.1, 21.7, 27.1]	[right, right, front, back]	[2240.1465, 2332.3099, 2298.2214, 2292.0936]
12   	132787.26   	0.147   	0.9714  	[27.1, 27.1, 21.7, 27.1]	[right, right, front, back]	[2136.7010, 2271.9936, 2533.6902, 2315.7025]
13   	128242.06   	0.139   	0.9800  	[27.1, 27.1, 21.7, 27.1]	[right, back, front, back]	[2097.9333, 2191.8656, 2744.0472, 2333.7463]
14   	122967.60   	0.130   	0.9800  	[27.1, 27.1, 21.7, 27.1]	[right, back, front, back]	[2114.2151, 2150.9576, 2882.8862, 2342.4261]
15   	117351.87   	0.121   	0.9847  	[27.1, 27.1, 21.7, 27.1]	[right, back, front, back]	[2165.3820, 2140.3433, 2787.8385, 2339.3412]
16   	112235.85   	0.113   	0.9900  	[27.1, 27.1, 21.7, 27.1]	[right, down, front, left]	[2202.6116, 1748.4351, 2599.0192, 2170.1718]
17   	106848.08   	0.105   	0.9941  	[27.1, 21.7, 21.7, 27.1]	[back, back, left, left]	[1887.9149, 1748.9526, 2252.6068, 2133.4571]
18   	101885.68   	0.098   	0.9941  	[27.1, 21.7, 21.7, 27.1]	[back, right, left, left]	[1701.4324, 1355.8263, 2072.7607, 2100.6891]
19   	97278.67    	0.093   	0.9941  	[27.1, 21.7, 21.7, 27.1]	[back, hover, left, left]	[1611.1209, 822.6848, 2064.1924, 2115.1568]
20   	93027.27    	0.087   	0.9941  	[27.1, 21.7, 21.7, 27.1]	[back, hover, left, left]	[1604.2412, 475.6867, 2078.9813, 1968.3550]
21   	89037.65    	0.082   	0.9947  	[27.1, 21.7, 21.7, 27.1]	[back, left, left, down]	[1662.0353, 297.1289, 2154.7836, 1821.3146]
22   	85253.84    	0.077   	0.9955  	[27.1, 21.7, 21.7, 21.7]	[back, left, left, left]	[1688.7275, 370.0177, 2243.6675, 1538.8552]
23   	82011.62    	0.073   	0.9962  	[27.1, 21.7, 21.7, 21.7]	[down, left, left, back]	[1454.1186, 531.8658, 2341.8215, 1192.9144]
24   	79020.41    	0.069   	0.9970  	[21.7, 21.7, 21.7, 21.7]	[back, left, left, hover]	[1400.3729, 665.0725, 2323.6979, 743.2213]
25   	76060.66    	0.065   	0.9977  	[21.7, 21.7, 21.7, 21.7]	[right, left, back, hover]	[1168.9064, 777.3419, 2206.1755, 441.1356]
26   	73006.19    	0.061   	0.9977  	[21.7, 21.7, 21.7, 21.7]	[right, left, back, front]	[822.9475, 871.5538, 2146.0620, 291.8620]
27   	69680.11    	0.058   	0.9977  	[21.7, 21.7, 21.7, 21.7]	[hover, left, back, front]	[484.5289, 953.6592, 2128.4614, 407.3092]
28   	66053.85    	0.055   	0.9977  	[21.7, 21.7, 21.7, 21.7]	[hover, left, back, front]	[263.0595, 1098.5399, 2117.7522, 700.8374]
29   	62359.76    	0.051   	0.9977  	[21.7, 21.7, 21.7, 21.7]	[front, left, back, front]	[156.3459, 880.8000, 2130.7865, 938.4779]
30   	58880.71    	0.048   	0.9977  	[21.7, 21.7, 21.7, 21.7]	[front, down, back, front]	[145.4546, 614.4894, 2145.7325, 1133.4557]
31   	55556.57    	0.045   	0.9977  	[21.7, 16.2, 21.7, 21.7]	[front, back, back, front]	[192.1667, 517.3717, 2206.2914, 1278.2661]
32   	52454.40    	0.042   	0.9977  	[21.7, 16.2, 21.7, 21.7]	[front, left, back, front]	[279.9668, 412.7232, 2263.3949, 1392.3312]
33   	49831.09    	0.039   	0.9977  	[21.7, 16.2, 21.7, 21.7]	[front, hover, right, front]	[398.9024, 223.2794, 1658.4486, 1507.5706]
34   	47985.44    	0.037   	0.9977  	[21.7, 16.2, 21.7, 21.7]	[front, hover, left, hover]	[527.0673, 109.2591, 1079.6345, 1108.0813]
35   	46392.80    	0.035   	0.9983  	[21.7, 16.2, 21.7, 21.7]	[front, front, right, hover]	[611.1082, 59.4888, 726.2586, 803.4531]
36   	45166.56    	0.034   	0.9991  	[21.7, 16.2, 21.7, 21.7]	[front, front, right, hover]	[713.4920, 49.6715, 456.1356, 545.8207]
37   	44403.48    	0.033   	0.9998  	[21.7, 16.2, 21.7, 21.7]	[front, front, hover, hover]	[556.2640, 67.7653, 246.8227, 356.9215]
38   	43837.44    	0.032   	1.0000  	[21.7, 16.2, 21.7, 21.7]	[left, front, left, hover]	[358.6301, 78.8168, 151.8585, 230.2892]
39   	43435.07    	0.032   	1.0000  	[21.7, 16.2, 21.7, 21.7]	[right, front, left, hover]	[206.0392, 90.3583, 174.9676, 140.8339]
40   	43057.23    	0.031   	1.0000  	[21.7, 16.2, 21.7, 21.7]	[left, front, hover, hover]	[121.6575, 179.8808, 104.1460, 87.2128]
41   	42388.30    	0.031   	1.0000  	[21.7, 16.2, 21.7, 21.7]	[left, front, hover, hover]	[94.9681, 588.3540, 59.8141, 49.7054]
42   	41432.63    	0.030   	1.0000  	[21.7, 16.2, 21.7, 21.7]	[left, front, hover, right]	[97.1044, 1093.0822, 35.6759, 29.4029]
43   	40392.50    	0.029   	1.0000  	[21.7, 16.2, 21.7, 21.7]	[left, front, right, right]	[134.3242, 1396.2289, 20.3783, 17.7264]
44   	39323.57    	0.028   	1.0000  	[21.7, 16.2, 21.7, 21.7]	[left, front, right, right]	[189.1662, 1622.2470, 39.2293, 14.1197]
45   	38164.28    	0.027   	1.0000  	[21.7, 16.2, 21.7, 21.7]	[left, right, right, right]	[269.6211, 1489.6519, 30.7156, 11.7736]
46   	37113.49    	0.026   	1.0000  	[21.7, 16.2, 21.7, 21.7]	[left, right, right, right]	[379.4796, 1335.6290, 23.1428, 12.1470]
47   	35844.50    	0.025   	1.0000  	[21.7, 16.2, 21.7, 21.7]	[left, right, right, right]	[527.9233, 1375.2815, 19.4886, 51.4627]
48   	33987.02    	0.023   	1.0000  	[21.7, 16.2, 21.7, 21.7]	[left, right, right, right]	[660.7235, 1429.5842, 18.0364, 360.9463]
49   	31644.47    	0.021   	1.0000  	[21.7, 16.2, 21.7, 21.7]	[hover, right, right, right]	[483.1057, 1428.0628, 19.8973, 955.8889]
50   	29335.25    	0.019   	1.0000  	[21.7, 16.2, 21.7, 21.7]	[hover, right, right, right]	[331.5659, 1348.0876, 21.7136, 986.0953]
51   	27161.79    	0.017   	1.0000  	[21.7, 16.2, 21.7, 21.7]	[back, right, right, back]	[231.2416, 1250.7732, 95.0843, 741.1759]
52   	25185.01    	0.016   	1.0000  	[21.7, 16.2, 21.7, 21.7]	[front, right, front, back]	[147.8829, 1256.3839, 83.6113, 608.3254]
53   	23304.72    	0.014   	1.0000  	[21.7, 16.2, 21.7, 21.7]	[back, right, front, back]	[106.1602, 1304.6982, 81.1637, 575.2769]
54   	21647.47    	0.013   	1.0000  	[21.7, 16.2, 21.7, 21.7]	[front, right, front, back]	[71.9402, 1379.5759, 98.4500, 635.4992]
55   	20082.55    	0.012   	1.0000  	[21.7, 16.2, 21.7, 21.7]	[back, right, front, back]	[52.4680, 1320.0495, 123.8068, 771.0158]
56   	18369.95    	0.010   	1.0000  	[21.7, 16.2, 21.7, 21.7]	[back, back, front, back]	[46.7852, 734.6562, 177.6541, 944.0697]
57   	16469.20    	0.009   	1.0000  	[21.7, 16.2, 21.7, 21.7]	[back, back, front, back]	[45.3628, 415.1990, 227.2773, 1072.3070]
58   	14378.69    	0.008   	1.0000  	[21.7, 16.2, 21.7, 21.7]	[back, hover, front, back]	[63.4349, 170.1270, 276.1253, 1178.6891]
59   	12713.78    	0.007   	1.0000  	[21.7, 16.2, 21.7, 21.7]	[back, up, front, hover]	[91.1491, 84.9037, 369.9541, 750.0112]
60   	11518.15    	0.006   	1.0000  	[21.7, 21.7, 21.7, 21.7]	[back, front, hover, hover]	[126.6067, 120.0937, 226.6266, 448.3913]
61   	10571.15    	0.005   	1.0000  	[21.7, 21.7, 21.7, 21.7]	[back, left, hover, left]	[207.9530, 73.1551, 122.8873, 263.7603]
62   	9660.38     	0.005   	1.0000  	[21.7, 21.7, 21.7, 21.7]	[back, hover, hover, right]	[435.2886, 36.8226, 64.2086, 146.2889]
63   	8720.49     	0.004   	1.0000  	[21.7, 21.7, 21.7, 21.7]	[back, hover, hover, left]	[739.0475, 16.8180, 31.5686, 80.5425]
64   	8051.45     	0.004   	1.0000  	[21.7, 21.7, 21.7, 21.7]	[hover, left, left, right]	[511.3332, 11.4971, 16.7664, 53.7241]
65   	7546.39     	0.003   	1.0000  	[21.7, 21.7, 21.7, 21.7]	[hover, left, left, left]	[340.4334, 13.8266, 10.6522, 29.7899]
66   	7205.96     	0.003   	1.0000  	[21.7, 21.7, 21.7, 21.7]	[hover, left, left, up]	[208.0215, 20.9988, 13.4969, 25.9167]
67   	6877.31     	0.003   	1.0000  	[21.7, 21.7, 21.7, 27.1]	[right, left, left, front]	[143.5071, 22.8235, 22.3651, 26.3364]
68   	6617.79     	0.003   	1.0000  	[21.7, 21.7, 21.7, 27.1]	[left, left, left, front]	[82.0437, 35.7202, 45.0677, 24.2067]
69   	6301.67     	0.003   	1.0000  	[21.7, 21.7, 21.7, 27.1]	[right, left, left, front]	[55.8622, 60.2888, 85.0147, 28.7306]
70   	5905.79     	0.002   	1.0000  	[21.7, 21.7, 21.7, 27.1]	[left, left, left, front]	[32.5694, 96.3992, 151.9266, 37.0684]
71   	5387.08     	0.002   	1.0000  	[21.7, 21.7, 21.7, 27.1]	[right, left, left, front]	[23.4758, 139.7671, 243.4563, 49.3683]
72   	4821.53     	0.002   	1.0000  	[21.7, 21.7, 21.7, 27.1]	[right, left, left, front]	[15.9974, 115.7684, 327.5392, 62.6359]
73   	4294.90     	0.001   	1.0000  	[21.7, 21.7, 21.7, 27.1]	[right, hover, hover, front]	[16.0526, 76.3155, 226.5559, 98.6112]
74   	3937.22     	0.001   	1.0000  	[21.7, 21.7, 21.7, 27.1]	[right, hover, hover, hover]	[15.8793, 45.9202, 149.8641, 71.4234]
75   	3669.31     	0.001   	1.0000  	[21.7, 21.7, 21.7, 27.1]	[right, hover, hover, hover]	[16.4465, 28.9509, 97.6231, 51.2321]
76   	3483.09     	0.001   	1.0000  	[21.7, 21.7, 21.7, 27.1]	[right, hover, hover, hover]	[15.3547, 17.5286, 63.8430, 34.4311]
77   	3354.46     	0.001   	1.0000  	[21.7, 21.7, 21.7, 27.1]	[right, hover, hover, hover]	[18.9197, 11.3863, 39.9346, 22.0746]
78   	3248.23     	0.001   	1.0000  	[21.7, 21.7, 21.7, 27.1]	[right, hover, hover, hover]	[30.8064, 7.1658, 24.1800, 13.9109]
79   	3171.46     	0.001   	1.0000  	[21.7, 21.7, 21.7, 27.1]	[right, right, hover, hover]	[32.8830, 4.0287, 15.5872, 8.7580]
80   	3129.44     	0.001   	1.0000  	[21.7, 21.7, 21.7, 27.1]	[hover, hover, hover, hover]	[19.1512, 3.0243, 9.0498, 6.0789]
81   	3097.37     	0.001   	1.0000  	[21.7, 21.7, 21.7, 27.1]	[hover, left, hover, hover]	[12.5773, 2.3600, 6.1432, 4.3646]
82   	3080.39     	0.001   	1.0000  	[21.7, 21.7, 21.7, 27.1]	[front, right, hover, hover]	[8.9367, 1.7460, 3.8477, 3.0974]
83   	3068.07     	0.001   	1.0000  	[21.7, 21.7, 21.7, 27.1]	[hover, right, hover, hover]	[6.3993, 1.3926, 2.4949, 2.3166]
84   	3059.72     	0.001   	1.0000  	[21.7, 21.7, 21.7, 27.1]	[back, back, hover, down]	[5.2033, 1.3235, 2.0074, 2.0381]
85   	3052.06     	0.001   	1.0000  	[21.7, 21.7, 21.7, 21.7]	[front, back, right, front]	[3.6650, 1.4165, 1.7480, 2.1808]
86   	3046.65     	0.001   	1.0000  	[21.7, 21.7, 21.7, 21.7]	[back, back, back, right]	[3.1507, 1.6259, 1.3066, 1.8303]
87   	3043.00     	0.001   	1.0000  	[21.7, 21.7, 21.7, 21.7]	[down, hover, back, down]	[3.0531, 1.2710, 1.1744, 1.4137]
88   	3038.38     	0.001   	1.0000  	[16.2, 21.7, 21.7, 16.2]	[back, back, back, right]	[2.9635, 1.1590, 2.0780, 1.8548]
89   	3033.48     	0.001   	1.0000  	[16.2, 21.7, 21.7, 16.2]	[right, back, up, down]	[2.7810, 1.8322, 2.0590, 2.2941]
90   	3027.84     	0.001   	1.0000  	[16.2, 21.7, 27.1, 10.8]	[down, back, back, right]	[1.8507, 2.3978, 2.7976, 1.7670]
91   	3020.20     	0.001   	1.0000  	[10.8, 21.7, 27.1, 10.8]	[left, back, back, front]	[2.0773, 2.8742, 3.0570, 1.0624]
92   	3001.86     	0.001   	1.0000  	[10.8, 21.7, 27.1, 10.8]	[right, back, back, front]	[1.2537, 7.2042, 4.1507, 1.2498]
93   	2980.42     	0.001   	1.0000  	[10.8, 21.7, 27.1, 10.8]	[back, left, back, hover]	[1.0275, 7.9305, 6.4978, 0.7090]
94   	2964.12     	0.001   	1.0000  	[10.8, 21.7, 27.1, 10.8]	[left, left, hover, hover]	[1.0992, 7.1009, 4.2919, 0.4651]
95   	2953.47     	0.001   	1.0000  	[10.8, 21.7, 27.1, 10.8]	[left, hover, hover, hover]	[1.0039, 3.9829, 3.0301, 0.5080]
96   	2947.05     	0.001   	1.0000  	[10.8, 21.7, 27.1, 10.8]	[left, hover, hover, hover]	[1.0074, 2.4719, 2.1181, 0.1855]
97   	2944.72     	0.001   	1.0000  	[10.8, 21.7, 27.1, 10.8]	[left, right, hover, hover]	[1.1067, 1.3590, 1.5149, 0.0390]
98   	2942.88     	0.001   	1.0000  	[10.8, 21.7, 27.1, 10.8]	[hover, left, hover, hover]	[1.2854, 1.0384, 1.2556, 0.0415]
99   	2940.73     	0.001   	1.0000  	[10.8, 21.7, 27.1, 10.8]	[front, right, hover, left]	[1.0839, 0.9656, 1.0124, 0.1403]
[2025-12-18T14:45:22]
Strategy: greedy_ig
Pairwise: adaptive
News mode: IG
Num agents: 4
Iteration: 2
Error margin: None
Gaussian radius 5 
Grid info: range: 0-50-50, cell_size:0.125, map shape: (400, 400), center:True
init UAV positions: [(-5.0, -25.0, 5.4), (-5.0, 5.0, 5.4), (15.0, -15.0, 5.4), (0.0, 25.0, 5.4)]
mcts_params: {}
Step	Entropy	MSE	Coverage	Heights	Actions	IGs
------------------------------------------------------------------------------------------------------------------------
0    	160000.00   	0.250   	0.0000  	[5.4, 5.4, 5.4, 5.4]	[-, -, -, -]	[-, -, -, -]
1    	159162.68   	0.242   	0.0469  	[5.4, 5.4, 5.4, 5.4]	[up, up, up, up]	[1952.2791, 3904.5582, 3904.5582, 1952.2791]
2    	158290.16   	0.234   	0.1875  	[10.8, 10.8, 10.8, 10.8]	[up, up, up, up]	[2166.5781, 3929.4169, 3957.6227, 2148.5374]
3    	157245.84   	0.225   	0.4219  	[16.2, 16.2, 16.2, 16.2]	[front, up, up, back]	[2501.5537, 3909.2548, 2753.3055, 2510.8871]
4    	155922.81   	0.216   	0.5869  	[16.2, 21.7, 21.7, 16.2]	[front, up, front, back]	[2606.9695, 3365.0984, 2518.5261, 2475.8374]
5    	154226.46   	0.206   	0.7145  	[16.2, 27.1, 21.7, 16.2]	[up, left, left, up]	[2593.5364, 2893.0447, 2391.7888, 2497.3944]
6    	152157.03   	0.197   	0.7933  	[21.7, 27.1, 21.7, 21.7]	[front, front, left, back]	[2645.8746, 2471.8528, 2199.2457, 2550.9464]
7    	149591.01   	0.189   	0.8097  	[21.7, 27.1, 21.7, 21.7]	[front, right, left, back]	[2628.6503, 2039.1443, 2140.6408, 2560.9140]
8    	146486.49   	0.181   	0.8116  	[21.7, 27.1, 21.7, 21.7]	[front, right, left, back]	[2431.3562, 1842.3731, 2132.3746, 2418.5624]
9    	143248.63   	0.172   	0.8231  	[21.7, 27.1, 21.7, 21.7]	[up, right, left, up]	[2340.2596, 1833.0826, 2179.8153, 2339.6989]
10   	139392.21   	0.164   	0.8731  	[27.1, 27.1, 21.7, 27.1]	[front, right, left, back]	[2317.5009, 1928.0892, 2201.1799, 2325.3692]
11   	135196.67   	0.155   	0.9020  	[27.1, 27.1, 21.7, 27.1]	[front, right, left, back]	[2323.6482, 2030.6509, 2220.8313, 2317.3838]
12   	130949.95   	0.147   	0.9309  	[27.1, 27.1, 21.7, 27.1]	[front, right, left, back]	[2320.5171, 1900.1679, 2269.8305, 2309.0371]
13   	126726.19   	0.139   	0.9586  	[27.1, 27.1, 21.7, 27.1]	[front, down, left, back]	[2317.0570, 1776.1202, 2154.5570, 2318.1223]
14   	122404.64   	0.131   	0.9780  	[27.1, 21.7, 21.7, 27.1]	[front, right, front, back]	[2312.8749, 1506.7952, 2044.4687, 2323.9560]
15   	117984.60   	0.124   	0.9795  	[27.1, 21.7, 21.7, 27.1]	[front, front, front, back]	[2310.7094, 1142.3748, 2012.9890, 2343.4525]
16   	113564.68   	0.117   	0.9836  	[27.1, 21.7, 21.7, 27.1]	[right, front, front, left]	[2140.8541, 874.5150, 2018.2280, 2166.4975]
17   	109234.09   	0.111   	0.9898  	[27.1, 21.7, 21.7, 27.1]	[right, hover, front, left]	[2069.7514, 526.2376, 2076.1167, 2100.3339]
18   	105106.13   	0.104   	0.9917  	[27.1, 21.7, 21.7, 27.1]	[right, hover, front, left]	[2052.7906, 298.4950, 2135.0076, 2099.5588]
19   	101168.33   	0.099   	0.9941  	[27.1, 21.7, 21.7, 27.1]	[right, left, front, hover]	[2086.6047, 173.1526, 2171.6207, 1713.4907]
20   	97842.84    	0.093   	0.9956  	[27.1, 21.7, 21.7, 27.1]	[right, left, front, hover]	[1938.7941, 149.2218, 2206.0373, 1334.8238]
21   	94932.45    	0.089   	0.9972  	[27.1, 21.7, 21.7, 27.1]	[down, left, front, hover]	[1819.5350, 157.0571, 2139.9263, 1021.5706]
22   	92214.10    	0.085   	1.0000  	[21.7, 21.7, 21.7, 27.1]	[right, left, right, front]	[1486.7531, 187.5641, 2110.9200, 787.6226]
23   	89367.73    	0.082   	1.0000  	[21.7, 21.7, 21.7, 27.1]	[front, left, right, front]	[1139.9261, 238.9271, 2143.4004, 691.6818]
24   	86236.76    	0.079   	1.0000  	[21.7, 21.7, 21.7, 27.1]	[hover, left, right, front]	[666.2418, 356.7834, 2190.4545, 670.0961]
25   	82814.52    	0.075   	1.0000  	[21.7, 21.7, 21.7, 27.1]	[hover, left, right, front]	[364.4655, 607.0056, 2223.2788, 683.4153]
26   	79165.40    	0.072   	1.0000  	[21.7, 21.7, 21.7, 27.1]	[back, left, right, front]	[236.0927, 962.4840, 2219.0640, 725.3292]
27   	75938.98    	0.068   	1.0000  	[21.7, 21.7, 21.7, 27.1]	[back, left, right, front]	[367.4474, 963.0256, 2171.5757, 782.3938]
28   	72866.26    	0.065   	1.0000  	[21.7, 21.7, 21.7, 27.1]	[back, back, right, hover]	[685.2917, 808.5799, 2170.9241, 632.5390]
29   	70106.31    	0.061   	1.0000  	[21.7, 21.7, 21.7, 27.1]	[back, back, right, hover]	[993.3671, 668.0460, 2131.3189, 502.4772]
30   	67911.84    	0.059   	1.0000  	[21.7, 21.7, 21.7, 27.1]	[back, back, right, hover]	[1285.5166, 588.5558, 1551.9434, 381.0848]
31   	65655.79    	0.056   	1.0000  	[21.7, 21.7, 21.7, 27.1]	[back, back, down, hover]	[1535.1330, 885.7000, 1176.7597, 277.8801]
32   	63399.67    	0.053   	1.0000  	[21.7, 21.7, 16.2, 27.1]	[back, back, right, hover]	[1714.6133, 1254.0926, 613.8915, 201.1223]
33   	60962.62    	0.049   	1.0000  	[21.7, 21.7, 16.2, 27.1]	[back, back, back, hover]	[1767.8798, 1551.1573, 415.7636, 141.0409]
34   	58646.79    	0.046   	1.0000  	[21.7, 21.7, 16.2, 27.1]	[hover, back, back, hover]	[1199.5447, 1768.6907, 372.6456, 97.4754]
35   	56542.25    	0.044   	1.0000  	[21.7, 21.7, 16.2, 27.1]	[hover, back, back, hover]	[750.9822, 1912.7219, 317.7270, 65.8116]
36   	54839.76    	0.042   	1.0000  	[21.7, 21.7, 16.2, 27.1]	[hover, back, back, hover]	[429.1630, 1741.1635, 276.6466, 45.0624]
37   	53236.14    	0.041   	1.0000  	[21.7, 21.7, 16.2, 27.1]	[hover, right, back, hover]	[238.8578, 1637.4029, 226.6348, 30.0437]
38   	51531.75    	0.039   	1.0000  	[21.7, 21.7, 16.2, 27.1]	[hover, right, back, back]	[124.2661, 1525.1503, 213.3963, 22.4364]
39   	49837.37    	0.038   	1.0000  	[21.7, 21.7, 16.2, 27.1]	[hover, right, back, up]	[63.2309, 1457.4519, 191.1892, 27.4656]
40   	48125.50    	0.036   	1.0000  	[21.7, 21.7, 16.2, 32.5]	[left, right, back, right]	[34.2937, 1472.1545, 134.1945, 45.7735]
41   	46312.73    	0.035   	1.0000  	[21.7, 21.7, 16.2, 32.5]	[left, right, back, right]	[22.4157, 1521.7642, 94.7396, 138.8696]
42   	44301.16    	0.033   	1.0000  	[21.7, 21.7, 16.2, 32.5]	[left, right, back, right]	[15.0628, 1592.9571, 155.0512, 402.1370]
43   	42231.42    	0.031   	1.0000  	[21.7, 21.7, 16.2, 32.5]	[left, right, left, right]	[11.8632, 1638.5726, 91.9156, 654.2105]
44   	40136.51    	0.028   	1.0000  	[21.7, 21.7, 16.2, 32.5]	[left, right, left, right]	[13.0217, 1671.6478, 65.3077, 895.3158]
45   	37868.54    	0.026   	1.0000  	[21.7, 21.7, 16.2, 32.5]	[left, right, left, down]	[50.9934, 1501.2556, 65.5896, 984.5551]
46   	35396.37    	0.024   	1.0000  	[21.7, 21.7, 16.2, 27.1]	[left, down, left, right]	[365.6528, 1003.6411, 65.2342, 1302.4277]
47   	32602.91    	0.021   	1.0000  	[21.7, 16.2, 16.2, 27.1]	[left, right, left, front]	[978.8434, 846.3832, 68.6595, 1148.7591]
48   	30111.05    	0.019   	1.0000  	[21.7, 16.2, 16.2, 27.1]	[left, back, left, hover]	[1016.1986, 519.1779, 82.2717, 915.4872]
49   	27929.38    	0.017   	1.0000  	[21.7, 16.2, 16.2, 27.1]	[front, hover, left, hover]	[787.2564, 218.0447, 102.0157, 699.9878]
50   	26094.16    	0.016   	1.0000  	[21.7, 16.2, 16.2, 27.1]	[front, front, left, back]	[625.5482, 85.5031, 157.0195, 526.6162]
51   	24499.39    	0.015   	1.0000  	[21.7, 16.2, 16.2, 27.1]	[front, front, left, back]	[548.0451, 93.7000, 251.5716, 491.7553]
52   	22892.46    	0.014   	1.0000  	[21.7, 16.2, 16.2, 27.1]	[front, front, left, back]	[540.9756, 163.3720, 408.4462, 559.2619]
53   	21002.53    	0.012   	1.0000  	[21.7, 16.2, 16.2, 27.1]	[front, front, left, back]	[588.7893, 115.5816, 556.6092, 666.0636]
54   	19011.11    	0.011   	1.0000  	[21.7, 16.2, 16.2, 27.1]	[front, front, hover, back]	[676.7959, 94.8243, 323.0095, 791.5744]
55   	16735.02    	0.009   	1.0000  	[21.7, 16.2, 16.2, 27.1]	[front, front, hover, back]	[791.0627, 83.8578, 195.5684, 931.8054]
56   	14802.69    	0.008   	1.0000  	[21.7, 16.2, 16.2, 27.1]	[front, front, front, hover]	[968.5575, 74.4956, 122.1106, 724.3853]
57   	13173.27    	0.007   	1.0000  	[21.7, 16.2, 16.2, 27.1]	[hover, front, back, hover]	[686.4142, 55.2755, 62.6034, 566.0356]
58   	11993.36    	0.006   	1.0000  	[21.7, 16.2, 16.2, 27.1]	[hover, back, hover, hover]	[461.8593, 25.4991, 42.2827, 420.2988]
59   	11055.55    	0.005   	1.0000  	[21.7, 16.2, 16.2, 27.1]	[right, front, front, hover]	[310.9117, 20.3598, 26.3847, 303.5353]
60   	10402.04    	0.005   	1.0000  	[21.7, 16.2, 16.2, 27.1]	[left, up, up, hover]	[204.5920, 12.3313, 18.7172, 211.3283]
61   	9973.92     	0.005   	1.0000  	[21.7, 21.7, 21.7, 27.1]	[right, front, right, hover]	[128.3066, 16.5572, 13.0048, 141.6355]
62   	9690.62     	0.005   	1.0000  	[21.7, 21.7, 21.7, 27.1]	[left, front, front, hover]	[90.6453, 22.8823, 9.0071, 94.9392]
63   	9471.83     	0.005   	1.0000  	[21.7, 21.7, 21.7, 27.1]	[right, left, front, hover]	[57.2706, 12.0610, 11.3150, 66.5356]
64   	9314.53     	0.004   	1.0000  	[21.7, 21.7, 21.7, 27.1]	[left, hover, front, left]	[41.4112, 6.4876, 16.0943, 46.4625]
65   	9163.09     	0.004   	1.0000  	[21.7, 21.7, 21.7, 27.1]	[right, left, front, left]	[28.0052, 4.3058, 25.2393, 37.0947]
66   	9001.17     	0.004   	1.0000  	[21.7, 21.7, 21.7, 27.1]	[left, left, front, left]	[21.1308, 4.7423, 44.4652, 36.0431]
67   	8757.19     	0.004   	1.0000  	[21.7, 21.7, 21.7, 27.1]	[right, left, front, left]	[14.5502, 7.0991, 77.3609, 54.0298]
68   	8385.33     	0.004   	1.0000  	[21.7, 21.7, 21.7, 27.1]	[up, left, front, left]	[12.7810, 7.8085, 132.8151, 84.2046]
69   	7916.78     	0.004   	1.0000  	[27.1, 21.7, 21.7, 27.1]	[back, left, front, left]	[9.9700, 15.8745, 219.0713, 132.2517]
70   	7447.74     	0.003   	1.0000  	[27.1, 21.7, 21.7, 27.1]	[back, left, front, hover]	[7.7076, 30.4773, 300.3563, 95.2373]
71   	7093.12     	0.003   	1.0000  	[27.1, 21.7, 21.7, 27.1]	[back, left, hover, hover]	[12.0402, 63.3709, 206.1621, 64.4771]
72   	6734.85     	0.003   	1.0000  	[27.1, 21.7, 21.7, 27.1]	[back, left, hover, hover]	[19.4534, 129.9930, 143.0054, 43.7481]
73   	6381.00     	0.003   	1.0000  	[27.1, 21.7, 21.7, 27.1]	[back, left, hover, hover]	[33.4156, 158.4876, 96.6717, 30.5189]
74   	6060.04     	0.002   	1.0000  	[27.1, 21.7, 21.7, 27.1]	[back, hover, hover, hover]	[59.2777, 107.4467, 65.5142, 20.0727]
75   	5783.78     	0.002   	1.0000  	[27.1, 21.7, 21.7, 27.1]	[back, hover, hover, hover]	[100.3001, 70.9768, 38.9231, 13.8794]
76   	5599.20     	0.002   	1.0000  	[27.1, 21.7, 21.7, 27.1]	[hover, hover, hover, hover]	[73.4772, 45.9252, 24.5435, 9.9911]
77   	5457.01     	0.002   	1.0000  	[27.1, 21.7, 21.7, 27.1]	[hover, hover, right, hover]	[54.7095, 31.2580, 17.9369, 7.3921]
78   	5353.96     	0.002   	1.0000  	[27.1, 21.7, 21.7, 27.1]	[hover, hover, right, hover]	[37.5796, 19.4553, 16.9680, 5.8508]
79   	5275.12     	0.002   	1.0000  	[27.1, 21.7, 21.7, 27.1]	[hover, hover, right, hover]	[25.6441, 12.1553, 19.4541, 4.4505]
80   	5219.76     	0.002   	1.0000  	[27.1, 21.7, 21.7, 27.1]	[hover, hover, right, hover]	[18.1244, 7.4485, 14.3376, 3.6578]
81   	5169.14     	0.002   	1.0000  	[27.1, 21.7, 21.7, 27.1]	[hover, back, right, front]	[11.9834, 5.0962, 19.1428, 3.2073]
82   	5114.58     	0.002   	1.0000  	[27.1, 21.7, 21.7, 27.1]	[hover, front, right, front]	[8.2170, 4.0969, 28.9611, 3.6527]
83   	5039.60     	0.002   	1.0000  	[27.1, 21.7, 21.7, 27.1]	[hover, back, right, front]	[5.9418, 2.9229, 49.5731, 4.1823]
84   	4935.61     	0.002   	1.0000  	[27.1, 21.7, 21.7, 27.1]	[hover, back, right, front]	[4.2670, 2.7861, 84.7516, 3.9191]
85   	4843.98     	0.002   	1.0000  	[27.1, 21.7, 21.7, 27.1]	[hover, back, right, front]	[2.8592, 4.6014, 75.7560, 3.6703]
86   	4772.06     	0.002   	1.0000  	[27.1, 21.7, 21.7, 27.1]	[hover, back, hover, front]	[2.2025, 8.8467, 43.2819, 6.0253]
87   	4692.73     	0.002   	1.0000  	[27.1, 21.7, 21.7, 27.1]	[down, back, back, hover]	[2.0629, 21.1596, 27.2571, 4.3054]
88   	4589.63     	0.002   	1.0000  	[21.7, 21.7, 21.7, 27.1]	[front, back, up, hover]	[2.0873, 42.9984, 21.6312, 3.4326]
89   	4435.92     	0.001   	1.0000  	[21.7, 21.7, 27.1, 27.1]	[front, back, left, hover]	[2.6344, 81.6097, 14.9557, 2.8638]
90   	4231.17     	0.001   	1.0000  	[21.7, 21.7, 27.1, 27.1]	[front, back, hover, hover]	[2.4280, 135.1022, 10.1744, 2.3379]
91   	4010.63     	0.001   	1.0000  	[21.7, 21.7, 27.1, 27.1]	[up, back, hover, hover]	[2.4597, 170.9364, 6.8502, 1.9403]
92   	3861.72     	0.001   	1.0000  	[27.1, 21.7, 27.1, 27.1]	[down, hover, hover, back]	[2.3716, 109.0218, 4.4731, 1.7570]
93   	3761.39     	0.001   	1.0000  	[21.7, 21.7, 27.1, 27.1]	[up, hover, back, back]	[2.1526, 66.8932, 3.3621, 2.0040]
94   	3705.65     	0.001   	1.0000  	[27.1, 21.7, 27.1, 27.1]	[hover, hover, front, back]	[2.0983, 38.5851, 2.5793, 2.2601]
95   	3674.50     	0.001   	1.0000  	[27.1, 21.7, 27.1, 27.1]	[right, hover, back, hover]	[1.9708, 22.2716, 1.9354, 2.0521]
96   	3650.47     	0.001   	1.0000  	[27.1, 21.7, 27.1, 27.1]	[hover, right, back, hover]	[1.7681, 15.2113, 1.5713, 2.0847]
97   	3635.31     	0.001   	1.0000  	[27.1, 21.7, 27.1, 27.1]	[hover, right, back, hover]	[1.7187, 10.3034, 1.5826, 1.8837]
98   	3618.31     	0.001   	1.0000  	[27.1, 21.7, 27.1, 27.1]	[left, right, back, hover]	[1.5036, 10.0927, 2.1471, 1.9074]
99   	3609.15     	0.001   	1.0000  	[27.1, 21.7, 27.1, 27.1]	[down, right, back, hover]	[1.5218, 6.1245, 2.2380, 1.8020]
[2025-12-18T14:45:35]
Strategy: greedy_ig
Pairwise: adaptive
News mode: IG
Num agents: 4
Iteration: 3
Error margin: None
Gaussian radius 5 
Grid info: range: 0-50-50, cell_size:0.125, map shape: (400, 400), center:True
init UAV positions: [(0.0, -10.0, 5.4), (-5.0, 15.0, 5.4), (15.0, -5.0, 5.4), (20.0, 20.0, 5.4)]
mcts_params: {}
Step	Entropy	MSE	Coverage	Heights	Actions	IGs
------------------------------------------------------------------------------------------------------------------------
0    	160000.00   	0.250   	0.0000  	[5.4, 5.4, 5.4, 5.4]	[-, -, -, -]	[-, -, -, -]
1    	158971.23   	0.241   	0.0625  	[5.4, 5.4, 5.4, 5.4]	[up, up, up, up]	[3904.5582, 3904.5582, 3904.5582, 3162.6921]
2    	157917.03   	0.231   	0.2381  	[10.8, 10.8, 10.8, 10.8]	[up, up, up, up]	[3907.8721, 4182.1306, 4312.9003, 2055.7376]
3    	156708.10   	0.221   	0.4839  	[16.2, 16.2, 16.2, 16.2]	[up, up, up, left]	[3861.4287, 3593.8648, 3890.5073, 1855.3691]
4    	155274.15   	0.211   	0.7106  	[21.7, 21.7, 21.7, 16.2]	[up, back, left, back]	[3252.4241, 3303.9306, 3781.3351, 1809.7818]
5    	153241.13   	0.202   	0.8036  	[27.1, 21.7, 21.7, 16.2]	[front, back, left, back]	[2867.1142, 2822.2631, 3401.1007, 1676.5481]
6    	150515.33   	0.192   	0.8059  	[27.1, 21.7, 21.7, 16.2]	[front, up, left, up]	[2552.6063, 2616.0122, 3073.4166, 1739.6758]
7    	147120.09   	0.183   	0.8473  	[27.1, 27.1, 21.7, 21.7]	[front, back, left, left]	[2443.3243, 2466.0086, 2717.6862, 1942.9066]
8    	143280.51   	0.174   	0.8536  	[27.1, 27.1, 21.7, 21.7]	[front, back, up, left]	[2408.0006, 2415.6259, 2462.6378, 1998.8327]
9    	138855.71   	0.165   	0.8630  	[27.1, 27.1, 27.1, 21.7]	[front, back, left, left]	[2399.2990, 2369.9741, 2374.3886, 2027.9506]
10   	134106.98   	0.156   	0.8703  	[27.1, 27.1, 27.1, 21.7]	[front, back, left, left]	[2383.6465, 2341.5617, 2349.4774, 2036.2620]
11   	129483.92   	0.147   	0.8773  	[27.1, 27.1, 27.1, 21.7]	[right, back, left, left]	[2173.1118, 2311.5795, 2345.9602, 2081.3311]
12   	125125.85   	0.139   	0.9052  	[27.1, 27.1, 27.1, 21.7]	[right, back, left, left]	[2082.4727, 2225.3822, 2231.5709, 2136.5214]
13   	120848.61   	0.131   	0.9414  	[27.1, 27.1, 27.1, 21.7]	[right, right, front, left]	[2076.4489, 2072.1738, 2054.9229, 2172.1724]
14   	116813.66   	0.123   	0.9469  	[27.1, 27.1, 27.1, 21.7]	[hover, right, front, left]	[1659.7269, 2004.5922, 2014.9859, 2225.1877]
15   	112979.10   	0.116   	0.9553  	[27.1, 27.1, 27.1, 21.7]	[front, right, front, left]	[1291.0432, 1992.6642, 2017.3361, 2303.7371]
16   	108942.95   	0.110   	0.9748  	[27.1, 27.1, 27.1, 21.7]	[back, right, front, back]	[972.7867, 2018.4561, 2052.7699, 2294.0548]
17   	104969.71   	0.104   	0.9858  	[27.1, 27.1, 27.1, 21.7]	[back, right, front, back]	[765.2885, 1886.3765, 1929.4170, 2229.9908]
18   	100842.56   	0.098   	0.9923  	[27.1, 27.1, 27.1, 21.7]	[back, down, down, back]	[696.6950, 1841.5036, 1875.0034, 2205.6285]
19   	96927.33    	0.093   	0.9923  	[27.1, 21.7, 21.7, 21.7]	[back, right, front, back]	[699.5802, 1588.1915, 1646.5731, 2212.5013]
20   	93568.02    	0.088   	0.9923  	[27.1, 21.7, 21.7, 21.7]	[back, back, left, back]	[774.0919, 1181.5273, 1266.3768, 2199.2343]
21   	90544.28    	0.084   	0.9923  	[27.1, 21.7, 21.7, 21.7]	[back, hover, hover, back]	[947.4657, 708.6065, 837.4292, 2205.0297]
22   	87824.38    	0.081   	0.9923  	[27.1, 21.7, 21.7, 21.7]	[back, front, right, back]	[1108.6622, 408.6038, 570.5863, 2207.0629]
23   	85271.46    	0.077   	0.9923  	[27.1, 21.7, 21.7, 21.7]	[hover, front, right, back]	[887.9427, 464.2734, 589.7312, 2236.7610]
24   	82234.52    	0.074   	0.9962  	[27.1, 21.7, 21.7, 21.7]	[hover, front, right, right]	[681.9753, 751.3455, 833.8866, 2087.1727]
25   	78949.43    	0.070   	0.9962  	[27.1, 21.7, 21.7, 21.7]	[hover, front, right, right]	[501.2589, 1050.3906, 1039.1314, 2041.1031]
26   	75246.36    	0.066   	0.9962  	[27.1, 21.7, 21.7, 21.7]	[left, front, right, right]	[368.3361, 1327.6600, 1205.3087, 2080.5003]
27   	70519.88    	0.061   	0.9962  	[27.1, 21.7, 21.7, 21.7]	[left, front, right, right]	[328.3684, 1560.7711, 1378.2311, 2112.5429]
28   	65385.60    	0.056   	0.9962  	[27.1, 21.7, 21.7, 21.7]	[left, front, right, right]	[395.9972, 1668.7168, 1477.9198, 2111.1152]
29   	59762.76    	0.050   	0.9962  	[27.1, 21.7, 21.7, 21.7]	[left, front, right, right]	[776.8572, 1727.8944, 1590.6447, 2124.8669]
30   	54475.37    	0.045   	0.9962  	[27.1, 21.7, 21.7, 21.7]	[left, front, right, right]	[1128.8689, 1290.5773, 1177.2073, 2183.8644]
31   	49820.64    	0.041   	0.9969  	[27.1, 21.7, 21.7, 21.7]	[left, down, down, right]	[1445.3545, 995.8563, 917.6767, 1942.7252]
32   	46721.42    	0.038   	1.0000  	[27.1, 16.2, 16.2, 21.7]	[front, front, right, back]	[1261.8300, 505.2838, 497.1083, 1396.3323]
33   	44371.37    	0.036   	1.0000  	[27.1, 16.2, 16.2, 21.7]	[front, right, front, hover]	[1123.9919, 308.9778, 306.6585, 884.8131]
34   	42683.81    	0.034   	1.0000  	[27.1, 16.2, 16.2, 21.7]	[front, hover, hover, front]	[1031.7083, 111.5789, 112.0455, 518.3261]
35   	41337.35    	0.033   	1.0000  	[27.1, 16.2, 16.2, 21.7]	[front, back, hover, front]	[976.0368, 46.1407, 41.6086, 358.8917]
36   	40124.23    	0.032   	1.0000  	[27.1, 16.2, 16.2, 21.7]	[front, up, back, front]	[972.4763, 30.6524, 25.5428, 245.4764]
37   	38924.89    	0.031   	1.0000  	[27.1, 21.7, 16.2, 21.7]	[front, left, back, back]	[1026.1128, 31.6849, 59.6905, 177.0689]
38   	37765.84    	0.029   	1.0000  	[27.1, 21.7, 16.2, 21.7]	[front, left, back, front]	[892.6037, 55.9354, 158.8332, 108.4915]
39   	36793.55    	0.029   	1.0000  	[27.1, 21.7, 16.2, 21.7]	[down, left, back, back]	[814.9327, 70.0211, 224.6189, 77.0907]
40   	35976.10    	0.028   	1.0000  	[21.7, 21.7, 16.2, 21.7]	[left, left, back, back]	[801.5400, 75.1949, 306.8445, 63.2851]
41   	35259.25    	0.027   	1.0000  	[21.7, 21.7, 16.2, 21.7]	[front, left, back, back]	[660.7973, 81.2639, 370.9132, 180.2870]
42   	34539.36    	0.027   	1.0000  	[21.7, 21.7, 16.2, 21.7]	[hover, left, back, left]	[484.4005, 100.2672, 453.1708, 137.9523]
43   	33741.37    	0.026   	1.0000  	[21.7, 21.7, 16.2, 21.7]	[hover, left, back, left]	[335.4700, 163.7132, 580.8929, 116.1296]
44   	32209.45    	0.025   	1.0000  	[21.7, 21.7, 16.2, 21.7]	[hover, left, back, left]	[237.6245, 437.1290, 1058.3657, 115.2492]
45   	30112.76    	0.023   	1.0000  	[21.7, 21.7, 16.2, 21.7]	[hover, left, back, left]	[160.3619, 976.9289, 1378.3203, 125.2576]
46   	28355.78    	0.021   	1.0000  	[21.7, 21.7, 16.2, 21.7]	[hover, left, back, left]	[109.0603, 1010.8684, 1038.9564, 155.0832]
47   	26732.95    	0.019   	1.0000  	[21.7, 21.7, 16.2, 21.7]	[hover, back, left, left]	[73.7602, 889.5917, 786.9441, 208.1264]
48   	25280.20    	0.018   	1.0000  	[21.7, 21.7, 16.2, 21.7]	[right, back, left, left]	[52.2981, 707.1587, 589.5366, 288.6278]
49   	24021.67    	0.017   	1.0000  	[21.7, 21.7, 16.2, 21.7]	[right, back, left, left]	[51.9337, 594.3187, 536.0208, 411.1002]
50   	22670.23    	0.016   	1.0000  	[21.7, 21.7, 16.2, 21.7]	[right, back, left, left]	[72.4467, 563.5289, 535.9168, 546.9813]
51   	21358.85    	0.014   	1.0000  	[21.7, 21.7, 16.2, 21.7]	[right, back, left, hover]	[89.6847, 568.0034, 540.0808, 388.2565]
52   	20048.13    	0.013   	1.0000  	[21.7, 21.7, 16.2, 21.7]	[right, back, left, hover]	[92.6212, 604.0588, 577.7005, 266.0758]
53   	18666.52    	0.012   	1.0000  	[21.7, 21.7, 16.2, 21.7]	[right, back, left, front]	[132.4660, 686.8413, 654.8674, 182.5266]
54   	17111.14    	0.011   	1.0000  	[21.7, 21.7, 16.2, 21.7]	[right, back, left, front]	[186.0910, 798.8263, 763.6542, 144.2265]
55   	15625.49    	0.009   	1.0000  	[21.7, 21.7, 16.2, 21.7]	[right, back, left, front]	[261.0440, 858.6509, 900.0650, 127.8225]
56   	14351.02    	0.008   	1.0000  	[21.7, 21.7, 16.2, 21.7]	[hover, hover, left, front]	[143.6161, 585.0660, 1171.0537, 133.2823]
57   	12996.25    	0.007   	1.0000  	[21.7, 21.7, 16.2, 21.7]	[hover, hover, left, front]	[78.1112, 383.5936, 1314.9547, 150.2397]
58   	11765.37    	0.006   	1.0000  	[21.7, 21.7, 16.2, 21.7]	[hover, right, front, front]	[40.1741, 236.9178, 867.8434, 182.1922]
59   	11079.36    	0.006   	1.0000  	[21.7, 21.7, 16.2, 21.7]	[hover, left, back, front]	[19.9995, 146.0986, 440.0186, 247.0190]
60   	10396.25    	0.005   	1.0000  	[21.7, 21.7, 16.2, 21.7]	[hover, right, front, front]	[10.8532, 90.0780, 259.6700, 350.0317]
61   	9787.96     	0.005   	1.0000  	[21.7, 21.7, 16.2, 21.7]	[back, left, front, front]	[6.7743, 57.1908, 197.7770, 385.4888]
62   	9337.80     	0.004   	1.0000  	[21.7, 21.7, 16.2, 21.7]	[back, right, front, hover]	[5.0215, 35.4460, 150.9062, 263.9678]
63   	9081.77     	0.004   	1.0000  	[21.7, 21.7, 16.2, 21.7]	[back, left, front, hover]	[5.1757, 24.7673, 67.4091, 179.7155]
64   	8887.03     	0.004   	1.0000  	[21.7, 21.7, 16.2, 21.7]	[back, right, front, hover]	[18.2937, 15.9037, 42.8602, 122.2959]
65   	8743.14     	0.004   	1.0000  	[21.7, 21.7, 16.2, 21.7]	[back, right, front, hover]	[35.7959, 13.5075, 30.7947, 79.1728]
66   	8593.24     	0.004   	1.0000  	[21.7, 21.7, 16.2, 21.7]	[back, right, front, hover]	[68.6096, 11.3964, 45.3010, 48.7730]
67   	8371.54     	0.004   	1.0000  	[21.7, 21.7, 16.2, 21.7]	[back, right, front, hover]	[114.3197, 13.9864, 61.0605, 29.5973]
68   	8023.56     	0.004   	1.0000  	[21.7, 21.7, 16.2, 21.7]	[back, right, front, right]	[162.7027, 22.9733, 89.1934, 18.9552]
69   	7578.89     	0.003   	1.0000  	[21.7, 21.7, 16.2, 21.7]	[back, right, front, right]	[193.7928, 33.1321, 124.8545, 20.0333]
70   	7260.03     	0.003   	1.0000  	[21.7, 21.7, 16.2, 21.7]	[hover, right, front, right]	[101.1304, 45.1403, 149.5529, 19.7078]
71   	7030.74     	0.003   	1.0000  	[21.7, 21.7, 16.2, 21.7]	[hover, right, hover, right]	[56.5515, 66.2151, 81.6532, 11.6329]
72   	6829.82     	0.003   	1.0000  	[21.7, 21.7, 16.2, 21.7]	[hover, right, hover, down]	[30.4062, 86.8096, 49.7769, 9.8067]
73   	6726.71     	0.003   	1.0000  	[21.7, 21.7, 16.2, 16.2]	[hover, hover, hover, right]	[16.5082, 48.3437, 26.5771, 6.2815]
74   	6665.76     	0.003   	1.0000  	[21.7, 21.7, 16.2, 16.2]	[left, hover, hover, right]	[9.8498, 26.7603, 16.0524, 5.5150]
75   	6629.03     	0.003   	1.0000  	[21.7, 21.7, 16.2, 16.2]	[right, hover, hover, right]	[7.2628, 15.7371, 8.4894, 5.6877]
76   	6597.65     	0.003   	1.0000  	[21.7, 21.7, 16.2, 16.2]	[hover, hover, hover, up]	[5.1279, 9.4024, 4.4613, 9.3636]
77   	6561.84     	0.003   	1.0000  	[21.7, 21.7, 16.2, 21.7]	[left, front, hover, right]	[4.0987, 7.3145, 2.9880, 15.0433]
78   	6519.68     	0.003   	1.0000  	[21.7, 21.7, 16.2, 21.7]	[left, back, right, right]	[4.2368, 5.3311, 2.3754, 19.3780]
79   	6460.42     	0.003   	1.0000  	[21.7, 21.7, 16.2, 21.7]	[left, front, up, back]	[17.5861, 4.2560, 2.0514, 15.6066]
80   	6395.49     	0.003   	1.0000  	[21.7, 21.7, 21.7, 21.7]	[left, front, right, back]	[32.4129, 3.2113, 2.5281, 6.5158]
81   	6279.38     	0.003   	1.0000  	[21.7, 21.7, 21.7, 21.7]	[left, left, right, back]	[72.9049, 2.3522, 4.3342, 3.7882]
82   	5965.44     	0.002   	1.0000  	[21.7, 21.7, 21.7, 21.7]	[left, back, right, hover]	[229.1566, 2.1988, 5.4450, 2.7439]
83   	5497.16     	0.002   	1.0000  	[21.7, 21.7, 21.7, 21.7]	[left, up, back, hover]	[385.5211, 2.3720, 3.3251, 1.6407]
84   	4839.28     	0.002   	1.0000  	[21.7, 27.1, 21.7, 21.7]	[left, down, back, hover]	[568.2441, 2.1894, 4.6404, 1.4716]
85   	4340.79     	0.001   	1.0000  	[21.7, 21.7, 21.7, 21.7]	[hover, hover, back, back]	[374.2916, 1.9453, 6.0809, 1.0154]
86   	4023.23     	0.001   	1.0000  	[21.7, 21.7, 21.7, 21.7]	[hover, up, back, up]	[224.9788, 1.6760, 8.7046, 1.2547]
87   	3848.88     	0.001   	1.0000  	[21.7, 27.1, 21.7, 27.1]	[hover, down, hover, back]	[130.2806, 1.5239, 5.8513, 1.8492]
88   	3738.41     	0.001   	1.0000  	[21.7, 21.7, 21.7, 27.1]	[hover, up, hover, back]	[77.2652, 1.2637, 3.7451, 2.5608]
89   	3673.25     	0.001   	1.0000  	[21.7, 27.1, 21.7, 27.1]	[hover, front, left, back]	[43.5169, 1.0515, 2.9518, 3.4381]
90   	3610.68     	0.001   	1.0000  	[21.7, 27.1, 21.7, 27.1]	[front, back, back, back]	[26.5979, 0.9327, 2.4463, 13.3780]
91   	3576.26     	0.001   	1.0000  	[21.7, 27.1, 21.7, 27.1]	[back, hover, down, left]	[17.0451, 0.8235, 2.5671, 9.2438]
92   	3554.19     	0.001   	1.0000  	[21.7, 27.1, 16.2, 27.1]	[hover, front, back, hover]	[10.3243, 0.7242, 2.0535, 6.5335]
93   	3536.40     	0.001   	1.0000  	[21.7, 27.1, 16.2, 27.1]	[front, front, left, hover]	[8.1091, 0.7188, 2.0697, 4.8763]
94   	3525.79     	0.001   	1.0000  	[21.7, 27.1, 16.2, 27.1]	[front, front, hover, hover]	[5.6008, 1.2007, 2.2701, 3.7422]
95   	3516.31     	0.001   	1.0000  	[21.7, 27.1, 16.2, 27.1]	[front, front, hover, hover]	[5.1427, 1.1312, 2.1261, 2.7466]
96   	3507.33     	0.001   	1.0000  	[21.7, 27.1, 16.2, 27.1]	[front, down, hover, hover]	[5.6787, 1.0360, 1.8213, 1.9741]
97   	3499.70     	0.001   	1.0000  	[21.7, 21.7, 16.2, 27.1]	[front, front, back, hover]	[5.7873, 1.1255, 1.5281, 1.5762]
98   	3486.56     	0.001   	1.0000  	[21.7, 21.7, 16.2, 27.1]	[front, front, up, down]	[7.5255, 1.0366, 1.7196, 1.3001]
99   	3470.17     	0.001   	1.0000  	[21.7, 21.7, 21.7, 21.7]	[front, up, up, down]	[7.6917, 0.8146, 3.4896, 1.4859]
[2025-12-18T14:45:47]
Strategy: greedy_ig
Pairwise: adaptive
News mode: IG
Num agents: 4
Iteration: 4
Error margin: None
Gaussian radius 5 
Grid info: range: 0-50-50, cell_size:0.125, map shape: (400, 400), center:True
init UAV positions: [(-10.0, 0.0, 5.4), (-20.0, 0.0, 5.4), (15.0, -20.0, 5.4), (5.0, 15.0, 5.4)]
mcts_params: {}
Step	Entropy	MSE	Coverage	Heights	Actions	IGs
------------------------------------------------------------------------------------------------------------------------
0    	160000.00   	0.250   	0.0000  	[5.4, 5.4, 5.4, 5.4]	[-, -, -, -]	[-, -, -, -]
1    	158778.93   	0.239   	0.0625  	[5.4, 5.4, 5.4, 5.4]	[up, up, up, up]	[3904.5582, 3514.1024, 3514.1024, 3904.5582]
2    	157299.29   	0.228   	0.2250  	[10.8, 10.8, 10.8, 10.8]	[up, up, up, up]	[4022.3391, 2878.1204, 2762.6404, 3879.9691]
3    	155670.73   	0.218   	0.4256  	[16.2, 16.2, 16.2, 16.2]	[up, up, front, up]	[3985.4524, 2520.8005, 2371.6420, 3259.6442]
4    	153875.60   	0.208   	0.5913  	[21.7, 21.7, 16.2, 21.7]	[up, right, front, back]	[3305.7547, 2503.0811, 2023.3495, 2985.3394]
5    	151793.89   	0.199   	0.7084  	[27.1, 21.7, 16.2, 21.7]	[right, right, up, back]	[2912.1640, 2464.4009, 2061.9620, 2541.4812]
6    	149364.87   	0.190   	0.7525  	[27.1, 21.7, 21.7, 21.7]	[right, right, front, up]	[2614.7779, 2346.0236, 2064.8261, 2443.5541]
7    	146603.88   	0.181   	0.8009  	[27.1, 21.7, 21.7, 27.1]	[right, up, left, back]	[2469.0627, 2270.3631, 2131.3196, 2347.8244]
8    	142825.92   	0.172   	0.8103  	[27.1, 27.1, 21.7, 27.1]	[right, right, left, back]	[2392.9201, 2330.4719, 2142.1648, 2351.2537]
9    	138222.24   	0.163   	0.8197  	[27.1, 27.1, 21.7, 27.1]	[right, right, left, back]	[2342.0464, 2316.7186, 2176.9746, 2339.2895]
10   	132942.50   	0.154   	0.8334  	[27.1, 27.1, 21.7, 27.1]	[right, right, left, back]	[2355.0216, 2298.8232, 2173.3850, 2331.8903]
11   	127626.58   	0.146   	0.8600  	[27.1, 27.1, 21.7, 27.1]	[front, right, left, back]	[2230.6226, 2274.9010, 2154.3605, 2333.9340]
12   	122277.38   	0.137   	0.8731  	[27.1, 27.1, 21.7, 27.1]	[front, right, left, back]	[2179.0633, 2286.6346, 2176.2328, 2252.5038]
13   	117345.25   	0.129   	0.8970  	[27.1, 27.1, 21.7, 27.1]	[front, right, left, right]	[2147.8658, 2319.1165, 2194.2653, 2101.6995]
14   	113237.94   	0.122   	0.9119  	[27.1, 27.1, 21.7, 27.1]	[hover, front, left, right]	[1728.9934, 2166.6724, 2210.4472, 1747.7419]
15   	109560.36   	0.115   	0.9222  	[27.1, 27.1, 21.7, 27.1]	[right, front, left, down]	[1362.2812, 2121.9320, 2081.7254, 1590.3230]
16   	106091.50   	0.109   	0.9345  	[27.1, 27.1, 21.7, 21.7]	[down, front, front, back]	[1070.0374, 2107.4517, 1960.1443, 1331.8900]
17   	102937.60   	0.104   	0.9345  	[21.7, 27.1, 21.7, 21.7]	[front, right, front, right]	[1050.0753, 1774.3300, 1935.9679, 969.5654]
18   	100139.88   	0.100   	0.9345  	[21.7, 27.1, 21.7, 21.7]	[right, down, front, hover]	[663.2663, 1397.0370, 1999.8268, 587.6019]
19   	97718.56    	0.096   	0.9345  	[21.7, 21.7, 21.7, 21.7]	[hover, front, front, hover]	[383.9403, 1322.5925, 2030.6686, 342.2257]
20   	95698.28    	0.094   	0.9345  	[21.7, 21.7, 21.7, 21.7]	[left, right, front, front]	[215.8505, 955.9752, 2103.9446, 228.8640]
21   	94083.26    	0.091   	0.9453  	[21.7, 21.7, 21.7, 21.7]	[left, hover, front, front]	[234.0570, 569.1050, 2137.1975, 241.7311]
22   	92885.56    	0.089   	0.9633  	[21.7, 21.7, 21.7, 21.7]	[left, hover, front, front]	[299.4647, 306.1618, 2169.8249, 329.4792]
23   	91339.99    	0.086   	0.9812  	[21.7, 21.7, 21.7, 21.7]	[left, back, right, front]	[487.6774, 191.7665, 2039.2594, 423.3750]
24   	89339.35    	0.084   	0.9819  	[21.7, 21.7, 21.7, 21.7]	[left, back, right, front]	[653.4588, 224.9129, 1966.5387, 532.3978]
25   	86687.20    	0.081   	0.9833  	[21.7, 21.7, 21.7, 21.7]	[left, back, right, front]	[797.7716, 363.7286, 1972.2677, 628.9244]
26   	83620.07    	0.077   	0.9848  	[21.7, 21.7, 21.7, 21.7]	[left, back, right, front]	[976.7521, 566.7352, 1948.8964, 672.8268]
27   	80164.66    	0.074   	0.9864  	[21.7, 21.7, 21.7, 21.7]	[left, back, right, front]	[1218.9346, 826.3469, 1929.6067, 752.3760]
28   	76278.25    	0.070   	0.9880  	[21.7, 21.7, 21.7, 21.7]	[left, back, right, front]	[1413.1668, 1351.7973, 1945.5955, 593.7644]
29   	72246.31    	0.065   	0.9892  	[21.7, 21.7, 21.7, 21.7]	[hover, back, right, down]	[1054.9039, 1709.4267, 1950.2607, 371.4446]
30   	68445.68    	0.061   	0.9892  	[21.7, 21.7, 21.7, 16.2]	[hover, back, right, front]	[753.4565, 1934.7236, 1954.5532, 243.8885]
31   	65135.38    	0.058   	0.9892  	[21.7, 21.7, 21.7, 16.2]	[back, left, front, right]	[556.0550, 1578.4091, 1540.1452, 184.6406]
32   	62610.64    	0.056   	0.9892  	[21.7, 21.7, 21.7, 16.2]	[back, left, right, hover]	[413.9760, 1219.3051, 1075.3248, 76.3662]
33   	60908.59    	0.054   	0.9892  	[21.7, 21.7, 21.7, 16.2]	[back, left, hover, hover]	[366.8678, 1007.6034, 636.4084, 25.4045]
34   	59651.46    	0.052   	0.9892  	[21.7, 21.7, 21.7, 16.2]	[back, left, hover, up]	[425.4601, 912.2400, 351.4152, 15.5446]
35   	58624.64    	0.051   	0.9892  	[21.7, 21.7, 21.7, 21.7]	[back, left, back, left]	[567.4779, 896.0409, 204.0063, 20.3559]
36   	57539.33    	0.049   	0.9916  	[21.7, 21.7, 21.7, 21.7]	[back, left, back, left]	[1067.9350, 905.5639, 185.2576, 41.5250]
37   	56323.06    	0.047   	0.9939  	[21.7, 21.7, 21.7, 21.7]	[back, left, back, left]	[1475.0908, 949.3188, 137.2952, 63.9770]
38   	55032.87    	0.045   	0.9962  	[21.7, 21.7, 21.7, 21.7]	[back, left, back, left]	[1790.3403, 1000.1629, 102.2871, 124.3972]
39   	53489.35    	0.042   	1.0000  	[21.7, 21.7, 21.7, 21.7]	[right, left, back, left]	[1449.3826, 913.8797, 90.4622, 405.6554]
40   	51636.59    	0.040   	1.0000  	[21.7, 21.7, 21.7, 21.7]	[right, hover, back, left]	[1201.4682, 625.1968, 91.2058, 842.8221]
41   	49626.28    	0.038   	1.0000  	[21.7, 21.7, 21.7, 21.7]	[right, hover, back, left]	[1062.0623, 407.7740, 81.6352, 1173.5967]
42   	47538.69    	0.036   	1.0000  	[21.7, 21.7, 21.7, 21.7]	[right, hover, back, left]	[1012.4015, 253.7228, 63.0774, 1455.8923]
43   	45288.68    	0.034   	1.0000  	[21.7, 21.7, 21.7, 21.7]	[right, hover, back, left]	[1024.9074, 141.7369, 104.8576, 1684.7481]
44   	42775.04    	0.031   	1.0000  	[21.7, 21.7, 21.7, 21.7]	[right, hover, left, back]	[1075.2656, 76.0826, 111.5070, 1699.9082]
45   	40186.88    	0.029   	1.0000  	[21.7, 21.7, 21.7, 21.7]	[right, hover, left, left]	[1172.0225, 38.3701, 131.4389, 1690.0582]
46   	37285.62    	0.026   	1.0000  	[21.7, 21.7, 21.7, 21.7]	[right, hover, left, back]	[1279.3978, 20.6572, 152.5661, 1679.8731]
47   	34588.70    	0.024   	1.0000  	[21.7, 21.7, 21.7, 21.7]	[right, front, left, back]	[977.1754, 13.4040, 166.9139, 1538.7441]
48   	32080.67    	0.022   	1.0000  	[21.7, 21.7, 21.7, 21.7]	[down, front, left, back]	[665.0936, 11.1565, 184.8114, 1465.4948]
49   	29728.79    	0.021   	1.0000  	[16.2, 21.7, 21.7, 21.7]	[back, front, left, back]	[482.7724, 16.7848, 212.5986, 1407.8641]
50   	27472.85    	0.019   	1.0000  	[16.2, 21.7, 21.7, 21.7]	[right, front, left, back]	[326.0906, 43.4248, 260.7163, 1406.5262]
51   	25099.19    	0.017   	1.0000  	[16.2, 21.7, 21.7, 21.7]	[hover, front, left, back]	[132.4635, 292.6156, 339.2385, 1428.5810]
52   	22346.42    	0.015   	1.0000  	[16.2, 21.7, 21.7, 21.7]	[front, front, left, back]	[65.7677, 797.8856, 418.9649, 1492.8297]
53   	19471.72    	0.012   	1.0000  	[16.2, 21.7, 21.7, 21.7]	[front, front, hover, back]	[53.5505, 1217.2914, 271.2346, 1585.8326]
54   	16637.84    	0.010   	1.0000  	[16.2, 21.7, 21.7, 21.7]	[front, front, hover, back]	[41.3294, 1571.4477, 174.9910, 1578.4905]
55   	14511.69    	0.008   	1.0000  	[16.2, 21.7, 21.7, 21.7]	[front, hover, hover, hover]	[43.7822, 1169.2222, 110.4028, 1091.6184]
56   	12866.05    	0.007   	1.0000  	[16.2, 21.7, 21.7, 21.7]	[front, hover, hover, hover]	[48.1615, 866.6011, 63.7185, 721.1818]
57   	11627.45    	0.006   	1.0000  	[16.2, 21.7, 21.7, 21.7]	[front, right, hover, right]	[44.9973, 616.0856, 36.7066, 468.8569]
58   	10867.10    	0.005   	1.0000  	[16.2, 21.7, 21.7, 21.7]	[front, left, hover, left]	[50.1602, 414.8139, 21.3331, 275.1501]
59   	10274.16    	0.005   	1.0000  	[16.2, 21.7, 21.7, 21.7]	[front, right, hover, right]	[41.0256, 273.7172, 12.0991, 173.1350]
60   	9956.21     	0.005   	1.0000  	[16.2, 21.7, 21.7, 21.7]	[front, left, hover, left]	[33.0014, 168.3898, 7.3908, 100.7938]
61   	9701.57     	0.005   	1.0000  	[16.2, 21.7, 21.7, 21.7]	[front, right, hover, right]	[41.1086, 103.7888, 4.7130, 66.2101]
62   	9581.75     	0.005   	1.0000  	[16.2, 21.7, 21.7, 21.7]	[hover, left, front, left]	[13.6977, 67.1411, 3.1255, 41.4269]
63   	9488.72     	0.005   	1.0000  	[16.2, 21.7, 21.7, 21.7]	[hover, right, front, right]	[5.0570, 41.9159, 10.7261, 26.5733]
64   	9390.08     	0.005   	1.0000  	[16.2, 21.7, 21.7, 21.7]	[hover, right, front, up]	[2.6063, 31.7480, 17.5036, 21.0496]
65   	9280.29     	0.004   	1.0000  	[16.2, 21.7, 21.7, 27.1]	[back, right, front, front]	[1.1280, 27.8978, 33.1711, 16.4285]
66   	9126.25     	0.004   	1.0000  	[16.2, 21.7, 21.7, 27.1]	[back, right, front, right]	[1.3847, 25.3714, 63.6849, 12.5748]
67   	8911.73     	0.004   	1.0000  	[16.2, 21.7, 21.7, 27.1]	[back, right, front, right]	[3.0197, 21.9751, 114.1952, 13.4010]
68   	8644.76     	0.004   	1.0000  	[16.2, 21.7, 21.7, 27.1]	[back, right, front, right]	[5.0352, 18.9640, 188.5958, 13.1696]
69   	8298.75     	0.004   	1.0000  	[16.2, 21.7, 21.7, 27.1]	[back, right, front, right]	[4.5127, 18.6712, 312.2720, 12.6876]
70   	7884.80     	0.004   	1.0000  	[16.2, 21.7, 21.7, 27.1]	[back, right, front, right]	[3.7413, 21.4129, 495.4281, 13.8551]
71   	7498.88     	0.003   	1.0000  	[16.2, 21.7, 21.7, 27.1]	[back, right, hover, right]	[4.6402, 33.9575, 370.1123, 21.4460]
72   	7184.64     	0.003   	1.0000  	[16.2, 21.7, 21.7, 27.1]	[back, hover, hover, right]	[6.1238, 16.7402, 267.2391, 32.2045]
73   	6985.25     	0.003   	1.0000  	[16.2, 21.7, 21.7, 27.1]	[back, hover, hover, hover]	[8.8784, 7.6877, 184.6981, 21.6098]
74   	6823.58     	0.003   	1.0000  	[16.2, 21.7, 21.7, 27.1]	[back, back, right, hover]	[20.8018, 5.0056, 136.2305, 15.2239]
75   	6710.77     	0.003   	1.0000  	[16.2, 21.7, 21.7, 27.1]	[hover, back, left, hover]	[8.9918, 6.9386, 101.1572, 10.8032]
76   	6612.68     	0.003   	1.0000  	[16.2, 21.7, 21.7, 27.1]	[left, back, right, hover]	[5.3942, 14.3233, 75.6389, 8.1610]
77   	6538.39     	0.003   	1.0000  	[16.2, 21.7, 21.7, 27.1]	[left, back, left, hover]	[7.0350, 26.3644, 54.1103, 6.2444]
78   	6464.65     	0.003   	1.0000  	[16.2, 21.7, 21.7, 27.1]	[left, back, right, hover]	[7.6739, 52.4080, 37.7230, 4.7414]
79   	6315.00     	0.002   	1.0000  	[16.2, 21.7, 21.7, 27.1]	[left, back, right, hover]	[7.6280, 108.4692, 26.9703, 3.6870]
80   	6058.67     	0.002   	1.0000  	[16.2, 21.7, 21.7, 27.1]	[left, back, right, down]	[8.4344, 174.2651, 22.3886, 3.1434]
81   	5651.40     	0.002   	1.0000  	[16.2, 21.7, 21.7, 21.7]	[left, back, right, back]	[18.6705, 254.2083, 19.2326, 3.3077]
82   	5354.12     	0.002   	1.0000  	[16.2, 21.7, 21.7, 21.7]	[left, hover, right, right]	[37.1385, 149.6590, 17.5794, 3.8014]
83   	5126.34     	0.002   	1.0000  	[16.2, 21.7, 21.7, 21.7]	[left, hover, right, down]	[75.8945, 80.7531, 16.8304, 3.1116]
84   	4905.51     	0.002   	1.0000  	[16.2, 21.7, 21.7, 16.2]	[left, hover, right, right]	[153.0959, 40.4515, 17.1676, 3.5714]
85   	4637.43     	0.002   	1.0000  	[16.2, 21.7, 21.7, 16.2]	[left, hover, right, back]	[271.4669, 21.4009, 25.5821, 3.6520]
86   	4189.39     	0.001   	1.0000  	[16.2, 21.7, 21.7, 16.2]	[left, left, right, down]	[416.2357, 14.3637, 23.8470, 3.3340]
87   	3934.51     	0.001   	1.0000  	[16.2, 21.7, 21.7, 10.8]	[hover, right, hover, right]	[229.7920, 9.2044, 12.7528, 2.3830]
88   	3795.81     	0.001   	1.0000  	[16.2, 21.7, 21.7, 10.8]	[hover, left, back, back]	[117.5312, 6.7622, 7.5883, 2.0826]
89   	3735.09     	0.001   	1.0000  	[16.2, 21.7, 21.7, 10.8]	[hover, hover, back, hover]	[53.9612, 4.6283, 6.2625, 1.5248]
90   	3700.12     	0.001   	1.0000  	[16.2, 21.7, 21.7, 10.8]	[hover, right, back, left]	[26.3173, 3.7938, 5.3886, 0.9895]
91   	3683.89     	0.001   	1.0000  	[16.2, 21.7, 21.7, 10.8]	[hover, down, hover, left]	[11.6652, 3.3703, 4.7525, 1.0541]
92   	3672.17     	0.001   	1.0000  	[16.2, 16.2, 21.7, 10.8]	[front, right, hover, hover]	[7.6807, 3.1389, 3.8212, 0.8827]
93   	3661.06     	0.001   	1.0000  	[16.2, 16.2, 21.7, 10.8]	[front, back, hover, left]	[5.1105, 3.0693, 2.7803, 0.7356]
94   	3656.41     	0.001   	1.0000  	[16.2, 16.2, 21.7, 10.8]	[front, down, back, left]	[2.5122, 2.1483, 2.1869, 0.6405]
95   	3647.96     	0.001   	1.0000  	[16.2, 10.8, 21.7, 10.8]	[front, right, up, up]	[3.8252, 1.1730, 2.6831, 0.8924]
96   	3637.62     	0.001   	1.0000  	[16.2, 10.8, 27.1, 16.2]	[front, left, back, left]	[6.6979, 0.3710, 3.3412, 0.9380]
97   	3618.99     	0.001   	1.0000  	[16.2, 10.8, 27.1, 16.2]	[front, up, back, front]	[12.8836, 0.3184, 3.8426, 0.9365]
98   	3585.40     	0.001   	1.0000  	[16.2, 16.2, 27.1, 16.2]	[front, back, back, front]	[23.5570, 0.2639, 5.0259, 0.7880]
99   	3504.30     	0.001   	1.0000  	[16.2, 16.2, 27.1, 16.2]	[front, back, back, down]	[60.5875, 0.1822, 8.0978, 0.7530]
[2025-12-18T14:45:59]
Strategy: greedy_ig
Pairwise: adaptive
News mode: IG
Num agents: 4
Iteration: 5
Error margin: None
Gaussian radius 5 
Grid info: range: 0-50-50, cell_size:0.125, map shape: (400, 400), center:True
init UAV positions: [(-25.0, -5.0, 5.4), (-10.0, 20.0, 5.4), (10.0, -15.0, 5.4), (0.0, 0.0, 5.4)]
mcts_params: {}
Step	Entropy	MSE	Coverage	Heights	Actions	IGs
------------------------------------------------------------------------------------------------------------------------
0    	160000.00   	0.250   	0.0000  	[5.4, 5.4, 5.4, 5.4]	[-, -, -, -]	[-, -, -, -]
1    	159043.68   	0.241   	0.0547  	[5.4, 5.4, 5.4, 5.4]	[up, up, up, up]	[1952.2791, 3514.1024, 3904.5582, 3904.5582]
2    	157994.15   	0.231   	0.2125  	[10.8, 10.8, 10.8, 10.8]	[up, up, up, up]	[1998.7423, 3214.2563, 3921.1530, 3910.2231]
3    	156776.31   	0.222   	0.4462  	[16.2, 16.2, 16.2, 16.2]	[right, back, up, up]	[2048.0542, 3215.4660, 3289.6304, 3861.3370]
4    	155183.74   	0.212   	0.6162  	[16.2, 16.2, 21.7, 21.7]	[up, up, front, up]	[2127.9245, 3184.4372, 2972.6910, 3344.4059]
5    	153200.91   	0.202   	0.7436  	[21.7, 21.7, 21.7, 27.1]	[right, back, front, right]	[2256.9566, 3218.5311, 2573.3788, 2840.4896]
6    	150962.00   	0.194   	0.7694  	[21.7, 21.7, 21.7, 27.1]	[right, back, front, right]	[2317.9414, 2995.6287, 2424.2219, 2549.7646]
7    	148410.66   	0.186   	0.7873  	[21.7, 21.7, 21.7, 27.1]	[right, back, front, right]	[2325.3498, 2730.2084, 2484.9328, 2455.8863]
8    	145354.43   	0.178   	0.8213  	[21.7, 21.7, 21.7, 27.1]	[right, back, front, front]	[2266.7958, 2520.8991, 2645.0698, 2256.5444]
9    	142056.18   	0.170   	0.8494  	[21.7, 21.7, 21.7, 27.1]	[up, back, front, front]	[2283.2895, 2422.9617, 2767.9319, 2149.2772]
10   	138378.96   	0.161   	0.9087  	[27.1, 21.7, 21.7, 27.1]	[right, back, front, front]	[2305.5678, 2364.9097, 2740.5979, 2141.2283]
11   	134557.50   	0.152   	0.9369  	[27.1, 21.7, 21.7, 27.1]	[right, back, front, hover]	[2330.4427, 2295.6639, 2621.3681, 1707.0696]
12   	131065.94   	0.144   	0.9369  	[27.1, 21.7, 21.7, 27.1]	[right, back, front, left]	[2317.8115, 2254.6362, 2318.8602, 1332.5500]
13   	127442.44   	0.137   	0.9369  	[27.1, 21.7, 21.7, 27.1]	[right, back, left, left]	[2325.8628, 2248.3248, 2036.6498, 1222.0969]
14   	123370.40   	0.130   	0.9619  	[27.1, 21.7, 21.7, 27.1]	[right, right, left, left]	[2317.1632, 2081.4858, 1945.9590, 1325.6888]
15   	119107.13   	0.123   	0.9619  	[27.1, 21.7, 21.7, 27.1]	[right, right, left, left]	[2323.6307, 2056.5886, 1966.8793, 1496.4684]
16   	114551.73   	0.116   	0.9669  	[27.1, 21.7, 21.7, 27.1]	[back, right, left, left]	[2196.0474, 2081.8564, 2041.1604, 1688.4208]
17   	109828.26   	0.108   	0.9700  	[27.1, 21.7, 21.7, 27.1]	[back, right, left, left]	[1829.4400, 2122.0040, 2137.3734, 1879.6627]
18   	105206.60   	0.102   	0.9875  	[27.1, 21.7, 21.7, 27.1]	[down, right, left, back]	[1518.3656, 2164.4359, 2225.4501, 1582.8884]
19   	100719.78   	0.096   	0.9875  	[21.7, 21.7, 21.7, 27.1]	[right, right, left, back]	[1368.5685, 2203.4358, 2333.6999, 1407.8456]
20   	96271.05    	0.090   	0.9875  	[21.7, 21.7, 21.7, 27.1]	[back, right, back, back]	[1037.0567, 2211.3639, 2188.5695, 1362.0551]
21   	91822.68    	0.085   	0.9875  	[21.7, 21.7, 21.7, 27.1]	[hover, front, back, back]	[613.2702, 1968.4073, 2048.9502, 1509.1159]
22   	87549.75    	0.080   	0.9875  	[21.7, 21.7, 21.7, 27.1]	[hover, front, back, back]	[348.7544, 1941.0893, 1957.9143, 1662.6861]
23   	83537.89    	0.076   	0.9888  	[21.7, 21.7, 21.7, 27.1]	[left, front, back, back]	[215.2792, 2077.9327, 1909.9741, 1827.4665]
24   	79582.56    	0.071   	1.0000  	[21.7, 21.7, 21.7, 27.1]	[left, front, back, hover]	[217.2004, 2274.2369, 1942.0255, 1501.1133]
25   	75059.58    	0.066   	1.0000  	[21.7, 21.7, 21.7, 27.1]	[left, front, back, right]	[281.0309, 2457.1627, 1984.9838, 1234.6219]
26   	70411.08    	0.061   	1.0000  	[21.7, 21.7, 21.7, 27.1]	[left, front, back, right]	[353.7728, 2498.2947, 2009.9475, 1045.6938]
27   	66087.37    	0.056   	1.0000  	[21.7, 21.7, 21.7, 27.1]	[left, front, back, right]	[413.2154, 2436.9276, 2050.2087, 930.4818]
28   	62382.86    	0.051   	1.0000  	[21.7, 21.7, 21.7, 27.1]	[left, front, back, right]	[471.9593, 2052.7618, 1536.6121, 913.8682]
29   	59322.50    	0.048   	1.0000  	[21.7, 21.7, 21.7, 27.1]	[left, right, down, right]	[523.6083, 1404.8004, 1327.2213, 951.4107]
30   	57084.82    	0.045   	1.0000  	[21.7, 21.7, 16.2, 27.1]	[left, hover, back, right]	[580.1912, 836.7337, 915.1954, 1056.1740]
31   	55446.00    	0.044   	1.0000  	[21.7, 21.7, 16.2, 27.1]	[hover, hover, left, hover]	[397.2752, 458.8859, 805.0095, 813.7841]
32   	54211.12    	0.042   	1.0000  	[21.7, 21.7, 16.2, 27.1]	[hover, hover, left, hover]	[270.5129, 240.5063, 609.7126, 623.6217]
33   	53345.67    	0.041   	1.0000  	[21.7, 21.7, 16.2, 27.1]	[hover, left, hover, hover]	[173.8547, 137.1266, 386.7241, 450.1489]
34   	52682.77    	0.041   	1.0000  	[21.7, 21.7, 16.2, 27.1]	[hover, left, front, hover]	[105.5230, 110.6490, 257.1768, 319.0390]
35   	52197.34    	0.040   	1.0000  	[21.7, 21.7, 16.2, 27.1]	[hover, left, up, hover]	[59.2061, 80.0102, 158.4562, 222.0144]
36   	51771.76    	0.040   	1.0000  	[21.7, 21.7, 21.7, 27.1]	[hover, left, right, hover]	[34.7799, 67.3536, 168.9217, 153.6612]
37   	51466.18    	0.040   	1.0000  	[21.7, 21.7, 21.7, 27.1]	[front, left, right, front]	[19.2999, 61.5220, 120.6919, 106.1995]
38   	51152.45    	0.039   	1.0000  	[21.7, 21.7, 21.7, 27.1]	[front, left, right, front]	[13.2490, 55.1918, 143.8153, 90.1659]
39   	50874.65    	0.039   	1.0000  	[21.7, 21.7, 21.7, 27.1]	[front, left, right, front]	[32.9792, 82.1106, 120.9115, 86.3321]
40   	50183.66    	0.039   	1.0000  	[21.7, 21.7, 21.7, 27.1]	[front, left, right, front]	[351.5382, 175.1126, 112.9926, 135.4646]
41   	48804.51    	0.037   	1.0000  	[21.7, 21.7, 21.7, 27.1]	[front, left, right, front]	[965.1082, 678.2518, 112.4795, 202.4811]
42   	46888.12    	0.035   	1.0000  	[21.7, 21.7, 21.7, 27.1]	[front, back, right, front]	[1438.0193, 532.8846, 105.1628, 296.7881]
43   	44762.69    	0.033   	1.0000  	[21.7, 21.7, 21.7, 27.1]	[front, back, right, hover]	[1772.4391, 422.8750, 123.1508, 205.2764]
44   	42466.75    	0.031   	1.0000  	[21.7, 21.7, 21.7, 27.1]	[front, back, right, hover]	[2015.5946, 347.0933, 233.8771, 143.8307]
45   	40229.84    	0.028   	1.0000  	[21.7, 21.7, 21.7, 27.1]	[front, back, right, hover]	[1915.5471, 305.9636, 661.7801, 97.2416]
46   	37959.24    	0.026   	1.0000  	[21.7, 21.7, 21.7, 27.1]	[right, back, front, left]	[1694.0593, 297.9256, 549.9090, 74.3967]
47   	35632.81    	0.024   	1.0000  	[21.7, 21.7, 21.7, 27.1]	[right, back, front, left]	[1568.6410, 333.0642, 410.0761, 80.2191]
48   	33165.76    	0.022   	1.0000  	[21.7, 21.7, 21.7, 27.1]	[right, back, front, left]	[1503.0289, 396.9031, 337.3360, 119.8291]
49   	30544.23    	0.020   	1.0000  	[21.7, 21.7, 21.7, 27.1]	[right, back, front, left]	[1465.4615, 516.9114, 327.5590, 189.3166]
50   	27648.23    	0.018   	1.0000  	[21.7, 21.7, 21.7, 27.1]	[right, back, front, left]	[1486.6190, 621.8240, 348.4973, 281.5008]
51   	24787.64    	0.016   	1.0000  	[21.7, 21.7, 21.7, 27.1]	[right, hover, front, left]	[1489.2997, 440.0668, 398.3633, 398.9544]
52   	21957.34    	0.014   	1.0000  	[21.7, 21.7, 21.7, 27.1]	[right, hover, front, hover]	[1555.0859, 300.8167, 444.5678, 300.2168]
53   	19312.20    	0.011   	1.0000  	[21.7, 21.7, 21.7, 27.1]	[right, hover, front, hover]	[1631.9042, 189.9803, 480.3285, 217.8348]
54   	17136.66    	0.010   	1.0000  	[21.7, 21.7, 21.7, 27.1]	[hover, right, front, hover]	[1060.3093, 118.7604, 500.6322, 155.1963]
55   	15661.77    	0.009   	1.0000  	[21.7, 21.7, 21.7, 27.1]	[back, right, hover, hover]	[643.6065, 107.5733, 307.6824, 107.0413]
56   	14654.55    	0.008   	1.0000  	[21.7, 21.7, 21.7, 27.1]	[front, right, hover, hover]	[387.3169, 122.2038, 171.8778, 72.3145]
57   	13947.24    	0.008   	1.0000  	[21.7, 21.7, 21.7, 27.1]	[back, right, hover, back]	[209.8507, 146.1008, 93.4727, 54.2824]
58   	13312.62    	0.007   	1.0000  	[21.7, 21.7, 21.7, 27.1]	[front, right, hover, back]	[125.3241, 184.2161, 47.1185, 63.6167]
59   	12675.80    	0.007   	1.0000  	[21.7, 21.7, 21.7, 27.1]	[back, right, hover, back]	[63.3485, 248.9975, 23.9445, 88.3779]
60   	11838.25    	0.006   	1.0000  	[21.7, 21.7, 21.7, 27.1]	[front, right, back, back]	[39.7111, 351.5381, 13.7620, 140.0691]
61   	10847.77    	0.006   	1.0000  	[21.7, 21.7, 21.7, 27.1]	[back, right, back, back]	[19.5466, 503.5927, 13.9572, 201.5093]
62   	9835.88     	0.005   	1.0000  	[21.7, 21.7, 21.7, 27.1]	[back, right, back, back]	[16.5600, 454.9562, 18.8432, 278.2728]
63   	9140.34     	0.005   	1.0000  	[21.7, 21.7, 21.7, 27.1]	[back, hover, back, hover]	[15.0488, 287.3263, 26.9050, 200.8521]
64   	8642.79     	0.004   	1.0000  	[21.7, 21.7, 21.7, 27.1]	[back, front, back, hover]	[15.7885, 175.9038, 39.0289, 146.7990]
65   	8256.75     	0.004   	1.0000  	[21.7, 21.7, 21.7, 27.1]	[back, back, back, hover]	[17.6679, 114.9568, 59.0922, 101.5755]
66   	7943.88     	0.004   	1.0000  	[21.7, 21.7, 21.7, 27.1]	[back, front, back, hover]	[23.9987, 69.1395, 78.2091, 69.2315]
67   	7650.15     	0.004   	1.0000  	[21.7, 21.7, 21.7, 27.1]	[back, back, back, hover]	[28.4868, 44.6076, 102.1352, 47.6903]
68   	7395.16     	0.004   	1.0000  	[21.7, 21.7, 21.7, 27.1]	[back, front, back, hover]	[27.4120, 31.5048, 85.3164, 31.9636]
69   	7229.63     	0.004   	1.0000  	[21.7, 21.7, 21.7, 27.1]	[back, front, hover, hover]	[31.9938, 18.4579, 48.2930, 20.8380]
70   	7132.70     	0.003   	1.0000  	[21.7, 21.7, 21.7, 27.1]	[hover, front, hover, hover]	[16.8074, 13.2625, 26.9895, 14.0550]
71   	7083.66     	0.003   	1.0000  	[21.7, 21.7, 21.7, 27.1]	[hover, front, hover, hover]	[8.7286, 11.8697, 13.2534, 9.1256]
72   	7056.87     	0.003   	1.0000  	[21.7, 21.7, 21.7, 27.1]	[hover, front, hover, hover]	[4.6072, 13.2819, 6.6320, 6.6138]
73   	7031.13     	0.003   	1.0000  	[21.7, 21.7, 21.7, 27.1]	[hover, front, hover, right]	[2.9817, 17.1100, 3.7497, 4.8580]
74   	6995.33     	0.003   	1.0000  	[21.7, 21.7, 21.7, 27.1]	[hover, front, front, right]	[2.2319, 17.2386, 2.8619, 6.6369]
75   	6952.25     	0.003   	1.0000  	[21.7, 21.7, 21.7, 27.1]	[hover, front, hover, right]	[1.9373, 15.3118, 2.2682, 10.5820]
76   	6901.93     	0.003   	1.0000  	[21.7, 21.7, 21.7, 27.1]	[hover, front, left, right]	[1.6450, 15.0766, 1.9758, 15.5463]
77   	6839.64     	0.003   	1.0000  	[21.7, 21.7, 21.7, 27.1]	[hover, hover, left, right]	[1.5187, 7.5328, 2.8588, 25.2187]
78   	6754.81     	0.003   	1.0000  	[21.7, 21.7, 21.7, 27.1]	[front, hover, left, right]	[1.4547, 4.2715, 3.4129, 42.7143]
79   	6689.24     	0.003   	1.0000  	[21.7, 21.7, 21.7, 27.1]	[front, hover, left, hover]	[1.4061, 2.3436, 3.2960, 31.0171]
80   	6643.65     	0.003   	1.0000  	[21.7, 21.7, 21.7, 27.1]	[hover, back, left, hover]	[1.2384, 1.4821, 4.4627, 21.4086]
81   	6616.26     	0.003   	1.0000  	[21.7, 21.7, 21.7, 27.1]	[left, back, left, hover]	[1.3807, 0.9638, 3.7516, 14.5093]
82   	6596.54     	0.003   	1.0000  	[21.7, 21.7, 21.7, 27.1]	[right, left, front, hover]	[1.1548, 0.7893, 5.0936, 10.5417]
83   	6578.99     	0.003   	1.0000  	[21.7, 21.7, 21.7, 27.1]	[left, left, left, hover]	[0.9705, 1.1599, 6.5283, 7.8587]
84   	6564.18     	0.003   	1.0000  	[21.7, 21.7, 21.7, 27.1]	[right, front, left, right]	[0.9957, 1.0793, 8.2840, 6.2436]
85   	6489.74     	0.003   	1.0000  	[21.7, 21.7, 21.7, 27.1]	[left, left, left, down]	[0.9226, 1.1835, 65.8100, 7.7650]
86   	6403.78     	0.003   	1.0000  	[21.7, 21.7, 21.7, 21.7]	[right, down, front, back]	[0.8675, 1.1079, 70.7607, 8.1803]
87   	6296.73     	0.003   	1.0000  	[21.7, 16.2, 21.7, 21.7]	[left, back, front, hover]	[0.6684, 1.4840, 81.3592, 5.9205]
88   	6178.27     	0.003   	1.0000  	[21.7, 16.2, 21.7, 21.7]	[front, hover, front, back]	[0.8805, 1.1083, 94.8523, 4.5946]
89   	6022.42     	0.003   	1.0000  	[21.7, 16.2, 21.7, 21.7]	[front, hover, front, down]	[1.0473, 0.8843, 124.3126, 4.5190]
90   	5813.14     	0.003   	1.0000  	[21.7, 16.2, 21.7, 16.2]	[up, hover, front, right]	[1.7229, 0.8124, 178.5150, 5.0069]
91   	5555.28     	0.002   	1.0000  	[27.1, 16.2, 21.7, 16.2]	[front, hover, front, hover]	[2.4779, 0.6888, 270.8451, 3.2523]
92   	5283.40     	0.002   	1.0000  	[27.1, 16.2, 21.7, 16.2]	[front, hover, front, back]	[3.0945, 0.5073, 361.5333, 2.2861]
93   	5085.26     	0.002   	1.0000  	[27.1, 16.2, 21.7, 16.2]	[left, hover, hover, down]	[3.9090, 0.5662, 255.3620, 2.2372]
94   	4936.94     	0.002   	1.0000  	[27.1, 16.2, 21.7, 10.8]	[left, hover, hover, right]	[7.0788, 0.3127, 176.6580, 2.4849]
95   	4813.15     	0.002   	1.0000  	[27.1, 16.2, 21.7, 10.8]	[left, hover, hover, hover]	[14.6278, 0.1519, 121.2998, 2.3631]
96   	4692.08     	0.002   	1.0000  	[27.1, 16.2, 21.7, 10.8]	[left, hover, hover, front]	[26.7529, 0.2671, 80.5556, 2.0817]
97   	4554.69     	0.002   	1.0000  	[27.1, 16.2, 21.7, 10.8]	[front, hover, hover, back]	[46.7990, 0.2292, 51.8507, 0.9691]
98   	4376.10     	0.002   	1.0000  	[27.1, 16.2, 21.7, 10.8]	[left, hover, hover, front]	[82.2130, 0.1895, 32.1703, 0.2970]
99   	4136.15     	0.001   	1.0000  	[27.1, 16.2, 21.7, 10.8]	[left, right, hover, left]	[130.4445, 0.2060, 20.5247, 0.2765]
[2025-12-18T14:46:11]
Strategy: greedy_ig
Pairwise: adaptive
News mode: IG
Num agents: 4
Iteration: 6
Error margin: None
Gaussian radius 5 
Grid info: range: 0-50-50, cell_size:0.125, map shape: (400, 400), center:True
init UAV positions: [(-25.0, -15.0, 5.4), (-15.0, 15.0, 5.4), (20.0, -10.0, 5.4), (0.0, 20.0, 5.4)]
mcts_params: {}
Step	Entropy	MSE	Coverage	Heights	Actions	IGs
------------------------------------------------------------------------------------------------------------------------
0    	160000.00   	0.250   	0.0000  	[5.4, 5.4, 5.4, 5.4]	[-, -, -, -]	[-, -, -, -]
1    	159184.60   	0.243   	0.0547  	[5.4, 5.4, 5.4, 5.4]	[up, up, up, up]	[1952.2791, 3904.5582, 3514.1024, 3514.1024]
2    	158272.56   	0.234   	0.2062  	[10.8, 10.8, 10.8, 10.8]	[up, up, up, up]	[2004.9236, 4348.0608, 3064.4020, 3115.2411]
3    	157289.22   	0.226   	0.4059  	[16.2, 16.2, 16.2, 16.2]	[right, back, left, back]	[2086.5771, 3235.3839, 2859.4150, 2877.4122]
4    	156164.41   	0.218   	0.4950  	[16.2, 16.2, 16.2, 16.2]	[right, up, up, up]	[2080.7117, 2910.7818, 2819.1013, 2709.8563]
5    	154862.26   	0.209   	0.6747  	[16.2, 21.7, 21.7, 21.7]	[right, right, left, back]	[2074.9279, 2786.6193, 2811.0149, 2672.9059]
6    	153441.91   	0.201   	0.7448  	[16.2, 21.7, 21.7, 21.7]	[right, right, left, back]	[2088.8620, 2573.3147, 2623.6862, 2488.5235]
7    	151780.49   	0.193   	0.8014  	[16.2, 21.7, 21.7, 21.7]	[up, right, left, up]	[2243.2917, 2513.4175, 2449.8064, 2323.9340]
8    	149515.97   	0.185   	0.8812  	[21.7, 21.7, 21.7, 27.1]	[front, right, left, back]	[2298.9325, 2455.7358, 2380.1155, 2350.3039]
9    	146551.38   	0.176   	0.8883  	[21.7, 21.7, 21.7, 27.1]	[front, right, left, back]	[2262.2055, 2373.7012, 2309.9862, 2329.9017]
10   	143172.42   	0.168   	0.8883  	[21.7, 21.7, 21.7, 27.1]	[front, right, left, back]	[2240.7484, 2293.4629, 2226.8967, 2310.7818]
11   	139619.82   	0.159   	0.8938  	[21.7, 21.7, 21.7, 27.1]	[front, right, left, back]	[2247.9598, 2241.9190, 2212.0583, 2276.3884]
12   	135956.97   	0.151   	0.9211  	[21.7, 21.7, 21.7, 27.1]	[front, right, left, back]	[2263.3890, 2188.5506, 2210.2753, 2270.0987]
13   	132502.84   	0.143   	0.9484  	[21.7, 21.7, 21.7, 27.1]	[front, right, left, back]	[2255.6093, 2016.9526, 2219.2427, 2265.4242]
14   	128984.18   	0.136   	0.9781  	[21.7, 21.7, 21.7, 27.1]	[front, back, front, right]	[2228.2848, 1885.1138, 2068.3324, 2115.9688]
15   	125212.63   	0.129   	0.9797  	[21.7, 21.7, 21.7, 27.1]	[front, back, front, right]	[2271.9406, 1908.0480, 2046.7552, 2044.5861]
16   	121503.85   	0.122   	0.9812  	[21.7, 21.7, 21.7, 27.1]	[front, back, front, right]	[2214.8927, 2059.0809, 2066.7201, 2009.7839]
17   	117524.83   	0.117   	0.9852  	[21.7, 21.7, 21.7, 27.1]	[right, back, front, back]	[2154.7476, 2314.7361, 2099.0351, 1714.1851]
18   	113299.54   	0.110   	0.9977  	[21.7, 21.7, 21.7, 27.1]	[right, back, front, hover]	[2161.9996, 2580.8404, 2135.1694, 1361.1353]
19   	108552.88   	0.104   	0.9977  	[21.7, 21.7, 21.7, 27.1]	[right, back, front, hover]	[2197.8335, 2795.6213, 2192.0583, 1052.5838]
20   	103574.72   	0.097   	0.9977  	[21.7, 21.7, 21.7, 27.1]	[right, back, front, hover]	[2211.5407, 2877.3874, 2261.6951, 779.2868]
21   	98694.97    	0.090   	0.9977  	[21.7, 21.7, 21.7, 27.1]	[right, back, right, front]	[2220.8471, 2609.5246, 2067.3467, 564.1812]
22   	93902.66    	0.084   	0.9977  	[21.7, 21.7, 21.7, 27.1]	[right, left, right, front]	[2212.5206, 2299.6538, 1969.6530, 523.5661]
23   	88866.72    	0.078   	0.9984  	[21.7, 21.7, 21.7, 27.1]	[right, left, right, front]	[2172.6092, 2115.3544, 1971.0720, 540.6816]
24   	83573.00    	0.072   	0.9992  	[21.7, 21.7, 21.7, 27.1]	[right, left, right, front]	[2154.1867, 2051.8698, 1955.9784, 603.5214]
25   	77877.42    	0.066   	1.0000  	[21.7, 21.7, 21.7, 27.1]	[back, left, right, front]	[2007.3886, 2063.2092, 1934.2407, 670.0147]
26   	72064.61    	0.060   	1.0000  	[21.7, 21.7, 21.7, 27.1]	[back, left, right, front]	[1966.8592, 2106.0993, 1928.8729, 740.6911]
27   	66582.67    	0.055   	1.0000  	[21.7, 21.7, 21.7, 27.1]	[back, left, right, front]	[2076.8044, 2148.1895, 1941.9005, 725.2701]
28   	61525.34    	0.050   	1.0000  	[21.7, 21.7, 21.7, 27.1]	[back, left, right, down]	[2269.9682, 2214.3401, 1710.7307, 590.0765]
29   	56967.19    	0.045   	1.0000  	[21.7, 21.7, 21.7, 21.7]	[back, left, front, right]	[2553.9549, 2250.2844, 1205.2621, 601.7822]
30   	52767.27    	0.041   	1.0000  	[21.7, 21.7, 21.7, 21.7]	[back, left, hover, front]	[2809.1743, 1681.7473, 750.6601, 552.8165]
31   	48357.85    	0.037   	1.0000  	[21.7, 21.7, 21.7, 21.7]	[back, down, hover, hover]	[2948.1621, 1342.2495, 454.5456, 321.3628]
32   	44547.84    	0.034   	1.0000  	[21.7, 16.2, 21.7, 21.7]	[back, left, hover, hover]	[2877.3115, 786.5380, 239.4720, 174.7913]
33   	41779.35    	0.031   	1.0000  	[21.7, 16.2, 21.7, 21.7]	[back, front, back, hover]	[2054.3967, 512.8270, 130.3279, 89.9130]
34   	39957.42    	0.030   	1.0000  	[21.7, 16.2, 21.7, 21.7]	[down, front, back, hover]	[1434.9116, 439.0982, 84.9069, 43.6393]
35   	38770.73    	0.029   	1.0000  	[16.2, 16.2, 21.7, 21.7]	[up, front, back, hover]	[822.5198, 308.8784, 50.8785, 20.8983]
36   	38061.02    	0.029   	1.0000  	[21.7, 16.2, 21.7, 21.7]	[left, front, back, hover]	[511.4928, 204.1773, 37.5360, 11.2788]
37   	37562.93    	0.028   	1.0000  	[21.7, 16.2, 21.7, 21.7]	[left, front, back, hover]	[340.3801, 136.0687, 38.3052, 5.6933]
38   	37245.19    	0.028   	1.0000  	[21.7, 16.2, 21.7, 21.7]	[left, front, back, back]	[210.3988, 111.4633, 42.7715, 4.4474]
39   	37026.16    	0.028   	1.0000  	[21.7, 16.2, 21.7, 21.7]	[left, front, back, back]	[131.3779, 109.8406, 57.9765, 6.4659]
40   	36772.14    	0.027   	1.0000  	[21.7, 16.2, 21.7, 21.7]	[left, front, back, back]	[89.3149, 109.2992, 143.4954, 13.1621]
41   	36199.26    	0.027   	1.0000  	[21.7, 16.2, 21.7, 21.7]	[left, front, back, back]	[70.4394, 194.5330, 647.1982, 22.5392]
42   	35689.67    	0.026   	1.0000  	[21.7, 16.2, 21.7, 21.7]	[left, front, left, back]	[59.2567, 269.3678, 497.4948, 40.0607]
43   	35211.06    	0.026   	1.0000  	[21.7, 16.2, 21.7, 21.7]	[left, right, left, back]	[56.7681, 179.5662, 391.7951, 58.7739]
44   	34741.10    	0.025   	1.0000  	[21.7, 16.2, 21.7, 21.7]	[hover, right, left, back]	[37.2404, 134.6867, 313.4315, 96.2789]
45   	34249.18    	0.025   	1.0000  	[21.7, 16.2, 21.7, 21.7]	[hover, right, left, back]	[23.5176, 118.0302, 272.2239, 141.1749]
46   	33667.15    	0.024   	1.0000  	[21.7, 16.2, 21.7, 21.7]	[up, right, left, back]	[17.7124, 110.0669, 278.2711, 220.9437]
47   	33157.00    	0.024   	1.0000  	[27.1, 16.2, 21.7, 21.7]	[right, right, left, left]	[16.7119, 99.5199, 313.1321, 129.6171]
48   	32663.66    	0.023   	1.0000  	[27.1, 16.2, 21.7, 21.7]	[right, right, left, left]	[15.1393, 95.7786, 394.0301, 90.2997]
49   	31857.24    	0.023   	1.0000  	[27.1, 16.2, 21.7, 21.7]	[right, right, left, left]	[15.3765, 111.0053, 516.4130, 253.9415]
50   	30733.65    	0.022   	1.0000  	[27.1, 16.2, 21.7, 21.7]	[right, right, left, left]	[16.9328, 150.5781, 623.1739, 429.5871]
51   	29481.77    	0.021   	1.0000  	[27.1, 16.2, 21.7, 21.7]	[right, right, hover, left]	[20.6577, 212.9615, 430.3904, 600.5484]
52   	27864.30    	0.019   	1.0000  	[27.1, 16.2, 21.7, 21.7]	[right, right, hover, left]	[31.8038, 326.9283, 286.9083, 1068.4284]
53   	25831.73    	0.018   	1.0000  	[27.1, 16.2, 21.7, 21.7]	[right, right, hover, left]	[78.2553, 430.4131, 174.9686, 1449.8285]
54   	23712.82    	0.016   	1.0000  	[27.1, 16.2, 21.7, 21.7]	[front, back, front, left]	[58.8458, 218.5126, 123.1102, 1738.7914]
55   	21764.92    	0.014   	1.0000  	[27.1, 16.2, 21.7, 21.7]	[front, back, front, front]	[46.9241, 93.1039, 112.3337, 1462.4732]
56   	20195.37    	0.013   	1.0000  	[27.1, 16.2, 21.7, 21.7]	[front, back, front, front]	[43.2647, 51.3107, 119.5333, 1158.7508]
57   	18761.35    	0.012   	1.0000  	[27.1, 16.2, 21.7, 21.7]	[front, back, front, front]	[49.5073, 37.8432, 147.0974, 998.6821]
58   	17418.17    	0.011   	1.0000  	[27.1, 16.2, 21.7, 21.7]	[front, back, front, front]	[61.6204, 55.8989, 182.9235, 908.8519]
59   	16040.18    	0.010   	1.0000  	[27.1, 16.2, 21.7, 21.7]	[front, back, front, front]	[81.7951, 84.9817, 232.8329, 893.3312]
60   	14492.47    	0.009   	1.0000  	[27.1, 16.2, 21.7, 21.7]	[front, back, front, front]	[117.4750, 129.1482, 321.2611, 906.6445]
61   	12937.61    	0.008   	1.0000  	[27.1, 16.2, 21.7, 21.7]	[front, back, front, front]	[161.3211, 187.1267, 441.0754, 930.6930]
62   	11429.50    	0.006   	1.0000  	[27.1, 16.2, 21.7, 21.7]	[hover, back, front, front]	[117.1089, 262.4699, 424.7514, 994.7099]
63   	9955.14     	0.005   	1.0000  	[27.1, 16.2, 21.7, 21.7]	[hover, back, hover, front]	[80.7666, 333.6085, 316.6008, 950.7124]
64   	8817.03     	0.004   	1.0000  	[27.1, 16.2, 21.7, 21.7]	[hover, back, hover, hover]	[52.0931, 363.6750, 219.8602, 687.6283]
65   	8059.13     	0.004   	1.0000  	[27.1, 16.2, 21.7, 21.7]	[hover, hover, hover, hover]	[33.9681, 143.5298, 159.2968, 485.2530]
66   	7625.39     	0.003   	1.0000  	[27.1, 16.2, 21.7, 21.7]	[hover, hover, hover, hover]	[22.1761, 53.0067, 108.9590, 321.8591]
67   	7319.34     	0.003   	1.0000  	[27.1, 16.2, 21.7, 21.7]	[left, hover, right, hover]	[15.3002, 18.2266, 81.9945, 218.5002]
68   	7081.18     	0.003   	1.0000  	[27.1, 16.2, 21.7, 21.7]	[left, left, hover, hover]	[23.5481, 11.4064, 56.7718, 142.6731]
69   	6853.89     	0.003   	1.0000  	[27.1, 16.2, 21.7, 21.7]	[left, left, left, hover]	[46.5729, 10.4202, 42.7340, 90.3238]
70   	6577.14     	0.003   	1.0000  	[27.1, 16.2, 21.7, 21.7]	[left, left, right, hover]	[86.5734, 18.5469, 29.2571, 57.2654]
71   	6243.35     	0.003   	1.0000  	[27.1, 16.2, 21.7, 21.7]	[left, left, left, hover]	[136.9841, 23.5267, 20.4766, 35.0478]
72   	5847.65     	0.002   	1.0000  	[27.1, 16.2, 21.7, 21.7]	[left, left, right, hover]	[206.8997, 24.5348, 15.7459, 21.5018]
73   	5533.86     	0.002   	1.0000  	[27.1, 16.2, 21.7, 21.7]	[hover, left, right, hover]	[152.1331, 20.6124, 12.2944, 14.6528]
74   	5289.78     	0.002   	1.0000  	[27.1, 16.2, 21.7, 21.7]	[hover, left, right, back]	[109.2110, 29.9456, 12.4513, 10.0658]
75   	5108.20     	0.002   	1.0000  	[27.1, 16.2, 21.7, 21.7]	[hover, left, right, back]	[76.2616, 48.6969, 12.8497, 7.7697]
76   	4912.90     	0.002   	1.0000  	[27.1, 16.2, 21.7, 21.7]	[hover, left, right, back]	[56.0675, 92.9006, 14.6424, 9.2406]
77   	4708.32     	0.002   	1.0000  	[27.1, 16.2, 21.7, 21.7]	[hover, left, right, back]	[37.5708, 162.3015, 11.8827, 15.3303]
78   	4502.42     	0.002   	1.0000  	[27.1, 16.2, 21.7, 21.7]	[hover, left, right, back]	[25.1132, 139.4701, 13.9948, 29.7281]
79   	4322.20     	0.001   	1.0000  	[27.1, 16.2, 21.7, 21.7]	[hover, hover, right, back]	[16.2986, 72.2067, 15.6735, 57.0890]
80   	4107.02     	0.001   	1.0000  	[27.1, 16.2, 21.7, 21.7]	[hover, hover, right, back]	[10.7971, 37.7127, 18.5457, 98.2477]
81   	3845.61     	0.001   	1.0000  	[27.1, 16.2, 21.7, 21.7]	[hover, hover, hover, back]	[7.7807, 19.7664, 9.7874, 170.5027]
82   	3602.79     	0.001   	1.0000  	[27.1, 16.2, 21.7, 21.7]	[hover, hover, hover, back]	[5.5697, 9.5523, 5.6406, 183.9524]
83   	3437.25     	0.001   	1.0000  	[27.1, 16.2, 21.7, 21.7]	[hover, hover, hover, hover]	[4.2451, 5.3828, 3.1326, 116.5638]
84   	3333.08     	0.001   	1.0000  	[27.1, 16.2, 21.7, 21.7]	[back, up, back, hover]	[3.2340, 2.9872, 2.3677, 68.7712]
85   	3271.94     	0.001   	1.0000  	[27.1, 21.7, 21.7, 21.7]	[back, front, back, hover]	[2.6768, 5.0871, 1.8201, 39.3940]
86   	3229.80     	0.001   	1.0000  	[27.1, 21.7, 21.7, 21.7]	[down, right, back, hover]	[2.6524, 5.9838, 1.3571, 23.7173]
87   	3201.13     	0.001   	1.0000  	[21.7, 21.7, 21.7, 21.7]	[left, front, left, hover]	[2.5272, 7.2911, 1.1183, 13.4827]
88   	3177.84     	0.001   	1.0000  	[21.7, 21.7, 21.7, 21.7]	[back, right, up, hover]	[2.8486, 9.0589, 1.0406, 7.7121]
89   	3159.67     	0.001   	1.0000  	[21.7, 21.7, 27.1, 21.7]	[back, front, back, hover]	[2.5056, 10.3957, 1.2672, 4.3713]
90   	3144.86     	0.001   	1.0000  	[21.7, 21.7, 27.1, 21.7]	[hover, front, back, hover]	[2.2327, 9.0264, 1.9592, 2.7398]
91   	3132.42     	0.001   	1.0000  	[21.7, 21.7, 27.1, 21.7]	[front, right, back, hover]	[1.9694, 6.0149, 3.1594, 1.8473]
92   	3106.65     	0.001   	1.0000  	[21.7, 21.7, 27.1, 21.7]	[back, down, back, down]	[2.0910, 4.6403, 12.3739, 1.3926]
93   	2993.14     	0.001   	1.0000  	[21.7, 16.2, 27.1, 16.2]	[hover, front, back, left]	[1.9682, 3.9662, 79.0767, 1.0370]
94   	2899.90     	0.001   	1.0000  	[21.7, 16.2, 27.1, 16.2]	[front, front, hover, front]	[1.7283, 2.7100, 60.7458, 0.6355]
95   	2825.36     	0.001   	1.0000  	[21.7, 16.2, 27.1, 16.2]	[hover, right, hover, front]	[1.5379, 2.2316, 44.4855, 0.6837]
96   	2766.91     	0.001   	1.0000  	[21.7, 16.2, 27.1, 16.2]	[down, right, hover, front]	[1.3997, 3.5048, 32.1314, 1.0472]
97   	2723.71     	0.000   	1.0000  	[16.2, 16.2, 27.1, 16.2]	[back, right, hover, front]	[1.0429, 2.1063, 22.8759, 0.8047]
98   	2694.63     	0.000   	1.0000  	[16.2, 16.2, 27.1, 16.2]	[left, front, hover, left]	[0.9352, 1.4914, 15.7489, 0.8506]
99   	2673.78     	0.000   	1.0000  	[16.2, 16.2, 27.1, 16.2]	[down, down, hover, hover]	[0.8281, 1.6265, 11.0047, 0.5035]
[2025-12-18T14:46:23]
Strategy: greedy_ig
Pairwise: adaptive
News mode: IG
Num agents: 4
Iteration: 7
Error margin: None
Gaussian radius 5 
Grid info: range: 0-50-50, cell_size:0.125, map shape: (400, 400), center:True
init UAV positions: [(-25.0, -15.0, 5.4), (0.0, 15.0, 5.4), (0.0, -15.0, 5.4), (15.0, 15.0, 5.4)]
mcts_params: {}
Step	Entropy	MSE	Coverage	Heights	Actions	IGs
------------------------------------------------------------------------------------------------------------------------
0    	160000.00   	0.250   	0.0000  	[5.4, 5.4, 5.4, 5.4]	[-, -, -, -]	[-, -, -, -]
1    	158929.81   	0.240   	0.0547  	[5.4, 5.4, 5.4, 5.4]	[up, up, up, up]	[1952.2791, 3904.5582, 3904.5582, 3904.5582]
2    	157681.55   	0.229   	0.2188  	[10.8, 10.8, 10.8, 10.8]	[up, up, up, up]	[2004.9236, 3919.8177, 3925.1020, 3863.8465]
3    	156398.44   	0.219   	0.4641  	[16.2, 16.2, 16.2, 16.2]	[right, up, up, up]	[2117.9683, 3304.0442, 3275.5766, 2726.6139]
4    	154858.22   	0.209   	0.6562  	[16.2, 21.7, 21.7, 21.7]	[right, back, front, left]	[2083.3306, 3027.5091, 2954.3915, 2486.9905]
5    	152998.00   	0.201   	0.7063  	[16.2, 21.7, 21.7, 21.7]	[right, back, front, back]	[2085.6210, 2597.7837, 2518.6971, 2304.2033]
6    	150976.35   	0.194   	0.7211  	[16.2, 21.7, 21.7, 21.7]	[right, up, up, back]	[2093.8273, 2480.7040, 2437.3841, 2103.7637]
7    	148597.94   	0.186   	0.7992  	[16.2, 27.1, 27.1, 21.7]	[up, back, front, back]	[2256.7140, 2358.5032, 2315.1458, 2137.0444]
8    	145823.26   	0.178   	0.8250  	[21.7, 27.1, 27.1, 21.7]	[front, back, front, back]	[2304.0569, 2340.1061, 2323.3124, 2235.5007]
9    	142535.13   	0.170   	0.8477  	[21.7, 27.1, 27.1, 21.7]	[front, back, front, back]	[2255.1073, 2344.7226, 2322.1342, 2478.0490]
10   	138960.78   	0.162   	0.8703  	[21.7, 27.1, 27.1, 21.7]	[front, back, front, back]	[2200.8046, 2350.3683, 2320.7217, 2710.6109]
11   	135030.94   	0.153   	0.8930  	[21.7, 27.1, 27.1, 21.7]	[front, back, front, back]	[2197.7814, 2352.3101, 2310.8657, 2906.3407]
12   	131037.16   	0.144   	0.9156  	[21.7, 27.1, 27.1, 21.7]	[front, back, front, back]	[2205.4883, 2237.1311, 2240.2239, 2933.9067]
13   	127368.07   	0.136   	0.9398  	[21.7, 27.1, 27.1, 21.7]	[front, left, left, back]	[2217.1950, 2083.7884, 2102.8996, 2616.5685]
14   	123553.51   	0.128   	0.9712  	[21.7, 27.1, 27.1, 21.7]	[front, left, left, left]	[2225.7879, 2032.3350, 2067.8198, 2225.1005]
15   	119553.62   	0.120   	0.9861  	[21.7, 27.1, 27.1, 21.7]	[front, left, left, left]	[2263.2994, 2017.4498, 2050.4115, 2045.0889]
16   	115561.11   	0.114   	0.9931  	[21.7, 27.1, 27.1, 21.7]	[front, hover, hover, left]	[2167.9075, 1602.1076, 1662.2559, 2016.0703]
17   	111190.83   	0.108   	0.9931  	[21.7, 27.1, 27.1, 21.7]	[right, hover, hover, left]	[2105.6086, 1261.4597, 1320.4250, 2026.6452]
18   	106650.80   	0.102   	0.9931  	[21.7, 27.1, 27.1, 21.7]	[right, front, back, left]	[2158.4464, 992.0511, 1039.4184, 2058.9710]
19   	101999.31   	0.097   	0.9931  	[21.7, 27.1, 27.1, 21.7]	[right, front, back, left]	[2212.9939, 825.2635, 859.0527, 2102.6600]
20   	97306.26    	0.092   	0.9931  	[21.7, 27.1, 27.1, 21.7]	[right, front, back, left]	[2244.7249, 753.1318, 776.9038, 2137.8588]
21   	92660.05    	0.087   	0.9931  	[21.7, 27.1, 27.1, 21.7]	[right, front, back, left]	[2244.7046, 744.3260, 742.5804, 2056.7409]
22   	87936.61    	0.082   	0.9931  	[21.7, 27.1, 27.1, 21.7]	[right, front, back, front]	[2215.8366, 755.0880, 754.7319, 2032.5425]
23   	83244.16    	0.076   	0.9931  	[21.7, 27.1, 27.1, 21.7]	[right, front, back, front]	[2170.9688, 833.5540, 842.2324, 2013.3015]
24   	78830.44    	0.071   	0.9931  	[21.7, 27.1, 27.1, 21.7]	[right, front, back, front]	[2169.9067, 745.6269, 748.6298, 2039.1511]
25   	74362.89    	0.067   	0.9936  	[21.7, 27.1, 27.1, 21.7]	[back, down, down, front]	[2028.8077, 682.7991, 678.2119, 2084.4149]
26   	69847.42    	0.062   	0.9944  	[21.7, 21.7, 21.7, 21.7]	[back, left, left, front]	[1998.0048, 702.2101, 674.9928, 2112.2515]
27   	65990.78    	0.058   	0.9952  	[21.7, 21.7, 21.7, 21.7]	[back, front, back, front]	[2093.8905, 573.1946, 523.6733, 2137.8640]
28   	62319.92    	0.055   	0.9959  	[21.7, 21.7, 21.7, 21.7]	[back, hover, hover, front]	[2311.1661, 392.2671, 339.0490, 2207.6434]
29   	59064.32    	0.052   	0.9967  	[21.7, 21.7, 21.7, 21.7]	[back, hover, hover, front]	[2586.1960, 262.6243, 201.2220, 2238.9887]
30   	56181.60    	0.049   	0.9975  	[21.7, 21.7, 21.7, 21.7]	[back, hover, hover, front]	[2822.7367, 184.9696, 124.1156, 1748.9524]
31   	53405.42    	0.046   	0.9983  	[21.7, 21.7, 21.7, 21.7]	[back, hover, hover, down]	[2963.9563, 120.9486, 69.8582, 1495.6627]
32   	50754.86    	0.043   	0.9991  	[21.7, 21.7, 21.7, 16.2]	[back, hover, hover, front]	[2908.8422, 83.7920, 38.9702, 1138.4631]
33   	48788.40    	0.041   	0.9998  	[21.7, 21.7, 21.7, 16.2]	[back, hover, right, right]	[2084.2892, 54.4902, 26.9436, 953.2402]
34   	47182.10    	0.039   	1.0000  	[21.7, 21.7, 21.7, 16.2]	[down, right, right, right]	[1475.6013, 37.9297, 27.8814, 861.4948]
35   	45922.97    	0.038   	1.0000  	[16.2, 21.7, 21.7, 16.2]	[up, right, right, right]	[807.1011, 41.4210, 54.1147, 626.7449]
36   	44883.41    	0.037   	1.0000  	[21.7, 21.7, 21.7, 16.2]	[left, right, right, right]	[501.6273, 60.2227, 112.5617, 357.4921]
37   	43778.49    	0.036   	1.0000  	[21.7, 21.7, 21.7, 16.2]	[left, right, right, right]	[328.7124, 128.0805, 403.1127, 183.9377]
38   	42713.73    	0.035   	1.0000  	[21.7, 21.7, 21.7, 16.2]	[front, right, up, right]	[174.4426, 417.2066, 566.8147, 102.9299]
39   	41390.07    	0.033   	1.0000  	[21.7, 21.7, 27.1, 16.2]	[up, right, right, right]	[109.1534, 936.4789, 893.1842, 74.9421]
40   	39878.98    	0.031   	1.0000  	[27.1, 21.7, 27.1, 16.2]	[right, right, right, up]	[115.5317, 1318.2419, 1175.9893, 63.4328]
41   	38346.31    	0.029   	1.0000  	[27.1, 21.7, 27.1, 21.7]	[hover, right, down, right]	[78.1878, 1597.2756, 1006.8884, 62.3995]
42   	36756.23    	0.026   	1.0000  	[27.1, 21.7, 21.7, 21.7]	[front, back, right, right]	[56.5769, 1386.8562, 1237.7238, 114.7169]
43   	35390.54    	0.024   	1.0000  	[27.1, 21.7, 21.7, 21.7]	[front, back, front, back]	[47.0808, 1108.8372, 997.1996, 113.6594]
44   	33983.64    	0.023   	1.0000  	[27.1, 21.7, 21.7, 21.7]	[front, back, front, back]	[51.9609, 997.1310, 879.1072, 121.8346]
45   	32770.75    	0.022   	1.0000  	[27.1, 21.7, 21.7, 21.7]	[front, back, front, back]	[64.5519, 981.0552, 881.1036, 88.6100]
46   	31557.66    	0.021   	1.0000  	[27.1, 21.7, 21.7, 21.7]	[front, back, front, back]	[87.3173, 1093.3764, 974.9143, 83.8129]
47   	30038.89    	0.019   	1.0000  	[27.1, 21.7, 21.7, 21.7]	[front, back, front, back]	[121.9540, 1260.3342, 1124.0420, 99.0630]
48   	27581.59    	0.017   	1.0000  	[27.1, 21.7, 21.7, 21.7]	[front, back, front, back]	[164.7274, 1425.0838, 1291.3965, 130.0752]
49   	24241.04    	0.015   	1.0000  	[27.1, 21.7, 21.7, 21.7]	[hover, back, front, back]	[116.2932, 1523.4917, 1403.6491, 187.1084]
50   	20724.95    	0.012   	1.0000  	[27.1, 21.7, 21.7, 21.7]	[hover, back, front, back]	[81.7198, 1453.1796, 1421.9406, 246.4293]
51   	17557.34    	0.009   	1.0000  	[27.1, 21.7, 21.7, 21.7]	[hover, hover, front, back]	[53.9622, 942.2840, 1358.1443, 316.3005]
52   	15241.60    	0.008   	1.0000  	[27.1, 21.7, 21.7, 21.7]	[hover, hover, hover, back]	[36.6277, 563.2009, 848.8406, 362.5186]
53   	13864.90    	0.007   	1.0000  	[27.1, 21.7, 21.7, 21.7]	[hover, hover, hover, hover]	[24.1451, 309.4034, 489.9785, 213.8566]
54   	13061.47    	0.007   	1.0000  	[27.1, 21.7, 21.7, 21.7]	[left, hover, hover, hover]	[16.9492, 163.3393, 268.0522, 123.4768]
55   	12567.71    	0.006   	1.0000  	[27.1, 21.7, 21.7, 21.7]	[left, left, left, hover]	[26.8455, 95.5686, 138.7999, 68.6982]
56   	12164.03    	0.006   	1.0000  	[27.1, 21.7, 21.7, 21.7]	[left, left, left, hover]	[51.6959, 79.4505, 92.5989, 37.7572]
57   	11764.20    	0.006   	1.0000  	[27.1, 21.7, 21.7, 21.7]	[left, left, left, hover]	[90.0665, 73.9324, 75.6693, 19.0563]
58   	11333.39    	0.006   	1.0000  	[27.1, 21.7, 21.7, 21.7]	[left, left, left, up]	[141.4425, 66.9697, 75.4490, 12.0863]
59   	10854.03    	0.005   	1.0000  	[27.1, 21.7, 21.7, 27.1]	[left, left, left, left]	[210.1688, 68.6643, 76.5446, 12.7160]
60   	10321.22    	0.005   	1.0000  	[27.1, 21.7, 21.7, 27.1]	[hover, left, left, front]	[151.6222, 125.5036, 141.9655, 15.2291]
61   	9681.59     	0.005   	1.0000  	[27.1, 21.7, 21.7, 27.1]	[hover, left, left, left]	[108.1584, 203.2857, 221.1923, 14.0582]
62   	8943.09     	0.004   	1.0000  	[27.1, 21.7, 21.7, 27.1]	[hover, left, left, left]	[73.1336, 306.8948, 331.7131, 16.2983]
63   	8416.28     	0.004   	1.0000  	[27.1, 21.7, 21.7, 27.1]	[hover, hover, hover, left]	[50.4205, 192.5359, 228.1568, 19.6966]
64   	8030.40     	0.004   	1.0000  	[27.1, 21.7, 21.7, 27.1]	[hover, hover, hover, left]	[34.2668, 118.0413, 146.5768, 36.3118]
65   	7692.87     	0.003   	1.0000  	[27.1, 21.7, 21.7, 27.1]	[hover, hover, hover, left]	[23.8542, 70.6651, 93.9457, 65.5200]
66   	7369.74     	0.003   	1.0000  	[27.1, 21.7, 21.7, 27.1]	[hover, hover, hover, left]	[16.0718, 40.5546, 59.7641, 112.0059]
67   	7061.37     	0.003   	1.0000  	[27.1, 21.7, 21.7, 27.1]	[hover, hover, hover, left]	[10.9774, 21.8620, 37.6391, 164.9268]
68   	6800.16     	0.003   	1.0000  	[27.1, 21.7, 21.7, 27.1]	[hover, hover, hover, hover]	[7.3679, 13.5251, 23.8126, 125.5608]
69   	6624.37     	0.003   	1.0000  	[27.1, 21.7, 21.7, 27.1]	[hover, front, hover, hover]	[5.4797, 10.1373, 14.5891, 88.8946]
70   	6494.00     	0.003   	1.0000  	[27.1, 21.7, 21.7, 27.1]	[hover, back, hover, hover]	[3.8624, 7.1406, 9.7163, 63.8255]
71   	6398.08     	0.003   	1.0000  	[27.1, 21.7, 21.7, 27.1]	[hover, front, back, hover]	[2.9119, 6.0851, 7.4655, 44.6607]
72   	6327.40     	0.003   	1.0000  	[27.1, 21.7, 21.7, 27.1]	[back, front, front, front]	[2.5826, 4.8054, 4.1604, 31.3368]
73   	6265.79     	0.002   	1.0000  	[27.1, 21.7, 21.7, 27.1]	[back, front, back, front]	[3.2698, 4.6808, 3.1793, 27.3296]
74   	6179.15     	0.002   	1.0000  	[27.1, 21.7, 21.7, 27.1]	[back, front, back, front]	[4.2374, 6.0088, 2.7919, 35.7905]
75   	6052.75     	0.002   	1.0000  	[27.1, 21.7, 21.7, 27.1]	[back, front, back, front]	[5.9742, 5.4962, 2.4342, 52.2994]
76   	5872.63     	0.002   	1.0000  	[27.1, 21.7, 21.7, 27.1]	[back, front, back, front]	[9.6422, 6.4152, 3.9938, 79.6494]
77   	5587.75     	0.002   	1.0000  	[27.1, 21.7, 21.7, 27.1]	[back, front, back, front]	[18.7117, 7.1516, 4.0948, 124.2639]
78   	5276.40     	0.002   	1.0000  	[27.1, 21.7, 21.7, 27.1]	[back, front, back, front]	[62.1775, 10.8560, 4.1838, 109.3891]
79   	5042.91     	0.002   	1.0000  	[27.1, 21.7, 21.7, 27.1]	[hover, front, back, hover]	[48.5163, 9.2935, 5.1859, 77.0419]
80   	4871.78     	0.002   	1.0000  	[27.1, 21.7, 21.7, 27.1]	[hover, hover, back, hover]	[35.6781, 6.0853, 6.4997, 54.9430]
81   	4739.78     	0.002   	1.0000  	[27.1, 21.7, 21.7, 27.1]	[hover, hover, back, hover]	[26.3589, 3.8544, 5.4820, 38.7264]
82   	4654.04     	0.002   	1.0000  	[27.1, 21.7, 21.7, 27.1]	[hover, hover, hover, hover]	[18.1853, 2.4463, 3.5203, 26.6520]
83   	4594.01     	0.001   	1.0000  	[27.1, 21.7, 21.7, 27.1]	[hover, hover, hover, hover]	[13.2031, 1.6991, 2.4229, 17.9155]
84   	4554.72     	0.001   	1.0000  	[27.1, 21.7, 21.7, 27.1]	[hover, hover, hover, hover]	[9.0226, 1.3291, 1.6568, 12.4080]
85   	4525.15     	0.001   	1.0000  	[27.1, 21.7, 21.7, 27.1]	[hover, hover, front, hover]	[6.1227, 1.0431, 1.2159, 8.7367]
86   	4507.97     	0.001   	1.0000  	[27.1, 21.7, 21.7, 27.1]	[hover, hover, front, hover]	[4.3493, 0.7452, 0.9107, 5.7673]
87   	4497.94     	0.001   	1.0000  	[27.1, 21.7, 21.7, 27.1]	[hover, hover, front, hover]	[3.2359, 0.6324, 0.9061, 4.0099]
88   	4489.82     	0.001   	1.0000  	[27.1, 21.7, 21.7, 27.1]	[right, right, front, hover]	[2.3953, 0.5340, 0.9471, 2.8611]
89   	4481.89     	0.001   	1.0000  	[27.1, 21.7, 21.7, 27.1]	[right, right, front, hover]	[2.6153, 0.7436, 1.1965, 2.2881]
90   	4474.97     	0.001   	1.0000  	[27.1, 21.7, 21.7, 27.1]	[right, right, up, down]	[2.9815, 1.4064, 1.3139, 1.9025]
91   	4467.17     	0.001   	1.0000  	[27.1, 21.7, 27.1, 21.7]	[right, right, right, back]	[2.5476, 2.5296, 1.2885, 1.9136]
92   	4441.50     	0.001   	1.0000  	[27.1, 21.7, 27.1, 21.7]	[right, right, hover, back]	[4.5560, 12.7567, 1.1704, 1.9158]
93   	4325.00     	0.001   	1.0000  	[27.1, 21.7, 27.1, 21.7]	[right, right, hover, back]	[16.3077, 58.7276, 1.0768, 2.5030]
94   	4102.18     	0.001   	1.0000  	[27.1, 21.7, 27.1, 21.7]	[hover, right, hover, back]	[10.6494, 125.8793, 0.9060, 2.8829]
95   	3753.45     	0.001   	1.0000  	[27.1, 21.7, 27.1, 21.7]	[hover, right, hover, left]	[7.4626, 225.0592, 0.7725, 4.1175]
96   	3544.47     	0.001   	1.0000  	[27.1, 21.7, 27.1, 21.7]	[hover, back, hover, back]	[5.4667, 123.8324, 0.8271, 4.2581]
97   	3435.56     	0.001   	1.0000  	[27.1, 21.7, 27.1, 21.7]	[hover, front, hover, back]	[3.8791, 68.5598, 0.7576, 5.3960]
98   	3359.80     	0.001   	1.0000  	[27.1, 21.7, 27.1, 21.7]	[hover, back, hover, back]	[3.1324, 35.4664, 0.8284, 12.1919]
99   	3285.10     	0.001   	1.0000  	[27.1, 21.7, 27.1, 21.7]	[hover, front, hover, back]	[2.2097, 21.5383, 0.7673, 30.5490]
[2025-12-18T14:46:35]
Strategy: greedy_ig
Pairwise: adaptive
News mode: IG
Num agents: 4
Iteration: 8
Error margin: None
Gaussian radius 5 
Grid info: range: 0-50-50, cell_size:0.125, map shape: (400, 400), center:True
init UAV positions: [(-5.0, -5.0, 5.4), (-5.0, 25.0, 5.4), (20.0, -10.0, 5.4), (5.0, 25.0, 5.4)]
mcts_params: {}
Step	Entropy	MSE	Coverage	Heights	Actions	IGs
------------------------------------------------------------------------------------------------------------------------
0    	160000.00   	0.250   	0.0000  	[5.4, 5.4, 5.4, 5.4]	[-, -, -, -]	[-, -, -, -]
1    	159220.16   	0.243   	0.0469  	[5.4, 5.4, 5.4, 5.4]	[up, up, up, up]	[3904.5582, 1952.2791, 3514.1024, 1952.2791]
2    	158398.84   	0.236   	0.1750  	[10.8, 10.8, 10.8, 10.8]	[up, up, up, up]	[3915.8045, 2144.3624, 3064.4020, 2225.9712]
3    	157377.11   	0.227   	0.3563  	[16.2, 16.2, 16.2, 16.2]	[up, back, left, back]	[3890.0926, 2510.9424, 2946.8112, 2493.2934]
4    	156152.55   	0.218   	0.5250  	[21.7, 16.2, 16.2, 16.2]	[up, back, up, back]	[3348.4608, 2675.2836, 2891.6118, 2399.3499]
5    	154491.82   	0.208   	0.7063  	[27.1, 16.2, 21.7, 16.2]	[right, up, left, up]	[2871.0399, 2728.3967, 2823.0875, 2399.8880]
6    	152301.38   	0.199   	0.7594  	[27.1, 21.7, 21.7, 21.7]	[right, back, left, back]	[2564.8343, 2837.8513, 2635.9511, 2445.4307]
7    	149510.66   	0.190   	0.7672  	[27.1, 21.7, 21.7, 21.7]	[right, back, left, back]	[2452.9869, 2794.2951, 2459.0124, 2450.3876]
8    	146162.52   	0.181   	0.7778  	[27.1, 21.7, 21.7, 21.7]	[right, back, left, back]	[2394.9524, 2577.5986, 2364.1629, 2311.8264]
9    	142431.32   	0.173   	0.7903  	[27.1, 21.7, 21.7, 21.7]	[front, back, left, up]	[2202.2764, 2438.1143, 2275.0185, 2309.7835]
10   	138458.06   	0.164   	0.8137  	[27.1, 21.7, 21.7, 27.1]	[front, up, left, back]	[2120.8508, 2342.3879, 2241.8282, 2300.7948]
11   	133782.92   	0.155   	0.8333  	[27.1, 27.1, 21.7, 27.1]	[front, back, left, back]	[2130.9935, 2320.6263, 2220.2382, 2305.8841]
12   	129145.87   	0.146   	0.8387  	[27.1, 27.1, 21.7, 27.1]	[front, back, left, back]	[2142.9510, 2297.0862, 2196.9285, 2295.7371]
13   	124319.09   	0.138   	0.8442  	[27.1, 27.1, 21.7, 27.1]	[front, back, left, back]	[1977.1245, 2296.5541, 2222.9137, 2326.3299]
14   	118804.61   	0.129   	0.8773  	[27.1, 27.1, 21.7, 27.1]	[down, back, front, back]	[1821.2422, 2288.9315, 2065.8371, 2355.4865]
15   	113832.39   	0.122   	0.8812  	[21.7, 27.1, 21.7, 27.1]	[front, back, front, back]	[1490.8079, 2255.1170, 2026.3253, 2324.7801]
16   	109643.63   	0.115   	0.9264  	[21.7, 27.1, 21.7, 27.1]	[right, left, front, right]	[1104.3150, 2106.1877, 2057.3531, 2161.3737]
17   	106094.37   	0.109   	0.9375  	[21.7, 27.1, 21.7, 27.1]	[right, left, front, right]	[998.0783, 1773.2147, 2115.6887, 1784.6690]
18   	103013.53   	0.104   	0.9742  	[21.7, 27.1, 21.7, 27.1]	[hover, down, front, down]	[627.0767, 1512.3034, 2147.5078, 1505.9199]
19   	100490.39   	0.100   	0.9781  	[21.7, 21.7, 21.7, 21.7]	[back, back, front, back]	[388.5678, 1399.7809, 2188.4208, 1416.2993]
20   	98598.77    	0.096   	0.9820  	[21.7, 21.7, 21.7, 21.7]	[back, left, front, right]	[318.9592, 1058.0484, 2287.3738, 1030.7955]
21   	96658.04    	0.093   	0.9891  	[21.7, 21.7, 21.7, 21.7]	[back, hover, right, hover]	[343.0942, 668.7184, 2094.8842, 639.3006]
22   	94532.52    	0.091   	0.9891  	[21.7, 21.7, 21.7, 21.7]	[back, hover, right, hover]	[416.1589, 402.4850, 2002.7403, 367.7323]
23   	92505.10    	0.088   	0.9891  	[21.7, 21.7, 21.7, 21.7]	[back, front, right, front]	[569.8379, 258.6170, 1939.5229, 235.0685]
24   	90305.12    	0.086   	0.9891  	[21.7, 21.7, 21.7, 21.7]	[back, front, right, front]	[771.5906, 252.6059, 1963.1535, 243.4155]
25   	88000.78    	0.083   	0.9891  	[21.7, 21.7, 21.7, 21.7]	[back, front, right, front]	[1005.2519, 311.3047, 1965.4367, 324.5668]
26   	85595.91    	0.080   	0.9906  	[21.7, 21.7, 21.7, 21.7]	[back, front, right, front]	[1399.0128, 369.0352, 1977.9834, 430.1783]
27   	83499.87    	0.076   	0.9922  	[21.7, 21.7, 21.7, 21.7]	[back, front, right, front]	[1254.0519, 443.4599, 1957.5949, 527.6409]
28   	81670.26    	0.073   	0.9938  	[21.7, 21.7, 21.7, 21.7]	[left, front, right, front]	[899.0918, 499.5196, 1692.7003, 598.5848]
29   	80132.74    	0.070   	0.9953  	[21.7, 21.7, 21.7, 21.7]	[left, front, front, front]	[655.6868, 570.5591, 1188.8753, 631.7941]
30   	78844.33    	0.068   	0.9969  	[21.7, 21.7, 21.7, 21.7]	[left, front, hover, front]	[535.4888, 673.8529, 738.0135, 647.4228]
31   	77858.66    	0.067   	1.0000  	[21.7, 21.7, 21.7, 21.7]	[left, hover, hover, hover]	[521.3224, 491.8198, 424.3479, 413.3062]
32   	77115.42    	0.065   	1.0000  	[21.7, 21.7, 21.7, 21.7]	[left, hover, hover, hover]	[576.3760, 351.2567, 221.2816, 248.5871]
33   	76460.20    	0.064   	1.0000  	[21.7, 21.7, 21.7, 21.7]	[left, hover, back, hover]	[775.9144, 228.9069, 120.5282, 135.9531]
34   	75795.62    	0.063   	1.0000  	[21.7, 21.7, 21.7, 21.7]	[left, hover, back, hover]	[1119.9480, 150.3335, 79.1859, 67.9673]
35   	75079.28    	0.062   	1.0000  	[21.7, 21.7, 21.7, 21.7]	[left, hover, back, hover]	[1462.3761, 93.8096, 50.3581, 33.0475]
36   	74475.58    	0.061   	1.0000  	[21.7, 21.7, 21.7, 21.7]	[left, right, back, left]	[1330.0494, 56.1847, 38.3876, 17.8945]
37   	73948.45    	0.060   	1.0000  	[21.7, 21.7, 21.7, 21.7]	[front, left, back, left]	[1147.5893, 36.7795, 39.5750, 13.8279]
38   	73319.81    	0.059   	1.0000  	[21.7, 21.7, 21.7, 21.7]	[front, right, back, left]	[975.2332, 24.2698, 43.1738, 49.9002]
39   	72469.23    	0.058   	1.0000  	[21.7, 21.7, 21.7, 21.7]	[front, right, back, left]	[883.2717, 22.8536, 61.2597, 361.7170]
40   	71112.25    	0.056   	1.0000  	[21.7, 21.7, 21.7, 21.7]	[front, right, back, left]	[933.8248, 74.5963, 142.1643, 972.1113]
41   	68657.39    	0.053   	1.0000  	[21.7, 21.7, 21.7, 21.7]	[front, right, back, left]	[1134.6277, 451.3461, 648.3383, 1443.6724]
42   	65294.30    	0.050   	1.0000  	[21.7, 21.7, 21.7, 21.7]	[front, right, left, left]	[1315.8748, 1044.1777, 505.6603, 1811.8718]
43   	61034.24    	0.045   	1.0000  	[21.7, 21.7, 21.7, 21.7]	[front, right, left, left]	[1477.9015, 1492.5970, 392.6889, 2099.5289]
44   	56221.99    	0.041   	1.0000  	[21.7, 21.7, 21.7, 21.7]	[front, right, left, left]	[1637.5608, 1809.9608, 308.7095, 2003.8546]
45   	51041.26    	0.036   	1.0000  	[21.7, 21.7, 21.7, 21.7]	[front, right, left, back]	[1541.2269, 2002.1126, 274.9968, 1740.3790]
46   	46248.25    	0.032   	1.0000  	[21.7, 21.7, 21.7, 21.7]	[down, right, left, back]	[1255.6281, 1813.8496, 270.9520, 1534.3678]
47   	42060.80    	0.029   	1.0000  	[16.2, 21.7, 21.7, 21.7]	[front, back, left, back]	[1183.6692, 1475.0887, 317.2212, 1448.9592]
48   	38496.13    	0.026   	1.0000  	[16.2, 21.7, 21.7, 21.7]	[left, back, left, back]	[832.9995, 1335.7041, 393.9809, 1414.8006]
49   	35337.16    	0.024   	1.0000  	[16.2, 21.7, 21.7, 21.7]	[right, back, left, back]	[515.4754, 1364.6669, 513.2253, 1450.0819]
50   	32105.71    	0.021   	1.0000  	[16.2, 21.7, 21.7, 21.7]	[left, back, left, back]	[359.4251, 1518.0967, 630.8229, 1505.5050]
51   	28872.19    	0.018   	1.0000  	[16.2, 21.7, 21.7, 21.7]	[right, back, hover, back]	[221.0173, 1726.6479, 443.2615, 1584.4867]
52   	25202.06    	0.015   	1.0000  	[16.2, 21.7, 21.7, 21.7]	[right, back, hover, back]	[185.2570, 1933.9727, 298.7688, 1699.7201]
53   	21430.18    	0.013   	1.0000  	[16.2, 21.7, 21.7, 21.7]	[right, back, hover, hover]	[212.6648, 2049.6662, 192.0779, 1182.2220]
54   	17715.42    	0.010   	1.0000  	[16.2, 21.7, 21.7, 21.7]	[right, back, front, right]	[143.1081, 2058.3910, 126.8255, 793.2030]
55   	15154.25    	0.008   	1.0000  	[16.2, 21.7, 21.7, 21.7]	[right, hover, front, left]	[86.1938, 1348.5517, 115.4123, 501.1259]
56   	13497.93    	0.007   	1.0000  	[16.2, 21.7, 21.7, 21.7]	[right, hover, front, right]	[51.4668, 816.0444, 119.4972, 298.5399]
57   	12349.95    	0.006   	1.0000  	[16.2, 21.7, 21.7, 21.7]	[right, left, front, left]	[31.3080, 500.6741, 138.1446, 183.5651]
58   	11609.11    	0.006   	1.0000  	[16.2, 21.7, 21.7, 21.7]	[right, right, front, hover]	[25.9363, 271.3499, 168.1203, 106.2572]
59   	10986.38    	0.006   	1.0000  	[16.2, 21.7, 21.7, 21.7]	[right, left, front, right]	[22.8899, 156.0424, 228.5057, 70.3249]
60   	10413.09    	0.005   	1.0000  	[16.2, 21.7, 21.7, 21.7]	[right, right, front, right]	[52.0856, 86.8743, 320.7126, 39.6318]
61   	9794.71     	0.005   	1.0000  	[16.2, 21.7, 21.7, 21.7]	[right, left, front, right]	[123.2321, 55.7930, 439.9626, 25.1489]
62   	9310.38     	0.004   	1.0000  	[16.2, 21.7, 21.7, 21.7]	[hover, up, front, right]	[43.0367, 38.6354, 437.6031, 21.7467]
63   	8953.39     	0.004   	1.0000  	[16.2, 27.1, 21.7, 21.7]	[back, front, hover, right]	[17.4272, 36.3502, 313.4258, 20.2736]
64   	8673.57     	0.004   	1.0000  	[16.2, 27.1, 21.7, 21.7]	[back, front, hover, right]	[9.7417, 35.8106, 219.7537, 18.8037]
65   	8446.88     	0.004   	1.0000  	[16.2, 27.1, 21.7, 21.7]	[back, front, hover, right]	[12.3933, 43.4983, 153.0316, 19.6083]
66   	8225.52     	0.004   	1.0000  	[16.2, 27.1, 21.7, 21.7]	[back, front, right, right]	[11.7205, 57.2273, 108.9430, 30.9151]
67   	7970.76     	0.003   	1.0000  	[16.2, 27.1, 21.7, 21.7]	[back, front, left, right]	[19.2426, 77.5013, 79.7692, 48.3719]
68   	7686.40     	0.003   	1.0000  	[16.2, 27.1, 21.7, 21.7]	[back, front, right, hover]	[34.0354, 104.4526, 56.3631, 27.2807]
69   	7315.54     	0.003   	1.0000  	[16.2, 27.1, 21.7, 21.7]	[back, front, left, hover]	[53.3616, 158.9106, 42.9975, 16.5600]
70   	7045.47     	0.003   	1.0000  	[16.2, 27.1, 21.7, 21.7]	[back, hover, right, hover]	[81.3465, 111.6074, 31.2129, 9.0806]
71   	6743.89     	0.003   	1.0000  	[16.2, 27.1, 21.7, 21.7]	[back, hover, left, hover]	[134.1469, 82.6358, 23.3823, 5.6434]
72   	6371.42     	0.003   	1.0000  	[16.2, 27.1, 21.7, 21.7]	[back, hover, right, down]	[226.9019, 57.8401, 17.4868, 4.3968]
73   	6090.55     	0.002   	1.0000  	[16.2, 27.1, 21.7, 16.2]	[back, hover, right, right]	[198.5344, 39.3604, 14.7203, 5.1081]
74   	5950.98     	0.002   	1.0000  	[16.2, 27.1, 21.7, 16.2]	[hover, hover, right, back]	[82.2654, 27.2351, 13.4413, 3.6493]
75   	5873.74     	0.002   	1.0000  	[16.2, 27.1, 21.7, 16.2]	[hover, hover, right, hover]	[33.2079, 18.2570, 10.9658, 3.0272]
76   	5823.07     	0.002   	1.0000  	[16.2, 27.1, 21.7, 16.2]	[hover, hover, right, down]	[13.3767, 12.5963, 8.4939, 2.2618]
77   	5789.07     	0.002   	1.0000  	[16.2, 27.1, 21.7, 10.8]	[left, hover, right, right]	[7.1845, 8.1429, 9.0040, 2.6260]
78   	5758.56     	0.002   	1.0000  	[16.2, 27.1, 21.7, 10.8]	[left, hover, right, back]	[5.1769, 5.7691, 10.1573, 1.5919]
79   	5727.54     	0.002   	1.0000  	[16.2, 27.1, 21.7, 10.8]	[left, hover, right, hover]	[6.0098, 4.0414, 14.3498, 1.3117]
80   	5695.70     	0.002   	1.0000  	[16.2, 27.1, 21.7, 10.8]	[left, hover, right, hover]	[4.9868, 2.7541, 14.4664, 0.8316]
81   	5678.61     	0.002   	1.0000  	[16.2, 27.1, 21.7, 10.8]	[left, hover, hover, left]	[8.0592, 2.0740, 6.2615, 0.5465]
82   	5655.71     	0.002   	1.0000  	[16.2, 27.1, 21.7, 10.8]	[left, hover, hover, left]	[15.5373, 1.6911, 3.6211, 0.7266]
83   	5629.23     	0.002   	1.0000  	[16.2, 27.1, 21.7, 10.8]	[left, down, left, left]	[25.2217, 1.6377, 2.2077, 1.2379]
84   	5571.60     	0.002   	1.0000  	[16.2, 21.7, 21.7, 10.8]	[left, front, back, left]	[63.3426, 1.8410, 1.6978, 2.2825]
85   	5507.71     	0.002   	1.0000  	[16.2, 21.7, 21.7, 10.8]	[left, right, right, left]	[128.0055, 1.7220, 2.1082, 3.4261]
86   	5358.38     	0.002   	1.0000  	[16.2, 21.7, 21.7, 10.8]	[left, down, back, front]	[268.7528, 1.1911, 2.0227, 1.8908]
87   	5142.13     	0.002   	1.0000  	[16.2, 16.2, 21.7, 10.8]	[left, right, back, left]	[296.6866, 1.5098, 1.7109, 1.8398]
88   	5009.82     	0.002   	1.0000  	[16.2, 16.2, 21.7, 10.8]	[hover, front, back, front]	[179.0812, 1.6707, 1.4453, 1.0512]
89   	4932.12     	0.002   	1.0000  	[16.2, 16.2, 21.7, 10.8]	[hover, down, hover, front]	[103.9161, 1.2263, 1.3345, 1.5300]
90   	4887.29     	0.002   	1.0000  	[16.2, 10.8, 21.7, 10.8]	[hover, right, hover, front]	[59.6864, 0.9869, 1.1276, 1.2341]
91   	4851.51     	0.002   	1.0000  	[16.2, 10.8, 21.7, 10.8]	[front, front, up, up]	[35.1861, 0.6277, 0.9654, 0.8789]
92   	4836.65     	0.002   	1.0000  	[16.2, 10.8, 27.1, 16.2]	[back, hover, back, left]	[19.9031, 0.5339, 1.7747, 0.9916]
93   	4824.39     	0.002   	1.0000  	[16.2, 10.8, 27.1, 16.2]	[hover, hover, back, left]	[11.3953, 0.5250, 3.7319, 1.6533]
94   	4792.35     	0.002   	1.0000  	[16.2, 10.8, 27.1, 16.2]	[front, hover, back, left]	[7.4277, 0.2963, 15.1401, 3.0277]
95   	4668.84     	0.002   	1.0000  	[16.2, 10.8, 27.1, 16.2]	[front, hover, back, up]	[7.4406, 0.0600, 82.1856, 5.5373]
96   	4540.50     	0.001   	1.0000  	[16.2, 10.8, 27.1, 21.7]	[front, back, left, up]	[10.6381, 0.0108, 64.7497, 9.7229]
97   	4409.62     	0.001   	1.0000  	[16.2, 10.8, 27.1, 27.1]	[front, right, hover, up]	[12.7456, 0.0125, 48.4646, 16.9707]
98   	4284.93     	0.001   	1.0000  	[16.2, 10.8, 27.1, 32.5]	[front, back, hover, front]	[15.1122, 0.0073, 35.0225, 20.2835]
99   	4152.84     	0.001   	1.0000  	[16.2, 10.8, 27.1, 32.5]	[front, back, hover, front]	[8.3992, 0.0013, 25.1139, 32.5573]
[2025-12-18T14:46:46]
Strategy: greedy_ig
Pairwise: adaptive
News mode: IG
Num agents: 4
Iteration: 9
Error margin: None
Gaussian radius 5 
Grid info: range: 0-50-50, cell_size:0.125, map shape: (400, 400), center:True
init UAV positions: [(-15.0, 0.0, 5.4), (0.0, 5.0, 5.4), (10.0, -20.0, 5.4), (5.0, 5.0, 5.4)]
mcts_params: {}
Step	Entropy	MSE	Coverage	Heights	Actions	IGs
------------------------------------------------------------------------------------------------------------------------
0    	160000.00   	0.250   	0.0000  	[5.4, 5.4, 5.4, 5.4]	[-, -, -, -]	[-, -, -, -]
1    	158584.06   	0.239   	0.0594  	[5.4, 5.4, 5.4, 5.4]	[up, up, up, up]	[3904.5582, 3904.5582, 3514.1024, 3904.5582]
2    	156792.17   	0.227   	0.2062  	[10.8, 10.8, 10.8, 10.8]	[up, up, up, up]	[3898.5475, 3896.5049, 2781.4308, 4104.4644]
3    	154650.71   	0.215   	0.4059  	[16.2, 16.2, 16.2, 16.2]	[up, up, up, up]	[3267.4466, 3830.9883, 2470.8744, 4044.5192]
4    	152073.53   	0.203   	0.6200  	[21.7, 21.7, 21.7, 21.7]	[right, up, front, up]	[2963.4646, 3311.7899, 2495.5032, 3426.5935]
5    	148997.18   	0.193   	0.7052  	[21.7, 27.1, 21.7, 27.1]	[right, right, front, front]	[2536.1406, 2817.0591, 2439.3670, 2911.8988]
6    	145618.29   	0.183   	0.7466  	[21.7, 27.1, 21.7, 27.1]	[up, right, front, left]	[2463.7531, 2524.8117, 2337.6458, 2494.7986]
7    	141964.84   	0.175   	0.8005  	[27.1, 27.1, 21.7, 27.1]	[right, right, front, left]	[2356.5963, 2406.9539, 2302.3980, 2278.0590]
8    	138289.97   	0.167   	0.8428  	[27.1, 27.1, 21.7, 27.1]	[right, front, front, left]	[2325.9217, 2190.7103, 2373.1729, 2201.2974]
9    	134465.39   	0.159   	0.8584  	[27.1, 27.1, 21.7, 27.1]	[right, front, front, left]	[2315.4279, 1802.9819, 2568.6228, 2200.8337]
10   	130442.70   	0.152   	0.8842  	[27.1, 27.1, 21.7, 27.1]	[right, down, front, left]	[2334.3062, 1499.8613, 2721.0994, 2027.9818]
11   	126130.52   	0.145   	0.8911  	[27.1, 21.7, 21.7, 27.1]	[right, right, front, down]	[2335.3015, 1288.1824, 2848.6264, 1928.4215]
12   	122014.99   	0.138   	0.8911  	[27.1, 21.7, 21.7, 21.7]	[right, front, front, left]	[2298.2965, 973.3684, 2766.6439, 1649.7987]
13   	118411.29   	0.132   	0.8961  	[27.1, 21.7, 21.7, 21.7]	[back, hover, front, front]	[2193.0831, 577.2055, 2591.3548, 1277.1127]
14   	115150.93   	0.127   	0.9031  	[27.1, 21.7, 21.7, 21.7]	[back, left, left, front]	[2171.3878, 314.2044, 2201.0977, 1004.5056]
15   	112244.32   	0.122   	0.9195  	[27.1, 21.7, 21.7, 21.7]	[back, left, left, hover]	[2139.5112, 285.5486, 2046.3352, 693.9424]
16   	109585.11   	0.119   	0.9266  	[27.1, 21.7, 21.7, 21.7]	[down, left, left, hover]	[1744.3687, 410.9894, 2024.0757, 471.9428]
17   	106941.78   	0.115   	0.9266  	[21.7, 21.7, 21.7, 21.7]	[back, left, left, right]	[1731.7061, 671.0172, 2074.4485, 320.5041]
18   	104431.02   	0.111   	0.9266  	[21.7, 21.7, 21.7, 21.7]	[right, left, left, right]	[1338.0050, 1053.3929, 2152.5072, 266.2079]
19   	101961.46   	0.107   	0.9266  	[21.7, 21.7, 21.7, 21.7]	[hover, left, left, right]	[826.2720, 1408.0280, 2247.7235, 259.1806]
20   	99534.34    	0.103   	0.9266  	[21.7, 21.7, 21.7, 21.7]	[hover, left, left, right]	[490.7334, 1706.9425, 2334.0462, 301.7772]
21   	96797.93    	0.100   	0.9266  	[21.7, 21.7, 21.7, 21.7]	[left, left, back, right]	[315.8798, 1969.2816, 2107.2626, 370.9130]
22   	93591.35    	0.096   	0.9266  	[21.7, 21.7, 21.7, 21.7]	[left, back, back, right]	[382.2465, 1795.8845, 1975.3632, 544.6570]
23   	90394.80    	0.091   	0.9266  	[21.7, 21.7, 21.7, 21.7]	[left, back, back, right]	[527.5198, 1536.0258, 1890.9037, 863.6185]
24   	87315.27    	0.087   	0.9383  	[21.7, 21.7, 21.7, 21.7]	[left, back, back, right]	[663.9220, 1439.6821, 1870.4501, 1231.0531]
25   	84678.81    	0.082   	0.9500  	[21.7, 21.7, 21.7, 21.7]	[left, back, back, right]	[791.3637, 1475.8038, 1911.8753, 1096.9820]
26   	82176.77    	0.078   	0.9664  	[21.7, 21.7, 21.7, 21.7]	[left, back, back, back]	[887.9876, 1679.8204, 1961.5247, 919.1175]
27   	79800.06    	0.073   	0.9847  	[21.7, 21.7, 21.7, 21.7]	[left, back, back, back]	[983.4970, 1835.2792, 2011.2270, 782.3417]
28   	77454.71    	0.068   	0.9956  	[21.7, 21.7, 21.7, 21.7]	[left, back, back, back]	[1101.7858, 1991.9467, 1771.0464, 757.9066]
29   	75318.30    	0.065   	0.9988  	[21.7, 21.7, 21.7, 21.7]	[left, back, left, back]	[875.3915, 2104.5759, 1331.7900, 1126.2582]
30   	73217.12    	0.061   	1.0000  	[21.7, 21.7, 21.7, 21.7]	[hover, back, hover, back]	[608.3905, 1907.8617, 900.4583, 1584.2665]
31   	71159.25    	0.058   	1.0000  	[21.7, 21.7, 21.7, 21.7]	[hover, right, hover, back]	[394.0585, 1628.1960, 560.1881, 1983.0660]
32   	68744.03    	0.055   	1.0000  	[21.7, 21.7, 21.7, 21.7]	[hover, right, hover, back]	[236.3369, 1497.9317, 335.2110, 2296.0980]
33   	65999.80    	0.051   	1.0000  	[21.7, 21.7, 21.7, 21.7]	[hover, right, hover, back]	[140.9171, 1437.8971, 190.3280, 2426.0316]
34   	63137.31    	0.048   	1.0000  	[21.7, 21.7, 21.7, 21.7]	[front, right, hover, back]	[90.4861, 1422.6136, 110.1683, 2087.0374]
35   	59944.33    	0.045   	1.0000  	[21.7, 21.7, 21.7, 21.7]	[front, right, right, left]	[70.4429, 1445.9833, 68.0732, 1788.8777]
36   	56413.98    	0.042   	1.0000  	[21.7, 21.7, 21.7, 21.7]	[front, right, right, left]	[77.1682, 1491.1203, 66.6218, 1539.7884]
37   	52751.98    	0.039   	1.0000  	[21.7, 21.7, 21.7, 21.7]	[front, right, right, left]	[129.0275, 1537.6605, 52.9873, 1456.1285]
38   	48826.04    	0.036   	1.0000  	[21.7, 21.7, 21.7, 21.7]	[front, right, right, left]	[420.8590, 1648.4254, 44.4090, 1444.6249]
39   	45103.51    	0.033   	1.0000  	[21.7, 21.7, 21.7, 21.7]	[front, hover, right, left]	[937.2316, 1069.7646, 39.9296, 1518.3067]
40   	41434.59    	0.030   	1.0000  	[21.7, 21.7, 21.7, 21.7]	[front, front, right, left]	[1339.6178, 680.4962, 35.3131, 1592.7625]
41   	37795.95    	0.027   	1.0000  	[21.7, 21.7, 21.7, 21.7]	[front, back, right, left]	[1659.6135, 427.1370, 51.6620, 1668.0709]
42   	34438.84    	0.024   	1.0000  	[21.7, 21.7, 21.7, 21.7]	[right, hover, right, left]	[1487.8996, 232.9212, 98.9741, 1759.8237]
43   	30915.56    	0.021   	1.0000  	[21.7, 21.7, 21.7, 21.7]	[right, front, right, left]	[1273.8107, 136.2424, 611.6052, 1601.9520]
44   	28214.98    	0.019   	1.0000  	[21.7, 21.7, 21.7, 21.7]	[right, front, front, down]	[1129.8752, 78.6498, 491.5701, 1153.8708]
45   	25700.70    	0.017   	1.0000  	[21.7, 21.7, 21.7, 16.2]	[right, back, front, left]	[1075.2670, 53.9268, 397.9747, 984.1247]
46   	23824.60    	0.016   	1.0000  	[21.7, 21.7, 21.7, 16.2]	[right, back, front, back]	[1053.7821, 44.5522, 348.9778, 610.1196]
47   	22036.81    	0.014   	1.0000  	[21.7, 21.7, 21.7, 16.2]	[right, hover, front, hover]	[1097.4894, 22.8725, 354.1128, 353.7811]
48   	20330.07    	0.013   	1.0000  	[21.7, 21.7, 21.7, 16.2]	[right, front, front, front]	[1143.9658, 13.3637, 396.5246, 193.0200]
49   	18394.92    	0.012   	1.0000  	[21.7, 21.7, 21.7, 16.2]	[right, front, front, front]	[1233.2735, 15.6468, 452.5720, 152.5719]
50   	16528.19    	0.010   	1.0000  	[21.7, 21.7, 21.7, 16.2]	[right, front, front, front]	[1237.2646, 20.6479, 485.8321, 191.5848]
51   	15006.99    	0.009   	1.0000  	[21.7, 21.7, 21.7, 16.2]	[hover, front, front, front]	[787.6934, 24.4403, 564.4798, 92.4785]
52   	13738.25    	0.008   	1.0000  	[21.7, 21.7, 21.7, 16.2]	[hover, front, front, front]	[474.4937, 32.6128, 632.4383, 54.4873]
53   	12862.38    	0.007   	1.0000  	[21.7, 21.7, 21.7, 16.2]	[hover, front, hover, front]	[258.3387, 42.2482, 412.6787, 48.7368]
54   	12257.39    	0.007   	1.0000  	[21.7, 21.7, 21.7, 16.2]	[hover, front, hover, front]	[133.6073, 39.5731, 259.5218, 39.3219]
55   	11896.37    	0.007   	1.0000  	[21.7, 21.7, 21.7, 16.2]	[hover, front, left, front]	[62.6431, 44.2986, 145.6736, 38.3128]
56   	11616.52    	0.006   	1.0000  	[21.7, 21.7, 21.7, 16.2]	[back, front, left, front]	[32.6433, 53.7257, 117.6346, 36.3208]
57   	11395.70    	0.006   	1.0000  	[21.7, 21.7, 21.7, 16.2]	[back, hover, left, front]	[20.2276, 28.3041, 117.7656, 62.5307]
58   	11177.13    	0.006   	1.0000  	[21.7, 21.7, 21.7, 16.2]	[back, hover, left, front]	[18.1583, 14.0009, 136.8350, 89.2491]
59   	10958.01    	0.006   	1.0000  	[21.7, 21.7, 21.7, 16.2]	[back, hover, left, hover]	[19.6247, 8.4010, 170.2303, 49.1106]
60   	10725.66    	0.006   	1.0000  	[21.7, 21.7, 21.7, 16.2]	[back, hover, left, hover]	[26.2513, 4.7228, 225.9209, 29.0516]
61   	10420.00    	0.005   	1.0000  	[21.7, 21.7, 21.7, 16.2]	[back, hover, left, hover]	[40.7460, 3.1541, 320.9138, 19.0845]
62   	10027.19    	0.005   	1.0000  	[21.7, 21.7, 21.7, 16.2]	[back, hover, left, hover]	[48.7137, 2.0895, 459.0551, 12.2150]
63   	9634.38     	0.005   	1.0000  	[21.7, 21.7, 21.7, 16.2]	[back, down, left, hover]	[62.4810, 1.8642, 462.2289, 6.6685]
64   	9350.15     	0.004   	1.0000  	[21.7, 16.2, 21.7, 16.2]	[hover, front, hover, hover]	[33.1149, 1.3789, 333.0525, 4.8469]
65   	9161.88     	0.004   	1.0000  	[21.7, 16.2, 21.7, 16.2]	[hover, right, hover, hover]	[17.6085, 0.9168, 234.7711, 2.3101]
66   	9022.43     	0.004   	1.0000  	[21.7, 16.2, 21.7, 16.2]	[hover, left, hover, right]	[10.3022, 0.5435, 165.4074, 1.6201]
67   	8917.99     	0.004   	1.0000  	[21.7, 16.2, 21.7, 16.2]	[hover, left, back, right]	[5.8594, 0.5551, 114.6430, 2.8516]
68   	8846.41     	0.004   	1.0000  	[21.7, 16.2, 21.7, 16.2]	[left, left, front, right]	[4.2551, 1.2525, 81.2864, 3.7738]
69   	8781.47     	0.004   	1.0000  	[21.7, 16.2, 21.7, 16.2]	[right, left, back, right]	[3.6994, 4.7646, 56.3536, 4.1357]
70   	8726.93     	0.004   	1.0000  	[21.7, 16.2, 21.7, 16.2]	[left, left, front, right]	[3.2961, 16.5955, 36.5085, 4.5043]
71   	8652.56     	0.004   	1.0000  	[21.7, 16.2, 21.7, 16.2]	[left, left, back, right]	[2.7408, 37.5368, 27.3551, 6.7704]
72   	8559.15     	0.004   	1.0000  	[21.7, 16.2, 21.7, 16.2]	[down, left, back, right]	[2.6904, 83.4715, 18.5349, 7.8430]
73   	8444.75     	0.004   	1.0000  	[16.2, 16.2, 21.7, 16.2]	[left, left, front, right]	[1.9271, 172.0899, 11.8087, 26.8757]
74   	8238.38     	0.004   	1.0000  	[16.2, 16.2, 21.7, 16.2]	[down, left, front, right]	[1.7183, 335.7554, 11.6029, 66.1641]
75   	7677.48     	0.003   	1.0000  	[10.8, 16.2, 21.7, 16.2]	[front, left, hover, right]	[1.1872, 531.6265, 7.6396, 190.3728]
76   	7261.03     	0.003   	1.0000  	[10.8, 16.2, 21.7, 16.2]	[up, hover, back, right]	[0.8115, 337.7276, 5.1200, 188.0272]
77   	7013.93     	0.003   	1.0000  	[16.2, 16.2, 21.7, 16.2]	[front, hover, up, back]	[0.9489, 226.3545, 4.9082, 83.4729]
78   	6898.70     	0.003   	1.0000  	[16.2, 16.2, 27.1, 16.2]	[up, hover, right, front]	[0.9499, 141.6790, 4.1214, 40.4537]
79   	6809.60     	0.003   	1.0000  	[21.7, 16.2, 27.1, 16.2]	[left, hover, hover, hover]	[1.0790, 100.7746, 2.8670, 16.6337]
80   	6755.39     	0.003   	1.0000  	[21.7, 16.2, 27.1, 16.2]	[left, hover, hover, back]	[1.2995, 64.1297, 2.0110, 9.4870]
81   	6695.85     	0.003   	1.0000  	[21.7, 16.2, 27.1, 16.2]	[up, back, back, back]	[2.0591, 42.6990, 1.5613, 17.0169]
82   	6628.64     	0.003   	1.0000  	[27.1, 16.2, 27.1, 16.2]	[back, back, back, back]	[4.0292, 24.5158, 2.4485, 31.5385]
83   	6586.75     	0.003   	1.0000  	[27.1, 16.2, 27.1, 16.2]	[left, back, back, back]	[5.6333, 18.8160, 2.9833, 23.6990]
84   	6541.27     	0.003   	1.0000  	[27.1, 16.2, 27.1, 16.2]	[left, back, back, back]	[11.7057, 11.8906, 3.5928, 35.1404]
85   	6489.86     	0.003   	1.0000  	[27.1, 16.2, 27.1, 16.2]	[left, back, back, back]	[11.6845, 12.4585, 4.9662, 54.0616]
86   	6420.76     	0.003   	1.0000  	[27.1, 16.2, 27.1, 16.2]	[hover, back, back, back]	[8.2068, 21.1593, 5.9200, 81.5203]
87   	6310.17     	0.003   	1.0000  	[27.1, 16.2, 27.1, 16.2]	[hover, back, back, back]	[5.5766, 38.1232, 5.6286, 122.8390]
88   	6048.30     	0.002   	1.0000  	[27.1, 16.2, 27.1, 16.2]	[hover, back, hover, back]	[4.1583, 89.9960, 4.0018, 169.9185]
89   	5616.42     	0.002   	1.0000  	[27.1, 16.2, 27.1, 16.2]	[hover, back, hover, back]	[3.0931, 165.9203, 3.0628, 222.3354]
90   	5067.28     	0.002   	1.0000  	[27.1, 16.2, 27.1, 16.2]	[front, back, hover, back]	[2.5859, 287.2985, 2.2967, 236.6863]
91   	4691.71     	0.002   	1.0000  	[27.1, 16.2, 27.1, 16.2]	[front, back, hover, hover]	[4.6070, 336.7532, 1.6682, 100.3049]
92   	4468.95     	0.001   	1.0000  	[27.1, 16.2, 27.1, 16.2]	[front, hover, down, hover]	[14.0573, 201.0613, 1.3233, 37.2023]
93   	4271.22     	0.001   	1.0000  	[27.1, 16.2, 21.7, 16.2]	[front, hover, left, left]	[44.2313, 116.8156, 1.3049, 16.5286]
94   	4042.39     	0.001   	1.0000  	[27.1, 16.2, 21.7, 16.2]	[front, hover, back, right]	[87.0867, 64.8916, 1.2684, 9.4683]
95   	3769.77     	0.001   	1.0000  	[27.1, 16.2, 21.7, 16.2]	[front, hover, hover, front]	[147.2943, 36.3945, 0.8318, 5.3017]
96   	3539.81     	0.001   	1.0000  	[27.1, 16.2, 21.7, 16.2]	[hover, hover, right, up]	[109.3416, 20.8135, 0.5910, 4.6045]
97   	3391.99     	0.001   	1.0000  	[27.1, 16.2, 21.7, 21.7]	[hover, right, front, front]	[76.3369, 11.8289, 0.6156, 5.1297]
98   	3277.34     	0.001   	1.0000  	[27.1, 16.2, 21.7, 21.7]	[hover, up, front, left]	[53.8529, 10.7765, 0.7512, 4.6449]
99   	3184.32     	0.001   	1.0000  	[27.1, 21.7, 21.7, 21.7]	[hover, front, front, left]	[38.0892, 6.4620, 0.7762, 9.0486]
[2025-12-18T14:46:58]
Strategy: greedy_ig
Pairwise: adaptive
News mode: IG
Num agents: 4
Iteration: 10
Error margin: None
Gaussian radius 5 
Grid info: range: 0-50-50, cell_size:0.125, map shape: (400, 400), center:True
init UAV positions: [(0.0, -10.0, 5.4), (-20.0, 15.0, 5.4), (10.0, -10.0, 5.4), (20.0, 0.0, 5.4)]
mcts_params: {}
Step	Entropy	MSE	Coverage	Heights	Actions	IGs
------------------------------------------------------------------------------------------------------------------------
0    	160000.00   	0.250   	0.0000  	[5.4, 5.4, 5.4, 5.4]	[-, -, -, -]	[-, -, -, -]
1    	158894.02   	0.241   	0.0625  	[5.4, 5.4, 5.4, 5.4]	[up, up, up, up]	[3904.5582, 3514.1024, 3904.5582, 3514.1024]
2    	157499.83   	0.231   	0.2225  	[10.8, 10.8, 10.8, 10.8]	[up, up, up, up]	[3907.8721, 2954.2144, 4154.0682, 3213.3004]
3    	155769.13   	0.221   	0.4006  	[16.2, 16.2, 16.2, 16.2]	[up, right, up, left]	[3877.2070, 2800.4445, 4137.0420, 3197.1070]
4    	154002.93   	0.212   	0.5413  	[21.7, 16.2, 21.7, 16.2]	[up, right, up, up]	[3249.0683, 2524.6209, 3270.8204, 3193.8196]
5    	151947.82   	0.203   	0.7091  	[27.1, 16.2, 27.1, 21.7]	[front, up, front, left]	[2858.7100, 2464.2320, 2895.3566, 3395.3832]
6    	149599.62   	0.194   	0.7619  	[27.1, 21.7, 27.1, 21.7]	[front, back, front, left]	[2552.5611, 2465.3856, 2616.6350, 3390.8360]
7    	146733.91   	0.185   	0.7773  	[27.1, 21.7, 27.1, 21.7]	[front, right, front, left]	[2415.6612, 2414.9032, 2527.3332, 3270.6783]
8    	142938.15   	0.175   	0.8153  	[27.1, 21.7, 27.1, 21.7]	[front, right, front, left]	[2368.0764, 2370.9161, 2505.0921, 3067.5664]
9    	138681.96   	0.166   	0.8520  	[27.1, 21.7, 27.1, 21.7]	[front, right, front, left]	[2336.4742, 2365.4054, 2477.1711, 2738.4352]
10   	134065.56   	0.156   	0.8809  	[27.1, 21.7, 27.1, 21.7]	[front, right, front, left]	[2329.8744, 2321.5167, 2442.8671, 2483.2257]
11   	129193.72   	0.148   	0.9020  	[27.1, 21.7, 27.1, 21.7]	[left, right, left, up]	[2148.6764, 2284.8352, 2277.8613, 2356.4851]
12   	124221.77   	0.139   	0.9164  	[27.1, 21.7, 27.1, 27.1]	[left, right, left, left]	[2081.8864, 2248.8706, 2172.2937, 2332.5797]
13   	119165.35   	0.131   	0.9352  	[27.1, 21.7, 27.1, 27.1]	[left, right, left, left]	[2096.8367, 2222.1043, 2122.0176, 2335.6810]
14   	114778.60   	0.123   	0.9539  	[27.1, 21.7, 27.1, 27.1]	[hover, right, left, back]	[1686.9761, 2179.8729, 2114.0584, 2075.8361]
15   	110599.30   	0.116   	0.9641  	[27.1, 21.7, 27.1, 27.1]	[front, back, left, back]	[1334.2452, 2008.2544, 2153.6729, 2079.5759]
16   	106507.85   	0.110   	0.9761  	[27.1, 21.7, 27.1, 27.1]	[down, back, left, back]	[1054.7316, 2000.2421, 2223.1090, 2123.3389]
17   	102641.93   	0.104   	0.9862  	[21.7, 21.7, 27.1, 27.1]	[left, back, down, left]	[1109.2206, 2087.6571, 1939.1732, 1809.5399]
18   	99357.61    	0.100   	0.9953  	[21.7, 21.7, 21.7, 27.1]	[front, back, left, down]	[788.9641, 2276.4935, 1908.7936, 1454.5152]
19   	96645.12    	0.096   	0.9953  	[21.7, 21.7, 21.7, 21.7]	[hover, back, front, back]	[556.7705, 2525.8211, 1436.9821, 1383.8627]
20   	94021.16    	0.092   	0.9953  	[21.7, 21.7, 21.7, 21.7]	[hover, back, left, left]	[388.2970, 2745.6719, 1079.5588, 1061.9102]
21   	91534.34    	0.088   	0.9953  	[21.7, 21.7, 21.7, 21.7]	[back, back, front, hover]	[280.4152, 2806.1285, 778.6158, 689.5560]
22   	89584.50    	0.085   	0.9953  	[21.7, 21.7, 21.7, 21.7]	[back, back, hover, hover]	[291.4707, 2549.4585, 551.8782, 415.4748]
23   	87653.20    	0.083   	0.9953  	[21.7, 21.7, 21.7, 21.7]	[back, left, hover, right]	[346.0633, 2224.9962, 382.9781, 258.8413]
24   	85569.13    	0.080   	0.9953  	[21.7, 21.7, 21.7, 21.7]	[back, left, back, right]	[525.5415, 2054.4848, 273.7996, 326.6591]
25   	83394.15    	0.077   	0.9953  	[21.7, 21.7, 21.7, 21.7]	[back, left, back, right]	[676.2609, 1993.7167, 323.5866, 437.7015]
26   	80903.71    	0.073   	0.9953  	[21.7, 21.7, 21.7, 21.7]	[back, left, back, right]	[823.3532, 2025.9800, 529.5393, 636.8051]
27   	77919.06    	0.069   	0.9953  	[21.7, 21.7, 21.7, 21.7]	[back, left, back, right]	[959.2552, 2093.2363, 932.4757, 810.4271]
28   	74445.74    	0.065   	0.9953  	[21.7, 21.7, 21.7, 21.7]	[back, left, back, right]	[1164.0741, 2136.0263, 1267.7781, 960.9702]
29   	70377.51    	0.060   	0.9953  	[21.7, 21.7, 21.7, 21.7]	[back, left, back, right]	[1333.7766, 2201.5239, 1526.8786, 1092.3677]
30   	66257.76    	0.055   	0.9953  	[21.7, 21.7, 21.7, 21.7]	[hover, left, back, right]	[916.7363, 1958.1192, 1695.9622, 1216.4896]
31   	62268.19    	0.051   	0.9953  	[21.7, 21.7, 21.7, 21.7]	[right, front, back, right]	[607.6991, 1403.9655, 1821.6679, 1119.7368]
32   	59073.33    	0.048   	0.9953  	[21.7, 21.7, 21.7, 21.7]	[right, back, back, hover]	[434.5634, 897.8340, 1815.7998, 729.3816]
33   	56135.31    	0.045   	0.9953  	[21.7, 21.7, 21.7, 21.7]	[right, front, right, hover]	[366.1119, 595.8649, 1476.2875, 438.5000]
34   	53811.19    	0.044   	0.9953  	[21.7, 21.7, 21.7, 21.7]	[right, front, right, hover]	[411.8071, 406.4704, 1000.0571, 252.8876]
35   	51879.18    	0.042   	0.9953  	[21.7, 21.7, 21.7, 21.7]	[right, front, right, front]	[559.8255, 218.0664, 688.1147, 152.4640]
36   	50075.03    	0.041   	0.9953  	[21.7, 21.7, 21.7, 21.7]	[right, back, right, front]	[1043.1026, 115.4136, 517.0807, 118.6323]
37   	48127.27    	0.039   	0.9953  	[21.7, 21.7, 21.7, 21.7]	[right, back, right, front]	[1458.4354, 78.4335, 418.0054, 157.5258]
38   	46084.46    	0.037   	0.9953  	[21.7, 21.7, 21.7, 21.7]	[right, back, right, front]	[1766.3360, 119.4386, 362.5218, 288.9625]
39   	43948.02    	0.035   	0.9953  	[21.7, 21.7, 21.7, 21.7]	[front, hover, right, front]	[1415.9041, 74.7262, 359.2533, 820.2576]
40   	41797.01    	0.033   	0.9953  	[21.7, 21.7, 21.7, 21.7]	[front, hover, right, front]	[1168.7834, 41.1140, 432.5674, 1345.3472]
41   	39728.68    	0.030   	0.9953  	[21.7, 21.7, 21.7, 21.7]	[front, hover, right, front]	[1097.0205, 22.8586, 543.4467, 1698.3260]
42   	37716.17    	0.028   	0.9953  	[21.7, 21.7, 21.7, 21.7]	[front, hover, hover, front]	[1189.1564, 12.3031, 337.8881, 1921.2848]
43   	35550.01    	0.025   	1.0000  	[21.7, 21.7, 21.7, 21.7]	[front, front, hover, left]	[1320.5835, 8.8659, 194.5440, 1544.6231]
44   	33013.28    	0.023   	1.0000  	[21.7, 21.7, 21.7, 21.7]	[front, front, hover, left]	[1432.3178, 25.7910, 104.9887, 1215.5253]
45   	30514.74    	0.021   	1.0000  	[21.7, 21.7, 21.7, 21.7]	[front, front, front, left]	[1454.1301, 27.0088, 65.0770, 1061.3641]
46   	27956.28    	0.019   	1.0000  	[21.7, 21.7, 21.7, 21.7]	[front, front, front, left]	[1484.5527, 23.2421, 78.3962, 1017.2867]
47   	25833.23    	0.017   	1.0000  	[21.7, 21.7, 21.7, 21.7]	[front, front, front, left]	[1067.3844, 19.8354, 124.8922, 1037.3027]
48   	23952.32    	0.015   	1.0000  	[21.7, 21.7, 21.7, 21.7]	[down, front, front, left]	[700.5884, 18.3633, 188.8344, 1126.8748]
49   	22149.44    	0.014   	1.0000  	[16.2, 21.7, 21.7, 21.7]	[right, front, front, left]	[483.6223, 17.8381, 289.2310, 1261.7550]
50   	20142.87    	0.012   	1.0000  	[16.2, 21.7, 21.7, 21.7]	[front, front, front, left]	[319.0718, 31.2182, 413.3027, 1422.6623]
51   	18187.66    	0.011   	1.0000  	[16.2, 21.7, 21.7, 21.7]	[hover, front, front, left]	[135.4471, 128.1245, 504.5494, 1288.3813]
52   	16491.46    	0.010   	1.0000  	[16.2, 21.7, 21.7, 21.7]	[left, right, front, hover]	[63.3055, 106.4314, 635.5113, 907.7281]
53   	15245.45    	0.009   	1.0000  	[16.2, 21.7, 21.7, 21.7]	[left, right, front, hover]	[50.4694, 94.1080, 529.9006, 616.6657]
54   	14366.18    	0.008   	1.0000  	[16.2, 21.7, 21.7, 21.7]	[left, right, hover, hover]	[34.1228, 88.3261, 320.2225, 412.6582]
55   	13780.50    	0.008   	1.0000  	[16.2, 21.7, 21.7, 21.7]	[left, right, hover, hover]	[31.9272, 90.6247, 187.9270, 260.1712]
56   	13298.23    	0.007   	1.0000  	[16.2, 21.7, 21.7, 21.7]	[left, right, left, hover]	[30.4908, 111.0644, 118.0380, 165.5490]
57   	12865.73    	0.007   	1.0000  	[16.2, 21.7, 21.7, 21.7]	[left, right, right, hover]	[29.6739, 160.9992, 67.1382, 102.1707]
58   	12405.42    	0.007   	1.0000  	[16.2, 21.7, 21.7, 21.7]	[left, right, left, hover]	[30.8108, 242.6644, 43.3561, 56.6952]
59   	11828.13    	0.006   	1.0000  	[16.2, 21.7, 21.7, 21.7]	[left, right, left, back]	[37.2860, 378.3069, 32.8680, 38.6470]
60   	11223.51    	0.006   	1.0000  	[16.2, 21.7, 21.7, 21.7]	[left, right, left, back]	[57.0268, 490.1490, 26.7703, 32.3728]
61   	10706.67    	0.006   	1.0000  	[16.2, 21.7, 21.7, 21.7]	[left, back, left, back]	[82.1227, 349.3744, 26.0801, 30.8115]
62   	10348.76    	0.005   	1.0000  	[16.2, 21.7, 21.7, 21.7]	[hover, back, left, back]	[46.7701, 223.8804, 27.5567, 29.9987]
63   	10070.85    	0.005   	1.0000  	[16.2, 21.7, 21.7, 21.7]	[hover, back, left, back]	[28.1113, 184.6363, 31.5500, 32.0616]
64   	9858.91     	0.005   	1.0000  	[16.2, 21.7, 21.7, 21.7]	[hover, back, left, back]	[18.7064, 177.5546, 38.0608, 32.6146]
65   	9681.43     	0.005   	1.0000  	[16.2, 21.7, 21.7, 21.7]	[hover, back, left, back]	[11.0500, 197.8567, 52.0910, 36.4695]
66   	9421.62     	0.005   	1.0000  	[16.2, 21.7, 21.7, 21.7]	[hover, back, left, back]	[7.0776, 251.0954, 47.3549, 45.4657]
67   	9108.13     	0.004   	1.0000  	[16.2, 21.7, 21.7, 21.7]	[back, back, hover, hover]	[4.8333, 306.8726, 31.3713, 26.5959]
68   	8674.10     	0.004   	1.0000  	[16.2, 21.7, 21.7, 21.7]	[up, back, hover, hover]	[4.4895, 375.1708, 21.3741, 17.1524]
69   	8215.27     	0.004   	1.0000  	[21.7, 21.7, 21.7, 21.7]	[right, back, hover, hover]	[4.0155, 415.8906, 14.6280, 10.5390]
70   	7923.10     	0.003   	1.0000  	[21.7, 21.7, 21.7, 21.7]	[right, hover, hover, hover]	[3.4079, 255.5479, 9.8019, 7.6527]
71   	7738.14     	0.003   	1.0000  	[21.7, 21.7, 21.7, 21.7]	[left, hover, hover, hover]	[3.1203, 151.7176, 7.0266, 5.3969]
72   	7642.18     	0.003   	1.0000  	[21.7, 21.7, 21.7, 21.7]	[back, hover, hover, hover]	[2.7265, 81.6678, 4.9470, 3.8007]
73   	7590.40     	0.003   	1.0000  	[21.7, 21.7, 21.7, 21.7]	[back, hover, hover, right]	[2.6694, 44.5027, 3.6130, 3.4060]
74   	7563.03     	0.003   	1.0000  	[21.7, 21.7, 21.7, 21.7]	[back, hover, back, front]	[3.7545, 23.0883, 2.8450, 2.5528]
75   	7530.75     	0.003   	1.0000  	[21.7, 21.7, 21.7, 21.7]	[back, hover, up, front]	[11.9452, 13.5283, 2.6109, 3.0479]
76   	7494.82     	0.003   	1.0000  	[21.7, 21.7, 27.1, 21.7]	[back, front, back, front]	[18.2673, 8.6352, 2.9836, 3.1916]
77   	7423.19     	0.003   	1.0000  	[21.7, 21.7, 27.1, 21.7]	[back, up, back, front]	[34.9110, 8.1614, 8.3934, 2.9876]
78   	7309.01     	0.003   	1.0000  	[21.7, 27.1, 27.1, 21.7]	[back, front, back, up]	[57.9814, 7.5392, 15.6638, 3.3368]
79   	7107.60     	0.003   	1.0000  	[21.7, 27.1, 27.1, 27.1]	[back, front, back, front]	[101.2370, 9.3477, 32.2696, 3.6197]
80   	6808.39     	0.003   	1.0000  	[21.7, 27.1, 27.1, 27.1]	[back, front, back, front]	[157.9729, 12.4699, 53.9244, 5.2869]
81   	6503.52     	0.003   	1.0000  	[21.7, 27.1, 27.1, 27.1]	[hover, front, back, front]	[95.5634, 16.7461, 89.2277, 9.4719]
82   	6197.84     	0.002   	1.0000  	[21.7, 27.1, 27.1, 27.1]	[hover, front, back, right]	[49.6909, 20.3122, 129.4001, 7.7832]
83   	5919.71     	0.002   	1.0000  	[21.7, 27.1, 27.1, 27.1]	[hover, front, right, right]	[27.4574, 38.1889, 96.3033, 8.9148]
84   	5683.84     	0.002   	1.0000  	[21.7, 27.1, 27.1, 27.1]	[hover, front, hover, right]	[15.5326, 41.4212, 67.4950, 15.0351]
85   	5506.38     	0.002   	1.0000  	[21.7, 27.1, 27.1, 27.1]	[hover, down, hover, right]	[8.9349, 31.7196, 46.2236, 27.2451]
86   	5291.38     	0.002   	1.0000  	[21.7, 21.7, 27.1, 27.1]	[hover, front, hover, right]	[5.7807, 36.1731, 33.0688, 49.9629]
87   	5033.03     	0.002   	1.0000  	[21.7, 21.7, 27.1, 27.1]	[right, hover, hover, right]	[3.4564, 19.1773, 22.4214, 92.1250]
88   	4784.73     	0.002   	1.0000  	[21.7, 21.7, 27.1, 27.1]	[right, hover, hover, right]	[3.9306, 9.2534, 15.6348, 122.3921]
89   	4586.87     	0.002   	1.0000  	[21.7, 21.7, 27.1, 27.1]	[right, hover, hover, hover]	[5.0210, 4.7588, 10.9691, 88.8958]
90   	4446.75     	0.001   	1.0000  	[21.7, 21.7, 27.1, 27.1]	[right, hover, hover, hover]	[10.6941, 3.0339, 7.9979, 60.4338]
91   	4325.22     	0.001   	1.0000  	[21.7, 21.7, 27.1, 27.1]	[right, left, hover, hover]	[22.6554, 2.1114, 5.7292, 42.7509]
92   	4097.01     	0.001   	1.0000  	[21.7, 21.7, 27.1, 27.1]	[right, left, hover, hover]	[100.2952, 1.3717, 4.1831, 29.5480]
93   	3738.58     	0.001   	1.0000  	[21.7, 21.7, 27.1, 27.1]	[right, right, hover, hover]	[209.7144, 0.9597, 3.0687, 19.5861]
94   	3239.97     	0.001   	1.0000  	[21.7, 21.7, 27.1, 27.1]	[right, right, hover, hover]	[347.5568, 1.0008, 2.2285, 12.7905]
95   	2915.55     	0.001   	1.0000  	[21.7, 21.7, 27.1, 27.1]	[hover, left, down, hover]	[206.9378, 0.6690, 1.9749, 8.4957]
96   	2745.06     	0.000   	1.0000  	[21.7, 21.7, 21.7, 27.1]	[hover, up, back, hover]	[111.3056, 0.5360, 2.3347, 5.7450]
97   	2647.67     	0.000   	1.0000  	[21.7, 27.1, 21.7, 27.1]	[hover, back, left, hover]	[60.0894, 0.4246, 2.0940, 3.7430]
98   	2592.59     	0.000   	1.0000  	[21.7, 27.1, 21.7, 27.1]	[front, down, hover, hover]	[38.8542, 0.3390, 1.6009, 2.7151]
99   	2558.11     	0.000   	1.0000  	[21.7, 21.7, 21.7, 27.1]	[front, left, hover, down]	[28.3745, 0.2931, 1.4302, 2.3397]
[2025-12-18T14:47:10]
Strategy: greedy_ig
Pairwise: adaptive
News mode: IG
Num agents: 4
Iteration: 11
Error margin: None
Gaussian radius 5 
Grid info: range: 0-50-50, cell_size:0.125, map shape: (400, 400), center:True
init UAV positions: [(-5.0, -25.0, 5.4), (-5.0, 20.0, 5.4), (20.0, -20.0, 5.4), (15.0, 25.0, 5.4)]
mcts_params: {}
Step	Entropy	MSE	Coverage	Heights	Actions	IGs
------------------------------------------------------------------------------------------------------------------------
0    	160000.00   	0.250   	0.0000  	[5.4, 5.4, 5.4, 5.4]	[-, -, -, -]	[-, -, -, -]
1    	159323.98   	0.244   	0.0469  	[5.4, 5.4, 5.4, 5.4]	[up, up, up, up]	[1952.2791, 3514.1024, 3162.6921, 1952.2791]
2    	158725.27   	0.238   	0.1694  	[10.8, 10.8, 10.8, 10.8]	[up, up, up, up]	[2166.5781, 3214.2563, 1946.1529, 2165.2952]
3    	157985.51   	0.231   	0.3311  	[16.2, 16.2, 16.2, 16.2]	[front, back, front, back]	[2471.4390, 3110.5300, 1705.9520, 2476.1119]
4    	157153.56   	0.224   	0.4194  	[16.2, 16.2, 16.2, 16.2]	[front, up, left, back]	[2508.3420, 2940.5803, 1701.1667, 2310.4329]
5    	156238.82   	0.216   	0.5514  	[16.2, 21.7, 16.2, 16.2]	[up, back, left, back]	[2559.7535, 2910.3043, 1667.7491, 2095.9578]
6    	155089.83   	0.208   	0.6741  	[21.7, 21.7, 16.2, 16.2]	[front, back, up, up]	[2624.6127, 2716.6757, 1743.5120, 1925.1775]
7    	153738.96   	0.200   	0.7850  	[21.7, 21.7, 21.7, 21.7]	[front, back, front, back]	[2597.2985, 2511.6948, 1948.1713, 2005.7181]
8    	151945.22   	0.192   	0.8413  	[21.7, 21.7, 21.7, 21.7]	[front, up, front, left]	[2424.9239, 2390.9633, 1998.5429, 2056.8618]
9    	149737.78   	0.185   	0.8891  	[21.7, 27.1, 21.7, 21.7]	[up, back, front, left]	[2362.7521, 2354.7809, 2043.6824, 2030.2993]
10   	147031.49   	0.177   	0.9102  	[27.1, 27.1, 21.7, 21.7]	[front, back, front, left]	[2349.8822, 2346.7579, 2202.6800, 2038.3612]
11   	143841.46   	0.169   	0.9102  	[27.1, 27.1, 21.7, 21.7]	[front, back, front, left]	[2343.5390, 2329.8223, 2427.0575, 2073.1034]
12   	140172.76   	0.161   	0.9102  	[27.1, 27.1, 21.7, 21.7]	[front, back, front, left]	[2336.0246, 2315.7443, 2657.3570, 2140.1199]
13   	136008.47   	0.152   	0.9102  	[27.1, 27.1, 21.7, 21.7]	[front, back, front, left]	[2314.8815, 2311.4729, 2831.9452, 2203.5845]
14   	131594.39   	0.144   	0.9102  	[27.1, 27.1, 21.7, 21.7]	[front, right, front, left]	[2319.0437, 2140.4825, 2777.6915, 2278.4911]
15   	127068.14   	0.135   	0.9116  	[27.1, 27.1, 21.7, 21.7]	[front, right, front, left]	[2366.8949, 2079.9188, 2552.5295, 2355.1038]
16   	122505.22   	0.127   	0.9313  	[27.1, 27.1, 21.7, 21.7]	[right, right, left, left]	[2196.0294, 2065.8441, 2290.6574, 2271.4501]
17   	117581.76   	0.119   	0.9563  	[27.1, 27.1, 21.7, 21.7]	[right, right, left, back]	[2124.4821, 2097.7673, 2087.0267, 2145.5803]
18   	112388.87   	0.112   	0.9617  	[27.1, 27.1, 21.7, 21.7]	[right, right, left, back]	[2103.4485, 1960.9781, 2047.4316, 2086.6042]
19   	107107.32   	0.105   	0.9672  	[27.1, 27.1, 21.7, 21.7]	[right, down, left, back]	[2124.0833, 1854.4289, 2067.5964, 2098.0387]
20   	102073.77   	0.098   	0.9727  	[27.1, 21.7, 21.7, 21.7]	[right, right, left, back]	[1970.8524, 1663.8920, 2126.4074, 2090.5987]
21   	96936.12    	0.092   	0.9781  	[27.1, 21.7, 21.7, 21.7]	[down, back, left, back]	[1837.4462, 1356.7361, 2219.2258, 2130.3367]
22   	92668.11    	0.086   	0.9836  	[21.7, 21.7, 21.7, 21.7]	[right, back, left, back]	[1505.8588, 1020.2627, 2284.4818, 2141.4158]
23   	89076.51    	0.081   	0.9891  	[21.7, 21.7, 21.7, 21.7]	[front, hover, left, back]	[1145.6433, 618.4239, 2368.9621, 2169.3491]
24   	85935.35    	0.076   	0.9945  	[21.7, 21.7, 21.7, 21.7]	[hover, left, back, back]	[657.6508, 375.3961, 2238.3666, 2189.7371]
25   	82702.04    	0.072   	1.0000  	[21.7, 21.7, 21.7, 21.7]	[back, left, back, right]	[352.9685, 279.1700, 2160.2791, 2117.5201]
26   	79051.81    	0.068   	1.0000  	[21.7, 21.7, 21.7, 21.7]	[back, left, back, right]	[436.8047, 271.2264, 2137.6855, 2088.2033]
27   	74709.45    	0.064   	1.0000  	[21.7, 21.7, 21.7, 21.7]	[back, left, back, right]	[728.3648, 320.6577, 2170.0177, 2136.8421]
28   	70083.76    	0.059   	1.0000  	[21.7, 21.7, 21.7, 21.7]	[back, left, back, right]	[1010.4217, 399.1655, 2177.5696, 2168.5008]
29   	65068.79    	0.054   	1.0000  	[21.7, 21.7, 21.7, 21.7]	[back, left, back, right]	[1305.9725, 516.6373, 2195.3237, 2200.2590]
30   	59805.10    	0.049   	1.0000  	[21.7, 21.7, 21.7, 21.7]	[back, left, back, right]	[1543.0104, 680.8321, 2220.4177, 2182.2221]
31   	54111.37    	0.043   	1.0000  	[21.7, 21.7, 21.7, 21.7]	[back, left, back, right]	[1698.6210, 1107.6026, 1999.3368, 2173.5721]
32   	48883.67    	0.037   	1.0000  	[21.7, 21.7, 21.7, 21.7]	[back, left, left, right]	[1731.8161, 1061.6652, 1459.3211, 2188.9057]
33   	44547.63    	0.033   	1.0000  	[21.7, 21.7, 21.7, 21.7]	[hover, front, hover, right]	[1151.9728, 858.5099, 1010.7145, 1621.3840]
34   	41294.02    	0.031   	1.0000  	[21.7, 21.7, 21.7, 21.7]	[hover, front, right, down]	[717.4388, 657.3705, 675.1128, 1159.7815]
35   	39005.00    	0.029   	1.0000  	[21.7, 21.7, 21.7, 16.2]	[hover, front, right, right]	[399.9224, 537.8645, 488.6808, 701.4370]
36   	37353.62    	0.028   	1.0000  	[21.7, 21.7, 21.7, 16.2]	[hover, front, right, back]	[219.8934, 490.0468, 304.9727, 478.8395]
37   	36416.71    	0.028   	1.0000  	[21.7, 21.7, 21.7, 16.2]	[hover, front, right, hover]	[109.6189, 481.6501, 166.0825, 187.8379]
38   	35804.23    	0.027   	1.0000  	[21.7, 21.7, 21.7, 16.2]	[hover, front, right, front]	[57.3108, 501.0043, 86.1540, 89.9492]
39   	35256.09    	0.026   	1.0000  	[21.7, 21.7, 21.7, 16.2]	[left, front, right, front]	[32.4702, 540.9839, 46.8443, 235.2918]
40   	34778.43    	0.026   	1.0000  	[21.7, 21.7, 21.7, 16.2]	[left, front, right, front]	[21.9561, 616.0838, 33.9132, 336.2461]
41   	34347.28    	0.025   	1.0000  	[21.7, 21.7, 21.7, 16.2]	[left, front, right, front]	[13.6446, 625.7122, 31.3440, 350.1981]
42   	34040.52    	0.025   	1.0000  	[21.7, 21.7, 21.7, 16.2]	[left, hover, right, front]	[11.1758, 452.8867, 25.1177, 293.1976]
43   	33780.23    	0.024   	1.0000  	[21.7, 21.7, 21.7, 16.2]	[left, hover, front, down]	[15.0887, 316.6484, 21.4966, 251.7355]
44   	33523.86    	0.024   	1.0000  	[21.7, 21.7, 21.7, 10.8]	[left, hover, front, front]	[59.0816, 205.9967, 23.5970, 186.3579]
45   	33052.42    	0.024   	1.0000  	[21.7, 21.7, 21.7, 10.8]	[left, hover, front, right]	[360.3951, 133.5544, 30.3753, 151.5638]
46   	32201.25    	0.023   	1.0000  	[21.7, 21.7, 21.7, 10.8]	[left, hover, front, front]	[979.2876, 83.4150, 48.4879, 117.7396]
47   	31282.66    	0.022   	1.0000  	[21.7, 21.7, 21.7, 10.8]	[left, right, front, front]	[1017.9538, 54.6972, 80.4806, 92.6513]
48   	30419.98    	0.021   	1.0000  	[21.7, 21.7, 21.7, 10.8]	[front, right, front, front]	[778.7379, 41.7689, 127.6932, 54.0706]
49   	29548.67    	0.020   	1.0000  	[21.7, 21.7, 21.7, 10.8]	[front, right, front, front]	[637.2974, 96.3080, 172.8695, 40.3927]
50   	28295.46    	0.019   	1.0000  	[21.7, 21.7, 21.7, 10.8]	[front, right, front, front]	[567.6529, 401.5993, 251.3896, 38.2268]
51   	26560.57    	0.018   	1.0000  	[21.7, 21.7, 21.7, 10.8]	[front, right, front, hover]	[563.5644, 834.4374, 417.5657, 12.9014]
52   	24418.62    	0.016   	1.0000  	[21.7, 21.7, 21.7, 10.8]	[front, right, hover, hover]	[611.1046, 1175.1235, 282.9107, 2.9387]
53   	21869.12    	0.014   	1.0000  	[21.7, 21.7, 21.7, 10.8]	[front, right, left, up]	[698.9529, 1426.8212, 202.4033, 1.3155]
54   	19110.48    	0.012   	1.0000  	[21.7, 21.7, 21.7, 16.2]	[front, right, left, up]	[834.9976, 1581.1156, 151.9730, 0.9200]
55   	16375.97    	0.010   	1.0000  	[21.7, 21.7, 21.7, 21.7]	[front, right, left, back]	[998.6258, 1455.3153, 134.7313, 4.1019]
56   	14547.30    	0.008   	1.0000  	[21.7, 21.7, 21.7, 21.7]	[hover, down, left, back]	[691.1538, 923.4413, 146.1286, 10.7164]
57   	13103.37    	0.007   	1.0000  	[21.7, 16.2, 21.7, 21.7]	[hover, right, left, back]	[476.2646, 757.2011, 181.5836, 13.9782]
58   	12077.87    	0.007   	1.0000  	[21.7, 16.2, 21.7, 21.7]	[right, front, left, left]	[313.2225, 438.8552, 233.3390, 12.6943]
59   	11397.78    	0.006   	1.0000  	[21.7, 16.2, 21.7, 21.7]	[left, hover, left, left]	[199.5629, 169.9641, 330.7808, 13.6945]
60   	10780.51    	0.006   	1.0000  	[21.7, 16.2, 21.7, 21.7]	[right, back, left, left]	[126.2255, 70.7100, 453.8160, 17.9644]
61   	10108.93    	0.005   	1.0000  	[21.7, 16.2, 21.7, 21.7]	[left, back, left, back]	[85.7880, 95.6909, 586.2225, 13.5005]
62   	9539.75     	0.005   	1.0000  	[21.7, 16.2, 21.7, 21.7]	[right, back, hover, back]	[56.5092, 182.3655, 420.8552, 11.1853]
63   	9202.79     	0.005   	1.0000  	[21.7, 16.2, 21.7, 21.7]	[left, back, hover, back]	[38.6702, 108.3594, 307.8290, 10.5388]
64   	8916.73     	0.004   	1.0000  	[21.7, 16.2, 21.7, 21.7]	[right, back, back, back]	[25.2763, 98.5467, 223.8000, 14.3768]
65   	8692.19     	0.004   	1.0000  	[21.7, 16.2, 21.7, 21.7]	[right, back, front, back]	[20.1175, 89.8462, 157.4834, 15.7270]
66   	8498.90     	0.004   	1.0000  	[21.7, 16.2, 21.7, 21.7]	[right, back, back, back]	[17.0455, 85.3561, 114.7193, 15.5920]
67   	8291.43     	0.004   	1.0000  	[21.7, 16.2, 21.7, 21.7]	[right, back, back, back]	[15.5019, 82.3614, 85.0119, 29.1728]
68   	8071.26     	0.004   	1.0000  	[21.7, 16.2, 21.7, 21.7]	[right, back, back, right]	[20.3176, 64.1070, 74.8309, 19.9113]
69   	7835.61     	0.004   	1.0000  	[21.7, 16.2, 21.7, 21.7]	[right, back, back, hover]	[32.1307, 71.7792, 68.5179, 10.5919]
70   	7576.55     	0.004   	1.0000  	[21.7, 16.2, 21.7, 21.7]	[right, back, back, hover]	[42.1782, 88.2273, 66.2288, 5.9888]
71   	7373.57     	0.003   	1.0000  	[21.7, 16.2, 21.7, 21.7]	[right, hover, back, left]	[61.9688, 33.0479, 65.9935, 4.6236]
72   	7166.03     	0.003   	1.0000  	[21.7, 16.2, 21.7, 21.7]	[right, hover, back, left]	[81.5046, 11.1458, 76.3422, 6.1310]
73   	7016.96     	0.003   	1.0000  	[21.7, 16.2, 21.7, 21.7]	[hover, hover, back, left]	[42.8186, 5.0647, 94.9541, 8.0186]
74   	6891.35     	0.003   	1.0000  	[21.7, 16.2, 21.7, 21.7]	[hover, front, back, left]	[22.5658, 3.4617, 98.8541, 13.0691]
75   	6787.53     	0.003   	1.0000  	[21.7, 16.2, 21.7, 21.7]	[hover, front, hover, left]	[10.9110, 2.9540, 62.2282, 28.4461]
76   	6656.26     	0.003   	1.0000  	[21.7, 16.2, 21.7, 21.7]	[hover, front, hover, left]	[5.2206, 17.2129, 39.0570, 55.9142]
77   	6473.30     	0.003   	1.0000  	[21.7, 16.2, 21.7, 21.7]	[left, front, hover, left]	[2.7914, 14.7338, 23.2261, 108.7758]
78   	6247.19     	0.003   	1.0000  	[21.7, 16.2, 21.7, 21.7]	[hover, front, hover, left]	[2.1331, 10.3569, 12.4002, 187.9229]
79   	5983.68     	0.002   	1.0000  	[21.7, 16.2, 21.7, 21.7]	[hover, front, hover, left]	[1.9990, 7.0252, 6.8307, 272.2947]
80   	5824.81     	0.002   	1.0000  	[21.7, 16.2, 21.7, 21.7]	[hover, front, hover, hover]	[1.8116, 7.0949, 4.3822, 171.2263]
81   	5714.43     	0.002   	1.0000  	[21.7, 16.2, 21.7, 21.7]	[hover, front, hover, hover]	[1.7078, 7.0946, 2.8622, 104.6626]
82   	5656.94     	0.002   	1.0000  	[21.7, 16.2, 21.7, 21.7]	[back, hover, right, hover]	[1.8685, 3.6650, 2.3149, 59.4994]
83   	5621.47     	0.002   	1.0000  	[21.7, 16.2, 21.7, 21.7]	[back, hover, left, hover]	[1.6197, 2.0549, 2.3175, 34.6516]
84   	5599.72     	0.002   	1.0000  	[21.7, 16.2, 21.7, 21.7]	[back, up, right, hover]	[1.3306, 1.7942, 2.0980, 19.2591]
85   	5586.14     	0.002   	1.0000  	[21.7, 21.7, 21.7, 21.7]	[left, front, front, hover]	[1.2923, 2.9096, 1.7376, 10.8525]
86   	5556.72     	0.002   	1.0000  	[21.7, 21.7, 21.7, 21.7]	[back, front, front, front]	[1.1062, 14.1024, 2.0606, 7.3236]
87   	5532.48     	0.002   	1.0000  	[21.7, 21.7, 21.7, 21.7]	[back, left, front, front]	[1.0321, 7.8483, 2.5137, 10.5703]
88   	5504.40     	0.002   	1.0000  	[21.7, 21.7, 21.7, 21.7]	[back, hover, front, front]	[2.0712, 4.3920, 2.7613, 16.2595]
89   	5455.63     	0.002   	1.0000  	[21.7, 21.7, 21.7, 21.7]	[back, hover, up, front]	[4.3008, 2.7109, 3.0246, 31.2517]
90   	5355.41     	0.002   	1.0000  	[21.7, 21.7, 27.1, 21.7]	[right, front, front, front]	[4.6912, 1.8913, 3.1075, 61.1431]
91   	5181.23     	0.002   	1.0000  	[21.7, 21.7, 27.1, 21.7]	[back, front, front, front]	[6.6694, 1.1957, 4.7483, 108.9971]
92   	4932.10     	0.002   	1.0000  	[21.7, 21.7, 27.1, 21.7]	[right, left, front, front]	[7.0221, 0.9982, 10.1047, 191.5427]
93   	4543.00     	0.002   	1.0000  	[21.7, 21.7, 27.1, 21.7]	[hover, back, front, front]	[4.8767, 1.1077, 19.2453, 329.6444]
94   	4292.43     	0.001   	1.0000  	[21.7, 21.7, 27.1, 21.7]	[down, back, hover, hover]	[4.1098, 1.0513, 13.3875, 221.0539]
95   	4103.30     	0.001   	1.0000  	[16.2, 21.7, 27.1, 21.7]	[right, back, hover, hover]	[4.3535, 1.0616, 8.6855, 152.4839]
96   	3973.68     	0.001   	1.0000  	[16.2, 21.7, 27.1, 21.7]	[back, left, hover, hover]	[3.8270, 1.4478, 6.1496, 99.5895]
97   	3893.76     	0.001   	1.0000  	[16.2, 21.7, 27.1, 21.7]	[down, down, hover, hover]	[3.4069, 1.3185, 4.1640, 63.4186]
98   	3840.94     	0.001   	1.0000  	[10.8, 16.2, 27.1, 21.7]	[right, down, hover, hover]	[2.6615, 1.3644, 2.6028, 41.1840]
99   	3808.39     	0.001   	1.0000  	[10.8, 10.8, 27.1, 21.7]	[back, left, hover, hover]	[1.3242, 1.2320, 1.6594, 26.9533]
[2025-12-18T14:47:21]
Strategy: greedy_ig
Pairwise: adaptive
News mode: IG
Num agents: 4
Iteration: 12
Error margin: None
Gaussian radius 5 
Grid info: range: 0-50-50, cell_size:0.125, map shape: (400, 400), center:True
init UAV positions: [(-20.0, -20.0, 5.4), (-20.0, 15.0, 5.4), (15.0, -25.0, 5.4), (25.0, 15.0, 5.4)]
mcts_params: {}
Step	Entropy	MSE	Coverage	Heights	Actions	IGs
------------------------------------------------------------------------------------------------------------------------
0    	160000.00   	0.250   	0.0000  	[5.4, 5.4, 5.4, 5.4]	[-, -, -, -]	[-, -, -, -]
1    	159267.23   	0.243   	0.0469  	[5.4, 5.4, 5.4, 5.4]	[up, up, up, up]	[3162.6921, 3514.1024, 1952.2791, 1952.2791]
2    	158586.59   	0.236   	0.1694  	[10.8, 10.8, 10.8, 10.8]	[up, up, up, up]	[2334.3796, 2909.4264, 2007.7739, 1927.3829]
3    	157893.16   	0.230   	0.3311  	[16.2, 16.2, 16.2, 16.2]	[right, right, front, left]	[2260.3982, 2718.5667, 2072.9048, 1958.5456]
4    	157197.38   	0.224   	0.4194  	[16.2, 16.2, 16.2, 16.2]	[front, right, front, left]	[2375.3243, 2510.9341, 1988.7112, 1899.4388]
5    	156511.63   	0.218   	0.5116  	[16.2, 16.2, 16.2, 16.2]	[front, up, front, left]	[2245.6725, 2444.0704, 1864.8471, 1855.3939]
6    	155815.07   	0.211   	0.6394  	[16.2, 21.7, 16.2, 16.2]	[right, back, up, up]	[2081.7872, 2481.0258, 1893.4458, 1902.3118]
7    	155014.01   	0.204   	0.8050  	[16.2, 21.7, 21.7, 21.7]	[up, right, front, left]	[2254.0136, 2458.1551, 2005.5802, 2027.7775]
8    	154047.86   	0.197   	0.9339  	[21.7, 21.7, 21.7, 21.7]	[right, right, left, back]	[2213.3654, 2423.3652, 2059.1241, 2052.0293]
9    	152568.50   	0.189   	0.9936  	[21.7, 21.7, 21.7, 21.7]	[right, right, left, back]	[2223.0069, 2413.6077, 2049.0786, 2044.4332]
10   	150513.75   	0.182   	0.9944  	[21.7, 21.7, 21.7, 21.7]	[right, right, left, back]	[2176.4719, 2392.4622, 2061.1245, 2114.2608]
11   	148084.14   	0.175   	0.9952  	[21.7, 21.7, 21.7, 21.7]	[right, right, left, back]	[2140.5777, 2380.1283, 2125.1645, 2198.1420]
12   	145459.20   	0.168   	0.9959  	[21.7, 21.7, 21.7, 21.7]	[right, right, left, back]	[2124.4385, 2299.8479, 2152.5022, 2440.1094]
13   	142555.66   	0.160   	0.9967  	[21.7, 21.7, 21.7, 21.7]	[right, right, left, back]	[2110.1768, 2242.3949, 2199.7792, 2725.4081]
14   	139263.95   	0.153   	0.9975  	[21.7, 21.7, 21.7, 21.7]	[right, right, left, back]	[2078.1420, 2176.3669, 2214.9005, 2948.5290]
15   	135475.73   	0.145   	0.9983  	[21.7, 21.7, 21.7, 21.7]	[right, back, left, back]	[2032.6671, 1987.8400, 2251.5204, 2962.0976]
16   	131237.83   	0.137   	0.9991  	[21.7, 21.7, 21.7, 21.7]	[front, back, left, back]	[1969.1345, 1970.8504, 2144.0524, 2662.1996]
17   	127258.09   	0.131   	0.9997  	[21.7, 21.7, 21.7, 21.7]	[front, back, front, left]	[1984.5572, 2081.3813, 2013.7860, 2258.0403]
18   	123397.71   	0.126   	0.9997  	[21.7, 21.7, 21.7, 21.7]	[front, back, front, left]	[2166.2087, 2316.1227, 1980.7214, 2065.7489]
19   	119224.35   	0.120   	0.9997  	[21.7, 21.7, 21.7, 21.7]	[front, back, front, left]	[2400.4300, 2588.7847, 2014.5275, 2002.7089]
20   	114190.12   	0.112   	0.9997  	[21.7, 21.7, 21.7, 21.7]	[front, back, front, left]	[2654.5650, 2785.5810, 2075.1081, 2036.0183]
21   	108135.72   	0.104   	0.9997  	[21.7, 21.7, 21.7, 21.7]	[front, back, front, left]	[2835.3291, 2841.9627, 2122.3043, 2107.5310]
22   	101656.13   	0.095   	0.9997  	[21.7, 21.7, 21.7, 21.7]	[front, back, front, left]	[2811.9806, 2598.4912, 2174.6098, 2186.1721]
23   	95784.44    	0.087   	0.9997  	[21.7, 21.7, 21.7, 21.7]	[front, left, front, left]	[2612.0679, 2221.4412, 2219.7010, 2225.6890]
24   	90374.99    	0.080   	0.9997  	[21.7, 21.7, 21.7, 21.7]	[left, left, front, left]	[2230.6015, 2055.2261, 2312.5231, 2252.8663]
25   	84832.29    	0.073   	0.9998  	[21.7, 21.7, 21.7, 21.7]	[left, left, right, front]	[2064.9825, 2017.0239, 2256.0453, 2148.0910]
26   	78886.18    	0.066   	1.0000  	[21.7, 21.7, 21.7, 21.7]	[left, left, right, front]	[2028.7109, 2027.3747, 2234.3819, 2082.8092]
27   	72182.52    	0.058   	1.0000  	[21.7, 21.7, 21.7, 21.7]	[left, left, right, front]	[2076.3790, 2074.3897, 2239.6654, 2105.0647]
28   	64917.86    	0.051   	1.0000  	[21.7, 21.7, 21.7, 21.7]	[left, left, right, front]	[2143.1362, 2132.6083, 2255.1593, 2119.7898]
29   	57281.23    	0.044   	1.0000  	[21.7, 21.7, 21.7, 21.7]	[left, left, right, front]	[2212.7065, 2191.4130, 2276.2413, 2148.7933]
30   	49677.10    	0.037   	1.0000  	[21.7, 21.7, 21.7, 21.7]	[left, left, right, front]	[2336.0035, 1952.3935, 2255.0993, 2189.9969]
31   	42163.00    	0.030   	1.0000  	[21.7, 21.7, 21.7, 21.7]	[left, front, right, front]	[2158.9258, 1425.3643, 2224.2553, 2229.9395]
32   	35896.40    	0.024   	1.0000  	[21.7, 21.7, 21.7, 21.7]	[front, front, right, front]	[1601.2696, 948.0348, 2174.6297, 2317.5743]
33   	31625.94    	0.021   	1.0000  	[21.7, 21.7, 21.7, 21.7]	[hover, back, right, front]	[1140.1935, 578.0218, 1556.5111, 1831.3035]
34   	28488.07    	0.018   	1.0000  	[21.7, 21.7, 21.7, 21.7]	[back, back, down, down]	[820.6141, 442.5427, 1091.5135, 1560.7728]
35   	26305.59    	0.017   	1.0000  	[21.7, 21.7, 16.2, 16.2]	[back, hover, up, front]	[633.0373, 266.4852, 584.6620, 1204.0117]
36   	24641.60    	0.016   	1.0000  	[21.7, 21.7, 21.7, 16.2]	[back, hover, back, left]	[395.2851, 156.5983, 373.0297, 1028.7096]
37   	23445.43    	0.015   	1.0000  	[21.7, 21.7, 21.7, 16.2]	[back, front, back, hover]	[235.6018, 93.7419, 264.1779, 676.0361]
38   	22792.08    	0.015   	1.0000  	[21.7, 21.7, 21.7, 16.2]	[back, front, back, right]	[125.1690, 126.5506, 179.7588, 439.7277]
39   	22248.53    	0.014   	1.0000  	[21.7, 21.7, 21.7, 16.2]	[front, front, back, right]	[68.1886, 92.2841, 139.2668, 571.6988]
40   	21565.24    	0.014   	1.0000  	[21.7, 21.7, 21.7, 16.2]	[front, front, down, right]	[47.2775, 57.9231, 134.4285, 622.9007]
41   	20974.41    	0.014   	1.0000  	[21.7, 21.7, 16.2, 16.2]	[front, front, right, right]	[53.8740, 36.7727, 142.3635, 475.9508]
42   	20528.02    	0.013   	1.0000  	[21.7, 21.7, 16.2, 16.2]	[front, front, back, right]	[86.8274, 25.4890, 123.4554, 287.7320]
43   	20168.97    	0.013   	1.0000  	[21.7, 21.7, 16.2, 16.2]	[front, front, back, back]	[219.3999, 23.0360, 109.6546, 147.1490]
44   	19835.50    	0.013   	1.0000  	[21.7, 21.7, 16.2, 16.2]	[right, front, back, up]	[180.9451, 37.8926, 97.8307, 96.9006]
45   	19485.73    	0.012   	1.0000  	[21.7, 21.7, 16.2, 21.7]	[right, front, back, back]	[151.6251, 132.0962, 72.4078, 71.6404]
46   	19187.92    	0.012   	1.0000  	[21.7, 21.7, 16.2, 21.7]	[right, right, back, up]	[142.7527, 109.5238, 42.7905, 48.9019]
47   	18888.31    	0.012   	1.0000  	[21.7, 21.7, 16.2, 27.1]	[right, right, hover, left]	[143.5966, 98.7507, 16.7442, 39.0858]
48   	18540.89    	0.012   	1.0000  	[21.7, 21.7, 16.2, 27.1]	[right, right, front, left]	[165.1870, 92.9259, 9.0477, 41.9753]
49   	18076.36    	0.011   	1.0000  	[21.7, 21.7, 16.2, 27.1]	[right, right, front, left]	[209.8528, 94.1220, 11.8980, 69.5671]
50   	17526.79    	0.011   	1.0000  	[21.7, 21.7, 16.2, 27.1]	[right, right, front, hover]	[284.3982, 118.4885, 12.0817, 48.1173]
51   	16828.10    	0.010   	1.0000  	[21.7, 21.7, 16.2, 27.1]	[right, right, front, back]	[416.2707, 161.1981, 11.2814, 32.6515]
52   	16038.54    	0.010   	1.0000  	[21.7, 21.7, 16.2, 27.1]	[right, right, front, front]	[527.1021, 236.8075, 14.9562, 23.1137]
53   	15204.26    	0.009   	1.0000  	[21.7, 21.7, 16.2, 27.1]	[hover, right, front, back]	[349.5106, 372.3801, 20.9375, 15.7589]
54   	14493.69    	0.008   	1.0000  	[21.7, 21.7, 16.2, 27.1]	[back, right, front, back]	[226.1790, 476.3049, 33.5990, 14.7334]
55   	13927.29    	0.008   	1.0000  	[21.7, 21.7, 16.2, 27.1]	[back, back, front, back]	[159.7919, 338.3333, 32.0555, 20.6727]
56   	13440.62    	0.008   	1.0000  	[21.7, 21.7, 16.2, 27.1]	[back, back, front, back]	[155.0815, 226.5145, 40.7196, 37.0092]
57   	12969.52    	0.007   	1.0000  	[21.7, 21.7, 16.2, 27.1]	[back, back, front, back]	[173.7002, 179.0301, 113.8174, 66.8802]
58   	12555.23    	0.007   	1.0000  	[21.7, 21.7, 16.2, 27.1]	[back, back, hover, back]	[221.5145, 174.4974, 39.5411, 117.3931]
59   	12087.84    	0.007   	1.0000  	[21.7, 21.7, 16.2, 27.1]	[back, back, hover, back]	[284.1594, 199.0933, 11.6135, 170.4018]
60   	11476.38    	0.006   	1.0000  	[21.7, 21.7, 16.2, 27.1]	[back, back, left, hover]	[340.8081, 244.6316, 3.6059, 123.7565]
61   	10774.42    	0.006   	1.0000  	[21.7, 21.7, 16.2, 27.1]	[back, back, left, hover]	[380.6822, 308.6742, 3.5169, 85.9138]
62   	9975.62     	0.005   	1.0000  	[21.7, 21.7, 16.2, 27.1]	[back, back, left, hover]	[363.3491, 369.6029, 14.6155, 60.4982]
63   	9276.49     	0.004   	1.0000  	[21.7, 21.7, 16.2, 27.1]	[hover, back, left, hover]	[221.1637, 412.7640, 10.2951, 41.6491]
64   	8821.67     	0.004   	1.0000  	[21.7, 21.7, 16.2, 27.1]	[hover, hover, left, hover]	[123.7272, 258.0446, 14.3169, 28.4557]
65   	8511.60     	0.004   	1.0000  	[21.7, 21.7, 16.2, 27.1]	[hover, hover, left, hover]	[65.2857, 152.8003, 31.5278, 19.6206]
66   	8307.12     	0.004   	1.0000  	[21.7, 21.7, 16.2, 27.1]	[hover, hover, left, hover]	[35.5944, 80.1733, 62.1502, 13.0744]
67   	8131.65     	0.004   	1.0000  	[21.7, 21.7, 16.2, 27.1]	[hover, hover, left, right]	[19.4816, 44.3949, 119.5181, 9.4558]
68   	7992.04     	0.003   	1.0000  	[21.7, 21.7, 16.2, 27.1]	[hover, hover, left, right]	[11.4784, 22.2771, 228.7937, 16.5787]
69   	7651.03     	0.003   	1.0000  	[21.7, 21.7, 16.2, 27.1]	[left, hover, left, right]	[8.2309, 11.5541, 433.4871, 30.7177]
70   	7020.59     	0.003   	1.0000  	[21.7, 21.7, 16.2, 27.1]	[left, front, left, right]	[10.0486, 8.3229, 588.9681, 67.1075]
71   	6501.41     	0.003   	1.0000  	[21.7, 21.7, 16.2, 27.1]	[left, up, hover, right]	[8.4700, 6.5924, 347.6796, 121.2626]
72   	5917.78     	0.002   	1.0000  	[21.7, 27.1, 16.2, 27.1]	[left, front, hover, right]	[5.6147, 5.6999, 213.0713, 207.8488]
73   	5542.95     	0.002   	1.0000  	[21.7, 27.1, 16.2, 27.1]	[left, front, hover, hover]	[5.4200, 7.0622, 121.9706, 145.7962]
74   	5272.60     	0.002   	1.0000  	[21.7, 27.1, 16.2, 27.1]	[left, front, hover, hover]	[5.7936, 10.5551, 65.0703, 103.8424]
75   	5070.98     	0.002   	1.0000  	[21.7, 27.1, 16.2, 27.1]	[left, front, back, hover]	[7.1494, 13.4451, 39.1294, 71.6185]
76   	4897.00     	0.002   	1.0000  	[21.7, 27.1, 16.2, 27.1]	[left, front, up, hover]	[12.9916, 19.0019, 22.9552, 48.4042]
77   	4747.90     	0.002   	1.0000  	[21.7, 27.1, 21.7, 27.1]	[left, front, right, hover]	[22.5930, 35.1277, 15.3379, 31.8909]
78   	4620.75     	0.002   	1.0000  	[21.7, 27.1, 21.7, 27.1]	[hover, front, hover, hover]	[13.9656, 39.2451, 10.0817, 23.1964]
79   	4530.85     	0.002   	1.0000  	[21.7, 27.1, 21.7, 27.1]	[hover, down, up, hover]	[8.5395, 29.2271, 7.4282, 15.9368]
80   	4448.03     	0.001   	1.0000  	[21.7, 21.7, 27.1, 27.1]	[front, front, back, hover]	[5.6019, 36.1747, 8.5213, 10.8295]
81   	4397.12     	0.001   	1.0000  	[21.7, 21.7, 27.1, 27.1]	[front, hover, back, hover]	[4.2070, 18.3865, 11.2048, 7.6574]
82   	4340.09     	0.001   	1.0000  	[21.7, 21.7, 27.1, 27.1]	[front, hover, back, hover]	[4.0378, 9.6839, 20.6861, 5.6182]
83   	4261.27     	0.001   	1.0000  	[21.7, 21.7, 27.1, 27.1]	[front, hover, back, hover]	[3.6349, 4.6384, 36.4653, 4.2572]
84   	4135.50     	0.001   	1.0000  	[21.7, 21.7, 27.1, 27.1]	[front, hover, back, hover]	[3.2076, 3.0280, 62.0046, 3.1915]
85   	3923.42     	0.001   	1.0000  	[21.7, 21.7, 27.1, 27.1]	[front, hover, back, down]	[3.0246, 2.0901, 105.9430, 3.0315]
86   	3594.77     	0.001   	1.0000  	[21.7, 21.7, 27.1, 21.7]	[front, hover, back, right]	[6.0448, 1.3859, 176.0894, 4.1990]
87   	3350.76     	0.001   	1.0000  	[21.7, 21.7, 27.1, 21.7]	[front, front, right, back]	[18.4811, 0.9556, 125.2574, 3.4643]
88   	3150.07     	0.001   	1.0000  	[21.7, 21.7, 27.1, 21.7]	[front, left, hover, down]	[50.9656, 0.8477, 87.7737, 3.3977]
89   	2998.17     	0.001   	1.0000  	[21.7, 21.7, 27.1, 16.2]	[hover, right, hover, right]	[34.2320, 0.6315, 61.9975, 3.8679]
90   	2899.63     	0.001   	1.0000  	[21.7, 21.7, 27.1, 16.2]	[hover, left, hover, back]	[21.9069, 0.3905, 42.2800, 3.6974]
91   	2832.78     	0.001   	1.0000  	[21.7, 21.7, 27.1, 16.2]	[hover, left, hover, down]	[14.6056, 0.4657, 28.9868, 2.5139]
92   	2787.00     	0.001   	1.0000  	[21.7, 21.7, 27.1, 10.8]	[hover, left, hover, right]	[9.4787, 0.5624, 20.0326, 3.6483]
93   	2755.35     	0.001   	1.0000  	[21.7, 21.7, 27.1, 10.8]	[hover, left, hover, back]	[6.5630, 1.3022, 13.4641, 2.1897]
94   	2731.16     	0.001   	1.0000  	[21.7, 21.7, 27.1, 10.8]	[hover, left, hover, hover]	[4.3735, 3.3033, 9.3886, 1.9620]
95   	2710.69     	0.000   	1.0000  	[21.7, 21.7, 27.1, 10.8]	[hover, left, hover, left]	[2.5425, 7.3311, 6.5783, 1.4892]
96   	2690.49     	0.000   	1.0000  	[21.7, 21.7, 27.1, 10.8]	[right, left, hover, back]	[1.9401, 11.8858, 4.9726, 1.4600]
97   	2671.77     	0.000   	1.0000  	[21.7, 21.7, 27.1, 10.8]	[right, left, hover, hover]	[1.5026, 20.0463, 3.7722, 1.0950]
98   	2643.15     	0.000   	1.0000  	[21.7, 21.7, 27.1, 10.8]	[left, left, hover, hover]	[1.0982, 29.2920, 2.6861, 0.8344]
99   	2618.18     	0.000   	1.0000  	[21.7, 21.7, 27.1, 10.8]	[left, back, right, hover]	[1.0548, 22.2837, 2.1862, 0.8430]
[2025-12-18T14:47:33]
Strategy: greedy_ig
Pairwise: adaptive
News mode: IG
Num agents: 4
Iteration: 13
Error margin: None
Gaussian radius 5 
Grid info: range: 0-50-50, cell_size:0.125, map shape: (400, 400), center:True
init UAV positions: [(0.0, -5.0, 5.4), (-5.0, 25.0, 5.4), (5.0, -20.0, 5.4), (20.0, 5.0, 5.4)]
mcts_params: {}
Step	Entropy	MSE	Coverage	Heights	Actions	IGs
------------------------------------------------------------------------------------------------------------------------
0    	160000.00   	0.250   	0.0000  	[5.4, 5.4, 5.4, 5.4]	[-, -, -, -]	[-, -, -, -]
1    	159103.83   	0.242   	0.0547  	[5.4, 5.4, 5.4, 5.4]	[up, up, up, up]	[3904.5582, 1952.2791, 3514.1024, 3514.1024]
2    	158146.21   	0.233   	0.2062  	[10.8, 10.8, 10.8, 10.8]	[up, up, up, up]	[3924.1011, 2144.3624, 2834.2172, 3176.4619]
3    	156908.27   	0.225   	0.4059  	[16.2, 16.2, 16.2, 16.2]	[up, back, up, left]	[3859.4163, 2487.0326, 2490.9322, 3183.7719]
4    	155364.26   	0.215   	0.5463  	[21.7, 16.2, 21.7, 16.2]	[up, back, front, up]	[3320.5821, 2667.0897, 2487.9232, 3110.4227]
5    	153381.25   	0.206   	0.6767  	[27.1, 16.2, 21.7, 21.7]	[front, up, front, left]	[2850.8621, 2686.8012, 2430.8510, 3112.8071]
6    	150865.31   	0.197   	0.7073  	[27.1, 21.7, 21.7, 21.7]	[front, back, front, left]	[2559.1778, 2784.5135, 2265.7079, 2987.8604]
7    	147716.75   	0.187   	0.7097  	[27.1, 21.7, 21.7, 21.7]	[front, back, up, left]	[2432.9163, 2768.4500, 2229.9521, 2808.8647]
8    	143688.97   	0.178   	0.7475  	[27.1, 21.7, 27.1, 21.7]	[front, back, front, left]	[2371.1398, 2589.9338, 2299.2447, 2561.8615]
9    	138996.95   	0.169   	0.7600  	[27.1, 21.7, 27.1, 21.7]	[right, back, front, up]	[2153.2169, 2480.3489, 2296.9652, 2392.5371]
10   	133806.00   	0.160   	0.7709  	[27.1, 21.7, 27.1, 27.1]	[right, up, front, left]	[2092.2577, 2350.0168, 2314.7966, 2339.7097]
11   	128241.63   	0.151   	0.8181  	[27.1, 27.1, 27.1, 27.1]	[right, back, front, left]	[2084.0632, 2337.0941, 2324.7751, 2302.1351]
12   	122461.48   	0.142   	0.8322  	[27.1, 27.1, 27.1, 27.1]	[front, back, front, left]	[1861.2020, 2337.5549, 2341.3131, 2291.4067]
13   	116833.58   	0.133   	0.8516  	[27.1, 27.1, 27.1, 27.1]	[hover, back, front, left]	[1508.1378, 2299.7750, 2331.8905, 2310.8026]
14   	112179.72   	0.125   	0.8969  	[27.1, 27.1, 27.1, 27.1]	[hover, back, right, front]	[1165.4538, 2272.1354, 2171.0810, 2102.0320]
15   	108162.11   	0.118   	0.9119  	[27.1, 27.1, 27.1, 27.1]	[hover, back, front, left]	[878.7999, 2292.1917, 1884.6121, 1845.6930]
16   	104858.54   	0.113   	0.9400  	[27.1, 27.1, 27.1, 27.1]	[hover, left, down, front]	[642.1510, 2133.5730, 1559.0096, 1535.4962]
17   	102448.22   	0.108   	0.9617  	[27.1, 27.1, 21.7, 27.1]	[back, left, right, down]	[460.9867, 1782.2461, 1358.4566, 1445.6625]
18   	100774.17   	0.105   	0.9705  	[27.1, 27.1, 21.7, 21.7]	[back, down, right, front]	[487.6193, 1512.8472, 1051.7469, 1121.9447]
19   	99511.78    	0.102   	0.9759  	[27.1, 21.7, 21.7, 21.7]	[back, back, front, left]	[585.1558, 1360.8517, 841.2345, 935.2695]
20   	98597.80    	0.100   	0.9814  	[27.1, 21.7, 21.7, 21.7]	[back, left, hover, hover]	[788.4797, 1002.3332, 513.3429, 666.3204]
21   	97720.32    	0.098   	0.9869  	[27.1, 21.7, 21.7, 21.7]	[back, hover, left, back]	[1099.6512, 618.8655, 306.1473, 464.3209]
22   	96747.48    	0.096   	0.9923  	[27.1, 21.7, 21.7, 21.7]	[back, hover, left, back]	[1403.9705, 368.1926, 275.4351, 393.8692]
23   	95520.08    	0.093   	0.9978  	[27.1, 21.7, 21.7, 21.7]	[back, front, left, back]	[1364.7738, 256.7107, 374.4794, 443.6842]
24   	94031.55    	0.091   	1.0000  	[27.1, 21.7, 21.7, 21.7]	[down, front, left, back]	[1298.2977, 256.6372, 564.5663, 618.4880]
25   	92132.68    	0.088   	1.0000  	[21.7, 21.7, 21.7, 21.7]	[back, front, left, back]	[1096.0037, 318.7783, 1026.5023, 1059.6314]
26   	89993.22    	0.085   	1.0000  	[21.7, 21.7, 21.7, 21.7]	[right, front, left, back]	[879.2942, 378.6469, 1417.5320, 1426.6519]
27   	87920.05    	0.081   	1.0000  	[21.7, 21.7, 21.7, 21.7]	[hover, front, left, back]	[513.6781, 440.7938, 1710.2903, 1706.9298]
28   	85884.53    	0.078   	1.0000  	[21.7, 21.7, 21.7, 21.7]	[hover, front, left, back]	[286.2043, 500.6565, 1962.0007, 1903.7751]
29   	83909.89    	0.074   	1.0000  	[21.7, 21.7, 21.7, 21.7]	[left, front, left, back]	[163.7021, 569.4302, 1885.9840, 1779.5782]
30   	81492.97    	0.071   	1.0000  	[21.7, 21.7, 21.7, 21.7]	[left, front, back, right]	[245.3926, 678.4123, 1769.3142, 1626.0356]
31   	78831.09    	0.068   	1.0000  	[21.7, 21.7, 21.7, 21.7]	[left, hover, back, right]	[418.1945, 487.4125, 1583.2713, 1459.0554]
32   	75938.11    	0.064   	1.0000  	[21.7, 21.7, 21.7, 21.7]	[left, hover, back, right]	[603.0498, 344.8332, 1456.0509, 1386.3834]
33   	72906.78    	0.061   	1.0000  	[21.7, 21.7, 21.7, 21.7]	[left, hover, back, right]	[838.3290, 221.7506, 1381.3240, 1371.0794]
34   	69766.55    	0.058   	1.0000  	[21.7, 21.7, 21.7, 21.7]	[left, hover, back, right]	[1242.2995, 140.5983, 1353.8245, 1370.3708]
35   	66538.42    	0.054   	1.0000  	[21.7, 21.7, 21.7, 21.7]	[left, hover, back, right]	[1563.5495, 85.6643, 1355.1820, 1394.2644]
36   	62931.66    	0.050   	1.0000  	[21.7, 21.7, 21.7, 21.7]	[left, right, back, right]	[1819.4514, 54.6092, 1396.0882, 1439.1620]
37   	59361.39    	0.046   	1.0000  	[21.7, 21.7, 21.7, 21.7]	[front, right, back, right]	[1549.3746, 34.5317, 1405.0760, 1518.1749]
38   	55960.00    	0.043   	1.0000  	[21.7, 21.7, 21.7, 21.7]	[front, right, back, right]	[1251.3022, 78.3810, 1264.4804, 1365.5901]
39   	53096.01    	0.040   	1.0000  	[21.7, 21.7, 21.7, 21.7]	[front, right, down, down]	[1059.3244, 458.3371, 870.1825, 929.7437]
40   	50211.94    	0.038   	1.0000  	[21.7, 21.7, 16.2, 16.2]	[front, right, back, right]	[1001.7584, 1045.8707, 771.2978, 803.4267]
41   	47069.42    	0.035   	1.0000  	[21.7, 21.7, 16.2, 16.2]	[front, right, left, back]	[995.9086, 1488.1163, 649.6797, 498.1457]
42   	43762.94    	0.032   	1.0000  	[21.7, 21.7, 16.2, 16.2]	[front, right, hover, hover]	[1037.0973, 1810.9085, 371.8267, 200.1734]
43   	40536.50    	0.029   	1.0000  	[21.7, 21.7, 16.2, 16.2]	[front, right, hover, hover]	[1130.9979, 1978.9141, 213.6136, 71.9991]
44   	37557.63    	0.026   	1.0000  	[21.7, 21.7, 16.2, 16.2]	[front, right, hover, front]	[1255.9821, 1798.8176, 124.5028, 37.1253]
45   	34843.11    	0.024   	1.0000  	[21.7, 21.7, 16.2, 16.2]	[front, back, hover, front]	[1241.2349, 1505.8825, 69.8258, 35.5198]
46   	32751.64    	0.022   	1.0000  	[21.7, 21.7, 16.2, 16.2]	[hover, back, hover, front]	[887.9139, 1354.2780, 40.5990, 49.1341]
47   	31220.78    	0.021   	1.0000  	[21.7, 21.7, 16.2, 16.2]	[hover, back, up, front]	[613.4989, 1375.3737, 24.6282, 68.0002]
48   	30011.77    	0.020   	1.0000  	[21.7, 21.7, 21.7, 16.2]	[hover, back, front, front]	[410.3744, 1508.9500, 20.3490, 89.7809]
49   	28792.54    	0.019   	1.0000  	[21.7, 21.7, 21.7, 16.2]	[hover, back, front, front]	[277.3462, 1725.3536, 13.9015, 103.6281]
50   	27165.94    	0.018   	1.0000  	[21.7, 21.7, 21.7, 16.2]	[hover, back, front, front]	[181.1224, 1950.0390, 9.5021, 138.1457]
51   	24955.14    	0.016   	1.0000  	[21.7, 21.7, 21.7, 16.2]	[right, back, front, front]	[122.9680, 2090.9128, 12.0428, 265.0349]
52   	21884.37    	0.013   	1.0000  	[21.7, 21.7, 21.7, 16.2]	[right, back, front, front]	[87.8329, 2126.6122, 20.1400, 789.0555]
53   	19014.74    	0.011   	1.0000  	[21.7, 21.7, 21.7, 16.2]	[right, hover, front, front]	[71.8185, 1399.6780, 38.1828, 1265.6937]
54   	16927.30    	0.009   	1.0000  	[21.7, 21.7, 21.7, 16.2]	[right, hover, front, front]	[65.7952, 839.5877, 62.3377, 1007.9203]
55   	15316.99    	0.008   	1.0000  	[21.7, 21.7, 21.7, 16.2]	[right, left, front, left]	[61.5310, 498.7193, 119.9504, 672.3167]
56   	14154.79    	0.008   	1.0000  	[21.7, 21.7, 21.7, 16.2]	[right, right, front, left]	[69.7045, 269.0990, 203.5533, 435.1186]
57   	13293.28    	0.007   	1.0000  	[21.7, 21.7, 21.7, 16.2]	[right, left, front, left]	[92.4249, 153.0280, 206.2923, 270.7231]
58   	12756.64    	0.007   	1.0000  	[21.7, 21.7, 21.7, 16.2]	[right, right, right, left]	[118.3914, 76.7755, 143.3382, 152.3884]
59   	12414.00    	0.007   	1.0000  	[21.7, 21.7, 21.7, 16.2]	[hover, left, hover, left]	[59.9986, 46.3589, 100.6670, 94.1399]
60   	12177.78    	0.006   	1.0000  	[21.7, 21.7, 21.7, 16.2]	[hover, up, hover, left]	[28.8622, 34.8049, 67.5065, 74.1654]
61   	12005.40    	0.006   	1.0000  	[21.7, 27.1, 21.7, 16.2]	[hover, front, hover, left]	[13.5697, 36.3342, 42.2362, 72.7618]
62   	11863.66    	0.006   	1.0000  	[21.7, 27.1, 21.7, 16.2]	[back, front, hover, left]	[9.0267, 35.2417, 26.3706, 85.9385]
63   	11740.89    	0.006   	1.0000  	[21.7, 27.1, 21.7, 16.2]	[front, front, hover, left]	[6.2700, 42.9296, 16.3235, 97.7337]
64   	11573.38    	0.006   	1.0000  	[21.7, 27.1, 21.7, 16.2]	[back, front, hover, left]	[5.1834, 58.3488, 9.9345, 123.9489]
65   	11344.35    	0.006   	1.0000  	[21.7, 27.1, 21.7, 16.2]	[front, front, right, left]	[4.4585, 73.2801, 6.5573, 135.1291]
66   	11087.99    	0.006   	1.0000  	[21.7, 27.1, 21.7, 16.2]	[hover, front, hover, hover]	[3.3558, 99.6743, 4.6228, 80.6942]
67   	10802.58    	0.006   	1.0000  	[21.7, 27.1, 21.7, 16.2]	[hover, front, hover, hover]	[2.8104, 148.1282, 3.2340, 48.1527]
68   	10580.36    	0.006   	1.0000  	[21.7, 27.1, 21.7, 16.2]	[back, hover, up, hover]	[2.7121, 103.7459, 2.5467, 28.7671]
69   	10436.64    	0.005   	1.0000  	[21.7, 27.1, 27.1, 16.2]	[down, hover, back, hover]	[2.2417, 68.6069, 3.5652, 15.9743]
70   	10348.58    	0.005   	1.0000  	[16.2, 27.1, 27.1, 16.2]	[right, hover, back, hover]	[1.9660, 44.6744, 4.2134, 8.7845]
71   	10282.93    	0.005   	1.0000  	[16.2, 27.1, 27.1, 16.2]	[back, hover, right, up]	[1.5719, 29.9217, 4.3510, 5.6752]
72   	10233.17    	0.005   	1.0000  	[16.2, 27.1, 27.1, 21.7]	[hover, hover, back, back]	[1.1309, 19.4697, 4.8434, 4.5794]
73   	10201.41    	0.005   	1.0000  	[16.2, 27.1, 27.1, 21.7]	[left, hover, right, back]	[0.7863, 11.8281, 5.3708, 3.8437]
74   	10175.06    	0.005   	1.0000  	[16.2, 27.1, 27.1, 21.7]	[up, hover, right, back]	[0.5549, 7.6783, 5.9428, 3.8557]
75   	10154.75    	0.005   	1.0000  	[21.7, 27.1, 27.1, 21.7]	[back, hover, right, back]	[0.9583, 5.0921, 5.7106, 4.8142]
76   	10081.77    	0.005   	1.0000  	[21.7, 27.1, 27.1, 21.7]	[back, hover, right, back]	[5.4805, 3.6290, 27.2505, 11.5590]
77   	9799.17     	0.005   	1.0000  	[21.7, 27.1, 27.1, 21.7]	[back, hover, right, back]	[10.6418, 2.5389, 178.2889, 26.3496]
78   	9425.18     	0.005   	1.0000  	[21.7, 27.1, 27.1, 21.7]	[back, hover, right, back]	[18.4516, 1.7900, 258.3638, 49.2349]
79   	8956.71     	0.004   	1.0000  	[21.7, 27.1, 27.1, 21.7]	[back, hover, back, back]	[34.7820, 1.5899, 297.1400, 91.1232]
80   	8394.60     	0.004   	1.0000  	[21.7, 27.1, 27.1, 21.7]	[back, down, back, back]	[45.2669, 1.2998, 338.8497, 151.7149]
81   	7733.61     	0.004   	1.0000  	[21.7, 21.7, 27.1, 21.7]	[back, right, back, back]	[41.9156, 1.7559, 389.5460, 172.5968]
82   	7072.34     	0.003   	1.0000  	[21.7, 21.7, 27.1, 21.7]	[hover, front, back, right]	[21.9945, 1.5762, 432.7020, 104.7398]
83   	6432.16     	0.003   	1.0000  	[21.7, 21.7, 27.1, 21.7]	[hover, hover, back, hover]	[12.2741, 1.0706, 430.0256, 61.0270]
84   	5944.83     	0.002   	1.0000  	[21.7, 21.7, 27.1, 21.7]	[hover, hover, down, hover]	[7.7123, 0.8375, 366.1134, 36.2727]
85   	5442.91     	0.002   	1.0000  	[21.7, 21.7, 21.7, 21.7]	[hover, hover, right, hover]	[5.6931, 0.6650, 368.4226, 21.5522]
86   	4947.51     	0.002   	1.0000  	[21.7, 21.7, 21.7, 21.7]	[back, front, back, right]	[3.8736, 0.7902, 352.3882, 14.5699]
87   	4621.85     	0.001   	1.0000  	[21.7, 21.7, 21.7, 21.7]	[hover, front, hover, left]	[3.0317, 0.8425, 213.9570, 10.8796]
88   	4431.31     	0.001   	1.0000  	[21.7, 21.7, 21.7, 21.7]	[back, front, hover, hover]	[2.6545, 0.8227, 119.9545, 6.2130]
89   	4330.89     	0.001   	1.0000  	[21.7, 21.7, 21.7, 21.7]	[hover, hover, hover, right]	[2.0154, 0.5090, 63.9846, 5.5664]
90   	4272.64     	0.001   	1.0000  	[21.7, 21.7, 21.7, 21.7]	[back, left, hover, right]	[1.6718, 0.3596, 33.8868, 7.2874]
91   	4239.84     	0.001   	1.0000  	[21.7, 21.7, 21.7, 21.7]	[hover, right, hover, right]	[1.3688, 0.3285, 17.5408, 8.8321]
92   	4219.53     	0.001   	1.0000  	[21.7, 21.7, 21.7, 21.7]	[left, left, hover, front]	[1.1367, 0.3538, 9.7017, 7.5937]
93   	4202.22     	0.001   	1.0000  	[21.7, 21.7, 21.7, 21.7]	[left, right, front, front]	[2.2766, 0.2842, 7.7269, 7.1704]
94   	4178.70     	0.001   	1.0000  	[21.7, 21.7, 21.7, 21.7]	[left, hover, front, front]	[8.9952, 0.2919, 5.7667, 7.3970]
95   	4141.32     	0.001   	1.0000  	[21.7, 21.7, 21.7, 21.7]	[left, hover, front, hover]	[18.9039, 0.2268, 5.6680, 4.9857]
96   	4082.22     	0.001   	1.0000  	[21.7, 21.7, 21.7, 21.7]	[left, left, front, hover]	[40.3319, 0.1901, 8.3364, 3.9945]
97   	3990.66     	0.001   	1.0000  	[21.7, 21.7, 21.7, 21.7]	[left, right, front, left]	[81.3482, 0.1091, 15.4393, 3.2048]
98   	3866.53     	0.001   	1.0000  	[21.7, 21.7, 21.7, 21.7]	[left, left, front, down]	[146.3483, 0.0569, 20.7308, 2.7526]
99   	3682.06     	0.001   	1.0000  	[21.7, 21.7, 21.7, 16.2]	[left, back, front, hover]	[257.6907, 0.0950, 22.1225, 2.9682]
[2025-12-18T14:47:44]
Strategy: greedy_ig
Pairwise: adaptive
News mode: IG
Num agents: 4
Iteration: 14
Error margin: None
Gaussian radius 5 
Grid info: range: 0-50-50, cell_size:0.125, map shape: (400, 400), center:True
init UAV positions: [(-15.0, -5.0, 5.4), (-15.0, 0.0, 5.4), (25.0, 0.0, 5.4), (15.0, 20.0, 5.4)]
mcts_params: {}
Step	Entropy	MSE	Coverage	Heights	Actions	IGs
------------------------------------------------------------------------------------------------------------------------
0    	160000.00   	0.250   	0.0000  	[5.4, 5.4, 5.4, 5.4]	[-, -, -, -]	[-, -, -, -]
1    	158718.78   	0.241   	0.0516  	[5.4, 5.4, 5.4, 5.4]	[up, up, up, up]	[3904.5582, 3904.5582, 1952.2791, 3514.1024]
2    	157185.72   	0.231   	0.1750  	[10.8, 10.8, 10.8, 10.8]	[up, up, up, up]	[3900.7803, 3893.3804, 2203.4117, 2845.4973]
3    	155733.67   	0.222   	0.3563  	[16.2, 16.2, 16.2, 16.2]	[up, up, left, back]	[3255.8252, 3257.8359, 2476.7176, 2491.5310]
4    	154212.75   	0.214   	0.4861  	[21.7, 21.7, 16.2, 16.2]	[right, right, left, back]	[2962.3395, 2973.0637, 2680.1222, 2066.1180]
5    	152735.09   	0.206   	0.5494  	[21.7, 21.7, 16.2, 16.2]	[right, right, left, up]	[2571.1898, 2553.3393, 2893.7285, 2041.2147]
6    	151051.14   	0.198   	0.6328  	[21.7, 21.7, 16.2, 21.7]	[up, up, up, left]	[2494.3717, 2476.9640, 3111.5463, 2008.2732]
7    	148917.47   	0.190   	0.7606  	[27.1, 27.1, 21.7, 21.7]	[right, right, left, back]	[2386.4772, 2368.7283, 3331.5826, 2036.7100]
8    	145829.90   	0.181   	0.7708  	[27.1, 27.1, 21.7, 21.7]	[right, right, left, back]	[2351.0005, 2383.9368, 3287.4443, 2036.8422]
9    	141585.27   	0.172   	0.7809  	[27.1, 27.1, 21.7, 21.7]	[right, right, left, back]	[2323.6358, 2395.6248, 3100.0020, 2125.0681]
10   	136822.33   	0.164   	0.7911  	[27.1, 27.1, 21.7, 21.7]	[right, right, left, back]	[2301.4980, 2366.4106, 2811.0990, 2261.1166]
11   	131816.72   	0.156   	0.8013  	[27.1, 27.1, 21.7, 21.7]	[right, right, left, back]	[2306.7283, 2380.3182, 2541.4610, 2500.8701]
12   	126920.35   	0.148   	0.8128  	[27.1, 27.1, 21.7, 21.7]	[right, right, up, back]	[2240.2261, 2289.6008, 2375.2766, 2774.0319]
13   	121819.63   	0.140   	0.8195  	[27.1, 27.1, 27.1, 21.7]	[back, back, left, back]	[2123.7403, 2195.3526, 2334.9456, 2902.9593]
14   	116539.21   	0.131   	0.8578  	[27.1, 27.1, 27.1, 21.7]	[back, back, left, back]	[1769.1815, 2173.2836, 2336.1113, 2878.6539]
15   	111355.96   	0.123   	0.8731  	[27.1, 27.1, 27.1, 21.7]	[down, back, left, left]	[1583.0195, 2162.2487, 2309.5553, 2491.6870]
16   	106529.45   	0.116   	0.8739  	[21.7, 27.1, 27.1, 21.7]	[right, down, back, left]	[1313.1162, 1764.0050, 2078.2823, 2254.4048]
17   	102073.22   	0.110   	0.8758  	[21.7, 21.7, 27.1, 21.7]	[back, back, back, left]	[1005.5739, 1735.3072, 2068.9616, 2161.5850]
18   	98047.85    	0.104   	0.8877  	[21.7, 21.7, 27.1, 21.7]	[hover, right, back, left]	[598.4445, 1353.8430, 2090.8919, 2154.7194]
19   	94448.83    	0.100   	0.9086  	[21.7, 21.7, 27.1, 21.7]	[hover, hover, hover, left]	[360.1075, 820.6634, 1682.6697, 2194.8814]
20   	91341.68    	0.096   	0.9086  	[21.7, 21.7, 27.1, 21.7]	[left, hover, hover, left]	[232.2215, 470.8496, 1335.2501, 2203.5694]
21   	88301.46    	0.093   	0.9086  	[21.7, 21.7, 27.1, 21.7]	[left, left, right, left]	[234.4010, 291.9314, 1039.3943, 2242.4905]
22   	85377.26    	0.089   	0.9086  	[21.7, 21.7, 27.1, 21.7]	[left, left, right, left]	[284.5922, 363.4082, 886.1582, 2118.2376]
23   	82058.98    	0.086   	0.9086  	[21.7, 21.7, 27.1, 21.7]	[left, left, right, front]	[348.3983, 521.4924, 822.4397, 1994.1610]
24   	78427.99    	0.083   	0.9086  	[21.7, 21.7, 27.1, 21.7]	[left, left, right, front]	[412.9804, 668.4591, 845.4470, 1956.3397]
25   	74504.63    	0.079   	0.9086  	[21.7, 21.7, 27.1, 21.7]	[left, left, right, front]	[480.2437, 789.8137, 889.9553, 2011.0971]
26   	70665.86    	0.075   	0.9086  	[21.7, 21.7, 27.1, 21.7]	[left, left, right, front]	[548.6544, 892.7054, 967.1168, 2061.3450]
27   	67269.91    	0.071   	0.9086  	[21.7, 21.7, 27.1, 21.7]	[left, left, hover, front]	[679.8620, 981.2772, 760.7693, 2122.3915]
28   	64497.60    	0.067   	0.9208  	[21.7, 21.7, 27.1, 21.7]	[left, left, hover, front]	[574.2676, 1103.1260, 588.0259, 2182.1246]
29   	62407.42    	0.064   	0.9513  	[21.7, 21.7, 27.1, 21.7]	[down, left, hover, front]	[415.8677, 892.5489, 437.5382, 2250.9366]
30   	60872.96    	0.062   	0.9817  	[16.2, 21.7, 27.1, 21.7]	[left, down, hover, front]	[318.4261, 620.9830, 316.8698, 2060.1328]
31   	59820.36    	0.060   	1.0000  	[16.2, 16.2, 27.1, 21.7]	[back, back, hover, right]	[239.9897, 506.9354, 225.4405, 1530.8212]
32   	59084.60    	0.059   	1.0000  	[16.2, 16.2, 27.1, 21.7]	[hover, left, hover, left]	[141.0662, 411.4723, 151.3064, 1075.9855]
33   	58592.86    	0.058   	1.0000  	[16.2, 16.2, 27.1, 21.7]	[hover, hover, front, right]	[84.3667, 213.1378, 103.9474, 755.7830]
34   	58262.05    	0.057   	1.0000  	[16.2, 16.2, 27.1, 21.7]	[hover, hover, front, right]	[47.3664, 105.8874, 147.8399, 532.9069]
35   	57907.12    	0.057   	1.0000  	[16.2, 16.2, 27.1, 21.7]	[hover, front, front, hover]	[30.4418, 51.7555, 461.6876, 338.5605]
36   	57490.64    	0.056   	1.0000  	[16.2, 16.2, 27.1, 21.7]	[front, front, front, left]	[21.4656, 44.3842, 885.0788, 217.9618]
37   	56958.94    	0.055   	1.0000  	[16.2, 16.2, 27.1, 21.7]	[front, front, front, left]	[31.1111, 62.5345, 1256.7947, 216.9230]
38   	56282.75    	0.053   	1.0000  	[16.2, 16.2, 27.1, 21.7]	[front, front, front, hover]	[67.8108, 73.4915, 1573.1565, 137.2841]
39   	55585.04    	0.051   	1.0000  	[16.2, 16.2, 27.1, 21.7]	[front, front, left, hover]	[97.3498, 97.1484, 1347.7149, 90.2832]
40   	54802.36    	0.050   	1.0000  	[16.2, 16.2, 27.1, 21.7]	[front, front, left, hover]	[181.8907, 191.2930, 1168.2526, 59.2548]
41   	53618.42    	0.048   	1.0000  	[16.2, 16.2, 27.1, 21.7]	[front, front, left, right]	[575.7636, 591.8507, 1039.2823, 39.5574]
42   	51802.70    	0.045   	1.0000  	[16.2, 16.2, 27.1, 21.7]	[front, front, left, right]	[1090.8323, 1070.0096, 995.2364, 66.2089]
43   	49665.13    	0.042   	1.0000  	[16.2, 16.2, 27.1, 21.7]	[front, front, left, right]	[1375.7148, 1372.4671, 986.6087, 47.4613]
44   	47272.08    	0.039   	1.0000  	[16.2, 16.2, 27.1, 21.7]	[front, front, left, right]	[1538.0469, 1585.2810, 1056.5080, 30.7595]
45   	45009.73    	0.036   	1.0000  	[16.2, 16.2, 27.1, 21.7]	[front, right, hover, right]	[1642.8704, 1450.9550, 840.6485, 19.9379]
46   	42756.91    	0.034   	1.0000  	[16.2, 16.2, 27.1, 21.7]	[right, right, hover, right]	[1570.5446, 1344.5125, 655.4113, 16.4989]
47   	40746.20    	0.032   	1.0000  	[16.2, 16.2, 27.1, 21.7]	[front, right, hover, right]	[1502.7841, 1392.0793, 476.8944, 14.6925]
48   	38672.79    	0.030   	1.0000  	[16.2, 16.2, 27.1, 21.7]	[right, right, hover, right]	[1600.3684, 1425.3752, 334.8811, 17.3929]
49   	36354.37    	0.028   	1.0000  	[16.2, 16.2, 27.1, 21.7]	[right, right, hover, right]	[1770.8881, 1374.5323, 234.5346, 111.9793]
50   	33859.63    	0.025   	1.0000  	[16.2, 16.2, 27.1, 21.7]	[right, right, hover, back]	[1875.3861, 1297.3593, 160.3730, 97.6772]
51   	31171.92    	0.023   	1.0000  	[16.2, 16.2, 27.1, 21.7]	[right, right, hover, back]	[1892.6707, 1244.4399, 108.1943, 90.4836]
52   	28402.74    	0.020   	1.0000  	[16.2, 16.2, 27.1, 21.7]	[right, right, back, back]	[1815.4611, 1256.1222, 79.0748, 101.1561]
53   	25797.21    	0.018   	1.0000  	[16.2, 16.2, 27.1, 21.7]	[right, right, back, back]	[1692.3330, 1308.3436, 67.0553, 135.2581]
54   	23387.13    	0.015   	1.0000  	[16.2, 16.2, 27.1, 21.7]	[right, right, back, back]	[1618.2953, 1387.4778, 64.6704, 192.8440]
55   	20824.68    	0.013   	1.0000  	[16.2, 16.2, 27.1, 21.7]	[right, right, back, back]	[1616.5138, 1327.2861, 90.8389, 273.0728]
56   	18333.20    	0.011   	1.0000  	[16.2, 16.2, 27.1, 21.7]	[right, back, back, back]	[1581.4306, 752.3626, 132.2013, 361.2267]
57   	15996.26    	0.009   	1.0000  	[16.2, 16.2, 27.1, 21.7]	[right, back, back, back]	[1441.5699, 422.3570, 193.0413, 451.3613]
58   	14095.05    	0.007   	1.0000  	[16.2, 16.2, 27.1, 21.7]	[back, hover, hover, back]	[1005.5447, 179.0593, 133.2313, 546.2029]
59   	12716.46    	0.007   	1.0000  	[16.2, 16.2, 27.1, 21.7]	[back, front, hover, left]	[673.2432, 98.6330, 92.0918, 362.8147]
60   	11845.66    	0.006   	1.0000  	[16.2, 16.2, 27.1, 21.7]	[back, front, hover, right]	[382.0036, 160.6339, 61.4089, 241.6579]
61   	11387.50    	0.006   	1.0000  	[16.2, 16.2, 27.1, 21.7]	[hover, hover, hover, left]	[173.7643, 59.4587, 41.3232, 152.9577]
62   	11068.75    	0.006   	1.0000  	[16.2, 16.2, 27.1, 21.7]	[up, up, hover, left]	[84.0249, 22.2394, 28.3369, 115.9134]
63   	10758.63    	0.005   	1.0000  	[21.7, 21.7, 27.1, 21.7]	[front, back, hover, left]	[80.7528, 31.7261, 18.0213, 109.8648]
64   	10481.15    	0.005   	1.0000  	[21.7, 21.7, 27.1, 21.7]	[front, back, hover, left]	[84.9658, 22.0461, 11.9435, 114.7268]
65   	10207.86    	0.005   	1.0000  	[21.7, 21.7, 27.1, 21.7]	[left, back, hover, left]	[56.0733, 17.5920, 8.3265, 130.1046]
66   	9977.89     	0.005   	1.0000  	[21.7, 21.7, 27.1, 21.7]	[hover, back, hover, left]	[26.6485, 18.2271, 6.2449, 157.7248]
67   	9686.41     	0.005   	1.0000  	[21.7, 21.7, 27.1, 21.7]	[left, back, right, left]	[18.7388, 20.7894, 4.7397, 212.6074]
68   	9256.83     	0.004   	1.0000  	[21.7, 21.7, 27.1, 21.7]	[left, back, right, left]	[17.4887, 26.5919, 7.6203, 294.9743]
69   	8733.07     	0.004   	1.0000  	[21.7, 21.7, 27.1, 21.7]	[left, back, right, left]	[19.1800, 39.6983, 10.3609, 364.8962]
70   	8327.96     	0.004   	1.0000  	[21.7, 21.7, 27.1, 21.7]	[left, back, right, hover]	[20.6734, 46.1935, 16.7984, 239.3076]
71   	7955.69     	0.004   	1.0000  	[21.7, 21.7, 27.1, 21.7]	[left, back, right, hover]	[32.8843, 56.2289, 26.6015, 153.2771]
72   	7655.19     	0.003   	1.0000  	[21.7, 21.7, 27.1, 21.7]	[left, left, right, hover]	[55.8736, 29.8266, 39.4359, 95.2857]
73   	7417.74     	0.003   	1.0000  	[21.7, 21.7, 27.1, 21.7]	[left, hover, hover, hover]	[92.6564, 15.5827, 26.5208, 58.7840]
74   	7193.33     	0.003   	1.0000  	[21.7, 21.7, 27.1, 21.7]	[left, hover, hover, hover]	[138.1491, 8.3616, 18.2329, 36.7640]
75   	7014.54     	0.003   	1.0000  	[21.7, 21.7, 27.1, 21.7]	[left, front, hover, hover]	[124.3839, 5.5467, 11.9898, 22.5066]
76   	6904.97     	0.003   	1.0000  	[21.7, 21.7, 27.1, 21.7]	[hover, up, hover, hover]	[81.3628, 6.2813, 7.9337, 14.5875]
77   	6829.23     	0.003   	1.0000  	[21.7, 27.1, 27.1, 21.7]	[hover, left, front, hover]	[54.3341, 6.2828, 6.4837, 8.6115]
78   	6751.59     	0.003   	1.0000  	[21.7, 27.1, 27.1, 21.7]	[hover, left, front, front]	[35.5893, 6.0036, 17.5913, 5.5451]
79   	6598.00     	0.003   	1.0000  	[21.7, 27.1, 27.1, 21.7]	[hover, left, front, back]	[21.7043, 4.0125, 81.5720, 4.4493]
80   	6313.79     	0.003   	1.0000  	[21.7, 27.1, 27.1, 21.7]	[hover, down, front, front]	[12.5770, 3.5729, 161.6590, 3.4228]
81   	5881.61     	0.002   	1.0000  	[21.7, 21.7, 27.1, 21.7]	[hover, back, front, back]	[7.5619, 2.9165, 253.5123, 2.6614]
82   	5247.32     	0.002   	1.0000  	[21.7, 21.7, 27.1, 21.7]	[hover, down, front, front]	[4.4297, 2.7757, 357.3762, 2.0229]
83   	4809.86     	0.002   	1.0000  	[21.7, 16.2, 27.1, 21.7]	[back, down, hover, front]	[3.3591, 2.7713, 259.3323, 2.1242]
84   	4481.72     	0.002   	1.0000  	[21.7, 10.8, 27.1, 21.7]	[right, hover, hover, front]	[3.7410, 2.1728, 188.0567, 2.3852]
85   	4187.67     	0.001   	1.0000  	[21.7, 10.8, 27.1, 21.7]	[right, hover, hover, front]	[3.6608, 2.5875, 135.7195, 2.8717]
86   	4001.80     	0.001   	1.0000  	[21.7, 10.8, 27.1, 21.7]	[right, hover, hover, front]	[2.9390, 1.7731, 89.1324, 4.2512]
87   	3868.49     	0.001   	1.0000  	[21.7, 10.8, 27.1, 21.7]	[back, up, hover, front]	[2.7440, 1.1076, 59.4592, 5.2142]
88   	3777.74     	0.001   	1.0000  	[21.7, 16.2, 27.1, 21.7]	[back, hover, hover, front]	[3.0150, 1.0726, 38.9362, 7.3505]
89   	3713.13     	0.001   	1.0000  	[21.7, 16.2, 27.1, 21.7]	[down, up, hover, front]	[2.7563, 0.8286, 24.9155, 10.7690]
90   	3666.80     	0.001   	1.0000  	[16.2, 21.7, 27.1, 21.7]	[back, front, hover, front]	[2.6558, 0.8743, 15.6088, 14.2908]
91   	3638.40     	0.001   	1.0000  	[16.2, 21.7, 27.1, 21.7]	[back, front, hover, hover]	[2.1594, 1.1756, 10.0729, 9.7405]
92   	3619.07     	0.001   	1.0000  	[16.2, 21.7, 27.1, 21.7]	[back, front, hover, hover]	[1.9523, 0.9311, 6.7396, 6.7002]
93   	3605.60     	0.001   	1.0000  	[16.2, 21.7, 27.1, 21.7]	[left, front, hover, hover]	[2.5625, 1.1435, 4.4741, 4.4319]
94   	3595.63     	0.001   	1.0000  	[16.2, 21.7, 27.1, 21.7]	[hover, front, hover, hover]	[1.5377, 2.8353, 3.3102, 2.8191]
95   	3578.97     	0.001   	1.0000  	[16.2, 21.7, 27.1, 21.7]	[hover, front, left, hover]	[1.1007, 8.3105, 2.8898, 2.1527]
96   	3552.70     	0.001   	1.0000  	[16.2, 21.7, 27.1, 21.7]	[down, front, left, hover]	[1.0135, 10.7498, 3.0750, 1.6197]
97   	3523.70     	0.001   	1.0000  	[10.8, 21.7, 27.1, 21.7]	[up, front, left, hover]	[0.8970, 12.0284, 5.3136, 1.1150]
98   	3480.74     	0.001   	1.0000  	[16.2, 21.7, 27.1, 21.7]	[down, left, left, hover]	[1.1858, 14.5717, 9.1423, 1.2137]
99   	3405.52     	0.001   	1.0000  	[10.8, 21.7, 27.1, 21.7]	[hover, left, left, right]	[1.2056, 30.0004, 15.6206, 0.8478]
[2025-12-18T14:47:57]
Strategy: greedy_ig
Pairwise: adaptive
News mode: IG
Num agents: 4
Iteration: 15
Error margin: None
Gaussian radius 5 
Grid info: range: 0-50-50, cell_size:0.125, map shape: (400, 400), center:True
init UAV positions: [(-25.0, -5.0, 5.4), (-5.0, 10.0, 5.4), (25.0, 0.0, 5.4), (25.0, 10.0, 5.4)]
mcts_params: {}
Step	Entropy	MSE	Coverage	Heights	Actions	IGs
------------------------------------------------------------------------------------------------------------------------
0    	160000.00   	0.250   	0.0000  	[5.4, 5.4, 5.4, 5.4]	[-, -, -, -]	[-, -, -, -]
1    	159266.07   	0.244   	0.0391  	[5.4, 5.4, 5.4, 5.4]	[up, up, up, up]	[1952.2791, 3904.5582, 1952.2791, 1952.2791]
2    	158399.56   	0.236   	0.1500  	[10.8, 10.8, 10.8, 10.8]	[up, up, up, up]	[1998.7423, 4010.4289, 2175.8619, 1976.9738]
3    	157408.14   	0.228   	0.3187  	[16.2, 16.2, 16.2, 16.2]	[right, up, left, left]	[2043.6132, 4001.4253, 2500.7579, 1998.9863]
4    	156292.51   	0.220   	0.4738  	[16.2, 21.7, 16.2, 16.2]	[up, up, left, up]	[2114.1366, 3332.7131, 2746.6339, 2099.2425]
5    	154908.80   	0.212   	0.6652  	[21.7, 27.1, 16.2, 21.7]	[right, back, left, left]	[2253.7414, 2959.7742, 2968.5721, 2214.9903]
6    	153110.92   	0.204   	0.7003  	[21.7, 27.1, 16.2, 21.7]	[right, back, up, left]	[2304.8799, 2658.2979, 3187.6656, 2291.8468]
7    	150972.22   	0.196   	0.7472  	[21.7, 27.1, 21.7, 21.7]	[right, back, left, left]	[2309.7742, 2524.2699, 3355.5495, 2295.2957]
8    	148196.40   	0.187   	0.7656  	[21.7, 27.1, 21.7, 21.7]	[right, back, left, left]	[2249.2521, 2460.7357, 3314.3977, 2240.8871]
9    	144607.82   	0.178   	0.7841  	[21.7, 27.1, 21.7, 21.7]	[up, back, left, left]	[2274.5566, 2412.7747, 3177.2447, 2199.6138]
10   	140279.83   	0.168   	0.8341  	[27.1, 27.1, 21.7, 21.7]	[right, back, left, left]	[2287.8419, 2352.0984, 2886.6076, 2196.3695]
11   	135476.45   	0.160   	0.8731  	[27.1, 27.1, 21.7, 21.7]	[right, left, left, left]	[2317.4393, 2160.3382, 2591.5337, 2174.0873]
12   	130888.65   	0.151   	0.8839  	[27.1, 27.1, 21.7, 21.7]	[right, left, up, left]	[2339.4488, 1779.4283, 2373.1604, 2168.1198]
13   	126274.60   	0.144   	0.8959  	[27.1, 27.1, 27.1, 21.7]	[right, down, left, left]	[2347.6919, 1540.6918, 2337.2207, 2180.1388]
14   	121817.56   	0.136   	0.9061  	[27.1, 21.7, 27.1, 21.7]	[right, back, left, left]	[2358.7966, 1374.8913, 2322.1384, 2251.6631]
15   	117750.33   	0.129   	0.9222  	[27.1, 21.7, 27.1, 21.7]	[right, left, left, left]	[2382.2112, 1038.6131, 2291.7229, 2305.4811]
16   	113691.31   	0.122   	0.9472  	[27.1, 21.7, 27.1, 21.7]	[front, back, back, back]	[2234.6446, 732.9280, 2075.7840, 2143.4870]
17   	109411.27   	0.116   	0.9530  	[27.1, 21.7, 27.1, 21.7]	[front, hover, back, back]	[2199.8586, 487.7944, 2049.6384, 2094.2890]
18   	104745.52   	0.110   	0.9530  	[27.1, 21.7, 27.1, 21.7]	[front, right, back, back]	[2200.9258, 336.3556, 2078.4195, 2106.1403]
19   	99988.30    	0.104   	0.9550  	[27.1, 21.7, 27.1, 21.7]	[front, right, hover, back]	[2219.5639, 382.5771, 1691.9237, 2108.2544]
20   	95520.15    	0.098   	0.9586  	[27.1, 21.7, 27.1, 21.7]	[front, right, hover, back]	[2017.3401, 484.7297, 1353.2466, 2142.6987]
21   	91473.63    	0.093   	0.9697  	[27.1, 21.7, 27.1, 21.7]	[down, right, right, back]	[1838.2372, 624.7793, 1049.5111, 2207.4375]
22   	87973.67    	0.088   	0.9705  	[21.7, 21.7, 27.1, 21.7]	[front, right, right, back]	[1480.0111, 1049.6465, 889.3761, 2277.1062]
23   	84853.98    	0.084   	0.9759  	[21.7, 21.7, 27.1, 21.7]	[right, right, right, right]	[1101.0153, 1380.5486, 829.5446, 2029.2145]
24   	81868.74    	0.079   	0.9814  	[21.7, 21.7, 27.1, 21.7]	[hover, right, right, right]	[636.9690, 1635.1000, 860.8681, 1911.3119]
25   	79002.35    	0.075   	0.9869  	[21.7, 21.7, 27.1, 21.7]	[hover, right, right, right]	[333.8435, 1808.9546, 913.3448, 1876.2377]
26   	76000.45    	0.070   	0.9923  	[21.7, 21.7, 27.1, 21.7]	[left, right, right, right]	[214.0837, 1644.3210, 987.7208, 1889.5418]
27   	72785.06    	0.066   	0.9956  	[21.7, 21.7, 27.1, 21.7]	[left, front, hover, right]	[359.6607, 1517.3745, 780.9603, 1888.1553]
28   	69434.70    	0.062   	0.9956  	[21.7, 21.7, 27.1, 21.7]	[left, front, hover, right]	[668.4273, 1361.2782, 604.4142, 1894.2297]
29   	66049.79    	0.059   	0.9956  	[21.7, 21.7, 27.1, 21.7]	[left, front, hover, right]	[921.9017, 1345.3051, 452.7903, 1923.8389]
30   	62890.78    	0.055   	0.9956  	[21.7, 21.7, 27.1, 21.7]	[left, front, hover, right]	[1118.2352, 1443.5721, 311.9312, 1976.6268]
31   	59899.97    	0.052   	0.9956  	[21.7, 21.7, 27.1, 21.7]	[left, front, hover, back]	[1281.3916, 1642.1294, 228.3062, 1481.2512]
32   	56961.47    	0.049   	0.9956  	[21.7, 21.7, 27.1, 21.7]	[left, front, hover, hover]	[1428.5785, 1824.0728, 156.1931, 947.4656]
33   	54178.40    	0.045   	0.9969  	[21.7, 21.7, 27.1, 21.7]	[left, front, front, hover]	[1551.5614, 1912.4611, 110.2929, 557.7628]
34   	51649.78    	0.042   	1.0000  	[21.7, 21.7, 27.1, 21.7]	[hover, front, front, hover]	[1132.6499, 1928.3245, 152.8823, 311.3013]
35   	49449.06    	0.039   	1.0000  	[21.7, 21.7, 27.1, 21.7]	[hover, front, front, hover]	[804.9620, 1784.7936, 457.8912, 158.2454]
36   	47513.26    	0.037   	1.0000  	[21.7, 21.7, 27.1, 21.7]	[hover, left, front, hover]	[548.5277, 1150.6679, 879.3565, 81.7502]
37   	45509.17    	0.035   	1.0000  	[21.7, 21.7, 27.1, 21.7]	[hover, right, front, left]	[363.6115, 719.7739, 1250.7228, 45.4390]
38   	43594.88    	0.033   	1.0000  	[21.7, 21.7, 27.1, 21.7]	[hover, left, front, left]	[232.5576, 397.1003, 1561.2904, 47.2750]
39   	41770.44    	0.031   	1.0000  	[21.7, 21.7, 27.1, 21.7]	[hover, left, left, left]	[135.3915, 306.6236, 1333.5338, 58.0838]
40   	40076.08    	0.030   	1.0000  	[21.7, 21.7, 27.1, 21.7]	[hover, left, left, left]	[82.3030, 288.7601, 1148.7662, 73.7492]
41   	38562.35    	0.028   	1.0000  	[21.7, 21.7, 27.1, 21.7]	[hover, left, left, left]	[52.6332, 289.9396, 1020.6731, 104.9548]
42   	37115.61    	0.027   	1.0000  	[21.7, 21.7, 27.1, 21.7]	[hover, left, left, left]	[31.8356, 320.4301, 966.6161, 163.1026]
43   	35628.02    	0.025   	1.0000  	[21.7, 21.7, 27.1, 21.7]	[back, left, left, left]	[19.7009, 411.0601, 984.0146, 236.4650]
44   	33988.80    	0.024   	1.0000  	[21.7, 21.7, 27.1, 21.7]	[back, left, left, left]	[15.6565, 569.9533, 1071.6958, 366.9528]
45   	32348.03    	0.022   	1.0000  	[21.7, 21.7, 27.1, 21.7]	[back, left, hover, hover]	[13.8314, 1034.9542, 845.0931, 239.6732]
46   	30825.62    	0.020   	1.0000  	[21.7, 21.7, 27.1, 21.7]	[back, left, hover, hover]	[14.0726, 1045.3058, 646.2646, 148.8494]
47   	29646.79    	0.019   	1.0000  	[21.7, 21.7, 27.1, 21.7]	[back, hover, hover, hover]	[16.8371, 765.7851, 473.3611, 92.1830]
48   	28692.22    	0.019   	1.0000  	[21.7, 21.7, 27.1, 21.7]	[back, hover, hover, hover]	[35.7901, 552.8273, 337.3021, 55.7284]
49   	27610.29    	0.018   	1.0000  	[21.7, 21.7, 27.1, 21.7]	[back, hover, hover, hover]	[360.6800, 389.7239, 227.2209, 32.9415]
50   	26264.00    	0.017   	1.0000  	[21.7, 21.7, 27.1, 21.7]	[back, back, hover, hover]	[971.8479, 260.9752, 149.2167, 20.8389]
51   	25095.39    	0.016   	1.0000  	[21.7, 21.7, 27.1, 21.7]	[back, front, back, hover]	[1005.9035, 171.3692, 101.2815, 13.3863]
52   	24025.32    	0.015   	1.0000  	[21.7, 21.7, 27.1, 21.7]	[right, back, back, hover]	[783.6901, 117.3813, 78.5615, 8.8838]
53   	23112.20    	0.014   	1.0000  	[21.7, 21.7, 27.1, 21.7]	[right, front, back, front]	[653.7370, 77.2136, 67.1190, 6.0401]
54   	22061.72    	0.013   	1.0000  	[21.7, 21.7, 27.1, 21.7]	[right, back, back, front]	[616.2039, 50.7157, 97.6997, 8.6576]
55   	20943.36    	0.013   	1.0000  	[21.7, 21.7, 27.1, 21.7]	[right, back, back, front]	[591.3882, 43.2834, 141.9310, 15.8670]
56   	19719.01    	0.012   	1.0000  	[21.7, 21.7, 27.1, 21.7]	[right, back, back, front]	[634.7498, 43.4045, 199.8557, 30.8840]
57   	18400.24    	0.011   	1.0000  	[21.7, 21.7, 27.1, 21.7]	[right, back, hover, front]	[719.3502, 41.2540, 139.6121, 58.3277]
58   	17026.02    	0.010   	1.0000  	[21.7, 21.7, 27.1, 21.7]	[right, back, hover, front]	[824.1065, 40.5788, 95.6845, 102.8030]
59   	15531.24    	0.009   	1.0000  	[21.7, 21.7, 27.1, 21.7]	[right, back, hover, front]	[969.9465, 40.5810, 67.0856, 190.6270]
60   	14268.96    	0.008   	1.0000  	[21.7, 21.7, 27.1, 21.7]	[hover, back, hover, front]	[626.9705, 43.7891, 44.8681, 318.0496]
61   	13035.18    	0.007   	1.0000  	[21.7, 21.7, 27.1, 21.7]	[front, back, hover, front]	[386.8008, 50.3990, 31.5469, 799.7041]
62   	12055.66    	0.007   	1.0000  	[21.7, 21.7, 27.1, 21.7]	[back, back, hover, hover]	[246.2613, 51.7038, 22.5650, 604.6736]
63   	11397.13    	0.006   	1.0000  	[21.7, 21.7, 27.1, 21.7]	[front, hover, hover, hover]	[132.7187, 32.6875, 15.3099, 446.2887]
64   	10869.87    	0.006   	1.0000  	[21.7, 21.7, 27.1, 21.7]	[back, hover, hover, right]	[78.5408, 19.2372, 10.9037, 342.7617]
65   	10495.85    	0.006   	1.0000  	[21.7, 21.7, 27.1, 21.7]	[front, hover, hover, right]	[41.3435, 13.4626, 8.0014, 281.8542]
66   	10150.88    	0.005   	1.0000  	[21.7, 21.7, 27.1, 21.7]	[back, hover, right, right]	[25.2081, 8.2815, 6.2273, 260.4656]
67   	9842.01     	0.005   	1.0000  	[21.7, 21.7, 27.1, 21.7]	[front, hover, right, right]	[14.4213, 5.1538, 8.5258, 244.6208]
68   	9539.78     	0.005   	1.0000  	[21.7, 21.7, 27.1, 21.7]	[front, hover, right, right]	[10.4895, 3.4464, 13.3570, 241.7406]
69   	9256.06     	0.005   	1.0000  	[21.7, 21.7, 27.1, 21.7]	[front, right, right, right]	[8.4428, 3.0396, 18.4128, 236.7160]
70   	8990.97     	0.004   	1.0000  	[21.7, 21.7, 27.1, 21.7]	[front, front, right, right]	[7.8755, 2.9457, 24.7707, 237.6866]
71   	8725.33     	0.004   	1.0000  	[21.7, 21.7, 27.1, 21.7]	[front, right, right, right]	[14.2233, 2.5101, 38.8073, 245.5040]
72   	8542.05     	0.004   	1.0000  	[21.7, 21.7, 27.1, 21.7]	[front, right, hover, hover]	[23.4106, 2.6385, 24.6309, 159.2578]
73   	8394.41     	0.004   	1.0000  	[21.7, 21.7, 27.1, 21.7]	[front, right, hover, hover]	[29.4919, 7.2093, 16.2716, 99.2992]
74   	8267.98     	0.004   	1.0000  	[21.7, 21.7, 27.1, 21.7]	[front, right, hover, hover]	[34.0043, 22.8217, 11.5816, 53.0667]
75   	8137.55     	0.004   	1.0000  	[21.7, 21.7, 27.1, 21.7]	[front, right, hover, hover]	[35.2869, 43.7951, 8.5721, 28.1985]
76   	7968.43     	0.004   	1.0000  	[21.7, 21.7, 27.1, 21.7]	[hover, right, front, hover]	[17.4973, 82.3187, 7.1657, 14.7448]
77   	7683.85     	0.003   	1.0000  	[21.7, 21.7, 27.1, 21.7]	[hover, right, front, back]	[8.5945, 144.5447, 15.3605, 10.8705]
78   	7300.86     	0.003   	1.0000  	[21.7, 21.7, 27.1, 21.7]	[hover, right, front, up]	[4.9588, 182.3614, 77.8954, 7.3061]
79   	6820.48     	0.003   	1.0000  	[21.7, 21.7, 27.1, 27.1]	[hover, back, front, left]	[3.4319, 135.0792, 159.7881, 5.0557]
80   	6282.78     	0.003   	1.0000  	[21.7, 21.7, 27.1, 27.1]	[hover, hover, front, hover]	[2.3143, 77.6873, 245.9098, 3.2005]
81   	5664.59     	0.002   	1.0000  	[21.7, 21.7, 27.1, 27.1]	[hover, hover, front, back]	[1.6760, 45.1165, 351.7082, 2.2536]
82   	5170.62     	0.002   	1.0000  	[21.7, 21.7, 27.1, 27.1]	[back, hover, hover, back]	[1.2907, 25.6130, 262.8826, 2.2609]
83   	4818.58     	0.002   	1.0000  	[21.7, 21.7, 27.1, 27.1]	[front, front, hover, back]	[1.1022, 14.3821, 187.8608, 3.0942]
84   	4547.16     	0.001   	1.0000  	[21.7, 21.7, 27.1, 27.1]	[front, back, hover, back]	[1.0284, 9.6512, 132.6711, 4.2978]
85   	4372.14     	0.001   	1.0000  	[21.7, 21.7, 27.1, 27.1]	[down, front, hover, back]	[1.1503, 6.8289, 88.8249, 5.4811]
86   	4234.42     	0.001   	1.0000  	[16.2, 21.7, 27.1, 27.1]	[right, front, hover, back]	[1.3651, 6.2496, 60.8334, 5.9654]
87   	4142.38     	0.001   	1.0000  	[16.2, 21.7, 27.1, 27.1]	[front, front, hover, back]	[0.7385, 6.3044, 38.8821, 5.3609]
88   	4084.28     	0.001   	1.0000  	[16.2, 21.7, 27.1, 27.1]	[hover, front, hover, hover]	[0.4259, 6.3033, 23.5153, 4.0891]
89   	4045.51     	0.001   	1.0000  	[16.2, 21.7, 27.1, 27.1]	[hover, front, hover, hover]	[0.4955, 11.1986, 14.0994, 3.0575]
90   	4012.46     	0.001   	1.0000  	[16.2, 21.7, 27.1, 27.1]	[hover, front, hover, hover]	[0.3846, 22.7307, 8.2524, 2.2963]
91   	3955.35     	0.001   	1.0000  	[16.2, 21.7, 27.1, 27.1]	[hover, front, hover, hover]	[0.2708, 36.2012, 5.6879, 1.8861]
92   	3861.36     	0.001   	1.0000  	[16.2, 21.7, 27.1, 27.1]	[hover, front, left, hover]	[0.2228, 53.3828, 4.0311, 1.5569]
93   	3738.88     	0.001   	1.0000  	[16.2, 21.7, 27.1, 27.1]	[hover, front, left, hover]	[0.2884, 72.8806, 5.5568, 1.2037]
94   	3662.01     	0.001   	1.0000  	[16.2, 21.7, 27.1, 27.1]	[hover, hover, left, hover]	[0.4323, 39.8036, 8.2996, 1.1868]
95   	3605.96     	0.001   	1.0000  	[16.2, 21.7, 27.1, 27.1]	[hover, hover, left, down]	[0.2096, 21.9165, 13.2466, 0.9612]
96   	3547.75     	0.001   	1.0000  	[16.2, 21.7, 27.1, 21.7]	[hover, hover, left, right]	[0.3484, 11.1643, 21.7390, 1.7260]
97   	3481.04     	0.001   	1.0000  	[16.2, 21.7, 27.1, 21.7]	[hover, hover, left, back]	[0.2448, 6.2853, 35.9283, 1.3366]
98   	3432.18     	0.001   	1.0000  	[16.2, 21.7, 27.1, 21.7]	[hover, hover, hover, hover]	[0.1059, 3.6132, 24.5706, 1.0956]
99   	3402.46     	0.001   	1.0000  	[16.2, 21.7, 27.1, 21.7]	[hover, left, hover, down]	[0.0877, 2.2924, 16.5007, 0.8854]
[2025-12-18T14:48:09]
Strategy: greedy_ig
Pairwise: adaptive
News mode: IG
Num agents: 4
Iteration: 16
Error margin: None
Gaussian radius 5 
Grid info: range: 0-50-50, cell_size:0.125, map shape: (400, 400), center:True
init UAV positions: [(-10.0, -20.0, 5.4), (-10.0, 25.0, 5.4), (25.0, -20.0, 5.4), (15.0, 5.0, 5.4)]
mcts_params: {}
Step	Entropy	MSE	Coverage	Heights	Actions	IGs
------------------------------------------------------------------------------------------------------------------------
0    	160000.00   	0.250   	0.0000  	[5.4, 5.4, 5.4, 5.4]	[-, -, -, -]	[-, -, -, -]
1    	159326.78   	0.244   	0.0469  	[5.4, 5.4, 5.4, 5.4]	[up, up, up, up]	[3514.1024, 1952.2791, 1757.0512, 3904.5582]
2    	158698.71   	0.238   	0.1781  	[10.8, 10.8, 10.8, 10.8]	[up, up, left, up]	[3212.9830, 2176.5189, 1529.8099, 4348.3200]
3    	157989.69   	0.231   	0.3609  	[16.2, 16.2, 10.8, 16.2]	[front, back, up, up]	[3233.8107, 2522.7302, 1483.4251, 3853.5540]
4    	157179.33   	0.223   	0.5219  	[16.2, 16.2, 16.2, 21.7]	[up, back, left, left]	[3133.4163, 2748.9277, 1461.8708, 3619.6539]
5    	156286.84   	0.216   	0.6656  	[21.7, 16.2, 16.2, 21.7]	[front, back, front, left]	[3072.0088, 2930.3853, 1479.1769, 3131.5654]
6    	155111.37   	0.207   	0.7453  	[21.7, 16.2, 16.2, 21.7]	[front, up, left, up]	[2824.2933, 3129.7842, 1624.2223, 2795.9228]
7    	153498.07   	0.198   	0.8805  	[21.7, 21.7, 16.2, 27.1]	[front, back, front, left]	[2524.3815, 3171.4210, 1673.6388, 2587.1283]
8    	151307.64   	0.189   	0.8883  	[21.7, 21.7, 16.2, 27.1]	[front, back, up, left]	[2366.2899, 2920.9609, 1816.0857, 2481.7643]
9    	148322.22   	0.180   	0.9062  	[21.7, 21.7, 21.7, 27.1]	[front, back, left, left]	[2295.3958, 2684.8127, 2013.7381, 2401.8938]
10   	144892.63   	0.172   	0.9098  	[21.7, 21.7, 21.7, 27.1]	[front, back, front, left]	[2253.1838, 2457.1855, 2073.4951, 2348.3827]
11   	141097.22   	0.164   	0.9098  	[21.7, 21.7, 21.7, 27.1]	[front, back, front, left]	[2248.9678, 2371.2030, 2121.2221, 2342.8403]
12   	137245.84   	0.157   	0.9098  	[21.7, 21.7, 21.7, 27.1]	[front, back, front, back]	[2265.1749, 2298.2298, 2264.7920, 2159.0089]
13   	133734.52   	0.150   	0.9098  	[21.7, 21.7, 21.7, 27.1]	[front, back, front, back]	[2270.7439, 2250.8204, 2499.2695, 2079.8956]
14   	130212.17   	0.143   	0.9098  	[21.7, 21.7, 21.7, 27.1]	[right, back, front, back]	[2123.1209, 2233.9547, 2777.1299, 2068.5379]
15   	126540.86   	0.135   	0.9137  	[21.7, 21.7, 21.7, 27.1]	[right, back, front, back]	[2079.9419, 2250.2232, 2948.0364, 2093.9652]
16   	122659.92   	0.127   	0.9177  	[21.7, 21.7, 21.7, 27.1]	[right, right, front, left]	[2106.6159, 2110.6557, 2905.0475, 1965.8683]
17   	118806.40   	0.119   	0.9536  	[21.7, 21.7, 21.7, 27.1]	[right, right, front, back]	[2131.1248, 2060.8110, 2737.3614, 1809.1346]
18   	114457.81   	0.112   	0.9719  	[21.7, 21.7, 21.7, 27.1]	[right, right, left, down]	[2158.0931, 2095.5618, 2317.0494, 1462.6890]
19   	109950.05   	0.105   	0.9719  	[21.7, 21.7, 21.7, 21.7]	[right, right, left, back]	[2200.1178, 2127.4737, 2104.3605, 1258.9507]
20   	105588.89   	0.099   	0.9719  	[21.7, 21.7, 21.7, 21.7]	[right, right, left, left]	[2220.0156, 2162.7819, 2042.5564, 1112.7441]
21   	101279.37   	0.093   	0.9719  	[21.7, 21.7, 21.7, 21.7]	[back, right, left, hover]	[1936.2534, 2169.7328, 2075.6267, 744.7833]
22   	97060.71    	0.088   	0.9719  	[21.7, 21.7, 21.7, 21.7]	[back, right, left, hover]	[1838.5433, 2216.3235, 2149.8935, 477.1049]
23   	92990.63    	0.083   	0.9719  	[21.7, 21.7, 21.7, 21.7]	[back, front, left, hover]	[1923.7303, 1958.9297, 2226.2852, 297.8734]
24   	88854.00    	0.079   	0.9719  	[21.7, 21.7, 21.7, 21.7]	[back, front, left, front]	[2132.5652, 1931.6700, 2295.2439, 202.0531]
25   	84932.74    	0.075   	0.9719  	[21.7, 21.7, 21.7, 21.7]	[back, front, left, front]	[2336.1235, 2037.9010, 2327.8245, 197.4535]
26   	80246.22    	0.069   	0.9875  	[21.7, 21.7, 21.7, 21.7]	[back, front, back, front]	[2485.1902, 2240.2966, 2178.5989, 242.9878]
27   	74421.41    	0.063   	0.9875  	[21.7, 21.7, 21.7, 21.7]	[back, front, back, front]	[2511.3305, 2423.3981, 2119.6880, 357.3858]
28   	68107.82    	0.057   	0.9875  	[21.7, 21.7, 21.7, 21.7]	[back, front, back, front]	[2109.7965, 2515.2418, 2097.8464, 478.8757]
29   	61940.84    	0.051   	0.9875  	[21.7, 21.7, 21.7, 21.7]	[right, front, back, front]	[1469.4246, 2450.9053, 2165.9115, 616.7425]
30   	56260.43    	0.046   	0.9875  	[21.7, 21.7, 21.7, 21.7]	[hover, front, back, front]	[908.8349, 2357.8295, 2191.8654, 800.6196]
31   	51556.73    	0.041   	0.9984  	[21.7, 21.7, 21.7, 21.7]	[hover, right, back, front]	[518.5023, 1614.2233, 2213.1710, 1236.0439]
32   	47857.58    	0.038   	0.9988  	[21.7, 21.7, 21.7, 21.7]	[hover, hover, back, front]	[289.6208, 1010.2353, 2218.1652, 1198.6121]
33   	44881.68    	0.035   	1.0000  	[21.7, 21.7, 21.7, 21.7]	[left, hover, back, right]	[155.3576, 577.4664, 1977.2679, 922.2643]
34   	42480.60    	0.033   	1.0000  	[21.7, 21.7, 21.7, 21.7]	[left, left, right, right]	[108.1974, 293.1092, 1406.7528, 741.3137]
35   	40607.30    	0.031   	1.0000  	[21.7, 21.7, 21.7, 21.7]	[left, right, right, right]	[70.9539, 166.4309, 943.1106, 618.8709]
36   	39285.83    	0.030   	1.0000  	[21.7, 21.7, 21.7, 21.7]	[left, hover, left, right]	[50.5252, 85.6185, 591.7528, 561.7130]
37   	38231.79    	0.029   	1.0000  	[21.7, 21.7, 21.7, 21.7]	[left, back, left, right]	[44.7284, 61.6774, 479.7138, 535.0018]
38   	37298.17    	0.029   	1.0000  	[21.7, 21.7, 21.7, 21.7]	[left, back, hover, right]	[42.1966, 75.0793, 292.5850, 551.2926]
39   	36481.81    	0.028   	1.0000  	[21.7, 21.7, 21.7, 21.7]	[left, back, hover, right]	[58.3209, 117.1406, 163.1078, 586.9108]
40   	35522.89    	0.027   	1.0000  	[21.7, 21.7, 21.7, 21.7]	[left, back, right, right]	[139.0016, 168.1892, 101.4807, 733.5287]
41   	34527.20    	0.026   	1.0000  	[21.7, 21.7, 21.7, 21.7]	[left, back, right, right]	[644.9423, 238.8049, 127.9426, 572.1888]
42   	33692.26    	0.025   	1.0000  	[21.7, 21.7, 21.7, 21.7]	[front, back, right, down]	[507.5892, 320.3837, 101.5276, 359.5462]
43   	32973.25    	0.024   	1.0000  	[21.7, 21.7, 21.7, 16.2]	[front, back, right, right]	[397.9160, 382.5234, 61.3300, 247.5115]
44   	32335.68    	0.023   	1.0000  	[21.7, 21.7, 21.7, 16.2]	[front, back, right, front]	[324.6171, 449.6692, 36.3529, 164.0820]
45   	31887.92    	0.023   	1.0000  	[21.7, 21.7, 21.7, 16.2]	[front, hover, right, hover]	[294.2108, 271.8659, 23.6798, 63.9798]
46   	31519.42    	0.022   	1.0000  	[21.7, 21.7, 21.7, 16.2]	[front, hover, right, hover]	[292.6707, 158.3982, 18.4810, 24.7976]
47   	31175.74    	0.022   	1.0000  	[21.7, 21.7, 21.7, 16.2]	[front, hover, right, back]	[336.0497, 83.5778, 16.2449, 13.1225]
48   	30793.94    	0.022   	1.0000  	[21.7, 21.7, 21.7, 16.2]	[front, hover, front, back]	[414.2130, 42.6161, 19.8241, 38.9476]
49   	30348.01    	0.021   	1.0000  	[21.7, 21.7, 21.7, 16.2]	[front, hover, front, back]	[539.6269, 22.8520, 20.8496, 99.9870]
50   	29947.44    	0.021   	1.0000  	[21.7, 21.7, 21.7, 16.2]	[front, hover, front, back]	[665.0249, 12.8844, 36.5246, 150.1887]
51   	29570.58    	0.020   	1.0000  	[21.7, 21.7, 21.7, 16.2]	[hover, left, front, back]	[499.4407, 9.2269, 64.4303, 269.9311]
52   	28945.00    	0.020   	1.0000  	[21.7, 21.7, 21.7, 16.2]	[hover, left, front, back]	[370.4843, 9.7231, 103.1246, 691.9262]
53   	27857.72    	0.019   	1.0000  	[21.7, 21.7, 21.7, 16.2]	[hover, left, front, back]	[267.9843, 15.0475, 158.8454, 1291.3341]
54   	26394.84    	0.018   	1.0000  	[21.7, 21.7, 21.7, 16.2]	[hover, left, front, back]	[182.2202, 28.5197, 217.4047, 1698.0026]
55   	24254.23    	0.016   	1.0000  	[21.7, 21.7, 21.7, 16.2]	[right, left, front, back]	[130.3532, 52.6567, 309.6057, 1984.1687]
56   	21523.21    	0.014   	1.0000  	[21.7, 21.7, 21.7, 16.2]	[right, left, front, back]	[119.1547, 98.0988, 479.1841, 2032.0187]
57   	19248.42    	0.012   	1.0000  	[21.7, 21.7, 21.7, 16.2]	[right, left, hover, back]	[124.2801, 167.9581, 323.4713, 1523.7817]
58   	17181.18    	0.011   	1.0000  	[21.7, 21.7, 21.7, 16.2]	[right, left, hover, left]	[140.6028, 292.6703, 210.8933, 1205.4627]
59   	15181.70    	0.009   	1.0000  	[21.7, 21.7, 21.7, 16.2]	[right, left, left, left]	[173.5994, 773.9514, 139.5647, 846.2601]
60   	13520.28    	0.008   	1.0000  	[21.7, 21.7, 21.7, 16.2]	[right, hover, left, left]	[229.4799, 577.9555, 118.4647, 494.9800]
61   	12228.54    	0.007   	1.0000  	[21.7, 21.7, 21.7, 16.2]	[right, front, left, left]	[315.6301, 413.0874, 118.0055, 184.8889]
62   	11014.54    	0.006   	1.0000  	[21.7, 21.7, 21.7, 16.2]	[right, front, left, left]	[443.0341, 325.3836, 133.9220, 76.0022]
63   	9931.02     	0.006   	1.0000  	[21.7, 21.7, 21.7, 16.2]	[right, front, left, left]	[398.2691, 282.1120, 166.1336, 36.2143]
64   	9036.51     	0.005   	1.0000  	[21.7, 21.7, 21.7, 16.2]	[hover, front, left, left]	[241.8142, 270.7384, 211.7450, 24.9056]
65   	8290.55     	0.004   	1.0000  	[21.7, 21.7, 21.7, 16.2]	[back, front, left, left]	[141.4387, 272.7326, 308.0615, 24.2695]
66   	7508.25     	0.004   	1.0000  	[21.7, 21.7, 21.7, 16.2]	[front, front, left, left]	[89.0448, 298.7924, 445.2717, 26.6841]
67   	6887.88     	0.003   	1.0000  	[21.7, 21.7, 21.7, 16.2]	[back, front, hover, left]	[53.0493, 337.0425, 310.5941, 27.9316]
68   	6331.36     	0.003   	1.0000  	[21.7, 21.7, 21.7, 16.2]	[hover, front, hover, left]	[32.0666, 417.6045, 212.3267, 52.2277]
69   	5916.52     	0.002   	1.0000  	[21.7, 21.7, 21.7, 16.2]	[front, hover, hover, hover]	[23.7094, 296.6950, 143.9139, 31.4213]
70   	5619.11     	0.002   	1.0000  	[21.7, 21.7, 21.7, 16.2]	[back, hover, hover, hover]	[14.6550, 204.7268, 92.1398, 16.9200]
71   	5434.98     	0.002   	1.0000  	[21.7, 21.7, 21.7, 16.2]	[back, hover, hover, hover]	[11.6339, 131.2009, 58.9143, 9.1820]
72   	5318.90     	0.002   	1.0000  	[21.7, 21.7, 21.7, 16.2]	[back, hover, hover, front]	[11.2660, 85.0739, 36.4124, 4.9534]
73   	5239.72     	0.002   	1.0000  	[21.7, 21.7, 21.7, 16.2]	[back, hover, hover, back]	[11.2919, 54.5412, 24.0471, 3.4604]
74   	5171.98     	0.002   	1.0000  	[21.7, 21.7, 21.7, 16.2]	[back, right, hover, hover]	[11.8172, 37.8289, 15.3124, 2.0703]
75   	5122.87     	0.002   	1.0000  	[21.7, 21.7, 21.7, 16.2]	[back, left, back, hover]	[15.3365, 28.6250, 11.4156, 1.5770]
76   	5073.79     	0.002   	1.0000  	[21.7, 21.7, 21.7, 16.2]	[back, right, front, front]	[20.5937, 19.2170, 8.3063, 1.0770]
77   	5015.82     	0.002   	1.0000  	[21.7, 21.7, 21.7, 16.2]	[back, up, back, front]	[24.0773, 16.6593, 6.1674, 1.2959]
78   	4963.41     	0.002   	1.0000  	[21.7, 27.1, 21.7, 16.2]	[back, back, back, front]	[21.7250, 12.9776, 4.5997, 1.7960]
79   	4930.29     	0.002   	1.0000  	[21.7, 27.1, 21.7, 16.2]	[hover, hover, back, front]	[12.6525, 8.8487, 4.4597, 3.4871]
80   	4905.15     	0.002   	1.0000  	[21.7, 27.1, 21.7, 16.2]	[hover, hover, back, front]	[7.9827, 6.0282, 6.0690, 5.9379]
81   	4870.09     	0.002   	1.0000  	[21.7, 27.1, 21.7, 16.2]	[down, back, back, front]	[5.2956, 4.4917, 8.2752, 18.8828]
82   	4812.32     	0.002   	1.0000  	[16.2, 27.1, 21.7, 16.2]	[right, back, back, front]	[5.9786, 6.4552, 9.6815, 34.9116]
83   	4703.03     	0.002   	1.0000  	[16.2, 27.1, 21.7, 16.2]	[back, back, back, front]	[5.2711, 9.5685, 14.8467, 69.5326]
84   	4490.62     	0.002   	1.0000  	[16.2, 27.1, 21.7, 16.2]	[down, back, back, front]	[3.6853, 18.1393, 24.3002, 141.4294]
85   	4143.61     	0.001   	1.0000  	[10.8, 27.1, 21.7, 16.2]	[right, back, back, front]	[3.1456, 30.4841, 27.6956, 307.7047]
86   	3839.84     	0.001   	1.0000  	[10.8, 27.1, 21.7, 16.2]	[back, back, hover, front]	[1.9455, 61.3607, 16.3572, 311.0410]
87   	3623.10     	0.001   	1.0000  	[10.8, 27.1, 21.7, 16.2]	[hover, hover, hover, hover]	[1.7412, 42.2837, 9.8961, 210.6052]
88   	3470.40     	0.001   	1.0000  	[10.8, 27.1, 21.7, 16.2]	[left, hover, hover, hover]	[1.1754, 29.9638, 6.1986, 134.0313]
89   	3381.03     	0.001   	1.0000  	[10.8, 27.1, 21.7, 16.2]	[left, hover, hover, hover]	[1.8364, 20.2625, 4.2784, 81.5616]
90   	3322.30     	0.001   	1.0000  	[10.8, 27.1, 21.7, 16.2]	[hover, hover, hover, hover]	[0.6476, 14.2443, 2.6253, 50.2946]
91   	3287.01     	0.001   	1.0000  	[10.8, 27.1, 21.7, 16.2]	[hover, hover, front, hover]	[0.7663, 9.5202, 2.2219, 31.3238]
92   	3262.15     	0.001   	1.0000  	[10.8, 27.1, 21.7, 16.2]	[left, hover, front, hover]	[0.4223, 6.5033, 2.0431, 20.4435]
93   	3247.35     	0.001   	1.0000  	[10.8, 27.1, 21.7, 16.2]	[left, hover, front, right]	[0.9874, 4.5031, 2.1267, 16.0820]
94   	3233.41     	0.001   	1.0000  	[10.8, 27.1, 21.7, 16.2]	[left, hover, front, left]	[0.6931, 3.1478, 1.8903, 12.0906]
95   	3224.01     	0.001   	1.0000  	[10.8, 27.1, 21.7, 16.2]	[left, hover, hover, right]	[1.2506, 2.3363, 1.9054, 8.5951]
96   	3215.82     	0.001   	1.0000  	[10.8, 27.1, 21.7, 16.2]	[front, hover, hover, up]	[1.2938, 1.8073, 1.9718, 6.0173]
97   	3207.08     	0.001   	1.0000  	[10.8, 27.1, 21.7, 21.7]	[front, hover, hover, right]	[1.4143, 1.5014, 1.8850, 5.5907]
98   	3199.04     	0.001   	1.0000  	[10.8, 27.1, 21.7, 21.7]	[front, hover, front, right]	[1.7624, 1.2866, 1.7627, 5.7147]
99   	3191.19     	0.001   	1.0000  	[10.8, 27.1, 21.7, 21.7]	[hover, hover, down, right]	[1.7829, 1.0693, 1.7218, 5.3279]
[2025-12-18T14:48:20]
Strategy: greedy_ig
Pairwise: adaptive
News mode: IG
Num agents: 4
Iteration: 17
Error margin: None
Gaussian radius 5 
Grid info: range: 0-50-50, cell_size:0.125, map shape: (400, 400), center:True
init UAV positions: [(-5.0, -10.0, 5.4), (-5.0, 20.0, 5.4), (15.0, -25.0, 5.4), (20.0, 10.0, 5.4)]
mcts_params: {}
Step	Entropy	MSE	Coverage	Heights	Actions	IGs
------------------------------------------------------------------------------------------------------------------------
0    	160000.00   	0.250   	0.0000  	[5.4, 5.4, 5.4, 5.4]	[-, -, -, -]	[-, -, -, -]
1    	159072.40   	0.242   	0.0547  	[5.4, 5.4, 5.4, 5.4]	[up, up, up, up]	[3904.5582, 3514.1024, 1952.2791, 3514.1024]
2    	158169.04   	0.232   	0.2062  	[10.8, 10.8, 10.8, 10.8]	[up, up, up, up]	[3936.1836, 3141.6441, 1995.7700, 2831.7680]
3    	157190.93   	0.223   	0.4266  	[16.2, 16.2, 16.2, 16.2]	[up, back, front, up]	[3888.9887, 3091.5680, 2031.5982, 2552.0467]
4    	156116.72   	0.214   	0.6425  	[21.7, 16.2, 16.2, 21.7]	[up, up, front, left]	[3255.2009, 2958.4569, 1962.4968, 2557.5105]
5    	154691.31   	0.205   	0.8273  	[27.1, 21.7, 16.2, 21.7]	[front, back, front, left]	[2905.6039, 2949.4106, 1881.0207, 2483.2071]
6    	152745.91   	0.196   	0.8484  	[27.1, 21.7, 16.2, 21.7]	[front, back, up, left]	[2603.1817, 2751.6794, 1879.2052, 2333.0991]
7    	150186.30   	0.188   	0.8750  	[27.1, 21.7, 21.7, 21.7]	[front, back, front, left]	[2462.0725, 2542.8088, 2005.1663, 2244.1010]
8    	147081.42   	0.179   	0.8825  	[27.1, 21.7, 21.7, 21.7]	[front, up, left, left]	[2398.5061, 2412.1574, 2093.9468, 2191.5966]
9    	143555.09   	0.171   	0.8934  	[27.1, 27.1, 21.7, 21.7]	[front, back, left, left]	[2346.8871, 2386.7485, 2076.2473, 2163.2414]
10   	139526.21   	0.162   	0.8934  	[27.1, 27.1, 21.7, 21.7]	[front, back, left, left]	[2335.1676, 2401.6517, 2085.4440, 2182.8440]
11   	135483.36   	0.154   	0.8966  	[27.1, 27.1, 21.7, 21.7]	[left, back, left, left]	[2158.4381, 2394.8242, 2104.7397, 2172.8091]
12   	131561.81   	0.146   	0.9356  	[27.1, 27.1, 21.7, 21.7]	[left, back, left, left]	[1798.5104, 2358.0613, 2150.9872, 2214.4761]
13   	127803.02   	0.139   	0.9513  	[27.1, 27.1, 21.7, 21.7]	[down, back, left, left]	[1558.3365, 2353.2419, 2133.5881, 2292.4531]
14   	124145.73   	0.132   	0.9513  	[21.7, 27.1, 21.7, 21.7]	[front, left, left, back]	[1404.9619, 2152.5899, 2169.5578, 2172.1357]
15   	120472.43   	0.125   	0.9723  	[21.7, 27.1, 21.7, 21.7]	[left, back, left, back]	[1115.5986, 1843.5952, 2224.0846, 2126.9087]
16   	116975.63   	0.120   	0.9739  	[21.7, 27.1, 21.7, 21.7]	[front, left, left, back]	[841.3424, 1520.3033, 2114.8788, 2109.6447]
17   	112926.43   	0.115   	0.9848  	[21.7, 27.1, 21.7, 21.7]	[hover, down, front, back]	[593.2696, 1422.6497, 2016.6954, 2131.2412]
18   	108522.58   	0.110   	0.9848  	[21.7, 21.7, 21.7, 21.7]	[right, left, front, back]	[433.8580, 1055.3450, 1982.8411, 2176.6568]
19   	103932.80   	0.106   	0.9848  	[21.7, 21.7, 21.7, 21.7]	[right, back, front, back]	[457.0441, 825.8205, 2007.3574, 2204.4163]
20   	99661.01    	0.101   	0.9848  	[21.7, 21.7, 21.7, 21.7]	[right, hover, front, back]	[558.6237, 532.7518, 2049.4582, 2212.5000]
21   	95227.83    	0.097   	0.9848  	[21.7, 21.7, 21.7, 21.7]	[right, right, front, right]	[707.1433, 358.2003, 2092.4178, 2000.8393]
22   	90966.40    	0.092   	0.9856  	[21.7, 21.7, 21.7, 21.7]	[right, right, front, right]	[1108.8688, 330.5246, 2132.5621, 1889.6958]
23   	86627.34    	0.087   	0.9888  	[21.7, 21.7, 21.7, 21.7]	[right, right, front, right]	[1437.8944, 399.6021, 2185.9519, 1881.9780]
24   	82809.40    	0.082   	0.9919  	[21.7, 21.7, 21.7, 21.7]	[right, right, front, right]	[1660.3122, 595.2003, 2255.9879, 1873.0201]
25   	78816.66    	0.076   	0.9950  	[21.7, 21.7, 21.7, 21.7]	[right, right, right, right]	[1790.2628, 1048.9191, 2232.0359, 1889.9984]
26   	74749.43    	0.070   	0.9981  	[21.7, 21.7, 21.7, 21.7]	[right, right, right, right]	[1616.7033, 1417.3431, 2216.4366, 1905.0976]
27   	70628.58    	0.064   	1.0000  	[21.7, 21.7, 21.7, 21.7]	[back, right, right, right]	[1451.9509, 1684.1201, 2247.9616, 1949.8787]
28   	66292.71    	0.058   	1.0000  	[21.7, 21.7, 21.7, 21.7]	[back, right, right, right]	[1309.5587, 1857.9101, 2297.9298, 1738.0398]
29   	61996.53    	0.052   	1.0000  	[21.7, 21.7, 21.7, 21.7]	[back, right, right, back]	[1281.7884, 1687.1667, 2302.2210, 1274.6125]
30   	58291.00    	0.047   	1.0000  	[21.7, 21.7, 21.7, 21.7]	[back, front, right, hover]	[1343.8132, 1487.1524, 2253.8417, 781.2369]
31   	54934.06    	0.043   	1.0000  	[21.7, 21.7, 21.7, 21.7]	[back, front, right, hover]	[1534.1897, 1368.2445, 2211.5964, 463.0100]
32   	51650.33    	0.040   	1.0000  	[21.7, 21.7, 21.7, 21.7]	[back, front, right, hover]	[1754.4541, 1358.4122, 2176.5851, 264.7458]
33   	48283.62    	0.036   	1.0000  	[21.7, 21.7, 21.7, 21.7]	[back, front, right, hover]	[1939.2874, 1478.8980, 1568.4190, 134.1620]
34   	44478.16    	0.033   	1.0000  	[21.7, 21.7, 21.7, 21.7]	[back, front, down, front]	[2062.7986, 1651.5635, 1085.4746, 69.4767]
35   	40280.09    	0.029   	1.0000  	[21.7, 21.7, 16.2, 21.7]	[back, front, up, front]	[1935.5017, 1822.1036, 600.1267, 53.9665]
36   	36091.29    	0.026   	1.0000  	[21.7, 21.7, 21.7, 21.7]	[hover, front, back, front]	[1277.0685, 1886.4256, 397.7103, 34.3620]
37   	32553.31    	0.024   	1.0000  	[21.7, 21.7, 21.7, 21.7]	[left, front, back, front]	[821.2534, 1835.5547, 281.5065, 27.9970]
38   	29962.81    	0.022   	1.0000  	[21.7, 21.7, 21.7, 21.7]	[left, front, back, front]	[524.0264, 1531.3159, 194.0844, 26.2647]
39   	28261.30    	0.021   	1.0000  	[21.7, 21.7, 21.7, 21.7]	[left, down, back, front]	[378.3276, 998.0630, 158.6922, 34.8020]
40   	27110.09    	0.020   	1.0000  	[21.7, 16.2, 21.7, 21.7]	[left, front, down, front]	[325.0488, 767.2424, 150.3112, 39.8760]
41   	26176.53    	0.019   	1.0000  	[21.7, 16.2, 16.2, 21.7]	[left, right, right, front]	[322.6011, 489.9294, 153.8127, 76.9488]
42   	25047.56    	0.018   	1.0000  	[21.7, 16.2, 16.2, 21.7]	[left, hover, back, front]	[388.9883, 193.2983, 130.1738, 607.2547]
43   	23882.70    	0.017   	1.0000  	[21.7, 16.2, 16.2, 21.7]	[left, hover, back, left]	[538.7384, 69.5003, 105.4262, 489.9096]
44   	22577.50    	0.016   	1.0000  	[21.7, 16.2, 16.2, 21.7]	[left, up, back, left]	[1000.9409, 32.2911, 94.0146, 375.4949]
45   	21406.03    	0.015   	1.0000  	[21.7, 21.7, 16.2, 21.7]	[left, back, back, left]	[998.9915, 35.9117, 67.4873, 308.6197]
46   	20446.89    	0.014   	1.0000  	[21.7, 21.7, 16.2, 21.7]	[hover, back, back, left]	[719.7210, 37.8505, 43.8126, 277.1179]
47   	19692.09    	0.013   	1.0000  	[21.7, 21.7, 16.2, 21.7]	[hover, back, hover, left]	[493.9647, 26.8599, 17.8071, 279.5601]
48   	19089.51    	0.013   	1.0000  	[21.7, 21.7, 16.2, 21.7]	[hover, back, front, left]	[315.1538, 34.7369, 9.7534, 330.2513]
49   	18574.43    	0.012   	1.0000  	[21.7, 21.7, 16.2, 21.7]	[front, back, front, left]	[212.4745, 54.8691, 13.1219, 430.1303]
50   	18078.37    	0.012   	1.0000  	[21.7, 21.7, 16.2, 21.7]	[front, back, front, left]	[130.3345, 88.6835, 14.1914, 574.2410]
51   	17590.69    	0.011   	1.0000  	[21.7, 21.7, 16.2, 21.7]	[front, back, front, left]	[88.3012, 119.3923, 12.9280, 702.4744]
52   	17140.52    	0.011   	1.0000  	[21.7, 21.7, 16.2, 21.7]	[front, back, front, hover]	[65.6436, 167.9068, 15.7926, 502.4074]
53   	16635.01    	0.010   	1.0000  	[21.7, 21.7, 16.2, 21.7]	[front, back, front, hover]	[57.5357, 202.3891, 23.9572, 362.6128]
54   	16216.99    	0.010   	1.0000  	[21.7, 21.7, 16.2, 21.7]	[front, back, front, hover]	[53.1043, 170.0811, 36.0946, 255.2023]
55   	15939.73    	0.010   	1.0000  	[21.7, 21.7, 16.2, 21.7]	[front, left, front, hover]	[52.2454, 93.6972, 36.4159, 170.5552]
56   	15709.75    	0.009   	1.0000  	[21.7, 21.7, 16.2, 21.7]	[front, hover, front, back]	[62.2266, 50.8154, 43.8063, 117.9652]
57   	15449.59    	0.009   	1.0000  	[21.7, 21.7, 16.2, 21.7]	[front, hover, front, back]	[64.4058, 26.5039, 135.6106, 106.8279]
58   	15263.52    	0.009   	1.0000  	[21.7, 21.7, 16.2, 21.7]	[hover, hover, hover, back]	[44.3394, 14.6579, 50.1957, 115.4406]
59   	15091.98    	0.009   	1.0000  	[21.7, 21.7, 16.2, 21.7]	[hover, hover, left, back]	[31.3770, 8.9331, 15.5057, 135.1084]
60   	14891.14    	0.009   	1.0000  	[21.7, 21.7, 16.2, 21.7]	[hover, left, up, back]	[21.8925, 5.8086, 6.3744, 161.0458]
61   	14634.70    	0.009   	1.0000  	[21.7, 21.7, 21.7, 21.7]	[hover, up, left, back]	[14.3349, 4.8738, 10.2143, 215.3884]
62   	14295.05    	0.008   	1.0000  	[21.7, 27.1, 21.7, 21.7]	[hover, front, left, back]	[8.4728, 5.0854, 9.3055, 297.6265]
63   	13886.07    	0.008   	1.0000  	[21.7, 27.1, 21.7, 21.7]	[hover, front, left, back]	[5.8620, 4.6378, 11.9990, 413.9149]
64   	13537.81    	0.008   	1.0000  	[21.7, 27.1, 21.7, 21.7]	[up, front, left, back]	[4.3690, 5.0920, 19.3525, 407.5154]
65   	13203.47    	0.007   	1.0000  	[27.1, 27.1, 21.7, 21.7]	[right, left, left, hover]	[3.6645, 5.2693, 36.1487, 292.2607]
66   	12922.02    	0.007   	1.0000  	[27.1, 27.1, 21.7, 21.7]	[right, front, left, hover]	[4.0577, 5.5295, 73.0582, 192.7724]
67   	12649.43    	0.007   	1.0000  	[27.1, 27.1, 21.7, 21.7]	[right, left, left, hover]	[4.1387, 5.2992, 134.6987, 125.2981]
68   	12386.65    	0.007   	1.0000  	[27.1, 27.1, 21.7, 21.7]	[right, left, left, right]	[13.1574, 6.2942, 237.8216, 80.3065]
69   	12080.64    	0.007   	1.0000  	[27.1, 27.1, 21.7, 21.7]	[right, left, left, hover]	[26.9822, 10.2285, 335.8346, 51.5442]
70   	11677.35    	0.006   	1.0000  	[27.1, 27.1, 21.7, 21.7]	[right, left, back, left]	[47.6552, 64.1200, 239.9541, 36.9567]
71   	11048.53    	0.006   	1.0000  	[27.1, 27.1, 21.7, 21.7]	[right, left, hover, right]	[87.5357, 250.5134, 154.9952, 25.5434]
72   	10360.21    	0.005   	1.0000  	[27.1, 27.1, 21.7, 21.7]	[right, left, hover, left]	[109.1345, 325.0123, 101.5295, 17.9338]
73   	9697.76     	0.005   	1.0000  	[27.1, 27.1, 21.7, 21.7]	[back, front, hover, right]	[78.0842, 361.7985, 63.7124, 13.6566]
74   	9046.93     	0.004   	1.0000  	[27.1, 27.1, 21.7, 21.7]	[hover, front, hover, right]	[51.3595, 401.2546, 41.3819, 10.0864]
75   	8330.42     	0.004   	1.0000  	[27.1, 27.1, 21.7, 21.7]	[hover, front, hover, right]	[33.3317, 457.6303, 25.5631, 7.7791]
76   	7711.53     	0.003   	1.0000  	[27.1, 27.1, 21.7, 21.7]	[back, front, hover, right]	[22.8093, 471.3715, 15.8615, 5.9953]
77   	7242.70     	0.003   	1.0000  	[27.1, 27.1, 21.7, 21.7]	[back, down, hover, right]	[16.9946, 395.0493, 10.1961, 6.0533]
78   	6752.47     	0.003   	1.0000  	[27.1, 21.7, 21.7, 21.7]	[back, front, back, right]	[18.0746, 417.2527, 8.4967, 7.1543]
79   	6213.23     	0.002   	1.0000  	[27.1, 21.7, 21.7, 21.7]	[back, left, back, right]	[23.9770, 433.4744, 9.9704, 8.2060]
80   	5790.95     	0.002   	1.0000  	[27.1, 21.7, 21.7, 21.7]	[back, hover, back, right]	[37.6018, 293.1263, 16.6979, 11.2190]
81   	5429.59     	0.002   	1.0000  	[27.1, 21.7, 21.7, 21.7]	[back, hover, back, right]	[56.8561, 196.2181, 30.8433, 13.5452]
82   	5044.83     	0.002   	1.0000  	[27.1, 21.7, 21.7, 21.7]	[back, hover, back, hover]	[82.1051, 132.8970, 50.3778, 7.6698]
83   	4710.20     	0.002   	1.0000  	[27.1, 21.7, 21.7, 21.7]	[hover, hover, back, hover]	[56.0894, 85.5820, 91.7636, 4.9646]
84   	4376.40     	0.001   	1.0000  	[27.1, 21.7, 21.7, 21.7]	[hover, hover, back, front]	[40.2166, 53.7078, 169.2776, 3.2439]
85   	3945.65     	0.001   	1.0000  	[27.1, 21.7, 21.7, 21.7]	[hover, hover, back, back]	[27.9337, 35.3179, 290.3261, 2.7977]
86   	3646.15     	0.001   	1.0000  	[27.1, 21.7, 21.7, 21.7]	[hover, hover, hover, down]	[19.4896, 23.5197, 182.5899, 2.2106]
87   	3466.60     	0.001   	1.0000  	[27.1, 21.7, 21.7, 16.2]	[hover, back, hover, right]	[13.6021, 16.0411, 107.0921, 2.5121]
88   	3354.40     	0.001   	1.0000  	[27.1, 21.7, 21.7, 16.2]	[hover, front, hover, down]	[9.0192, 9.9701, 63.6359, 2.8538]
89   	3289.79     	0.001   	1.0000  	[27.1, 21.7, 21.7, 10.8]	[hover, back, hover, right]	[6.8075, 7.8175, 34.1278, 2.4775]
90   	3246.77     	0.001   	1.0000  	[27.1, 21.7, 21.7, 10.8]	[hover, up, right, back]	[5.0104, 5.5895, 19.1504, 1.2524]
91   	3215.79     	0.001   	1.0000  	[27.1, 27.1, 21.7, 10.8]	[hover, right, left, back]	[3.8819, 6.8453, 14.4130, 1.4969]
92   	3195.28     	0.001   	1.0000  	[27.1, 27.1, 21.7, 10.8]	[down, right, hover, left]	[3.4567, 5.6596, 8.8406, 1.3389]
93   	3177.96     	0.001   	1.0000  	[21.7, 27.1, 21.7, 10.8]	[right, hover, right, right]	[3.5168, 4.0226, 7.3173, 1.0735]
94   	3163.93     	0.001   	1.0000  	[21.7, 27.1, 21.7, 10.8]	[back, left, up, left]	[4.1830, 3.1339, 5.8168, 0.7198]
95   	3150.40     	0.001   	1.0000  	[21.7, 27.1, 27.1, 10.8]	[down, back, front, hover]	[3.6254, 3.3671, 4.3865, 0.7370]
96   	3134.14     	0.001   	1.0000  	[16.2, 27.1, 27.1, 10.8]	[right, back, hover, left]	[4.1270, 6.0554, 3.0648, 0.5819]
97   	3116.71     	0.001   	1.0000  	[16.2, 27.1, 27.1, 10.8]	[back, back, hover, hover]	[3.5759, 9.3582, 2.3940, 0.4711]
98   	3093.25     	0.001   	1.0000  	[16.2, 27.1, 27.1, 10.8]	[down, back, hover, left]	[2.9539, 11.4133, 2.0229, 0.4391]
99   	3054.82     	0.001   	1.0000  	[10.8, 27.1, 27.1, 10.8]	[back, back, right, left]	[3.0817, 17.8729, 1.8972, 0.7440]
[2025-12-18T14:48:31]
Strategy: greedy_ig
Pairwise: adaptive
News mode: IG
Num agents: 4
Iteration: 18
Error margin: None
Gaussian radius 5 
Grid info: range: 0-50-50, cell_size:0.125, map shape: (400, 400), center:True
init UAV positions: [(-20.0, -20.0, 5.4), (-15.0, 0.0, 5.4), (25.0, -25.0, 5.4), (25.0, 25.0, 5.4)]
mcts_params: {}
Step	Entropy	MSE	Coverage	Heights	Actions	IGs
------------------------------------------------------------------------------------------------------------------------
0    	160000.00   	0.250   	0.0000  	[5.4, 5.4, 5.4, 5.4]	[-, -, -, -]	[-, -, -, -]
1    	159398.94   	0.245   	0.0391  	[5.4, 5.4, 5.4, 5.4]	[up, up, up, up]	[3162.6921, 3904.5582, 976.1395, 976.1395]
2    	158803.95   	0.239   	0.1444  	[10.8, 10.8, 10.8, 10.8]	[up, up, up, up]	[2334.3796, 3903.3184, 1075.6101, 1088.3334]
3    	158160.91   	0.233   	0.2936  	[16.2, 16.2, 16.2, 16.2]	[right, up, front, back]	[2344.1326, 3261.0985, 1108.4958, 1272.2973]
4    	157341.85   	0.226   	0.4062  	[16.2, 21.7, 16.2, 16.2]	[front, right, left, left]	[2490.0946, 2973.0619, 1170.1248, 1380.6085]
5    	156367.15   	0.220   	0.4688  	[16.2, 21.7, 16.2, 16.2]	[front, right, front, back]	[2326.7555, 2550.9685, 1195.9441, 1357.2628]
6    	155445.06   	0.214   	0.5312  	[16.2, 21.7, 16.2, 16.2]	[right, up, left, left]	[2054.9209, 2464.2972, 1374.7757, 1455.1602]
7    	154400.76   	0.208   	0.6680  	[16.2, 27.1, 16.2, 16.2]	[up, right, left, back]	[2234.7681, 2358.8065, 1462.7963, 1519.5828]
8    	153204.64   	0.201   	0.7484  	[21.7, 27.1, 16.2, 16.2]	[right, right, front, left]	[2217.7018, 2353.6761, 1658.5715, 1674.4275]
9    	151858.77   	0.194   	0.8063  	[21.7, 27.1, 16.2, 16.2]	[right, right, front, left]	[2196.3871, 2329.9548, 1720.8566, 1730.9579]
10   	150124.11   	0.186   	0.8562  	[21.7, 27.1, 16.2, 16.2]	[right, right, up, up]	[2159.9567, 2322.7860, 1900.6519, 1863.6827]
11   	147836.96   	0.178   	0.8984  	[21.7, 27.1, 21.7, 21.7]	[right, right, left, back]	[2110.4077, 2340.8431, 2111.7711, 2048.5079]
12   	144945.37   	0.171   	0.9055  	[21.7, 27.1, 21.7, 21.7]	[right, right, left, back]	[2141.8649, 2256.0733, 2130.2612, 2064.3234]
13   	141517.76   	0.163   	0.9055  	[21.7, 27.1, 21.7, 21.7]	[right, front, left, back]	[2112.5151, 2139.0613, 2146.4311, 2126.5700]
14   	137779.51   	0.156   	0.9125  	[21.7, 27.1, 21.7, 21.7]	[right, front, left, back]	[2112.0664, 2108.1187, 2142.7445, 2230.2194]
15   	134048.90   	0.149   	0.9195  	[21.7, 27.1, 21.7, 21.7]	[right, front, left, back]	[2075.6821, 2083.1261, 2141.8727, 2477.0924]
16   	130070.03   	0.143   	0.9266  	[21.7, 27.1, 21.7, 21.7]	[front, hover, left, back]	[2025.0494, 1666.9670, 2184.0891, 2737.7943]
17   	125732.01   	0.136   	0.9266  	[21.7, 27.1, 21.7, 21.7]	[front, hover, left, back]	[2019.7627, 1296.2757, 2212.4746, 2970.0565]
18   	121478.31   	0.129   	0.9266  	[21.7, 27.1, 21.7, 21.7]	[front, left, left, back]	[2140.4609, 1005.3430, 2218.7280, 2972.2351]
19   	117354.32   	0.123   	0.9383  	[21.7, 27.1, 21.7, 21.7]	[front, left, left, back]	[2349.6690, 808.9037, 2266.5585, 2837.9654]
20   	113523.32   	0.117   	0.9500  	[21.7, 27.1, 21.7, 21.7]	[front, left, front, left]	[2590.1638, 739.2361, 2116.5899, 2412.2073]
21   	109381.28   	0.110   	0.9617  	[21.7, 27.1, 21.7, 21.7]	[front, left, front, left]	[2783.0184, 722.1113, 2046.7913, 2212.8889]
22   	105074.82   	0.103   	0.9734  	[21.7, 27.1, 21.7, 21.7]	[front, left, front, left]	[2775.4979, 753.0080, 2075.3195, 2122.2294]
23   	100886.99   	0.096   	0.9852  	[21.7, 27.1, 21.7, 21.7]	[front, left, front, left]	[2624.4783, 847.5112, 2110.9862, 2100.0382]
24   	96974.17    	0.089   	0.9969  	[21.7, 27.1, 21.7, 21.7]	[left, left, front, left]	[2250.4221, 757.5996, 2142.4990, 2139.3646]
25   	93230.28    	0.083   	1.0000  	[21.7, 27.1, 21.7, 21.7]	[left, down, front, left]	[2101.2734, 692.1302, 2185.8682, 2165.3910]
26   	89638.26    	0.077   	1.0000  	[21.7, 21.7, 21.7, 21.7]	[left, front, front, left]	[2038.6556, 717.1366, 2221.0145, 2224.6937]
27   	86189.53    	0.072   	1.0000  	[21.7, 21.7, 21.7, 21.7]	[left, left, front, left]	[2056.5519, 597.4904, 2296.4806, 2295.0499]
28   	82201.76    	0.066   	1.0000  	[21.7, 21.7, 21.7, 21.7]	[left, hover, right, front]	[2123.1392, 390.3430, 2214.9822, 2174.0983]
29   	77602.47    	0.061   	1.0000  	[21.7, 21.7, 21.7, 21.7]	[left, hover, right, front]	[2195.1222, 253.3858, 2216.2566, 2109.6359]
30   	72490.86    	0.055   	1.0000  	[21.7, 21.7, 21.7, 21.7]	[left, hover, right, front]	[2281.1873, 164.5299, 2224.3418, 2101.1958]
31   	66949.14    	0.050   	1.0000  	[21.7, 21.7, 21.7, 21.7]	[left, hover, right, front]	[2075.4479, 105.0482, 2265.5505, 2111.1356]
32   	61553.24    	0.045   	1.0000  	[21.7, 21.7, 21.7, 21.7]	[front, hover, right, front]	[1587.1396, 58.6724, 2257.3019, 2165.0454]
33   	55947.22    	0.040   	1.0000  	[21.7, 21.7, 21.7, 21.7]	[hover, back, right, front]	[1154.4665, 38.7971, 2265.8624, 2202.3759]
34   	50567.04    	0.036   	1.0000  	[21.7, 21.7, 21.7, 21.7]	[back, back, right, front]	[819.5984, 38.3252, 2244.4768, 2216.4046]
35   	45667.14    	0.032   	1.0000  	[21.7, 21.7, 21.7, 21.7]	[back, back, right, front]	[633.3504, 62.8198, 2220.2074, 2280.6456]
36   	41860.66    	0.029   	1.0000  	[21.7, 21.7, 21.7, 21.7]	[back, back, hover, hover]	[400.3363, 132.0260, 1459.9551, 1674.3087]
37   	38773.03    	0.027   	1.0000  	[21.7, 21.7, 21.7, 21.7]	[back, back, hover, right]	[232.1248, 423.5283, 892.6364, 1194.6965]
38   	36229.85    	0.025   	1.0000  	[21.7, 21.7, 21.7, 21.7]	[back, back, back, left]	[123.8692, 934.5199, 538.1661, 851.6111]
39   	34068.64    	0.023   	1.0000  	[21.7, 21.7, 21.7, 21.7]	[front, back, back, hover]	[67.3852, 1338.8765, 303.3488, 555.1965]
40   	32019.23    	0.021   	1.0000  	[21.7, 21.7, 21.7, 21.7]	[front, back, front, right]	[44.6391, 1650.5998, 188.4224, 376.7755]
41   	30045.21    	0.020   	1.0000  	[21.7, 21.7, 21.7, 21.7]	[front, right, front, right]	[53.8608, 1470.5585, 135.5250, 257.7406]
42   	28418.22    	0.018   	1.0000  	[21.7, 21.7, 21.7, 21.7]	[front, right, hover, right]	[82.6145, 1202.1425, 68.0247, 149.2076]
43   	26822.91    	0.017   	1.0000  	[21.7, 21.7, 21.7, 21.7]	[front, right, back, right]	[220.5439, 1059.9813, 38.8156, 84.5045]
44   	25326.60    	0.016   	1.0000  	[21.7, 21.7, 21.7, 21.7]	[right, right, back, right]	[176.6157, 984.9229, 44.9015, 54.9318]
45   	23877.65    	0.015   	1.0000  	[21.7, 21.7, 21.7, 21.7]	[right, right, back, right]	[151.9745, 977.8660, 44.9138, 40.5107]
46   	22387.31    	0.014   	1.0000  	[21.7, 21.7, 21.7, 21.7]	[right, right, hover, right]	[142.0129, 1012.0121, 33.7253, 32.1690]
47   	20924.83    	0.013   	1.0000  	[21.7, 21.7, 21.7, 21.7]	[right, right, hover, right]	[148.0729, 1067.0569, 23.9214, 30.7210]
48   	19470.22    	0.012   	1.0000  	[21.7, 21.7, 21.7, 21.7]	[right, right, back, back]	[163.5835, 1152.1976, 17.6672, 26.5581]
49   	18017.23    	0.011   	1.0000  	[21.7, 21.7, 21.7, 21.7]	[right, right, back, back]	[204.7244, 1177.0360, 17.0534, 31.4724]
50   	16877.34    	0.010   	1.0000  	[21.7, 21.7, 21.7, 21.7]	[right, hover, back, back]	[281.9281, 748.3531, 17.8999, 46.9604]
51   	15895.33    	0.009   	1.0000  	[21.7, 21.7, 21.7, 21.7]	[right, hover, back, back]	[411.8996, 447.5097, 13.9550, 74.0316]
52   	15030.92    	0.008   	1.0000  	[21.7, 21.7, 21.7, 21.7]	[right, hover, back, back]	[516.3423, 254.4502, 10.9207, 117.2941]
53   	14361.16    	0.008   	1.0000  	[21.7, 21.7, 21.7, 21.7]	[hover, front, left, back]	[334.5730, 140.8468, 9.1608, 176.0444]
54   	13742.00    	0.007   	1.0000  	[21.7, 21.7, 21.7, 21.7]	[back, front, left, back]	[216.1606, 98.2572, 10.8208, 252.3825]
55   	13138.67    	0.007   	1.0000  	[21.7, 21.7, 21.7, 21.7]	[back, front, left, back]	[156.8944, 89.8320, 16.9045, 333.7831]
56   	12705.10    	0.007   	1.0000  	[21.7, 21.7, 21.7, 21.7]	[back, front, left, hover]	[151.1327, 103.7166, 28.9159, 191.0105]
57   	12316.03    	0.006   	1.0000  	[21.7, 21.7, 21.7, 21.7]	[back, front, left, hover]	[170.6658, 131.5013, 56.6948, 110.3027]
58   	11787.18    	0.006   	1.0000  	[21.7, 21.7, 21.7, 21.7]	[back, front, left, hover]	[213.5736, 184.8039, 104.2973, 60.2450]
59   	11019.70    	0.005   	1.0000  	[21.7, 21.7, 21.7, 21.7]	[back, front, left, hover]	[278.4207, 234.1696, 181.5535, 33.2490]
60   	9934.99     	0.005   	1.0000  	[21.7, 21.7, 21.7, 21.7]	[back, front, left, hover]	[329.0573, 306.7245, 291.3240, 18.2785]
61   	9043.68     	0.004   	1.0000  	[21.7, 21.7, 21.7, 21.7]	[back, hover, hover, hover]	[380.2825, 162.0581, 177.2985, 10.3787]
62   	8346.98     	0.004   	1.0000  	[21.7, 21.7, 21.7, 21.7]	[back, hover, hover, left]	[370.4086, 76.0051, 106.0341, 7.8676]
63   	7914.82     	0.004   	1.0000  	[21.7, 21.7, 21.7, 21.7]	[hover, hover, hover, left]	[224.5865, 38.4144, 61.2322, 9.3397]
64   	7640.53     	0.003   	1.0000  	[21.7, 21.7, 21.7, 21.7]	[hover, hover, hover, left]	[128.6475, 18.3391, 34.5269, 17.3737]
65   	7463.75     	0.003   	1.0000  	[21.7, 21.7, 21.7, 21.7]	[hover, left, hover, left]	[69.8713, 11.5597, 19.3385, 30.2283]
66   	7298.39     	0.003   	1.0000  	[21.7, 21.7, 21.7, 21.7]	[hover, hover, hover, left]	[37.4743, 6.9558, 10.6011, 62.9218]
67   	7101.59     	0.003   	1.0000  	[21.7, 21.7, 21.7, 21.7]	[hover, right, front, left]	[21.2560, 4.8416, 6.8443, 115.6069]
68   	6825.24     	0.003   	1.0000  	[21.7, 21.7, 21.7, 21.7]	[hover, left, front, left]	[12.9125, 3.4632, 11.6359, 196.5358]
69   	6445.64     	0.003   	1.0000  	[21.7, 21.7, 21.7, 21.7]	[left, right, front, left]	[9.1738, 2.9248, 22.5777, 315.0991]
70   	6162.08     	0.002   	1.0000  	[21.7, 21.7, 21.7, 21.7]	[left, left, front, hover]	[9.1700, 2.3714, 40.3826, 198.9310]
71   	5892.29     	0.002   	1.0000  	[21.7, 21.7, 21.7, 21.7]	[left, right, front, hover]	[7.5178, 2.3429, 75.6597, 121.4463]
72   	5619.64     	0.002   	1.0000  	[21.7, 21.7, 21.7, 21.7]	[left, left, front, hover]	[4.7365, 1.9173, 128.9345, 69.6421]
73   	5284.06     	0.002   	1.0000  	[21.7, 21.7, 21.7, 21.7]	[left, left, front, hover]	[4.3896, 1.6996, 220.7114, 38.7869]
74   	4893.32     	0.002   	1.0000  	[21.7, 21.7, 21.7, 21.7]	[left, down, front, hover]	[4.4057, 1.4950, 346.6988, 21.8001]
75   	4615.92     	0.001   	1.0000  	[21.7, 16.2, 21.7, 21.7]	[left, down, hover, hover]	[6.7108, 2.2386, 232.2205, 13.0574]
76   	4442.63     	0.001   	1.0000  	[21.7, 10.8, 21.7, 21.7]	[left, left, hover, hover]	[10.8944, 1.3849, 148.6495, 7.5723]
77   	4304.98     	0.001   	1.0000  	[21.7, 10.8, 21.7, 21.7]	[left, back, hover, hover]	[20.0843, 1.8121, 97.1587, 5.3359]
78   	4224.45     	0.001   	1.0000  	[21.7, 10.8, 21.7, 21.7]	[hover, hover, hover, hover]	[11.3066, 1.0457, 59.6032, 3.3527]
79   	4177.60     	0.001   	1.0000  	[21.7, 10.8, 21.7, 21.7]	[front, hover, hover, front]	[6.4444, 1.1552, 36.8963, 2.6487]
80   	4145.61     	0.001   	1.0000  	[21.7, 10.8, 21.7, 21.7]	[front, hover, hover, front]	[5.0923, 0.9777, 22.6255, 4.6169]
81   	4122.95     	0.001   	1.0000  	[21.7, 10.8, 21.7, 21.7]	[front, up, hover, front]	[4.4720, 0.5526, 12.8149, 5.9876]
82   	4098.71     	0.001   	1.0000  	[21.7, 16.2, 21.7, 21.7]	[front, back, hover, front]	[4.6020, 0.7861, 7.7232, 10.5939]
83   	4072.72     	0.001   	1.0000  	[21.7, 16.2, 21.7, 21.7]	[front, right, hover, front]	[4.2028, 0.5265, 4.8424, 14.9914]
84   	4028.56     	0.001   	1.0000  	[21.7, 16.2, 21.7, 21.7]	[front, hover, hover, front]	[4.0012, 0.8502, 2.8982, 25.6861]
85   	3961.89     	0.001   	1.0000  	[21.7, 16.2, 21.7, 21.7]	[front, hover, hover, front]	[6.3357, 0.4511, 2.1356, 41.9861]
86   	3870.32     	0.001   	1.0000  	[21.7, 16.2, 21.7, 21.7]	[front, hover, hover, up]	[14.6220, 0.6634, 1.4536, 41.3237]
87   	3768.00     	0.001   	1.0000  	[21.7, 16.2, 21.7, 27.1]	[front, hover, right, right]	[43.6019, 0.7248, 1.1831, 29.1136]
88   	3697.09     	0.001   	1.0000  	[21.7, 16.2, 21.7, 27.1]	[hover, hover, right, hover]	[29.7754, 0.6318, 1.3005, 19.6022]
89   	3648.94     	0.001   	1.0000  	[21.7, 16.2, 21.7, 27.1]	[hover, back, right, hover]	[19.9395, 0.6085, 1.6407, 12.8916]
90   	3612.61     	0.001   	1.0000  	[21.7, 16.2, 21.7, 27.1]	[hover, left, right, hover]	[12.9502, 0.6645, 2.0093, 8.3602]
91   	3588.74     	0.001   	1.0000  	[21.7, 16.2, 21.7, 27.1]	[hover, back, right, hover]	[8.1828, 0.3132, 2.6745, 5.3438]
92   	3570.78     	0.001   	1.0000  	[21.7, 16.2, 21.7, 27.1]	[hover, back, right, hover]	[4.6244, 1.2679, 3.7188, 3.7146]
93   	3552.78     	0.001   	1.0000  	[21.7, 16.2, 21.7, 27.1]	[right, back, right, hover]	[3.5634, 3.0294, 5.9557, 2.6555]
94   	3525.75     	0.001   	1.0000  	[21.7, 16.2, 21.7, 27.1]	[hover, back, right, hover]	[2.5245, 5.9643, 12.9277, 1.9345]
95   	3498.33     	0.001   	1.0000  	[21.7, 16.2, 21.7, 27.1]	[left, up, hover, hover]	[1.8958, 10.7571, 6.8368, 1.4382]
96   	3453.48     	0.001   	1.0000  	[21.7, 21.7, 21.7, 27.1]	[right, up, hover, back]	[1.4784, 19.2046, 3.1360, 1.2255]
97   	3404.70     	0.001   	1.0000  	[21.7, 27.1, 21.7, 27.1]	[right, right, hover, hover]	[1.1616, 22.2902, 1.8195, 1.1363]
98   	3341.84     	0.001   	1.0000  	[21.7, 27.1, 21.7, 27.1]	[right, right, hover, hover]	[0.8615, 30.5079, 1.0811, 0.8997]
99   	3299.14     	0.001   	1.0000  	[21.7, 27.1, 21.7, 27.1]	[right, hover, hover, hover]	[1.5275, 19.6767, 0.8121, 0.8612]
[2025-12-18T14:48:43]
Strategy: greedy_ig
Pairwise: adaptive
News mode: IG
Num agents: 4
Iteration: 19
Error margin: None
Gaussian radius 5 
Grid info: range: 0-50-50, cell_size:0.125, map shape: (400, 400), center:True
init UAV positions: [(-15.0, -15.0, 5.4), (-5.0, 20.0, 5.4), (10.0, -5.0, 5.4), (20.0, 20.0, 5.4)]
mcts_params: {}
Step	Entropy	MSE	Coverage	Heights	Actions	IGs
------------------------------------------------------------------------------------------------------------------------
0    	160000.00   	0.250   	0.0000  	[5.4, 5.4, 5.4, 5.4]	[-, -, -, -]	[-, -, -, -]
1    	159103.74   	0.242   	0.0625  	[5.4, 5.4, 5.4, 5.4]	[up, up, up, up]	[3904.5582, 3514.1024, 3904.5582, 3162.6921]
2    	158226.36   	0.233   	0.2319  	[10.8, 10.8, 10.8, 10.8]	[up, up, up, up]	[4331.4962, 3141.6441, 4320.6480, 2099.5382]
3    	157293.78   	0.224   	0.4717  	[16.2, 16.2, 16.2, 16.2]	[up, back, up, left]	[3120.3986, 3041.7169, 4453.0718, 1877.3053]
4    	156272.44   	0.215   	0.6844  	[21.7, 16.2, 21.7, 16.2]	[front, up, up, back]	[2880.2335, 2939.2978, 3618.8351, 1789.9021]
5    	154898.75   	0.205   	0.8609  	[21.7, 21.7, 27.1, 16.2]	[right, back, left, back]	[2720.0920, 2953.4927, 3244.8091, 1698.7262]
6    	153032.22   	0.196   	0.8812  	[21.7, 21.7, 27.1, 16.2]	[right, back, left, up]	[2427.1287, 2787.6114, 2900.5249, 1737.8036]
7    	150516.69   	0.187   	0.8881  	[21.7, 21.7, 27.1, 21.7]	[right, back, left, left]	[2270.2932, 2565.3340, 2703.7152, 1927.4505]
8    	147613.27   	0.179   	0.8928  	[21.7, 21.7, 27.1, 21.7]	[right, up, left, left]	[2213.1008, 2428.2009, 2553.5338, 1983.6392]
9    	144352.80   	0.170   	0.9256  	[21.7, 27.1, 27.1, 21.7]	[right, back, left, left]	[2170.6582, 2390.2392, 2466.0356, 1996.0677]
10   	140741.25   	0.161   	0.9328  	[21.7, 27.1, 27.1, 21.7]	[right, back, left, left]	[2171.5306, 2379.4157, 2422.5522, 2019.1843]
11   	137163.06   	0.153   	0.9500  	[21.7, 27.1, 27.1, 21.7]	[right, back, front, left]	[2176.9287, 2354.8479, 2203.7930, 2024.2044]
12   	133644.34   	0.146   	0.9594  	[21.7, 27.1, 27.1, 21.7]	[right, back, front, left]	[2185.2802, 2344.3383, 2124.0495, 2055.7976]
13   	130132.51   	0.138   	0.9688  	[21.7, 27.1, 27.1, 21.7]	[right, back, front, left]	[2082.5738, 2366.6762, 2109.8937, 2120.2164]
14   	126594.69   	0.130   	0.9772  	[21.7, 27.1, 27.1, 21.7]	[front, left, front, left]	[1934.6398, 2191.4366, 2122.1067, 2196.6544]
15   	123352.05   	0.124   	0.9842  	[21.7, 27.1, 27.1, 21.7]	[front, back, front, left]	[1980.2936, 1901.8059, 1964.0984, 2263.2991]
16   	119802.97   	0.118   	0.9895  	[21.7, 27.1, 27.1, 21.7]	[front, down, down, back]	[2152.3324, 1589.9178, 1846.5555, 2282.7712]
17   	116340.38   	0.113   	0.9895  	[21.7, 21.7, 21.7, 21.7]	[front, left, front, back]	[2421.7651, 1373.7504, 1603.0466, 2223.6712]
18   	112469.84   	0.108   	0.9895  	[21.7, 21.7, 21.7, 21.7]	[front, left, left, back]	[2673.9637, 1090.9810, 1320.9246, 2249.8205]
19   	108218.38   	0.102   	0.9897  	[21.7, 21.7, 21.7, 21.7]	[front, back, left, back]	[2764.1741, 883.2015, 951.1140, 2260.2772]
20   	104104.21   	0.097   	0.9956  	[21.7, 21.7, 21.7, 21.7]	[front, hover, hover, back]	[2677.4164, 586.6088, 660.8174, 2232.9122]
21   	100263.58   	0.092   	0.9956  	[21.7, 21.7, 21.7, 21.7]	[front, hover, right, back]	[2394.9048, 386.2180, 454.2181, 2226.5211]
22   	96157.38    	0.088   	0.9956  	[21.7, 21.7, 21.7, 21.7]	[left, right, right, back]	[2135.2979, 278.9369, 361.6109, 2234.4469]
23   	91911.44    	0.084   	0.9956  	[21.7, 21.7, 21.7, 21.7]	[left, right, right, back]	[1990.2139, 290.4771, 462.9682, 2241.5444]
24   	87166.80    	0.079   	0.9956  	[21.7, 21.7, 21.7, 21.7]	[left, right, right, right]	[1973.7639, 388.2889, 755.0427, 2083.2791]
25   	81971.27    	0.074   	0.9956  	[21.7, 21.7, 21.7, 21.7]	[left, right, right, right]	[2012.8900, 600.9841, 1009.0823, 2049.0020]
26   	76345.34    	0.069   	0.9964  	[21.7, 21.7, 21.7, 21.7]	[left, right, right, right]	[2067.2837, 1056.6490, 1196.6713, 2080.8852]
27   	70653.06    	0.062   	0.9972  	[21.7, 21.7, 21.7, 21.7]	[left, right, right, right]	[2128.8477, 1417.1937, 1349.8977, 2117.7157]
28   	65000.51    	0.056   	0.9980  	[21.7, 21.7, 21.7, 21.7]	[left, right, right, right]	[2241.8543, 1667.9263, 1491.3554, 2141.7940]
29   	59781.77    	0.050   	0.9988  	[21.7, 21.7, 21.7, 21.7]	[left, right, right, right]	[2350.0577, 1838.8163, 1504.6490, 2135.4100]
30   	55485.18    	0.044   	0.9995  	[21.7, 21.7, 21.7, 21.7]	[left, right, back, right]	[1869.5471, 1643.6418, 1031.9074, 2176.0033]
31   	51826.71    	0.040   	1.0000  	[21.7, 21.7, 21.7, 21.7]	[down, front, back, right]	[1579.0825, 1449.8310, 698.5467, 1932.0115]
32   	49043.81    	0.037   	1.0000  	[16.2, 21.7, 21.7, 21.7]	[left, front, back, back]	[1006.1979, 1333.0130, 525.6641, 1396.6083]
33   	46748.10    	0.035   	1.0000  	[16.2, 21.7, 21.7, 21.7]	[back, front, back, hover]	[711.6504, 1341.2630, 481.9691, 899.6389]
34   	44875.67    	0.033   	1.0000  	[16.2, 21.7, 21.7, 21.7]	[back, front, back, front]	[489.3179, 1448.4115, 531.1732, 535.8692]
35   	42989.88    	0.032   	1.0000  	[16.2, 21.7, 21.7, 21.7]	[back, front, back, front]	[320.8628, 1639.2451, 665.3151, 364.4377]
36   	40252.05    	0.029   	1.0000  	[16.2, 21.7, 21.7, 21.7]	[back, front, back, front]	[201.1866, 1812.0689, 860.0296, 238.2981]
37   	36828.44    	0.026   	1.0000  	[16.2, 21.7, 21.7, 21.7]	[back, front, back, hover]	[125.2083, 1840.8842, 1325.3046, 171.8634]
38   	33462.01    	0.024   	1.0000  	[16.2, 21.7, 21.7, 21.7]	[back, front, back, back]	[102.1078, 1815.7846, 1198.0191, 124.1054]
39   	30731.84    	0.021   	1.0000  	[16.2, 21.7, 21.7, 21.7]	[back, front, left, back]	[94.6774, 1524.7001, 833.3323, 83.3628]
40   	28719.42    	0.020   	1.0000  	[16.2, 21.7, 21.7, 21.7]	[back, down, left, back]	[93.2697, 1013.2730, 639.2766, 178.7487]
41   	27157.13    	0.019   	1.0000  	[16.2, 16.2, 21.7, 21.7]	[back, front, left, left]	[118.9894, 771.8765, 548.5974, 131.0618]
42   	25975.30    	0.018   	1.0000  	[16.2, 16.2, 21.7, 21.7]	[back, right, left, left]	[178.0197, 469.9079, 537.0117, 113.5982]
43   	25038.38    	0.017   	1.0000  	[16.2, 16.2, 21.7, 21.7]	[right, hover, left, left]	[128.5716, 177.1945, 595.2226, 109.6655]
44   	24079.30    	0.016   	1.0000  	[16.2, 16.2, 21.7, 21.7]	[right, hover, left, left]	[95.7176, 59.4678, 693.9985, 125.1036]
45   	23001.71    	0.015   	1.0000  	[16.2, 16.2, 21.7, 21.7]	[right, up, left, left]	[106.4794, 30.6755, 817.3453, 155.0473]
46   	21805.28    	0.014   	1.0000  	[16.2, 21.7, 21.7, 21.7]	[right, back, left, left]	[94.8871, 33.9705, 980.5075, 212.8274]
47   	20672.02    	0.014   	1.0000  	[16.2, 21.7, 21.7, 21.7]	[right, back, left, left]	[94.0451, 36.7266, 809.6328, 294.5042]
48   	19564.75    	0.013   	1.0000  	[16.2, 21.7, 21.7, 21.7]	[right, back, down, left]	[100.7419, 26.8172, 636.2685, 419.5585]
49   	18565.48    	0.012   	1.0000  	[16.2, 21.7, 16.2, 21.7]	[right, back, left, left]	[120.9696, 34.1107, 458.2941, 547.5492]
50   	17801.11    	0.011   	1.0000  	[16.2, 21.7, 16.2, 21.7]	[right, back, back, hover]	[172.5014, 48.0471, 306.6648, 384.9634]
51   	17115.68    	0.011   	1.0000  	[16.2, 21.7, 16.2, 21.7]	[right, back, hover, hover]	[249.4909, 75.5212, 185.1818, 259.5361]
52   	16421.54    	0.010   	1.0000  	[16.2, 21.7, 16.2, 21.7]	[right, back, hover, front]	[383.7585, 111.5954, 105.3673, 179.0332]
53   	15709.63    	0.010   	1.0000  	[16.2, 21.7, 16.2, 21.7]	[right, back, hover, front]	[483.4965, 150.6321, 59.3883, 138.0118]
54   	15106.13    	0.009   	1.0000  	[16.2, 21.7, 16.2, 21.7]	[front, back, front, front]	[264.8896, 189.2240, 42.4483, 127.2377]
55   	14657.24    	0.009   	1.0000  	[16.2, 21.7, 16.2, 21.7]	[back, back, front, front]	[108.4956, 176.5092, 63.7877, 134.5365]
56   	14251.27    	0.009   	1.0000  	[16.2, 21.7, 16.2, 21.7]	[front, down, front, front]	[52.9469, 101.9900, 137.3504, 157.8978]
57   	13888.92    	0.008   	1.0000  	[16.2, 16.2, 16.2, 21.7]	[front, back, front, front]	[51.4645, 103.7094, 84.2678, 193.5832]
58   	13609.16    	0.008   	1.0000  	[16.2, 16.2, 16.2, 21.7]	[front, hover, front, front]	[38.2834, 38.3065, 63.1831, 251.6533]
59   	13302.58    	0.008   	1.0000  	[16.2, 16.2, 16.2, 21.7]	[front, hover, front, front]	[31.5387, 15.6244, 52.0316, 349.0636]
60   	13025.88    	0.007   	1.0000  	[16.2, 16.2, 16.2, 21.7]	[front, hover, front, front]	[46.2024, 7.2182, 56.7071, 379.5834]
61   	12811.15    	0.007   	1.0000  	[16.2, 16.2, 16.2, 21.7]	[front, down, front, hover]	[62.0738, 3.9028, 61.9122, 258.2934]
62   	12630.18    	0.007   	1.0000  	[16.2, 10.8, 16.2, 21.7]	[front, back, front, hover]	[89.0682, 4.1680, 74.0110, 173.7737]
63   	12394.49    	0.007   	1.0000  	[16.2, 10.8, 16.2, 21.7]	[front, right, front, hover]	[131.6874, 2.7839, 91.8234, 116.7575]
64   	12134.84    	0.007   	1.0000  	[16.2, 10.8, 16.2, 21.7]	[front, hover, front, hover]	[164.0046, 1.8602, 98.6790, 74.2619]
65   	11840.11    	0.006   	1.0000  	[16.2, 10.8, 16.2, 21.7]	[front, left, hover, hover]	[230.0357, 0.8238, 58.1223, 44.5786]
66   	11526.39    	0.006   	1.0000  	[16.2, 10.8, 16.2, 21.7]	[front, left, hover, hover]	[303.5834, 0.8285, 33.4935, 25.5068]
67   	11389.04    	0.006   	1.0000  	[16.2, 10.8, 16.2, 21.7]	[hover, left, hover, hover]	[129.4094, 1.0330, 17.6473, 14.8574]
68   	11327.90    	0.006   	1.0000  	[16.2, 10.8, 16.2, 21.7]	[hover, left, hover, right]	[48.3960, 1.6791, 10.6833, 10.3718]
69   	11289.65    	0.006   	1.0000  	[16.2, 10.8, 16.2, 21.7]	[hover, up, hover, right]	[15.7103, 3.7030, 6.8570, 15.1325]
70   	11251.70    	0.006   	1.0000  	[16.2, 16.2, 16.2, 21.7]	[left, front, hover, right]	[9.9333, 2.2007, 3.7966, 16.8144]
71   	11229.28    	0.006   	1.0000  	[16.2, 16.2, 16.2, 21.7]	[left, left, right, right]	[8.5381, 2.0750, 2.5280, 10.0071]
72   	11198.23    	0.006   	1.0000  	[16.2, 16.2, 16.2, 21.7]	[left, down, up, down]	[22.7851, 1.9179, 1.9435, 8.0061]
73   	11152.67    	0.006   	1.0000  	[16.2, 10.8, 21.7, 16.2]	[left, front, right, front]	[35.8099, 1.0165, 1.8234, 5.4140]
74   	11101.13    	0.006   	1.0000  	[16.2, 10.8, 21.7, 16.2]	[left, left, right, right]	[40.9629, 0.7486, 2.0340, 4.1586]
75   	11058.55    	0.006   	1.0000  	[16.2, 10.8, 21.7, 16.2]	[left, front, right, right]	[35.2247, 1.6585, 4.1161, 4.2513]
76   	11001.77    	0.006   	1.0000  	[16.2, 10.8, 21.7, 16.2]	[left, front, right, back]	[48.8577, 1.5470, 10.4711, 4.0507]
77   	10930.23    	0.006   	1.0000  	[16.2, 10.8, 21.7, 16.2]	[left, front, right, right]	[80.3976, 3.2694, 19.8536, 4.1486]
78   	10807.66    	0.006   	1.0000  	[16.2, 10.8, 21.7, 16.2]	[left, front, right, up]	[138.5365, 8.8966, 40.1404, 7.8028]
79   	10544.24    	0.006   	1.0000  	[16.2, 10.8, 21.7, 21.7]	[left, up, right, right]	[231.3858, 9.6018, 76.8326, 19.5815]
80   	10181.57    	0.005   	1.0000  	[16.2, 16.2, 21.7, 21.7]	[left, front, right, right]	[189.5724, 9.8618, 148.8475, 27.9550]
81   	9714.84     	0.005   	1.0000  	[16.2, 16.2, 21.7, 21.7]	[hover, left, right, back]	[115.9149, 8.5309, 235.4030, 23.8164]
82   	9445.92     	0.005   	1.0000  	[16.2, 16.2, 21.7, 21.7]	[hover, left, back, back]	[63.4707, 11.0788, 136.5571, 11.9575]
83   	9279.55     	0.005   	1.0000  	[16.2, 16.2, 21.7, 21.7]	[hover, up, hover, back]	[32.9439, 16.7380, 74.2870, 6.8760]
84   	9052.15     	0.005   	1.0000  	[16.2, 21.7, 21.7, 21.7]	[hover, left, hover, hover]	[18.5014, 114.1773, 36.9900, 4.3266]
85   	8516.35     	0.004   	1.0000  	[16.2, 21.7, 21.7, 21.7]	[hover, left, back, hover]	[9.3452, 449.8152, 19.6475, 2.9944]
86   	7917.08     	0.004   	1.0000  	[16.2, 21.7, 21.7, 21.7]	[up, left, back, hover]	[5.2360, 516.9963, 14.0713, 2.0123]
87   	7239.82     	0.003   	1.0000  	[21.7, 21.7, 21.7, 21.7]	[back, front, back, hover]	[8.9134, 544.0094, 15.1616, 1.5477]
88   	6561.04     	0.003   	1.0000  	[21.7, 21.7, 21.7, 21.7]	[right, front, back, hover]	[11.5923, 574.7523, 20.1638, 1.1273]
89   	5854.81     	0.002   	1.0000  	[21.7, 21.7, 21.7, 21.7]	[right, front, back, back]	[13.0752, 632.4560, 31.7112, 0.7682]
90   	5146.39     	0.002   	1.0000  	[21.7, 21.7, 21.7, 21.7]	[back, front, back, up]	[14.6432, 622.8484, 50.1840, 0.9962]
91   	4568.91     	0.002   	1.0000  	[21.7, 21.7, 21.7, 27.1]	[back, hover, back, back]	[12.0443, 437.5541, 80.5590, 1.6792]
92   	4010.63     	0.001   	1.0000  	[21.7, 21.7, 21.7, 27.1]	[back, hover, back, back]	[9.4450, 306.4337, 161.6662, 2.6120]
93   	3533.70     	0.001   	1.0000  	[21.7, 21.7, 21.7, 27.1]	[back, hover, back, back]	[7.4416, 207.1410, 171.7226, 5.2707]
94   	3187.80     	0.001   	1.0000  	[21.7, 21.7, 21.7, 27.1]	[right, hover, hover, back]	[5.6266, 140.2470, 101.1854, 14.8093]
95   	2981.04     	0.001   	1.0000  	[21.7, 21.7, 21.7, 27.1]	[right, hover, hover, left]	[4.6931, 87.8071, 58.3239, 10.1852]
96   	2854.41     	0.001   	1.0000  	[21.7, 21.7, 21.7, 27.1]	[down, hover, hover, hover]	[3.5905, 55.0496, 32.4771, 7.3922]
97   	2781.71     	0.001   	1.0000  	[16.2, 21.7, 21.7, 27.1]	[back, hover, hover, hover]	[2.7430, 34.1166, 17.7243, 5.2228]
98   	2734.58     	0.001   	1.0000  	[16.2, 21.7, 21.7, 27.1]	[back, right, hover, hover]	[2.1451, 24.1668, 10.6440, 3.8302]
99   	2689.52     	0.000   	1.0000  	[16.2, 21.7, 21.7, 27.1]	[hover, up, left, hover]	[1.4563, 17.6762, 7.6850, 3.0030]
[2025-12-18T14:48:54]
Strategy: greedy_ig
Pairwise: equal
News mode: IG
Num agents: 4
Iteration: 0
Error margin: None
Gaussian radius 5 
Grid info: range: 0-50-50, cell_size:0.125, map shape: (400, 400), center:True
init UAV positions: [(-25.0, -5.0, 5.4), (-10.0, 10.0, 5.4), (10.0, 0.0, 5.4), (0.0, 20.0, 5.4)]
mcts_params: {}
Step	Entropy	MSE	Coverage	Heights	Actions	IGs
------------------------------------------------------------------------------------------------------------------------
0    	160000.00   	0.250   	0.0000  	[5.4, 5.4, 5.4, 5.4]	[-, -, -, -]	[-, -, -, -]
1    	159236.17   	0.243   	0.0547  	[5.4, 5.4, 5.4, 5.4]	[up, up, up, up]	[1952.2791, 3904.5582, 3904.5582, 3514.1024]
2    	158420.68   	0.237   	0.2100  	[10.8, 10.8, 10.8, 10.8]	[up, up, up, up]	[2191.4824, 4382.9647, 4382.9647, 3204.0331]
3    	157412.65   	0.231   	0.4231  	[16.2, 16.2, 16.2, 16.2]	[right, up, up, back]	[2511.8883, 4477.5519, 4479.3805, 3275.4004]
4    	156288.27   	0.225   	0.5825  	[16.2, 21.7, 21.7, 16.2]	[right, right, front, up]	[2767.3191, 3845.1866, 3846.3319, 3224.1330]
5    	154971.33   	0.219   	0.6286  	[16.2, 21.7, 21.7, 21.7]	[right, right, front, back]	[2967.7073, 3561.6643, 3567.2204, 3412.1685]
6    	153381.60   	0.213   	0.6559  	[16.2, 21.7, 21.7, 21.7]	[up, right, front, back]	[3168.2058, 3449.9280, 3453.9015, 3426.4216]
7    	151667.66   	0.207   	0.7137  	[21.7, 21.7, 21.7, 21.7]	[right, right, front, back]	[3365.7582, 3406.2197, 3394.2732, 3376.9705]
8    	149693.71   	0.202   	0.7350  	[21.7, 21.7, 21.7, 21.7]	[right, right, left, back]	[3344.5189, 3386.9394, 3220.9290, 3375.5588]
9    	147498.00   	0.196   	0.7412  	[21.7, 21.7, 21.7, 21.7]	[right, right, left, back]	[3363.1056, 3403.3208, 3133.3507, 3398.2759]
10   	145236.45   	0.190   	0.7475  	[21.7, 21.7, 21.7, 21.7]	[right, right, left, back]	[3383.4162, 3409.4118, 3118.2941, 3411.2865]
11   	142884.66   	0.185   	0.7748  	[21.7, 21.7, 21.7, 21.7]	[right, back, left, back]	[3403.3566, 3253.6829, 3145.2570, 3417.5736]
12   	140582.92   	0.179   	0.7836  	[21.7, 21.7, 21.7, 21.7]	[right, back, left, back]	[3408.4385, 3170.6468, 3195.3516, 3409.6378]
13   	138431.87   	0.174   	0.8266  	[21.7, 21.7, 21.7, 21.7]	[right, back, left, back]	[3403.4653, 3151.4289, 3266.0943, 3397.5553]
14   	136288.09   	0.168   	0.8695  	[21.7, 21.7, 21.7, 21.7]	[right, back, left, right]	[3420.1208, 3154.2040, 3352.6485, 3249.4439]
15   	134005.24   	0.163   	0.9009  	[21.7, 21.7, 21.7, 21.7]	[right, back, back, right]	[3411.9978, 3198.2198, 3161.7506, 3176.8909]
16   	131756.80   	0.157   	0.9189  	[21.7, 21.7, 21.7, 21.7]	[back, back, back, right]	[3252.7279, 3260.9770, 3055.2314, 3160.6221]
17   	129531.69   	0.152   	0.9298  	[21.7, 21.7, 21.7, 21.7]	[back, back, back, right]	[3173.4596, 3333.9085, 3021.4137, 3154.9522]
18   	127289.34   	0.147   	0.9394  	[21.7, 21.7, 21.7, 21.7]	[back, left, back, front]	[2708.6012, 3104.4635, 3041.9586, 2742.9751]
19   	124966.62   	0.143   	0.9466  	[21.7, 21.7, 21.7, 21.7]	[front, left, back, front]	[2305.6525, 2993.2399, 3117.0701, 2479.3888]
20   	122767.11   	0.139   	0.9473  	[21.7, 21.7, 21.7, 21.7]	[back, left, back, front]	[1987.4875, 2967.6434, 3207.5021, 2312.9065]
21   	120630.83   	0.134   	0.9548  	[21.7, 21.7, 21.7, 21.7]	[left, left, back, front]	[1782.6337, 2989.2810, 3288.4648, 2218.7888]
22   	118603.82   	0.130   	0.9725  	[21.7, 21.7, 21.7, 21.7]	[left, left, back, front]	[1648.1196, 3037.3854, 3390.6746, 2164.2521]
23   	116450.88   	0.126   	0.9898  	[21.7, 21.7, 21.7, 21.7]	[left, left, right, front]	[1579.3075, 3106.1985, 3058.7046, 2165.3959]
24   	114227.50   	0.122   	0.9906  	[21.7, 21.7, 21.7, 21.7]	[left, left, right, front]	[1547.0427, 3186.3317, 2817.5775, 2207.9681]
25   	112037.43   	0.118   	0.9919  	[21.7, 21.7, 21.7, 21.7]	[left, left, right, front]	[1549.9608, 3153.0833, 2663.4579, 2074.8556]
26   	109911.75   	0.115   	0.9955  	[21.7, 21.7, 21.7, 21.7]	[left, front, right, down]	[1553.9892, 2651.5323, 2568.2493, 1771.3801]
27   	108011.79   	0.112   	0.9955  	[21.7, 21.7, 21.7, 16.2]	[left, back, right, right]	[1571.0890, 2307.0561, 2510.4310, 1698.2569]
28   	106252.03   	0.109   	0.9955  	[21.7, 21.7, 21.7, 16.2]	[left, front, right, front]	[1619.1868, 1979.9211, 2517.1239, 1547.1357]
29   	104619.79   	0.106   	0.9956  	[21.7, 21.7, 21.7, 16.2]	[down, front, right, hover]	[1381.6692, 1786.2527, 2598.9842, 1192.2206]
30   	103148.26   	0.104   	0.9956  	[16.2, 21.7, 21.7, 16.2]	[left, front, right, hover]	[1360.8996, 1656.0337, 2681.7961, 916.5017]
31   	101940.24   	0.102   	0.9962  	[16.2, 21.7, 21.7, 16.2]	[back, front, hover, hover]	[1189.1413, 1552.0617, 2261.9457, 722.3087]
32   	100925.70   	0.100   	0.9970  	[16.2, 21.7, 21.7, 16.2]	[hover, front, hover, back]	[921.1867, 1493.7112, 1941.4357, 586.8952]
33   	100040.81   	0.098   	0.9978  	[16.2, 21.7, 21.7, 16.2]	[hover, front, hover, back]	[715.1243, 1491.0354, 1670.6374, 563.5196]
34   	99238.97    	0.097   	0.9986  	[16.2, 21.7, 21.7, 16.2]	[hover, front, hover, back]	[559.0385, 1585.2378, 1443.2113, 548.4821]
35   	98369.94    	0.095   	0.9994  	[16.2, 21.7, 21.7, 16.2]	[right, front, front, back]	[453.6471, 1876.1682, 1256.6783, 562.0513]
36   	97563.27    	0.094   	1.0000  	[16.2, 21.7, 21.7, 16.2]	[right, hover, front, back]	[430.5775, 1583.0993, 1118.9496, 619.9572]
37   	96797.74    	0.093   	1.0000  	[16.2, 21.7, 21.7, 16.2]	[right, hover, front, back]	[380.4450, 1359.7682, 1041.0444, 722.3375]
38   	96010.96    	0.092   	1.0000  	[16.2, 21.7, 21.7, 16.2]	[right, hover, front, back]	[381.0830, 1171.0723, 1034.8419, 828.7957]
39   	95186.40    	0.091   	1.0000  	[16.2, 21.7, 21.7, 16.2]	[right, right, front, back]	[403.9167, 1022.9024, 1078.0235, 961.8464]
40   	94292.22    	0.089   	1.0000  	[16.2, 21.7, 21.7, 16.2]	[right, right, front, back]	[459.1908, 934.1786, 1182.2304, 1152.1073]
41   	93283.27    	0.088   	1.0000  	[16.2, 21.7, 21.7, 16.2]	[right, right, front, back]	[513.7901, 925.0604, 1337.9639, 1360.8646]
42   	92229.06    	0.086   	1.0000  	[16.2, 21.7, 21.7, 16.2]	[right, right, front, back]	[605.3662, 979.5277, 1518.4714, 1353.4658]
43   	91243.36    	0.085   	1.0000  	[16.2, 21.7, 21.7, 16.2]	[right, right, hover, left]	[741.4036, 1061.5720, 1298.1633, 1056.3935]
44   	90218.25    	0.083   	1.0000  	[16.2, 21.7, 21.7, 16.2]	[right, right, hover, left]	[897.4196, 1188.3612, 1128.4138, 919.8315]
45   	89121.15    	0.082   	1.0000  	[16.2, 21.7, 21.7, 16.2]	[front, right, hover, left]	[799.9357, 1347.2549, 976.3456, 959.3204]
46   	87995.96    	0.080   	1.0000  	[16.2, 21.7, 21.7, 16.2]	[front, right, hover, left]	[687.8356, 1525.1506, 846.5575, 1050.7848]
47   	86758.78    	0.079   	1.0000  	[16.2, 21.7, 21.7, 16.2]	[front, right, hover, left]	[779.3495, 1402.5498, 737.5943, 1218.9735]
48   	85394.28    	0.077   	1.0000  	[16.2, 21.7, 21.7, 16.2]	[front, down, hover, left]	[999.5180, 1229.2019, 636.0035, 1410.9710]
49   	83745.72    	0.075   	1.0000  	[16.2, 16.2, 21.7, 16.2]	[front, front, hover, left]	[1236.5677, 1202.8257, 552.8808, 1850.1282]
50   	81728.67    	0.073   	1.0000  	[16.2, 16.2, 21.7, 16.2]	[front, right, hover, left]	[1834.5023, 994.1540, 483.3961, 2134.1048]
51   	79549.51    	0.071   	1.0000  	[16.2, 16.2, 21.7, 16.2]	[front, hover, left, left]	[2228.1056, 767.8744, 426.7894, 2329.1510]
52   	77270.71    	0.068   	1.0000  	[16.2, 16.2, 21.7, 16.2]	[front, left, left, left]	[2510.3732, 606.9067, 464.9804, 2469.9358]
53   	74852.66    	0.066   	1.0000  	[16.2, 16.2, 21.7, 16.2]	[front, right, left, front]	[2699.0670, 496.9157, 528.3384, 2402.7959]
54   	72323.61    	0.064   	1.0000  	[16.2, 16.2, 21.7, 16.2]	[front, back, left, front]	[2838.3089, 414.4086, 623.3355, 2228.6850]
55   	69931.30    	0.061   	1.0000  	[16.2, 16.2, 21.7, 16.2]	[left, back, left, front]	[2556.3153, 405.7533, 749.5725, 2159.2432]
56   	67521.22    	0.059   	1.0000  	[16.2, 16.2, 21.7, 16.2]	[left, back, left, front]	[2446.1494, 434.8157, 890.8699, 2150.3815]
57   	65088.86    	0.057   	1.0000  	[16.2, 16.2, 21.7, 16.2]	[left, back, left, front]	[2435.4198, 528.7312, 1064.8947, 2193.0175]
58   	62714.60    	0.054   	1.0000  	[16.2, 16.2, 21.7, 16.2]	[left, back, left, front]	[2457.0454, 621.8360, 1267.1358, 2242.7617]
59   	60359.51    	0.051   	1.0000  	[16.2, 16.2, 21.7, 16.2]	[left, back, left, front]	[2509.8341, 745.8439, 1211.5252, 2233.0510]
60   	58016.65    	0.049   	1.0000  	[16.2, 16.2, 21.7, 16.2]	[left, back, down, front]	[2598.8626, 868.6749, 1062.8342, 2258.2056]
61   	55747.92    	0.046   	1.0000  	[16.2, 16.2, 16.2, 16.2]	[left, back, front, front]	[2599.5479, 987.3520, 1035.0190, 2297.2477]
62   	53404.91    	0.043   	1.0000  	[16.2, 16.2, 16.2, 16.2]	[left, back, left, front]	[2634.5677, 1142.3866, 892.7027, 2326.5903]
63   	51116.31    	0.041   	1.0000  	[16.2, 16.2, 16.2, 16.2]	[left, back, hover, front]	[2655.4861, 1306.9613, 690.6924, 2077.9345]
64   	49025.20    	0.038   	1.0000  	[16.2, 16.2, 16.2, 16.2]	[left, left, hover, hover]	[2691.1717, 1182.3553, 532.8519, 1560.6120]
65   	47364.64    	0.037   	1.0000  	[16.2, 16.2, 16.2, 16.2]	[hover, back, back, hover]	[1995.9914, 1042.5957, 426.9897, 1200.4596]
66   	45947.27    	0.035   	1.0000  	[16.2, 16.2, 16.2, 16.2]	[up, left, back, hover]	[1539.1535, 861.2247, 402.1819, 918.8464]
67   	44654.36    	0.034   	1.0000  	[21.7, 16.2, 16.2, 16.2]	[right, left, back, right]	[1482.1197, 744.4587, 460.5283, 746.3900]
68   	43443.30    	0.033   	1.0000  	[21.7, 16.2, 16.2, 16.2]	[hover, left, back, up]	[1274.5672, 649.3567, 554.6351, 665.8973]
69   	42275.41    	0.032   	1.0000  	[21.7, 16.2, 16.2, 21.7]	[hover, left, back, hover]	[1096.6011, 647.2539, 660.1371, 578.5858]
70   	41175.71    	0.031   	1.0000  	[21.7, 16.2, 16.2, 21.7]	[hover, left, back, hover]	[949.1558, 660.4200, 759.5540, 509.3927]
71   	40062.03    	0.030   	1.0000  	[21.7, 16.2, 16.2, 21.7]	[right, left, back, right]	[835.4252, 680.0130, 876.5093, 454.1060]
72   	38921.73    	0.029   	1.0000  	[21.7, 16.2, 16.2, 21.7]	[right, left, back, right]	[785.6270, 736.6179, 1017.5873, 408.9241]
73   	37779.31    	0.028   	1.0000  	[21.7, 16.2, 16.2, 21.7]	[right, left, back, down]	[718.5838, 802.7342, 1154.8606, 363.9736]
74   	36562.14    	0.027   	1.0000  	[21.7, 16.2, 16.2, 16.2]	[right, left, back, right]	[700.3407, 916.2476, 1326.1944, 325.9267]
75   	35355.52    	0.026   	1.0000  	[21.7, 16.2, 16.2, 16.2]	[right, left, right, back]	[714.9411, 983.9878, 1193.5036, 290.8610]
76   	34196.56    	0.025   	1.0000  	[21.7, 16.2, 16.2, 16.2]	[right, front, right, back]	[768.2227, 872.5053, 944.4877, 314.4206]
77   	33117.11    	0.024   	1.0000  	[21.7, 16.2, 16.2, 16.2]	[right, hover, right, back]	[851.4376, 686.3705, 789.3033, 320.2658]
78   	32089.67    	0.023   	1.0000  	[21.7, 16.2, 16.2, 16.2]	[right, front, right, back]	[982.0554, 565.3840, 625.2984, 349.4324]
79   	31156.96    	0.022   	1.0000  	[21.7, 16.2, 16.2, 16.2]	[hover, front, right, back]	[850.0135, 481.7514, 542.4793, 395.4169]
80   	30304.39    	0.022   	1.0000  	[21.7, 16.2, 16.2, 16.2]	[hover, front, right, left]	[732.9776, 403.5711, 521.6208, 412.5987]
81   	29513.56    	0.021   	1.0000  	[21.7, 16.2, 16.2, 16.2]	[hover, front, right, left]	[642.2559, 362.7096, 502.6768, 425.9642]
82   	28736.34    	0.021   	1.0000  	[21.7, 16.2, 16.2, 16.2]	[hover, front, right, left]	[561.9431, 359.2785, 521.9143, 416.7887]
83   	27992.34    	0.020   	1.0000  	[21.7, 16.2, 16.2, 16.2]	[hover, front, right, left]	[487.5968, 351.5402, 567.4475, 434.9859]
84   	27234.16    	0.019   	1.0000  	[21.7, 16.2, 16.2, 16.2]	[hover, front, right, back]	[425.8108, 370.8385, 638.4335, 423.1710]
85   	26504.13    	0.019   	1.0000  	[21.7, 16.2, 16.2, 16.2]	[hover, front, right, back]	[371.2878, 418.0246, 705.8895, 423.1692]
86   	25803.69    	0.018   	1.0000  	[21.7, 16.2, 16.2, 16.2]	[back, front, hover, back]	[330.1925, 499.8295, 558.7861, 441.0273]
87   	25077.10    	0.018   	1.0000  	[21.7, 16.2, 16.2, 16.2]	[front, front, hover, back]	[295.9598, 625.3912, 439.5417, 521.7143]
88   	24404.71    	0.017   	1.0000  	[21.7, 16.2, 16.2, 16.2]	[back, hover, hover, back]	[262.2933, 489.4295, 348.3558, 653.0984]
89   	23844.43    	0.017   	1.0000  	[21.7, 16.2, 16.2, 16.2]	[front, hover, front, back]	[237.6222, 380.8837, 272.8909, 621.4197]
90   	23376.23    	0.016   	1.0000  	[21.7, 16.2, 16.2, 16.2]	[back, hover, back, hover]	[213.2206, 302.3772, 237.7671, 487.8317]
91   	23017.29    	0.016   	1.0000  	[21.7, 16.2, 16.2, 16.2]	[back, hover, hover, hover]	[192.3302, 240.2646, 196.8237, 379.0843]
92   	22698.78    	0.016   	1.0000  	[21.7, 16.2, 16.2, 16.2]	[left, right, front, hover]	[186.6054, 203.7846, 160.8398, 300.8848]
93   	22374.10    	0.015   	1.0000  	[21.7, 16.2, 16.2, 16.2]	[left, right, front, right]	[196.4070, 176.4173, 157.8135, 259.2165]
94   	22037.97    	0.015   	1.0000  	[21.7, 16.2, 16.2, 16.2]	[left, right, front, right]	[210.4075, 200.4610, 135.3415, 239.1066]
95   	21686.37    	0.015   	1.0000  	[21.7, 16.2, 16.2, 16.2]	[left, right, front, right]	[237.1635, 247.4545, 126.0679, 217.7382]
96   	21323.92    	0.015   	1.0000  	[21.7, 16.2, 16.2, 16.2]	[left, right, front, right]	[266.7761, 256.1733, 131.3456, 214.2659]
97   	20943.59    	0.014   	1.0000  	[21.7, 16.2, 16.2, 16.2]	[left, right, front, right]	[317.8782, 223.5432, 142.9143, 203.2724]
98   	20554.34    	0.014   	1.0000  	[21.7, 16.2, 16.2, 16.2]	[left, right, front, right]	[362.6179, 196.5011, 162.2863, 200.6025]
99   	20117.73    	0.014   	1.0000  	[21.7, 16.2, 16.2, 16.2]	[left, right, front, right]	[452.8208, 190.2366, 183.8128, 216.6750]
[2025-12-18T14:49:04]
Strategy: greedy_ig
Pairwise: equal
News mode: IG
Num agents: 4
Iteration: 1
Error margin: None
Gaussian radius 5 
Grid info: range: 0-50-50, cell_size:0.125, map shape: (400, 400), center:True
init UAV positions: [(-10.0, -10.0, 5.4), (-15.0, 0.0, 5.4), (15.0, -25.0, 5.4), (5.0, 25.0, 5.4)]
mcts_params: {}
Step	Entropy	MSE	Coverage	Heights	Actions	IGs
------------------------------------------------------------------------------------------------------------------------
0    	160000.00   	0.250   	0.0000  	[5.4, 5.4, 5.4, 5.4]	[-, -, -, -]	[-, -, -, -]
1    	159305.42   	0.244   	0.0469  	[5.4, 5.4, 5.4, 5.4]	[up, up, up, up]	[3904.5582, 3904.5582, 1952.2791, 1952.2791]
2    	158499.93   	0.238   	0.1800  	[10.8, 10.8, 10.8, 10.8]	[up, up, up, up]	[4382.9647, 4382.9647, 2191.4824, 2191.4824]
3    	157638.16   	0.232   	0.3738  	[16.2, 16.2, 16.2, 16.2]	[up, up, front, back]	[4482.1233, 3883.9572, 2497.6723, 2513.5942]
4    	156754.85   	0.227   	0.5425  	[21.7, 21.7, 16.2, 16.2]	[front, right, front, back]	[3847.4207, 3854.0220, 2753.1592, 2754.4773]
5    	155794.38   	0.221   	0.5980  	[21.7, 21.7, 16.2, 16.2]	[front, right, front, back]	[3576.6122, 3570.9373, 2955.9526, 2959.8904]
6    	154726.96   	0.216   	0.6484  	[21.7, 21.7, 16.2, 16.2]	[front, right, front, up]	[3464.1718, 3458.8483, 2903.0029, 3152.6440]
7    	153571.87   	0.210   	0.7430  	[21.7, 21.7, 16.2, 21.7]	[front, right, front, back]	[3410.5746, 3402.6929, 2903.0446, 3353.3279]
8    	152279.62   	0.205   	0.7931  	[21.7, 21.7, 16.2, 21.7]	[front, right, front, back]	[3396.5147, 3386.9161, 2905.0582, 3335.6495]
9    	150769.74   	0.199   	0.8205  	[21.7, 21.7, 16.2, 21.7]	[front, right, front, back]	[3414.6610, 3415.7083, 2917.9624, 3343.6116]
10   	149064.73   	0.194   	0.8478  	[21.7, 21.7, 16.2, 21.7]	[front, right, front, back]	[3426.9022, 3420.1049, 2913.0916, 3374.0055]
11   	147147.96   	0.188   	0.8775  	[21.7, 21.7, 16.2, 21.7]	[right, right, front, back]	[3259.3065, 3411.1067, 2910.7229, 3392.5422]
12   	145190.48   	0.183   	0.8838  	[21.7, 21.7, 16.2, 21.7]	[right, right, front, back]	[3172.3519, 3271.2008, 2907.5884, 3414.9339]
13   	143129.94   	0.178   	0.9025  	[21.7, 21.7, 16.2, 21.7]	[right, back, front, back]	[3153.9408, 3125.9524, 2924.2578, 3424.1744]
14   	141033.60   	0.172   	0.9158  	[21.7, 21.7, 16.2, 21.7]	[right, back, front, back]	[3164.2802, 3063.1743, 2919.6972, 3412.9306]
15   	138959.36   	0.167   	0.9291  	[21.7, 21.7, 16.2, 21.7]	[right, back, front, back]	[3197.6757, 3053.0379, 2904.4556, 3404.9513]
16   	136734.43   	0.162   	0.9523  	[21.7, 21.7, 16.2, 21.7]	[right, back, left, left]	[3266.3652, 3071.2842, 2722.3646, 3249.2800]
17   	134443.34   	0.157   	0.9563  	[21.7, 21.7, 16.2, 21.7]	[right, left, left, left]	[3349.9135, 2734.6801, 2684.8481, 3174.6797]
18   	132006.42   	0.152   	0.9594  	[21.7, 21.7, 16.2, 21.7]	[back, left, left, left]	[3142.1862, 2480.5093, 2688.6795, 3155.8067]
19   	129578.15   	0.147   	0.9625  	[21.7, 21.7, 16.2, 21.7]	[back, left, left, left]	[3012.2952, 2306.7894, 2749.1786, 3160.3703]
20   	127266.54   	0.143   	0.9656  	[21.7, 21.7, 16.2, 21.7]	[back, left, left, left]	[2965.3134, 2216.5376, 2846.6898, 3203.2899]
21   	125008.93   	0.138   	0.9719  	[21.7, 21.7, 16.2, 21.7]	[back, left, left, left]	[2966.8298, 2180.8063, 2937.2486, 2974.8226]
22   	122802.82   	0.134   	0.9820  	[21.7, 21.7, 16.2, 21.7]	[back, left, left, front]	[3002.9604, 2198.9268, 2926.5305, 2741.6699]
23   	120634.58   	0.129   	0.9828  	[21.7, 21.7, 16.2, 21.7]	[back, left, left, front]	[3081.1922, 2255.5491, 2915.9661, 2598.5268]
24   	118451.01   	0.125   	0.9836  	[21.7, 21.7, 16.2, 21.7]	[back, left, left, front]	[3164.5079, 2368.6747, 2935.0164, 2540.0635]
25   	116440.16   	0.121   	0.9844  	[21.7, 21.7, 16.2, 21.7]	[back, left, left, front]	[3132.2532, 2012.0079, 2739.4435, 2516.8567]
26   	114376.70   	0.117   	0.9969  	[21.7, 21.7, 16.2, 21.7]	[left, down, back, front]	[2648.6593, 1885.7435, 2596.7480, 2520.4043]
27   	112326.68   	0.113   	0.9969  	[21.7, 16.2, 16.2, 21.7]	[right, back, back, front]	[2312.5699, 1759.2377, 2551.5332, 2567.8705]
28   	110217.65   	0.110   	0.9969  	[21.7, 16.2, 16.2, 21.7]	[hover, left, back, front]	[1981.2968, 1347.8526, 2604.8477, 2637.5305]
29   	108112.58   	0.106   	0.9969  	[21.7, 16.2, 16.2, 21.7]	[left, right, back, front]	[1748.4155, 1069.9963, 2664.3972, 2717.0706]
30   	106045.82   	0.103   	0.9969  	[21.7, 16.2, 16.2, 21.7]	[left, hover, back, down]	[1615.3898, 831.0433, 2746.9538, 2394.5395]
31   	104123.78   	0.101   	0.9969  	[21.7, 16.2, 16.2, 16.2]	[left, right, back, front]	[1535.6541, 683.6658, 2820.2466, 2319.9159]
32   	102303.83   	0.098   	0.9969  	[21.7, 16.2, 16.2, 16.2]	[left, right, back, left]	[1477.6643, 640.4583, 2815.4816, 1895.6989]
33   	100645.61   	0.096   	0.9969  	[21.7, 16.2, 16.2, 16.2]	[left, right, back, hover]	[1443.9690, 603.3737, 2809.9713, 1443.6866]
34   	99024.63    	0.093   	0.9969  	[21.7, 16.2, 16.2, 16.2]	[left, right, back, right]	[1483.1760, 618.1973, 2818.3990, 1142.8570]
35   	97409.35    	0.091   	0.9969  	[21.7, 16.2, 16.2, 16.2]	[left, right, back, left]	[1598.7021, 675.3814, 2820.3782, 911.9571]
36   	95411.04    	0.089   	0.9969  	[21.7, 16.2, 16.2, 16.2]	[left, right, right, back]	[1890.9544, 745.7738, 2732.7037, 738.8148]
37   	93400.87    	0.086   	0.9969  	[21.7, 16.2, 16.2, 16.2]	[hover, right, right, back]	[1598.0380, 830.2748, 2672.2511, 708.0945]
38   	91372.89    	0.084   	0.9969  	[21.7, 16.2, 16.2, 16.2]	[hover, right, right, back]	[1367.0182, 958.9218, 2687.4297, 644.9125]
39   	89322.86    	0.082   	0.9969  	[21.7, 16.2, 16.2, 16.2]	[hover, right, right, back]	[1181.4373, 1138.0608, 2735.3655, 636.8542]
40   	87455.29    	0.080   	0.9969  	[21.7, 16.2, 16.2, 16.2]	[front, right, front, back]	[1042.8616, 1243.9831, 2323.8853, 680.2676]
41   	85660.06    	0.078   	0.9969  	[21.7, 16.2, 16.2, 16.2]	[front, hover, front, back]	[946.4300, 958.7317, 2142.4336, 769.4050]
42   	83934.79    	0.077   	0.9969  	[21.7, 16.2, 16.2, 16.2]	[front, front, front, back]	[922.2860, 784.5385, 2073.0657, 847.9502]
43   	82130.38    	0.075   	0.9969  	[21.7, 16.2, 16.2, 16.2]	[front, front, front, back]	[980.5195, 697.7693, 2067.0551, 950.9331]
44   	80564.49    	0.073   	0.9969  	[21.7, 16.2, 16.2, 16.2]	[front, front, right, back]	[1065.9540, 766.4518, 1633.4119, 1091.8191]
45   	79059.28    	0.072   	0.9969  	[21.7, 16.2, 16.2, 16.2]	[front, front, right, back]	[1191.0469, 892.9950, 1366.5675, 1266.1498]
46   	77614.55    	0.070   	0.9969  	[21.7, 16.2, 16.2, 16.2]	[front, front, front, right]	[1350.0220, 1079.3091, 1097.5121, 993.5733]
47   	76296.94    	0.068   	0.9969  	[21.7, 16.2, 16.2, 16.2]	[front, front, front, left]	[1530.1646, 1289.8080, 926.6525, 789.3790]
48   	74934.80    	0.067   	0.9969  	[21.7, 16.2, 16.2, 16.2]	[front, front, front, right]	[1399.9512, 1829.2331, 767.5511, 624.1539]
49   	73606.45    	0.065   	0.9977  	[21.7, 16.2, 16.2, 16.2]	[down, front, up, right]	[1235.7755, 2183.1154, 696.4846, 553.8581]
50   	72243.03    	0.063   	0.9984  	[16.2, 16.2, 21.7, 16.2]	[left, front, right, right]	[1201.4279, 2439.7665, 681.5870, 599.3508]
51   	70938.12    	0.061   	0.9992  	[16.2, 16.2, 21.7, 16.2]	[front, front, front, right]	[1004.6014, 2620.9558, 681.9241, 697.4249]
52   	69551.78    	0.060   	1.0000  	[16.2, 16.2, 21.7, 16.2]	[hover, left, front, right]	[779.5073, 2352.1186, 709.0524, 832.0099]
53   	68093.28    	0.058   	1.0000  	[16.2, 16.2, 21.7, 16.2]	[back, left, right, right]	[613.5869, 2186.6202, 737.9711, 990.5131]
54   	66501.99    	0.056   	1.0000  	[16.2, 16.2, 21.7, 16.2]	[front, left, right, right]	[497.1620, 2134.5061, 826.7587, 1181.4920]
55   	64821.55    	0.054   	1.0000  	[16.2, 16.2, 21.7, 16.2]	[right, left, right, right]	[422.5855, 2140.4483, 802.3940, 1389.7791]
56   	62854.61    	0.052   	1.0000  	[16.2, 16.2, 21.7, 16.2]	[right, left, hover, right]	[416.7063, 2179.2374, 694.0539, 1924.0868]
57   	60699.65    	0.050   	1.0000  	[16.2, 16.2, 21.7, 16.2]	[right, left, hover, right]	[435.2554, 2254.1201, 602.5421, 2282.6637]
58   	58669.83    	0.048   	1.0000  	[16.2, 16.2, 21.7, 16.2]	[right, left, hover, right]	[527.4889, 2295.8429, 523.8041, 1979.4293]
59   	56638.60    	0.046   	1.0000  	[16.2, 16.2, 21.7, 16.2]	[right, left, hover, front]	[650.7627, 2337.9937, 456.7512, 1702.9791]
60   	54583.63    	0.044   	1.0000  	[16.2, 16.2, 21.7, 16.2]	[right, left, hover, front]	[771.7315, 2383.7414, 394.0522, 1552.4807]
61   	52482.93    	0.042   	1.0000  	[16.2, 16.2, 21.7, 16.2]	[right, left, back, front]	[886.4719, 2447.2714, 356.4459, 1512.9505]
62   	50681.60    	0.040   	1.0000  	[16.2, 16.2, 21.7, 16.2]	[right, left, back, front]	[1007.2385, 1861.7679, 361.7125, 1512.1056]
63   	49040.45    	0.039   	1.0000  	[16.2, 16.2, 21.7, 16.2]	[right, right, back, front]	[1169.6164, 1441.2540, 387.5159, 1547.5752]
64   	47442.90    	0.037   	1.0000  	[16.2, 16.2, 21.7, 16.2]	[right, back, back, front]	[1332.5842, 1134.8523, 434.8787, 1593.7332]
65   	45855.70    	0.035   	1.0000  	[16.2, 16.2, 21.7, 16.2]	[back, up, back, front]	[1185.9640, 1048.6466, 505.0198, 1594.4682]
66   	44329.21    	0.034   	1.0000  	[16.2, 21.7, 21.7, 16.2]	[right, right, back, front]	[1033.7790, 946.7393, 583.9112, 1609.0601]
67   	42818.72    	0.033   	1.0000  	[16.2, 21.7, 21.7, 16.2]	[back, hover, back, front]	[853.7057, 824.3169, 658.2534, 1626.2490]
68   	41391.96    	0.031   	1.0000  	[16.2, 21.7, 21.7, 16.2]	[back, hover, back, front]	[740.2355, 724.3551, 765.8017, 1661.1188]
69   	40064.07    	0.030   	1.0000  	[16.2, 21.7, 21.7, 16.2]	[back, back, left, left]	[638.1051, 648.0390, 761.5798, 1269.6677]
70   	38983.84    	0.029   	1.0000  	[16.2, 21.7, 21.7, 16.2]	[back, left, left, right]	[596.4174, 584.4556, 710.5954, 988.6516]
71   	37981.40    	0.028   	1.0000  	[16.2, 21.7, 21.7, 16.2]	[back, back, left, left]	[606.7787, 536.5427, 669.0807, 786.7437]
72   	37069.78    	0.027   	1.0000  	[16.2, 21.7, 21.7, 16.2]	[back, hover, left, up]	[625.3636, 470.7502, 597.4118, 637.9233]
73   	36135.89    	0.027   	1.0000  	[16.2, 21.7, 21.7, 21.7]	[back, right, left, back]	[657.6742, 421.3801, 552.8562, 660.5300]
74   	35217.28    	0.026   	1.0000  	[16.2, 21.7, 21.7, 21.7]	[back, front, left, left]	[719.7275, 377.0534, 579.7938, 667.7233]
75   	34263.90    	0.025   	1.0000  	[16.2, 21.7, 21.7, 21.7]	[back, front, left, back]	[820.3014, 382.0159, 633.4997, 592.0299]
76   	33270.98    	0.024   	1.0000  	[16.2, 21.7, 21.7, 21.7]	[back, right, left, back]	[866.8624, 386.0410, 704.1063, 561.2435]
77   	32325.82    	0.023   	1.0000  	[16.2, 21.7, 21.7, 21.7]	[left, right, left, hover]	[750.0940, 413.2979, 753.4628, 487.0934]
78   	31505.29    	0.023   	1.0000  	[16.2, 21.7, 21.7, 21.7]	[hover, right, hover, left]	[586.0535, 398.0900, 657.8829, 430.2545]
79   	30750.43    	0.022   	1.0000  	[16.2, 21.7, 21.7, 21.7]	[left, right, hover, left]	[483.2263, 406.1187, 568.0768, 387.6001]
80   	30093.48    	0.022   	1.0000  	[16.2, 21.7, 21.7, 21.7]	[left, right, hover, front]	[404.6415, 442.1828, 496.5043, 358.1587]
81   	29411.91    	0.021   	1.0000  	[16.2, 21.7, 21.7, 21.7]	[left, right, hover, front]	[346.9047, 509.3356, 440.8190, 376.9369]
82   	28754.35    	0.021   	1.0000  	[16.2, 21.7, 21.7, 21.7]	[left, right, front, left]	[320.7539, 601.7997, 389.8498, 357.1994]
83   	28021.69    	0.020   	1.0000  	[16.2, 21.7, 21.7, 21.7]	[left, right, front, left]	[329.0583, 683.7025, 392.3837, 362.7629]
84   	27344.18    	0.019   	1.0000  	[16.2, 21.7, 21.7, 21.7]	[left, hover, front, left]	[335.2439, 593.5324, 368.4732, 365.5682]
85   	26692.09    	0.019   	1.0000  	[16.2, 21.7, 21.7, 21.7]	[left, hover, front, left]	[354.2560, 516.0656, 378.9998, 352.2276]
86   	26035.67    	0.018   	1.0000  	[16.2, 21.7, 21.7, 21.7]	[left, hover, front, left]	[413.1570, 446.9563, 418.8527, 344.4483]
87   	25340.58    	0.018   	1.0000  	[16.2, 21.7, 21.7, 21.7]	[left, hover, front, left]	[513.9133, 390.6490, 489.4339, 332.5009]
88   	24601.40    	0.017   	1.0000  	[16.2, 21.7, 21.7, 21.7]	[left, hover, front, hover]	[633.7937, 340.7016, 599.9492, 289.9821]
89   	23914.15    	0.017   	1.0000  	[16.2, 21.7, 21.7, 21.7]	[hover, hover, front, hover]	[498.9312, 299.8272, 738.2228, 253.2583]
90   	23304.60    	0.016   	1.0000  	[16.2, 21.7, 21.7, 21.7]	[hover, hover, hover, hover]	[399.6493, 267.1797, 640.9771, 224.6597]
91   	22802.02    	0.016   	1.0000  	[16.2, 21.7, 21.7, 21.7]	[hover, hover, hover, hover]	[318.4468, 232.2543, 560.3286, 196.9687]
92   	22368.11    	0.015   	1.0000  	[16.2, 21.7, 21.7, 21.7]	[hover, hover, hover, right]	[251.9402, 203.1663, 494.2344, 173.9160]
93   	21967.76    	0.015   	1.0000  	[16.2, 21.7, 21.7, 21.7]	[front, hover, hover, left]	[210.4648, 177.9997, 432.4826, 156.8362]
94   	21620.05    	0.015   	1.0000  	[16.2, 21.7, 21.7, 21.7]	[front, back, hover, right]	[182.4523, 158.5538, 377.0894, 137.8650]
95   	21295.04    	0.015   	1.0000  	[16.2, 21.7, 21.7, 21.7]	[front, back, hover, right]	[212.1604, 154.4069, 329.5655, 125.3762]
96   	20983.06    	0.014   	1.0000  	[16.2, 21.7, 21.7, 21.7]	[front, hover, right, right]	[258.9070, 135.8035, 294.1302, 121.6236]
97   	20651.31    	0.014   	1.0000  	[16.2, 21.7, 21.7, 21.7]	[front, left, left, back]	[264.5079, 124.0520, 264.2504, 119.7451]
98   	20353.82    	0.014   	1.0000  	[16.2, 21.7, 21.7, 21.7]	[front, up, right, back]	[232.6658, 112.5170, 232.3323, 141.8505]
99   	20069.05    	0.014   	1.0000  	[16.2, 27.1, 21.7, 21.7]	[front, front, left, back]	[208.8845, 118.9408, 210.5038, 134.3411]
[2025-12-18T14:49:15]
Strategy: greedy_ig
Pairwise: equal
News mode: IG
Num agents: 4
Iteration: 2
Error margin: None
Gaussian radius 5 
Grid info: range: 0-50-50, cell_size:0.125, map shape: (400, 400), center:True
init UAV positions: [(-5.0, -25.0, 5.4), (-5.0, 5.0, 5.4), (15.0, -15.0, 5.4), (0.0, 25.0, 5.4)]
mcts_params: {}
Step	Entropy	MSE	Coverage	Heights	Actions	IGs
------------------------------------------------------------------------------------------------------------------------
0    	160000.00   	0.250   	0.0000  	[5.4, 5.4, 5.4, 5.4]	[-, -, -, -]	[-, -, -, -]
1    	159333.38   	0.244   	0.0469  	[5.4, 5.4, 5.4, 5.4]	[up, up, up, up]	[1952.2791, 3904.5582, 3904.5582, 1952.2791]
2    	158649.08   	0.238   	0.1875  	[10.8, 10.8, 10.8, 10.8]	[up, up, up, up]	[2191.4824, 4382.9647, 4382.9647, 2191.4824]
3    	157919.07   	0.233   	0.4219  	[16.2, 16.2, 16.2, 16.2]	[front, up, left, back]	[2513.2151, 4471.4948, 3453.5789, 2513.5942]
4    	157068.54   	0.227   	0.5552  	[16.2, 21.7, 16.2, 16.2]	[front, up, up, back]	[2761.1851, 3848.3417, 3355.0876, 2748.4680]
5    	156091.48   	0.222   	0.6909  	[16.2, 27.1, 21.7, 16.2]	[front, front, front, back]	[2968.7907, 3538.7325, 3428.1259, 2972.8642]
6    	155009.28   	0.216   	0.7238  	[16.2, 27.1, 21.7, 16.2]	[up, left, front, up]	[3155.2624, 3307.5722, 3274.4484, 3163.9416]
7    	153822.64   	0.210   	0.8161  	[21.7, 27.1, 21.7, 21.7]	[front, back, front, back]	[3359.7687, 3051.1991, 3253.8936, 3368.3822]
8    	152393.53   	0.205   	0.8348  	[21.7, 27.1, 21.7, 21.7]	[front, back, front, back]	[3341.7372, 2948.0349, 3276.1072, 3343.8688]
9    	150670.77   	0.199   	0.8575  	[21.7, 27.1, 21.7, 21.7]	[front, back, front, back]	[3358.8963, 2912.4088, 3311.5987, 3361.8934]
10   	148651.54   	0.194   	0.8802  	[21.7, 27.1, 21.7, 21.7]	[front, back, front, back]	[3387.1094, 2947.0376, 3376.0239, 3382.0760]
11   	146430.31   	0.188   	0.9028  	[21.7, 27.1, 21.7, 21.7]	[front, back, front, back]	[3394.4648, 3014.6763, 3407.4923, 3402.0726]
12   	144111.60   	0.183   	0.9255  	[21.7, 27.1, 21.7, 21.7]	[front, down, front, back]	[3419.9767, 3014.7960, 3417.7071, 3413.8751]
13   	141785.10   	0.177   	0.9403  	[21.7, 21.7, 21.7, 21.7]	[front, back, front, back]	[3426.3207, 3045.3729, 3258.6747, 3417.5923]
14   	139326.14   	0.172   	0.9522  	[21.7, 21.7, 21.7, 21.7]	[front, back, left, back]	[3416.3391, 2866.8536, 3117.7823, 3422.1721]
15   	136940.40   	0.167   	0.9545  	[21.7, 21.7, 21.7, 21.7]	[front, left, left, back]	[3413.0876, 2626.0204, 3049.3975, 3418.6017]
16   	134586.61   	0.162   	0.9594  	[21.7, 21.7, 21.7, 21.7]	[left, left, left, left]	[3253.9803, 2259.6167, 3033.6269, 3265.9899]
17   	132322.72   	0.157   	0.9728  	[21.7, 21.7, 21.7, 21.7]	[left, right, left, left]	[3161.9096, 1958.7812, 3064.3599, 3177.7213]
18   	130375.24   	0.153   	0.9744  	[21.7, 21.7, 21.7, 21.7]	[left, left, left, left]	[2700.5777, 1698.6733, 3111.0914, 3155.9930]
19   	128485.86   	0.149   	0.9869  	[21.7, 21.7, 21.7, 21.7]	[right, right, left, left]	[2307.2490, 1484.3191, 3169.4931, 3170.8589]
20   	126721.52   	0.145   	0.9875  	[21.7, 21.7, 21.7, 21.7]	[left, right, left, front]	[1993.5418, 1357.5445, 3249.6383, 2744.7930]
21   	124898.35   	0.141   	0.9875  	[21.7, 21.7, 21.7, 21.7]	[back, right, left, front]	[1779.4533, 1510.6336, 3193.8586, 2489.9270]
22   	122780.45   	0.138   	0.9875  	[21.7, 21.7, 21.7, 21.7]	[back, right, back, front]	[1657.2340, 1844.2943, 3139.8925, 2323.8035]
23   	120470.70   	0.134   	0.9875  	[21.7, 21.7, 21.7, 21.7]	[back, right, back, front]	[1577.3326, 2166.2572, 3059.0065, 2224.2123]
24   	117961.76   	0.130   	0.9875  	[21.7, 21.7, 21.7, 21.7]	[back, right, back, front]	[1541.9721, 2439.2187, 3045.6009, 2157.9515]
25   	115326.43   	0.126   	0.9875  	[21.7, 21.7, 21.7, 21.7]	[back, right, back, front]	[1536.2114, 2674.7173, 3063.8249, 2147.5595]
26   	112663.11   	0.122   	0.9875  	[21.7, 21.7, 21.7, 21.7]	[back, right, back, front]	[1549.7453, 2882.6856, 3111.2062, 2150.5307]
27   	110112.49   	0.118   	0.9875  	[21.7, 21.7, 21.7, 21.7]	[back, right, back, front]	[1563.9708, 2773.5014, 3162.9542, 2206.2477]
28   	107654.35   	0.115   	0.9934  	[21.7, 21.7, 21.7, 21.7]	[back, front, back, hover]	[1617.2364, 2709.0896, 3237.8555, 1874.9602]
29   	105264.40   	0.111   	0.9942  	[21.7, 21.7, 21.7, 21.7]	[down, front, back, hover]	[1397.2558, 2575.9877, 3328.6602, 1605.4642]
30   	103184.71   	0.108   	0.9950  	[16.2, 21.7, 21.7, 21.7]	[back, front, right, hover]	[1357.0099, 2526.7927, 2814.7760, 1376.0212]
31   	101365.67   	0.105   	0.9958  	[16.2, 21.7, 21.7, 21.7]	[left, front, left, hover]	[1183.1230, 2510.6759, 2424.5395, 1194.4756]
32   	99755.68    	0.103   	0.9966  	[16.2, 21.7, 21.7, 21.7]	[hover, front, right, hover]	[914.3734, 2525.0986, 2095.1243, 1031.5896]
33   	98328.77    	0.100   	0.9973  	[16.2, 21.7, 21.7, 21.7]	[hover, front, right, hover]	[722.2251, 2588.2154, 1829.1287, 895.9598]
34   	96975.35    	0.098   	0.9981  	[16.2, 21.7, 21.7, 21.7]	[hover, front, back, right]	[571.1577, 2695.2819, 1607.1458, 792.6024]
35   	95684.68    	0.096   	0.9989  	[16.2, 21.7, 21.7, 21.7]	[front, front, down, right]	[467.7020, 2820.5553, 1443.3318, 715.9215]
36   	94557.20    	0.094   	0.9997  	[16.2, 21.7, 16.2, 21.7]	[front, front, up, right]	[449.7040, 2510.4506, 1188.9886, 676.4686]
37   	93522.79    	0.093   	1.0000  	[16.2, 21.7, 21.7, 21.7]	[front, down, left, right]	[393.9774, 2397.5252, 1101.9828, 812.8642]
38   	92431.22    	0.091   	1.0000  	[16.2, 16.2, 21.7, 21.7]	[front, front, left, right]	[382.2821, 1924.2917, 1097.0975, 1406.1221]
39   	91355.20    	0.089   	1.0000  	[16.2, 16.2, 21.7, 21.7]	[front, right, front, right]	[410.1646, 1537.9264, 991.7225, 1895.9332]
40   	90260.09    	0.087   	1.0000  	[16.2, 16.2, 21.7, 21.7]	[front, back, hover, right]	[458.1731, 1221.9622, 864.6762, 2310.0168]
41   	89169.14    	0.085   	1.0000  	[16.2, 16.2, 21.7, 21.7]	[front, back, hover, right]	[514.7795, 983.4190, 751.7559, 2650.5498]
42   	88142.10    	0.084   	1.0000  	[16.2, 16.2, 21.7, 21.7]	[front, back, front, back]	[608.2902, 852.4528, 669.5932, 2383.7904]
43   	87141.87    	0.082   	1.0000  	[16.2, 16.2, 21.7, 21.7]	[front, back, front, back]	[735.7482, 730.0513, 635.7515, 2228.0466]
44   	86118.29    	0.080   	1.0000  	[16.2, 16.2, 21.7, 21.7]	[front, back, front, back]	[895.6957, 691.4975, 650.7696, 2162.1669]
45   	85085.47    	0.079   	1.0000  	[16.2, 16.2, 21.7, 21.7]	[right, back, front, back]	[782.5590, 715.6128, 702.7175, 2149.0287]
46   	84008.19    	0.077   	1.0000  	[16.2, 16.2, 21.7, 21.7]	[right, back, front, back]	[674.1749, 765.9628, 791.4172, 2192.6251]
47   	82840.24    	0.075   	1.0000  	[16.2, 16.2, 21.7, 21.7]	[right, back, front, back]	[764.4865, 842.5196, 916.5534, 2261.0234]
48   	81506.81    	0.073   	1.0000  	[16.2, 16.2, 21.7, 21.7]	[right, back, front, back]	[995.4856, 943.7345, 1060.5298, 2373.5082]
49   	80015.83    	0.071   	1.0000  	[16.2, 16.2, 21.7, 21.7]	[right, back, front, back]	[1237.7249, 1094.6069, 1165.5906, 2529.6684]
50   	78342.30    	0.069   	1.0000  	[16.2, 16.2, 21.7, 21.7]	[right, back, hover, hover]	[1849.1288, 1070.1796, 1016.3049, 2140.9852]
51   	76657.00    	0.066   	1.0000  	[16.2, 16.2, 21.7, 21.7]	[right, left, hover, hover]	[2243.5736, 868.3628, 881.7870, 1837.5530]
52   	75073.54    	0.064   	1.0000  	[16.2, 16.2, 21.7, 21.7]	[right, right, hover, hover]	[2521.7784, 683.5492, 762.5398, 1579.3898]
53   	73520.68    	0.062   	1.0000  	[16.2, 16.2, 21.7, 21.7]	[right, left, right, hover]	[2721.9782, 552.7494, 677.2852, 1369.5509]
54   	72002.56    	0.060   	1.0000  	[16.2, 16.2, 21.7, 21.7]	[right, left, right, hover]	[2832.6407, 448.9497, 630.4458, 1179.2961]
55   	70494.56    	0.059   	1.0000  	[16.2, 16.2, 21.7, 21.7]	[back, left, right, hover]	[2564.3705, 393.5950, 629.4075, 1028.7630]
56   	68975.22    	0.057   	1.0000  	[16.2, 16.2, 21.7, 21.7]	[back, left, right, hover]	[2458.5645, 360.8616, 670.9367, 896.8762]
57   	67338.70    	0.055   	1.0000  	[16.2, 16.2, 21.7, 21.7]	[back, left, right, left]	[2431.5978, 353.1251, 755.9141, 787.4255]
58   	65587.26    	0.054   	1.0000  	[16.2, 16.2, 21.7, 21.7]	[back, left, right, left]	[2451.7925, 392.8016, 868.8838, 711.7918]
59   	63770.78    	0.052   	1.0000  	[16.2, 16.2, 21.7, 21.7]	[back, left, right, left]	[2505.0971, 411.7808, 1019.2070, 667.3916]
60   	61805.79    	0.050   	1.0000  	[16.2, 16.2, 21.7, 21.7]	[back, left, right, left]	[2584.7554, 450.4946, 1203.9632, 638.0651]
61   	59801.76    	0.048   	1.0000  	[16.2, 16.2, 21.7, 21.7]	[back, left, right, left]	[2607.1134, 507.4712, 1142.5171, 738.9687]
62   	57665.44    	0.046   	1.0000  	[16.2, 16.2, 21.7, 21.7]	[back, left, down, left]	[2630.1400, 688.0925, 1061.3315, 859.3673]
63   	55562.47    	0.044   	1.0000  	[16.2, 16.2, 16.2, 21.7]	[back, left, front, left]	[2665.0600, 750.5405, 955.5309, 1028.3247]
64   	53517.04    	0.042   	1.0000  	[16.2, 16.2, 16.2, 21.7]	[back, front, right, left]	[2693.2626, 644.8186, 826.1166, 1224.6463]
65   	51815.40    	0.040   	1.0000  	[16.2, 16.2, 16.2, 21.7]	[right, front, hover, hover]	[2351.6346, 549.0329, 646.4243, 1059.6882]
66   	50405.24    	0.039   	1.0000  	[16.2, 16.2, 16.2, 21.7]	[hover, front, back, hover]	[1755.4837, 673.9850, 515.3554, 916.4345]
67   	49119.21    	0.038   	1.0000  	[16.2, 16.2, 16.2, 21.7]	[hover, front, back, hover]	[1345.8358, 805.3300, 447.4203, 803.7810]
68   	47853.83    	0.037   	1.0000  	[16.2, 16.2, 16.2, 21.7]	[hover, front, back, hover]	[1036.4444, 943.0927, 550.5692, 698.5102]
69   	46570.67    	0.036   	1.0000  	[16.2, 16.2, 16.2, 21.7]	[left, front, back, hover]	[852.7937, 1082.8296, 622.5778, 609.7615]
70   	45288.17    	0.035   	1.0000  	[16.2, 16.2, 16.2, 21.7]	[up, front, back, hover]	[790.0224, 1229.4451, 647.8499, 532.8647]
71   	43887.03    	0.033   	1.0000  	[21.7, 16.2, 16.2, 21.7]	[front, front, back, hover]	[854.7550, 1419.8152, 647.5256, 465.1933]
72   	42461.99    	0.032   	1.0000  	[21.7, 16.2, 16.2, 21.7]	[front, front, back, hover]	[789.8257, 1614.3036, 662.4505, 406.2713]
73   	40956.82    	0.031   	1.0000  	[21.7, 16.2, 16.2, 21.7]	[front, front, back, hover]	[772.5241, 1849.9380, 686.2571, 355.8534]
74   	39538.81    	0.030   	1.0000  	[21.7, 16.2, 16.2, 21.7]	[front, right, back, hover]	[727.8910, 1681.6863, 693.4120, 313.6140]
75   	38140.58    	0.028   	1.0000  	[21.7, 16.2, 16.2, 21.7]	[front, front, back, hover]	[722.9472, 1579.0318, 826.7834, 273.1379]
76   	36765.17    	0.027   	1.0000  	[21.7, 16.2, 16.2, 21.7]	[front, right, left, hover]	[741.9823, 1429.1996, 831.5470, 242.3616]
77   	35403.24    	0.026   	1.0000  	[21.7, 16.2, 16.2, 21.7]	[front, right, left, front]	[799.9148, 1409.2851, 747.3504, 215.7246]
78   	34148.47    	0.025   	1.0000  	[21.7, 16.2, 16.2, 21.7]	[front, right, up, front]	[859.5087, 1256.6613, 690.7230, 208.1289]
79   	33008.83    	0.024   	1.0000  	[21.7, 16.2, 21.7, 21.7]	[front, right, front, front]	[960.4763, 1090.0635, 600.9944, 214.4193]
80   	32014.58    	0.023   	1.0000  	[21.7, 16.2, 21.7, 21.7]	[hover, right, back, front]	[828.8778, 892.7535, 533.6215, 235.5443]
81   	31166.28    	0.023   	1.0000  	[21.7, 16.2, 21.7, 21.7]	[hover, right, front, front]	[716.3666, 736.0613, 469.8433, 268.6438]
82   	30453.73    	0.022   	1.0000  	[21.7, 16.2, 21.7, 21.7]	[hover, right, back, front]	[621.3396, 607.0708, 419.8635, 311.9932]
83   	29806.99    	0.021   	1.0000  	[21.7, 16.2, 21.7, 21.7]	[hover, right, left, front]	[544.5315, 508.8682, 372.2240, 357.7942]
84   	29195.78    	0.021   	1.0000  	[21.7, 16.2, 21.7, 21.7]	[hover, right, left, front]	[476.9570, 454.8486, 347.1887, 419.0032]
85   	28669.91    	0.020   	1.0000  	[21.7, 16.2, 21.7, 21.7]	[hover, right, left, hover]	[415.9455, 414.2849, 333.3235, 368.4411]
86   	28214.38    	0.020   	1.0000  	[21.7, 16.2, 21.7, 21.7]	[hover, hover, left, hover]	[364.7305, 334.2219, 318.1316, 321.0364]
87   	27793.68    	0.020   	1.0000  	[21.7, 16.2, 21.7, 21.7]	[hover, hover, left, hover]	[320.6776, 265.0180, 308.7106, 282.0043]
88   	27413.17    	0.019   	1.0000  	[21.7, 16.2, 21.7, 21.7]	[left, back, front, hover]	[289.7968, 221.4538, 295.7318, 246.7966]
89   	27062.14    	0.019   	1.0000  	[21.7, 16.2, 21.7, 21.7]	[right, up, left, hover]	[256.1187, 210.6580, 271.8599, 221.4815]
90   	26711.88    	0.019   	1.0000  	[21.7, 21.7, 21.7, 21.7]	[left, left, left, hover]	[231.3852, 240.0869, 282.8195, 191.1687]
91   	26329.46    	0.018   	1.0000  	[21.7, 21.7, 21.7, 21.7]	[back, left, left, hover]	[217.8991, 279.1280, 323.1877, 171.7679]
92   	25922.41    	0.018   	1.0000  	[21.7, 21.7, 21.7, 21.7]	[up, left, back, hover]	[247.4572, 312.9269, 323.1987, 151.7080]
93   	25551.47    	0.018   	1.0000  	[27.1, 21.7, 21.7, 21.7]	[hover, left, hover, right]	[230.7724, 334.7822, 283.9705, 135.0193]
94   	25139.92    	0.017   	1.0000  	[27.1, 21.7, 21.7, 21.7]	[back, back, hover, right]	[218.3504, 345.8951, 251.5106, 129.5286]
95   	24765.47    	0.017   	1.0000  	[27.1, 21.7, 21.7, 21.7]	[back, left, hover, right]	[217.5637, 326.0577, 219.9272, 142.4041]
96   	24334.88    	0.017   	1.0000  	[27.1, 21.7, 21.7, 21.7]	[back, left, hover, right]	[227.5490, 330.9824, 191.7059, 219.8502]
97   	23821.27    	0.016   	1.0000  	[27.1, 21.7, 21.7, 21.7]	[back, left, hover, right]	[247.2669, 351.3986, 166.8487, 410.8607]
98   	23214.54    	0.016   	1.0000  	[27.1, 21.7, 21.7, 21.7]	[back, left, hover, right]	[278.2840, 382.4972, 145.6539, 613.4112]
99   	22450.92    	0.015   	1.0000  	[27.1, 21.7, 21.7, 21.7]	[back, left, front, right]	[333.0781, 440.3122, 125.5147, 834.1747]
[2025-12-18T14:49:25]
Strategy: greedy_ig
Pairwise: equal
News mode: IG
Num agents: 4
Iteration: 3
Error margin: None
Gaussian radius 5 
Grid info: range: 0-50-50, cell_size:0.125, map shape: (400, 400), center:True
init UAV positions: [(0.0, -10.0, 5.4), (-5.0, 15.0, 5.4), (15.0, -5.0, 5.4), (20.0, 20.0, 5.4)]
mcts_params: {}
Step	Entropy	MSE	Coverage	Heights	Actions	IGs
------------------------------------------------------------------------------------------------------------------------
0    	160000.00   	0.250   	0.0000  	[5.4, 5.4, 5.4, 5.4]	[-, -, -, -]	[-, -, -, -]
1    	159153.40   	0.243   	0.0625  	[5.4, 5.4, 5.4, 5.4]	[up, up, up, up]	[3904.5582, 3904.5582, 3904.5582, 3162.6921]
2    	158314.48   	0.236   	0.2381  	[10.8, 10.8, 10.8, 10.8]	[up, up, up, up]	[4382.9647, 4382.9647, 4382.9647, 2315.8095]
3    	157430.44   	0.229   	0.4839  	[16.2, 16.2, 16.2, 16.2]	[up, up, up, back]	[4474.3519, 3884.5286, 3884.4143, 2420.4715]
4    	156539.10   	0.223   	0.7106  	[21.7, 21.7, 21.7, 16.2]	[left, back, left, left]	[3844.2107, 3842.4768, 3852.2513, 2661.1506]
5    	155544.32   	0.218   	0.7661  	[21.7, 21.7, 21.7, 16.2]	[left, back, left, left]	[3560.2508, 3553.9860, 3566.1847, 2670.6101]
6    	154377.34   	0.212   	0.7950  	[21.7, 21.7, 21.7, 16.2]	[left, back, left, back]	[3459.8279, 3436.3199, 3452.0710, 2724.3432]
7    	153003.13   	0.207   	0.8263  	[21.7, 21.7, 21.7, 16.2]	[left, back, left, up]	[3401.9245, 3381.4376, 3399.6133, 2796.9374]
8    	151366.44   	0.201   	0.8575  	[21.7, 21.7, 21.7, 21.7]	[front, back, left, back]	[3207.5805, 3376.8484, 3392.1788, 2889.5856]
9    	149444.44   	0.196   	0.8669  	[21.7, 21.7, 21.7, 21.7]	[front, back, left, left]	[3124.1129, 3402.9196, 3406.0547, 2980.1287]
10   	147398.41   	0.190   	0.8762  	[21.7, 21.7, 21.7, 21.7]	[front, back, left, left]	[3127.4742, 3404.7888, 3406.6174, 3028.1203]
11   	145302.83   	0.185   	0.8856  	[21.7, 21.7, 21.7, 21.7]	[front, back, left, left]	[3159.4580, 3405.1434, 3402.4213, 3099.5330]
12   	143232.85   	0.179   	0.8950  	[21.7, 21.7, 21.7, 21.7]	[front, back, left, left]	[3206.3637, 3270.6502, 3263.7214, 3171.0859]
13   	141097.14   	0.174   	0.9294  	[21.7, 21.7, 21.7, 21.7]	[front, left, back, left]	[3275.9196, 3133.5386, 3132.2217, 3257.8239]
14   	138938.52   	0.168   	0.9419  	[21.7, 21.7, 21.7, 21.7]	[front, left, back, left]	[3344.8724, 3054.8810, 3062.7565, 3316.0591]
15   	136837.98   	0.164   	0.9550  	[21.7, 21.7, 21.7, 21.7]	[right, left, back, left]	[3150.2058, 2621.0930, 2621.4415, 3384.7124]
16   	134684.90   	0.159   	0.9556  	[21.7, 21.7, 21.7, 21.7]	[right, front, down, left]	[3050.4520, 2256.0240, 2268.2303, 3408.5909]
17   	132486.35   	0.155   	0.9556  	[21.7, 21.7, 16.2, 21.7]	[right, front, up, back]	[3030.1253, 1980.1884, 1884.7184, 3244.3060]
18   	130230.46   	0.151   	0.9556  	[21.7, 21.7, 21.7, 21.7]	[right, front, right, back]	[3056.1308, 1796.2366, 1717.6572, 3171.8484]
19   	127852.10   	0.147   	0.9556  	[21.7, 21.7, 21.7, 21.7]	[right, front, right, back]	[3122.4595, 1677.7383, 1617.0130, 3149.6896]
20   	125471.67   	0.143   	0.9556  	[21.7, 21.7, 21.7, 21.7]	[right, front, right, back]	[3198.6701, 1624.7488, 1566.0405, 3169.6604]
21   	123099.38   	0.139   	0.9569  	[21.7, 21.7, 21.7, 21.7]	[right, front, right, back]	[3289.6759, 1630.8674, 1544.8395, 3212.5460]
22   	120816.97   	0.135   	0.9600  	[21.7, 21.7, 21.7, 21.7]	[right, front, right, back]	[3378.4643, 1680.8979, 1560.7286, 3270.4915]
23   	118721.16   	0.131   	0.9681  	[21.7, 21.7, 21.7, 21.7]	[back, front, right, back]	[3046.0691, 1819.3640, 1614.9675, 3340.0538]
24   	116755.88   	0.128   	0.9775  	[21.7, 21.7, 21.7, 21.7]	[back, right, right, right]	[2804.2609, 1593.2314, 1691.4314, 3119.4715]
25   	114945.68   	0.124   	0.9869  	[21.7, 21.7, 21.7, 21.7]	[back, front, right, right]	[2651.5925, 1399.7823, 1833.5050, 2997.2725]
26   	113255.49   	0.121   	0.9978  	[21.7, 21.7, 21.7, 21.7]	[back, hover, front, right]	[2566.6466, 1211.5642, 1610.5596, 2958.1612]
27   	111765.42   	0.118   	0.9978  	[21.7, 21.7, 21.7, 21.7]	[back, left, right, right]	[2509.1188, 1063.8749, 1416.7888, 2959.4483]
28   	110309.12   	0.114   	0.9997  	[21.7, 21.7, 21.7, 21.7]	[back, down, hover, right]	[2526.4594, 1030.3986, 1217.9299, 2993.7364]
29   	108913.44   	0.111   	0.9997  	[21.7, 16.2, 21.7, 21.7]	[back, left, back, right]	[2606.4426, 892.4576, 1072.1800, 3052.9829]
30   	107521.39   	0.108   	1.0000  	[21.7, 16.2, 21.7, 21.7]	[back, front, down, right]	[2693.7976, 709.0718, 1042.4161, 3138.6303]
31   	106247.46   	0.106   	1.0000  	[21.7, 16.2, 16.2, 21.7]	[hover, back, back, right]	[2289.9532, 556.9929, 901.7924, 2955.2344]
32   	105142.20   	0.104   	1.0000  	[21.7, 16.2, 16.2, 21.7]	[hover, front, right, down]	[1948.7184, 448.5489, 716.3971, 2626.0770]
33   	104237.94   	0.102   	1.0000  	[21.7, 16.2, 16.2, 16.2]	[hover, right, left, right]	[1670.1889, 384.7783, 561.2698, 2217.0620]
34   	103459.16   	0.101   	1.0000  	[21.7, 16.2, 16.2, 16.2]	[hover, right, right, back]	[1437.8191, 342.5642, 451.8697, 1868.7186]
35   	102722.80   	0.099   	1.0000  	[21.7, 16.2, 16.2, 16.2]	[left, right, front, back]	[1252.7605, 371.3547, 378.8402, 1564.4090]
36   	101991.96   	0.098   	1.0000  	[21.7, 16.2, 16.2, 16.2]	[left, right, front, left]	[1126.4453, 582.7818, 332.8266, 1258.8556]
37   	101214.45   	0.097   	1.0000  	[21.7, 16.2, 16.2, 16.2]	[left, right, front, left]	[1049.9335, 850.1539, 371.4036, 1047.9428]
38   	100241.20   	0.095   	1.0000  	[21.7, 16.2, 16.2, 16.2]	[left, right, front, left]	[1034.5174, 1447.4607, 589.5116, 897.5776]
39   	99111.29    	0.094   	1.0000  	[21.7, 16.2, 16.2, 16.2]	[left, right, front, left]	[1078.5081, 1831.9890, 849.9974, 850.5145]
40   	97690.85    	0.091   	1.0000  	[21.7, 16.2, 16.2, 16.2]	[left, right, front, left]	[1177.4002, 2112.1147, 1445.0442, 873.1217]
41   	96030.26    	0.089   	1.0000  	[21.7, 16.2, 16.2, 16.2]	[left, right, front, left]	[1332.1744, 2319.3425, 1840.2419, 945.7884]
42   	94106.30    	0.086   	1.0000  	[21.7, 16.2, 16.2, 16.2]	[left, right, front, left]	[1521.0623, 2453.2519, 2131.7641, 1010.8953]
43   	91954.96    	0.083   	1.0000  	[21.7, 16.2, 16.2, 16.2]	[hover, back, front, left]	[1309.4408, 2549.5910, 2338.7353, 1108.4996]
44   	89643.52    	0.080   	1.0000  	[21.7, 16.2, 16.2, 16.2]	[hover, back, front, left]	[1130.9246, 2435.8637, 2455.2895, 1259.1042]
45   	87135.71    	0.077   	1.0000  	[21.7, 16.2, 16.2, 16.2]	[hover, back, left, left]	[981.9369, 2423.4634, 2556.0584, 1443.0915]
46   	84575.50    	0.075   	1.0000  	[21.7, 16.2, 16.2, 16.2]	[hover, back, left, left]	[851.4065, 2434.1640, 2456.3811, 1362.3813]
47   	81990.02    	0.072   	1.0000  	[21.7, 16.2, 16.2, 16.2]	[hover, back, left, front]	[738.5110, 2511.9037, 2426.6890, 1175.6306]
48   	79350.38    	0.069   	1.0000  	[21.7, 16.2, 16.2, 16.2]	[hover, back, left, front]	[645.4481, 2583.8651, 2442.3514, 985.4639]
49   	76687.10    	0.067   	1.0000  	[21.7, 16.2, 16.2, 16.2]	[hover, back, left, front]	[560.1564, 2611.9494, 2507.2914, 828.0830]
50   	74009.35    	0.064   	1.0000  	[21.7, 16.2, 16.2, 16.2]	[hover, back, left, front]	[483.9524, 2653.3998, 2595.2979, 809.9909]
51   	71357.84    	0.062   	1.0000  	[21.7, 16.2, 16.2, 16.2]	[front, back, left, front]	[439.7653, 2681.6273, 2601.4989, 840.6020]
52   	68750.63    	0.059   	1.0000  	[21.7, 16.2, 16.2, 16.2]	[front, back, left, front]	[464.2197, 2694.0026, 2617.5854, 914.5096]
53   	66203.47    	0.056   	1.0000  	[21.7, 16.2, 16.2, 16.2]	[front, back, left, front]	[521.7656, 2572.6083, 2668.0751, 997.9745]
54   	63809.93    	0.054   	1.0000  	[21.7, 16.2, 16.2, 16.2]	[front, right, left, front]	[614.8863, 2238.1001, 2693.5411, 1109.6213]
55   	61683.91    	0.051   	1.0000  	[21.7, 16.2, 16.2, 16.2]	[front, hover, left, front]	[737.8261, 1679.7890, 2565.1350, 1249.0850]
56   	59805.39    	0.049   	1.0000  	[21.7, 16.2, 16.2, 16.2]	[front, hover, front, front]	[883.7512, 1289.7645, 2216.4186, 1412.9151]
57   	58078.46    	0.047   	1.0000  	[21.7, 16.2, 16.2, 16.2]	[front, front, hover, front]	[1058.5649, 1008.8977, 1668.0656, 1525.6175]
58   	56457.99    	0.046   	1.0000  	[21.7, 16.2, 16.2, 16.2]	[front, up, hover, right]	[1258.7432, 880.9873, 1286.8644, 1313.6606]
59   	54849.56    	0.044   	1.0000  	[21.7, 21.7, 16.2, 16.2]	[front, left, back, right]	[1200.6402, 1057.4300, 1017.2819, 1098.2233]
60   	53203.17    	0.043   	1.0000  	[21.7, 21.7, 16.2, 16.2]	[down, left, back, right]	[1072.5376, 1022.6588, 1087.1340, 972.4311]
61   	51655.06    	0.041   	1.0000  	[16.2, 21.7, 16.2, 16.2]	[left, left, back, right]	[1018.3878, 967.3150, 1102.4649, 909.9169]
62   	50256.71    	0.040   	1.0000  	[16.2, 21.7, 16.2, 16.2]	[front, left, back, right]	[892.1252, 929.2275, 994.0067, 817.8383]
63   	49017.46    	0.039   	1.0000  	[16.2, 21.7, 16.2, 16.2]	[hover, left, back, right]	[687.6930, 901.7644, 886.1393, 740.5642]
64   	47954.57    	0.038   	1.0000  	[16.2, 21.7, 16.2, 16.2]	[hover, left, back, right]	[538.0765, 888.9321, 797.6942, 631.0571]
65   	46958.43    	0.037   	1.0000  	[16.2, 21.7, 16.2, 16.2]	[right, left, back, back]	[425.9520, 881.9117, 741.7940, 555.6902]
66   	45967.98    	0.036   	1.0000  	[16.2, 21.7, 16.2, 16.2]	[right, left, back, up]	[397.9908, 968.8733, 661.2071, 673.4343]
67   	44925.99    	0.035   	1.0000  	[16.2, 21.7, 16.2, 21.7]	[right, left, back, right]	[468.2788, 1040.1710, 697.8625, 671.3474]
68   	43847.94    	0.034   	1.0000  	[16.2, 21.7, 16.2, 21.7]	[right, left, back, right]	[550.4532, 962.1086, 785.6468, 707.3380]
69   	42823.83    	0.033   	1.0000  	[16.2, 21.7, 16.2, 21.7]	[right, hover, back, right]	[646.3814, 826.3353, 729.8615, 735.7200]
70   	41813.37    	0.032   	1.0000  	[16.2, 21.7, 16.2, 21.7]	[right, hover, hover, back]	[772.0479, 718.0148, 568.6939, 769.4714]
71   	40774.78    	0.031   	1.0000  	[16.2, 21.7, 16.2, 21.7]	[right, down, hover, back]	[888.6359, 629.7237, 455.4578, 849.4862]
72   	39712.81    	0.030   	1.0000  	[16.2, 16.2, 16.2, 21.7]	[right, back, right, back]	[1026.8860, 610.9823, 372.9809, 881.9103]
73   	38657.28    	0.029   	1.0000  	[16.2, 16.2, 16.2, 21.7]	[right, left, right, back]	[1151.4717, 567.0104, 343.1173, 814.3240]
74   	37650.93    	0.028   	1.0000  	[16.2, 16.2, 16.2, 21.7]	[right, hover, right, down]	[1318.5936, 444.7168, 352.1184, 759.4135]
75   	36763.45    	0.027   	1.0000  	[16.2, 16.2, 16.2, 16.2]	[back, hover, right, right]	[1177.5154, 350.3909, 353.3231, 701.0130]
76   	35994.67    	0.027   	1.0000  	[16.2, 16.2, 16.2, 16.2]	[back, hover, right, back]	[940.8625, 283.7049, 318.7498, 613.4701]
77   	35327.67    	0.026   	1.0000  	[16.2, 16.2, 16.2, 16.2]	[back, front, right, back]	[783.5652, 228.5854, 273.3141, 518.3216]
78   	34765.09    	0.026   	1.0000  	[16.2, 16.2, 16.2, 16.2]	[hover, front, front, back]	[616.2191, 206.8834, 227.8719, 457.4596]
79   	34263.17    	0.025   	1.0000  	[16.2, 16.2, 16.2, 16.2]	[front, front, up, back]	[513.9231, 264.3377, 195.9956, 409.2887]
80   	33739.17    	0.025   	1.0000  	[16.2, 16.2, 21.7, 16.2]	[front, front, front, back]	[509.2682, 293.3419, 250.3033, 432.2877]
81   	33221.72    	0.024   	1.0000  	[16.2, 16.2, 21.7, 16.2]	[front, front, front, back]	[421.6813, 281.9173, 322.8451, 439.5876]
82   	32801.03    	0.024   	1.0000  	[16.2, 16.2, 21.7, 16.2]	[back, front, front, hover]	[330.1771, 238.1863, 298.4882, 344.6958]
83   	32395.94    	0.024   	1.0000  	[16.2, 16.2, 21.7, 16.2]	[up, front, front, hover]	[295.1811, 203.1170, 356.7714, 275.1104]
84   	31958.96    	0.023   	1.0000  	[21.7, 16.2, 21.7, 16.2]	[left, front, front, left]	[312.1348, 185.1025, 413.0623, 229.7824]
85   	31492.84    	0.023   	1.0000  	[21.7, 16.2, 21.7, 16.2]	[back, front, front, up]	[318.5151, 162.8787, 477.0092, 228.3585]
86   	31005.91    	0.022   	1.0000  	[21.7, 16.2, 21.7, 21.7]	[back, front, front, front]	[294.4267, 161.5317, 524.7064, 257.1574]
87   	30500.15    	0.022   	1.0000  	[21.7, 16.2, 21.7, 21.7]	[back, front, front, left]	[300.4479, 146.8506, 580.2516, 243.0927]
88   	29818.41    	0.021   	1.0000  	[21.7, 16.2, 21.7, 21.7]	[back, hover, front, left]	[331.7773, 117.9753, 882.2240, 247.9292]
89   	29165.50    	0.021   	1.0000  	[21.7, 16.2, 21.7, 21.7]	[back, hover, right, left]	[373.5446, 92.7934, 872.1519, 268.4186]
90   	28478.71    	0.020   	1.0000  	[21.7, 16.2, 21.7, 21.7]	[back, right, right, left]	[427.5044, 77.6956, 843.6610, 255.6249]
91   	27793.80    	0.020   	1.0000  	[21.7, 16.2, 21.7, 21.7]	[back, up, right, left]	[482.4696, 82.0889, 872.6530, 267.3406]
92   	27095.25    	0.019   	1.0000  	[21.7, 21.7, 21.7, 21.7]	[back, back, hover, left]	[553.5116, 96.9315, 747.2727, 288.2336]
93   	26460.57    	0.019   	1.0000  	[21.7, 21.7, 21.7, 21.7]	[back, right, hover, left]	[607.0467, 126.6724, 646.8395, 313.8909]
94   	25800.23    	0.018   	1.0000  	[21.7, 21.7, 21.7, 21.7]	[hover, right, right, left]	[533.6696, 188.2697, 563.9858, 378.1734]
95   	25160.21    	0.018   	1.0000  	[21.7, 21.7, 21.7, 21.7]	[hover, back, left, left]	[464.9722, 230.3231, 493.9971, 393.9054]
96   	24570.96    	0.017   	1.0000  	[21.7, 21.7, 21.7, 21.7]	[hover, right, right, hover]	[404.3288, 237.2838, 432.3494, 342.5578]
97   	24038.63    	0.017   	1.0000  	[21.7, 21.7, 21.7, 21.7]	[hover, right, left, hover]	[352.3853, 311.2092, 378.6923, 296.3929]
98   	23506.64    	0.016   	1.0000  	[21.7, 21.7, 21.7, 21.7]	[hover, right, left, front]	[311.0880, 392.6820, 334.8034, 260.1446]
99   	22952.77    	0.016   	1.0000  	[21.7, 21.7, 21.7, 21.7]	[hover, right, left, front]	[273.6529, 478.3816, 334.8110, 238.2026]
[2025-12-18T14:49:36]
Strategy: greedy_ig
Pairwise: equal
News mode: IG
Num agents: 4
Iteration: 4
Error margin: None
Gaussian radius 5 
Grid info: range: 0-50-50, cell_size:0.125, map shape: (400, 400), center:True
init UAV positions: [(-10.0, 0.0, 5.4), (-20.0, 0.0, 5.4), (15.0, -20.0, 5.4), (5.0, 15.0, 5.4)]
mcts_params: {}
Step	Entropy	MSE	Coverage	Heights	Actions	IGs
------------------------------------------------------------------------------------------------------------------------
0    	160000.00   	0.250   	0.0000  	[5.4, 5.4, 5.4, 5.4]	[-, -, -, -]	[-, -, -, -]
1    	159107.39   	0.243   	0.0625  	[5.4, 5.4, 5.4, 5.4]	[up, up, up, up]	[3904.5582, 3514.1024, 3514.1024, 3904.5582]
2    	158160.78   	0.236   	0.2250  	[10.8, 10.8, 10.8, 10.8]	[up, up, up, up]	[4382.9647, 3204.0331, 3204.0331, 4382.9647]
3    	157133.04   	0.230   	0.4256  	[16.2, 16.2, 16.2, 16.2]	[up, right, front, up]	[4472.5233, 3250.9489, 3249.4325, 3890.0144]
4    	156100.02   	0.224   	0.5850  	[21.7, 16.2, 16.2, 21.7]	[front, up, front, back]	[3837.7562, 3210.6238, 3099.0817, 3854.5984]
5    	154999.78   	0.218   	0.6522  	[21.7, 21.7, 16.2, 21.7]	[front, right, front, back]	[3558.5976, 3405.1232, 2949.3028, 3583.2878]
6    	153759.82   	0.212   	0.7013  	[21.7, 21.7, 16.2, 21.7]	[front, right, up, back]	[3452.6452, 3428.1632, 2898.6029, 3464.5859]
7    	152397.39   	0.207   	0.7591  	[21.7, 21.7, 21.7, 21.7]	[front, right, left, back]	[3399.6400, 3383.3441, 3043.7096, 3404.3902]
8    	150793.05   	0.201   	0.7911  	[21.7, 21.7, 21.7, 21.7]	[right, right, left, back]	[3218.2540, 3378.1198, 3040.7607, 3400.6784]
9    	148927.18   	0.195   	0.8053  	[21.7, 21.7, 21.7, 21.7]	[right, right, left, back]	[3139.4287, 3401.3522, 3087.0741, 3420.1349]
10   	146875.62   	0.190   	0.8186  	[21.7, 21.7, 21.7, 21.7]	[right, right, left, back]	[3136.0825, 3407.6378, 3157.0834, 3418.2962]
11   	144713.20   	0.184   	0.8309  	[21.7, 21.7, 21.7, 21.7]	[right, right, left, back]	[3159.7226, 3406.8814, 3242.3126, 3418.9684]
12   	142615.79   	0.179   	0.8442  	[21.7, 21.7, 21.7, 21.7]	[right, right, left, back]	[3215.0336, 3405.0169, 3331.8024, 3263.7301]
13   	140615.42   	0.173   	0.8838  	[21.7, 21.7, 21.7, 21.7]	[right, right, left, left]	[3281.4129, 3410.2875, 3412.8265, 3136.3723]
14   	138580.67   	0.168   	0.9283  	[21.7, 21.7, 21.7, 21.7]	[right, back, left, left]	[3352.9402, 3254.4344, 3416.4801, 3079.1277]
15   	136424.51   	0.162   	0.9622  	[21.7, 21.7, 21.7, 21.7]	[back, back, left, left]	[3147.2681, 3178.4720, 3267.7302, 3052.6692]
16   	133972.79   	0.157   	0.9752  	[21.7, 21.7, 21.7, 21.7]	[back, back, front, left]	[3036.5105, 3148.3119, 3135.4884, 3069.4790]
17   	131323.51   	0.152   	0.9775  	[21.7, 21.7, 21.7, 21.7]	[back, back, front, left]	[3013.5138, 3163.7509, 3064.8300, 3124.2033]
18   	128683.50   	0.147   	0.9798  	[21.7, 21.7, 21.7, 21.7]	[back, left, front, left]	[3039.5528, 2731.7091, 3047.6572, 2891.7670]
19   	125837.42   	0.142   	0.9812  	[21.7, 21.7, 21.7, 21.7]	[back, left, front, front]	[3120.1460, 2471.6954, 3076.7860, 2736.5043]
20   	122977.84   	0.138   	0.9831  	[21.7, 21.7, 21.7, 21.7]	[back, left, front, front]	[3192.4901, 2320.6376, 3117.3864, 2605.6114]
21   	120113.51   	0.133   	0.9862  	[21.7, 21.7, 21.7, 21.7]	[back, left, front, front]	[3282.8903, 2219.4114, 3184.2305, 2534.5071]
22   	117348.56   	0.128   	0.9894  	[21.7, 21.7, 21.7, 21.7]	[back, left, front, front]	[3372.1184, 2172.4017, 3261.1563, 2512.1195]
23   	114448.18   	0.124   	0.9925  	[21.7, 21.7, 21.7, 21.7]	[left, left, right, front]	[3048.1399, 2165.0258, 3125.3318, 2535.3933]
24   	111632.87   	0.119   	0.9925  	[21.7, 21.7, 21.7, 21.7]	[left, left, right, front]	[2803.1324, 2197.2078, 3000.7207, 2594.3867]
25   	108837.36   	0.115   	0.9925  	[21.7, 21.7, 21.7, 21.7]	[left, left, right, front]	[2662.2049, 2070.4631, 2945.5376, 2681.9687]
26   	106143.47   	0.111   	0.9925  	[21.7, 21.7, 21.7, 21.7]	[left, down, right, front]	[2573.8162, 1760.9154, 2941.1559, 2792.8561]
27   	103593.16   	0.107   	0.9931  	[21.7, 16.2, 21.7, 21.7]	[left, back, right, down]	[2517.4718, 1698.0913, 2980.0506, 2389.6308]
28   	101231.25   	0.103   	0.9931  	[21.7, 16.2, 21.7, 16.2]	[left, left, right, front]	[2524.9201, 1548.0875, 3039.3450, 2346.0535]
29   	99133.00    	0.100   	0.9931  	[21.7, 16.2, 21.7, 16.2]	[left, hover, right, left]	[2603.1091, 1189.3888, 3127.7506, 1893.6632]
30   	97199.44    	0.097   	0.9931  	[21.7, 16.2, 21.7, 16.2]	[left, hover, right, front]	[2689.0459, 919.5558, 3214.3853, 1464.1960]
31   	95623.47    	0.094   	0.9938  	[21.7, 16.2, 21.7, 16.2]	[hover, hover, front, back]	[2262.5085, 722.8852, 2815.9067, 1158.4256]
32   	94273.94    	0.092   	0.9938  	[21.7, 16.2, 21.7, 16.2]	[hover, right, hover, right]	[1938.5377, 575.5644, 2379.8225, 957.2321]
33   	93058.12    	0.090   	0.9938  	[21.7, 16.2, 21.7, 16.2]	[hover, right, hover, up]	[1663.3726, 545.6768, 2035.6363, 911.1666]
34   	91948.23    	0.089   	0.9938  	[21.7, 16.2, 21.7, 21.7]	[hover, right, back, right]	[1430.3341, 532.8984, 1770.7469, 885.5380]
35   	90860.53    	0.087   	0.9938  	[21.7, 16.2, 21.7, 21.7]	[front, right, back, right]	[1242.2187, 558.3902, 1573.9322, 882.5995]
36   	89842.09    	0.086   	0.9938  	[21.7, 16.2, 21.7, 21.7]	[front, right, right, right]	[1112.4704, 637.8837, 1395.2622, 878.4657]
37   	88809.31    	0.084   	0.9984  	[21.7, 16.2, 21.7, 21.7]	[front, right, back, right]	[1048.4230, 731.9462, 1250.3782, 890.1352]
38   	87753.09    	0.083   	0.9984  	[21.7, 16.2, 21.7, 21.7]	[front, right, back, right]	[1041.9221, 837.4249, 1112.0276, 952.7960]
39   	86676.31    	0.082   	0.9984  	[21.7, 16.2, 21.7, 21.7]	[front, right, left, right]	[1098.1542, 965.0925, 1008.5829, 1084.3977]
40   	85468.61    	0.080   	0.9984  	[21.7, 16.2, 21.7, 21.7]	[front, right, back, right]	[1196.5563, 1135.0471, 922.9016, 1558.7866]
41   	84160.51    	0.078   	0.9984  	[21.7, 16.2, 21.7, 21.7]	[front, right, back, right]	[1342.8522, 1350.6915, 840.3154, 1931.4665]
42   	82888.34    	0.076   	0.9984  	[21.7, 16.2, 21.7, 21.7]	[front, right, back, back]	[1527.8592, 1344.8944, 771.8597, 1882.8403]
43   	81775.79    	0.074   	0.9989  	[21.7, 16.2, 21.7, 21.7]	[hover, front, back, right]	[1315.0798, 1057.6315, 745.0133, 1828.7054]
44   	80624.41    	0.072   	0.9998  	[21.7, 16.2, 21.7, 21.7]	[hover, front, back, back]	[1136.4799, 919.2339, 838.2592, 1639.6614]
45   	79407.88    	0.071   	0.9998  	[21.7, 16.2, 21.7, 21.7]	[hover, front, left, back]	[986.2230, 945.6791, 783.0967, 1554.5679]
46   	78080.52    	0.069   	0.9998  	[21.7, 16.2, 21.7, 21.7]	[hover, front, left, back]	[858.1455, 1044.7556, 803.2338, 1541.3677]
47   	76601.25    	0.067   	0.9998  	[21.7, 16.2, 21.7, 21.7]	[hover, front, left, back]	[745.1585, 1218.5833, 854.8993, 1560.3268]
48   	75017.47    	0.066   	0.9998  	[21.7, 16.2, 21.7, 21.7]	[hover, front, left, back]	[642.2426, 1404.4677, 933.9935, 1635.8530]
49   	73174.22    	0.064   	0.9998  	[21.7, 16.2, 21.7, 21.7]	[hover, front, left, back]	[559.8290, 1842.5678, 1036.4519, 1724.2641]
50   	71208.14    	0.062   	0.9998  	[21.7, 16.2, 21.7, 21.7]	[hover, front, left, back]	[489.7503, 2138.4384, 1153.5176, 1846.3834]
51   	69220.63    	0.059   	0.9998  	[21.7, 16.2, 21.7, 21.7]	[right, front, left, back]	[440.3746, 2332.6344, 1273.6368, 1885.3131]
52   	67305.00    	0.057   	0.9998  	[21.7, 16.2, 21.7, 21.7]	[right, front, left, down]	[467.8095, 2461.7971, 1360.3038, 1690.3748]
53   	65404.05    	0.055   	1.0000  	[21.7, 16.2, 21.7, 16.2]	[right, left, hover, back]	[529.3889, 2398.2732, 1170.2592, 1641.0437]
54   	63664.65    	0.053   	1.0000  	[21.7, 16.2, 21.7, 16.2]	[right, left, hover, right]	[625.8516, 2227.8432, 1007.1678, 1321.5472]
55   	61933.03    	0.051   	1.0000  	[21.7, 16.2, 21.7, 16.2]	[right, left, hover, hover]	[744.1891, 2180.1679, 877.9289, 1020.1666]
56   	60141.57    	0.049   	1.0000  	[21.7, 16.2, 21.7, 16.2]	[right, left, hover, left]	[891.3038, 2167.3807, 762.6966, 806.7931]
57   	58361.67    	0.048   	1.0000  	[21.7, 16.2, 21.7, 16.2]	[right, left, hover, left]	[1056.7827, 2203.1165, 666.1339, 656.2963]
58   	56567.31    	0.046   	1.0000  	[21.7, 16.2, 21.7, 16.2]	[right, left, hover, left]	[1262.0364, 2252.8124, 575.7791, 626.0713]
59   	54837.58    	0.044   	1.0000  	[21.7, 16.2, 21.7, 16.2]	[right, left, front, left]	[1197.8962, 2263.7385, 509.3777, 589.9943]
60   	53088.15    	0.042   	1.0000  	[21.7, 16.2, 21.7, 16.2]	[down, left, front, left]	[1055.4040, 2273.9792, 513.8380, 588.1997]
61   	51430.87    	0.041   	1.0000  	[16.2, 16.2, 21.7, 16.2]	[front, left, front, left]	[1011.6545, 2293.7692, 555.1296, 665.7960]
62   	49746.25    	0.039   	1.0000  	[16.2, 16.2, 21.7, 16.2]	[right, left, front, left]	[876.3484, 2336.9372, 631.4811, 762.6540]
63   	48197.23    	0.038   	1.0000  	[16.2, 16.2, 21.7, 16.2]	[hover, left, front, left]	[678.2856, 2074.6123, 730.2892, 858.8984]
64   	46826.02    	0.036   	1.0000  	[16.2, 16.2, 21.7, 16.2]	[hover, hover, front, left]	[526.6513, 1548.0372, 860.3239, 956.0074]
65   	45443.92    	0.035   	1.0000  	[16.2, 16.2, 21.7, 16.2]	[back, hover, front, left]	[416.4776, 1199.0598, 1015.5354, 1128.6804]
66   	44112.75    	0.034   	1.0000  	[16.2, 16.2, 21.7, 16.2]	[back, hover, front, left]	[388.5047, 936.1682, 1208.0648, 1122.5612]
67   	42732.62    	0.032   	1.0000  	[16.2, 16.2, 21.7, 16.2]	[back, back, front, front]	[463.4357, 760.9464, 1298.9314, 891.2158]
68   	41527.88    	0.031   	1.0000  	[16.2, 16.2, 21.7, 16.2]	[back, up, hover, back]	[537.5907, 679.3088, 1107.7687, 723.2018]
69   	40351.34    	0.030   	1.0000  	[16.2, 21.7, 21.7, 16.2]	[back, right, hover, front]	[637.6675, 719.8367, 954.4019, 582.0887]
70   	39215.92    	0.029   	1.0000  	[16.2, 21.7, 21.7, 16.2]	[back, right, hover, front]	[754.4337, 672.6868, 820.5513, 531.7954]
71   	38068.91    	0.028   	1.0000  	[16.2, 21.7, 21.7, 16.2]	[back, right, hover, front]	[872.9048, 618.3143, 712.0407, 592.4048]
72   	36940.83    	0.027   	1.0000  	[16.2, 21.7, 21.7, 16.2]	[back, right, right, front]	[1010.0386, 605.3193, 627.9897, 553.9210]
73   	35804.42    	0.027   	1.0000  	[16.2, 21.7, 21.7, 16.2]	[back, right, left, front]	[1158.9904, 557.0474, 551.8423, 477.7424]
74   	34718.19    	0.026   	1.0000  	[16.2, 21.7, 21.7, 16.2]	[back, right, right, front]	[1334.5546, 535.2666, 493.1128, 410.7496]
75   	33665.45    	0.025   	1.0000  	[16.2, 21.7, 21.7, 16.2]	[left, right, right, front]	[1192.0593, 554.0218, 448.8361, 361.1918]
76   	32748.84    	0.024   	1.0000  	[16.2, 21.7, 21.7, 16.2]	[left, right, right, front]	[945.0805, 585.6396, 436.6588, 329.9036]
77   	31870.77    	0.023   	1.0000  	[16.2, 21.7, 21.7, 16.2]	[left, right, right, front]	[780.8883, 648.7040, 448.9157, 298.8758]
78   	31093.12    	0.023   	1.0000  	[16.2, 21.7, 21.7, 16.2]	[left, right, right, front]	[619.0134, 623.4087, 484.5051, 329.0826]
79   	30356.95    	0.022   	1.0000  	[16.2, 21.7, 21.7, 16.2]	[left, hover, right, front]	[543.2865, 545.9394, 530.6579, 316.5957]
80   	29648.82    	0.021   	1.0000  	[16.2, 21.7, 21.7, 16.2]	[left, hover, right, right]	[520.5573, 479.3008, 599.9923, 256.8618]
81   	28934.18    	0.021   	1.0000  	[16.2, 21.7, 21.7, 16.2]	[left, hover, right, right]	[503.3467, 415.0067, 681.9018, 237.2439]
82   	28283.57    	0.020   	1.0000  	[16.2, 21.7, 21.7, 16.2]	[left, hover, right, right]	[512.4383, 361.6435, 658.9163, 227.7523]
83   	27621.98    	0.020   	1.0000  	[16.2, 21.7, 21.7, 16.2]	[left, hover, down, right]	[560.5534, 318.8248, 611.0767, 220.7408]
84   	26966.75    	0.019   	1.0000  	[16.2, 21.7, 16.2, 16.2]	[left, hover, right, right]	[650.4434, 278.1137, 545.1219, 230.5659]
85   	26338.48    	0.019   	1.0000  	[16.2, 21.7, 16.2, 16.2]	[left, left, front, right]	[701.6027, 249.7400, 484.1410, 251.3897]
86   	25792.12    	0.018   	1.0000  	[16.2, 21.7, 16.2, 16.2]	[hover, back, hover, right]	[550.8375, 218.5988, 381.6238, 295.8172]
87   	25257.87    	0.018   	1.0000  	[16.2, 21.7, 16.2, 16.2]	[hover, up, hover, right]	[428.1363, 216.0619, 302.2488, 377.2813]
88   	24698.14    	0.017   	1.0000  	[16.2, 27.1, 16.2, 16.2]	[hover, left, left, right]	[344.5667, 206.9559, 248.4962, 578.8556]
89   	24091.11    	0.017   	1.0000  	[16.2, 27.1, 16.2, 16.2]	[front, hover, left, right]	[282.3950, 194.9860, 200.5453, 787.7706]
90   	23525.03    	0.016   	1.0000  	[16.2, 27.1, 16.2, 16.2]	[front, hover, up, right]	[234.3332, 181.5502, 180.8630, 788.4073]
91   	22999.09    	0.016   	1.0000  	[16.2, 27.1, 21.7, 16.2]	[back, right, back, back]	[187.8062, 169.8815, 195.2685, 704.0328]
92   	22555.25    	0.016   	1.0000  	[16.2, 27.1, 21.7, 16.2]	[back, left, back, hover]	[177.1795, 161.1519, 192.2348, 545.3647]
93   	22162.82    	0.015   	1.0000  	[16.2, 27.1, 21.7, 16.2]	[hover, left, back, back]	[141.3879, 152.4832, 191.4782, 441.6839]
94   	21803.40    	0.015   	1.0000  	[16.2, 27.1, 21.7, 16.2]	[right, left, back, back]	[118.6776, 155.9229, 201.1961, 409.7680]
95   	21417.72    	0.015   	1.0000  	[16.2, 27.1, 21.7, 16.2]	[up, left, right, back]	[117.0487, 164.1532, 211.0861, 420.9918]
96   	21025.23    	0.014   	1.0000  	[21.7, 27.1, 21.7, 16.2]	[front, left, back, back]	[132.0884, 188.0512, 224.7122, 430.4571]
97   	20602.46    	0.014   	1.0000  	[21.7, 27.1, 21.7, 16.2]	[right, left, back, back]	[124.8811, 232.8365, 248.9855, 370.5512]
98   	20204.81    	0.014   	1.0000  	[21.7, 27.1, 21.7, 16.2]	[right, left, back, back]	[143.6446, 257.9934, 263.0174, 328.1290]
99   	19791.80    	0.013   	1.0000  	[21.7, 27.1, 21.7, 16.2]	[right, down, back, back]	[181.4883, 258.0126, 273.3644, 311.1043]
[2025-12-18T14:49:47]
Strategy: greedy_ig
Pairwise: equal
News mode: IG
Num agents: 4
Iteration: 5
Error margin: None
Gaussian radius 5 
Grid info: range: 0-50-50, cell_size:0.125, map shape: (400, 400), center:True
init UAV positions: [(-25.0, -5.0, 5.4), (-10.0, 20.0, 5.4), (10.0, -15.0, 5.4), (0.0, 0.0, 5.4)]
mcts_params: {}
Step	Entropy	MSE	Coverage	Heights	Actions	IGs
------------------------------------------------------------------------------------------------------------------------
0    	160000.00   	0.250   	0.0000  	[5.4, 5.4, 5.4, 5.4]	[-, -, -, -]	[-, -, -, -]
1    	159244.50   	0.243   	0.0547  	[5.4, 5.4, 5.4, 5.4]	[up, up, up, up]	[1952.2791, 3514.1024, 3904.5582, 3904.5582]
2    	158489.87   	0.237   	0.2125  	[10.8, 10.8, 10.8, 10.8]	[up, up, up, up]	[2191.4824, 3204.0331, 4382.9647, 4382.9647]
3    	157641.43   	0.231   	0.4462  	[16.2, 16.2, 16.2, 16.2]	[right, back, up, up]	[2511.8883, 3257.5831, 3884.6429, 4486.3519]
4    	156681.24   	0.225   	0.6162  	[16.2, 16.2, 21.7, 21.7]	[right, up, front, up]	[2767.3191, 3206.8111, 3845.9760, 3861.2569]
5    	155564.86   	0.219   	0.7241  	[16.2, 21.7, 21.7, 27.1]	[right, back, front, left]	[2975.8322, 3400.1594, 3567.1852, 3541.0167]
6    	154207.84   	0.213   	0.7342  	[16.2, 21.7, 21.7, 27.1]	[up, back, front, left]	[3163.0208, 3427.0592, 3452.7518, 3370.1961]
7    	152629.54   	0.208   	0.7655  	[21.7, 21.7, 21.7, 27.1]	[right, back, front, left]	[3366.5464, 3380.6813, 3392.9781, 3296.2275]
8    	150783.89   	0.202   	0.7827  	[21.7, 21.7, 21.7, 27.1]	[right, back, front, down]	[3346.7170, 3372.4655, 3393.9276, 3220.0881]
9    	148724.04   	0.196   	0.7913  	[21.7, 21.7, 21.7, 21.7]	[right, back, front, left]	[3357.9227, 3395.1898, 3417.1806, 3151.9059]
10   	146653.18   	0.191   	0.8031  	[21.7, 21.7, 21.7, 21.7]	[right, back, front, front]	[3373.3285, 3409.7536, 3428.1005, 2841.8355]
11   	144594.97   	0.185   	0.8281  	[21.7, 21.7, 21.7, 21.7]	[right, back, front, front]	[3389.8647, 3412.5012, 3421.1193, 2869.0646]
12   	142703.02   	0.180   	0.8562  	[21.7, 21.7, 21.7, 21.7]	[right, back, front, front]	[3409.2842, 3399.5837, 3278.9963, 2923.9814]
13   	140782.95   	0.174   	0.9044  	[21.7, 21.7, 21.7, 21.7]	[right, back, left, front]	[3416.6312, 3399.1148, 3156.3407, 3000.0081]
14   	138727.12   	0.169   	0.9325  	[21.7, 21.7, 21.7, 21.7]	[right, right, left, right]	[3419.3933, 3257.6811, 3083.5299, 2600.8922]
15   	136627.11   	0.164   	0.9325  	[21.7, 21.7, 21.7, 21.7]	[right, right, left, right]	[3421.3772, 3184.9847, 3061.7715, 2395.2402]
16   	134369.14   	0.159   	0.9575  	[21.7, 21.7, 21.7, 21.7]	[back, right, left, right]	[3262.4550, 3161.8435, 3073.2017, 2329.5975]
17   	132061.08   	0.155   	0.9606  	[21.7, 21.7, 21.7, 21.7]	[back, right, left, right]	[3176.3257, 3173.1088, 3107.3690, 2371.8172]
18   	129783.41   	0.150   	0.9637  	[21.7, 21.7, 21.7, 21.7]	[back, right, left, right]	[2704.8723, 3209.4283, 3175.9938, 2536.1478]
19   	127540.08   	0.145   	0.9650  	[21.7, 21.7, 21.7, 21.7]	[front, right, left, right]	[2316.2052, 3273.2621, 3251.8598, 2748.9704]
20   	125279.84   	0.140   	0.9650  	[21.7, 21.7, 21.7, 21.7]	[back, right, back, right]	[2002.5104, 3336.8451, 3117.7407, 2924.5190]
21   	122912.74   	0.136   	0.9650  	[21.7, 21.7, 21.7, 21.7]	[left, front, back, right]	[1785.5604, 3117.8888, 2993.4872, 3101.3324]
22   	120409.04   	0.131   	0.9828  	[21.7, 21.7, 21.7, 21.7]	[left, front, back, back]	[1664.4420, 2995.5550, 2938.8730, 2761.5097]
23   	117889.17   	0.127   	0.9844  	[21.7, 21.7, 21.7, 21.7]	[left, front, back, back]	[1587.4637, 2949.6773, 2930.1420, 2541.4776]
24   	115312.45   	0.123   	0.9859  	[21.7, 21.7, 21.7, 21.7]	[left, front, back, back]	[1542.6599, 2948.5293, 2975.1326, 2435.8678]
25   	112667.95   	0.119   	0.9875  	[21.7, 21.7, 21.7, 21.7]	[left, front, back, back]	[1532.5363, 2976.6543, 3037.5235, 2429.2280]
26   	110125.74   	0.115   	0.9895  	[21.7, 21.7, 21.7, 21.7]	[left, front, back, back]	[1548.8665, 3037.1040, 3111.8956, 2518.5828]
27   	107560.57   	0.110   	0.9934  	[21.7, 21.7, 21.7, 21.7]	[left, front, back, back]	[1579.6902, 3118.9419, 3212.4129, 2728.6693]
28   	105163.21   	0.106   	0.9975  	[21.7, 21.7, 21.7, 21.7]	[left, front, hover, back]	[1634.4571, 2934.0612, 2710.6176, 2910.3309]
29   	102959.94   	0.103   	1.0000  	[21.7, 21.7, 21.7, 21.7]	[down, down, hover, back]	[1421.1411, 2617.4730, 2317.1278, 3092.6572]
30   	101081.55   	0.100   	1.0000  	[16.2, 16.2, 21.7, 21.7]	[left, front, left, left]	[1367.7332, 2210.2733, 1991.2342, 2671.7426]
31   	99451.29    	0.097   	1.0000  	[16.2, 16.2, 21.7, 21.7]	[back, right, right, left]	[1178.7730, 1863.4639, 1724.6079, 2385.9038]
32   	98033.25    	0.095   	1.0000  	[16.2, 16.2, 21.7, 21.7]	[hover, hover, right, left]	[904.1811, 1434.4781, 1535.9540, 2208.4889]
33   	96671.63    	0.093   	1.0000  	[16.2, 16.2, 21.7, 21.7]	[hover, back, back, left]	[713.9134, 1163.9677, 1376.0782, 2118.2932]
34   	95250.03    	0.091   	1.0000  	[16.2, 16.2, 21.7, 21.7]	[hover, up, right, left]	[559.0362, 1157.7966, 1228.6351, 2110.0874]
35   	93841.17    	0.089   	1.0000  	[16.2, 21.7, 21.7, 21.7]	[right, left, right, left]	[457.1249, 1050.8971, 1117.2096, 2145.3516]
36   	92414.03    	0.087   	1.0000  	[16.2, 21.7, 21.7, 21.7]	[right, left, right, left]	[431.4748, 972.7150, 1044.7206, 2231.4051]
37   	91060.17    	0.086   	1.0000  	[16.2, 21.7, 21.7, 21.7]	[right, left, right, left]	[398.4740, 914.0923, 997.5548, 2367.5221]
38   	89823.11    	0.084   	1.0000  	[16.2, 21.7, 21.7, 21.7]	[right, left, right, hover]	[392.3989, 881.0287, 1013.3460, 2013.8971]
39   	88675.87    	0.083   	1.0000  	[16.2, 21.7, 21.7, 21.7]	[right, left, right, hover]	[422.7833, 860.9584, 1112.0534, 1723.1333]
40   	87512.56    	0.081   	1.0000  	[16.2, 21.7, 21.7, 21.7]	[right, left, right, hover]	[472.9412, 844.1017, 1448.2537, 1482.7915]
41   	86416.16    	0.080   	1.0000  	[16.2, 21.7, 21.7, 21.7]	[right, left, front, hover]	[525.2672, 885.1874, 1406.3569, 1278.7368]
42   	85401.73    	0.079   	1.0000  	[16.2, 21.7, 21.7, 21.7]	[right, left, hover, hover]	[613.8229, 989.8375, 1206.5277, 1112.8070]
43   	84354.03    	0.077   	1.0000  	[16.2, 21.7, 21.7, 21.7]	[right, left, front, hover]	[732.9044, 1366.8474, 1061.8236, 963.1400]
44   	83352.57    	0.076   	1.0000  	[16.2, 21.7, 21.7, 21.7]	[right, back, front, hover]	[893.3179, 1231.6490, 1012.1972, 838.6536]
45   	82316.97    	0.074   	1.0000  	[16.2, 21.7, 21.7, 21.7]	[front, back, front, front]	[789.3516, 1123.9935, 1012.5178, 733.8146]
46   	81309.48    	0.073   	1.0000  	[16.2, 21.7, 21.7, 21.7]	[front, back, front, back]	[667.3435, 1078.8179, 1049.4989, 657.5483]
47   	80256.89    	0.072   	1.0000  	[16.2, 21.7, 21.7, 21.7]	[front, back, front, hover]	[775.6506, 1094.8746, 1128.4364, 575.2443]
48   	79011.03    	0.070   	1.0000  	[16.2, 21.7, 21.7, 21.7]	[front, back, front, front]	[999.7972, 1155.8429, 1242.9371, 513.8414]
49   	77583.82    	0.069   	1.0000  	[16.2, 21.7, 21.7, 21.7]	[front, back, front, front]	[1244.2911, 1243.4787, 1371.0521, 497.8403]
50   	75828.94    	0.067   	1.0000  	[16.2, 21.7, 21.7, 21.7]	[front, back, front, front]	[1850.1571, 1362.3248, 1448.8721, 497.0667]
51   	73886.97    	0.065   	1.0000  	[16.2, 21.7, 21.7, 21.7]	[front, back, hover, front]	[2238.4813, 1526.1685, 1245.7870, 524.1476]
52   	71844.79    	0.063   	1.0000  	[16.2, 21.7, 21.7, 21.7]	[front, back, hover, front]	[2530.1306, 1539.9086, 1079.1548, 609.5261]
53   	69916.58    	0.060   	1.0000  	[16.2, 21.7, 21.7, 21.7]	[front, hover, hover, front]	[2709.0747, 1312.8788, 930.4048, 769.9069]
54   	68057.59    	0.058   	1.0000  	[16.2, 21.7, 21.7, 21.7]	[front, hover, hover, front]	[2845.1617, 1132.5285, 803.9624, 960.1244]
55   	66202.36    	0.056   	1.0000  	[16.2, 21.7, 21.7, 21.7]	[left, hover, hover, front]	[2575.5859, 979.1040, 702.9764, 1174.2758]
56   	64456.38    	0.054   	1.0000  	[16.2, 21.7, 21.7, 21.7]	[left, hover, hover, hover]	[2453.8731, 854.2233, 611.6135, 1016.2046]
57   	62785.77    	0.053   	1.0000  	[16.2, 21.7, 21.7, 21.7]	[left, hover, hover, hover]	[2423.5639, 743.2177, 538.6351, 883.6835]
58   	61144.13    	0.051   	1.0000  	[16.2, 21.7, 21.7, 21.7]	[left, right, hover, hover]	[2438.2193, 655.6795, 468.9254, 767.1525]
59   	59513.40    	0.049   	1.0000  	[16.2, 21.7, 21.7, 21.7]	[left, right, hover, hover]	[2500.3122, 654.6755, 414.9666, 667.5369]
60   	57834.50    	0.048   	1.0000  	[16.2, 21.7, 21.7, 21.7]	[left, right, left, hover]	[2586.8044, 690.8144, 370.8465, 584.1598]
61   	56123.35    	0.046   	1.0000  	[16.2, 21.7, 21.7, 21.7]	[left, right, left, hover]	[2607.6683, 770.9611, 416.6615, 508.4140]
62   	54383.22    	0.044   	1.0000  	[16.2, 21.7, 21.7, 21.7]	[left, right, left, right]	[2616.7246, 862.9409, 494.8971, 448.2409]
63   	52562.95    	0.043   	1.0000  	[16.2, 21.7, 21.7, 21.7]	[left, right, left, right]	[2650.5391, 994.7322, 592.6044, 442.3302]
64   	50729.15    	0.041   	1.0000  	[16.2, 21.7, 21.7, 21.7]	[left, right, left, right]	[2686.8562, 1150.7181, 719.3018, 479.1416]
65   	48883.12    	0.039   	1.0000  	[16.2, 21.7, 21.7, 21.7]	[front, right, left, right]	[2343.2248, 1347.5999, 853.3685, 557.1034]
66   	47259.04    	0.037   	1.0000  	[16.2, 21.7, 21.7, 21.7]	[hover, right, left, right]	[1746.9046, 1255.0005, 1024.8125, 672.6534]
67   	45668.17    	0.036   	1.0000  	[16.2, 21.7, 21.7, 21.7]	[hover, down, left, right]	[1349.6241, 1232.6087, 1220.0639, 819.6996]
68   	44178.49    	0.034   	1.0000  	[16.2, 16.2, 21.7, 21.7]	[hover, right, left, right]	[1047.3628, 1037.6999, 1170.4787, 998.0654]
69   	42775.32    	0.033   	1.0000  	[16.2, 16.2, 21.7, 21.7]	[back, back, down, right]	[850.6294, 873.6527, 1069.8601, 1208.8207]
70   	41528.28    	0.031   	1.0000  	[16.2, 16.2, 16.2, 21.7]	[up, left, front, hover]	[784.2933, 678.5545, 974.6389, 1047.0279]
71   	40385.77    	0.030   	1.0000  	[21.7, 16.2, 16.2, 21.7]	[right, right, left, hover]	[849.2632, 540.8038, 854.0672, 903.5593]
72   	39399.60    	0.029   	1.0000  	[21.7, 16.2, 16.2, 21.7]	[right, front, hover, hover]	[781.9006, 450.6152, 654.4765, 778.2101]
73   	38480.85    	0.029   	1.0000  	[21.7, 16.2, 16.2, 21.7]	[right, front, back, hover]	[766.2941, 422.7340, 512.4360, 671.3001]
74   	37609.19    	0.028   	1.0000  	[21.7, 16.2, 16.2, 21.7]	[right, front, back, hover]	[717.6599, 472.4650, 441.1536, 585.5426]
75   	36750.57    	0.027   	1.0000  	[21.7, 16.2, 16.2, 21.7]	[right, front, back, hover]	[710.7730, 482.8474, 426.8138, 511.8197]
76   	35912.12    	0.026   	1.0000  	[21.7, 16.2, 16.2, 21.7]	[right, front, back, back]	[752.7379, 480.6354, 419.7056, 458.4279]
77   	34997.64    	0.026   	1.0000  	[21.7, 16.2, 16.2, 21.7]	[right, front, back, back]	[817.4024, 441.7865, 436.9546, 453.8669]
78   	34039.44    	0.025   	1.0000  	[21.7, 16.2, 16.2, 21.7]	[right, front, back, back]	[877.8191, 411.0465, 474.4378, 483.7660]
79   	32992.23    	0.024   	1.0000  	[21.7, 16.2, 16.2, 21.7]	[right, front, back, back]	[979.3760, 393.0594, 518.2019, 560.2209]
80   	31959.28    	0.023   	1.0000  	[21.7, 16.2, 16.2, 21.7]	[hover, front, back, back]	[842.9230, 372.5491, 565.0039, 668.4348]
81   	30935.75    	0.022   	1.0000  	[21.7, 16.2, 16.2, 21.7]	[hover, front, back, back]	[728.9552, 390.4031, 634.6178, 814.6126]
82   	29825.55    	0.021   	1.0000  	[21.7, 16.2, 16.2, 21.7]	[hover, front, back, back]	[635.3139, 388.6562, 727.6500, 999.3497]
83   	28736.50    	0.020   	1.0000  	[21.7, 16.2, 16.2, 21.7]	[hover, hover, back, back]	[554.1272, 305.3143, 656.2474, 1215.6370]
84   	27803.77    	0.020   	1.0000  	[21.7, 16.2, 16.2, 21.7]	[hover, left, right, hover]	[481.4847, 253.7265, 575.2834, 1055.1779]
85   	26988.57    	0.019   	1.0000  	[21.7, 16.2, 16.2, 21.7]	[hover, left, right, hover]	[421.4566, 242.2500, 446.0319, 911.3175]
86   	26247.33    	0.018   	1.0000  	[21.7, 16.2, 16.2, 21.7]	[hover, left, left, hover]	[366.5128, 254.2934, 375.2027, 792.4623]
87   	25609.44    	0.018   	1.0000  	[21.7, 16.2, 16.2, 21.7]	[back, left, right, hover]	[323.0056, 248.1608, 298.9777, 686.7116]
88   	25063.18    	0.017   	1.0000  	[21.7, 16.2, 16.2, 21.7]	[front, left, right, hover]	[288.1559, 235.4879, 267.0642, 594.8662]
89   	24546.50    	0.017   	1.0000  	[21.7, 16.2, 16.2, 21.7]	[back, left, right, hover]	[256.8297, 236.7898, 249.0939, 525.3600]
90   	24087.03    	0.017   	1.0000  	[21.7, 16.2, 16.2, 21.7]	[left, left, right, hover]	[234.9189, 235.3691, 243.3429, 455.3870]
91   	23639.29    	0.016   	1.0000  	[21.7, 16.2, 16.2, 21.7]	[up, left, right, hover]	[259.0864, 244.1014, 254.1146, 402.7022]
92   	23184.28    	0.016   	1.0000  	[27.1, 16.2, 16.2, 21.7]	[hover, left, right, hover]	[241.8203, 286.6812, 266.2807, 357.0928]
93   	22686.78    	0.016   	1.0000  	[27.1, 16.2, 16.2, 21.7]	[hover, left, right, hover]	[227.0482, 425.8456, 282.6280, 311.2637]
94   	22067.39    	0.015   	1.0000  	[27.1, 16.2, 16.2, 21.7]	[hover, left, right, hover]	[210.2652, 692.9160, 331.1324, 276.9260]
95   	21505.66    	0.015   	1.0000  	[27.1, 16.2, 16.2, 21.7]	[left, back, right, hover]	[198.4778, 524.1168, 436.4627, 240.1255]
96   	20957.77    	0.014   	1.0000  	[27.1, 16.2, 16.2, 21.7]	[left, front, right, hover]	[197.4130, 429.0189, 615.6162, 212.9936]
97   	20458.05    	0.014   	1.0000  	[27.1, 16.2, 16.2, 21.7]	[left, back, front, hover]	[211.2036, 338.7910, 514.1587, 187.5455]
98   	20001.66    	0.013   	1.0000  	[27.1, 16.2, 16.2, 21.7]	[left, back, hover, hover]	[233.2183, 295.2919, 406.9646, 165.8674]
99   	19587.20    	0.013   	1.0000  	[27.1, 16.2, 16.2, 21.7]	[left, back, hover, hover]	[266.4793, 279.7789, 323.8276, 145.5336]
[2025-12-18T14:49:58]
Strategy: greedy_ig
Pairwise: equal
News mode: IG
Num agents: 4
Iteration: 6
Error margin: None
Gaussian radius 5 
Grid info: range: 0-50-50, cell_size:0.125, map shape: (400, 400), center:True
init UAV positions: [(-25.0, -15.0, 5.4), (-15.0, 15.0, 5.4), (20.0, -10.0, 5.4), (0.0, 20.0, 5.4)]
mcts_params: {}
Step	Entropy	MSE	Coverage	Heights	Actions	IGs
------------------------------------------------------------------------------------------------------------------------
0    	160000.00   	0.250   	0.0000  	[5.4, 5.4, 5.4, 5.4]	[-, -, -, -]	[-, -, -, -]
1    	159266.72   	0.244   	0.0547  	[5.4, 5.4, 5.4, 5.4]	[up, up, up, up]	[1952.2791, 3904.5582, 3514.1024, 3514.1024]
2    	158561.08   	0.238   	0.2062  	[10.8, 10.8, 10.8, 10.8]	[up, up, up, up]	[2191.4824, 4382.9647, 3204.0331, 3204.0331]
3    	157905.52   	0.233   	0.4059  	[16.2, 16.2, 16.2, 16.2]	[right, back, left, back]	[2510.5615, 3442.0165, 3264.0276, 3256.6353]
4    	157135.15   	0.227   	0.4950  	[16.2, 16.2, 16.2, 16.2]	[right, up, up, up]	[2762.3855, 3349.3610, 3215.1889, 3216.7050]
5    	156299.79   	0.222   	0.6747  	[16.2, 21.7, 21.7, 21.7]	[right, right, left, back]	[2961.5991, 3421.6213, 3417.2620, 3411.4190]
6    	155390.53   	0.216   	0.7448  	[16.2, 21.7, 21.7, 21.7]	[right, right, left, back]	[2901.3249, 3284.9289, 3434.0227, 3435.0466]
7    	154348.76   	0.211   	0.8014  	[16.2, 21.7, 21.7, 21.7]	[right, right, left, back]	[2894.9230, 3271.0626, 3379.8187, 3380.1532]
8    	153111.35   	0.205   	0.8263  	[16.2, 21.7, 21.7, 21.7]	[right, right, left, back]	[2889.5718, 3280.1570, 3380.8170, 3371.1620]
9    	151632.59   	0.200   	0.8305  	[16.2, 21.7, 21.7, 21.7]	[right, right, left, back]	[2894.0853, 3313.1116, 3405.7183, 3381.3437]
10   	149991.85   	0.194   	0.8383  	[16.2, 21.7, 21.7, 21.7]	[right, right, left, back]	[2906.7347, 3364.3741, 3428.5564, 3403.8411]
11   	148248.17   	0.189   	0.8717  	[16.2, 21.7, 21.7, 21.7]	[right, right, left, back]	[2915.4485, 3400.4037, 3430.2468, 3417.1322]
12   	146443.49   	0.183   	0.9077  	[16.2, 21.7, 21.7, 21.7]	[right, right, left, back]	[2922.0116, 3394.4897, 3417.4060, 3416.4512]
13   	144661.87   	0.178   	0.9436  	[16.2, 21.7, 21.7, 21.7]	[right, right, left, back]	[2927.1543, 3257.5266, 3426.0933, 3410.1305]
14   	142842.51   	0.172   	0.9741  	[16.2, 21.7, 21.7, 21.7]	[right, back, front, left]	[2908.7321, 3128.6698, 3270.9528, 3254.6299]
15   	140944.74   	0.167   	0.9764  	[16.2, 21.7, 21.7, 21.7]	[right, back, front, left]	[2908.1774, 3067.6085, 3180.5469, 3169.4204]
16   	138805.83   	0.162   	0.9788  	[16.2, 21.7, 21.7, 21.7]	[front, back, front, left]	[2708.7808, 3052.5769, 3148.1037, 3143.7836]
17   	136494.17   	0.157   	0.9788  	[16.2, 21.7, 21.7, 21.7]	[front, back, front, left]	[2663.0003, 3057.6808, 3166.0790, 3158.1203]
18   	134062.39   	0.152   	0.9812  	[16.2, 21.7, 21.7, 21.7]	[front, back, front, front]	[2691.4938, 3104.8565, 3215.6168, 2738.2347]
19   	131659.80   	0.147   	0.9812  	[16.2, 21.7, 21.7, 21.7]	[front, back, front, front]	[2735.7405, 3174.8791, 3271.2963, 2479.2189]
20   	129257.04   	0.143   	0.9812  	[16.2, 21.7, 21.7, 21.7]	[front, back, front, front]	[2820.8806, 3253.1227, 3346.5454, 2323.1334]
21   	126966.46   	0.138   	0.9812  	[16.2, 21.7, 21.7, 21.7]	[front, back, right, front]	[2901.0993, 3196.8488, 3128.9345, 2221.9718]
22   	124598.07   	0.133   	0.9873  	[16.2, 21.7, 21.7, 21.7]	[front, left, right, front]	[2910.5287, 3142.9873, 3002.4000, 2174.1164]
23   	122119.06   	0.129   	0.9881  	[16.2, 21.7, 21.7, 21.7]	[front, left, right, front]	[2925.0927, 3072.9525, 2948.7205, 2172.6047]
24   	119577.71   	0.124   	0.9889  	[16.2, 21.7, 21.7, 21.7]	[front, left, right, front]	[2920.8881, 3054.0629, 2936.5005, 2209.9449]
25   	117092.94   	0.120   	0.9897  	[16.2, 21.7, 21.7, 21.7]	[front, left, right, front]	[2740.1554, 3074.5447, 2973.1523, 2068.8531]
26   	114371.48   	0.115   	0.9967  	[16.2, 21.7, 21.7, 21.7]	[left, left, right, down]	[2602.6900, 3107.1797, 3034.5629, 1768.7924]
27   	111581.06   	0.111   	0.9975  	[16.2, 21.7, 21.7, 16.2]	[left, left, right, left]	[2562.9867, 3178.8418, 3102.7552, 1711.2679]
28   	108743.76   	0.107   	0.9983  	[16.2, 21.7, 21.7, 16.2]	[left, left, right, front]	[2593.7626, 3248.5254, 2925.7110, 1556.8358]
29   	105993.35   	0.103   	0.9991  	[16.2, 21.7, 21.7, 16.2]	[left, left, down, hover]	[2652.6676, 3336.6340, 2609.9394, 1191.5089]
30   	103543.79   	0.099   	0.9998  	[16.2, 21.7, 16.2, 16.2]	[left, front, right, hover]	[2738.1516, 2817.9103, 2202.4757, 913.7773]
31   	101374.99   	0.097   	0.9998  	[16.2, 21.7, 16.2, 16.2]	[left, back, front, hover]	[2815.3307, 2431.5252, 1861.5811, 713.0031]
32   	99384.04    	0.094   	0.9998  	[16.2, 21.7, 16.2, 16.2]	[left, front, hover, back]	[2814.2718, 2104.7194, 1436.6779, 586.0313]
33   	97543.76    	0.092   	0.9998  	[16.2, 21.7, 16.2, 16.2]	[left, front, left, back]	[2812.4969, 1838.7919, 1147.0746, 564.0551]
34   	95822.52    	0.089   	0.9998  	[16.2, 21.7, 16.2, 16.2]	[left, left, up, back]	[2807.2978, 1602.5050, 1159.5292, 549.8903]
35   	94235.53    	0.087   	0.9998  	[16.2, 21.7, 21.7, 16.2]	[left, down, back, back]	[2819.7037, 1437.1712, 1059.2928, 568.1903]
36   	92602.84    	0.085   	0.9998  	[16.2, 16.2, 21.7, 16.2]	[back, up, back, back]	[2743.3767, 1193.9689, 989.9304, 634.7218]
37   	90913.80    	0.083   	0.9998  	[16.2, 21.7, 21.7, 16.2]	[back, back, back, back]	[2683.3452, 1106.2525, 929.8328, 727.5924]
38   	89161.76    	0.081   	0.9998  	[16.2, 21.7, 21.7, 16.2]	[back, back, back, back]	[2699.7549, 1088.6252, 888.4790, 837.7066]
39   	87280.56    	0.079   	1.0000  	[16.2, 21.7, 21.7, 16.2]	[back, right, back, back]	[2753.9970, 980.6961, 874.5275, 965.4621]
40   	85495.18    	0.077   	1.0000  	[16.2, 21.7, 21.7, 16.2]	[right, hover, back, back]	[2346.2395, 855.4228, 857.6053, 1125.6655]
41   	83798.52    	0.075   	1.0000  	[16.2, 21.7, 21.7, 16.2]	[right, hover, back, back]	[2140.9380, 748.3002, 892.4067, 1337.8988]
42   	82144.67    	0.073   	1.0000  	[16.2, 21.7, 21.7, 16.2]	[right, right, back, back]	[2073.1213, 653.3144, 998.4728, 1353.9481]
43   	80517.16    	0.071   	1.0000  	[16.2, 21.7, 21.7, 16.2]	[right, right, back, right]	[2068.9606, 616.1468, 1371.5036, 1059.3153]
44   	79090.82    	0.069   	1.0000  	[16.2, 21.7, 21.7, 16.2]	[back, right, left, right]	[1638.8123, 634.8412, 1238.6749, 927.2602]
45   	77728.84    	0.068   	1.0000  	[16.2, 21.7, 21.7, 16.2]	[back, right, left, right]	[1376.8577, 694.3049, 1125.7510, 953.1555]
46   	76339.98    	0.066   	1.0000  	[16.2, 21.7, 21.7, 16.2]	[right, right, left, right]	[1083.2082, 777.8240, 1095.5426, 1041.4839]
47   	74925.22    	0.065   	1.0000  	[16.2, 21.7, 21.7, 16.2]	[right, right, left, right]	[895.5409, 901.7288, 1105.6217, 1205.5609]
48   	73441.13    	0.064   	1.0000  	[16.2, 21.7, 21.7, 16.2]	[right, right, left, right]	[754.3174, 1051.4361, 1159.6955, 1414.4246]
49   	71700.14    	0.062   	1.0000  	[16.2, 21.7, 21.7, 16.2]	[up, right, left, right]	[677.5394, 1141.8661, 1250.1254, 1851.4411]
50   	69797.53    	0.060   	1.0000  	[21.7, 21.7, 21.7, 16.2]	[back, hover, left, right]	[675.7619, 990.7342, 1370.1222, 2148.6202]
51   	67825.09    	0.058   	1.0000  	[21.7, 21.7, 21.7, 16.2]	[back, hover, left, right]	[664.5386, 854.4749, 1534.3865, 2346.1167]
52   	65832.59    	0.055   	1.0000  	[21.7, 21.7, 21.7, 16.2]	[back, front, left, right]	[677.4298, 749.0657, 1539.0325, 2486.5005]
53   	63889.35    	0.054   	1.0000  	[21.7, 21.7, 21.7, 16.2]	[right, front, hover, front]	[718.5156, 673.6893, 1307.0074, 2409.8074]
54   	62049.21    	0.052   	1.0000  	[21.7, 21.7, 21.7, 16.2]	[right, front, hover, front]	[803.1501, 659.0404, 1120.4361, 2242.5695]
55   	60259.84    	0.050   	1.0000  	[21.7, 21.7, 21.7, 16.2]	[back, front, hover, front]	[791.3173, 690.7918, 965.6675, 2160.4716]
56   	58508.58    	0.048   	1.0000  	[21.7, 21.7, 21.7, 16.2]	[hover, front, hover, front]	[682.6749, 780.0020, 836.0195, 2151.6021]
57   	56795.93    	0.047   	1.0000  	[21.7, 21.7, 21.7, 16.2]	[hover, front, hover, front]	[590.2004, 892.3150, 723.1388, 2187.3156]
58   	55064.68    	0.045   	1.0000  	[21.7, 21.7, 21.7, 16.2]	[hover, front, front, front]	[513.6146, 1039.9594, 643.6825, 2239.2601]
59   	53372.14    	0.043   	1.0000  	[21.7, 21.7, 21.7, 16.2]	[hover, front, front, front]	[447.6953, 1216.9001, 648.6032, 2239.1032]
60   	51719.97    	0.042   	1.0000  	[21.7, 21.7, 21.7, 16.2]	[front, front, front, front]	[390.4539, 1156.2205, 691.4283, 2250.8549]
61   	50024.12    	0.040   	1.0000  	[21.7, 21.7, 21.7, 16.2]	[front, down, front, front]	[356.8365, 1059.4150, 768.7172, 2281.0031]
62   	48376.77    	0.038   	1.0000  	[21.7, 16.2, 21.7, 16.2]	[front, right, front, front]	[355.0174, 957.6875, 859.7473, 2329.9623]
63   	46857.85    	0.037   	1.0000  	[21.7, 16.2, 21.7, 16.2]	[front, front, front, front]	[347.2303, 837.3564, 992.5234, 2063.2675]
64   	45580.27    	0.036   	1.0000  	[21.7, 16.2, 21.7, 16.2]	[front, hover, front, hover]	[381.0529, 653.4264, 1149.4215, 1546.9954]
65   	44344.82    	0.034   	1.0000  	[21.7, 16.2, 21.7, 16.2]	[front, hover, front, hover]	[458.6455, 513.1017, 1344.6667, 1206.1745]
66   	43260.20    	0.033   	1.0000  	[21.7, 16.2, 21.7, 16.2]	[front, left, front, hover]	[555.3935, 430.6047, 1253.2318, 924.6459]
67   	42168.42    	0.032   	1.0000  	[21.7, 16.2, 21.7, 16.2]	[front, left, down, left]	[669.6135, 392.9483, 1229.4398, 761.0280]
68   	41084.17    	0.031   	1.0000  	[21.7, 16.2, 16.2, 16.2]	[front, left, front, up]	[760.6514, 507.1994, 1047.3933, 680.6960]
69   	40045.98    	0.030   	1.0000  	[21.7, 16.2, 16.2, 21.7]	[hover, left, left, back]	[663.1988, 611.6663, 880.6158, 715.9667]
70   	39117.28    	0.029   	1.0000  	[21.7, 16.2, 16.2, 21.7]	[hover, left, hover, back]	[581.4564, 628.8663, 682.6916, 672.5665]
71   	38258.29    	0.029   	1.0000  	[21.7, 16.2, 16.2, 21.7]	[hover, left, back, back]	[510.2871, 628.1729, 555.8279, 621.3637]
72   	37439.45    	0.028   	1.0000  	[21.7, 16.2, 16.2, 21.7]	[hover, left, right, back]	[443.4588, 642.1107, 443.2487, 613.1455]
73   	36630.62    	0.027   	1.0000  	[21.7, 16.2, 16.2, 21.7]	[left, left, up, back]	[397.4457, 683.6553, 451.0679, 557.4607]
74   	35827.17    	0.027   	1.0000  	[21.7, 16.2, 21.7, 21.7]	[left, left, right, back]	[370.6282, 701.4545, 475.9447, 536.1844]
75   	34934.42    	0.026   	1.0000  	[21.7, 16.2, 21.7, 21.7]	[left, left, right, back]	[346.2277, 830.1682, 478.7151, 559.5877]
76   	34021.72    	0.025   	1.0000  	[21.7, 16.2, 21.7, 21.7]	[left, back, right, back]	[354.2996, 824.4221, 463.0048, 593.3842]
77   	33135.64    	0.024   	1.0000  	[21.7, 16.2, 21.7, 21.7]	[left, left, right, back]	[413.5729, 748.6244, 436.8127, 657.7144]
78   	32233.46    	0.023   	1.0000  	[21.7, 16.2, 21.7, 21.7]	[left, back, right, back]	[499.2298, 681.6169, 427.5558, 636.2745]
79   	31337.18    	0.023   	1.0000  	[21.7, 16.2, 21.7, 21.7]	[left, back, right, hover]	[616.2935, 612.9471, 428.6170, 551.7404]
80   	30481.38    	0.022   	1.0000  	[21.7, 16.2, 21.7, 21.7]	[left, back, right, hover]	[794.8100, 513.7974, 431.9968, 478.5473]
81   	29670.27    	0.021   	1.0000  	[21.7, 16.2, 21.7, 21.7]	[back, back, right, hover]	[732.1592, 447.7849, 431.8939, 417.2280]
82   	28906.52    	0.021   	1.0000  	[21.7, 16.2, 21.7, 21.7]	[back, back, right, hover]	[740.7398, 396.6744, 418.8500, 364.1678]
83   	28200.71    	0.020   	1.0000  	[21.7, 16.2, 21.7, 21.7]	[back, right, back, hover]	[679.5353, 348.8419, 365.9669, 319.0988]
84   	27567.42    	0.020   	1.0000  	[21.7, 16.2, 21.7, 21.7]	[back, up, front, hover]	[635.1712, 327.7773, 325.8885, 279.7675]
85   	26923.62    	0.019   	1.0000  	[21.7, 21.7, 21.7, 21.7]	[back, right, back, front]	[651.1988, 335.7232, 286.4776, 247.4588]
86   	26297.40    	0.019   	1.0000  	[21.7, 21.7, 21.7, 21.7]	[back, back, front, left]	[664.5507, 313.7246, 259.0203, 224.1462]
87   	25733.76    	0.018   	1.0000  	[21.7, 21.7, 21.7, 21.7]	[back, back, back, up]	[673.0312, 275.3455, 226.2236, 221.2294]
88   	25169.20    	0.018   	1.0000  	[21.7, 21.7, 21.7, 27.1]	[back, back, front, front]	[699.3092, 273.3340, 202.2982, 211.4857]
89   	24636.42    	0.017   	1.0000  	[21.7, 21.7, 21.7, 27.1]	[back, back, left, hover]	[704.9817, 304.7458, 188.7931, 197.4475]
90   	24163.17    	0.017   	1.0000  	[21.7, 21.7, 21.7, 27.1]	[hover, left, left, hover]	[607.2674, 306.7369, 173.1155, 186.7924]
91   	23728.63    	0.016   	1.0000  	[21.7, 21.7, 21.7, 27.1]	[hover, hover, left, back]	[526.9194, 270.6517, 155.1732, 175.9149]
92   	23355.82    	0.016   	1.0000  	[21.7, 21.7, 21.7, 27.1]	[hover, hover, left, front]	[459.1440, 235.8685, 140.0305, 166.3000]
93   	23007.54    	0.016   	1.0000  	[21.7, 21.7, 21.7, 27.1]	[hover, hover, left, back]	[401.1582, 207.4558, 136.4658, 156.3960]
94   	22699.88    	0.016   	1.0000  	[21.7, 21.7, 21.7, 27.1]	[hover, hover, left, front]	[353.2916, 180.6924, 139.8372, 145.1072]
95   	22404.89    	0.015   	1.0000  	[21.7, 21.7, 21.7, 27.1]	[front, hover, left, front]	[316.2915, 157.8854, 151.4211, 140.4293]
96   	22107.03    	0.015   	1.0000  	[21.7, 21.7, 21.7, 27.1]	[back, hover, left, front]	[284.6197, 139.5245, 169.8493, 148.4562]
97   	21832.87    	0.015   	1.0000  	[21.7, 21.7, 21.7, 27.1]	[front, hover, left, front]	[252.1518, 123.5180, 186.8419, 159.6584]
98   	21566.40    	0.015   	1.0000  	[21.7, 21.7, 21.7, 27.1]	[back, hover, back, front]	[224.9676, 110.3135, 193.5931, 186.3925]
99   	21291.38    	0.014   	1.0000  	[21.7, 21.7, 21.7, 27.1]	[front, right, hover, front]	[201.4498, 100.0166, 169.4411, 230.4219]
[2025-12-18T14:50:08]
Strategy: greedy_ig
Pairwise: equal
News mode: IG
Num agents: 4
Iteration: 7
Error margin: None
Gaussian radius 5 
Grid info: range: 0-50-50, cell_size:0.125, map shape: (400, 400), center:True
init UAV positions: [(-25.0, -15.0, 5.4), (0.0, 15.0, 5.4), (0.0, -15.0, 5.4), (15.0, 15.0, 5.4)]
mcts_params: {}
Step	Entropy	MSE	Coverage	Heights	Actions	IGs
------------------------------------------------------------------------------------------------------------------------
0    	160000.00   	0.250   	0.0000  	[5.4, 5.4, 5.4, 5.4]	[-, -, -, -]	[-, -, -, -]
1    	159222.28   	0.243   	0.0547  	[5.4, 5.4, 5.4, 5.4]	[up, up, up, up]	[1952.2791, 3904.5582, 3904.5582, 3904.5582]
2    	158372.84   	0.236   	0.2188  	[10.8, 10.8, 10.8, 10.8]	[up, up, up, up]	[2191.4824, 4382.9647, 4382.9647, 4382.9647]
3    	157586.99   	0.230   	0.4641  	[16.2, 16.2, 16.2, 16.2]	[right, up, up, back]	[2513.5942, 3881.1001, 3888.5286, 3450.9252]
4    	156710.53   	0.224   	0.6477  	[16.2, 21.7, 21.7, 16.2]	[right, back, front, up]	[2761.7118, 3846.2769, 3847.0722, 3351.0825]
5    	155654.46   	0.219   	0.7188  	[16.2, 21.7, 21.7, 21.7]	[right, back, front, left]	[2966.4021, 3567.9281, 3563.1012, 3423.0197]
6    	154374.99   	0.213   	0.7188  	[16.2, 21.7, 21.7, 21.7]	[right, back, front, left]	[2925.6493, 3449.8275, 3448.4850, 3284.3384]
7    	152816.06   	0.208   	0.7188  	[16.2, 21.7, 21.7, 21.7]	[right, back, front, left]	[2930.7865, 3397.0752, 3404.9610, 3258.2396]
8    	150993.77   	0.202   	0.7188  	[16.2, 21.7, 21.7, 21.7]	[right, back, front, left]	[2944.8454, 3395.3213, 3386.4733, 3286.4770]
9    	148943.40   	0.197   	0.7188  	[16.2, 21.7, 21.7, 21.7]	[right, back, front, left]	[2955.1483, 3421.4483, 3397.9682, 3329.2449]
10   	146831.38   	0.191   	0.7250  	[16.2, 21.7, 21.7, 21.7]	[right, back, front, left]	[2930.5437, 3420.2368, 3413.0106, 3370.4011]
11   	144701.30   	0.186   	0.7562  	[16.2, 21.7, 21.7, 21.7]	[right, back, front, left]	[2916.1391, 3416.3195, 3419.0768, 3413.2725]
12   	142752.11   	0.180   	0.7875  	[16.2, 21.7, 21.7, 21.7]	[right, back, front, left]	[2919.0167, 3262.5344, 3261.6608, 3413.1281]
13   	141100.18   	0.175   	0.8422  	[16.2, 21.7, 21.7, 21.7]	[right, left, left, left]	[2912.4617, 3136.1208, 3117.6528, 3251.5361]
14   	139587.42   	0.170   	0.8984  	[16.2, 21.7, 21.7, 21.7]	[right, left, left, back]	[2912.1777, 3064.9550, 3042.1173, 3125.8654]
15   	138092.52   	0.165   	0.9375  	[16.2, 21.7, 21.7, 21.7]	[right, left, left, back]	[2906.9845, 3055.1607, 3028.3292, 3067.0300]
16   	136465.22   	0.160   	0.9672  	[16.2, 21.7, 21.7, 21.7]	[front, left, left, back]	[2714.7376, 3059.0418, 3064.7970, 3058.4665]
17   	134708.07   	0.156   	0.9844  	[16.2, 21.7, 21.7, 21.7]	[front, front, back, back]	[2671.7680, 2734.8371, 2734.4818, 3078.9403]
18   	132751.20   	0.151   	0.9938  	[16.2, 21.7, 21.7, 21.7]	[front, front, back, back]	[2679.9840, 2475.4791, 2466.0900, 3119.9941]
19   	130610.62   	0.147   	0.9938  	[16.2, 21.7, 21.7, 21.7]	[front, front, back, back]	[2738.5273, 2312.9749, 2292.2726, 3179.6227]
20   	128279.33   	0.142   	0.9938  	[16.2, 21.7, 21.7, 21.7]	[front, front, back, back]	[2811.0147, 2207.4161, 2199.1778, 3263.2245]
21   	125858.53   	0.138   	0.9938  	[16.2, 21.7, 21.7, 21.7]	[front, front, back, back]	[2915.5661, 2185.9488, 2172.6188, 3194.6756]
22   	123300.73   	0.134   	0.9938  	[16.2, 21.7, 21.7, 21.7]	[front, front, back, right]	[2910.2357, 2196.3295, 2181.7593, 3142.8377]
23   	120666.92   	0.130   	0.9938  	[16.2, 21.7, 21.7, 21.7]	[front, front, back, right]	[2917.5306, 2254.4083, 2235.6366, 3072.6144]
24   	118048.48   	0.125   	0.9938  	[16.2, 21.7, 21.7, 21.7]	[front, front, back, right]	[2907.2354, 2377.3627, 2364.5271, 3053.1716]
25   	115666.59   	0.121   	0.9938  	[16.2, 21.7, 21.7, 21.7]	[front, hover, back, right]	[2737.1234, 2021.1566, 2010.8268, 3074.1838]
26   	113278.04   	0.117   	0.9969  	[16.2, 21.7, 21.7, 21.7]	[left, front, down, right]	[2608.8533, 1748.0803, 1885.4267, 3118.1285]
27   	111024.03   	0.114   	0.9975  	[16.2, 21.7, 16.2, 21.7]	[left, down, left, right]	[2564.7038, 1638.3357, 1764.1064, 3183.0030]
28   	108829.94   	0.110   	0.9983  	[16.2, 16.2, 16.2, 21.7]	[left, left, hover, right]	[2585.7801, 1549.4360, 1352.0739, 3260.3799]
29   	106792.17   	0.107   	0.9991  	[16.2, 16.2, 16.2, 21.7]	[left, front, back, right]	[2638.4518, 1206.5977, 1088.3564, 3337.2387]
30   	104833.51   	0.104   	0.9998  	[16.2, 16.2, 16.2, 21.7]	[left, back, front, front]	[2720.2951, 959.9383, 860.7049, 2822.3999]
31   	103053.67   	0.102   	0.9998  	[16.2, 16.2, 16.2, 21.7]	[left, hover, front, back]	[2809.2031, 755.5353, 707.7161, 2421.6948]
32   	101330.40   	0.099   	0.9998  	[16.2, 16.2, 16.2, 21.7]	[left, back, front, front]	[2816.5547, 619.0837, 646.5147, 2101.0870]
33   	99788.30    	0.097   	0.9998  	[16.2, 16.2, 16.2, 21.7]	[left, back, front, back]	[2808.2679, 579.5711, 586.8310, 1822.3203]
34   	98350.43    	0.095   	0.9998  	[16.2, 16.2, 16.2, 21.7]	[left, back, front, right]	[2805.3151, 551.4487, 593.9547, 1599.9638]
35   	96973.39    	0.093   	1.0000  	[16.2, 16.2, 16.2, 21.7]	[left, back, front, down]	[2814.8694, 579.0977, 657.4738, 1429.4568]
36   	95419.60    	0.091   	1.0000  	[16.2, 16.2, 16.2, 16.2]	[back, back, front, back]	[2732.7157, 643.6067, 736.4669, 1187.5975]
37   	93698.87    	0.089   	1.0000  	[16.2, 16.2, 16.2, 16.2]	[back, back, front, right]	[2676.9171, 733.1078, 828.5059, 962.6109]
38   	92122.25    	0.087   	1.0000  	[16.2, 16.2, 16.2, 16.2]	[up, back, up, front]	[2255.4752, 826.4933, 706.1834, 781.8080]
39   	90519.95    	0.086   	1.0000  	[21.7, 16.2, 21.7, 16.2]	[right, back, right, front]	[2253.3843, 958.9815, 710.2347, 761.9432]
40   	88990.06    	0.084   	1.0000  	[21.7, 16.2, 21.7, 16.2]	[right, back, right, front]	[1987.3841, 1130.0333, 694.2064, 826.0956]
41   	87418.47    	0.082   	1.0000  	[21.7, 16.2, 21.7, 16.2]	[up, back, up, front]	[1914.0983, 1254.4489, 764.1287, 893.1815]
42   	86054.02    	0.081   	1.0000  	[27.1, 16.2, 27.1, 16.2]	[hover, hover, right, front]	[1744.6416, 960.9742, 784.2058, 895.7538]
43   	84759.97    	0.079   	1.0000  	[27.1, 16.2, 27.1, 16.2]	[hover, right, front, front]	[1602.4723, 770.7248, 893.3324, 857.9466]
44   	83515.35    	0.078   	1.0000  	[27.1, 16.2, 27.1, 16.2]	[back, right, right, front]	[1474.8995, 683.5499, 956.5287, 811.9412]
45   	82026.38    	0.076   	1.0000  	[27.1, 16.2, 27.1, 16.2]	[down, right, right, front]	[1649.6039, 769.3899, 1311.6403, 774.4383]
46   	80449.20    	0.074   	1.0000  	[21.7, 16.2, 27.1, 16.2]	[right, right, right, left]	[1527.5602, 903.2192, 1641.9287, 740.0765]
47   	78788.36    	0.072   	1.0000  	[21.7, 16.2, 27.1, 16.2]	[back, right, right, up]	[1381.5605, 1089.4285, 1957.4668, 741.8848]
48   	77038.93    	0.070   	1.0000  	[21.7, 16.2, 27.1, 21.7]	[back, right, right, front]	[1280.2673, 1303.1989, 2242.6098, 822.3446]
49   	75143.25    	0.067   	1.0000  	[21.7, 16.2, 27.1, 21.7]	[back, right, down, left]	[1202.2581, 1847.9799, 2274.6716, 860.4091]
50   	73162.63    	0.065   	1.0000  	[21.7, 16.2, 21.7, 21.7]	[back, right, right, front]	[1153.9396, 2216.6363, 2546.8447, 838.5350]
51   	71333.85    	0.062   	1.0000  	[21.7, 16.2, 21.7, 21.7]	[left, right, front, left]	[1037.8528, 2452.7177, 2237.6328, 755.4658]
52   	69583.92    	0.060   	1.0000  	[21.7, 16.2, 21.7, 21.7]	[left, right, hover, left]	[1020.8764, 2632.4407, 1892.7107, 745.2226]
53   	67911.69    	0.058   	1.0000  	[21.7, 16.2, 21.7, 21.7]	[back, front, back, left]	[929.8326, 2364.1464, 1638.2250, 768.1508]
54   	66202.63    	0.056   	1.0000  	[21.7, 16.2, 21.7, 21.7]	[back, front, back, left]	[859.7899, 2200.5768, 1566.5561, 827.8257]
55   	64308.87    	0.054   	1.0000  	[21.7, 16.2, 21.7, 21.7]	[back, front, back, left]	[798.2192, 2138.2879, 1651.8102, 913.3550]
56   	62202.20    	0.051   	1.0000  	[21.7, 16.2, 21.7, 21.7]	[hover, front, back, left]	[686.6318, 2145.9535, 1740.3536, 1009.4483]
57   	59866.34    	0.049   	1.0000  	[21.7, 16.2, 21.7, 21.7]	[right, front, back, left]	[606.2262, 2191.3018, 1837.0359, 1126.9317]
58   	57427.86    	0.047   	1.0000  	[21.7, 16.2, 21.7, 21.7]	[right, front, back, left]	[586.7261, 2251.4665, 1939.7945, 1189.8009]
59   	55016.94    	0.045   	1.0000  	[21.7, 16.2, 21.7, 21.7]	[right, front, back, back]	[553.3465, 2280.9555, 2070.4978, 1088.6275]
60   	52577.64    	0.042   	1.0000  	[21.7, 16.2, 21.7, 21.7]	[right, front, back, hover]	[553.9147, 2323.2373, 2261.5789, 941.4612]
61   	50390.37    	0.040   	1.0000  	[21.7, 16.2, 21.7, 21.7]	[right, front, back, hover]	[573.7000, 2358.6382, 1967.0064, 814.3751]
62   	48312.48    	0.038   	1.0000  	[21.7, 16.2, 21.7, 21.7]	[right, front, down, hover]	[623.6731, 2420.7693, 1881.1218, 709.0493]
63   	46529.15    	0.036   	1.0000  	[21.7, 16.2, 16.2, 21.7]	[right, front, right, back]	[714.1247, 1858.2151, 1767.3262, 625.4498]
64   	45083.44    	0.035   	1.0000  	[21.7, 16.2, 16.2, 21.7]	[right, back, hover, back]	[845.1003, 1425.0829, 1353.3587, 602.6290]
65   	43745.35    	0.034   	1.0000  	[21.7, 16.2, 16.2, 21.7]	[front, left, back, back]	[814.1400, 1150.0861, 1073.2150, 623.1625]
66   	42513.01    	0.032   	1.0000  	[21.7, 16.2, 16.2, 21.7]	[front, up, front, back]	[715.8238, 1047.9196, 838.0607, 673.4858]
67   	41343.97    	0.031   	1.0000  	[21.7, 21.7, 16.2, 21.7]	[front, back, back, back]	[670.8758, 948.7709, 675.5165, 769.6677]
68   	40242.66    	0.031   	1.0000  	[21.7, 21.7, 16.2, 21.7]	[front, hover, front, back]	[586.8367, 826.6212, 552.9027, 884.0517]
69   	39139.10    	0.030   	1.0000  	[21.7, 21.7, 16.2, 21.7]	[front, hover, front, back]	[560.0037, 725.9036, 496.0860, 1035.0700]
70   	38056.52    	0.029   	1.0000  	[21.7, 21.7, 16.2, 21.7]	[front, front, front, back]	[574.9617, 639.5619, 455.4570, 1149.3874]
71   	37044.21    	0.028   	1.0000  	[21.7, 21.7, 16.2, 21.7]	[front, back, front, hover]	[622.6763, 568.2965, 424.4729, 996.9510]
72   	36064.32    	0.027   	1.0000  	[21.7, 21.7, 16.2, 21.7]	[front, left, front, hover]	[696.2925, 515.1292, 426.2269, 864.3804]
73   	35125.56    	0.026   	1.0000  	[21.7, 21.7, 16.2, 21.7]	[front, left, front, hover]	[756.1856, 467.4628, 457.7583, 756.2134]
74   	34259.85    	0.025   	1.0000  	[21.7, 21.7, 16.2, 21.7]	[hover, front, front, right]	[659.4261, 439.6410, 513.1335, 662.1922]
75   	33427.78    	0.025   	1.0000  	[21.7, 21.7, 16.2, 21.7]	[hover, hover, front, right]	[577.2175, 384.3884, 560.6913, 589.4918]
76   	32628.66    	0.024   	1.0000  	[21.7, 21.7, 16.2, 21.7]	[hover, right, front, right]	[501.2478, 340.0335, 644.5992, 533.7559]
77   	31872.87    	0.023   	1.0000  	[21.7, 21.7, 16.2, 21.7]	[hover, right, front, hover]	[439.4854, 320.3096, 755.7205, 466.9290]
78   	31101.13    	0.023   	1.0000  	[21.7, 21.7, 16.2, 21.7]	[hover, back, front, left]	[382.3168, 299.2751, 922.6515, 418.3330]
79   	30388.67    	0.022   	1.0000  	[21.7, 21.7, 16.2, 21.7]	[hover, back, hover, left]	[334.7514, 329.8371, 727.3240, 400.1120]
80   	29744.94    	0.022   	1.0000  	[21.7, 21.7, 16.2, 21.7]	[left, back, hover, left]	[297.2356, 374.6064, 575.1663, 402.5758]
81   	29175.29    	0.021   	1.0000  	[21.7, 21.7, 16.2, 21.7]	[left, back, hover, hover]	[284.7077, 376.2011, 447.9182, 353.8513]
82   	28629.32    	0.021   	1.0000  	[21.7, 21.7, 16.2, 21.7]	[left, back, left, hover]	[265.2355, 398.3292, 372.2994, 310.8100]
83   	28084.70    	0.020   	1.0000  	[21.7, 21.7, 16.2, 21.7]	[left, back, left, hover]	[268.5370, 439.9189, 325.0621, 274.2646]
84   	27516.97    	0.020   	1.0000  	[21.7, 21.7, 16.2, 21.7]	[left, back, left, hover]	[283.4762, 511.1535, 316.9747, 239.5809]
85   	26930.02    	0.019   	1.0000  	[21.7, 21.7, 16.2, 21.7]	[left, back, left, hover]	[314.9088, 602.4254, 313.1276, 212.7123]
86   	26339.80    	0.019   	1.0000  	[21.7, 21.7, 16.2, 21.7]	[left, back, left, right]	[393.2749, 678.8214, 324.9729, 191.3985]
87   	25722.58    	0.018   	1.0000  	[21.7, 21.7, 16.2, 21.7]	[left, hover, left, right]	[524.6168, 592.4866, 348.5728, 197.4255]
88   	25103.44    	0.018   	1.0000  	[21.7, 21.7, 16.2, 21.7]	[back, hover, left, right]	[464.1201, 512.8472, 402.7499, 220.2979]
89   	24455.66    	0.017   	1.0000  	[21.7, 21.7, 16.2, 21.7]	[back, hover, left, right]	[429.5690, 452.3901, 488.8033, 228.1948]
90   	23842.17    	0.017   	1.0000  	[21.7, 21.7, 16.2, 21.7]	[hover, hover, left, right]	[372.1911, 396.3973, 600.6140, 242.4363]
91   	23177.50    	0.016   	1.0000  	[21.7, 21.7, 16.2, 21.7]	[back, hover, left, right]	[325.9553, 352.2782, 793.9522, 266.3367]
92   	22602.56    	0.016   	1.0000  	[21.7, 21.7, 16.2, 21.7]	[back, hover, hover, right]	[296.4343, 307.0967, 610.8724, 293.6340]
93   	22082.83    	0.015   	1.0000  	[21.7, 21.7, 16.2, 21.7]	[back, hover, hover, right]	[274.6073, 269.8931, 484.2788, 325.1691]
94   	21629.12    	0.015   	1.0000  	[21.7, 21.7, 16.2, 21.7]	[back, hover, hover, right]	[263.2278, 237.6753, 383.8859, 309.7696]
95   	21240.49    	0.015   	1.0000  	[21.7, 21.7, 16.2, 21.7]	[back, hover, hover, hover]	[263.5325, 209.9098, 300.5097, 274.3058]
96   	20874.15    	0.014   	1.0000  	[21.7, 21.7, 16.2, 21.7]	[back, hover, hover, hover]	[276.1010, 185.9777, 236.0198, 240.1114]
97   	20555.65    	0.014   	1.0000  	[21.7, 21.7, 16.2, 21.7]	[back, left, hover, hover]	[267.1009, 165.7658, 190.0310, 208.7442]
98   	20280.72    	0.014   	1.0000  	[21.7, 21.7, 16.2, 21.7]	[hover, left, back, front]	[234.0706, 161.7846, 149.9883, 187.3090]
99   	20020.22    	0.014   	1.0000  	[21.7, 21.7, 16.2, 21.7]	[hover, left, up, left]	[205.6030, 142.9031, 130.8110, 181.5437]
[2025-12-18T14:50:19]
Strategy: greedy_ig
Pairwise: equal
News mode: IG
Num agents: 4
Iteration: 8
Error margin: None
Gaussian radius 5 
Grid info: range: 0-50-50, cell_size:0.125, map shape: (400, 400), center:True
init UAV positions: [(-5.0, -5.0, 5.4), (-5.0, 25.0, 5.4), (20.0, -10.0, 5.4), (5.0, 25.0, 5.4)]
mcts_params: {}
Step	Entropy	MSE	Coverage	Heights	Actions	IGs
------------------------------------------------------------------------------------------------------------------------
0    	160000.00   	0.250   	0.0000  	[5.4, 5.4, 5.4, 5.4]	[-, -, -, -]	[-, -, -, -]
1    	159332.39   	0.244   	0.0469  	[5.4, 5.4, 5.4, 5.4]	[up, up, up, up]	[3904.5582, 1952.2791, 3514.1024, 1952.2791]
2    	158634.96   	0.239   	0.1750  	[10.8, 10.8, 10.8, 10.8]	[up, up, up, up]	[4382.9647, 2191.4824, 3204.0331, 2191.4824]
3    	157906.39   	0.234   	0.3563  	[16.2, 16.2, 16.2, 16.2]	[up, back, left, back]	[4470.8090, 2506.9601, 3263.0799, 2497.8618]
4    	157110.80   	0.228   	0.5250  	[21.7, 16.2, 16.2, 16.2]	[up, back, up, back]	[3859.8059, 2761.7819, 3217.4455, 2761.5605]
5    	156212.14   	0.222   	0.7063  	[27.1, 16.2, 21.7, 16.2]	[left, back, left, back]	[3547.3492, 2970.5720, 3417.4253, 2953.6003]
6    	155147.89   	0.217   	0.7523  	[27.1, 16.2, 21.7, 16.2]	[back, up, left, up]	[3310.7098, 3160.6205, 3433.3102, 3165.3091]
7    	153904.08   	0.211   	0.8367  	[27.1, 21.7, 21.7, 21.7]	[right, back, left, back]	[3059.5572, 3356.7377, 3378.1721, 3362.5751]
8    	152405.94   	0.206   	0.8400  	[27.1, 21.7, 21.7, 21.7]	[right, back, left, back]	[2955.8929, 3327.9954, 3370.3223, 3340.1263]
9    	150619.28   	0.200   	0.8416  	[27.1, 21.7, 21.7, 21.7]	[right, back, left, back]	[2930.1815, 3338.8369, 3384.2434, 3354.6339]
10   	148589.73   	0.194   	0.8431  	[27.1, 21.7, 21.7, 21.7]	[right, back, left, back]	[2956.4093, 3364.4385, 3402.6159, 3383.5272]
11   	146314.47   	0.189   	0.8497  	[27.1, 21.7, 21.7, 21.7]	[right, back, left, back]	[3025.6510, 3389.8639, 3421.9394, 3402.0914]
12   	143876.97   	0.183   	0.8575  	[27.1, 21.7, 21.7, 21.7]	[down, back, left, back]	[3027.8425, 3406.5509, 3420.5432, 3407.7744]
13   	141359.67   	0.178   	0.8575  	[21.7, 21.7, 21.7, 21.7]	[right, back, left, back]	[3040.9041, 3424.1242, 3420.0280, 3412.4565]
14   	138705.64   	0.172   	0.8575  	[21.7, 21.7, 21.7, 21.7]	[right, back, front, back]	[2853.2942, 3419.7643, 3256.2686, 3418.7494]
15   	136223.84   	0.167   	0.8589  	[21.7, 21.7, 21.7, 21.7]	[back, back, front, back]	[2603.4778, 3417.2867, 3164.7782, 3416.3728]
16   	133929.08   	0.162   	0.8773  	[21.7, 21.7, 21.7, 21.7]	[back, left, front, right]	[2246.8930, 3261.8327, 3136.5558, 3255.0856]
17   	131854.38   	0.157   	0.8858  	[21.7, 21.7, 21.7, 21.7]	[front, left, front, right]	[1941.5664, 3190.9570, 3155.0005, 3173.6389]
18   	130088.95   	0.153   	0.8952  	[21.7, 21.7, 21.7, 21.7]	[back, left, front, right]	[1681.9946, 2717.2584, 3199.4436, 2713.3343]
19   	128438.00   	0.150   	0.9155  	[21.7, 21.7, 21.7, 21.7]	[left, right, front, left]	[1484.2338, 2331.6479, 3263.6431, 2316.5250]
20   	127008.05   	0.146   	0.9233  	[21.7, 21.7, 21.7, 21.7]	[front, left, front, right]	[1308.0448, 1998.7089, 3333.2169, 1998.5307]
21   	125518.53   	0.143   	0.9311  	[21.7, 21.7, 21.7, 21.7]	[front, front, right, front]	[1203.4849, 1792.5594, 3115.6185, 1789.5879]
22   	124023.08   	0.140   	0.9327  	[21.7, 21.7, 21.7, 21.7]	[front, front, right, front]	[1384.3644, 1662.9279, 2998.5497, 1660.4910]
23   	122573.36   	0.137   	0.9356  	[21.7, 21.7, 21.7, 21.7]	[front, front, right, front]	[1770.1843, 1588.4749, 2947.0602, 1568.8222]
24   	121036.02   	0.134   	0.9466  	[21.7, 21.7, 21.7, 21.7]	[front, front, right, front]	[2153.1922, 1546.7171, 2948.8439, 1535.5744]
25   	119467.96   	0.130   	0.9575  	[21.7, 21.7, 21.7, 21.7]	[front, front, right, front]	[2480.5635, 1539.2844, 2973.8509, 1525.4512]
26   	117868.47   	0.126   	0.9684  	[21.7, 21.7, 21.7, 21.7]	[front, front, right, front]	[2759.4333, 1546.4517, 3018.9030, 1544.3456]
27   	116194.01   	0.123   	0.9838  	[21.7, 21.7, 21.7, 21.7]	[front, front, right, front]	[2993.6295, 1575.1084, 3112.5777, 1570.3100]
28   	114600.82   	0.119   	0.9931  	[21.7, 21.7, 21.7, 21.7]	[front, front, right, front]	[2888.7894, 1621.3967, 2910.2553, 1625.5803]
29   	112942.63   	0.116   	1.0000  	[21.7, 21.7, 21.7, 21.7]	[left, down, down, down]	[2684.6984, 1399.3392, 2613.5423, 1406.7401]
30   	111424.77   	0.113   	1.0000  	[21.7, 16.2, 16.2, 16.2]	[left, front, right, front]	[2566.0223, 1359.7272, 2212.1302, 1382.2616]
31   	110118.54   	0.111   	1.0000  	[21.7, 16.2, 16.2, 16.2]	[left, left, front, right]	[2500.2143, 1183.8089, 1849.3139, 1185.7105]
32   	108979.46   	0.109   	1.0000  	[21.7, 16.2, 16.2, 16.2]	[left, hover, hover, hover]	[2503.5827, 898.2338, 1409.4689, 906.5523]
33   	107903.10   	0.107   	1.0000  	[21.7, 16.2, 16.2, 16.2]	[left, hover, left, hover]	[2555.4679, 703.3758, 1136.6635, 701.2106]
34   	106830.33   	0.105   	1.0000  	[21.7, 16.2, 16.2, 16.2]	[left, hover, up, hover]	[2649.2887, 553.4638, 1141.8707, 556.3829]
35   	105833.54   	0.103   	1.0000  	[21.7, 16.2, 21.7, 16.2]	[left, back, back, back]	[2778.8859, 457.9387, 1035.8677, 449.0941]
36   	104924.74   	0.102   	1.0000  	[21.7, 16.2, 21.7, 16.2]	[left, back, back, back]	[2522.9417, 433.2396, 971.9959, 431.6075]
37   	104084.17   	0.100   	1.0000  	[21.7, 16.2, 21.7, 16.2]	[down, back, back, back]	[2422.2496, 389.0119, 920.2441, 393.4643]
38   	103386.68   	0.099   	1.0000  	[16.2, 16.2, 21.7, 16.2]	[left, back, back, back]	[1936.3275, 378.8028, 880.2784, 392.0620]
39   	102774.62   	0.098   	1.0000  	[16.2, 16.2, 21.7, 16.2]	[front, back, back, back]	[1545.0019, 407.9086, 856.5373, 414.6789]
40   	102199.46   	0.097   	1.0000  	[16.2, 16.2, 21.7, 16.2]	[right, back, back, back]	[1240.9756, 458.3639, 845.8020, 464.5791]
41   	101627.45   	0.096   	1.0000  	[16.2, 16.2, 21.7, 16.2]	[back, back, back, back]	[986.1602, 524.9821, 894.0289, 521.6974]
42   	101026.70   	0.095   	1.0000  	[16.2, 16.2, 21.7, 16.2]	[up, back, back, back]	[1007.5582, 598.1227, 991.7828, 606.8274]
43   	100250.95   	0.093   	1.0000  	[21.7, 16.2, 21.7, 16.2]	[back, back, back, back]	[1080.2307, 725.1555, 1367.7829, 730.3645]
44   	99507.33    	0.092   	1.0000  	[21.7, 16.2, 21.7, 16.2]	[back, back, left, back]	[1148.5585, 879.4825, 1235.1058, 902.8647]
45   	98723.07    	0.090   	1.0000  	[21.7, 16.2, 21.7, 16.2]	[back, right, left, left]	[1221.3595, 793.4563, 1127.5662, 807.1247]
46   	97939.97    	0.089   	1.0000  	[21.7, 16.2, 21.7, 16.2]	[back, right, left, left]	[1286.7552, 673.2480, 1081.2797, 682.9839]
47   	96972.52    	0.087   	1.0000  	[21.7, 16.2, 21.7, 16.2]	[back, right, left, left]	[1391.9188, 773.4794, 1097.4960, 771.8693]
48   	95744.64    	0.086   	1.0000  	[21.7, 16.2, 21.7, 16.2]	[back, right, left, left]	[1523.1439, 995.3455, 1152.2304, 982.8112]
49   	94156.85    	0.084   	1.0000  	[21.7, 16.2, 21.7, 16.2]	[back, right, left, left]	[1673.6389, 1232.0153, 1235.0384, 1242.4472]
50   	91839.25    	0.081   	1.0000  	[21.7, 16.2, 21.7, 16.2]	[back, right, left, left]	[1853.8754, 1840.7631, 1358.6088, 1843.2354]
51   	89123.20    	0.078   	1.0000  	[21.7, 16.2, 21.7, 16.2]	[back, right, left, left]	[1761.7397, 2217.8089, 1514.8052, 2226.4116]
52   	86158.33    	0.075   	1.0000  	[21.7, 16.2, 21.7, 16.2]	[down, right, left, left]	[1628.6246, 2512.1357, 1521.8891, 2523.0710]
53   	83087.97    	0.071   	1.0000  	[16.2, 16.2, 21.7, 16.2]	[back, right, hover, left]	[1426.5402, 2702.2604, 1293.1553, 2719.8714]
54   	80076.05    	0.068   	1.0000  	[16.2, 16.2, 21.7, 16.2]	[left, right, hover, left]	[1135.2882, 2826.8441, 1106.6269, 2840.1156]
55   	77200.82    	0.066   	1.0000  	[16.2, 16.2, 21.7, 16.2]	[right, front, hover, front]	[899.5634, 2546.4195, 949.2428, 2575.3383]
56   	74326.99    	0.063   	1.0000  	[16.2, 16.2, 21.7, 16.2]	[right, front, hover, front]	[770.2635, 2435.6855, 830.7924, 2456.9002]
57   	71527.99    	0.061   	1.0000  	[16.2, 16.2, 21.7, 16.2]	[right, front, hover, front]	[699.2066, 2411.9950, 725.0212, 2420.9310]
58   	68757.09    	0.058   	1.0000  	[16.2, 16.2, 21.7, 16.2]	[right, front, front, front]	[597.8242, 2445.7317, 636.6004, 2451.9698]
59   	65992.21    	0.056   	1.0000  	[16.2, 16.2, 21.7, 16.2]	[right, front, front, front]	[545.7841, 2505.7241, 633.3130, 2512.2085]
60   	63201.38    	0.053   	1.0000  	[16.2, 16.2, 21.7, 16.2]	[right, front, front, front]	[533.4445, 2587.4376, 673.8966, 2604.7144]
61   	60364.97    	0.050   	1.0000  	[16.2, 16.2, 21.7, 16.2]	[right, front, front, front]	[546.0913, 2612.0109, 755.3485, 2613.8981]
62   	57568.96    	0.048   	1.0000  	[16.2, 16.2, 21.7, 16.2]	[right, front, front, front]	[537.9159, 2618.2498, 861.4207, 2654.6755]
63   	54805.71    	0.045   	1.0000  	[16.2, 16.2, 21.7, 16.2]	[right, front, front, front]	[543.0229, 2646.2746, 991.6824, 2669.9549]
64   	52189.43    	0.042   	1.0000  	[16.2, 16.2, 21.7, 16.2]	[right, front, front, front]	[595.7800, 2683.5946, 1151.4267, 2694.7685]
65   	49869.11    	0.040   	1.0000  	[16.2, 16.2, 21.7, 16.2]	[right, right, front, left]	[660.0166, 2354.5231, 1341.8628, 2332.0435]
66   	48062.99    	0.038   	1.0000  	[16.2, 16.2, 21.7, 16.2]	[front, hover, front, hover]	[541.0189, 1751.0362, 1244.8743, 1745.0790]
67   	46540.21    	0.036   	1.0000  	[16.2, 16.2, 21.7, 16.2]	[front, hover, down, hover]	[431.3505, 1342.9108, 1225.4391, 1348.4146]
68   	45290.80    	0.035   	1.0000  	[16.2, 16.2, 16.2, 16.2]	[front, hover, front, right]	[427.2996, 1039.0056, 1029.4973, 1056.2995]
69   	44166.47    	0.034   	1.0000  	[16.2, 16.2, 16.2, 16.2]	[front, left, left, up]	[471.9374, 857.9639, 869.1122, 905.6567]
70   	43056.79    	0.033   	1.0000  	[16.2, 16.2, 16.2, 21.7]	[front, up, back, back]	[587.2410, 793.8480, 677.4960, 949.8088]
71   	41877.70    	0.032   	1.0000  	[16.2, 21.7, 16.2, 21.7]	[front, back, front, back]	[726.8444, 863.0583, 540.9223, 849.4213]
72   	40674.59    	0.031   	1.0000  	[16.2, 21.7, 16.2, 21.7]	[front, back, right, back]	[880.7081, 788.6024, 444.6080, 813.7014]
73   	39421.79    	0.030   	1.0000  	[16.2, 21.7, 16.2, 21.7]	[front, back, right, back]	[1021.9217, 774.2228, 413.4278, 756.9862]
74   	38089.59    	0.029   	1.0000  	[16.2, 21.7, 16.2, 21.7]	[front, back, right, back]	[1172.6094, 736.4833, 464.6684, 739.7751]
75   	36676.57    	0.028   	1.0000  	[16.2, 21.7, 16.2, 21.7]	[front, back, right, back]	[1333.0216, 725.5467, 483.2053, 762.2639]
76   	35294.69    	0.026   	1.0000  	[16.2, 21.7, 16.2, 21.7]	[front, back, right, back]	[1293.9941, 745.9948, 468.9672, 813.9070]
77   	34033.80    	0.025   	1.0000  	[16.2, 21.7, 16.2, 21.7]	[left, back, right, back]	[1027.7342, 810.5888, 430.7525, 877.2334]
78   	32782.33    	0.024   	1.0000  	[16.2, 21.7, 16.2, 21.7]	[left, back, right, back]	[824.8696, 873.2871, 397.9722, 979.6189]
79   	31646.72    	0.023   	1.0000  	[16.2, 21.7, 16.2, 21.7]	[left, back, right, hover]	[696.8057, 979.8878, 377.2188, 850.2005]
80   	30651.19    	0.022   	1.0000  	[16.2, 21.7, 16.2, 21.7]	[left, hover, right, hover]	[609.9376, 844.6856, 355.9870, 732.1656]
81   	29799.98    	0.022   	1.0000  	[16.2, 21.7, 16.2, 21.7]	[left, hover, right, hover]	[516.4372, 727.6241, 359.7506, 637.4341]
82   	29051.62    	0.021   	1.0000  	[16.2, 21.7, 16.2, 21.7]	[left, hover, right, hover]	[441.5101, 632.2135, 370.6883, 551.5637]
83   	28437.84    	0.020   	1.0000  	[16.2, 21.7, 16.2, 21.7]	[left, hover, back, hover]	[371.9882, 551.6645, 296.6046, 478.7609]
84   	27880.71    	0.020   	1.0000  	[16.2, 21.7, 16.2, 21.7]	[left, hover, back, hover]	[329.9610, 481.7014, 262.2872, 423.6877]
85   	27344.89    	0.019   	1.0000  	[16.2, 21.7, 16.2, 21.7]	[left, hover, back, hover]	[326.3679, 421.2242, 271.4046, 372.3839]
86   	26845.91    	0.019   	1.0000  	[16.2, 21.7, 16.2, 21.7]	[left, hover, back, right]	[339.9285, 368.0204, 256.1282, 327.2905]
87   	26381.87    	0.019   	1.0000  	[16.2, 21.7, 16.2, 21.7]	[left, left, back, left]	[341.0661, 327.7086, 236.3345, 294.3913]
88   	25983.63    	0.018   	1.0000  	[16.2, 21.7, 16.2, 21.7]	[hover, right, back, right]	[266.9384, 293.1428, 233.2299, 261.9349]
89   	25605.84    	0.018   	1.0000  	[16.2, 21.7, 16.2, 21.7]	[back, left, back, front]	[231.2527, 258.8832, 241.2947, 238.9763]
90   	25219.01    	0.018   	1.0000  	[16.2, 21.7, 16.2, 21.7]	[back, front, back, up]	[247.1880, 237.3848, 241.8531, 263.9060]
91   	24769.97    	0.017   	1.0000  	[16.2, 21.7, 16.2, 27.1]	[back, up, back, hover]	[315.2541, 261.5803, 290.3275, 247.2841]
92   	24255.44    	0.017   	1.0000  	[16.2, 27.1, 16.2, 27.1]	[back, hover, back, hover]	[379.7076, 244.1076, 427.7555, 229.0801]
93   	23622.87    	0.017   	1.0000  	[16.2, 27.1, 16.2, 27.1]	[back, hover, back, front]	[417.2127, 227.2721, 692.5176, 215.1012]
94   	23074.45    	0.016   	1.0000  	[16.2, 27.1, 16.2, 27.1]	[back, hover, hover, front]	[390.0304, 210.6605, 527.8117, 213.8237]
95   	22562.67    	0.016   	1.0000  	[16.2, 27.1, 16.2, 27.1]	[back, front, left, front]	[368.9553, 198.8208, 428.2381, 228.7023]
96   	22082.39    	0.015   	1.0000  	[16.2, 27.1, 16.2, 27.1]	[back, front, left, front]	[356.8459, 199.7117, 345.0428, 254.1219]
97   	21599.63    	0.015   	1.0000  	[16.2, 27.1, 16.2, 27.1]	[back, front, left, front]	[349.1673, 213.3059, 305.7030, 290.9806]
98   	21113.46    	0.015   	1.0000  	[16.2, 27.1, 16.2, 27.1]	[back, front, left, front]	[378.9429, 233.5807, 255.4634, 354.8605]
99   	20639.31    	0.014   	1.0000  	[16.2, 27.1, 16.2, 27.1]	[back, front, left, hover]	[347.5209, 269.4507, 232.0504, 331.4114]
[2025-12-18T14:50:29]
Strategy: greedy_ig
Pairwise: equal
News mode: IG
Num agents: 4
Iteration: 9
Error margin: None
Gaussian radius 5 
Grid info: range: 0-50-50, cell_size:0.125, map shape: (400, 400), center:True
init UAV positions: [(-15.0, 0.0, 5.4), (0.0, 5.0, 5.4), (10.0, -20.0, 5.4), (5.0, 5.0, 5.4)]
mcts_params: {}
Step	Entropy	MSE	Coverage	Heights	Actions	IGs
------------------------------------------------------------------------------------------------------------------------
0    	160000.00   	0.250   	0.0000  	[5.4, 5.4, 5.4, 5.4]	[-, -, -, -]	[-, -, -, -]
1    	158997.73   	0.242   	0.0594  	[5.4, 5.4, 5.4, 5.4]	[up, up, up, up]	[3904.5582, 3904.5582, 3514.1024, 3904.5582]
2    	157902.26   	0.235   	0.2062  	[10.8, 10.8, 10.8, 10.8]	[up, up, up, up]	[4382.9647, 4382.9647, 3204.0331, 4382.9647]
3    	156665.53   	0.228   	0.4059  	[16.2, 16.2, 16.2, 16.2]	[up, up, front, up]	[3885.4429, 4475.0376, 3277.4855, 4474.5805]
4    	155341.92   	0.221   	0.5763  	[21.7, 21.7, 16.2, 21.7]	[right, up, up, up]	[3842.0045, 3853.6085, 3220.6196, 3856.8671]
5    	153855.05   	0.215   	0.7052  	[21.7, 27.1, 21.7, 27.1]	[right, front, front, left]	[3561.0044, 3532.0227, 3413.7419, 3536.8199]
6    	152177.85   	0.209   	0.7466  	[21.7, 27.1, 21.7, 27.1]	[right, right, front, left]	[3447.9642, 3297.7841, 3428.0760, 3369.7545]
7    	150262.88   	0.203   	0.7569  	[21.7, 27.1, 21.7, 27.1]	[right, right, front, left]	[3395.0063, 3190.9061, 3374.9881, 3297.2506]
8    	148199.68   	0.198   	0.7811  	[21.7, 27.1, 21.7, 27.1]	[right, right, front, left]	[3390.4303, 3152.5849, 3365.2122, 3287.1629]
9    	145915.35   	0.192   	0.8272  	[21.7, 27.1, 21.7, 27.1]	[right, down, front, down]	[3408.5617, 3088.0177, 3381.7784, 3295.1611]
10   	143588.31   	0.187   	0.8272  	[21.7, 21.7, 21.7, 21.7]	[right, right, front, left]	[3423.5132, 3053.5222, 3402.0664, 3218.0869]
11   	141415.34   	0.182   	0.8272  	[21.7, 21.7, 21.7, 21.7]	[right, front, front, left]	[3417.1090, 2790.1045, 3414.2185, 2977.6470]
12   	139486.84   	0.177   	0.8309  	[21.7, 21.7, 21.7, 21.7]	[right, front, front, front]	[3283.9109, 2408.1954, 3422.7696, 2710.4217]
13   	137683.14   	0.172   	0.8508  	[21.7, 21.7, 21.7, 21.7]	[back, back, front, front]	[3144.4089, 2071.6949, 3429.7065, 2735.0465]
14   	135969.39   	0.168   	0.8656  	[21.7, 21.7, 21.7, 21.7]	[back, front, left, front]	[3077.1432, 1794.4559, 3259.3595, 2360.2077]
15   	134276.99   	0.164   	0.8806  	[21.7, 21.7, 21.7, 21.7]	[back, back, left, down]	[3053.2337, 1568.3254, 3163.4694, 2096.1911]
16   	132643.22   	0.160   	0.8838  	[21.7, 21.7, 21.7, 16.2]	[back, back, left, up]	[3077.4012, 1443.6793, 3129.7148, 1711.2230]
17   	130928.29   	0.157   	0.8869  	[21.7, 21.7, 21.7, 21.7]	[left, back, left, right]	[2746.3376, 1572.2426, 3149.0889, 1576.4546]
18   	129131.12   	0.153   	0.8875  	[21.7, 21.7, 21.7, 21.7]	[left, back, left, right]	[2485.7291, 1917.9701, 3197.3542, 1482.6469]
19   	127318.10   	0.149   	0.9031  	[21.7, 21.7, 21.7, 21.7]	[left, back, left, right]	[2317.7398, 2268.5124, 3264.2881, 1465.9531]
20   	125484.65   	0.145   	0.9187  	[21.7, 21.7, 21.7, 21.7]	[left, back, left, right]	[2213.8772, 2555.0636, 3340.8542, 1489.0091]
21   	123566.33   	0.141   	0.9344  	[21.7, 21.7, 21.7, 21.7]	[left, back, back, right]	[2179.5518, 2810.7999, 3128.5032, 1602.3354]
22   	121617.42   	0.137   	0.9500  	[21.7, 21.7, 21.7, 21.7]	[left, back, back, right]	[2195.5342, 3036.5586, 3004.4419, 1795.0263]
23   	119656.97   	0.133   	0.9656  	[21.7, 21.7, 21.7, 21.7]	[left, back, back, right]	[2251.8959, 2918.9051, 2951.7256, 2089.9369]
24   	117709.50   	0.129   	0.9812  	[21.7, 21.7, 21.7, 21.7]	[left, left, back, right]	[2379.7260, 2728.5833, 2942.3926, 2387.6531]
25   	115895.82   	0.125   	0.9969  	[21.7, 21.7, 21.7, 21.7]	[left, left, back, back]	[2011.9446, 2633.0485, 2972.0387, 2222.2220]
26   	114210.12   	0.121   	1.0000  	[21.7, 21.7, 21.7, 21.7]	[down, left, back, right]	[1890.6312, 2581.2400, 3025.7726, 2099.1340]
27   	112442.45   	0.117   	1.0000  	[16.2, 21.7, 21.7, 21.7]	[back, left, back, back]	[1769.3632, 2606.5316, 3103.3360, 1925.3917]
28   	110629.52   	0.114   	1.0000  	[16.2, 21.7, 21.7, 21.7]	[hover, left, back, back]	[1360.2903, 2676.2056, 2929.0267, 1912.6569]
29   	108706.98   	0.110   	1.0000  	[16.2, 21.7, 21.7, 21.7]	[left, left, down, back]	[1080.0939, 2823.6825, 2621.8515, 2005.5563]
30   	106664.19   	0.107   	1.0000  	[16.2, 21.7, 16.2, 21.7]	[right, left, back, back]	[853.5496, 2951.1292, 2211.7290, 2260.8338]
31   	104621.44   	0.104   	1.0000  	[16.2, 21.7, 16.2, 21.7]	[right, left, left, back]	[705.4855, 3087.2317, 1869.9288, 2479.6021]
32   	102583.40   	0.101   	1.0000  	[16.2, 21.7, 16.2, 21.7]	[right, front, hover, back]	[634.2759, 2875.4844, 1441.5351, 2676.0398]
33   	100510.10   	0.098   	1.0000  	[16.2, 21.7, 16.2, 21.7]	[right, front, front, back]	[592.5106, 2628.5425, 1155.9621, 2847.8148]
34   	98419.82    	0.095   	1.0000  	[16.2, 21.7, 16.2, 21.7]	[right, front, up, left]	[611.0936, 2453.1583, 1164.0149, 2749.8614]
35   	96390.83    	0.093   	1.0000  	[16.2, 21.7, 21.7, 21.7]	[right, front, right, back]	[669.4350, 2348.2993, 1055.1875, 2673.0421]
36   	94301.19    	0.090   	1.0000  	[16.2, 21.7, 21.7, 21.7]	[right, front, right, left]	[745.0669, 2324.0704, 980.1820, 2508.8018]
37   	92131.48    	0.088   	1.0000  	[16.2, 21.7, 21.7, 21.7]	[right, front, right, left]	[831.8986, 2359.3245, 924.8956, 2411.1139]
38   	89900.55    	0.085   	1.0000  	[16.2, 21.7, 21.7, 21.7]	[right, front, right, left]	[945.1292, 2461.6546, 882.8683, 2388.3800]
39   	87653.57    	0.082   	1.0000  	[16.2, 21.7, 21.7, 21.7]	[right, front, right, left]	[1125.7700, 2609.2913, 869.1381, 2395.0694]
40   	85535.72    	0.080   	1.0000  	[16.2, 21.7, 21.7, 21.7]	[right, front, right, left]	[1254.6057, 2369.6991, 855.1899, 2449.6427]
41   	83501.98    	0.077   	1.0000  	[16.2, 21.7, 21.7, 21.7]	[hover, down, right, left]	[962.1635, 2091.9705, 893.6473, 2541.0083]
42   	81528.54    	0.075   	1.0000  	[16.2, 16.2, 21.7, 21.7]	[front, left, right, left]	[775.7153, 1855.2905, 1004.9820, 2655.1423]
43   	79653.90    	0.072   	1.0000  	[16.2, 16.2, 21.7, 21.7]	[front, front, right, left]	[670.9755, 1565.8117, 1386.9922, 2506.4182]
44   	77914.36    	0.070   	1.0000  	[16.2, 16.2, 21.7, 21.7]	[front, hover, front, down]	[746.9400, 1202.9333, 1253.9693, 2322.0840]
45   	76315.21    	0.069   	1.0000  	[16.2, 16.2, 21.7, 16.2]	[front, right, front, left]	[893.9257, 954.4677, 1142.5167, 2017.8989]
46   	74845.81    	0.067   	1.0000  	[16.2, 16.2, 21.7, 16.2]	[front, right, front, back]	[1077.2855, 863.6327, 1098.9730, 1631.1164]
47   	73468.87    	0.065   	1.0000  	[16.2, 16.2, 21.7, 16.2]	[front, right, front, hover]	[1290.9279, 729.2780, 1108.9016, 1258.0611]
48   	71939.93    	0.064   	1.0000  	[16.2, 16.2, 21.7, 16.2]	[front, right, front, right]	[1849.9889, 666.4841, 1156.0827, 994.9529]
49   	70289.07    	0.062   	1.0000  	[16.2, 16.2, 21.7, 16.2]	[front, right, front, right]	[2208.7214, 637.9521, 1240.1176, 832.9441]
50   	68651.40    	0.060   	1.0000  	[16.2, 16.2, 21.7, 16.2]	[front, right, front, right]	[2452.1379, 643.6725, 1357.6992, 745.5117]
51   	67062.53    	0.058   	1.0000  	[16.2, 16.2, 21.7, 16.2]	[front, right, front, right]	[2616.2137, 626.1549, 1524.2153, 667.7894]
52   	65364.43    	0.056   	1.0000  	[16.2, 16.2, 21.7, 16.2]	[left, right, front, right]	[2376.5647, 626.8410, 1536.0406, 651.9717]
53   	63626.60    	0.054   	1.0000  	[16.2, 16.2, 21.7, 16.2]	[left, right, hover, right]	[2205.2987, 669.7710, 1304.7205, 694.9562]
54   	61880.23    	0.052   	1.0000  	[16.2, 16.2, 21.7, 16.2]	[left, right, hover, right]	[2142.8574, 731.4848, 1117.9573, 747.3250]
55   	60225.84    	0.050   	1.0000  	[16.2, 16.2, 21.7, 16.2]	[left, hover, hover, right]	[2140.1680, 574.7610, 963.3176, 827.0757]
56   	58581.74    	0.049   	1.0000  	[16.2, 16.2, 21.7, 16.2]	[left, back, hover, right]	[2173.3907, 477.2754, 837.8826, 940.7208]
57   	56955.62    	0.047   	1.0000  	[16.2, 16.2, 21.7, 16.2]	[left, hover, hover, right]	[2249.7287, 376.3180, 728.2795, 1107.2727]
58   	55415.52    	0.045   	1.0000  	[16.2, 16.2, 21.7, 16.2]	[left, back, left, right]	[2277.7917, 319.1957, 639.9949, 1022.8720]
59   	53882.38    	0.044   	1.0000  	[16.2, 16.2, 21.7, 16.2]	[left, back, left, front]	[2323.4720, 320.5839, 636.0641, 822.4947]
60   	52470.00    	0.042   	1.0000  	[16.2, 16.2, 21.7, 16.2]	[left, back, left, back]	[2363.1087, 335.4784, 670.9171, 639.5325]
61   	51098.46    	0.041   	1.0000  	[16.2, 16.2, 21.7, 16.2]	[left, back, left, front]	[2424.6685, 417.3255, 747.5599, 522.5195]
62   	49823.42    	0.040   	1.0000  	[16.2, 16.2, 21.7, 16.2]	[left, back, left, front]	[1852.6268, 540.2457, 857.0166, 464.0261]
63   	48568.26    	0.038   	1.0000  	[16.2, 16.2, 21.7, 16.2]	[right, back, left, front]	[1435.4969, 668.4251, 990.1009, 443.0017]
64   	47237.93    	0.037   	1.0000  	[16.2, 16.2, 21.7, 16.2]	[back, back, left, front]	[1135.2644, 823.2595, 1150.7845, 438.0088]
65   	45830.07    	0.036   	1.0000  	[16.2, 16.2, 21.7, 16.2]	[up, back, left, front]	[1044.1687, 982.7619, 1341.0308, 462.3825]
66   	44409.09    	0.034   	1.0000  	[21.7, 16.2, 21.7, 16.2]	[right, back, left, front]	[953.1307, 1179.1178, 1249.4339, 510.8229]
67   	42963.81    	0.033   	1.0000  	[21.7, 16.2, 21.7, 16.2]	[hover, back, down, front]	[831.6105, 1182.1074, 1234.4581, 575.1429]
68   	41761.24    	0.032   	1.0000  	[21.7, 16.2, 16.2, 16.2]	[hover, hover, left, front]	[728.0695, 905.6744, 1041.3224, 652.6175]
69   	40639.97    	0.031   	1.0000  	[21.7, 16.2, 16.2, 16.2]	[back, left, front, front]	[650.2702, 739.7360, 879.1504, 779.9592]
70   	39565.02    	0.030   	1.0000  	[21.7, 16.2, 16.2, 16.2]	[back, left, right, front]	[581.9267, 632.9257, 688.2840, 947.2148]
71   	38649.63    	0.029   	1.0000  	[21.7, 16.2, 16.2, 16.2]	[left, left, left, front]	[532.0900, 566.9221, 557.7889, 905.7428]
72   	37819.30    	0.028   	1.0000  	[21.7, 16.2, 16.2, 16.2]	[hover, left, back, left]	[464.6476, 585.3869, 451.6691, 733.9416]
73   	37051.61    	0.028   	1.0000  	[21.7, 16.2, 16.2, 16.2]	[front, left, back, hover]	[416.4855, 630.8658, 425.2601, 576.5872]
74   	36303.32    	0.027   	1.0000  	[21.7, 16.2, 16.2, 16.2]	[front, left, back, right]	[399.0853, 726.2836, 482.8353, 463.2732]
75   	35515.18    	0.026   	1.0000  	[21.7, 16.2, 16.2, 16.2]	[right, left, back, left]	[367.5522, 821.5031, 499.9820, 375.7368]
76   	34693.46    	0.026   	1.0000  	[21.7, 16.2, 16.2, 16.2]	[right, left, back, left]	[368.4217, 945.8104, 476.8387, 340.7250]
77   	33808.77    	0.025   	1.0000  	[21.7, 16.2, 16.2, 16.2]	[right, left, back, left]	[403.4881, 1097.6547, 437.9559, 340.5627]
78   	32888.50    	0.024   	1.0000  	[21.7, 16.2, 16.2, 16.2]	[right, left, back, left]	[394.5887, 1278.2543, 404.9853, 340.2664]
79   	32050.10    	0.023   	1.0000  	[21.7, 16.2, 16.2, 16.2]	[right, front, back, left]	[410.0205, 1028.8218, 385.1781, 344.9673]
80   	31272.10    	0.023   	1.0000  	[21.7, 16.2, 16.2, 16.2]	[right, back, back, left]	[453.6620, 804.8161, 378.6266, 364.7849]
81   	30534.89    	0.022   	1.0000  	[21.7, 16.2, 16.2, 16.2]	[right, front, back, left]	[514.6802, 652.7534, 383.0070, 403.0537]
82   	29726.30    	0.021   	1.0000  	[21.7, 16.2, 16.2, 16.2]	[right, front, back, left]	[610.5628, 574.1487, 398.7592, 459.0527]
83   	28913.63    	0.021   	1.0000  	[21.7, 16.2, 16.2, 16.2]	[right, front, hover, left]	[684.5369, 584.0830, 313.8106, 531.7118]
84   	28078.18    	0.020   	1.0000  	[21.7, 16.2, 16.2, 16.2]	[hover, front, right, left]	[596.5701, 622.0210, 262.7000, 633.9384]
85   	27244.37    	0.019   	1.0000  	[21.7, 16.2, 16.2, 16.2]	[hover, front, right, left]	[525.1628, 602.7350, 244.2583, 726.3461]
86   	26489.34    	0.019   	1.0000  	[21.7, 16.2, 16.2, 16.2]	[hover, front, right, back]	[460.4092, 521.2281, 249.9139, 629.2101]
87   	25796.34    	0.018   	1.0000  	[21.7, 16.2, 16.2, 16.2]	[hover, front, right, back]	[399.2709, 459.7923, 242.6868, 558.5199]
88   	25097.23    	0.018   	1.0000  	[21.7, 16.2, 16.2, 16.2]	[hover, front, right, back]	[353.4562, 424.5781, 223.3964, 696.7147]
89   	24392.60    	0.017   	1.0000  	[21.7, 16.2, 16.2, 16.2]	[hover, front, right, back]	[310.6874, 403.8895, 227.5794, 726.4693]
90   	23728.18    	0.017   	1.0000  	[21.7, 16.2, 16.2, 16.2]	[hover, front, right, back]	[275.5267, 404.1525, 236.8419, 705.1304]
91   	23114.77    	0.016   	1.0000  	[21.7, 16.2, 16.2, 16.2]	[hover, front, right, back]	[242.3770, 371.9664, 246.6914, 622.9686]
92   	22550.19    	0.016   	1.0000  	[21.7, 16.2, 16.2, 16.2]	[hover, hover, right, back]	[213.7433, 295.5591, 296.8059, 557.4927]
93   	22017.93    	0.015   	1.0000  	[21.7, 16.2, 16.2, 16.2]	[hover, hover, right, back]	[187.7717, 234.7925, 444.9561, 503.8912]
94   	21458.10    	0.015   	1.0000  	[21.7, 16.2, 16.2, 16.2]	[back, hover, right, back]	[172.6148, 186.0564, 705.6779, 438.9545]
95   	20957.16    	0.014   	1.0000  	[21.7, 16.2, 16.2, 16.2]	[back, right, front, back]	[165.6249, 151.8468, 543.2356, 406.7648]
96   	20522.38    	0.014   	1.0000  	[21.7, 16.2, 16.2, 16.2]	[left, up, back, back]	[150.1956, 169.8661, 441.9284, 374.5021]
97   	20147.22    	0.014   	1.0000  	[21.7, 21.7, 16.2, 16.2]	[right, back, front, hover]	[134.4665, 194.7503, 348.6471, 297.5740]
98   	19808.19    	0.013   	1.0000  	[21.7, 21.7, 16.2, 16.2]	[left, back, front, hover]	[121.1995, 194.8584, 298.8322, 234.8553]
99   	19510.32    	0.013   	1.0000  	[21.7, 21.7, 16.2, 16.2]	[up, back, front, hover]	[116.8547, 178.5401, 288.7144, 189.8513]
[2025-12-18T14:50:39]
Strategy: greedy_ig
Pairwise: equal
News mode: IG
Num agents: 4
Iteration: 10
Error margin: None
Gaussian radius 5 
Grid info: range: 0-50-50, cell_size:0.125, map shape: (400, 400), center:True
init UAV positions: [(0.0, -10.0, 5.4), (-20.0, 15.0, 5.4), (10.0, -10.0, 5.4), (20.0, 0.0, 5.4)]
mcts_params: {}
Step	Entropy	MSE	Coverage	Heights	Actions	IGs
------------------------------------------------------------------------------------------------------------------------
0    	160000.00   	0.250   	0.0000  	[5.4, 5.4, 5.4, 5.4]	[-, -, -, -]	[-, -, -, -]
1    	159099.33   	0.243   	0.0625  	[5.4, 5.4, 5.4, 5.4]	[up, up, up, up]	[3904.5582, 3514.1024, 3904.5582, 3514.1024]
2    	158090.71   	0.236   	0.2225  	[10.8, 10.8, 10.8, 10.8]	[up, up, up, up]	[4382.9647, 3204.0331, 4382.9647, 3204.0331]
3    	156935.16   	0.229   	0.4006  	[16.2, 16.2, 16.2, 16.2]	[up, right, up, left]	[4472.5233, 3250.9489, 4471.6090, 3260.9949]
4    	155767.04   	0.223   	0.5413  	[21.7, 16.2, 21.7, 16.2]	[front, right, front, up]	[3837.7562, 3118.5447, 3840.7313, 3219.2237]
5    	154493.98   	0.217   	0.6233  	[21.7, 16.2, 21.7, 21.7]	[front, right, front, left]	[3560.9400, 2964.8764, 3555.0304, 3411.1291]
6    	153034.61   	0.212   	0.6584  	[21.7, 16.2, 21.7, 21.7]	[front, up, front, left]	[3454.0059, 2924.1958, 3434.1590, 3436.1075]
7    	151451.63   	0.206   	0.6966  	[21.7, 21.7, 21.7, 21.7]	[front, back, front, left]	[3406.5181, 3063.2068, 3386.7356, 3377.3109]
8    	149669.75   	0.201   	0.7305  	[21.7, 21.7, 21.7, 21.7]	[front, right, front, left]	[3405.1810, 3053.0780, 3381.5163, 3363.0720]
9    	147686.21   	0.195   	0.7641  	[21.7, 21.7, 21.7, 21.7]	[front, right, front, left]	[3418.9366, 3113.7823, 3396.8890, 3396.9414]
10   	145554.65   	0.189   	0.7898  	[21.7, 21.7, 21.7, 21.7]	[front, right, front, left]	[3431.0642, 3172.8428, 3405.4504, 3409.2640]
11   	143149.44   	0.184   	0.8167  	[21.7, 21.7, 21.7, 21.7]	[right, right, left, left]	[3264.2045, 3236.8260, 3250.9178, 3416.0521]
12   	140558.78   	0.178   	0.8316  	[21.7, 21.7, 21.7, 21.7]	[right, right, left, left]	[3180.7380, 3296.5006, 3164.9809, 3406.3067]
13   	137921.99   	0.173   	0.8464  	[21.7, 21.7, 21.7, 21.7]	[right, right, left, left]	[3156.8429, 3350.0889, 3137.9100, 3422.6463]
14   	135426.31   	0.167   	0.8628  	[21.7, 21.7, 21.7, 21.7]	[right, right, left, back]	[3169.3420, 3392.2268, 3153.5954, 3257.6378]
15   	132937.10   	0.162   	0.8888  	[21.7, 21.7, 21.7, 21.7]	[back, back, left, back]	[2732.2661, 3237.1193, 3204.0866, 3166.4794]
16   	130466.03   	0.157   	0.9028  	[21.7, 21.7, 21.7, 21.7]	[back, back, left, back]	[2461.5397, 3164.9804, 3264.9631, 3151.5605]
17   	128022.26   	0.152   	0.9169  	[21.7, 21.7, 21.7, 21.7]	[back, back, left, back]	[2315.3555, 3139.1214, 3329.6883, 3175.1827]
18   	125637.78   	0.148   	0.9463  	[21.7, 21.7, 21.7, 21.7]	[back, back, back, right]	[2244.4754, 3160.3085, 3122.7162, 2748.7675]
19   	123332.67   	0.143   	0.9508  	[21.7, 21.7, 21.7, 21.7]	[back, back, back, right]	[2239.3895, 3203.2082, 3018.4006, 2487.9126]
20   	121086.32   	0.139   	0.9578  	[21.7, 21.7, 21.7, 21.7]	[back, back, back, right]	[2325.6812, 3276.6315, 2963.4965, 2314.3402]
21   	118868.67   	0.134   	0.9648  	[21.7, 21.7, 21.7, 21.7]	[back, back, back, right]	[2517.4949, 3344.4453, 2969.1892, 2228.2802]
22   	116763.34   	0.129   	0.9719  	[21.7, 21.7, 21.7, 21.7]	[back, back, back, right]	[2622.0802, 3271.4448, 3005.0352, 2167.1651]
23   	114514.43   	0.125   	0.9839  	[21.7, 21.7, 21.7, 21.7]	[hover, left, back, right]	[2216.9244, 3126.4261, 3083.4488, 2176.8327]
24   	112205.59   	0.121   	0.9847  	[21.7, 21.7, 21.7, 21.7]	[hover, left, back, right]	[1892.2193, 3060.9041, 3182.5179, 2223.4850]
25   	109867.01   	0.117   	0.9855  	[21.7, 21.7, 21.7, 21.7]	[left, left, back, right]	[1658.7961, 3041.6718, 3146.1937, 2084.2399]
26   	107554.99   	0.113   	0.9861  	[21.7, 21.7, 21.7, 21.7]	[left, left, right, down]	[1497.9788, 3062.6860, 2648.1892, 1777.3847]
27   	105497.32   	0.110   	0.9861  	[21.7, 21.7, 21.7, 16.2]	[left, left, left, back]	[1451.8135, 3114.1643, 2299.6360, 1700.0213]
28   	103461.47   	0.107   	0.9861  	[21.7, 21.7, 21.7, 16.2]	[left, left, right, right]	[1495.8780, 3174.2273, 1983.4703, 1546.3198]
29   	101306.19   	0.103   	0.9861  	[21.7, 21.7, 21.7, 16.2]	[left, left, right, hover]	[1914.6417, 3256.9947, 1787.9636, 1173.8747]
30   	99128.85    	0.100   	0.9861  	[21.7, 21.7, 21.7, 16.2]	[left, left, right, hover]	[2255.0772, 3056.0146, 1649.7504, 919.1600]
31   	96974.42    	0.097   	0.9922  	[21.7, 21.7, 21.7, 16.2]	[left, front, right, hover]	[2552.3810, 2706.0872, 1547.8530, 718.4661]
32   	94908.36    	0.094   	0.9930  	[21.7, 21.7, 21.7, 16.2]	[left, front, right, left]	[2809.2238, 2359.4370, 1500.9647, 584.3349]
33   	92929.04    	0.092   	0.9938  	[21.7, 21.7, 21.7, 16.2]	[front, hover, right, left]	[2521.9216, 2016.9841, 1514.9524, 570.2403]
34   	91034.79    	0.090   	0.9938  	[21.7, 21.7, 21.7, 16.2]	[front, back, right, left]	[2303.1845, 1768.4656, 1600.6180, 543.1148]
35   	89100.49    	0.087   	0.9938  	[21.7, 21.7, 21.7, 16.2]	[front, back, right, left]	[2204.7530, 1586.1903, 1884.1365, 571.1538]
36   	87325.13    	0.085   	0.9938  	[21.7, 21.7, 21.7, 16.2]	[front, hover, hover, left]	[2177.8798, 1374.2257, 1587.6451, 632.8317]
37   	85701.51    	0.083   	0.9938  	[21.7, 21.7, 21.7, 16.2]	[front, front, hover, left]	[2191.3680, 1199.6305, 1361.0223, 716.9314]
38   	84138.33    	0.081   	0.9938  	[21.7, 21.7, 21.7, 16.2]	[front, front, hover, left]	[2272.2005, 1129.7179, 1167.5185, 821.6092]
39   	82606.46    	0.079   	0.9938  	[21.7, 21.7, 21.7, 16.2]	[front, front, front, left]	[2391.1269, 1036.8994, 1034.7211, 955.5637]
40   	81128.90    	0.077   	0.9938  	[21.7, 21.7, 21.7, 16.2]	[front, front, front, left]	[2535.7780, 934.6264, 934.6418, 1129.1327]
41   	79806.93    	0.075   	0.9938  	[21.7, 21.7, 21.7, 16.2]	[front, front, front, left]	[2174.3412, 860.7531, 927.4251, 1345.3581]
42   	78483.28    	0.073   	0.9942  	[21.7, 21.7, 21.7, 16.2]	[down, front, front, left]	[2066.7973, 806.4101, 976.5365, 1359.3133]
43   	77347.20    	0.071   	0.9942  	[16.2, 21.7, 21.7, 16.2]	[left, front, front, front]	[1856.8035, 766.6170, 1073.6697, 1065.3913]
44   	76355.76    	0.070   	0.9942  	[16.2, 21.7, 21.7, 16.2]	[front, front, front, front]	[1425.0059, 776.5110, 1188.4323, 938.3147]
45   	75398.12    	0.068   	0.9942  	[16.2, 21.7, 21.7, 16.2]	[back, front, front, front]	[1130.0517, 724.6667, 1339.5092, 967.2666]
46   	74459.32    	0.067   	0.9942  	[16.2, 21.7, 21.7, 16.2]	[hover, right, front, front]	[884.1369, 652.9438, 1518.8392, 1058.8986]
47   	73482.89    	0.065   	0.9942  	[16.2, 21.7, 21.7, 16.2]	[back, right, front, front]	[727.6492, 636.3498, 1382.4924, 1220.3471]
48   	72418.49    	0.064   	1.0000  	[16.2, 21.7, 21.7, 16.2]	[up, right, down, front]	[665.6796, 672.5245, 1200.3101, 1419.1540]
49   	71131.30    	0.062   	1.0000  	[21.7, 21.7, 16.2, 16.2]	[right, right, right, front]	[705.2188, 741.9570, 1178.2324, 1849.6175]
50   	69775.11    	0.061   	1.0000  	[21.7, 21.7, 16.2, 16.2]	[right, right, front, front]	[665.7187, 839.0662, 972.8373, 2134.8196]
51   	68374.28    	0.059   	1.0000  	[21.7, 21.7, 16.2, 16.2]	[right, right, hover, front]	[645.3178, 949.1824, 758.2996, 2332.1847]
52   	66965.70    	0.057   	1.0000  	[21.7, 21.7, 16.2, 16.2]	[right, right, back, front]	[635.0861, 1089.5071, 590.9069, 2480.9801]
53   	65528.45    	0.055   	1.0000  	[21.7, 21.7, 16.2, 16.2]	[right, right, front, right]	[642.0668, 1258.3787, 482.7545, 2412.0097]
54   	64065.03    	0.054   	1.0000  	[21.7, 21.7, 16.2, 16.2]	[right, right, left, right]	[754.5645, 1321.1927, 407.7973, 2223.0387]
55   	62587.66    	0.052   	1.0000  	[21.7, 21.7, 16.2, 16.2]	[right, down, left, right]	[892.4143, 1227.5376, 408.3626, 2155.7013]
56   	60999.95    	0.050   	1.0000  	[21.7, 16.2, 16.2, 16.2]	[right, right, left, right]	[1058.0542, 1185.3836, 440.5862, 2162.4905]
57   	59299.82    	0.048   	1.0000  	[21.7, 16.2, 16.2, 16.2]	[right, hover, left, right]	[1229.7682, 914.7083, 532.0153, 2186.8251]
58   	57489.93    	0.046   	1.0000  	[21.7, 16.2, 16.2, 16.2]	[front, back, left, right]	[1137.8345, 728.3997, 630.0040, 2250.5194]
59   	55633.58    	0.045   	1.0000  	[21.7, 16.2, 16.2, 16.2]	[hover, back, left, right]	[977.7139, 687.2778, 734.8900, 2238.4815]
60   	53740.34    	0.043   	1.0000  	[21.7, 16.2, 16.2, 16.2]	[hover, back, left, right]	[842.2656, 694.3411, 862.3357, 2240.8168]
61   	51770.54    	0.041   	1.0000  	[21.7, 16.2, 16.2, 16.2]	[hover, back, left, right]	[733.5876, 714.7700, 1018.7996, 2291.3258]
62   	49724.09    	0.039   	1.0000  	[21.7, 16.2, 16.2, 16.2]	[hover, back, left, right]	[642.1023, 794.8845, 1172.1736, 2329.2011]
63   	47791.79    	0.038   	1.0000  	[21.7, 16.2, 16.2, 16.2]	[back, back, left, right]	[556.8002, 893.4051, 1341.7326, 2072.0443]
64   	46095.09    	0.036   	1.0000  	[21.7, 16.2, 16.2, 16.2]	[front, back, back, hover]	[493.8509, 1006.2055, 1182.7010, 1560.2384]
65   	44600.34    	0.035   	1.0000  	[21.7, 16.2, 16.2, 16.2]	[back, back, left, hover]	[435.2637, 1120.6458, 1041.2074, 1195.5252]
66   	43317.25    	0.033   	1.0000  	[21.7, 16.2, 16.2, 16.2]	[front, back, back, hover]	[385.7318, 1247.7600, 838.4340, 947.4993]
67   	42107.32    	0.032   	1.0000  	[21.7, 16.2, 16.2, 16.2]	[back, back, back, back]	[338.6635, 1335.6497, 729.9705, 770.0215]
68   	41069.19    	0.031   	1.0000  	[21.7, 16.2, 16.2, 16.2]	[back, left, back, up]	[306.7252, 1110.9587, 656.8913, 684.1046]
69   	40056.59    	0.031   	1.0000  	[21.7, 16.2, 16.2, 21.7]	[back, left, back, left]	[312.3386, 883.3529, 636.2574, 719.9815]
70   	39101.11    	0.030   	1.0000  	[21.7, 16.2, 16.2, 21.7]	[back, left, back, left]	[348.2064, 749.7980, 658.1678, 670.8110]
71   	38186.37    	0.029   	1.0000  	[21.7, 16.2, 16.2, 21.7]	[back, left, back, left]	[396.5249, 584.8178, 690.3896, 627.6541]
72   	37248.35    	0.028   	1.0000  	[21.7, 16.2, 16.2, 21.7]	[back, left, back, left]	[465.9276, 501.2044, 744.8661, 619.3048]
73   	36360.86    	0.028   	1.0000  	[21.7, 16.2, 16.2, 21.7]	[back, left, back, left]	[563.3792, 478.1534, 824.4874, 566.7692]
74   	35397.53    	0.027   	1.0000  	[21.7, 16.2, 16.2, 21.7]	[back, left, back, left]	[695.8777, 465.0155, 933.8269, 547.1675]
75   	34438.14    	0.026   	1.0000  	[21.7, 16.2, 16.2, 21.7]	[back, left, back, left]	[787.2734, 476.7151, 980.0421, 566.7130]
76   	33486.12    	0.025   	1.0000  	[21.7, 16.2, 16.2, 21.7]	[hover, left, right, left]	[689.7653, 519.9036, 876.6999, 586.3899]
77   	32562.17    	0.024   	1.0000  	[21.7, 16.2, 16.2, 21.7]	[hover, left, right, left]	[599.5619, 594.4605, 682.7789, 654.0290]
78   	31791.87    	0.023   	1.0000  	[21.7, 16.2, 16.2, 21.7]	[hover, left, left, left]	[517.8240, 589.0191, 569.0392, 628.2235]
79   	31145.33    	0.023   	1.0000  	[21.7, 16.2, 16.2, 21.7]	[hover, hover, hover, hover]	[448.6728, 459.7609, 449.0375, 545.7888]
80   	30584.72    	0.022   	1.0000  	[21.7, 16.2, 16.2, 21.7]	[hover, hover, right, hover]	[391.3124, 369.7598, 378.4689, 480.0378]
81   	30061.44    	0.022   	1.0000  	[21.7, 16.2, 16.2, 21.7]	[hover, front, right, hover]	[342.1062, 308.3368, 358.8201, 416.8006]
82   	29603.74    	0.021   	1.0000  	[21.7, 16.2, 16.2, 21.7]	[left, front, right, hover]	[300.8124, 269.3942, 322.8187, 366.3126]
83   	29137.97    	0.021   	1.0000  	[21.7, 16.2, 16.2, 21.7]	[left, front, right, hover]	[300.5336, 279.5781, 315.9551, 323.2564]
84   	28634.19    	0.020   	1.0000  	[21.7, 16.2, 16.2, 21.7]	[left, front, right, hover]	[327.1487, 282.8454, 324.5958, 286.0066]
85   	28108.20    	0.020   	1.0000  	[21.7, 16.2, 16.2, 21.7]	[left, front, right, right]	[389.6116, 271.9968, 347.8186, 252.6763]
86   	27527.71    	0.020   	1.0000  	[21.7, 16.2, 16.2, 21.7]	[left, front, right, back]	[534.8040, 256.6359, 360.5071, 224.3637]
87   	26853.76    	0.019   	1.0000  	[21.7, 16.2, 16.2, 21.7]	[left, front, right, up]	[708.6361, 241.6864, 413.8759, 221.4469]
88   	26055.18    	0.018   	1.0000  	[21.7, 16.2, 16.2, 27.1]	[left, front, right, right]	[898.7661, 240.1866, 506.9048, 214.6644]
89   	25183.53    	0.018   	1.0000  	[21.7, 16.2, 16.2, 27.1]	[left, front, right, hover]	[1116.0097, 246.6864, 620.3554, 200.0686]
90   	24438.96    	0.017   	1.0000  	[21.7, 16.2, 16.2, 27.1]	[hover, front, hover, hover]	[968.1291, 294.4322, 479.7637, 186.5194]
91   	23770.24    	0.017   	1.0000  	[21.7, 16.2, 16.2, 27.1]	[hover, front, hover, hover]	[843.9859, 294.1343, 383.3607, 174.7935]
92   	23234.80    	0.016   	1.0000  	[21.7, 16.2, 16.2, 27.1]	[hover, hover, hover, right]	[733.6715, 229.7500, 304.2983, 163.3340]
93   	22748.69    	0.016   	1.0000  	[21.7, 16.2, 16.2, 27.1]	[hover, right, front, right]	[640.8841, 184.6915, 249.8559, 165.9544]
94   	22315.76    	0.015   	1.0000  	[21.7, 16.2, 16.2, 27.1]	[hover, right, back, right]	[561.1661, 165.4892, 211.0151, 174.7936]
95   	21908.60    	0.015   	1.0000  	[21.7, 16.2, 16.2, 27.1]	[hover, right, front, right]	[488.7175, 167.3487, 177.0077, 200.1466]
96   	21505.69    	0.015   	1.0000  	[21.7, 16.2, 16.2, 27.1]	[hover, right, front, right]	[425.3107, 187.3775, 159.5373, 243.0338]
97   	21067.52    	0.014   	1.0000  	[21.7, 16.2, 16.2, 27.1]	[front, right, front, right]	[379.4454, 211.0617, 198.1120, 267.3666]
98   	20653.89    	0.014   	1.0000  	[21.7, 16.2, 16.2, 27.1]	[back, right, front, down]	[331.5875, 208.4398, 243.4836, 269.3288]
99   	20212.71    	0.014   	1.0000  	[21.7, 16.2, 16.2, 21.7]	[front, right, front, right]	[296.7796, 224.5122, 252.1038, 291.8100]
[2025-12-18T14:50:50]
Strategy: greedy_ig
Pairwise: equal
News mode: IG
Num agents: 4
Iteration: 11
Error margin: None
Gaussian radius 5 
Grid info: range: 0-50-50, cell_size:0.125, map shape: (400, 400), center:True
init UAV positions: [(-5.0, -25.0, 5.4), (-5.0, 20.0, 5.4), (20.0, -20.0, 5.4), (15.0, 25.0, 5.4)]
mcts_params: {}
Step	Entropy	MSE	Coverage	Heights	Actions	IGs
------------------------------------------------------------------------------------------------------------------------
0    	160000.00   	0.250   	0.0000  	[5.4, 5.4, 5.4, 5.4]	[-, -, -, -]	[-, -, -, -]
1    	159397.82   	0.245   	0.0469  	[5.4, 5.4, 5.4, 5.4]	[up, up, up, up]	[1952.2791, 3514.1024, 3162.6921, 1952.2791]
2    	158896.63   	0.240   	0.1694  	[10.8, 10.8, 10.8, 10.8]	[up, up, up, up]	[2191.4824, 3204.0331, 2315.8095, 2191.4824]
3    	158371.23   	0.236   	0.3311  	[16.2, 16.2, 16.2, 16.2]	[front, back, front, back]	[2506.0123, 3262.1322, 2429.3802, 2502.6005]
4    	157783.49   	0.231   	0.4194  	[16.2, 16.2, 16.2, 16.2]	[front, up, left, back]	[2765.3854, 3212.7783, 2655.9406, 2755.8071]
5    	157175.25   	0.226   	0.5514  	[16.2, 21.7, 16.2, 16.2]	[front, back, left, back]	[2966.2658, 3404.5529, 2666.7838, 2961.3869]
6    	156509.55   	0.221   	0.6491  	[16.2, 21.7, 16.2, 16.2]	[up, back, front, back]	[3161.9262, 3415.1924, 2705.8551, 2915.0400]
7    	155717.52   	0.216   	0.7772  	[21.7, 21.7, 16.2, 16.2]	[front, back, up, back]	[3371.7074, 3358.7751, 2770.0884, 2918.3395]
8    	154748.73   	0.210   	0.8350  	[21.7, 21.7, 21.7, 16.2]	[front, back, front, back]	[3336.3914, 3360.9146, 2871.8507, 2899.8922]
9    	153494.00   	0.205   	0.8442  	[21.7, 21.7, 21.7, 16.2]	[front, back, left, back]	[3350.0851, 3391.4372, 2965.8494, 2904.3214]
10   	151948.22   	0.200   	0.8442  	[21.7, 21.7, 21.7, 16.2]	[front, back, front, back]	[3376.7851, 3411.6077, 3003.6904, 2910.1513]
11   	150149.91   	0.194   	0.8442  	[21.7, 21.7, 21.7, 16.2]	[front, back, front, back]	[3400.4398, 3424.4635, 3074.8932, 2908.6582]
12   	148211.23   	0.189   	0.8442  	[21.7, 21.7, 21.7, 16.2]	[front, back, front, back]	[3411.1165, 3425.7891, 3150.3206, 2913.3084]
13   	146212.84   	0.184   	0.8442  	[21.7, 21.7, 21.7, 16.2]	[front, back, front, back]	[3419.2490, 3420.4872, 3237.3424, 2914.2493]
14   	144337.81   	0.178   	0.8442  	[21.7, 21.7, 21.7, 16.2]	[front, left, front, back]	[3415.4510, 3266.9137, 3325.6638, 2904.3077]
15   	142580.50   	0.173   	0.8755  	[21.7, 21.7, 21.7, 16.2]	[front, left, front, back]	[3418.1066, 3177.3374, 3367.4459, 2898.5196]
16   	140886.80   	0.168   	0.9067  	[21.7, 21.7, 21.7, 16.2]	[left, back, front, left]	[3264.8331, 2723.0042, 3393.4530, 2713.5566]
17   	139176.20   	0.163   	0.9395  	[21.7, 21.7, 21.7, 16.2]	[left, left, left, left]	[3184.7210, 2331.9972, 3240.4441, 2665.3817]
18   	137512.49   	0.159   	0.9808  	[21.7, 21.7, 21.7, 16.2]	[left, down, left, left]	[2709.6302, 2076.1745, 3162.1039, 2696.5250]
19   	135835.34   	0.155   	0.9933  	[21.7, 16.2, 21.7, 16.2]	[right, up, left, left]	[2321.3115, 1686.7204, 3141.5572, 2744.3690]
20   	134165.80   	0.151   	0.9933  	[21.7, 21.7, 21.7, 16.2]	[left, front, left, left]	[1990.7406, 1568.3275, 3159.9887, 2826.8249]
21   	132435.03   	0.147   	0.9942  	[21.7, 21.7, 21.7, 16.2]	[back, front, left, left]	[1780.3465, 1501.7585, 3212.6624, 2919.3026]
22   	130747.43   	0.144   	0.9942  	[21.7, 21.7, 21.7, 16.2]	[back, front, left, left]	[1653.4719, 1473.1394, 3273.7541, 2925.5081]
23   	129144.20   	0.140   	0.9942  	[21.7, 21.7, 21.7, 16.2]	[back, front, left, left]	[1578.3154, 1465.4678, 3348.5793, 2913.3061]
24   	127530.20   	0.136   	0.9942  	[21.7, 21.7, 21.7, 16.2]	[back, front, back, left]	[1537.9826, 1494.0473, 3145.0426, 2912.1915]
25   	125852.33   	0.132   	0.9942  	[21.7, 21.7, 21.7, 16.2]	[back, front, back, left]	[1531.3583, 1512.9336, 3020.3298, 2744.2769]
26   	123809.18   	0.129   	0.9942  	[21.7, 21.7, 21.7, 16.2]	[back, front, back, front]	[1541.6299, 1567.0862, 2971.8852, 2606.3741]
27   	121419.51   	0.125   	0.9942  	[21.7, 21.7, 21.7, 16.2]	[back, front, back, front]	[1568.8708, 1641.6706, 2974.4066, 2569.0311]
28   	118855.88   	0.122   	0.9942  	[21.7, 21.7, 21.7, 16.2]	[back, front, back, front]	[1614.3612, 1536.5857, 3009.5021, 2588.7416]
29   	115986.48   	0.118   	0.9942  	[21.7, 21.7, 21.7, 16.2]	[down, down, back, front]	[1399.2328, 1441.6381, 3079.2080, 2662.0594]
30   	113111.67   	0.115   	0.9942  	[16.2, 16.2, 21.7, 16.2]	[back, front, back, front]	[1349.2154, 1258.3096, 3172.4252, 2725.2963]
31   	110420.55   	0.112   	0.9942  	[16.2, 16.2, 21.7, 16.2]	[left, left, back, front]	[1175.2255, 1070.8377, 2983.3051, 2808.4311]
32   	107934.54   	0.109   	0.9942  	[16.2, 16.2, 21.7, 16.2]	[hover, hover, down, front]	[906.2893, 820.4780, 2606.3868, 2811.2117]
33   	105802.75   	0.107   	0.9942  	[16.2, 16.2, 16.2, 16.2]	[hover, hover, back, front]	[704.9933, 636.8943, 2201.4847, 2805.3227]
34   	103918.29   	0.104   	0.9942  	[16.2, 16.2, 16.2, 16.2]	[hover, back, left, front]	[559.6487, 528.4322, 1844.4856, 2810.9930]
35   	102181.55   	0.102   	0.9942  	[16.2, 16.2, 16.2, 16.2]	[front, back, left, front]	[459.2977, 481.4098, 1562.1567, 2815.2253]
36   	100477.07   	0.100   	0.9942  	[16.2, 16.2, 16.2, 16.2]	[front, back, front, right]	[429.0424, 445.3545, 1237.1546, 2731.6865]
37   	98813.93    	0.099   	0.9942  	[16.2, 16.2, 16.2, 16.2]	[front, back, front, right]	[386.0824, 407.6829, 1048.0951, 2675.4467]
38   	97215.26    	0.097   	0.9942  	[16.2, 16.2, 16.2, 16.2]	[front, back, front, right]	[384.2365, 387.8288, 892.7097, 2684.5125]
39   	95667.10    	0.095   	0.9942  	[16.2, 16.2, 16.2, 16.2]	[front, back, front, right]	[409.2277, 390.7584, 848.6255, 2738.2977]
40   	94093.49    	0.094   	0.9942  	[16.2, 16.2, 16.2, 16.2]	[front, back, front, back]	[465.8035, 423.3048, 867.2015, 2331.5840]
41   	92504.00    	0.092   	0.9942  	[16.2, 16.2, 16.2, 16.2]	[front, back, front, back]	[523.7707, 459.8677, 941.9203, 2130.9215]
42   	90819.79    	0.091   	0.9942  	[16.2, 16.2, 16.2, 16.2]	[front, back, front, back]	[615.2225, 526.8594, 1024.6373, 2074.9477]
43   	89048.13    	0.089   	0.9942  	[16.2, 16.2, 16.2, 16.2]	[front, back, front, back]	[744.4208, 632.7223, 1122.4473, 2082.3234]
44   	87461.53    	0.087   	0.9942  	[16.2, 16.2, 16.2, 16.2]	[front, back, front, right]	[898.3261, 660.2066, 1266.1968, 1658.7103]
45   	86020.64    	0.086   	0.9942  	[16.2, 16.2, 16.2, 16.2]	[right, right, front, right]	[793.6970, 604.6293, 1433.7029, 1382.3102]
46   	84738.32    	0.085   	0.9942  	[16.2, 16.2, 16.2, 16.2]	[right, right, front, back]	[670.0281, 550.6320, 1364.1155, 1104.8564]
47   	83517.29    	0.083   	0.9942  	[16.2, 16.2, 16.2, 16.2]	[right, right, right, back]	[765.8806, 700.8107, 1184.1950, 924.4863]
48   	82263.86    	0.082   	0.9942  	[16.2, 16.2, 16.2, 16.2]	[right, right, right, back]	[993.2131, 954.8338, 995.6595, 772.2021]
49   	81008.34    	0.081   	0.9942  	[16.2, 16.2, 16.2, 16.2]	[right, right, right, up]	[1246.7102, 1224.7831, 835.9049, 686.5022]
50   	79559.98    	0.079   	0.9942  	[16.2, 16.2, 16.2, 21.7]	[right, right, right, right]	[1854.2216, 1743.9735, 814.8828, 670.7753]
51   	77985.67    	0.076   	0.9942  	[16.2, 16.2, 16.2, 21.7]	[right, right, right, back]	[2247.3535, 2081.9324, 848.5130, 664.3492]
52   	76381.82    	0.074   	0.9942  	[16.2, 16.2, 16.2, 21.7]	[right, right, right, back]	[2531.8526, 2319.9311, 912.4301, 692.3404]
53   	74786.32    	0.071   	0.9942  	[16.2, 16.2, 16.2, 21.7]	[right, right, right, right]	[2731.4338, 2468.4452, 983.6725, 727.6076]
54   	73233.09    	0.068   	0.9942  	[16.2, 16.2, 16.2, 21.7]	[right, right, right, right]	[2848.8229, 2558.2589, 1100.3558, 815.6868]
55   	71624.85    	0.065   	0.9942  	[16.2, 16.2, 16.2, 21.7]	[back, front, right, right]	[2570.3463, 2574.9236, 1267.9858, 800.9042]
56   	70050.16    	0.062   	0.9942  	[16.2, 16.2, 16.2, 21.7]	[back, front, right, hover]	[2448.5154, 2455.4706, 1440.9154, 686.6261]
57   	68382.40    	0.059   	0.9942  	[16.2, 16.2, 16.2, 21.7]	[back, front, right, hover]	[2424.3590, 2415.0459, 1537.8725, 598.4660]
58   	66490.44    	0.057   	0.9984  	[16.2, 16.2, 16.2, 21.7]	[back, front, back, hover]	[2452.8749, 2465.6197, 1330.1517, 519.4287]
59   	64342.85    	0.054   	0.9992  	[16.2, 16.2, 16.2, 21.7]	[back, front, back, hover]	[2503.4349, 2530.6930, 1107.7579, 453.7255]
60   	61896.61    	0.052   	1.0000  	[16.2, 16.2, 16.2, 21.7]	[back, front, back, front]	[2591.5293, 2595.6071, 937.6647, 394.9620]
61   	59268.73    	0.049   	1.0000  	[16.2, 16.2, 16.2, 21.7]	[back, front, back, front]	[2603.7703, 2590.9131, 883.1096, 379.4357]
62   	56604.26    	0.047   	1.0000  	[16.2, 16.2, 16.2, 21.7]	[back, front, back, front]	[2636.7920, 2600.5162, 840.6639, 414.9922]
63   	53963.10    	0.044   	1.0000  	[16.2, 16.2, 16.2, 21.7]	[back, front, back, front]	[2656.5895, 2638.0969, 728.4434, 452.0898]
64   	51424.67    	0.042   	1.0000  	[16.2, 16.2, 16.2, 21.7]	[back, front, back, front]	[2700.1731, 2660.1809, 617.2592, 517.6433]
65   	49392.01    	0.039   	1.0000  	[16.2, 16.2, 16.2, 21.7]	[right, right, back, front]	[2356.6360, 2360.7344, 541.0564, 585.4913]
66   	47661.84    	0.037   	1.0000  	[16.2, 16.2, 16.2, 21.7]	[hover, front, up, front]	[1758.7245, 2108.8465, 505.7288, 659.2915]
67   	46207.76    	0.036   	1.0000  	[16.2, 16.2, 21.7, 21.7]	[hover, hover, left, front]	[1357.9453, 1570.6361, 652.2668, 764.5996]
68   	44894.40    	0.035   	1.0000  	[16.2, 16.2, 21.7, 21.7]	[hover, left, back, left]	[1044.9996, 1235.8821, 678.2618, 759.2016]
69   	43619.27    	0.034   	1.0000  	[16.2, 16.2, 21.7, 21.7]	[left, left, left, left]	[869.5409, 1040.4655, 717.0262, 708.0294]
70   	42438.29    	0.032   	1.0000  	[16.2, 16.2, 21.7, 21.7]	[up, left, left, left]	[788.0711, 866.2307, 782.8263, 664.0948]
71   	41259.61    	0.031   	1.0000  	[21.7, 16.2, 21.7, 21.7]	[front, back, back, left]	[859.4572, 701.2796, 855.3492, 599.8065]
72   	40125.18    	0.030   	1.0000  	[21.7, 16.2, 21.7, 21.7]	[front, up, left, left]	[790.9947, 708.9810, 887.9989, 550.8148]
73   	39020.57    	0.030   	1.0000  	[21.7, 21.7, 21.7, 21.7]	[front, right, left, left]	[773.9627, 666.2941, 815.6205, 582.9247]
74   	37937.58    	0.029   	1.0000  	[21.7, 21.7, 21.7, 21.7]	[front, right, left, left]	[731.7759, 717.3354, 752.2081, 639.2315]
75   	36853.29    	0.028   	1.0000  	[21.7, 21.7, 21.7, 21.7]	[front, back, left, left]	[734.6477, 702.5821, 685.8159, 698.3285]
76   	35758.42    	0.027   	1.0000  	[21.7, 21.7, 21.7, 21.7]	[front, back, left, left]	[762.1621, 705.5503, 611.4218, 748.1677]
77   	34654.30    	0.026   	1.0000  	[21.7, 21.7, 21.7, 21.7]	[front, back, left, hover]	[820.4638, 737.4568, 560.8801, 657.4356]
78   	33559.69    	0.025   	1.0000  	[21.7, 21.7, 21.7, 21.7]	[front, back, left, hover]	[888.4485, 712.9555, 523.9253, 573.3430]
79   	32514.29    	0.024   	1.0000  	[21.7, 21.7, 21.7, 21.7]	[front, back, hover, hover]	[986.5978, 722.4215, 456.2113, 497.1806]
80   	31548.04    	0.023   	1.0000  	[21.7, 21.7, 21.7, 21.7]	[hover, back, hover, hover]	[851.2098, 758.8243, 399.1525, 433.8812]
81   	30652.47    	0.022   	1.0000  	[21.7, 21.7, 21.7, 21.7]	[hover, back, right, back]	[735.1439, 805.8455, 350.5202, 387.3272]
82   	29737.53    	0.021   	1.0000  	[21.7, 21.7, 21.7, 21.7]	[hover, back, right, back]	[638.2056, 882.9377, 335.3497, 384.4568]
83   	28932.58    	0.021   	1.0000  	[21.7, 21.7, 21.7, 21.7]	[hover, back, right, back]	[557.0450, 818.7529, 322.5282, 365.5593]
84   	28205.40    	0.020   	1.0000  	[21.7, 21.7, 21.7, 21.7]	[hover, hover, right, back]	[485.7789, 710.9290, 299.6884, 380.1177]
85   	27495.27    	0.020   	1.0000  	[21.7, 21.7, 21.7, 21.7]	[hover, hover, right, back]	[425.8969, 620.0033, 280.3815, 422.1053]
86   	26797.40    	0.019   	1.0000  	[21.7, 21.7, 21.7, 21.7]	[hover, hover, right, back]	[372.7297, 529.0660, 261.1719, 497.2311]
87   	26144.03    	0.019   	1.0000  	[21.7, 21.7, 21.7, 21.7]	[left, hover, right, back]	[327.7991, 460.2400, 240.7262, 590.6598]
88   	25508.53    	0.018   	1.0000  	[21.7, 21.7, 21.7, 21.7]	[right, hover, right, back]	[295.6368, 405.6116, 226.8647, 735.4418]
89   	24896.14    	0.018   	1.0000  	[21.7, 21.7, 21.7, 21.7]	[left, front, right, hover]	[265.5048, 356.0442, 238.2187, 642.1524]
90   	24366.46    	0.017   	1.0000  	[21.7, 21.7, 21.7, 21.7]	[back, left, hover, hover]	[247.4105, 329.7849, 211.7721, 559.4701]
91   	23874.89    	0.017   	1.0000  	[21.7, 21.7, 21.7, 21.7]	[up, up, hover, hover]	[269.2407, 294.8842, 188.2199, 485.5488]
92   	23432.37    	0.016   	1.0000  	[27.1, 27.1, 21.7, 21.7]	[hover, front, hover, hover]	[249.9791, 278.3284, 166.5534, 426.0789]
93   	23028.00    	0.016   	1.0000  	[27.1, 27.1, 21.7, 21.7]	[hover, hover, hover, hover]	[235.0728, 259.2836, 145.7066, 370.4078]
94   	22675.90    	0.016   	1.0000  	[27.1, 27.1, 21.7, 21.7]	[hover, hover, front, hover]	[219.6458, 241.0554, 129.9386, 323.9849]
95   	22316.03    	0.016   	1.0000  	[27.1, 27.1, 21.7, 21.7]	[back, back, front, right]	[204.4266, 226.8562, 143.5461, 291.4220]
96   	21947.24    	0.015   	1.0000  	[27.1, 27.1, 21.7, 21.7]	[back, front, front, left]	[206.6599, 212.8718, 187.8164, 258.3524]
97   	21603.95    	0.015   	1.0000  	[27.1, 27.1, 21.7, 21.7]	[back, back, front, right]	[214.0036, 198.9901, 195.6734, 230.3823]
98   	21246.26    	0.015   	1.0000  	[27.1, 27.1, 21.7, 21.7]	[back, front, front, left]	[234.4689, 187.8993, 210.7618, 207.8973]
99   	20881.96    	0.014   	1.0000  	[27.1, 27.1, 21.7, 21.7]	[back, back, front, right]	[268.5491, 176.7000, 247.5776, 188.0268]
[2025-12-18T14:51:00]
Strategy: greedy_ig
Pairwise: equal
News mode: IG
Num agents: 4
Iteration: 12
Error margin: None
Gaussian radius 5 
Grid info: range: 0-50-50, cell_size:0.125, map shape: (400, 400), center:True
init UAV positions: [(-20.0, -20.0, 5.4), (-20.0, 15.0, 5.4), (15.0, -25.0, 5.4), (25.0, 15.0, 5.4)]
mcts_params: {}
Step	Entropy	MSE	Coverage	Heights	Actions	IGs
------------------------------------------------------------------------------------------------------------------------
0    	160000.00   	0.250   	0.0000  	[5.4, 5.4, 5.4, 5.4]	[-, -, -, -]	[-, -, -, -]
1    	159397.82   	0.245   	0.0469  	[5.4, 5.4, 5.4, 5.4]	[up, up, up, up]	[3162.6921, 3514.1024, 1952.2791, 1952.2791]
2    	158894.41   	0.240   	0.1694  	[10.8, 10.8, 10.8, 10.8]	[up, up, up, up]	[2315.8095, 3204.0331, 2191.4824, 2191.4824]
3    	158371.50   	0.236   	0.3311  	[16.2, 16.2, 16.2, 16.2]	[right, right, front, left]	[2420.2820, 3253.9817, 2503.3587, 2510.5615]
4    	157826.18   	0.231   	0.4194  	[16.2, 16.2, 16.2, 16.2]	[front, right, front, left]	[2649.4130, 3133.2430, 2762.0137, 2757.4653]
5    	157273.16   	0.226   	0.5116  	[16.2, 16.2, 16.2, 16.2]	[front, right, front, left]	[2663.7820, 2962.0728, 2965.3410, 2956.3511]
6    	156712.65   	0.222   	0.6038  	[16.2, 16.2, 16.2, 16.2]	[right, up, front, left]	[2716.5199, 2922.0719, 2898.1637, 2904.8423]
7    	156120.08   	0.217   	0.7350  	[16.2, 21.7, 16.2, 16.2]	[up, back, front, left]	[2790.9823, 3059.3751, 2895.9446, 2916.9225]
8    	155447.98   	0.212   	0.8569  	[21.7, 21.7, 16.2, 16.2]	[right, back, front, left]	[2883.3763, 3050.7671, 2910.0221, 2922.0425]
9    	154594.97   	0.207   	0.9163  	[21.7, 21.7, 16.2, 16.2]	[front, back, front, left]	[2973.4397, 3089.1565, 2914.7154, 2927.2102]
10   	153489.59   	0.202   	0.9350  	[21.7, 21.7, 16.2, 16.2]	[front, back, front, left]	[3016.9815, 3161.3949, 2923.2392, 2931.5697]
11   	152157.69   	0.197   	0.9350  	[21.7, 21.7, 16.2, 16.2]	[front, back, front, left]	[3098.2765, 3246.8077, 2932.5843, 2917.5671]
12   	150581.77   	0.192   	0.9350  	[21.7, 21.7, 16.2, 16.2]	[front, back, front, left]	[3178.5780, 3340.0891, 2928.4234, 2927.4482]
13   	148821.49   	0.186   	0.9350  	[21.7, 21.7, 16.2, 16.2]	[front, back, front, left]	[3253.2234, 3426.4121, 2925.2643, 2942.9912]
14   	146979.24   	0.181   	0.9350  	[21.7, 21.7, 16.2, 16.2]	[front, back, front, left]	[3312.9990, 3422.0670, 2917.2106, 2934.4718]
15   	145074.48   	0.176   	0.9350  	[21.7, 21.7, 16.2, 16.2]	[front, back, front, left]	[3381.0574, 3272.6455, 2904.1713, 2920.2358]
16   	143211.32   	0.171   	0.9397  	[21.7, 21.7, 16.2, 16.2]	[front, right, left, back]	[3407.2466, 3136.8834, 2730.9624, 2740.8490]
17   	141248.34   	0.166   	0.9733  	[21.7, 21.7, 16.2, 16.2]	[right, right, left, back]	[3240.7031, 3068.6999, 2672.5149, 2681.2429]
18   	139067.82   	0.161   	0.9897  	[21.7, 21.7, 16.2, 16.2]	[right, right, left, back]	[3159.6853, 3047.6194, 2693.2642, 2694.7391]
19   	136683.23   	0.156   	0.9917  	[21.7, 21.7, 16.2, 16.2]	[right, right, left, back]	[3126.1641, 3068.8904, 2754.1144, 2749.3868]
20   	134114.10   	0.151   	0.9917  	[21.7, 21.7, 16.2, 16.2]	[right, right, left, back]	[3143.5004, 3113.0292, 2832.1499, 2831.5242]
21   	131379.84   	0.146   	0.9917  	[21.7, 21.7, 16.2, 16.2]	[right, right, left, back]	[3198.0956, 3172.5692, 2917.0705, 2920.5660]
22   	128607.89   	0.141   	0.9917  	[21.7, 21.7, 16.2, 16.2]	[right, right, left, back]	[3262.5331, 3246.5536, 2906.4278, 2903.8114]
23   	125870.27   	0.136   	0.9917  	[21.7, 21.7, 16.2, 16.2]	[right, front, left, back]	[3336.7562, 3109.3925, 2914.1117, 2913.9446]
24   	123213.83   	0.131   	0.9917  	[21.7, 21.7, 16.2, 16.2]	[back, front, left, back]	[3116.0620, 2983.3119, 2919.4451, 2914.8014]
25   	120651.81   	0.126   	0.9917  	[21.7, 21.7, 16.2, 16.2]	[back, front, left, back]	[2992.2566, 2933.3034, 2735.4355, 2750.2400]
26   	117820.70   	0.122   	0.9922  	[21.7, 21.7, 16.2, 16.2]	[back, front, back, right]	[2938.8899, 2932.4309, 2594.9384, 2596.0759]
27   	114890.49   	0.117   	0.9922  	[21.7, 21.7, 16.2, 16.2]	[back, front, back, right]	[2943.8071, 2964.6498, 2556.8075, 2548.7112]
28   	111826.19   	0.113   	0.9922  	[21.7, 21.7, 16.2, 16.2]	[back, front, back, right]	[2981.5662, 3026.4109, 2581.8340, 2580.7466]
29   	108654.74   	0.108   	0.9922  	[21.7, 21.7, 16.2, 16.2]	[back, front, back, right]	[3043.1914, 3107.8873, 2648.7571, 2642.8575]
30   	105301.61   	0.103   	0.9922  	[21.7, 21.7, 16.2, 16.2]	[back, front, back, right]	[3138.8760, 3205.0058, 2726.7912, 2723.9661]
31   	102033.99   	0.098   	0.9922  	[21.7, 21.7, 16.2, 16.2]	[back, right, back, right]	[2958.3670, 2807.4790, 2815.6502, 2815.4329]
32   	98854.69    	0.094   	0.9938  	[21.7, 21.7, 16.2, 16.2]	[down, hover, back, right]	[2612.8382, 2374.0153, 2823.5256, 2816.5773]
33   	95805.93    	0.090   	0.9938  	[16.2, 21.7, 16.2, 16.2]	[back, hover, back, right]	[2215.1395, 2025.4400, 2812.5067, 2821.3582]
34   	92910.09    	0.086   	0.9938  	[16.2, 21.7, 16.2, 16.2]	[right, left, back, right]	[1859.3168, 1757.9992, 2802.3886, 2832.2543]
35   	90343.46    	0.083   	0.9938  	[16.2, 21.7, 16.2, 16.2]	[right, left, back, right]	[1545.7873, 1567.1163, 2818.4196, 2841.9481]
36   	87778.16    	0.080   	0.9983  	[16.2, 21.7, 16.2, 16.2]	[front, front, right, front]	[1238.7533, 1397.8510, 2728.0426, 2728.2113]
37   	85242.03    	0.077   	0.9991  	[16.2, 21.7, 16.2, 16.2]	[front, left, right, front]	[1043.2042, 1249.9544, 2657.7849, 2664.9633]
38   	82683.61    	0.074   	0.9998  	[16.2, 21.7, 16.2, 16.2]	[front, left, right, front]	[883.3288, 1105.6128, 2685.4785, 2686.3290]
39   	80083.87    	0.071   	0.9998  	[16.2, 21.7, 16.2, 16.2]	[front, back, right, front]	[832.5250, 1008.8557, 2733.1210, 2759.8740]
40   	77903.26    	0.069   	0.9998  	[16.2, 21.7, 16.2, 16.2]	[front, left, front, left]	[862.3259, 920.2268, 2331.0187, 2333.3878]
41   	75889.19    	0.066   	0.9998  	[16.2, 21.7, 16.2, 16.2]	[front, left, front, left]	[925.7771, 836.9979, 2155.1928, 2142.3965]
42   	73914.44    	0.064   	0.9998  	[16.2, 21.7, 16.2, 16.2]	[front, left, front, left]	[1006.8642, 779.4922, 2083.1690, 2080.5950]
43   	71805.75    	0.062   	0.9998  	[16.2, 21.7, 16.2, 16.2]	[front, left, front, left]	[1126.4092, 757.1706, 2078.2898, 2084.8555]
44   	69992.30    	0.060   	0.9998  	[16.2, 21.7, 16.2, 16.2]	[front, left, right, front]	[1267.8558, 848.3480, 1636.2244, 1663.4420]
45   	68228.92    	0.058   	0.9998  	[16.2, 21.7, 16.2, 16.2]	[front, back, right, front]	[1441.1164, 786.9399, 1385.3124, 1392.3627]
46   	66758.73    	0.056   	0.9998  	[16.2, 21.7, 16.2, 16.2]	[front, back, front, left]	[1369.5179, 799.1628, 1102.3605, 1101.5761]
47   	65368.86    	0.055   	1.0000  	[16.2, 21.7, 16.2, 16.2]	[left, back, front, left]	[1187.9369, 851.8825, 930.8363, 916.7023]
48   	64127.01    	0.054   	1.0000  	[16.2, 21.7, 16.2, 16.2]	[left, back, front, left]	[979.2774, 930.4662, 766.5680, 771.4020]
49   	62967.02    	0.053   	1.0000  	[16.2, 21.7, 16.2, 16.2]	[left, back, up, up]	[822.4838, 1031.1190, 692.0854, 697.8141]
50   	61743.78    	0.052   	1.0000  	[16.2, 21.7, 21.7, 21.7]	[left, back, right, front]	[795.2323, 1155.8807, 683.6104, 691.6303]
51   	60497.73    	0.050   	1.0000  	[16.2, 21.7, 21.7, 21.7]	[left, back, front, left]	[831.4452, 1280.9920, 679.5289, 680.4383]
52   	59216.45    	0.049   	1.0000  	[16.2, 21.7, 21.7, 21.7]	[left, back, front, left]	[903.4931, 1355.9804, 710.1413, 709.5487]
53   	57984.21    	0.048   	1.0000  	[16.2, 21.7, 21.7, 21.7]	[left, hover, right, front]	[982.1437, 1163.1239, 739.4983, 737.7972]
54   	56736.74    	0.047   	1.0000  	[16.2, 21.7, 21.7, 21.7]	[left, hover, right, front]	[1101.4245, 1003.0671, 821.6748, 830.3246]
55   	55511.18    	0.045   	1.0000  	[16.2, 21.7, 21.7, 21.7]	[left, hover, right, front]	[1254.8982, 869.3964, 807.4966, 812.0521]
56   	54316.69    	0.044   	1.0000  	[16.2, 21.7, 21.7, 21.7]	[left, hover, hover, hover]	[1429.1068, 763.4484, 689.5288, 701.0489]
57   	53149.27    	0.043   	1.0000  	[16.2, 21.7, 21.7, 21.7]	[left, hover, hover, hover]	[1528.7289, 665.5589, 597.6163, 603.6686]
58   	52155.53    	0.042   	1.0000  	[16.2, 21.7, 21.7, 21.7]	[back, hover, hover, hover]	[1311.3867, 573.8778, 517.9857, 524.7789]
59   	51267.40    	0.041   	1.0000  	[16.2, 21.7, 21.7, 21.7]	[back, right, hover, hover]	[1105.7776, 501.0197, 450.7461, 453.8723]
60   	50413.25    	0.040   	1.0000  	[16.2, 21.7, 21.7, 21.7]	[back, right, back, right]	[968.1999, 502.1989, 391.1599, 398.0780]
61   	49599.36    	0.039   	1.0000  	[16.2, 21.7, 21.7, 21.7]	[back, right, back, right]	[891.3861, 546.8583, 386.8330, 386.8714]
62   	48776.35    	0.039   	1.0000  	[16.2, 21.7, 21.7, 21.7]	[back, right, back, right]	[808.1915, 625.1843, 409.0926, 408.5122]
63   	47888.88    	0.038   	1.0000  	[16.2, 21.7, 21.7, 21.7]	[back, right, back, right]	[743.1834, 731.3882, 448.7068, 454.6090]
64   	46954.77    	0.037   	1.0000  	[16.2, 21.7, 21.7, 21.7]	[back, right, back, right]	[626.2979, 863.4306, 521.1550, 526.2279]
65   	45941.96    	0.036   	1.0000  	[16.2, 21.7, 21.7, 21.7]	[right, right, back, right]	[546.9918, 1018.3357, 591.9782, 601.7119]
66   	44758.41    	0.035   	1.0000  	[16.2, 21.7, 21.7, 21.7]	[up, right, back, right]	[654.2590, 1216.0240, 658.6712, 673.0920]
67   	43461.65    	0.034   	1.0000  	[21.7, 21.7, 21.7, 21.7]	[back, right, back, right]	[657.7435, 1308.8844, 769.7108, 779.2268]
68   	42284.36    	0.032   	1.0000  	[21.7, 21.7, 21.7, 21.7]	[back, hover, left, back]	[694.2055, 1116.8764, 764.1766, 775.9749]
69   	41130.22    	0.031   	1.0000  	[21.7, 21.7, 21.7, 21.7]	[back, hover, left, back]	[721.8912, 969.0099, 721.8409, 723.3817]
70   	40032.17    	0.030   	1.0000  	[21.7, 21.7, 21.7, 21.7]	[right, hover, left, back]	[767.2977, 835.9587, 683.1975, 675.5365]
71   	38984.80    	0.029   	1.0000  	[21.7, 21.7, 21.7, 21.7]	[right, hover, left, back]	[844.8357, 727.6745, 617.8774, 600.3986]
72   	37957.79    	0.029   	1.0000  	[21.7, 21.7, 21.7, 21.7]	[right, front, left, back]	[869.9077, 634.3100, 564.9561, 550.9018]
73   	36982.67    	0.028   	1.0000  	[21.7, 21.7, 21.7, 21.7]	[right, back, left, back]	[794.7700, 568.6393, 592.5445, 582.1992]
74   	35984.92    	0.027   	1.0000  	[21.7, 21.7, 21.7, 21.7]	[down, front, left, back]	[736.8911, 495.6664, 647.3670, 638.6612]
75   	34970.20    	0.026   	1.0000  	[16.2, 21.7, 21.7, 21.7]	[back, front, left, back]	[673.7577, 450.1101, 716.0550, 704.6746]
76   	33968.09    	0.025   	1.0000  	[16.2, 21.7, 21.7, 21.7]	[right, front, left, back]	[584.8990, 439.0096, 756.8389, 760.4046]
77   	33075.68    	0.024   	1.0000  	[16.2, 21.7, 21.7, 21.7]	[right, front, hover, hover]	[501.7557, 447.4516, 660.8461, 664.2804]
78   	32279.80    	0.024   	1.0000  	[16.2, 21.7, 21.7, 21.7]	[right, front, hover, hover]	[445.3301, 483.1054, 574.1973, 578.5604]
79   	31533.82    	0.023   	1.0000  	[16.2, 21.7, 21.7, 21.7]	[right, front, hover, hover]	[402.1726, 520.8799, 504.2278, 511.7958]
80   	30809.01    	0.022   	1.0000  	[16.2, 21.7, 21.7, 21.7]	[right, front, hover, hover]	[433.7059, 582.2653, 446.9227, 445.2845]
81   	30059.30    	0.022   	1.0000  	[16.2, 21.7, 21.7, 21.7]	[right, front, front, left]	[440.3926, 671.0634, 394.5199, 399.7230]
82   	29351.76    	0.021   	1.0000  	[16.2, 21.7, 21.7, 21.7]	[hover, front, front, left]	[349.5965, 653.8940, 395.4226, 391.2526]
83   	28726.84    	0.021   	1.0000  	[16.2, 21.7, 21.7, 21.7]	[hover, down, front, left]	[264.8355, 606.3742, 367.3115, 375.5749]
84   	28110.24    	0.020   	1.0000  	[16.2, 16.2, 21.7, 21.7]	[front, front, front, left]	[218.9176, 549.0467, 385.3759, 382.8834]
85   	27497.08    	0.020   	1.0000  	[16.2, 16.2, 21.7, 21.7]	[up, right, front, left]	[218.5078, 493.7872, 420.8975, 422.7509]
86   	26832.18    	0.019   	1.0000  	[21.7, 16.2, 21.7, 21.7]	[left, hover, front, left]	[246.3111, 390.5817, 493.8274, 490.6381]
87   	26164.12    	0.019   	1.0000  	[21.7, 16.2, 21.7, 21.7]	[front, hover, front, left]	[242.1600, 307.0042, 595.0501, 593.3385]
88   	25392.48    	0.018   	1.0000  	[21.7, 16.2, 21.7, 21.7]	[front, back, front, left]	[247.5710, 252.4521, 745.4212, 742.6550]
89   	24679.98    	0.017   	1.0000  	[21.7, 16.2, 21.7, 21.7]	[front, up, hover, hover]	[270.5881, 196.6012, 648.8581, 649.5827]
90   	24033.77    	0.017   	1.0000  	[21.7, 21.7, 21.7, 21.7]	[front, left, hover, hover]	[260.9093, 213.6237, 565.9757, 566.7723]
91   	23480.50    	0.016   	1.0000  	[21.7, 21.7, 21.7, 21.7]	[front, left, hover, hover]	[265.4166, 216.5880, 488.3180, 496.9289]
92   	22947.30    	0.016   	1.0000  	[21.7, 21.7, 21.7, 21.7]	[front, left, hover, hover]	[290.7638, 218.3659, 427.9745, 435.2799]
93   	22430.46    	0.016   	1.0000  	[21.7, 21.7, 21.7, 21.7]	[front, left, hover, hover]	[323.2125, 223.4992, 372.8015, 380.0632]
94   	21921.97    	0.015   	1.0000  	[21.7, 21.7, 21.7, 21.7]	[front, left, hover, hover]	[380.1104, 236.4098, 325.3756, 332.7051]
95   	21426.72    	0.015   	1.0000  	[21.7, 21.7, 21.7, 21.7]	[front, left, right, front]	[396.6963, 253.7192, 289.0081, 292.8022]
96   	20996.11    	0.014   	1.0000  	[21.7, 21.7, 21.7, 21.7]	[hover, left, left, back]	[343.7303, 272.4515, 256.4006, 260.8130]
97   	20592.86    	0.014   	1.0000  	[21.7, 21.7, 21.7, 21.7]	[hover, left, right, front]	[300.3455, 287.8924, 228.3683, 231.9147]
98   	20199.15    	0.014   	1.0000  	[21.7, 21.7, 21.7, 21.7]	[hover, left, left, back]	[263.6426, 318.0951, 202.7544, 210.0710]
99   	19829.95    	0.013   	1.0000  	[21.7, 21.7, 21.7, 21.7]	[left, left, right, front]	[232.4579, 358.0247, 178.3831, 188.5004]
[2025-12-18T14:51:10]
Strategy: greedy_ig
Pairwise: equal
News mode: IG
Num agents: 4
Iteration: 13
Error margin: None
Gaussian radius 5 
Grid info: range: 0-50-50, cell_size:0.125, map shape: (400, 400), center:True
init UAV positions: [(0.0, -5.0, 5.4), (-5.0, 25.0, 5.4), (5.0, -20.0, 5.4), (20.0, 5.0, 5.4)]
mcts_params: {}
Step	Entropy	MSE	Coverage	Heights	Actions	IGs
------------------------------------------------------------------------------------------------------------------------
0    	160000.00   	0.250   	0.0000  	[5.4, 5.4, 5.4, 5.4]	[-, -, -, -]	[-, -, -, -]
1    	159266.72   	0.244   	0.0547  	[5.4, 5.4, 5.4, 5.4]	[up, up, up, up]	[3904.5582, 1952.2791, 3514.1024, 3514.1024]
2    	158558.94   	0.238   	0.2062  	[10.8, 10.8, 10.8, 10.8]	[up, up, up, up]	[4382.9647, 2191.4824, 3204.0331, 3204.0331]
3    	157709.12   	0.232   	0.4059  	[16.2, 16.2, 16.2, 16.2]	[up, back, front, left]	[4478.1233, 2510.3719, 3260.8053, 3259.8576]
4    	156764.67   	0.226   	0.5150  	[21.7, 16.2, 16.2, 16.2]	[up, back, up, up]	[3852.2036, 2769.6016, 3214.9195, 3210.0381]
5    	155697.07   	0.220   	0.6767  	[27.1, 16.2, 21.7, 21.7]	[left, back, front, left]	[3535.4250, 2969.3935, 3407.9235, 3407.0183]
6    	154444.27   	0.215   	0.7158  	[27.1, 16.2, 21.7, 21.7]	[left, up, front, left]	[3362.1589, 3164.0192, 3422.3347, 3424.9777]
7    	152995.32   	0.209   	0.7822  	[27.1, 21.7, 21.7, 21.7]	[left, back, front, left]	[3287.3070, 3366.0166, 3379.3522, 3372.0977]
8    	151281.83   	0.203   	0.8213  	[27.1, 21.7, 21.7, 21.7]	[down, back, front, left]	[3205.4481, 3341.7389, 3361.5957, 3366.5553]
9    	149287.02   	0.198   	0.8213  	[21.7, 21.7, 21.7, 21.7]	[left, back, front, left]	[3137.0410, 3367.1897, 3399.4404, 3396.2331]
10   	147068.36   	0.192   	0.8213  	[21.7, 21.7, 21.7, 21.7]	[front, back, front, left]	[2828.8210, 3388.4553, 3406.7914, 3424.7325]
11   	144588.47   	0.187   	0.8213  	[21.7, 21.7, 21.7, 21.7]	[front, back, front, left]	[2856.2827, 3404.6595, 3415.3254, 3429.4775]
12   	142105.15   	0.181   	0.8306  	[21.7, 21.7, 21.7, 21.7]	[front, back, front, left]	[2919.1919, 3426.8558, 3407.8110, 3425.4456]
13   	139711.05   	0.176   	0.8533  	[21.7, 21.7, 21.7, 21.7]	[front, back, front, left]	[3010.3624, 3431.7449, 3404.3907, 3421.2084]
14   	137233.47   	0.170   	0.8744  	[21.7, 21.7, 21.7, 21.7]	[front, back, left, back]	[3090.5340, 3428.3497, 3251.2772, 3257.2639]
15   	134722.38   	0.165   	0.8888  	[21.7, 21.7, 21.7, 21.7]	[front, back, left, back]	[2890.5090, 3419.5889, 3173.7900, 3175.5060]
16   	131957.79   	0.160   	0.9069  	[21.7, 21.7, 21.7, 21.7]	[right, right, left, back]	[2681.5884, 3253.7738, 3146.1595, 3134.5351]
17   	129151.69   	0.155   	0.9069  	[21.7, 21.7, 21.7, 21.7]	[right, right, left, back]	[2578.1919, 3163.8863, 3163.4992, 3150.4228]
18   	126507.54   	0.150   	0.9069  	[21.7, 21.7, 21.7, 21.7]	[right, right, left, back]	[2536.4247, 3146.7159, 3196.1978, 3195.5752]
19   	124220.01   	0.145   	0.9141  	[21.7, 21.7, 21.7, 21.7]	[right, right, left, back]	[2585.5930, 3170.8344, 2968.9158, 2960.6567]
20   	121887.45   	0.140   	0.9378  	[21.7, 21.7, 21.7, 21.7]	[right, right, back, right]	[2697.5630, 3205.5868, 2746.3633, 2737.8317]
21   	119581.65   	0.135   	0.9613  	[21.7, 21.7, 21.7, 21.7]	[right, right, back, right]	[2841.7358, 2966.2529, 2595.0461, 2608.2884]
22   	117253.45   	0.131   	0.9791  	[21.7, 21.7, 21.7, 21.7]	[right, front, back, right]	[2968.3402, 2736.5049, 2530.1146, 2542.4639]
23   	114869.73   	0.127   	0.9884  	[21.7, 21.7, 21.7, 21.7]	[right, front, back, right]	[3102.1176, 2611.9426, 2515.7367, 2512.9806]
24   	112402.84   	0.122   	0.9978  	[21.7, 21.7, 21.7, 21.7]	[back, front, back, right]	[2903.0476, 2540.0005, 2526.4947, 2537.6117]
25   	109885.77   	0.118   	0.9978  	[21.7, 21.7, 21.7, 21.7]	[back, front, back, right]	[2657.8645, 2515.3178, 2577.0225, 2590.2079]
26   	107437.50   	0.114   	0.9978  	[21.7, 21.7, 21.7, 21.7]	[back, front, back, right]	[2499.9972, 2522.2994, 2650.1621, 2657.6559]
27   	105175.78   	0.110   	0.9991  	[21.7, 21.7, 21.7, 21.7]	[back, front, back, right]	[2414.0621, 2555.1240, 2495.6576, 2504.0991]
28   	102948.24   	0.106   	1.0000  	[21.7, 21.7, 21.7, 21.7]	[back, front, down, down]	[2388.3539, 2616.0639, 2384.2567, 2398.5354]
29   	100985.04   	0.102   	1.0000  	[21.7, 21.7, 16.2, 16.2]	[back, front, back, right]	[2447.0832, 2695.7252, 2047.2940, 2050.0162]
30   	99159.20    	0.099   	1.0000  	[21.7, 21.7, 16.2, 16.2]	[back, down, left, back]	[2560.5191, 2350.2916, 1678.9988, 1683.4691]
31   	97497.39    	0.096   	1.0000  	[21.7, 16.2, 16.2, 16.2]	[back, front, hover, hover]	[2807.3973, 2317.8390, 1290.1477, 1288.7704]
32   	96041.03    	0.094   	1.0000  	[21.7, 16.2, 16.2, 16.2]	[back, right, front, left]	[2511.7783, 1885.5520, 1038.6514, 1023.8563]
33   	94737.33    	0.092   	1.0000  	[21.7, 16.2, 16.2, 16.2]	[down, hover, front, left]	[2226.1771, 1449.2073, 876.5424, 873.5125]
34   	93679.52    	0.090   	1.0000  	[16.2, 16.2, 16.2, 16.2]	[right, left, front, left]	[1912.5913, 1130.6654, 745.4941, 729.4744]
35   	92763.39    	0.089   	1.0000  	[16.2, 16.2, 16.2, 16.2]	[back, right, front, left]	[1627.7495, 917.6258, 697.5214, 695.0088]
36   	91946.56    	0.088   	1.0000  	[16.2, 16.2, 16.2, 16.2]	[hover, back, front, left]	[1250.2138, 740.5804, 703.5464, 710.9185]
37   	91088.80    	0.087   	1.0000  	[16.2, 16.2, 16.2, 16.2]	[left, back, front, left]	[1021.7372, 703.7315, 759.2354, 771.0334]
38   	90233.08    	0.086   	1.0000  	[16.2, 16.2, 16.2, 16.2]	[left, back, front, left]	[964.0538, 637.9070, 829.4976, 844.4708]
39   	89256.20    	0.084   	1.0000  	[16.2, 16.2, 16.2, 16.2]	[left, back, front, left]	[1090.6791, 655.7970, 921.6895, 941.0547]
40   	88218.19    	0.083   	1.0000  	[16.2, 16.2, 16.2, 16.2]	[left, back, front, left]	[1203.6260, 680.4759, 1087.0564, 1079.4764]
41   	87112.09    	0.081   	1.0000  	[16.2, 16.2, 16.2, 16.2]	[left, back, front, left]	[1325.6227, 765.4091, 1255.9672, 1250.6854]
42   	85938.20    	0.079   	1.0000  	[16.2, 16.2, 16.2, 16.2]	[left, back, front, left]	[1445.0986, 842.3279, 1265.4807, 1258.2188]
43   	84791.90    	0.078   	1.0000  	[16.2, 16.2, 16.2, 16.2]	[left, back, right, front]	[1536.7818, 944.7148, 1033.9603, 1028.9432]
44   	83605.09    	0.076   	1.0000  	[16.2, 16.2, 16.2, 16.2]	[left, back, right, front]	[1639.3759, 1079.9186, 850.2305, 843.5497]
45   	82392.12    	0.074   	1.0000  	[16.2, 16.2, 16.2, 16.2]	[left, back, right, front]	[1705.1737, 1258.8131, 833.6108, 800.7395]
46   	81186.94    	0.073   	1.0000  	[16.2, 16.2, 16.2, 16.2]	[left, left, right, front]	[1852.8733, 972.8624, 873.3358, 849.8143]
47   	80080.68    	0.071   	1.0000  	[16.2, 16.2, 16.2, 16.2]	[front, right, right, front]	[1551.8110, 783.0783, 972.1353, 949.7927]
48   	79024.48    	0.070   	1.0000  	[16.2, 16.2, 16.2, 16.2]	[hover, left, right, front]	[1196.1005, 615.7465, 1096.1011, 1089.3361]
49   	77915.17    	0.069   	1.0000  	[16.2, 16.2, 16.2, 16.2]	[front, left, right, front]	[982.2906, 559.2207, 1240.1047, 1239.4047]
50   	76672.08    	0.067   	1.0000  	[16.2, 16.2, 16.2, 16.2]	[front, left, right, front]	[855.5884, 613.0664, 1418.3241, 1427.9402]
51   	75078.06    	0.065   	1.0000  	[16.2, 16.2, 16.2, 16.2]	[front, left, right, front]	[734.7381, 719.9343, 1844.4126, 1865.4369]
52   	73330.91    	0.063   	1.0000  	[16.2, 16.2, 16.2, 16.2]	[front, left, right, front]	[664.2492, 840.0036, 2138.1458, 2145.4577]
53   	71534.91    	0.061   	1.0000  	[16.2, 16.2, 16.2, 16.2]	[front, left, back, right]	[668.2113, 996.7967, 1939.5706, 1921.1911]
54   	69744.55    	0.059   	1.0000  	[16.2, 16.2, 16.2, 16.2]	[front, left, right, front]	[752.1642, 1179.0162, 1759.5305, 1741.3905]
55   	67742.77    	0.056   	1.0000  	[16.2, 16.2, 16.2, 16.2]	[front, left, back, right]	[845.7327, 1385.1829, 1593.2696, 1585.8237]
56   	65416.87    	0.054   	1.0000  	[16.2, 16.2, 16.2, 16.2]	[front, left, back, right]	[983.6134, 1927.3765, 1510.7125, 1509.1210]
57   	62911.28    	0.052   	1.0000  	[16.2, 16.2, 16.2, 16.2]	[front, left, back, right]	[1160.2066, 2278.9131, 1497.9132, 1513.2404]
58   	60574.97    	0.049   	1.0000  	[16.2, 16.2, 16.2, 16.2]	[front, left, back, right]	[1160.9071, 1974.5524, 1525.2890, 1533.1804]
59   	58312.75    	0.047   	1.0000  	[16.2, 16.2, 16.2, 16.2]	[hover, front, back, right]	[896.4997, 1709.8199, 1579.5182, 1588.2580]
60   	56032.72    	0.045   	1.0000  	[16.2, 16.2, 16.2, 16.2]	[right, front, back, right]	[723.5762, 1560.0329, 1603.2225, 1611.3977]
61   	53769.12    	0.043   	1.0000  	[16.2, 16.2, 16.2, 16.2]	[right, front, back, right]	[615.4521, 1520.0220, 1619.8648, 1617.6925]
62   	51537.49    	0.041   	1.0000  	[16.2, 16.2, 16.2, 16.2]	[right, front, back, right]	[565.2180, 1523.2139, 1638.0306, 1636.2851]
63   	49304.12    	0.039   	1.0000  	[16.2, 16.2, 16.2, 16.2]	[right, front, back, right]	[584.2520, 1542.6738, 1657.1259, 1669.1943]
64   	47225.71    	0.037   	1.0000  	[16.2, 16.2, 16.2, 16.2]	[right, front, back, right]	[640.1726, 1587.1399, 1495.1987, 1511.9871]
65   	45336.52    	0.035   	1.0000  	[16.2, 16.2, 16.2, 16.2]	[right, front, left, back]	[723.3975, 1601.3977, 1182.5267, 1179.3097]
66   	43588.67    	0.033   	1.0000  	[16.2, 16.2, 16.2, 16.2]	[right, front, hover, hover]	[807.9546, 1610.3137, 924.1123, 920.9918]
67   	42073.29    	0.032   	1.0000  	[16.2, 16.2, 16.2, 16.2]	[right, front, right, front]	[930.5005, 1614.5667, 737.0210, 733.0819]
68   	40629.85    	0.031   	1.0000  	[16.2, 16.2, 16.2, 16.2]	[right, front, left, back]	[1083.8998, 1646.4104, 581.4151, 592.7293]
69   	39270.24    	0.029   	1.0000  	[16.2, 16.2, 16.2, 16.2]	[right, right, up, up]	[1262.5075, 1265.2528, 550.0534, 551.8929]
70   	38077.59    	0.028   	1.0000  	[16.2, 16.2, 21.7, 21.7]	[back, left, front, left]	[1007.8929, 992.1372, 588.9127, 590.1317]
71   	36983.30    	0.027   	1.0000  	[16.2, 16.2, 21.7, 21.7]	[hover, right, left, back]	[789.3969, 785.3890, 607.5794, 613.1281]
72   	36028.84    	0.027   	1.0000  	[16.2, 16.2, 21.7, 21.7]	[back, up, left, left]	[651.2557, 652.4316, 572.1486, 573.1314]
73   	35081.23    	0.026   	1.0000  	[16.2, 21.7, 21.7, 21.7]	[back, back, left, left]	[635.0606, 681.8657, 551.6684, 534.6339]
74   	34143.35    	0.025   	1.0000  	[16.2, 21.7, 21.7, 21.7]	[back, right, left, left]	[656.8429, 681.3669, 527.5351, 514.2700]
75   	33241.02    	0.024   	1.0000  	[16.2, 21.7, 21.7, 21.7]	[back, back, left, left]	[634.6743, 605.3427, 525.5417, 458.4087]
76   	32371.67    	0.024   	1.0000  	[16.2, 21.7, 21.7, 21.7]	[back, back, left, left]	[547.9114, 568.7307, 525.5024, 436.9646]
77   	31598.80    	0.023   	1.0000  	[16.2, 21.7, 21.7, 21.7]	[back, hover, left, left]	[480.7941, 498.7418, 497.3639, 432.8096]
78   	30905.94    	0.022   	1.0000  	[16.2, 21.7, 21.7, 21.7]	[back, right, left, left]	[448.8234, 442.9770, 459.4465, 434.3661]
79   	30262.35    	0.022   	1.0000  	[16.2, 21.7, 21.7, 21.7]	[back, right, left, left]	[429.1739, 399.6781, 415.3834, 469.0947]
80   	29639.81    	0.021   	1.0000  	[16.2, 21.7, 21.7, 21.7]	[back, front, hover, left]	[433.3852, 368.8837, 362.6394, 472.6528]
81   	29006.86    	0.021   	1.0000  	[16.2, 21.7, 21.7, 21.7]	[back, front, right, front]	[395.9298, 387.7736, 324.5515, 488.1257]
82   	28473.30    	0.020   	1.0000  	[16.2, 21.7, 21.7, 21.7]	[hover, right, left, hover]	[311.9498, 364.7141, 286.1545, 423.6875]
83   	27987.76    	0.020   	1.0000  	[16.2, 21.7, 21.7, 21.7]	[hover, right, right, hover]	[247.3856, 364.2888, 255.6810, 367.0147]
84   	27586.65    	0.020   	1.0000  	[16.2, 21.7, 21.7, 21.7]	[hover, right, right, hover]	[196.6128, 365.4789, 233.0638, 316.6658]
85   	27176.72    	0.019   	1.0000  	[16.2, 21.7, 21.7, 21.7]	[front, right, front, hover]	[170.6837, 363.6540, 221.5752, 278.1416]
86   	26775.59    	0.019   	1.0000  	[16.2, 21.7, 21.7, 21.7]	[up, right, right, hover]	[185.5621, 347.0915, 224.3167, 241.7137]
87   	26389.22    	0.019   	1.0000  	[21.7, 21.7, 21.7, 21.7]	[left, right, front, hover]	[216.7414, 335.9456, 239.8863, 212.3628]
88   	26010.67    	0.018   	1.0000  	[21.7, 21.7, 21.7, 21.7]	[left, hover, front, hover]	[242.2686, 293.3971, 275.1771, 187.1873]
89   	25642.09    	0.018   	1.0000  	[21.7, 21.7, 21.7, 21.7]	[left, hover, front, right]	[269.2452, 258.7258, 253.1679, 167.8541]
90   	25284.26    	0.018   	1.0000  	[21.7, 21.7, 21.7, 21.7]	[front, hover, front, back]	[264.7985, 226.9542, 245.5912, 149.5847]
91   	24933.81    	0.018   	1.0000  	[21.7, 21.7, 21.7, 21.7]	[left, hover, front, up]	[250.3307, 201.3619, 247.6661, 160.3276]
92   	24589.23    	0.017   	1.0000  	[21.7, 21.7, 21.7, 27.1]	[left, left, front, back]	[248.0626, 178.2842, 252.4321, 158.4675]
93   	24247.06    	0.017   	1.0000  	[21.7, 21.7, 21.7, 27.1]	[left, left, front, right]	[264.8655, 163.0489, 273.8398, 157.2076]
94   	23878.36    	0.017   	1.0000  	[21.7, 21.7, 21.7, 27.1]	[left, left, front, back]	[300.8500, 147.4451, 280.6942, 151.2889]
95   	23509.81    	0.016   	1.0000  	[21.7, 21.7, 21.7, 27.1]	[left, back, left, back]	[336.4084, 135.1419, 283.8478, 154.0376]
96   	23105.03    	0.016   	1.0000  	[21.7, 21.7, 21.7, 27.1]	[left, back, left, back]	[402.6860, 153.2287, 318.7202, 168.4032]
97   	22691.48    	0.016   	1.0000  	[21.7, 21.7, 21.7, 27.1]	[back, back, left, back]	[423.3895, 143.5684, 338.1406, 192.9945]
98   	22305.36    	0.016   	1.0000  	[21.7, 21.7, 21.7, 27.1]	[hover, back, hover, back]	[368.4302, 145.0965, 294.3910, 232.0819]
99   	21931.39    	0.015   	1.0000  	[21.7, 21.7, 21.7, 27.1]	[hover, back, hover, back]	[322.0694, 152.4941, 261.2489, 254.6866]
[2025-12-18T14:51:20]
Strategy: greedy_ig
Pairwise: equal
News mode: IG
Num agents: 4
Iteration: 14
Error margin: None
Gaussian radius 5 
Grid info: range: 0-50-50, cell_size:0.125, map shape: (400, 400), center:True
init UAV positions: [(-15.0, -5.0, 5.4), (-15.0, 0.0, 5.4), (25.0, 0.0, 5.4), (15.0, 20.0, 5.4)]
mcts_params: {}
Step	Entropy	MSE	Coverage	Heights	Actions	IGs
------------------------------------------------------------------------------------------------------------------------
0    	160000.00   	0.250   	0.0000  	[5.4, 5.4, 5.4, 5.4]	[-, -, -, -]	[-, -, -, -]
1    	159109.47   	0.243   	0.0516  	[5.4, 5.4, 5.4, 5.4]	[up, up, up, up]	[3904.5582, 3904.5582, 1952.2791, 3514.1024]
2    	158164.29   	0.237   	0.1750  	[10.8, 10.8, 10.8, 10.8]	[up, up, up, up]	[4382.9647, 4382.9647, 2191.4824, 3204.0331]
3    	157236.54   	0.231   	0.3563  	[16.2, 16.2, 16.2, 16.2]	[up, up, left, back]	[3886.5858, 3884.6429, 2498.2409, 3275.4004]
4    	156268.03   	0.225   	0.4861  	[21.7, 21.7, 16.2, 16.2]	[right, right, left, back]	[3849.1606, 3851.6036, 2750.3301, 3133.6810]
5    	155257.29   	0.220   	0.5494  	[21.7, 21.7, 16.2, 16.2]	[right, right, left, back]	[3575.2632, 3577.3241, 2961.5918, 2965.4710]
6    	154109.59   	0.214   	0.6048  	[21.7, 21.7, 16.2, 16.2]	[right, right, up, up]	[3456.4719, 3455.1599, 3158.8086, 2915.3183]
7    	152662.96   	0.209   	0.6734  	[21.7, 21.7, 21.7, 21.7]	[right, right, left, left]	[3401.5892, 3410.3442, 3366.2653, 3052.9149]
8    	150883.42   	0.203   	0.6930  	[21.7, 21.7, 21.7, 21.7]	[right, right, left, left]	[3384.4500, 3400.7514, 3338.4069, 3044.2442]
9    	148698.12   	0.197   	0.7125  	[21.7, 21.7, 21.7, 21.7]	[right, right, left, left]	[3407.2807, 3418.4725, 3343.8617, 3093.7534]
10   	146195.75   	0.192   	0.7320  	[21.7, 21.7, 21.7, 21.7]	[right, right, left, left]	[3415.6612, 3418.2138, 3370.1295, 3152.4911]
11   	143587.05   	0.186   	0.7516  	[21.7, 21.7, 21.7, 21.7]	[right, right, left, left]	[3412.7988, 3426.3990, 3395.1471, 3239.1408]
12   	140924.43   	0.181   	0.7711  	[21.7, 21.7, 21.7, 21.7]	[right, right, left, left]	[3272.4930, 3267.0621, 3408.3493, 3327.2536]
13   	138447.71   	0.175   	0.7894  	[21.7, 21.7, 21.7, 21.7]	[back, front, left, left]	[3134.4890, 3127.6629, 3414.1824, 3411.8671]
14   	136188.98   	0.170   	0.8331  	[21.7, 21.7, 21.7, 21.7]	[back, front, left, left]	[3051.3493, 3061.7557, 3426.5582, 3415.1558]
15   	134179.92   	0.164   	0.8769  	[21.7, 21.7, 21.7, 21.7]	[back, front, left, left]	[2609.3032, 3045.4534, 3439.0777, 3279.5179]
16   	132161.30   	0.160   	0.8997  	[21.7, 21.7, 21.7, 21.7]	[down, front, back, back]	[2269.3377, 3066.7736, 3268.1204, 3145.0116]
17   	130178.38   	0.155   	0.9039  	[16.2, 21.7, 21.7, 21.7]	[up, left, back, back]	[1882.5606, 2736.8991, 3178.3761, 3080.6876]
18   	128291.22   	0.151   	0.9187  	[21.7, 21.7, 21.7, 21.7]	[left, left, back, back]	[1712.8590, 2477.1897, 3155.7339, 3055.3617]
19   	126473.92   	0.147   	0.9573  	[21.7, 21.7, 21.7, 21.7]	[left, left, back, back]	[1610.5119, 2316.9392, 3168.2783, 3078.4269]
20   	124754.09   	0.143   	0.9878  	[21.7, 21.7, 21.7, 21.7]	[left, left, right, back]	[1557.1519, 2223.5974, 2737.6389, 3121.3494]
21   	123116.55   	0.139   	0.9902  	[21.7, 21.7, 21.7, 21.7]	[left, left, right, back]	[1530.1457, 2193.1937, 2471.5744, 3178.7595]
22   	121518.46   	0.135   	0.9925  	[21.7, 21.7, 21.7, 21.7]	[left, left, right, back]	[1533.8142, 2207.3863, 2291.9184, 3260.2285]
23   	119765.38   	0.131   	0.9948  	[21.7, 21.7, 21.7, 21.7]	[left, left, right, right]	[1584.2332, 2253.5680, 2198.0190, 3129.9701]
24   	117966.61   	0.128   	0.9972  	[21.7, 21.7, 21.7, 21.7]	[left, left, right, right]	[1663.7761, 2377.8406, 2145.8543, 3006.0042]
25   	116121.41   	0.124   	0.9995  	[21.7, 21.7, 21.7, 21.7]	[left, hover, right, right]	[1821.9281, 2014.9789, 2136.0989, 2954.3080]
26   	114315.12   	0.121   	0.9995  	[21.7, 21.7, 21.7, 21.7]	[front, left, right, right]	[1607.9081, 1741.1021, 2153.6699, 2933.4880]
27   	112583.70   	0.118   	1.0000  	[21.7, 21.7, 21.7, 21.7]	[left, down, right, right]	[1414.6410, 1628.7922, 2202.9875, 2966.2861]
28   	111039.35   	0.115   	1.0000  	[21.7, 16.2, 21.7, 21.7]	[hover, front, hover, right]	[1211.6258, 1525.0548, 1860.0966, 3024.0972]
29   	109478.86   	0.112   	1.0000  	[21.7, 16.2, 21.7, 21.7]	[front, left, hover, right]	[1069.5665, 1198.2493, 1589.1474, 3114.6248]
30   	107938.41   	0.110   	1.0000  	[21.7, 16.2, 21.7, 21.7]	[front, right, hover, right]	[1040.0038, 957.1123, 1361.6343, 3203.9348]
31   	106371.67   	0.107   	1.0000  	[21.7, 16.2, 21.7, 21.7]	[front, hover, hover, back]	[1468.5481, 751.3563, 1182.5359, 2804.8920]
32   	104845.80   	0.105   	1.0000  	[21.7, 16.2, 21.7, 21.7]	[front, right, hover, hover]	[1831.7943, 615.8186, 1024.6201, 2372.9422]
33   	103432.58   	0.103   	1.0000  	[21.7, 16.2, 21.7, 21.7]	[front, right, hover, hover]	[2152.1699, 574.9217, 891.8120, 2020.8860]
34   	102067.00   	0.101   	1.0000  	[21.7, 16.2, 21.7, 21.7]	[front, right, front, front]	[2416.2287, 551.0025, 769.9563, 1765.5231]
35   	100702.12   	0.098   	1.0000  	[21.7, 16.2, 21.7, 21.7]	[front, right, front, front]	[2653.8725, 570.3114, 698.2625, 1576.4984]
36   	99346.15    	0.096   	1.0000  	[21.7, 16.2, 21.7, 21.7]	[right, right, front, right]	[2691.9494, 638.2516, 665.8234, 1406.1734]
37   	98065.14    	0.094   	1.0000  	[21.7, 16.2, 21.7, 21.7]	[front, right, front, front]	[2661.2889, 732.7892, 792.8350, 1247.7803]
38   	96595.32    	0.092   	1.0000  	[21.7, 16.2, 21.7, 21.7]	[right, right, front, down]	[2541.0548, 838.0848, 1383.0763, 1107.6567]
39   	94985.59    	0.090   	1.0000  	[21.7, 16.2, 21.7, 16.2]	[right, right, front, up]	[2477.7163, 956.9527, 1880.3174, 937.4378]
40   	93165.93    	0.087   	1.0000  	[21.7, 16.2, 21.7, 21.7]	[right, right, front, front]	[2475.0163, 1129.8765, 2298.9069, 856.1953]
41   	91121.66    	0.084   	1.0000  	[21.7, 16.2, 21.7, 21.7]	[right, right, front, left]	[2500.5698, 1249.4120, 2649.2651, 800.8657]
42   	89090.83    	0.081   	1.0000  	[21.7, 16.2, 21.7, 21.7]	[right, hover, left, front]	[2557.2819, 955.1157, 2377.3919, 759.0379]
43   	86872.02    	0.079   	1.0000  	[21.7, 16.2, 21.7, 21.7]	[right, back, left, front]	[2658.3551, 771.9715, 2240.7876, 727.1380]
44   	84572.09    	0.076   	1.0000  	[21.7, 16.2, 21.7, 21.7]	[right, back, left, front]	[2768.2179, 684.2562, 2169.1692, 693.4076]
45   	82199.31    	0.074   	1.0000  	[21.7, 16.2, 21.7, 21.7]	[right, back, left, front]	[2737.2222, 760.3037, 2162.0456, 691.8813]
46   	79807.66    	0.072   	1.0000  	[21.7, 16.2, 21.7, 21.7]	[down, back, left, front]	[2432.7316, 900.1301, 2197.4469, 811.6827]
47   	77411.53    	0.069   	1.0000  	[16.2, 16.2, 21.7, 21.7]	[right, back, left, left]	[2228.3902, 1079.7370, 2280.4105, 765.5637]
48   	75140.94    	0.067   	1.0000  	[16.2, 16.2, 21.7, 21.7]	[front, back, left, left]	[1782.6127, 1293.0078, 2384.9043, 781.8575]
49   	72730.52    	0.064   	1.0000  	[16.2, 16.2, 21.7, 21.7]	[hover, back, left, left]	[1367.8221, 1842.3150, 2527.4240, 834.4097]
50   	70360.61    	0.062   	1.0000  	[16.2, 16.2, 21.7, 21.7]	[back, back, hover, left]	[1077.8720, 2209.2681, 2144.3669, 930.2756]
51   	68034.53    	0.059   	1.0000  	[16.2, 16.2, 21.7, 21.7]	[back, back, hover, left]	[970.4184, 2453.9013, 1827.9244, 1027.2818]
52   	65735.45    	0.057   	1.0000  	[16.2, 16.2, 21.7, 21.7]	[back, back, hover, left]	[1012.5839, 2616.9670, 1575.3511, 1151.6113]
53   	63513.95    	0.055   	1.0000  	[16.2, 16.2, 21.7, 21.7]	[back, left, hover, left]	[891.8044, 2357.4724, 1358.7624, 1288.2694]
54   	61413.36    	0.053   	1.0000  	[16.2, 16.2, 21.7, 21.7]	[back, left, hover, left]	[803.3191, 2194.4502, 1179.3855, 1367.8742]
55   	59506.75    	0.051   	1.0000  	[16.2, 16.2, 21.7, 21.7]	[back, left, hover, hover]	[734.6995, 2145.1044, 1029.8740, 1179.6460]
56   	57729.49    	0.049   	1.0000  	[16.2, 16.2, 21.7, 21.7]	[back, left, hover, hover]	[689.2276, 2136.5244, 896.7679, 1020.6348]
57   	56037.61    	0.047   	1.0000  	[16.2, 16.2, 21.7, 21.7]	[back, left, back, hover]	[660.4292, 2186.9385, 799.0486, 876.9097]
58   	54452.06    	0.046   	1.0000  	[16.2, 16.2, 21.7, 21.7]	[back, left, back, hover]	[686.6487, 2257.0274, 720.9209, 761.8194]
59   	52978.89    	0.044   	1.0000  	[16.2, 16.2, 21.7, 21.7]	[back, left, back, hover]	[782.7146, 2284.3743, 666.4509, 664.3789]
60   	51597.64    	0.043   	1.0000  	[16.2, 16.2, 21.7, 21.7]	[back, left, back, hover]	[738.1225, 2333.7321, 636.3806, 578.4005]
61   	50306.79    	0.041   	1.0000  	[16.2, 16.2, 21.7, 21.7]	[hover, left, back, back]	[577.4153, 2371.3084, 734.5231, 508.0926]
62   	49062.19    	0.040   	1.0000  	[16.2, 16.2, 21.7, 21.7]	[hover, left, back, back]	[454.1715, 2421.6419, 870.0246, 507.0698]
63   	47954.90    	0.038   	1.0000  	[16.2, 16.2, 21.7, 21.7]	[left, left, back, back]	[375.8988, 1845.9700, 1034.2162, 548.4750]
64   	46847.67    	0.037   	1.0000  	[16.2, 16.2, 21.7, 21.7]	[left, right, back, back]	[333.5820, 1429.8007, 1231.5392, 621.5589]
65   	45774.36    	0.036   	1.0000  	[16.2, 16.2, 21.7, 21.7]	[left, front, hover, back]	[352.5452, 1140.1206, 1056.3703, 730.0485]
66   	44718.23    	0.035   	1.0000  	[16.2, 16.2, 21.7, 21.7]	[left, up, hover, back]	[344.0308, 1043.9631, 913.1416, 863.9962]
67   	43603.32    	0.034   	1.0000  	[16.2, 21.7, 21.7, 21.7]	[left, right, hover, back]	[375.0992, 949.9525, 794.5945, 1018.3254]
68   	42487.86    	0.032   	1.0000  	[16.2, 21.7, 21.7, 21.7]	[left, hover, hover, back]	[411.2482, 829.3677, 689.9723, 1210.6320]
69   	41385.17    	0.031   	1.0000  	[16.2, 21.7, 21.7, 21.7]	[left, hover, hover, back]	[448.0956, 724.8127, 599.1121, 1301.4004]
70   	40390.37    	0.030   	1.0000  	[16.2, 21.7, 21.7, 21.7]	[left, left, hover, hover]	[513.7542, 633.8121, 525.9596, 1107.6772]
71   	39410.48    	0.030   	1.0000  	[16.2, 21.7, 21.7, 21.7]	[left, front, hover, hover]	[605.6931, 565.4465, 465.8338, 954.7067]
72   	38451.12    	0.029   	1.0000  	[16.2, 21.7, 21.7, 21.7]	[left, front, hover, hover]	[735.6184, 510.2732, 410.4037, 832.5687]
73   	37595.62    	0.028   	1.0000  	[16.2, 21.7, 21.7, 21.7]	[left, right, hover, hover]	[629.9154, 461.7478, 353.8730, 724.0275]
74   	36844.16    	0.027   	1.0000  	[16.2, 21.7, 21.7, 21.7]	[hover, back, hover, right]	[491.2561, 415.4800, 309.2667, 630.3708]
75   	36216.49    	0.027   	1.0000  	[16.2, 21.7, 21.7, 21.7]	[hover, right, hover, left]	[382.0010, 391.1699, 267.5264, 557.0960]
76   	35606.57    	0.026   	1.0000  	[16.2, 21.7, 21.7, 21.7]	[front, right, hover, right]	[316.4635, 409.0442, 235.6917, 492.3714]
77   	35068.17    	0.026   	1.0000  	[16.2, 21.7, 21.7, 21.7]	[back, back, right, right]	[255.0926, 414.4404, 213.1422, 443.9677]
78   	34559.92    	0.026   	1.0000  	[16.2, 21.7, 21.7, 21.7]	[front, right, right, right]	[209.2030, 398.9046, 197.4495, 419.2670]
79   	34052.68    	0.025   	1.0000  	[16.2, 21.7, 21.7, 21.7]	[up, right, right, right]	[177.2054, 404.4317, 207.2686, 417.2447]
80   	33543.58    	0.025   	1.0000  	[21.7, 21.7, 21.7, 21.7]	[right, right, right, right]	[177.4209, 442.8199, 228.2273, 440.3765]
81   	32964.42    	0.024   	1.0000  	[21.7, 21.7, 21.7, 21.7]	[front, right, right, right]	[180.5305, 511.5571, 261.9199, 475.2815]
82   	32312.74    	0.024   	1.0000  	[21.7, 21.7, 21.7, 21.7]	[right, right, right, right]	[196.9383, 594.8570, 299.9381, 534.0238]
83   	31615.57    	0.023   	1.0000  	[21.7, 21.7, 21.7, 21.7]	[front, right, right, right]	[203.4661, 679.1761, 347.1545, 605.0881]
84   	30895.82    	0.023   	1.0000  	[21.7, 21.7, 21.7, 21.7]	[front, hover, right, right]	[235.2095, 592.6240, 416.3604, 585.3154]
85   	30205.68    	0.022   	1.0000  	[21.7, 21.7, 21.7, 21.7]	[front, hover, hover, down]	[354.5357, 516.1102, 359.5489, 530.7772]
86   	29496.89    	0.021   	1.0000  	[21.7, 21.7, 21.7, 16.2]	[front, hover, hover, right]	[471.5415, 451.6615, 316.8643, 494.0300]
87   	28799.53    	0.021   	1.0000  	[21.7, 21.7, 21.7, 16.2]	[front, hover, hover, back]	[609.5627, 392.9968, 281.4717, 457.0598]
88   	28130.97    	0.020   	1.0000  	[21.7, 21.7, 21.7, 16.2]	[front, hover, hover, hover]	[760.6185, 344.7666, 248.6180, 354.0626]
89   	27413.06    	0.020   	1.0000  	[21.7, 21.7, 21.7, 16.2]	[front, hover, hover, hover]	[918.8972, 303.2466, 219.6710, 281.4343]
90   	26751.94    	0.019   	1.0000  	[21.7, 21.7, 21.7, 16.2]	[front, hover, hover, left]	[988.1013, 264.7014, 192.1833, 222.9357]
91   	26159.24    	0.019   	1.0000  	[21.7, 21.7, 21.7, 16.2]	[hover, hover, hover, right]	[859.9700, 233.2305, 171.6584, 182.3681]
92   	25644.18    	0.018   	1.0000  	[21.7, 21.7, 21.7, 16.2]	[right, hover, hover, left]	[755.3597, 204.0660, 152.0569, 148.4173]
93   	25165.45    	0.018   	1.0000  	[21.7, 21.7, 21.7, 16.2]	[right, hover, front, up]	[696.8614, 180.7346, 137.4552, 138.9001]
94   	24732.69    	0.018   	1.0000  	[21.7, 21.7, 21.7, 21.7]	[hover, hover, front, front]	[609.0419, 160.9943, 131.6602, 155.0151]
95   	24327.07    	0.017   	1.0000  	[21.7, 21.7, 21.7, 21.7]	[hover, front, front, front]	[527.6329, 147.9375, 147.2843, 157.0750]
96   	23927.23    	0.017   	1.0000  	[21.7, 21.7, 21.7, 21.7]	[left, front, front, front]	[473.2100, 147.3831, 215.6639, 154.3150]
97   	23458.78    	0.017   	1.0000  	[21.7, 21.7, 21.7, 21.7]	[left, left, front, front]	[481.9346, 132.6102, 407.1473, 168.8400]
98   	22897.13    	0.016   	1.0000  	[21.7, 21.7, 21.7, 21.7]	[left, up, front, front]	[465.0211, 117.6986, 613.4361, 188.6976]
99   	22269.51    	0.016   	1.0000  	[21.7, 27.1, 21.7, 21.7]	[down, back, front, front]	[411.0380, 123.0373, 836.1624, 218.5949]
[2025-12-18T14:51:31]
Strategy: greedy_ig
Pairwise: equal
News mode: IG
Num agents: 4
Iteration: 15
Error margin: None
Gaussian radius 5 
Grid info: range: 0-50-50, cell_size:0.125, map shape: (400, 400), center:True
init UAV positions: [(-25.0, -5.0, 5.4), (-5.0, 10.0, 5.4), (25.0, 0.0, 5.4), (25.0, 10.0, 5.4)]
mcts_params: {}
Step	Entropy	MSE	Coverage	Heights	Actions	IGs
------------------------------------------------------------------------------------------------------------------------
0    	160000.00   	0.250   	0.0000  	[5.4, 5.4, 5.4, 5.4]	[-, -, -, -]	[-, -, -, -]
1    	159420.10   	0.245   	0.0391  	[5.4, 5.4, 5.4, 5.4]	[up, up, up, up]	[1952.2791, 3904.5582, 1952.2791, 1952.2791]
2    	158774.27   	0.240   	0.1500  	[10.8, 10.8, 10.8, 10.8]	[up, up, up, up]	[2191.4824, 4382.9647, 2191.4824, 2191.4824]
3    	158057.08   	0.235   	0.3187  	[16.2, 16.2, 16.2, 16.2]	[right, up, left, left]	[2495.0186, 4475.8376, 2509.8033, 2510.3719]
4    	157315.11   	0.230   	0.4738  	[16.2, 21.7, 16.2, 16.2]	[right, right, left, left]	[2764.6808, 3841.1361, 2774.7449, 2768.5355]
5    	156385.62   	0.225   	0.5448  	[16.2, 21.7, 16.2, 16.2]	[right, right, left, left]	[2972.0033, 3564.2198, 2980.0616, 2969.5646]
6    	155138.10   	0.219   	0.5722  	[16.2, 21.7, 16.2, 16.2]	[up, right, up, up]	[3158.6731, 3451.3953, 3163.4712, 3161.7269]
7    	153686.98   	0.213   	0.6737  	[21.7, 21.7, 21.7, 21.7]	[right, right, left, left]	[3358.7371, 3398.7535, 3362.7058, 3362.2881]
8    	151981.66   	0.208   	0.7050  	[21.7, 21.7, 21.7, 21.7]	[right, right, left, left]	[3341.5201, 3390.9902, 3336.6986, 3335.3793]
9    	150048.63   	0.202   	0.7113  	[21.7, 21.7, 21.7, 21.7]	[right, back, left, left]	[3341.6040, 3216.5635, 3355.1431, 3361.7933]
10   	147862.94   	0.196   	0.7175  	[21.7, 21.7, 21.7, 21.7]	[right, back, left, left]	[3370.4066, 3146.2848, 3379.6809, 3376.3348]
11   	145480.54   	0.191   	0.7238  	[21.7, 21.7, 21.7, 21.7]	[right, back, left, left]	[3391.1155, 3131.7810, 3394.5518, 3387.0734]
12   	143017.60   	0.185   	0.7300  	[21.7, 21.7, 21.7, 21.7]	[right, back, left, left]	[3413.7888, 3151.5809, 3418.5284, 3401.0986]
13   	140566.77   	0.179   	0.7438  	[21.7, 21.7, 21.7, 21.7]	[right, back, left, left]	[3416.2690, 3192.0467, 3420.5473, 3410.1311]
14   	138189.79   	0.174   	0.7650  	[21.7, 21.7, 21.7, 21.7]	[right, back, left, left]	[3415.3016, 3264.3862, 3425.3583, 3421.2601]
15   	135997.90   	0.168   	0.8150  	[21.7, 21.7, 21.7, 21.7]	[right, back, left, left]	[3411.9593, 3332.0723, 3419.9438, 3426.3834]
16   	133893.45   	0.163   	0.8688  	[21.7, 21.7, 21.7, 21.7]	[back, left, back, back]	[3254.9519, 3127.3912, 3263.3327, 3260.1502]
17   	131797.28   	0.157   	0.8797  	[21.7, 21.7, 21.7, 21.7]	[back, left, back, back]	[3174.1252, 3032.1780, 3186.7419, 3186.8534]
18   	129782.96   	0.152   	0.8991  	[21.7, 21.7, 21.7, 21.7]	[back, left, back, back]	[2705.2535, 3001.6941, 3155.8790, 3161.6482]
19   	127688.15   	0.147   	0.9300  	[21.7, 21.7, 21.7, 21.7]	[front, left, back, back]	[2303.2982, 3008.3071, 3165.2625, 3172.9328]
20   	125556.02   	0.143   	0.9500  	[21.7, 21.7, 21.7, 21.7]	[back, left, right, back]	[1992.5647, 3064.6143, 2753.8292, 3215.2046]
21   	123259.69   	0.139   	0.9500  	[21.7, 21.7, 21.7, 21.7]	[left, left, right, back]	[1783.2116, 3160.6940, 2478.1961, 3275.4879]
22   	120819.26   	0.134   	0.9500  	[21.7, 21.7, 21.7, 21.7]	[left, left, right, back]	[1645.3534, 3249.6105, 2300.8792, 3344.1367]
23   	118269.58   	0.130   	0.9500  	[21.7, 21.7, 21.7, 21.7]	[left, left, right, right]	[1571.0323, 2912.9293, 2202.4323, 3121.8085]
24   	115608.44   	0.127   	0.9500  	[21.7, 21.7, 21.7, 21.7]	[left, down, right, right]	[1540.0508, 2630.8919, 2165.1739, 2994.4509]
25   	113109.56   	0.123   	0.9500  	[21.7, 16.2, 21.7, 21.7]	[left, back, right, right]	[1527.6756, 2089.1464, 2156.1285, 2936.7917]
26   	110675.79   	0.120   	0.9500  	[21.7, 16.2, 21.7, 21.7]	[left, left, right, right]	[1548.2363, 1731.5774, 2162.6127, 2934.3314]
27   	108184.43   	0.117   	0.9500  	[21.7, 16.2, 21.7, 21.7]	[left, front, right, right]	[1569.9070, 1415.6179, 2209.3192, 2968.9581]
28   	105827.46   	0.113   	0.9500  	[21.7, 16.2, 21.7, 21.7]	[left, front, hover, right]	[1611.6911, 1317.1042, 1870.0828, 3027.5502]
29   	103440.53   	0.111   	0.9500  	[21.7, 16.2, 21.7, 21.7]	[down, front, hover, right]	[1387.0233, 1535.0377, 1598.5383, 3117.3537]
30   	101183.69   	0.108   	0.9500  	[16.2, 16.2, 21.7, 21.7]	[left, front, hover, right]	[1350.1936, 1663.2708, 1374.8203, 3215.8938]
31   	99318.49    	0.105   	0.9500  	[16.2, 16.2, 21.7, 21.7]	[back, front, hover, hover]	[1178.6728, 1787.0288, 1185.9736, 2707.9808]
32   	97707.13    	0.103   	0.9500  	[16.2, 16.2, 21.7, 21.7]	[hover, front, hover, hover]	[915.1272, 1884.5537, 1026.9358, 2305.6856]
33   	96373.35    	0.101   	0.9500  	[16.2, 16.2, 21.7, 21.7]	[hover, front, hover, back]	[719.0337, 1953.5936, 894.5959, 1981.8244]
34   	95206.24    	0.099   	0.9500  	[16.2, 16.2, 21.7, 21.7]	[hover, front, front, front]	[559.1926, 2017.2573, 785.0759, 1727.0510]
35   	94194.82    	0.097   	0.9500  	[16.2, 16.2, 21.7, 21.7]	[right, front, front, hover]	[454.1008, 2083.9536, 706.5654, 1495.9395]
36   	93317.09    	0.095   	0.9500  	[16.2, 16.2, 21.7, 21.7]	[right, front, front, back]	[427.3258, 2120.3578, 668.4331, 1306.4898]
37   	92503.73    	0.094   	0.9669  	[16.2, 16.2, 21.7, 21.7]	[right, right, front, front]	[374.9753, 1802.4964, 797.5004, 1149.1184]
38   	91585.57    	0.092   	0.9700  	[16.2, 16.2, 21.7, 21.7]	[right, right, front, front]	[376.5554, 1439.1689, 1378.9598, 1037.1163]
39   	90642.88    	0.091   	0.9731  	[16.2, 16.2, 21.7, 21.7]	[right, right, front, front]	[405.4369, 1174.6280, 1874.3756, 942.6090]
40   	89648.88    	0.089   	0.9762  	[16.2, 16.2, 21.7, 21.7]	[right, right, front, front]	[465.3260, 1054.6943, 2288.0097, 870.4299]
41   	88690.45    	0.087   	0.9794  	[16.2, 16.2, 21.7, 21.7]	[right, right, front, front]	[518.2854, 1060.1153, 2629.7837, 830.0325]
42   	87703.22    	0.085   	1.0000  	[16.2, 16.2, 21.7, 21.7]	[right, right, left, front]	[599.4314, 1117.7846, 2372.7075, 797.6832]
43   	86691.30    	0.083   	1.0000  	[16.2, 16.2, 21.7, 21.7]	[right, right, left, front]	[733.9583, 1175.6813, 2217.9915, 788.4052]
44   	85601.29    	0.081   	1.0000  	[16.2, 16.2, 21.7, 21.7]	[right, right, left, front]	[894.9992, 1279.2765, 2155.3327, 937.8766]
45   	84401.14    	0.079   	1.0000  	[16.2, 16.2, 21.7, 21.7]	[front, right, left, front]	[799.6015, 1442.2848, 2156.1360, 1376.6529]
46   	83175.57    	0.077   	1.0000  	[16.2, 16.2, 21.7, 21.7]	[front, right, left, left]	[686.9399, 1616.3365, 2195.5237, 1198.8906]
47   	81851.77    	0.075   	1.0000  	[16.2, 16.2, 21.7, 21.7]	[front, right, left, left]	[776.0118, 1701.6295, 2267.4993, 1118.2392]
48   	80406.01    	0.073   	1.0000  	[16.2, 16.2, 21.7, 21.7]	[front, back, left, left]	[991.0302, 1325.2595, 2388.8589, 1085.5782]
49   	78803.78    	0.070   	1.0000  	[16.2, 16.2, 21.7, 21.7]	[front, back, left, left]	[1238.8187, 1110.2817, 2530.1251, 1091.1280]
50   	76893.20    	0.068   	1.0000  	[16.2, 16.2, 21.7, 21.7]	[front, back, hover, left]	[1848.4236, 943.6670, 2144.7626, 1143.7835]
51   	74841.94    	0.066   	1.0000  	[16.2, 16.2, 21.7, 21.7]	[front, back, hover, left]	[2234.1461, 907.0965, 1834.0579, 1238.3522]
52   	72699.96    	0.063   	1.0000  	[16.2, 16.2, 21.7, 21.7]	[front, back, hover, left]	[2532.4985, 929.2305, 1581.8101, 1360.6960]
53   	70508.94    	0.061   	1.0000  	[16.2, 16.2, 21.7, 21.7]	[front, back, hover, left]	[2715.6141, 1001.8729, 1361.1278, 1533.3606]
54   	68423.37    	0.058   	1.0000  	[16.2, 16.2, 21.7, 21.7]	[front, back, hover, hover]	[2841.0017, 1078.2770, 1178.6654, 1319.8552]
55   	66399.05    	0.056   	1.0000  	[16.2, 16.2, 21.7, 21.7]	[left, back, hover, hover]	[2572.2323, 1192.5652, 1017.8715, 1143.4126]
56   	64351.70    	0.054   	1.0000  	[16.2, 16.2, 21.7, 21.7]	[left, back, hover, hover]	[2457.7971, 1356.6509, 888.5270, 990.8951]
57   	62219.76    	0.052   	1.0000  	[16.2, 16.2, 21.7, 21.7]	[left, back, back, hover]	[2440.5973, 1528.1481, 789.1211, 862.0512]
58   	60237.06    	0.050   	1.0000  	[16.2, 16.2, 21.7, 21.7]	[left, back, back, hover]	[2451.1092, 1276.5619, 716.2061, 755.5063]
59   	58278.41    	0.048   	1.0000  	[16.2, 16.2, 21.7, 21.7]	[left, left, back, hover]	[2509.0791, 1057.0388, 668.6169, 662.7131]
60   	56281.99    	0.046   	1.0000  	[16.2, 16.2, 21.7, 21.7]	[left, left, back, hover]	[2602.4002, 872.0979, 644.7578, 580.6237]
61   	54338.09    	0.044   	1.0000  	[16.2, 16.2, 21.7, 21.7]	[left, left, back, hover]	[2616.0614, 772.9672, 735.7799, 501.8308]
62   	52354.70    	0.042   	1.0000  	[16.2, 16.2, 21.7, 21.7]	[left, left, back, back]	[2633.9705, 749.6829, 875.9275, 444.7403]
63   	50365.19    	0.041   	1.0000  	[16.2, 16.2, 21.7, 21.7]	[left, left, back, back]	[2659.1530, 708.4591, 1041.9254, 478.9946]
64   	48380.46    	0.039   	1.0000  	[16.2, 16.2, 21.7, 21.7]	[left, left, back, back]	[2706.6810, 638.4742, 1238.4904, 537.1799]
65   	46604.91    	0.037   	1.0000  	[16.2, 16.2, 21.7, 21.7]	[front, left, hover, back]	[2348.8638, 581.0015, 1071.6687, 633.7024]
66   	45114.37    	0.036   	1.0000  	[16.2, 16.2, 21.7, 21.7]	[hover, left, hover, back]	[1756.4800, 559.0314, 932.5712, 746.8758]
67   	43785.15    	0.034   	1.0000  	[16.2, 16.2, 21.7, 21.7]	[hover, left, hover, back]	[1354.2674, 558.1686, 801.0167, 887.8342]
68   	42564.49    	0.033   	1.0000  	[16.2, 16.2, 21.7, 21.7]	[hover, left, hover, back]	[1055.3980, 579.4286, 697.5878, 1057.0887]
69   	41349.38    	0.032   	1.0000  	[16.2, 16.2, 21.7, 21.7]	[back, left, hover, back]	[873.2480, 545.2719, 606.6241, 1259.6042]
70   	40184.15    	0.031   	1.0000  	[16.2, 16.2, 21.7, 21.7]	[up, front, hover, back]	[799.4103, 435.3524, 528.6951, 1205.8586]
71   	39070.23    	0.030   	1.0000  	[21.7, 16.2, 21.7, 21.7]	[right, back, hover, down]	[861.5215, 352.4309, 460.9883, 1073.4221]
72   	38046.26    	0.029   	1.0000  	[21.7, 16.2, 21.7, 16.2]	[right, front, hover, left]	[799.0878, 280.3905, 404.3562, 1031.3637]
73   	37105.29    	0.028   	1.0000  	[21.7, 16.2, 21.7, 16.2]	[right, up, hover, back]	[775.5882, 267.4763, 352.5826, 888.7159]
74   	36302.24    	0.028   	1.0000  	[21.7, 21.7, 21.7, 16.2]	[right, right, hover, hover]	[725.0099, 314.1448, 312.4839, 683.6179]
75   	35543.86    	0.027   	1.0000  	[21.7, 21.7, 21.7, 16.2]	[right, front, hover, hover]	[723.2505, 330.1249, 276.1925, 542.6531]
76   	34832.83    	0.027   	1.0000  	[21.7, 21.7, 21.7, 16.2]	[right, front, hover, right]	[755.0998, 392.1148, 244.5599, 434.8227]
77   	34116.90    	0.026   	1.0000  	[21.7, 21.7, 21.7, 16.2]	[right, front, right, right]	[813.5690, 430.5787, 218.0247, 403.9502]
78   	33372.71    	0.025   	1.0000  	[21.7, 21.7, 21.7, 16.2]	[right, front, right, right]	[882.3855, 418.6778, 208.2459, 362.4476]
79   	32671.35    	0.025   	1.0000  	[21.7, 21.7, 21.7, 16.2]	[right, front, right, right]	[985.1186, 421.6136, 213.5864, 353.1867]
80   	31970.13    	0.024   	1.0000  	[21.7, 21.7, 21.7, 16.2]	[hover, front, right, right]	[844.6201, 443.8682, 233.4851, 365.2504]
81   	31277.04    	0.023   	1.0000  	[21.7, 21.7, 21.7, 16.2]	[hover, front, right, right]	[732.3190, 473.3155, 263.2967, 385.1102]
82   	30568.35    	0.023   	1.0000  	[21.7, 21.7, 21.7, 16.2]	[hover, front, right, right]	[636.0924, 522.3109, 308.8326, 398.5940]
83   	29843.52    	0.022   	1.0000  	[21.7, 21.7, 21.7, 16.2]	[hover, front, right, right]	[556.7866, 592.6838, 357.5129, 427.2048]
84   	29159.70    	0.021   	1.0000  	[21.7, 21.7, 21.7, 16.2]	[hover, hover, right, right]	[486.2047, 519.7504, 421.2371, 466.3903]
85   	28518.00    	0.021   	1.0000  	[21.7, 21.7, 21.7, 16.2]	[hover, hover, hover, right]	[423.4962, 454.5594, 372.6260, 517.5661]
86   	27946.78    	0.020   	1.0000  	[21.7, 21.7, 21.7, 16.2]	[hover, right, hover, front]	[369.2963, 400.7169, 324.0518, 452.6601]
87   	27464.55    	0.020   	1.0000  	[21.7, 21.7, 21.7, 16.2]	[back, left, hover, front]	[327.6537, 353.4124, 279.6259, 371.7527]
88   	27050.73    	0.019   	1.0000  	[21.7, 21.7, 21.7, 16.2]	[front, right, hover, back]	[295.0553, 313.3078, 245.3244, 300.4555]
89   	26672.93    	0.019   	1.0000  	[21.7, 21.7, 21.7, 16.2]	[hover, right, hover, front]	[261.4739, 275.7170, 219.5309, 249.0437]
90   	26332.47    	0.019   	1.0000  	[21.7, 21.7, 21.7, 16.2]	[back, right, hover, front]	[238.3942, 275.2965, 190.6613, 212.9719]
91   	26002.62    	0.018   	1.0000  	[21.7, 21.7, 21.7, 16.2]	[left, right, hover, front]	[225.1895, 262.4435, 167.6746, 201.2018]
92   	25681.29    	0.018   	1.0000  	[21.7, 21.7, 21.7, 16.2]	[up, right, hover, front]	[247.5514, 267.0609, 146.5996, 192.1628]
93   	25350.86    	0.018   	1.0000  	[27.1, 21.7, 21.7, 16.2]	[hover, right, front, front]	[232.2444, 300.8778, 130.3064, 194.8518]
94   	25015.80    	0.018   	1.0000  	[27.1, 21.7, 21.7, 16.2]	[left, right, front, front]	[215.6818, 350.0167, 127.8403, 205.5790]
95   	24638.52    	0.017   	1.0000  	[27.1, 21.7, 21.7, 16.2]	[left, right, front, front]	[215.3493, 429.3454, 138.7393, 216.6595]
96   	24211.44    	0.017   	1.0000  	[27.1, 21.7, 21.7, 16.2]	[left, right, front, front]	[225.6816, 496.9428, 211.5695, 249.4846]
97   	23639.57    	0.016   	1.0000  	[27.1, 21.7, 21.7, 16.2]	[left, hover, front, front]	[246.0542, 433.1445, 406.4344, 436.7895]
98   	22885.00    	0.016   	1.0000  	[27.1, 21.7, 21.7, 16.2]	[left, hover, front, front]	[276.9148, 379.2336, 612.6750, 742.5771]
99   	22076.99    	0.015   	1.0000  	[27.1, 21.7, 21.7, 16.2]	[left, hover, front, hover]	[328.9822, 327.7841, 836.2454, 568.2626]
[2025-12-18T14:51:42]
Strategy: greedy_ig
Pairwise: equal
News mode: IG
Num agents: 4
Iteration: 16
Error margin: None
Gaussian radius 5 
Grid info: range: 0-50-50, cell_size:0.125, map shape: (400, 400), center:True
init UAV positions: [(-10.0, -20.0, 5.4), (-10.0, 25.0, 5.4), (25.0, -20.0, 5.4), (15.0, 5.0, 5.4)]
mcts_params: {}
Step	Entropy	MSE	Coverage	Heights	Actions	IGs
------------------------------------------------------------------------------------------------------------------------
0    	160000.00   	0.250   	0.0000  	[5.4, 5.4, 5.4, 5.4]	[-, -, -, -]	[-, -, -, -]
1    	159366.72   	0.244   	0.0469  	[5.4, 5.4, 5.4, 5.4]	[up, up, up, up]	[3514.1024, 1952.2791, 1757.0512, 3904.5582]
2    	158775.68   	0.239   	0.1781  	[10.8, 10.8, 10.8, 10.8]	[up, up, left, up]	[3204.0331, 2191.4824, 1820.4057, 4382.9647]
3    	158197.90   	0.234   	0.3609  	[16.2, 16.2, 10.8, 16.2]	[front, back, left, up]	[3258.7203, 2497.6723, 1968.4312, 3885.9001]
4    	157589.59   	0.229   	0.5062  	[16.2, 16.2, 10.8, 21.7]	[up, back, up, left]	[3214.5406, 2757.4968, 2051.9126, 3854.8555]
5    	156955.42   	0.224   	0.6656  	[21.7, 16.2, 16.2, 21.7]	[front, back, front, left]	[3407.6276, 2962.6946, 2252.7530, 3566.5059]
6    	156208.94   	0.219   	0.7453  	[21.7, 16.2, 16.2, 21.7]	[front, up, left, left]	[3430.1212, 3158.2222, 2527.1643, 3461.3783]
7    	155267.87   	0.213   	0.8484  	[21.7, 21.7, 16.2, 21.7]	[front, back, front, left]	[3371.7585, 3357.8020, 2623.1447, 3411.2120]
8    	154075.85   	0.208   	0.8562  	[21.7, 21.7, 16.2, 21.7]	[front, back, front, left]	[3357.2615, 3329.3857, 2666.4798, 3399.3063]
9    	152563.59   	0.203   	0.8562  	[21.7, 21.7, 16.2, 21.7]	[front, back, front, left]	[3382.7614, 3354.8469, 2736.8294, 3410.9207]
10   	150760.15   	0.197   	0.8562  	[21.7, 21.7, 16.2, 21.7]	[front, back, front, left]	[3399.9260, 3381.4989, 2835.7577, 3417.5058]
11   	148729.26   	0.191   	0.8562  	[21.7, 21.7, 16.2, 21.7]	[front, back, front, left]	[3406.7945, 3399.3140, 2882.0153, 3420.3450]
12   	146766.59   	0.186   	0.8562  	[21.7, 21.7, 16.2, 21.7]	[front, back, front, left]	[3410.7716, 3418.8070, 2911.5671, 3252.1101]
13   	144787.59   	0.181   	0.8812  	[21.7, 21.7, 16.2, 21.7]	[front, back, front, back]	[3412.7433, 3424.5364, 2911.2903, 3122.4876]
14   	142895.03   	0.175   	0.8844  	[21.7, 21.7, 16.2, 21.7]	[right, back, front, back]	[3258.7597, 3416.4140, 2907.6738, 3061.9957]
15   	141066.32   	0.170   	0.8953  	[21.7, 21.7, 16.2, 21.7]	[right, back, front, back]	[3186.2259, 3418.9958, 2913.8707, 3052.2330]
16   	139310.32   	0.165   	0.9266  	[21.7, 21.7, 16.2, 21.7]	[right, right, front, back]	[3159.8277, 3248.6342, 2910.7772, 3078.6141]
17   	137396.54   	0.160   	0.9719  	[21.7, 21.7, 16.2, 21.7]	[right, right, left, back]	[3162.1574, 3166.7778, 2730.7090, 3118.9582]
18   	135301.57   	0.155   	0.9794  	[21.7, 21.7, 16.2, 21.7]	[right, right, left, back]	[3199.2742, 3143.3526, 2664.4289, 2887.1918]
19   	132974.08   	0.150   	0.9812  	[21.7, 21.7, 16.2, 21.7]	[right, right, left, right]	[3268.5003, 3158.1675, 2688.4919, 2732.2582]
20   	130634.09   	0.145   	0.9812  	[21.7, 21.7, 16.2, 21.7]	[right, right, left, right]	[3338.2708, 3195.5798, 2738.3990, 2609.9642]
21   	128134.02   	0.140   	0.9812  	[21.7, 21.7, 16.2, 21.7]	[back, right, left, right]	[3117.9066, 3265.8675, 2820.9550, 2537.1326]
22   	125494.39   	0.135   	0.9812  	[21.7, 21.7, 16.2, 21.7]	[back, right, left, right]	[3000.7390, 3339.6460, 2902.5872, 2525.4172]
23   	122693.35   	0.130   	0.9812  	[21.7, 21.7, 16.2, 21.7]	[back, front, left, right]	[2950.3878, 3114.1234, 2905.4722, 2557.3627]
24   	119680.78   	0.126   	0.9812  	[21.7, 21.7, 16.2, 21.7]	[back, front, up, right]	[2937.9805, 2995.3307, 2983.2789, 2614.9744]
25   	116284.19   	0.121   	0.9831  	[21.7, 21.7, 21.7, 21.7]	[back, front, back, right]	[2971.1381, 2939.8089, 2979.9002, 2688.3325]
26   	112742.65   	0.116   	0.9831  	[21.7, 21.7, 21.7, 21.7]	[back, front, left, right]	[3021.2206, 2925.2371, 3028.2538, 2787.5691]
27   	109364.03   	0.111   	0.9831  	[21.7, 21.7, 21.7, 21.7]	[back, front, left, down]	[3104.1110, 2958.1877, 3097.6214, 2407.9249]
28   	105936.98   	0.106   	0.9894  	[21.7, 21.7, 21.7, 16.2]	[hover, front, back, right]	[2615.4037, 3022.4159, 3044.1643, 2345.6330]
29   	102732.39   	0.102   	0.9894  	[21.7, 21.7, 21.7, 16.2]	[back, front, back, back]	[2547.5477, 3101.7763, 3044.0492, 1896.1345]
30   	99758.44    	0.098   	0.9894  	[21.7, 21.7, 21.7, 16.2]	[down, front, back, right]	[2218.4809, 3196.7961, 3094.4173, 1465.1207]
31   	97074.97    	0.095   	0.9984  	[16.2, 21.7, 21.7, 16.2]	[back, hover, back, left]	[1958.9702, 2687.2343, 3164.1378, 1163.3253]
32   	94704.67    	0.092   	0.9984  	[16.2, 21.7, 21.7, 16.2]	[hover, hover, back, front]	[1494.6639, 2294.1105, 3237.9356, 953.1739]
33   	92485.00    	0.089   	0.9984  	[16.2, 21.7, 21.7, 16.2]	[right, right, back, up]	[1375.7760, 1970.3413, 3322.9830, 914.3253]
34   	90413.49    	0.086   	0.9988  	[16.2, 21.7, 21.7, 21.7]	[right, left, back, front]	[1090.1293, 1710.3411, 3368.9584, 893.9151]
35   	88358.79    	0.084   	0.9988  	[16.2, 21.7, 21.7, 21.7]	[front, hover, right, front]	[878.2057, 1476.8874, 3181.8937, 882.0939]
36   	86350.12    	0.081   	0.9988  	[16.2, 21.7, 21.7, 21.7]	[front, right, right, front]	[761.0251, 1298.5386, 3095.8404, 888.3896]
37   	84543.48    	0.079   	0.9988  	[16.2, 21.7, 21.7, 21.7]	[front, left, back, front]	[674.7425, 1127.7558, 2869.8935, 901.6936]
38   	82856.93    	0.077   	0.9988  	[16.2, 21.7, 21.7, 21.7]	[front, left, hover, front]	[677.9012, 1026.8212, 2428.2552, 968.4727]
39   	81280.65    	0.076   	0.9988  	[16.2, 21.7, 21.7, 21.7]	[front, left, hover, front]	[736.8955, 926.1943, 2076.6843, 1085.9730]
40   	79541.72    	0.074   	0.9988  	[16.2, 21.7, 21.7, 21.7]	[front, left, right, front]	[817.6994, 858.6852, 1807.9468, 1571.1173]
41   	77811.58    	0.072   	0.9988  	[16.2, 21.7, 21.7, 21.7]	[front, left, left, front]	[915.6361, 811.7743, 1553.0128, 1933.8799]
42   	76162.44    	0.070   	0.9988  	[16.2, 21.7, 21.7, 21.7]	[front, left, left, left]	[1024.7079, 788.2592, 1434.5070, 1891.9758]
43   	74632.99    	0.068   	0.9988  	[16.2, 21.7, 21.7, 21.7]	[front, left, left, front]	[1170.3438, 789.2797, 1443.7188, 1831.2301]
44   	73141.90    	0.066   	0.9988  	[16.2, 21.7, 21.7, 21.7]	[front, left, hover, left]	[1357.8393, 941.2023, 1241.4556, 1657.0544]
45   	71710.85    	0.064   	0.9988  	[16.2, 21.7, 21.7, 21.7]	[front, left, hover, left]	[1279.3541, 1374.1785, 1075.1544, 1577.5269]
46   	70315.33    	0.062   	1.0000  	[16.2, 21.7, 21.7, 21.7]	[left, back, hover, left]	[1175.7472, 1199.8234, 926.5428, 1550.0074]
47   	68949.50    	0.060   	1.0000  	[16.2, 21.7, 21.7, 21.7]	[left, back, hover, left]	[987.7683, 1119.9488, 802.6855, 1569.8178]
48   	67602.07    	0.059   	1.0000  	[16.2, 21.7, 21.7, 21.7]	[left, back, front, left]	[841.0680, 1083.9036, 717.8211, 1623.9387]
49   	66208.02    	0.057   	1.0000  	[16.2, 21.7, 21.7, 21.7]	[left, back, front, left]	[804.6007, 1099.3052, 682.5171, 1703.3790]
50   	64743.14    	0.056   	1.0000  	[16.2, 21.7, 21.7, 21.7]	[left, back, right, left]	[840.3663, 1157.6223, 707.3899, 1827.2069]
51   	63227.01    	0.054   	1.0000  	[16.2, 21.7, 21.7, 21.7]	[left, back, right, left]	[913.8268, 1239.2099, 839.8610, 1866.0542]
52   	61645.93    	0.052   	1.0000  	[16.2, 21.7, 21.7, 21.7]	[left, back, right, down]	[990.3368, 1365.2733, 826.0218, 1640.8724]
53   	60073.93    	0.050   	1.0000  	[16.2, 21.7, 21.7, 16.2]	[left, back, right, left]	[1108.5209, 1529.0567, 806.8515, 1614.5314]
54   	58664.12    	0.049   	1.0000  	[16.2, 21.7, 21.7, 16.2]	[left, hover, right, front]	[1263.9332, 1308.7337, 791.6595, 1310.1725]
55   	57330.61    	0.047   	1.0000  	[16.2, 21.7, 21.7, 16.2]	[left, hover, right, hover]	[1431.7852, 1130.3947, 770.9468, 1006.9249]
56   	56136.09    	0.046   	1.0000  	[16.2, 21.7, 21.7, 16.2]	[up, hover, right, back]	[1309.2353, 977.7283, 753.4461, 803.9662]
57   	54993.24    	0.044   	1.0000  	[21.7, 21.7, 21.7, 16.2]	[back, hover, right, back]	[1317.1533, 846.2198, 744.1203, 668.1351]
58   	53924.56    	0.043   	1.0000  	[21.7, 21.7, 21.7, 16.2]	[back, hover, back, back]	[1230.7500, 741.3406, 719.0076, 645.2435]
59   	52879.45    	0.042   	1.0000  	[21.7, 21.7, 21.7, 16.2]	[back, hover, back, back]	[1159.1331, 649.4191, 682.3050, 599.9546]
60   	51887.42    	0.041   	1.0000  	[21.7, 21.7, 21.7, 16.2]	[back, hover, hover, back]	[1134.3607, 566.5464, 591.8187, 574.7012]
61   	50866.32    	0.040   	1.0000  	[21.7, 21.7, 21.7, 16.2]	[back, hover, hover, back]	[1129.3242, 495.0089, 517.4331, 661.5418]
62   	49834.84    	0.039   	1.0000  	[21.7, 21.7, 21.7, 16.2]	[back, right, hover, back]	[1128.1091, 435.6701, 451.2281, 752.9394]
63   	48723.88    	0.038   	1.0000  	[21.7, 21.7, 21.7, 16.2]	[back, right, front, back]	[1130.0135, 473.1249, 401.1648, 851.6254]
64   	47560.65    	0.037   	1.0000  	[21.7, 21.7, 21.7, 16.2]	[back, right, front, back]	[1143.0110, 538.1636, 377.7186, 955.2282]
65   	46264.09    	0.036   	1.0000  	[21.7, 21.7, 21.7, 16.2]	[back, right, front, back]	[1188.7103, 632.1713, 389.0820, 1129.8039]
66   	44947.95    	0.035   	1.0000  	[21.7, 21.7, 21.7, 16.2]	[back, right, front, back]	[1132.0430, 745.6996, 424.3619, 1127.3189]
67   	43692.68    	0.034   	1.0000  	[21.7, 21.7, 21.7, 16.2]	[hover, right, front, right]	[978.8486, 888.0291, 474.1020, 893.1116]
68   	42442.14    	0.033   	1.0000  	[21.7, 21.7, 21.7, 16.2]	[hover, right, front, left]	[853.9921, 1060.7643, 534.9582, 721.7855]
69   	41144.91    	0.032   	1.0000  	[21.7, 21.7, 21.7, 16.2]	[hover, right, front, right]	[745.6232, 1264.8669, 637.5687, 573.2389]
70   	39901.68    	0.031   	1.0000  	[21.7, 21.7, 21.7, 16.2]	[hover, right, front, right]	[650.4022, 1204.3915, 789.1654, 529.9623]
71   	38617.03    	0.029   	1.0000  	[21.7, 21.7, 21.7, 16.2]	[right, down, front, right]	[572.5071, 1066.1293, 938.0821, 601.9753]
72   	37426.53    	0.028   	1.0000  	[21.7, 16.2, 21.7, 16.2]	[right, back, hover, right]	[570.2030, 1022.1292, 802.7101, 575.0011]
73   	36430.46    	0.028   	1.0000  	[21.7, 16.2, 21.7, 16.2]	[right, right, hover, right]	[582.3048, 876.7345, 689.6091, 490.6705]
74   	35574.35    	0.027   	1.0000  	[21.7, 16.2, 21.7, 16.2]	[right, hover, hover, right]	[534.9725, 684.1328, 600.1331, 433.4619]
75   	34828.61    	0.026   	1.0000  	[21.7, 16.2, 21.7, 16.2]	[right, hover, hover, right]	[498.3630, 531.5309, 523.8558, 371.6955]
76   	34191.03    	0.026   	1.0000  	[21.7, 16.2, 21.7, 16.2]	[right, front, hover, right]	[462.6866, 427.9236, 453.9299, 320.6903]
77   	33590.65    	0.025   	1.0000  	[21.7, 16.2, 21.7, 16.2]	[right, front, left, right]	[437.4476, 398.2822, 410.5984, 290.6192]
78   	32974.04    	0.025   	1.0000  	[21.7, 16.2, 21.7, 16.2]	[right, front, left, right]	[454.7978, 354.2231, 410.6987, 328.4320]
79   	32372.32    	0.024   	1.0000  	[21.7, 16.2, 21.7, 16.2]	[hover, front, left, right]	[398.2148, 332.9426, 441.9702, 309.3558]
80   	31780.15    	0.024   	1.0000  	[21.7, 16.2, 21.7, 16.2]	[hover, front, left, front]	[349.0096, 346.1973, 500.3153, 246.9945]
81   	31148.66    	0.023   	1.0000  	[21.7, 16.2, 21.7, 16.2]	[right, front, left, front]	[313.2646, 372.2860, 592.4362, 229.8997]
82   	30509.33    	0.023   	1.0000  	[21.7, 16.2, 21.7, 16.2]	[left, front, left, front]	[271.5931, 399.0480, 726.5042, 229.5509]
83   	29779.01    	0.022   	1.0000  	[21.7, 16.2, 21.7, 16.2]	[right, front, left, front]	[243.5085, 428.5505, 924.7225, 230.9677]
84   	28972.37    	0.021   	1.0000  	[21.7, 16.2, 21.7, 16.2]	[front, front, left, front]	[218.7286, 469.7501, 1151.9079, 236.3056]
85   	28258.30    	0.021   	1.0000  	[21.7, 16.2, 21.7, 16.2]	[front, front, hover, front]	[212.4556, 532.5479, 987.8620, 256.6178]
86   	27563.66    	0.020   	1.0000  	[21.7, 16.2, 21.7, 16.2]	[front, left, hover, front]	[232.2132, 455.9889, 851.1433, 303.6266]
87   	26908.08    	0.019   	1.0000  	[21.7, 16.2, 21.7, 16.2]	[front, left, hover, front]	[217.8705, 367.1795, 738.9296, 389.5374]
88   	26258.00    	0.019   	1.0000  	[21.7, 16.2, 21.7, 16.2]	[front, right, hover, front]	[220.0258, 303.9177, 640.8398, 595.1528]
89   	25541.38    	0.018   	1.0000  	[21.7, 16.2, 21.7, 16.2]	[front, right, hover, front]	[243.4230, 249.1956, 561.0835, 808.7021]
90   	24875.97    	0.018   	1.0000  	[21.7, 16.2, 21.7, 16.2]	[front, left, back, front]	[283.3832, 202.0611, 488.8274, 801.7605]
91   	24227.44    	0.017   	1.0000  	[21.7, 16.2, 21.7, 16.2]	[front, left, front, left]	[350.8138, 186.2979, 433.8519, 708.8179]
92   	23659.82    	0.017   	1.0000  	[21.7, 16.2, 21.7, 16.2]	[front, left, back, hover]	[368.9363, 180.5092, 379.7025, 560.5597]
93   	23140.10    	0.016   	1.0000  	[21.7, 16.2, 21.7, 16.2]	[left, left, front, left]	[338.0601, 178.4834, 335.0455, 449.6609]
94   	22663.78    	0.016   	1.0000  	[21.7, 16.2, 21.7, 16.2]	[hover, left, back, left]	[293.8310, 178.4086, 300.1979, 417.3609]
95   	22225.89    	0.016   	1.0000  	[21.7, 16.2, 21.7, 16.2]	[hover, left, front, left]	[259.4273, 191.3916, 264.4669, 408.7845]
96   	21796.16    	0.015   	1.0000  	[21.7, 16.2, 21.7, 16.2]	[hover, left, back, left]	[227.0839, 195.7542, 235.5034, 426.4964]
97   	21393.39    	0.015   	1.0000  	[21.7, 16.2, 21.7, 16.2]	[right, left, front, left]	[200.0658, 214.0949, 209.8072, 371.7045]
98   	21008.24    	0.015   	1.0000  	[21.7, 16.2, 21.7, 16.2]	[left, left, back, left]	[177.1134, 256.4542, 185.7728, 318.5957]
99   	20609.29    	0.014   	1.0000  	[21.7, 16.2, 21.7, 16.2]	[hover, left, front, left]	[154.4181, 433.0492, 166.6489, 294.9639]
[2025-12-18T14:51:53]
Strategy: greedy_ig
Pairwise: equal
News mode: IG
Num agents: 4
Iteration: 17
Error margin: None
Gaussian radius 5 
Grid info: range: 0-50-50, cell_size:0.125, map shape: (400, 400), center:True
init UAV positions: [(-5.0, -10.0, 5.4), (-5.0, 20.0, 5.4), (15.0, -25.0, 5.4), (20.0, 10.0, 5.4)]
mcts_params: {}
Step	Entropy	MSE	Coverage	Heights	Actions	IGs
------------------------------------------------------------------------------------------------------------------------
0    	160000.00   	0.250   	0.0000  	[5.4, 5.4, 5.4, 5.4]	[-, -, -, -]	[-, -, -, -]
1    	159266.72   	0.244   	0.0547  	[5.4, 5.4, 5.4, 5.4]	[up, up, up, up]	[3904.5582, 3514.1024, 1952.2791, 3514.1024]
2    	158600.62   	0.238   	0.2062  	[10.8, 10.8, 10.8, 10.8]	[up, up, up, up]	[4382.9647, 3204.0331, 2191.4824, 3204.0331]
3    	157908.36   	0.232   	0.4266  	[16.2, 16.2, 16.2, 16.2]	[up, back, front, left]	[4478.1233, 3269.3349, 2501.2737, 3259.8576]
4    	157203.55   	0.226   	0.5988  	[21.7, 16.2, 16.2, 16.2]	[front, up, front, up]	[3839.6399, 3223.3389, 2757.6538, 3210.0381]
5    	156339.16   	0.221   	0.7573  	[21.7, 21.7, 16.2, 21.7]	[front, back, front, left]	[3571.2196, 3410.2391, 2953.6768, 3409.9679]
6    	155260.74   	0.215   	0.7784  	[21.7, 21.7, 16.2, 21.7]	[front, back, front, left]	[3453.3919, 3437.2232, 2912.7086, 3424.7880]
7    	153910.26   	0.210   	0.7995  	[21.7, 21.7, 16.2, 21.7]	[front, back, front, left]	[3405.3681, 3383.2161, 2913.0484, 3369.4842]
8    	152283.48   	0.204   	0.8037  	[21.7, 21.7, 16.2, 21.7]	[front, back, front, left]	[3379.9759, 3375.0075, 2912.6642, 3358.3058]
9    	150412.58   	0.199   	0.8037  	[21.7, 21.7, 16.2, 21.7]	[front, back, front, left]	[3398.9827, 3407.6058, 2909.4215, 3383.1422]
10   	148359.27   	0.193   	0.8037  	[21.7, 21.7, 16.2, 21.7]	[front, back, front, left]	[3419.9989, 3425.0053, 2918.1030, 3408.1846]
11   	146361.05   	0.188   	0.8037  	[21.7, 21.7, 16.2, 21.7]	[left, back, front, left]	[3250.9905, 3432.3857, 2922.5244, 3423.6016]
12   	144521.69   	0.182   	0.8350  	[21.7, 21.7, 16.2, 21.7]	[left, back, front, left]	[3168.5795, 3427.6571, 2902.5095, 3417.2829]
13   	142893.95   	0.177   	0.8686  	[21.7, 21.7, 16.2, 21.7]	[left, back, front, left]	[2699.4638, 3425.5898, 2913.9867, 3406.0929]
14   	141241.41   	0.172   	0.8950  	[21.7, 21.7, 16.2, 21.7]	[right, right, front, back]	[2302.6417, 3269.0161, 2927.2692, 3243.9771]
15   	139706.34   	0.168   	0.9028  	[21.7, 21.7, 16.2, 21.7]	[left, right, front, back]	[1990.2506, 3179.0875, 2912.8543, 3168.1791]
16   	137984.07   	0.163   	0.9275  	[21.7, 21.7, 16.2, 21.7]	[back, right, left, back]	[1774.9777, 3140.5118, 2723.2217, 3149.6402]
17   	136138.20   	0.159   	0.9369  	[21.7, 21.7, 16.2, 21.7]	[back, right, left, back]	[1629.3373, 3155.7363, 2661.5956, 3162.9998]
18   	134143.94   	0.154   	0.9463  	[21.7, 21.7, 16.2, 21.7]	[back, right, left, back]	[1564.6779, 3198.3454, 2680.9840, 3202.4927]
19   	132181.38   	0.150   	0.9556  	[21.7, 21.7, 16.2, 21.7]	[back, right, left, back]	[1556.2451, 2954.1422, 2746.0052, 3253.2931]
20   	130164.84   	0.146   	0.9703  	[21.7, 21.7, 16.2, 21.7]	[back, front, left, back]	[1598.2509, 2726.8780, 2822.1111, 3333.6054]
21   	127967.58   	0.141   	0.9844  	[21.7, 21.7, 16.2, 21.7]	[back, front, left, right]	[1742.4999, 2595.3226, 2925.0256, 3121.9456]
22   	125636.37   	0.137   	0.9867  	[21.7, 21.7, 16.2, 21.7]	[back, front, left, right]	[2004.0133, 2528.6458, 2928.8058, 3001.3445]
23   	123337.38   	0.133   	0.9886  	[21.7, 21.7, 16.2, 21.7]	[back, front, left, right]	[2184.0356, 2507.1979, 2923.8995, 2940.0933]
24   	121145.93   	0.128   	0.9958  	[21.7, 21.7, 16.2, 21.7]	[right, front, left, right]	[2005.0964, 2520.6663, 2923.7901, 2940.2764]
25   	118773.42   	0.124   	0.9973  	[21.7, 21.7, 16.2, 21.7]	[right, front, back, right]	[1754.2651, 2583.9245, 2741.8880, 2978.4311]
26   	116399.26   	0.120   	0.9981  	[21.7, 21.7, 16.2, 21.7]	[right, front, up, right]	[1660.7372, 2645.5813, 2854.8831, 3036.3216]
27   	113774.45   	0.116   	0.9992  	[21.7, 21.7, 21.7, 21.7]	[right, front, back, right]	[1992.4777, 2502.8423, 2854.3997, 3117.4646]
28   	110932.30   	0.111   	0.9997  	[21.7, 21.7, 21.7, 21.7]	[right, down, back, right]	[2278.8373, 2403.4079, 2929.6461, 2921.1393]
29   	108114.79   	0.107   	0.9998  	[21.7, 16.2, 21.7, 21.7]	[right, front, back, down]	[2543.8478, 2049.0222, 3014.2324, 2628.4297]
30   	105406.75   	0.103   	0.9998  	[21.7, 16.2, 21.7, 16.2]	[right, right, back, right]	[2772.1973, 1672.5200, 3119.5337, 2211.7203]
31   	102698.77   	0.100   	0.9998  	[21.7, 16.2, 21.7, 16.2]	[right, hover, back, back]	[2978.7211, 1288.3466, 3224.0617, 1874.4466]
32   	100212.31   	0.096   	0.9998  	[21.7, 16.2, 21.7, 16.2]	[right, back, back, hover]	[2836.7279, 1043.2972, 3325.8103, 1434.3624]
33   	97807.81    	0.093   	1.0000  	[21.7, 16.2, 21.7, 16.2]	[front, back, back, left]	[2703.1138, 877.0634, 3340.5568, 1154.6847]
34   	95501.01    	0.090   	1.0000  	[21.7, 16.2, 21.7, 16.2]	[front, back, back, up]	[2581.6601, 743.3276, 3335.6908, 1158.4312]
35   	92982.82    	0.087   	1.0000  	[21.7, 16.2, 21.7, 21.7]	[front, back, right, front]	[2539.4195, 701.0019, 3250.6224, 1049.1651]
36   	90342.25    	0.084   	1.0000  	[21.7, 16.2, 21.7, 21.7]	[front, back, right, front]	[2528.1864, 710.7184, 3169.7533, 960.5840]
37   	87840.34    	0.081   	1.0000  	[21.7, 16.2, 21.7, 21.7]	[front, back, hover, front]	[2566.8402, 776.5589, 2658.7164, 907.8620]
38   	85405.75    	0.079   	1.0000  	[21.7, 16.2, 21.7, 21.7]	[front, back, hover, front]	[2648.2811, 845.0402, 2255.7850, 883.0040]
39   	82973.75    	0.076   	1.0000  	[21.7, 16.2, 21.7, 21.7]	[front, back, front, front]	[2749.2716, 946.8199, 1936.3967, 863.8978]
40   	80596.12    	0.074   	1.0000  	[21.7, 16.2, 21.7, 21.7]	[front, back, front, front]	[2871.8799, 1090.3783, 1729.8564, 852.2886]
41   	78461.22    	0.072   	1.0000  	[21.7, 16.2, 21.7, 21.7]	[left, back, right, front]	[2428.9033, 1260.1476, 1480.0604, 883.9230]
42   	76503.20    	0.069   	1.0000  	[21.7, 16.2, 21.7, 21.7]	[right, back, right, front]	[2096.8500, 1264.0431, 1307.2968, 983.7027]
43   	74685.13    	0.068   	1.0000  	[21.7, 16.2, 21.7, 21.7]	[front, left, right, front]	[1821.9384, 1037.0059, 1168.5025, 1363.6491]
44   	72920.16    	0.066   	1.0000  	[21.7, 16.2, 21.7, 21.7]	[down, left, back, left]	[1822.7408, 867.8967, 1061.0714, 1232.5331]
45   	71421.34    	0.064   	1.0000  	[16.2, 16.2, 21.7, 21.7]	[right, left, back, left]	[1467.3688, 828.1384, 1062.3523, 1125.8877]
46   	70077.37    	0.063   	1.0000  	[16.2, 16.2, 21.7, 21.7]	[front, left, left, left]	[1152.3078, 878.1729, 965.4786, 1084.8318]
47   	68757.37    	0.061   	1.0000  	[16.2, 16.2, 21.7, 21.7]	[left, left, left, left]	[931.3620, 980.0019, 916.8175, 1101.9059]
48   	67456.83    	0.060   	1.0000  	[16.2, 16.2, 21.7, 21.7]	[left, left, left, left]	[806.1980, 1117.4098, 886.3129, 1153.4722]
49   	66092.69    	0.058   	1.0000  	[16.2, 16.2, 21.7, 21.7]	[left, left, left, left]	[810.0699, 1253.2450, 957.8167, 1241.5123]
50   	64749.69    	0.057   	1.0000  	[16.2, 16.2, 21.7, 21.7]	[left, left, left, left]	[759.6724, 1428.1174, 1022.1809, 1357.9439]
51   	63287.37    	0.055   	1.0000  	[16.2, 16.2, 21.7, 21.7]	[left, left, hover, left]	[731.0812, 1860.7635, 880.0135, 1525.8819]
52   	61866.74    	0.053   	1.0000  	[16.2, 16.2, 21.7, 21.7]	[left, left, hover, left]	[729.5718, 2141.8678, 759.3371, 1548.0663]
53   	60528.82    	0.051   	1.0000  	[16.2, 16.2, 21.7, 21.7]	[left, front, hover, hover]	[735.0334, 1923.4927, 658.8289, 1316.8344]
54   	59388.06    	0.050   	1.0000  	[16.2, 16.2, 21.7, 21.7]	[left, left, hover, hover]	[734.8874, 1742.2983, 575.7014, 1131.9725]
55   	58295.07    	0.048   	1.0000  	[16.2, 16.2, 21.7, 21.7]	[left, front, front, hover]	[784.0607, 1574.7395, 509.7926, 980.0343]
56   	57236.19    	0.047   	1.0000  	[16.2, 16.2, 21.7, 21.7]	[left, front, front, hover]	[873.5079, 1497.8438, 506.4465, 847.9577]
57   	56195.32    	0.046   	1.0000  	[16.2, 16.2, 21.7, 21.7]	[left, front, front, hover]	[803.0422, 1500.2430, 497.6575, 736.3555]
58   	55082.34    	0.044   	1.0000  	[16.2, 16.2, 21.7, 21.7]	[back, front, front, back]	[682.5177, 1535.8210, 517.7888, 646.2080]
59   	53891.25    	0.043   	1.0000  	[16.2, 16.2, 21.7, 21.7]	[hover, front, front, back]	[534.9072, 1580.4371, 557.5398, 648.6859]
60   	52653.71    	0.042   	1.0000  	[16.2, 16.2, 21.7, 21.7]	[back, front, front, back]	[437.8974, 1597.4740, 617.5229, 686.6161]
61   	51279.16    	0.041   	1.0000  	[16.2, 16.2, 21.7, 21.7]	[back, front, front, back]	[367.2810, 1606.5746, 708.4913, 763.2083]
62   	49832.07    	0.039   	1.0000  	[16.2, 16.2, 21.7, 21.7]	[back, front, front, back]	[356.1975, 1629.6119, 857.3455, 858.6486]
63   	48309.82    	0.038   	1.0000  	[16.2, 16.2, 21.7, 21.7]	[back, front, right, back]	[380.8171, 1674.4138, 755.4402, 984.7450]
64   	46828.96    	0.037   	1.0000  	[16.2, 16.2, 21.7, 21.7]	[back, front, right, back]	[441.0559, 1508.8251, 712.1633, 1142.8360]
65   	45415.49    	0.035   	1.0000  	[16.2, 16.2, 21.7, 21.7]	[back, right, right, back]	[494.8777, 1198.3428, 628.7997, 1335.9450]
66   	44159.19    	0.034   	1.0000  	[16.2, 16.2, 21.7, 21.7]	[back, hover, right, back]	[578.0384, 929.2571, 593.6245, 1244.3872]
67   	42978.98    	0.033   	1.0000  	[16.2, 16.2, 21.7, 21.7]	[back, left, right, down]	[700.1724, 742.3431, 602.7977, 1208.1260]
68   	41843.83    	0.032   	1.0000  	[16.2, 16.2, 21.7, 16.2]	[back, right, right, back]	[869.9869, 601.5350, 652.8423, 1018.3884]
69   	40713.71    	0.031   	1.0000  	[16.2, 16.2, 21.7, 16.2]	[back, up, right, left]	[986.9204, 547.3895, 754.1525, 857.4181]
70   	39647.06    	0.030   	1.0000  	[16.2, 21.7, 21.7, 16.2]	[right, back, right, front]	[782.4788, 586.3563, 884.1266, 666.6797]
71   	38672.58    	0.029   	1.0000  	[16.2, 21.7, 21.7, 16.2]	[left, right, right, back]	[610.4130, 615.8443, 855.8025, 539.9583]
72   	37791.95    	0.028   	1.0000  	[16.2, 21.7, 21.7, 16.2]	[right, back, hover, right]	[501.5017, 571.4374, 734.8086, 447.8650]
73   	37003.17    	0.028   	1.0000  	[16.2, 21.7, 21.7, 16.2]	[right, back, hover, right]	[407.5809, 542.5144, 636.1511, 426.1941]
74   	36223.74    	0.027   	1.0000  	[16.2, 21.7, 21.7, 16.2]	[right, back, hover, right]	[387.1840, 515.7780, 554.4771, 489.3672]
75   	35495.48    	0.026   	1.0000  	[16.2, 21.7, 21.7, 16.2]	[right, back, back, right]	[388.2017, 464.7385, 494.4810, 482.5823]
76   	34785.04    	0.026   	1.0000  	[16.2, 21.7, 21.7, 16.2]	[right, back, back, right]	[426.9161, 436.7476, 480.7362, 476.9471]
77   	33997.34    	0.025   	1.0000  	[16.2, 21.7, 21.7, 16.2]	[right, back, back, right]	[557.2711, 432.4555, 477.7366, 438.7751]
78   	33198.75    	0.024   	1.0000  	[16.2, 21.7, 21.7, 16.2]	[right, back, back, right]	[676.1246, 443.2771, 485.8552, 415.0727]
79   	32295.87    	0.024   	1.0000  	[16.2, 21.7, 21.7, 16.2]	[right, back, back, right]	[812.6945, 483.8330, 500.2214, 386.7396]
80   	31377.90    	0.023   	1.0000  	[16.2, 21.7, 21.7, 16.2]	[right, back, back, right]	[957.8465, 482.7005, 521.2751, 362.4832]
81   	30399.70    	0.022   	1.0000  	[16.2, 21.7, 21.7, 16.2]	[right, left, back, right]	[1126.3636, 493.3345, 554.0539, 374.9104]
82   	29442.91    	0.021   	1.0000  	[16.2, 21.7, 21.7, 16.2]	[right, hover, back, right]	[1123.8459, 426.4034, 620.4354, 375.7629]
83   	28598.70    	0.020   	1.0000  	[16.2, 21.7, 21.7, 16.2]	[front, hover, left, front]	[888.5432, 373.0379, 559.2795, 298.5454]
84   	27889.66    	0.020   	1.0000  	[16.2, 21.7, 21.7, 16.2]	[front, hover, hover, front]	[735.0542, 324.5657, 484.5662, 263.4690]
85   	27224.30    	0.019   	1.0000  	[16.2, 21.7, 21.7, 16.2]	[front, hover, hover, front]	[659.2109, 281.6741, 426.6824, 253.3436]
86   	26612.79    	0.019   	1.0000  	[16.2, 21.7, 21.7, 16.2]	[front, hover, right, front]	[625.2272, 247.2099, 381.8725, 242.6024]
87   	26042.71    	0.018   	1.0000  	[16.2, 21.7, 21.7, 16.2]	[front, hover, left, front]	[564.2607, 217.5152, 337.7014, 233.9438]
88   	25550.49    	0.018   	1.0000  	[16.2, 21.7, 21.7, 16.2]	[front, front, right, front]	[489.9338, 192.6718, 297.9861, 235.7920]
89   	25095.62    	0.018   	1.0000  	[16.2, 21.7, 21.7, 16.2]	[front, back, left, front]	[421.9774, 170.8711, 261.9674, 239.2360]
90   	24696.11    	0.017   	1.0000  	[16.2, 21.7, 21.7, 16.2]	[front, right, right, front]	[377.4227, 157.5565, 235.8701, 242.4175]
91   	24298.92    	0.017   	1.0000  	[16.2, 21.7, 21.7, 16.2]	[front, right, left, front]	[366.3938, 152.1802, 207.1294, 288.4887]
92   	23863.62    	0.017   	1.0000  	[16.2, 21.7, 21.7, 16.2]	[front, right, right, front]	[370.8638, 157.2712, 189.0839, 419.1058]
93   	23364.56    	0.016   	1.0000  	[16.2, 21.7, 21.7, 16.2]	[front, right, left, front]	[307.9012, 160.0187, 168.9453, 685.4631]
94   	22948.59    	0.016   	1.0000  	[16.2, 21.7, 21.7, 16.2]	[hover, right, right, left]	[241.7858, 173.0059, 150.9235, 530.4929]
95   	22590.53    	0.016   	1.0000  	[16.2, 21.7, 21.7, 16.2]	[back, right, left, right]	[194.5032, 204.8742, 133.8604, 426.7161]
96   	22231.29    	0.015   	1.0000  	[16.2, 21.7, 21.7, 16.2]	[up, right, left, left]	[175.6590, 253.9623, 125.1143, 341.5709]
97   	21866.74    	0.015   	1.0000  	[21.7, 21.7, 21.7, 16.2]	[left, right, left, left]	[197.3064, 321.8475, 122.8412, 297.0203]
98   	21493.80    	0.015   	1.0000  	[21.7, 21.7, 21.7, 16.2]	[left, right, left, left]	[224.6495, 354.1125, 121.5745, 281.4775]
99   	21131.37    	0.014   	1.0000  	[21.7, 21.7, 21.7, 16.2]	[back, hover, left, left]	[226.6760, 308.7393, 128.7878, 243.4206]
[2025-12-18T14:52:03]
Strategy: greedy_ig
Pairwise: equal
News mode: IG
Num agents: 4
Iteration: 18
Error margin: None
Gaussian radius 5 
Grid info: range: 0-50-50, cell_size:0.125, map shape: (400, 400), center:True
init UAV positions: [(-20.0, -20.0, 5.4), (-15.0, 0.0, 5.4), (25.0, -25.0, 5.4), (25.0, 25.0, 5.4)]
mcts_params: {}
Step	Entropy	MSE	Coverage	Heights	Actions	IGs
------------------------------------------------------------------------------------------------------------------------
0    	160000.00   	0.250   	0.0000  	[5.4, 5.4, 5.4, 5.4]	[-, -, -, -]	[-, -, -, -]
1    	159486.71   	0.246   	0.0391  	[5.4, 5.4, 5.4, 5.4]	[up, up, up, up]	[3162.6921, 3904.5582, 976.1395, 976.1395]
2    	159031.78   	0.242   	0.1444  	[10.8, 10.8, 10.8, 10.8]	[up, up, up, up]	[2315.8095, 4382.9647, 1095.7412, 1095.7412]
3    	158567.61   	0.238   	0.2936  	[16.2, 16.2, 16.2, 16.2]	[right, up, front, back]	[2415.7329, 3886.0144, 1252.8166, 1255.8494]
4    	158031.51   	0.234   	0.4062  	[16.2, 21.7, 16.2, 16.2]	[front, right, left, left]	[2638.4608, 3858.4513, 1534.6797, 1537.3843]
5    	157439.71   	0.230   	0.4688  	[16.2, 21.7, 16.2, 16.2]	[front, right, front, back]	[2661.5706, 3579.7590, 1739.7660, 1741.8614]
6    	156830.81   	0.225   	0.5312  	[16.2, 21.7, 16.2, 16.2]	[right, right, left, left]	[2701.9636, 3460.0285, 2052.5335, 2057.1753]
7    	156150.33   	0.221   	0.6148  	[16.2, 21.7, 16.2, 16.2]	[up, right, left, back]	[2782.3817, 3398.7190, 2293.9647, 2281.4821]
8    	155412.72   	0.216   	0.6969  	[21.7, 21.7, 16.2, 16.2]	[right, right, front, left]	[2874.2063, 3385.1808, 2624.2209, 2611.5273]
9    	154540.29   	0.211   	0.7625  	[21.7, 21.7, 16.2, 16.2]	[front, right, front, left]	[2960.7303, 3404.8346, 2630.2285, 2658.0852]
10   	153544.65   	0.206   	0.8047  	[21.7, 21.7, 16.2, 16.2]	[front, right, front, left]	[3017.6007, 3408.8236, 2696.0570, 2730.4282]
11   	152425.65   	0.201   	0.8391  	[21.7, 21.7, 16.2, 16.2]	[front, right, front, left]	[3088.2398, 3410.8627, 2772.6148, 2812.8431]
12   	151183.68   	0.196   	0.8656  	[21.7, 21.7, 16.2, 16.2]	[front, right, front, left]	[3172.9449, 3278.7589, 2855.0754, 2877.4640]
13   	149779.45   	0.191   	0.8844  	[21.7, 21.7, 16.2, 16.2]	[front, front, front, left]	[3257.6839, 3132.8667, 2915.0172, 2909.1605]
14   	148249.84   	0.186   	0.9103  	[21.7, 21.7, 16.2, 16.2]	[front, front, front, left]	[3329.6374, 3061.7709, 2918.3091, 2909.7514]
15   	146613.01   	0.180   	0.9369  	[21.7, 21.7, 16.2, 16.2]	[front, front, front, left]	[3385.0248, 3050.4445, 2933.8325, 2896.7253]
16   	144886.03   	0.175   	0.9556  	[21.7, 21.7, 16.2, 16.2]	[front, front, front, left]	[3418.2104, 3058.3245, 2925.5815, 2897.9212]
17   	143054.31   	0.170   	0.9666  	[21.7, 21.7, 16.2, 16.2]	[right, left, front, left]	[3249.3126, 2727.4052, 2914.1289, 2907.1275]
18   	141120.77   	0.166   	0.9681  	[21.7, 21.7, 16.2, 16.2]	[right, left, front, left]	[3172.3880, 2463.2680, 2915.0189, 2914.1617]
19   	138849.88   	0.161   	0.9781  	[21.7, 21.7, 16.2, 16.2]	[right, left, left, back]	[3154.4433, 2294.7826, 2740.5950, 2724.8467]
20   	136255.49   	0.157   	0.9781  	[21.7, 21.7, 16.2, 16.2]	[right, left, left, back]	[3173.5802, 2191.3503, 2668.8250, 2664.2907]
21   	133348.05   	0.152   	0.9781  	[21.7, 21.7, 16.2, 16.2]	[right, left, left, back]	[3209.3857, 2156.5998, 2684.9559, 2691.9070]
22   	130271.18   	0.148   	0.9781  	[21.7, 21.7, 16.2, 16.2]	[right, left, left, back]	[3266.9481, 2172.9686, 2739.2066, 2738.1138]
23   	127131.52   	0.143   	0.9781  	[21.7, 21.7, 16.2, 16.2]	[right, left, left, back]	[3332.5455, 2235.4083, 2819.7589, 2839.8481]
24   	124086.55   	0.139   	0.9781  	[21.7, 21.7, 16.2, 16.2]	[back, left, left, back]	[3110.5288, 2371.0935, 2918.8365, 2925.9238]
25   	121371.93   	0.134   	0.9781  	[21.7, 21.7, 16.2, 16.2]	[back, left, left, back]	[3003.0266, 2011.4674, 2914.8303, 2909.8068]
26   	118822.13   	0.130   	0.9781  	[21.7, 21.7, 16.2, 16.2]	[back, down, left, back]	[2951.6896, 1879.8826, 2910.6731, 2912.5945]
27   	116436.34   	0.126   	0.9781  	[21.7, 16.2, 16.2, 16.2]	[back, front, left, back]	[2964.2980, 1766.1884, 2902.2777, 2914.3497]
28   	114337.43   	0.122   	0.9803  	[21.7, 16.2, 16.2, 16.2]	[back, hover, left, back]	[2993.4617, 1361.7199, 2891.4173, 2924.8779]
29   	112305.98   	0.118   	0.9858  	[21.7, 16.2, 16.2, 16.2]	[back, left, back, right]	[3059.4796, 1074.9167, 2717.9933, 2740.9557]
30   	110270.09   	0.114   	0.9912  	[21.7, 16.2, 16.2, 16.2]	[back, right, back, right]	[3140.4858, 845.9918, 2663.7631, 2688.6354]
31   	108302.84   	0.110   	0.9967  	[21.7, 16.2, 16.2, 16.2]	[back, right, back, right]	[2950.9331, 699.5590, 2677.1108, 2696.9926]
32   	106343.92   	0.107   	1.0000  	[21.7, 16.2, 16.2, 16.2]	[down, right, back, right]	[2614.1334, 648.9486, 2745.6332, 2762.0334]
33   	104299.77   	0.103   	1.0000  	[16.2, 16.2, 16.2, 16.2]	[back, right, back, right]	[2203.3693, 596.1271, 2813.7281, 2846.7200]
34   	102153.73   	0.100   	1.0000  	[16.2, 16.2, 16.2, 16.2]	[right, right, back, right]	[1866.4030, 589.0362, 2912.6352, 2931.5554]
35   	100105.36   	0.097   	1.0000  	[16.2, 16.2, 16.2, 16.2]	[right, right, back, right]	[1555.9379, 642.6282, 2909.3533, 2918.6461]
36   	98079.34    	0.094   	1.0000  	[16.2, 16.2, 16.2, 16.2]	[front, right, back, right]	[1239.2607, 726.5621, 2921.3352, 2908.3793]
37   	96100.95    	0.091   	1.0000  	[16.2, 16.2, 16.2, 16.2]	[front, right, back, right]	[1021.6689, 829.3214, 2918.6738, 2907.7071]
38   	94146.25    	0.088   	1.0000  	[16.2, 16.2, 16.2, 16.2]	[front, right, back, right]	[888.6107, 959.7766, 2927.3092, 2914.3715]
39   	92151.68    	0.085   	1.0000  	[16.2, 16.2, 16.2, 16.2]	[front, right, right, front]	[857.0574, 1147.5432, 2727.6209, 2727.7198]
40   	90024.35    	0.082   	1.0000  	[16.2, 16.2, 16.2, 16.2]	[front, right, right, front]	[879.8406, 1250.7059, 2664.9303, 2679.6707]
41   	87749.06    	0.079   	1.0000  	[16.2, 16.2, 16.2, 16.2]	[front, hover, right, front]	[942.5850, 968.8414, 2686.6805, 2720.4915]
42   	85354.38    	0.076   	1.0000  	[16.2, 16.2, 16.2, 16.2]	[front, back, right, front]	[1022.5968, 770.5061, 2737.8246, 2767.8476]
43   	83315.58    	0.073   	1.0000  	[16.2, 16.2, 16.2, 16.2]	[front, back, front, left]	[1119.5859, 684.6029, 2330.8197, 2355.6884]
44   	81243.26    	0.071   	1.0000  	[16.2, 16.2, 16.2, 16.2]	[front, back, front, left]	[1259.3850, 754.6460, 2146.1094, 2158.8730]
45   	79048.38    	0.068   	1.0000  	[16.2, 16.2, 16.2, 16.2]	[front, back, front, left]	[1433.4335, 885.1477, 2090.5882, 2075.6809]
46   	76690.62    	0.066   	1.0000  	[16.2, 16.2, 16.2, 16.2]	[front, back, front, left]	[1367.0482, 1070.7747, 2078.3290, 2083.8695]
47   	74583.91    	0.064   	1.0000  	[16.2, 16.2, 16.2, 16.2]	[left, back, right, front]	[1188.3426, 1274.8254, 1643.2213, 1649.6654]
48   	72375.97    	0.062   	1.0000  	[16.2, 16.2, 16.2, 16.2]	[left, back, right, front]	[986.0353, 1821.0570, 1362.0655, 1390.2389]
49   	70223.11    	0.060   	1.0000  	[16.2, 16.2, 16.2, 16.2]	[left, back, front, left]	[834.3498, 2184.2969, 1096.9800, 1115.9603]
50   	68220.98    	0.058   	1.0000  	[16.2, 16.2, 16.2, 16.2]	[left, back, front, left]	[803.4143, 2418.3258, 913.3472, 931.7753]
51   	66308.53    	0.056   	1.0000  	[16.2, 16.2, 16.2, 16.2]	[left, back, front, left]	[830.6082, 2608.3540, 764.6606, 777.8030]
52   	64564.16    	0.054   	1.0000  	[16.2, 16.2, 16.2, 16.2]	[left, left, up, up]	[910.9645, 2342.0290, 690.0259, 712.0163]
53   	62852.07    	0.053   	1.0000  	[16.2, 16.2, 21.7, 21.7]	[left, left, right, front]	[987.1770, 2191.5608, 673.3335, 696.4311]
54   	61156.95    	0.051   	1.0000  	[16.2, 16.2, 21.7, 21.7]	[left, left, front, front]	[1101.6656, 2126.7666, 664.3080, 678.1323]
55   	59393.50    	0.049   	1.0000  	[16.2, 16.2, 21.7, 21.7]	[left, left, front, front]	[1255.6180, 2135.2848, 695.3904, 696.4762]
56   	57538.98    	0.047   	1.0000  	[16.2, 16.2, 21.7, 21.7]	[left, left, right, left]	[1433.5366, 2175.0283, 741.1940, 724.9718]
57   	55625.76    	0.045   	1.0000  	[16.2, 16.2, 21.7, 21.7]	[left, left, right, left]	[1530.7363, 2255.6258, 828.5538, 831.2092]
58   	53772.10    	0.043   	1.0000  	[16.2, 16.2, 21.7, 21.7]	[back, left, hover, hover]	[1319.6769, 2278.7194, 726.9251, 727.6214]
59   	52024.53    	0.041   	1.0000  	[16.2, 16.2, 21.7, 21.7]	[back, left, hover, hover]	[1106.1823, 2309.8663, 636.0991, 632.9596]
60   	50373.74    	0.040   	1.0000  	[16.2, 16.2, 21.7, 21.7]	[back, left, hover, hover]	[973.9875, 2381.9136, 551.6351, 551.4654]
61   	48810.96    	0.038   	1.0000  	[16.2, 16.2, 21.7, 21.7]	[back, left, hover, hover]	[929.2132, 2426.7071, 479.5431, 484.2306]
62   	47571.26    	0.037   	1.0000  	[16.2, 16.2, 21.7, 21.7]	[back, left, hover, hover]	[832.9468, 1860.6736, 421.5524, 424.5587]
63   	46586.73    	0.036   	1.0000  	[16.2, 16.2, 21.7, 21.7]	[back, right, hover, hover]	[744.6884, 1431.3708, 365.7980, 367.5581]
64   	45727.64    	0.035   	1.0000  	[16.2, 16.2, 21.7, 21.7]	[back, front, hover, back]	[635.2773, 1139.2739, 321.6642, 331.0982]
65   	44932.23    	0.034   	1.0000  	[16.2, 16.2, 21.7, 21.7]	[right, up, back, back]	[563.9646, 1039.9806, 291.9746, 333.9276]
66   	44118.25    	0.034   	1.0000  	[16.2, 21.7, 21.7, 21.7]	[up, right, back, back]	[665.3301, 943.4627, 301.5145, 338.6202]
67   	43340.25    	0.033   	1.0000  	[21.7, 21.7, 21.7, 21.7]	[back, hover, back, back]	[661.0669, 822.4946, 337.9378, 372.6889]
68   	42553.33    	0.032   	1.0000  	[21.7, 21.7, 21.7, 21.7]	[back, hover, back, back]	[701.5634, 721.1427, 360.7408, 448.1376]
69   	41677.08    	0.031   	1.0000  	[21.7, 21.7, 21.7, 21.7]	[back, front, back, back]	[719.6198, 638.2273, 427.9773, 541.5527]
70   	40749.43    	0.031   	1.0000  	[21.7, 21.7, 21.7, 21.7]	[right, left, back, back]	[751.8158, 580.7516, 522.2542, 658.4423]
71   	39711.88    	0.030   	1.0000  	[21.7, 21.7, 21.7, 21.7]	[right, front, back, back]	[829.2027, 530.9497, 629.1766, 815.4160]
72   	38670.74    	0.029   	1.0000  	[21.7, 21.7, 21.7, 21.7]	[right, right, back, hover]	[862.1850, 466.2708, 782.6418, 707.6997]
73   	37712.82    	0.028   	1.0000  	[21.7, 21.7, 21.7, 21.7]	[right, left, left, hover]	[790.7562, 412.5369, 765.2492, 623.8134]
74   	36842.41    	0.027   	1.0000  	[21.7, 21.7, 21.7, 21.7]	[down, back, left, hover]	[739.1331, 364.8159, 730.2037, 540.5041]
75   	36013.76    	0.026   	1.0000  	[16.2, 21.7, 21.7, 21.7]	[back, back, left, hover]	[679.9847, 368.4725, 657.2512, 472.1160]
76   	35281.48    	0.026   	1.0000  	[16.2, 21.7, 21.7, 21.7]	[right, right, left, right]	[580.3997, 343.0473, 592.4717, 419.5538]
77   	34550.81    	0.025   	1.0000  	[16.2, 21.7, 21.7, 21.7]	[right, right, left, right]	[512.4948, 356.4817, 598.6582, 395.4555]
78   	33900.15    	0.025   	1.0000  	[16.2, 21.7, 21.7, 21.7]	[right, right, hover, hover]	[453.3610, 397.5861, 524.4700, 346.4273]
79   	33298.43    	0.024   	1.0000  	[16.2, 21.7, 21.7, 21.7]	[right, right, hover, hover]	[411.3328, 384.9601, 462.5845, 302.2403]
80   	32720.39    	0.024   	1.0000  	[16.2, 21.7, 21.7, 21.7]	[right, right, hover, left]	[445.0957, 402.6880, 401.5273, 267.1382]
81   	32097.20    	0.023   	1.0000  	[16.2, 21.7, 21.7, 21.7]	[right, right, left, left]	[442.0595, 441.2302, 479.5803, 272.8451]
82   	31478.51    	0.023   	1.0000  	[16.2, 21.7, 21.7, 21.7]	[hover, right, left, hover]	[346.6846, 502.5789, 575.9088, 239.7984]
83   	30884.40    	0.022   	1.0000  	[16.2, 21.7, 21.7, 21.7]	[hover, right, hover, hover]	[278.3378, 600.8625, 504.0246, 214.7633]
84   	30295.31    	0.022   	1.0000  	[16.2, 21.7, 21.7, 21.7]	[front, right, up, hover]	[226.8714, 686.3375, 455.3262, 192.5407]
85   	29721.76    	0.021   	1.0000  	[16.2, 21.7, 27.1, 21.7]	[up, hover, front, hover]	[220.2116, 597.3048, 486.2348, 171.1215]
86   	29176.51    	0.021   	1.0000  	[21.7, 21.7, 27.1, 21.7]	[left, hover, hover, right]	[250.0508, 519.8114, 453.4488, 149.9826]
87   	28639.54    	0.020   	1.0000  	[21.7, 21.7, 27.1, 21.7]	[front, hover, hover, right]	[243.4229, 451.3158, 423.0094, 166.6245]
88   	28125.17    	0.020   	1.0000  	[21.7, 21.7, 27.1, 21.7]	[front, hover, hover, right]	[247.8677, 391.6211, 391.7628, 202.9515]
89   	27635.33    	0.019   	1.0000  	[21.7, 21.7, 27.1, 21.7]	[front, hover, hover, right]	[267.9450, 342.7392, 364.3078, 250.1424]
90   	27137.39    	0.019   	1.0000  	[21.7, 21.7, 27.1, 21.7]	[front, hover, hover, right]	[261.6975, 301.6645, 340.3446, 334.5927]
91   	26594.09    	0.019   	1.0000  	[21.7, 21.7, 27.1, 21.7]	[front, hover, hover, right]	[271.6463, 263.6266, 317.3443, 447.5707]
92   	26006.31    	0.018   	1.0000  	[21.7, 21.7, 27.1, 21.7]	[front, hover, hover, right]	[293.6577, 231.6188, 295.9199, 594.7962]
93   	25326.99    	0.018   	1.0000  	[21.7, 21.7, 27.1, 21.7]	[front, hover, hover, right]	[317.7047, 204.4734, 277.4788, 790.2540]
94   	24707.31    	0.017   	1.0000  	[21.7, 21.7, 27.1, 21.7]	[front, hover, hover, front]	[377.3487, 179.2375, 258.0555, 701.6304]
95   	24072.95    	0.017   	1.0000  	[21.7, 21.7, 27.1, 21.7]	[front, front, hover, front]	[394.2025, 161.5569, 242.1861, 714.6952]
96   	23472.08    	0.016   	1.0000  	[21.7, 21.7, 27.1, 21.7]	[hover, front, hover, front]	[345.5665, 155.6672, 225.5519, 701.3947]
97   	22894.28    	0.016   	1.0000  	[21.7, 21.7, 27.1, 21.7]	[hover, left, front, front]	[305.4567, 141.8494, 210.8312, 665.3996]
98   	22336.00    	0.015   	1.0000  	[21.7, 21.7, 27.1, 21.7]	[hover, hover, front, front]	[270.6733, 124.9146, 219.8360, 655.9018]
99   	21830.72    	0.015   	1.0000  	[21.7, 21.7, 27.1, 21.7]	[left, up, front, front]	[238.9047, 113.3981, 246.7352, 646.2160]
[2025-12-18T14:52:13]
Strategy: greedy_ig
Pairwise: equal
News mode: IG
Num agents: 4
Iteration: 19
Error margin: None
Gaussian radius 5 
Grid info: range: 0-50-50, cell_size:0.125, map shape: (400, 400), center:True
init UAV positions: [(-15.0, -15.0, 5.4), (-5.0, 20.0, 5.4), (10.0, -5.0, 5.4), (20.0, 20.0, 5.4)]
mcts_params: {}
Step	Entropy	MSE	Coverage	Heights	Actions	IGs
------------------------------------------------------------------------------------------------------------------------
0    	160000.00   	0.250   	0.0000  	[5.4, 5.4, 5.4, 5.4]	[-, -, -, -]	[-, -, -, -]
1    	159175.62   	0.243   	0.0625  	[5.4, 5.4, 5.4, 5.4]	[up, up, up, up]	[3904.5582, 3514.1024, 3904.5582, 3162.6921]
2    	158446.32   	0.237   	0.2319  	[10.8, 10.8, 10.8, 10.8]	[up, up, up, up]	[4382.9647, 3204.0331, 4382.9647, 2315.8095]
3    	157760.42   	0.231   	0.4717  	[16.2, 16.2, 16.2, 16.2]	[front, back, up, back]	[3445.9970, 3258.3412, 4476.9805, 2434.6875]
4    	157051.72   	0.225   	0.6459  	[16.2, 16.2, 21.7, 16.2]	[up, up, front, left]	[3344.2073, 3210.3374, 3836.2190, 2661.8453]
5    	156192.00   	0.220   	0.7913  	[21.7, 21.7, 21.7, 16.2]	[right, back, front, left]	[3419.0318, 3410.3054, 3554.8108, 2665.5210]
6    	155136.64   	0.214   	0.8186  	[21.7, 21.7, 21.7, 16.2]	[right, back, front, back]	[3283.5887, 3432.9755, 3445.2539, 2692.8136]
7    	153809.09   	0.209   	0.8317  	[21.7, 21.7, 21.7, 16.2]	[right, back, front, up]	[3277.0842, 3389.7919, 3393.3085, 2777.7945]
8    	152285.62   	0.203   	0.8458  	[21.7, 21.7, 21.7, 21.7]	[right, back, front, back]	[3285.9786, 3378.1015, 3382.0185, 2872.1667]
9    	150578.87   	0.198   	0.8575  	[21.7, 21.7, 21.7, 21.7]	[right, back, left, left]	[3325.9174, 3399.7496, 3206.1965, 2954.4232]
10   	148737.48   	0.192   	0.8661  	[21.7, 21.7, 21.7, 21.7]	[right, back, left, left]	[3377.7573, 3417.6212, 3140.8957, 2998.3872]
11   	146822.96   	0.187   	0.8747  	[21.7, 21.7, 21.7, 21.7]	[right, back, left, left]	[3420.7880, 3425.2269, 3122.4171, 3075.9331]
12   	144824.72   	0.181   	0.8833  	[21.7, 21.7, 21.7, 21.7]	[right, back, left, left]	[3435.1872, 3422.7931, 3151.2080, 3164.7686]
13   	142859.91   	0.176   	0.8919  	[21.7, 21.7, 21.7, 21.7]	[right, back, left, left]	[3283.4859, 3423.9053, 3193.1815, 3259.0338]
14   	140841.36   	0.170   	0.9200  	[21.7, 21.7, 21.7, 21.7]	[front, left, left, left]	[3144.6610, 3261.6334, 3280.4146, 3332.7592]
15   	138821.63   	0.165   	0.9481  	[21.7, 21.7, 21.7, 21.7]	[front, left, left, left]	[3073.6240, 3175.4922, 3347.3298, 3405.9811]
16   	136831.20   	0.159   	0.9762  	[21.7, 21.7, 21.7, 21.7]	[front, back, back, left]	[3055.4762, 2720.7950, 3136.7087, 3434.2427]
17   	134635.43   	0.154   	0.9825  	[21.7, 21.7, 21.7, 21.7]	[front, left, back, back]	[3082.3220, 2337.4693, 3024.5467, 3279.4410]
18   	132330.53   	0.150   	0.9828  	[21.7, 21.7, 21.7, 21.7]	[front, down, back, back]	[3118.5240, 2086.6935, 2993.5415, 3187.1832]
19   	129842.38   	0.145   	0.9828  	[21.7, 16.2, 21.7, 21.7]	[front, up, back, back]	[3181.6547, 1693.4579, 3011.4873, 3153.8554]
20   	127160.34   	0.141   	0.9828  	[21.7, 21.7, 21.7, 21.7]	[front, front, back, back]	[3256.2388, 1568.0643, 3067.0932, 3170.3650]
21   	124350.61   	0.136   	0.9830  	[21.7, 21.7, 21.7, 21.7]	[front, front, back, back]	[3186.2790, 1501.4755, 3160.8945, 3217.0664]
22   	121245.79   	0.132   	0.9838  	[21.7, 21.7, 21.7, 21.7]	[left, front, back, back]	[3125.7633, 1482.5759, 3261.0566, 3284.6594]
23   	118107.26   	0.127   	0.9845  	[21.7, 21.7, 21.7, 21.7]	[left, front, back, back]	[3061.2021, 1476.3895, 2909.8337, 3340.6278]
24   	115001.81   	0.123   	0.9853  	[21.7, 21.7, 21.7, 21.7]	[left, front, down, right]	[3056.5188, 1493.3923, 2615.1187, 3113.5139]
25   	112043.56   	0.119   	0.9861  	[21.7, 21.7, 16.2, 21.7]	[left, front, left, right]	[3063.4966, 1521.3825, 2090.8703, 3003.4370]
26   	109341.56   	0.115   	0.9869  	[21.7, 21.7, 16.2, 21.7]	[left, front, back, right]	[3115.4645, 1576.7003, 1717.5660, 2953.8662]
27   	106798.29   	0.111   	0.9877  	[21.7, 21.7, 16.2, 21.7]	[left, front, right, right]	[3177.7658, 1641.0759, 1393.1980, 2954.3812]
28   	104446.11   	0.108   	0.9889  	[21.7, 21.7, 16.2, 21.7]	[left, front, right, right]	[3258.0816, 1541.9204, 1311.2883, 2985.1000]
29   	102061.42   	0.104   	0.9941  	[21.7, 21.7, 16.2, 21.7]	[left, down, right, right]	[3336.3387, 1438.6726, 1513.9093, 3061.5072]
30   	99893.81    	0.101   	0.9947  	[21.7, 16.2, 16.2, 21.7]	[back, front, right, right]	[2823.4339, 1244.3375, 1655.2076, 3143.4675]
31   	98072.17    	0.097   	0.9955  	[21.7, 16.2, 16.2, 21.7]	[front, left, right, right]	[2418.4828, 1081.0954, 1764.2131, 2960.6378]
32   	96396.10    	0.095   	0.9962  	[21.7, 16.2, 16.2, 21.7]	[back, hover, right, down]	[2101.5449, 837.8527, 1880.3097, 2646.3356]
33   	94907.82    	0.092   	0.9970  	[21.7, 16.2, 16.2, 16.2]	[back, back, right, right]	[1829.3011, 669.4098, 1957.4417, 2234.0729]
34   	93662.34    	0.090   	0.9978  	[21.7, 16.2, 16.2, 16.2]	[left, back, right, back]	[1595.8524, 552.1512, 2007.2253, 1877.0718]
35   	92491.74    	0.088   	0.9986  	[21.7, 16.2, 16.2, 16.2]	[down, back, right, back]	[1439.0632, 476.1375, 2082.3716, 1565.5633]
36   	91390.29    	0.086   	1.0000  	[16.2, 16.2, 16.2, 16.2]	[back, back, right, left]	[1182.7667, 422.6477, 2092.7464, 1254.6673]
37   	90424.70    	0.085   	1.0000  	[16.2, 16.2, 16.2, 16.2]	[up, back, front, left]	[1049.7733, 391.0600, 1797.9258, 1045.8003]
38   	89524.24    	0.083   	1.0000  	[21.7, 16.2, 16.2, 16.2]	[right, back, front, left]	[953.7510, 391.8854, 1430.1431, 898.3550]
39   	88659.36    	0.082   	1.0000  	[21.7, 16.2, 16.2, 16.2]	[back, back, front, left]	[890.0182, 405.6902, 1162.3528, 861.6924]
40   	87779.23    	0.081   	1.0000  	[21.7, 16.2, 16.2, 16.2]	[back, back, front, left]	[865.0132, 448.0729, 1061.2505, 869.1772]
41   	86853.50    	0.080   	1.0000  	[21.7, 16.2, 16.2, 16.2]	[back, back, front, left]	[854.8456, 509.9512, 1065.9070, 937.4788]
42   	85830.76    	0.078   	1.0000  	[21.7, 16.2, 16.2, 16.2]	[back, back, front, left]	[859.4116, 618.2772, 1115.7039, 1014.9422]
43   	84726.33    	0.077   	1.0000  	[21.7, 16.2, 16.2, 16.2]	[back, back, front, left]	[943.8718, 654.3821, 1186.4110, 1117.7839]
44   	83516.48    	0.076   	1.0000  	[21.7, 16.2, 16.2, 16.2]	[back, right, front, left]	[925.9464, 603.3374, 1293.9901, 1236.6008]
45   	82397.04    	0.074   	1.0000  	[21.7, 16.2, 16.2, 16.2]	[hover, hover, front, up]	[799.2003, 466.9864, 1449.0487, 1083.9612]
46   	81300.01    	0.073   	1.0000  	[21.7, 16.2, 16.2, 21.7]	[right, up, front, front]	[703.9139, 395.4202, 1633.9633, 1076.7822]
47   	80130.11    	0.071   	1.0000  	[21.7, 21.7, 16.2, 21.7]	[right, right, front, left]	[682.5854, 529.5336, 1704.8181, 1162.0203]
48   	78957.10    	0.070   	1.0000  	[21.7, 21.7, 16.2, 21.7]	[right, right, left, front]	[712.8563, 724.2885, 1329.5765, 1034.3334]
49   	77707.52    	0.069   	1.0000  	[21.7, 21.7, 16.2, 21.7]	[right, right, left, front]	[774.7143, 935.4091, 1113.5777, 927.9619]
50   	76271.87    	0.067   	1.0000  	[21.7, 21.7, 16.2, 21.7]	[right, right, left, front]	[860.7690, 1374.7218, 923.0604, 885.9893]
51   	74656.34    	0.065   	1.0000  	[21.7, 21.7, 16.2, 21.7]	[right, right, left, front]	[966.4530, 1731.2848, 896.4911, 914.3325]
52   	72806.09    	0.063   	1.0000  	[21.7, 21.7, 16.2, 21.7]	[right, right, left, front]	[1105.4408, 2029.2068, 939.5745, 975.6420]
53   	70840.48    	0.061   	1.0000  	[21.7, 21.7, 16.2, 21.7]	[right, right, left, front]	[1206.0644, 2268.1601, 1012.9925, 1085.7750]
54   	68795.42    	0.059   	1.0000  	[21.7, 21.7, 16.2, 21.7]	[front, right, left, front]	[1085.8348, 2452.8909, 1096.9048, 1202.3514]
55   	66604.61    	0.057   	1.0000  	[21.7, 21.7, 16.2, 21.7]	[hover, front, left, front]	[938.7503, 2600.8689, 1211.4092, 1358.0013]
56   	64309.64    	0.054   	1.0000  	[21.7, 21.7, 16.2, 21.7]	[hover, front, left, front]	[813.4751, 2598.9218, 1373.0692, 1533.2516]
57   	62092.06    	0.052   	1.0000  	[21.7, 21.7, 16.2, 21.7]	[hover, right, left, right]	[701.5941, 2566.0655, 1536.7403, 1341.4970]
58   	60049.33    	0.050   	1.0000  	[21.7, 21.7, 16.2, 21.7]	[front, front, left, right]	[624.7900, 2483.1314, 1274.8274, 1155.2081]
59   	58161.69    	0.048   	1.0000  	[21.7, 21.7, 16.2, 21.7]	[front, front, back, left]	[597.9295, 2456.6684, 1042.4390, 1022.0504]
60   	56338.92    	0.046   	1.0000  	[21.7, 21.7, 16.2, 21.7]	[front, front, back, left]	[613.8436, 2466.7286, 848.1731, 907.5434]
61   	54531.97    	0.044   	1.0000  	[21.7, 21.7, 16.2, 21.7]	[front, front, back, hover]	[676.6373, 2504.9204, 750.3280, 786.1846]
62   	52692.89    	0.043   	1.0000  	[21.7, 21.7, 16.2, 21.7]	[front, front, back, right]	[769.9572, 2557.0118, 744.0131, 696.5145]
63   	50822.93    	0.041   	1.0000  	[21.7, 21.7, 16.2, 21.7]	[front, front, back, right]	[890.1289, 2635.5999, 719.4220, 667.7553]
64   	48897.84    	0.039   	1.0000  	[21.7, 21.7, 16.2, 21.7]	[front, front, back, right]	[1046.4098, 2688.9382, 645.5365, 659.5856]
65   	47139.47    	0.037   	1.0000  	[21.7, 21.7, 16.2, 21.7]	[front, front, back, right]	[1145.5672, 2510.6896, 593.0447, 653.7090]
66   	45417.30    	0.035   	1.0000  	[21.7, 21.7, 16.2, 21.7]	[hover, down, back, right]	[993.7343, 2407.9755, 574.8817, 645.8566]
67   	43888.91    	0.034   	1.0000  	[21.7, 16.2, 16.2, 21.7]	[hover, front, back, right]	[860.9765, 2055.3912, 571.8101, 648.1169]
68   	42542.83    	0.033   	1.0000  	[21.7, 16.2, 16.2, 21.7]	[hover, right, back, right]	[748.1806, 1687.0805, 584.9318, 677.0205]
69   	41407.85    	0.032   	1.0000  	[21.7, 16.2, 16.2, 21.7]	[hover, hover, back, right]	[647.0758, 1295.7188, 538.7070, 730.3049]
70   	40386.39    	0.031   	1.0000  	[21.7, 16.2, 16.2, 21.7]	[left, back, hover, right]	[569.2546, 1032.2305, 418.9575, 750.5941]
71   	39421.45    	0.030   	1.0000  	[21.7, 16.2, 16.2, 21.7]	[left, back, right, back]	[509.8345, 877.2693, 341.1963, 779.7454]
72   	38502.94    	0.029   	1.0000  	[21.7, 16.2, 16.2, 21.7]	[left, back, up, back]	[469.4656, 773.8550, 294.6260, 854.1589]
73   	37561.39    	0.028   	1.0000  	[21.7, 16.2, 21.7, 21.7]	[left, back, front, back]	[461.9123, 743.2336, 338.6584, 881.1462]
74   	36618.72    	0.028   	1.0000  	[21.7, 16.2, 21.7, 21.7]	[left, back, right, back]	[492.7500, 708.8042, 347.3297, 810.0821]
75   	35638.40    	0.027   	1.0000  	[21.7, 16.2, 21.7, 21.7]	[left, back, right, down]	[546.0077, 726.5071, 404.9920, 754.9149]
76   	34609.01    	0.026   	1.0000  	[21.7, 16.2, 21.7, 16.2]	[left, back, right, right]	[622.6514, 750.1092, 447.5263, 704.9901]
77   	33593.65    	0.025   	1.0000  	[21.7, 16.2, 21.7, 16.2]	[left, back, right, back]	[705.6712, 800.3770, 431.9633, 598.7334]
78   	32609.26    	0.024   	1.0000  	[21.7, 16.2, 21.7, 16.2]	[left, back, right, back]	[691.7924, 891.9780, 427.8225, 511.0061]
79   	31669.78    	0.023   	1.0000  	[21.7, 16.2, 21.7, 16.2]	[hover, back, right, back]	[594.5653, 1013.3231, 445.3574, 456.4618]
80   	30832.95    	0.023   	1.0000  	[21.7, 16.2, 21.7, 16.2]	[hover, back, right, back]	[513.0561, 939.0903, 476.0377, 418.9915]
81   	30081.44    	0.022   	1.0000  	[21.7, 16.2, 21.7, 16.2]	[hover, hover, right, back]	[448.7096, 727.8997, 527.7038, 449.9157]
82   	29368.31    	0.021   	1.0000  	[21.7, 16.2, 21.7, 16.2]	[hover, left, right, up]	[391.2822, 581.1547, 599.4980, 373.0055]
83   	28737.16    	0.021   	1.0000  	[21.7, 16.2, 21.7, 21.7]	[hover, right, hover, left]	[340.1597, 481.3790, 522.9906, 394.2392]
84   	28170.12    	0.020   	1.0000  	[21.7, 16.2, 21.7, 21.7]	[hover, left, front, hover]	[299.3612, 382.4950, 460.7745, 342.5312]
85   	27667.72    	0.020   	1.0000  	[21.7, 16.2, 21.7, 21.7]	[hover, left, back, hover]	[263.8649, 336.4395, 401.7484, 301.7066]
86   	27195.90    	0.019   	1.0000  	[21.7, 16.2, 21.7, 21.7]	[right, left, front, hover]	[231.2341, 311.5929, 359.0163, 266.7521]
87   	26793.14    	0.019   	1.0000  	[21.7, 16.2, 21.7, 21.7]	[left, left, back, left]	[205.2237, 280.2139, 317.0170, 236.6049]
88   	26426.08    	0.019   	1.0000  	[21.7, 16.2, 21.7, 21.7]	[back, left, front, front]	[188.2589, 232.2235, 278.7822, 211.4841]
89   	26089.53    	0.019   	1.0000  	[21.7, 16.2, 21.7, 21.7]	[back, left, front, front]	[172.3436, 198.5733, 252.0711, 194.1580]
90   	25758.20    	0.018   	1.0000  	[21.7, 16.2, 21.7, 21.7]	[back, front, front, front]	[177.4790, 159.2221, 258.2656, 190.3195]
91   	25418.67    	0.018   	1.0000  	[21.7, 16.2, 21.7, 21.7]	[back, front, front, right]	[202.9389, 171.6367, 238.9894, 186.6177]
92   	25068.48    	0.018   	1.0000  	[21.7, 16.2, 21.7, 21.7]	[back, front, front, front]	[226.5568, 193.1772, 248.1746, 184.0466]
93   	24671.61    	0.017   	1.0000  	[21.7, 16.2, 21.7, 21.7]	[back, front, front, front]	[258.2889, 244.7697, 278.5112, 192.6873]
94   	24241.78    	0.017   	1.0000  	[21.7, 16.2, 21.7, 21.7]	[back, front, front, front]	[295.5967, 289.7003, 334.1609, 195.8651]
95   	23697.25    	0.017   	1.0000  	[21.7, 16.2, 21.7, 21.7]	[back, front, front, front]	[377.2991, 314.5138, 423.4133, 204.7272]
96   	23142.84    	0.016   	1.0000  	[21.7, 16.2, 21.7, 21.7]	[back, front, front, front]	[369.3810, 333.4352, 499.0517, 213.4300]
97   	22626.56    	0.016   	1.0000  	[21.7, 16.2, 21.7, 21.7]	[down, front, hover, front]	[328.4405, 343.3433, 435.3243, 237.4242]
98   	22137.45    	0.015   	1.0000  	[16.2, 16.2, 21.7, 21.7]	[left, front, hover, hover]	[309.7224, 374.6994, 379.2348, 212.5692]
99   	21676.52    	0.015   	1.0000  	[16.2, 16.2, 21.7, 21.7]	[back, front, hover, hover]	[286.0210, 426.1960, 336.7281, 187.9451]
[2025-12-18T14:52:24]
Strategy: greedy_ig
Pairwise: biased
News mode: IG
Num agents: 4
Iteration: 0
Error margin: None
Gaussian radius 5 
Grid info: range: 0-50-50, cell_size:0.125, map shape: (400, 400), center:True
init UAV positions: [(-25.0, -5.0, 5.4), (-10.0, 10.0, 5.4), (10.0, 0.0, 5.4), (0.0, 20.0, 5.4)]
mcts_params: {}
Step	Entropy	MSE	Coverage	Heights	Actions	IGs
------------------------------------------------------------------------------------------------------------------------
0    	160000.00   	0.250   	0.0000  	[5.4, 5.4, 5.4, 5.4]	[-, -, -, -]	[-, -, -, -]
1    	158859.78   	0.239   	0.0547  	[5.4, 5.4, 5.4, 5.4]	[up, up, up, up]	[1952.2791, 3904.5582, 3904.5582, 3514.1024]
2    	157314.03   	0.227   	0.2100  	[10.8, 10.8, 10.8, 10.8]	[up, up, up, up]	[1897.4051, 3773.1153, 3789.2285, 2671.3951]
3    	154881.56   	0.213   	0.4231  	[16.2, 16.2, 16.2, 16.2]	[up, up, up, up]	[1796.8411, 3562.3533, 3558.5196, 2273.7952]
4    	151458.81   	0.199   	0.6200  	[21.7, 21.7, 21.7, 21.7]	[right, up, up, back]	[1768.9510, 2741.9769, 2827.7208, 2034.8876]
5    	147494.95   	0.187   	0.7623  	[21.7, 27.1, 27.1, 21.7]	[right, right, left, back]	[1639.0652, 1995.0767, 2070.8567, 1751.3918]
6    	142663.67   	0.176   	0.7797  	[21.7, 27.1, 27.1, 21.7]	[up, right, left, up]	[1564.3870, 1568.6314, 1629.8335, 1749.0928]
7    	136579.98   	0.165   	0.8211  	[27.1, 27.1, 27.1, 27.1]	[right, right, left, back]	[1602.8220, 1382.6145, 1427.0842, 1737.9467]
8    	129898.25   	0.155   	0.8273  	[27.1, 27.1, 27.1, 27.1]	[right, right, left, back]	[1516.2539, 1315.6189, 1359.8617, 1560.0859]
9    	123518.79   	0.146   	0.8430  	[27.1, 27.1, 27.1, 27.1]	[right, right, left, back]	[1405.3959, 1301.4890, 1344.6839, 1391.5597]
10   	117757.72   	0.137   	0.8609  	[27.1, 27.1, 27.1, 27.1]	[right, right, left, back]	[1351.9491, 1302.9852, 1342.9384, 1333.3650]
11   	112144.32   	0.127   	0.8789  	[27.1, 27.1, 27.1, 27.1]	[right, back, back, back]	[1340.4649, 1246.2157, 1260.9306, 1330.4281]
12   	106205.22   	0.119   	0.8875  	[27.1, 27.1, 27.1, 27.1]	[right, back, back, back]	[1336.2372, 1247.1326, 1252.2634, 1338.6989]
13   	100256.75   	0.110   	0.9070  	[27.1, 27.1, 27.1, 27.1]	[right, back, back, back]	[1333.2511, 1275.0452, 1280.1791, 1343.5131]
14   	94470.83    	0.101   	0.9633  	[27.1, 27.1, 27.1, 27.1]	[right, back, right, left]	[1340.3043, 1289.7053, 853.9471, 1272.0660]
15   	88765.39    	0.093   	0.9736  	[27.1, 27.1, 27.1, 27.1]	[right, back, right, left]	[1348.3145, 1309.9122, 593.7237, 1277.6842]
16   	83466.20    	0.086   	0.9811  	[27.1, 27.1, 27.1, 27.1]	[back, back, right, left]	[1265.8092, 1323.0953, 470.3506, 1297.7693]
17   	78910.71    	0.080   	0.9950  	[27.1, 27.1, 27.1, 27.1]	[back, left, right, back]	[961.5072, 1045.4744, 439.2934, 933.8971]
18   	74914.11    	0.075   	0.9977  	[27.1, 27.1, 27.1, 27.1]	[hover, left, right, hover]	[555.6686, 885.8893, 475.9003, 527.4932]
19   	71516.55    	0.071   	0.9977  	[27.1, 27.1, 27.1, 27.1]	[left, left, right, hover]	[286.8232, 822.1072, 638.6631, 251.6543]
20   	68552.84    	0.068   	0.9977  	[27.1, 27.1, 27.1, 27.1]	[left, left, hover, front]	[205.5155, 820.9113, 386.1404, 148.7226]
21   	65706.79    	0.066   	0.9977  	[27.1, 27.1, 27.1, 27.1]	[left, left, front, front]	[193.5524, 851.2587, 186.6727, 226.9257]
22   	62901.22    	0.063   	0.9977  	[27.1, 27.1, 27.1, 27.1]	[left, left, front, front]	[195.3301, 889.4242, 111.4689, 315.3408]
23   	60588.66    	0.061   	0.9977  	[27.1, 27.1, 27.1, 27.1]	[left, back, front, front]	[195.6184, 610.3236, 126.4954, 370.9115]
24   	58635.09    	0.058   	0.9977  	[27.1, 27.1, 27.1, 27.1]	[left, hover, front, front]	[198.7464, 329.9800, 562.5219, 395.6207]
25   	56899.85    	0.055   	0.9984  	[27.1, 27.1, 27.1, 27.1]	[hover, hover, front, front]	[122.7054, 150.3140, 934.4689, 411.7204]
26   	55242.23    	0.052   	0.9992  	[27.1, 27.1, 27.1, 27.1]	[hover, front, front, front]	[61.1920, 71.9198, 1155.0760, 359.3856]
27   	53859.92    	0.050   	1.0000  	[27.1, 27.1, 27.1, 27.1]	[hover, front, left, hover]	[27.6664, 78.1432, 834.9977, 208.0194]
28   	52856.60    	0.049   	1.0000  	[27.1, 27.1, 27.1, 27.1]	[front, front, left, hover]	[14.7106, 81.7553, 581.4185, 100.3854]
29   	52065.65    	0.047   	1.0000  	[27.1, 27.1, 27.1, 27.1]	[front, front, left, hover]	[17.0556, 83.8622, 467.8614, 44.6378]
30   	50687.98    	0.046   	1.0000  	[27.1, 27.1, 27.1, 27.1]	[front, front, left, hover]	[519.5404, 84.3412, 444.9208, 22.4712]
31   	48319.23    	0.043   	1.0000  	[27.1, 27.1, 27.1, 27.1]	[front, front, left, hover]	[928.4058, 87.6715, 456.9519, 14.4614]
32   	44954.20    	0.040   	1.0000  	[27.1, 27.1, 27.1, 27.1]	[front, front, left, down]	[1169.4628, 103.9273, 514.6160, 11.4074]
33   	41289.54    	0.037   	1.0000  	[27.1, 27.1, 27.1, 21.7]	[front, hover, left, left]	[1271.7277, 51.2536, 404.2440, 12.2998]
34   	37930.89    	0.034   	1.0000  	[27.1, 27.1, 27.1, 21.7]	[front, hover, hover, front]	[1102.2207, 26.2813, 229.4850, 11.7244]
35   	35369.78    	0.032   	1.0000  	[27.1, 27.1, 27.1, 21.7]	[right, hover, hover, hover]	[822.7647, 16.3095, 109.9785, 9.6812]
36   	33455.84    	0.031   	1.0000  	[27.1, 27.1, 27.1, 21.7]	[right, hover, back, hover]	[678.2231, 12.2786, 59.0084, 8.0057]
37   	31794.41    	0.030   	1.0000  	[27.1, 27.1, 27.1, 21.7]	[right, hover, back, back]	[627.2543, 10.0194, 45.2088, 6.2714]
38   	30382.68    	0.029   	1.0000  	[27.1, 27.1, 27.1, 21.7]	[right, right, back, back]	[624.0213, 8.2916, 43.6014, 6.7209]
39   	29157.00    	0.027   	1.0000  	[27.1, 27.1, 27.1, 21.7]	[right, right, back, back]	[651.0325, 8.1836, 53.4959, 8.0657]
40   	27978.94    	0.026   	1.0000  	[27.1, 27.1, 27.1, 21.7]	[right, right, back, back]	[703.8717, 14.4098, 87.9598, 10.2434]
41   	26965.39    	0.025   	1.0000  	[27.1, 27.1, 27.1, 21.7]	[hover, right, back, back]	[430.2683, 22.2963, 141.5929, 13.4946]
42   	26334.62    	0.024   	1.0000  	[27.1, 27.1, 27.1, 21.7]	[hover, right, hover, back]	[217.3830, 48.1274, 78.3324, 15.8390]
43   	25914.69    	0.023   	1.0000  	[27.1, 27.1, 27.1, 21.7]	[hover, right, hover, back]	[98.8933, 102.5935, 40.0651, 17.5805]
44   	25593.19    	0.023   	1.0000  	[27.1, 27.1, 27.1, 21.7]	[back, right, hover, back]	[49.9482, 150.2711, 22.5537, 25.5043]
45   	25243.76    	0.022   	1.0000  	[27.1, 27.1, 27.1, 21.7]	[front, hover, down, back]	[32.1023, 103.6312, 15.5471, 74.7174]
46   	25031.22    	0.022   	1.0000  	[27.1, 27.1, 21.7, 21.7]	[down, back, back, right]	[24.6861, 63.2846, 17.9870, 40.3028]
47   	24868.89    	0.022   	1.0000  	[21.7, 27.1, 21.7, 21.7]	[right, back, left, right]	[30.7045, 44.4248, 16.0889, 28.8950]
48   	24625.18    	0.022   	1.0000  	[21.7, 27.1, 21.7, 21.7]	[front, back, hover, right]	[26.0111, 45.3580, 11.4157, 93.9213]
49   	24218.57    	0.021   	1.0000  	[21.7, 27.1, 21.7, 21.7]	[hover, back, down, right]	[18.7851, 56.0348, 9.7301, 175.9423]
50   	23609.95    	0.021   	1.0000  	[21.7, 27.1, 16.2, 21.7]	[hover, back, back, right]	[15.0100, 85.4314, 11.3008, 275.3672]
51   	22339.22    	0.019   	1.0000  	[21.7, 27.1, 16.2, 21.7]	[hover, back, left, right]	[12.5836, 137.4493, 9.2321, 813.7380]
52   	20283.72    	0.017   	1.0000  	[21.7, 27.1, 16.2, 21.7]	[hover, back, right, right]	[11.8324, 146.2387, 7.5204, 1199.6782]
53   	17989.18    	0.015   	1.0000  	[21.7, 27.1, 16.2, 21.7]	[hover, hover, left, right]	[9.8113, 92.3816, 6.3684, 1351.9043]
54   	16183.33    	0.014   	1.0000  	[21.7, 27.1, 16.2, 21.7]	[back, hover, hover, front]	[9.2767, 51.4228, 6.6858, 948.8122]
55   	14908.65    	0.013   	1.0000  	[21.7, 27.1, 16.2, 21.7]	[front, hover, hover, front]	[8.2255, 27.6040, 6.7676, 679.0491]
56   	13833.14    	0.012   	1.0000  	[21.7, 27.1, 16.2, 21.7]	[back, down, right, front]	[7.6150, 19.0820, 5.9035, 599.5745]
57   	12777.21    	0.011   	1.0000  	[21.7, 21.7, 16.2, 21.7]	[hover, back, hover, front]	[7.3867, 21.8601, 4.8205, 581.7748]
58   	11738.90    	0.011   	1.0000  	[21.7, 21.7, 16.2, 21.7]	[hover, right, hover, front]	[6.5516, 16.0164, 4.6557, 580.8121]
59   	10771.58    	0.010   	1.0000  	[21.7, 21.7, 16.2, 21.7]	[hover, down, front, front]	[5.5852, 14.7740, 4.5109, 577.1089]
60   	9804.85     	0.009   	1.0000  	[21.7, 16.2, 16.2, 21.7]	[left, back, right, front]	[5.1833, 13.1263, 3.7785, 584.0314]
61   	8862.28     	0.008   	1.0000  	[21.7, 16.2, 16.2, 21.7]	[back, front, right, front]	[4.3124, 11.9480, 4.3704, 601.0868]
62   	8024.30     	0.008   	1.0000  	[21.7, 16.2, 16.2, 21.7]	[up, right, right, front]	[5.3715, 8.8172, 4.2051, 506.0405]
63   	7582.03     	0.007   	1.0000  	[27.1, 16.2, 16.2, 21.7]	[back, front, right, hover]	[10.1249, 8.6656, 5.3230, 235.9842]
64   	7375.83     	0.007   	1.0000  	[27.1, 16.2, 16.2, 21.7]	[back, hover, right, front]	[11.6369, 7.6955, 7.4427, 88.7181]
65   	7273.99     	0.007   	1.0000  	[27.1, 16.2, 16.2, 21.7]	[back, hover, right, down]	[15.1542, 6.9357, 10.4468, 34.3300]
66   	7172.92     	0.007   	1.0000  	[27.1, 16.2, 16.2, 16.2]	[back, hover, up, right]	[18.9715, 6.3048, 12.2595, 31.9408]
67   	7041.53     	0.007   	1.0000  	[27.1, 16.2, 21.7, 16.2]	[back, left, right, hover]	[30.0278, 5.6033, 24.6637, 14.3488]
68   	6870.42     	0.007   	1.0000  	[27.1, 16.2, 21.7, 16.2]	[back, up, right, back]	[32.7970, 5.2967, 49.7033, 10.1975]
69   	6670.27     	0.006   	1.0000  	[27.1, 21.7, 21.7, 16.2]	[hover, back, right, hover]	[18.0346, 5.6471, 87.0055, 6.8172]
70   	6571.57     	0.006   	1.0000  	[27.1, 21.7, 21.7, 16.2]	[hover, left, hover, down]	[11.3408, 5.5194, 42.7214, 5.5487]
71   	6519.24     	0.006   	1.0000  	[27.1, 21.7, 21.7, 10.8]	[down, left, hover, left]	[10.3499, 5.6514, 22.4461, 3.5830]
72   	6476.38     	0.006   	1.0000  	[21.7, 21.7, 21.7, 10.8]	[back, left, hover, back]	[11.3536, 9.3893, 14.1698, 2.2730]
73   	6431.15     	0.006   	1.0000  	[21.7, 21.7, 21.7, 10.8]	[right, left, hover, hover]	[12.0056, 10.6909, 10.8373, 1.5538]
74   	6392.79     	0.006   	1.0000  	[21.7, 21.7, 21.7, 10.8]	[down, left, hover, right]	[10.4492, 11.0337, 8.5131, 1.6556]
75   	6355.27     	0.006   	1.0000  	[16.2, 21.7, 21.7, 10.8]	[right, left, hover, right]	[13.2861, 11.4311, 6.8304, 2.0788]
76   	6320.07     	0.006   	1.0000  	[16.2, 21.7, 21.7, 10.8]	[back, left, down, front]	[12.2047, 15.3920, 5.8757, 2.6999]
77   	6269.63     	0.006   	1.0000  	[16.2, 21.7, 16.2, 10.8]	[hover, left, right, back]	[10.9031, 19.1864, 7.1628, 2.4073]
78   	6217.44     	0.006   	1.0000  	[16.2, 21.7, 16.2, 10.8]	[hover, left, back, front]	[10.7838, 20.8109, 7.4671, 1.8530]
79   	6189.36     	0.006   	1.0000  	[16.2, 21.7, 16.2, 10.8]	[hover, hover, hover, front]	[9.0428, 12.7006, 6.2203, 1.8744]
80   	6165.37     	0.006   	1.0000  	[16.2, 21.7, 16.2, 10.8]	[hover, hover, hover, hover]	[7.7618, 9.9386, 5.9074, 1.5627]
81   	6140.94     	0.006   	1.0000  	[16.2, 21.7, 16.2, 10.8]	[down, down, hover, back]	[8.0153, 10.0951, 6.1296, 0.8337]
82   	6118.46     	0.006   	1.0000  	[10.8, 16.2, 16.2, 10.8]	[back, hover, hover, front]	[7.9459, 9.9180, 5.6024, 0.5443]
83   	6100.60     	0.006   	1.0000  	[10.8, 16.2, 16.2, 10.8]	[front, left, hover, front]	[7.4527, 7.1264, 4.5973, 0.3904]
84   	6088.69     	0.005   	1.0000  	[10.8, 16.2, 16.2, 10.8]	[back, front, left, left]	[5.1326, 5.8236, 3.4036, 0.2704]
85   	6079.52     	0.005   	1.0000  	[10.8, 16.2, 16.2, 10.8]	[up, front, right, hover]	[3.9789, 5.9999, 2.1091, 0.5412]
86   	6071.27     	0.005   	1.0000  	[16.2, 16.2, 16.2, 10.8]	[down, front, left, hover]	[3.7541, 4.9830, 1.6130, 0.3377]
87   	6063.16     	0.005   	1.0000  	[10.8, 16.2, 16.2, 10.8]	[hover, front, back, left]	[2.6267, 5.3086, 1.8834, 0.4694]
88   	6054.60     	0.005   	1.0000  	[10.8, 16.2, 16.2, 10.8]	[up, front, back, left]	[2.1871, 5.6366, 1.8543, 0.8349]
89   	6046.33     	0.005   	1.0000  	[16.2, 16.2, 16.2, 10.8]	[left, front, hover, up]	[2.8524, 7.0956, 1.7589, 0.7583]
90   	6038.13     	0.005   	1.0000  	[16.2, 16.2, 16.2, 16.2]	[hover, front, hover, back]	[3.0286, 5.3399, 1.1134, 0.7816]
91   	6029.46     	0.005   	1.0000  	[16.2, 16.2, 16.2, 16.2]	[left, front, left, back]	[3.0862, 4.6701, 1.0351, 1.0418]
92   	6021.29     	0.005   	1.0000  	[16.2, 16.2, 16.2, 16.2]	[left, front, left, left]	[3.8991, 4.2911, 1.6084, 1.2066]
93   	6012.01     	0.005   	1.0000  	[16.2, 16.2, 16.2, 16.2]	[front, front, front, down]	[4.0300, 3.7518, 2.8946, 1.3804]
94   	6005.67     	0.005   	1.0000  	[16.2, 16.2, 16.2, 10.8]	[hover, hover, hover, left]	[2.6348, 2.1093, 3.9056, 0.8753]
95   	6001.05     	0.005   	1.0000  	[16.2, 16.2, 16.2, 10.8]	[hover, hover, hover, back]	[2.1925, 1.5941, 3.0782, 0.4694]
96   	5997.46     	0.005   	1.0000  	[16.2, 16.2, 16.2, 10.8]	[hover, hover, hover, back]	[2.7732, 1.3889, 2.3125, 0.2507]
97   	5991.35     	0.005   	1.0000  	[16.2, 16.2, 16.2, 10.8]	[hover, hover, hover, back]	[2.6675, 2.1837, 2.6696, 0.8759]
98   	5984.95     	0.005   	1.0000  	[16.2, 16.2, 16.2, 10.8]	[hover, hover, hover, back]	[2.5069, 2.3812, 2.7456, 0.5934]
99   	5981.02     	0.005   	1.0000  	[16.2, 16.2, 16.2, 10.8]	[hover, hover, hover, back]	[3.0142, 1.5258, 2.4258, 1.1003]
[2025-12-18T14:52:36]
Strategy: greedy_ig
Pairwise: biased
News mode: IG
Num agents: 4
Iteration: 1
Error margin: None
Gaussian radius 5 
Grid info: range: 0-50-50, cell_size:0.125, map shape: (400, 400), center:True
init UAV positions: [(-10.0, -10.0, 5.4), (-15.0, 0.0, 5.4), (15.0, -25.0, 5.4), (5.0, 25.0, 5.4)]
mcts_params: {}
Step	Entropy	MSE	Coverage	Heights	Actions	IGs
------------------------------------------------------------------------------------------------------------------------
0    	160000.00   	0.250   	0.0000  	[5.4, 5.4, 5.4, 5.4]	[-, -, -, -]	[-, -, -, -]
1    	158949.73   	0.241   	0.0469  	[5.4, 5.4, 5.4, 5.4]	[up, up, up, up]	[3904.5582, 3904.5582, 1952.2791, 1952.2791]
2    	157389.14   	0.229   	0.1800  	[10.8, 10.8, 10.8, 10.8]	[up, up, up, up]	[3787.8996, 3797.5538, 1891.4666, 1899.3108]
3    	155471.60   	0.217   	0.3738  	[16.2, 16.2, 16.2, 16.2]	[up, up, front, up]	[3569.3648, 2985.7616, 1745.4769, 1779.5831]
4    	153408.09   	0.206   	0.5737  	[21.7, 21.7, 16.2, 21.7]	[up, right, front, back]	[2743.0253, 2289.7927, 1601.0764, 1755.2720]
5    	150979.42   	0.195   	0.7089  	[27.1, 21.7, 16.2, 21.7]	[front, up, up, back]	[1997.4854, 2002.0279, 1598.1265, 1631.7502]
6    	147962.49   	0.184   	0.7812  	[27.1, 27.1, 21.7, 21.7]	[front, right, front, up]	[1584.5588, 1824.4869, 1601.9402, 1567.7459]
7    	144527.28   	0.174   	0.8625  	[27.1, 27.1, 21.7, 27.1]	[front, right, front, back]	[1390.3344, 1578.0051, 1496.2728, 1604.9766]
8    	140675.59   	0.165   	0.9023  	[27.1, 27.1, 21.7, 27.1]	[front, right, left, back]	[1321.6279, 1416.0233, 1454.1152, 1510.6776]
9    	136481.58   	0.156   	0.9167  	[27.1, 27.1, 21.7, 27.1]	[front, right, left, back]	[1311.4206, 1354.2865, 1436.8519, 1399.7267]
10   	131917.48   	0.147   	0.9347  	[27.1, 27.1, 21.7, 27.1]	[front, right, left, back]	[1305.2755, 1345.7679, 1478.7395, 1348.6945]
11   	126687.07   	0.139   	0.9527  	[27.1, 27.1, 21.7, 27.1]	[right, right, left, back]	[1248.5783, 1337.3791, 1513.6503, 1333.9234]
12   	120930.09   	0.130   	0.9644  	[27.1, 27.1, 21.7, 27.1]	[right, front, left, back]	[1245.5693, 1248.2842, 1527.5535, 1326.0256]
13   	115017.28   	0.121   	0.9667  	[27.1, 27.1, 21.7, 27.1]	[right, front, left, back]	[1288.7094, 1240.7054, 1521.0052, 1330.3930]
14   	109265.15   	0.113   	0.9691  	[27.1, 27.1, 21.7, 27.1]	[right, front, left, back]	[1316.8002, 1269.8156, 1513.8916, 1338.1841]
15   	104099.24   	0.104   	0.9714  	[27.1, 27.1, 21.7, 27.1]	[right, right, left, back]	[1337.5525, 1134.5203, 1523.6298, 1337.1333]
16   	99093.59    	0.097   	0.9964  	[27.1, 27.1, 21.7, 27.1]	[right, hover, front, left]	[1347.6671, 695.3546, 1442.6492, 1258.3691]
17   	93762.20    	0.090   	0.9964  	[27.1, 27.1, 21.7, 27.1]	[back, hover, front, left]	[1065.0774, 348.0092, 1475.7614, 1264.2632]
18   	87846.10    	0.084   	0.9964  	[27.1, 27.1, 21.7, 27.1]	[back, back, front, left]	[900.7662, 167.7908, 1524.3443, 1299.6961]
19   	81676.05    	0.077   	0.9964  	[27.1, 27.1, 21.7, 27.1]	[back, back, front, left]	[828.0416, 164.4096, 1538.7320, 1316.9256]
20   	75933.70    	0.072   	0.9964  	[27.1, 27.1, 21.7, 27.1]	[back, back, front, left]	[818.2279, 216.0756, 1544.2705, 1126.1005]
21   	70109.99    	0.065   	0.9964  	[27.1, 27.1, 21.7, 27.1]	[back, back, up, front]	[847.2470, 621.9986, 1557.7799, 829.4682]
22   	63447.65    	0.058   	0.9964  	[27.1, 27.1, 27.1, 27.1]	[back, back, front, front]	[896.7100, 965.2136, 1559.1965, 686.8683]
23   	56579.61    	0.051   	0.9964  	[27.1, 27.1, 27.1, 27.1]	[right, back, front, front]	[624.9173, 1165.7504, 1459.6786, 642.4350]
24   	50739.63    	0.046   	1.0000  	[27.1, 27.1, 27.1, 27.1]	[hover, left, right, front]	[338.4348, 835.3905, 1161.5928, 630.6242]
25   	45878.49    	0.042   	1.0000  	[27.1, 27.1, 27.1, 27.1]	[hover, left, right, front]	[155.3020, 579.7398, 1062.2243, 623.8007]
26   	41590.77    	0.038   	1.0000  	[27.1, 27.1, 27.1, 27.1]	[left, left, right, front]	[75.7454, 453.2334, 1048.7234, 623.5754]
27   	37532.51    	0.034   	1.0000  	[27.1, 27.1, 27.1, 27.1]	[left, left, right, hover]	[75.9800, 413.4981, 1065.0110, 392.1153]
28   	33756.08    	0.031   	1.0000  	[27.1, 27.1, 27.1, 27.1]	[left, left, right, hover]	[79.7305, 405.9800, 1075.9085, 207.5702]
29   	30474.07    	0.028   	1.0000  	[27.1, 27.1, 27.1, 27.1]	[left, left, right, hover]	[80.7758, 428.8412, 1087.9431, 92.4951]
30   	28133.93    	0.026   	1.0000  	[27.1, 27.1, 27.1, 27.1]	[left, left, right, hover]	[80.0581, 322.0552, 753.1958, 42.3568]
31   	26901.90    	0.024   	1.0000  	[27.1, 27.1, 27.1, 27.1]	[left, hover, down, hover]	[82.5346, 170.8775, 526.9374, 22.5320]
32   	26218.96    	0.024   	1.0000  	[27.1, 27.1, 21.7, 27.1]	[left, hover, right, back]	[107.9556, 81.8047, 316.6695, 14.5227]
33   	25810.54    	0.023   	1.0000  	[27.1, 27.1, 21.7, 27.1]	[hover, hover, front, back]	[53.9634, 38.9358, 226.7536, 15.2834]
34   	25593.57    	0.023   	1.0000  	[27.1, 27.1, 21.7, 27.1]	[hover, down, hover, back]	[27.4150, 23.2854, 100.7677, 20.0096]
35   	25425.75    	0.022   	1.0000  	[27.1, 21.7, 21.7, 27.1]	[hover, back, hover, back]	[17.5621, 25.4872, 49.7061, 27.5425]
36   	25228.93    	0.022   	1.0000  	[27.1, 21.7, 21.7, 27.1]	[hover, left, hover, back]	[13.2920, 19.7048, 28.5246, 49.2951]
37   	24968.34    	0.022   	1.0000  	[27.1, 21.7, 21.7, 27.1]	[front, hover, left, back]	[11.3794, 14.3363, 20.0992, 94.6937]
38   	24814.20    	0.022   	1.0000  	[27.1, 21.7, 21.7, 27.1]	[front, hover, hover, hover]	[12.6753, 10.8765, 15.3813, 49.3112]
39   	24694.27    	0.021   	1.0000  	[27.1, 21.7, 21.7, 27.1]	[front, hover, left, hover]	[18.6440, 8.1054, 13.4998, 25.7021]
40   	24583.80    	0.021   	1.0000  	[27.1, 21.7, 21.7, 27.1]	[front, right, left, right]	[26.4848, 6.5906, 11.0834, 17.2197]
41   	24427.53    	0.021   	1.0000  	[27.1, 21.7, 21.7, 27.1]	[front, left, left, right]	[53.0831, 6.0020, 13.2543, 20.2722]
42   	24182.98    	0.021   	1.0000  	[27.1, 21.7, 21.7, 27.1]	[front, right, left, right]	[104.1687, 5.5312, 17.8928, 31.5033]
43   	23788.31    	0.020   	1.0000  	[27.1, 21.7, 21.7, 27.1]	[front, hover, left, right]	[155.7069, 5.2576, 17.9935, 60.1764]
44   	23259.14    	0.020   	1.0000  	[27.1, 21.7, 21.7, 27.1]	[hover, hover, left, right]	[107.8588, 5.0171, 38.6442, 115.6083]
45   	22171.77    	0.019   	1.0000  	[27.1, 21.7, 21.7, 27.1]	[right, hover, left, right]	[63.9855, 5.3924, 93.9592, 573.4798]
46   	20469.15    	0.017   	1.0000  	[27.1, 21.7, 21.7, 27.1]	[right, hover, left, right]	[45.3283, 4.8390, 226.3109, 647.4922]
47   	19030.43    	0.016   	1.0000  	[27.1, 21.7, 21.7, 27.1]	[right, hover, hover, front]	[45.7718, 4.0672, 101.5428, 446.3183]
48   	18043.80    	0.015   	1.0000  	[27.1, 21.7, 21.7, 27.1]	[right, right, hover, front]	[54.8149, 3.2879, 47.6542, 291.2412]
49   	17217.19    	0.015   	1.0000  	[27.1, 21.7, 21.7, 27.1]	[right, right, back, front]	[87.0149, 4.0910, 34.5554, 222.2483]
50   	16451.84    	0.014   	1.0000  	[27.1, 21.7, 21.7, 27.1]	[right, right, back, front]	[139.1360, 7.8703, 30.6826, 201.3787]
51   	15642.02    	0.013   	1.0000  	[27.1, 21.7, 21.7, 27.1]	[right, right, back, front]	[143.0162, 13.8941, 55.4947, 198.3984]
52   	14807.23    	0.012   	1.0000  	[27.1, 21.7, 21.7, 27.1]	[hover, right, back, front]	[88.3996, 24.6465, 87.3921, 197.2604]
53   	14052.38    	0.012   	1.0000  	[27.1, 21.7, 21.7, 27.1]	[hover, right, back, hover]	[45.3279, 50.9829, 122.7962, 121.8269]
54   	13381.69    	0.011   	1.0000  	[27.1, 21.7, 21.7, 27.1]	[hover, right, back, hover]	[22.4509, 94.1236, 150.4974, 62.0511]
55   	12712.45    	0.011   	1.0000  	[27.1, 21.7, 21.7, 27.1]	[down, right, back, hover]	[16.1472, 161.1594, 192.9851, 27.8885]
56   	12063.38    	0.010   	1.0000  	[21.7, 21.7, 21.7, 27.1]	[right, hover, back, hover]	[18.8807, 75.7540, 267.9868, 13.7367]
57   	11744.21    	0.010   	1.0000  	[21.7, 21.7, 21.7, 27.1]	[down, hover, hover, hover]	[14.8379, 35.3053, 126.6631, 8.4148]
58   	11577.77    	0.010   	1.0000  	[16.2, 21.7, 21.7, 27.1]	[right, hover, hover, down]	[15.5726, 20.9575, 55.4271, 7.2051]
59   	11488.51    	0.010   	1.0000  	[16.2, 21.7, 21.7, 21.7]	[front, hover, hover, front]	[12.5746, 14.9018, 22.9542, 7.2770]
60   	11435.07    	0.010   	1.0000  	[16.2, 21.7, 21.7, 21.7]	[front, down, hover, right]	[10.4344, 12.7874, 10.6962, 8.1190]
61   	11399.59    	0.010   	1.0000  	[16.2, 16.2, 21.7, 21.7]	[left, right, hover, hover]	[7.9635, 12.4306, 5.8089, 6.7674]
62   	11369.70    	0.010   	1.0000  	[16.2, 16.2, 21.7, 21.7]	[back, back, hover, hover]	[6.7708, 12.7481, 4.2432, 6.0480]
63   	11344.35    	0.010   	1.0000  	[16.2, 16.2, 21.7, 21.7]	[left, hover, hover, hover]	[6.1694, 9.4898, 3.5006, 5.2343]
64   	11327.11    	0.010   	1.0000  	[16.2, 16.2, 21.7, 21.7]	[left, front, right, hover]	[6.4317, 8.3582, 2.8083, 4.3762]
65   	11310.56    	0.010   	1.0000  	[16.2, 16.2, 21.7, 21.7]	[hover, hover, front, hover]	[5.3461, 7.4940, 2.5805, 3.6920]
66   	11297.26    	0.010   	1.0000  	[16.2, 16.2, 21.7, 21.7]	[hover, back, front, down]	[5.3029, 7.1583, 2.7735, 3.1917]
67   	11285.68    	0.010   	1.0000  	[16.2, 16.2, 21.7, 16.2]	[hover, down, front, right]	[4.2582, 6.3678, 2.9824, 3.6640]
68   	11272.19    	0.009   	1.0000  	[16.2, 10.8, 21.7, 16.2]	[up, right, left, front]	[3.7759, 5.1589, 3.1519, 3.9369]
69   	11258.37    	0.009   	1.0000  	[21.7, 10.8, 21.7, 16.2]	[left, back, front, down]	[4.6704, 4.6444, 3.6136, 3.4857]
70   	11247.79    	0.009   	1.0000  	[21.7, 10.8, 21.7, 10.8]	[left, hover, hover, right]	[4.2603, 3.0158, 3.3955, 3.3596]
71   	11237.84    	0.009   	1.0000  	[21.7, 10.8, 21.7, 10.8]	[down, front, hover, front]	[5.1762, 2.6687, 2.9322, 3.6795]
72   	11229.61    	0.009   	1.0000  	[16.2, 10.8, 21.7, 10.8]	[left, hover, hover, back]	[6.3224, 2.0897, 3.0743, 3.2758]
73   	11218.18    	0.009   	1.0000  	[16.2, 10.8, 21.7, 10.8]	[left, hover, hover, front]	[7.5634, 2.3234, 2.7757, 3.1089]
74   	11206.16    	0.009   	1.0000  	[16.2, 10.8, 21.7, 10.8]	[left, hover, front, hover]	[6.4869, 2.4619, 2.5981, 3.7784]
75   	11193.64    	0.009   	1.0000  	[16.2, 10.8, 21.7, 10.8]	[front, hover, front, back]	[7.5135, 2.0381, 4.2256, 1.6772]
76   	11180.53    	0.009   	1.0000  	[16.2, 10.8, 21.7, 10.8]	[left, left, front, hover]	[8.8332, 1.5100, 6.3826, 2.2608]
77   	11152.92    	0.009   	1.0000  	[16.2, 10.8, 21.7, 10.8]	[left, left, front, hover]	[20.0198, 1.5856, 12.0457, 2.7824]
78   	11113.30    	0.009   	1.0000  	[16.2, 10.8, 21.7, 10.8]	[left, left, hover, front]	[39.2747, 1.7802, 7.4078, 2.5335]
79   	11091.73    	0.009   	1.0000  	[16.2, 10.8, 21.7, 10.8]	[hover, back, hover, hover]	[19.3738, 1.6208, 5.7657, 2.3905]
80   	11072.70    	0.009   	1.0000  	[16.2, 10.8, 21.7, 10.8]	[hover, hover, hover, hover]	[13.7512, 1.4134, 4.2479, 1.8298]
81   	11061.29    	0.009   	1.0000  	[16.2, 10.8, 21.7, 10.8]	[back, front, hover, hover]	[9.3838, 1.1246, 3.3146, 2.0813]
82   	11052.15    	0.009   	1.0000  	[16.2, 10.8, 21.7, 10.8]	[hover, hover, hover, left]	[6.7570, 0.9614, 2.4969, 1.6792]
83   	11043.81    	0.009   	1.0000  	[16.2, 10.8, 21.7, 10.8]	[hover, left, hover, hover]	[6.3406, 1.6752, 2.3257, 1.2180]
84   	11036.36    	0.009   	1.0000  	[16.2, 10.8, 21.7, 10.8]	[hover, hover, right, right]	[5.1284, 1.4411, 2.0711, 1.7581]
85   	11029.31    	0.009   	1.0000  	[16.2, 10.8, 21.7, 10.8]	[right, hover, right, hover]	[4.1877, 1.0648, 2.1883, 1.7836]
86   	11023.51    	0.009   	1.0000  	[16.2, 10.8, 21.7, 10.8]	[up, right, hover, left]	[3.8539, 1.0788, 2.4294, 1.2739]
87   	11015.91    	0.009   	1.0000  	[21.7, 10.8, 21.7, 10.8]	[right, hover, hover, hover]	[3.3349, 1.1302, 2.0459, 1.8987]
88   	11009.76    	0.009   	1.0000  	[21.7, 10.8, 21.7, 10.8]	[hover, hover, left, hover]	[3.3639, 0.4261, 2.1235, 1.6384]
89   	11005.23    	0.009   	1.0000  	[21.7, 10.8, 21.7, 10.8]	[back, hover, back, hover]	[2.7675, 0.2932, 2.0286, 0.7663]
90   	10999.81    	0.009   	1.0000  	[21.7, 10.8, 21.7, 10.8]	[left, hover, hover, right]	[2.7260, 0.6308, 1.6107, 0.5679]
91   	10994.59    	0.009   	1.0000  	[21.7, 10.8, 21.7, 10.8]	[back, hover, hover, left]	[2.2662, 0.6332, 1.5667, 0.3981]
92   	10990.36    	0.009   	1.0000  	[21.7, 10.8, 21.7, 10.8]	[right, hover, hover, back]	[2.2480, 0.8178, 1.6361, 0.5306]
93   	10985.70    	0.009   	1.0000  	[21.7, 10.8, 21.7, 10.8]	[left, hover, right, hover]	[2.2600, 0.4199, 1.3575, 1.2871]
94   	10983.12    	0.009   	1.0000  	[21.7, 10.8, 21.7, 10.8]	[hover, hover, down, front]	[1.9367, 0.7608, 1.5330, 1.3095]
95   	10979.43    	0.009   	1.0000  	[21.7, 10.8, 16.2, 10.8]	[hover, hover, right, hover]	[2.1950, 0.5940, 1.7828, 1.2678]
96   	10975.09    	0.009   	1.0000  	[21.7, 10.8, 16.2, 10.8]	[hover, hover, right, back]	[2.0537, 0.6944, 1.6958, 1.0972]
97   	10970.66    	0.009   	1.0000  	[21.7, 10.8, 16.2, 10.8]	[right, hover, right, right]	[1.6307, 0.9867, 2.4672, 0.9002]
98   	10964.92    	0.009   	1.0000  	[21.7, 10.8, 16.2, 10.8]	[back, hover, right, right]	[1.5859, 1.0898, 3.7977, 1.1450]
99   	10956.04    	0.009   	1.0000  	[21.7, 10.8, 16.2, 10.8]	[back, hover, right, hover]	[3.6577, 0.7352, 5.2338, 1.2020]
[2025-12-18T14:52:48]
Strategy: greedy_ig
Pairwise: biased
News mode: IG
Num agents: 4
Iteration: 2
Error margin: None
Gaussian radius 5 
Grid info: range: 0-50-50, cell_size:0.125, map shape: (400, 400), center:True
init UAV positions: [(-5.0, -25.0, 5.4), (-5.0, 5.0, 5.4), (15.0, -15.0, 5.4), (0.0, 25.0, 5.4)]
mcts_params: {}
Step	Entropy	MSE	Coverage	Heights	Actions	IGs
------------------------------------------------------------------------------------------------------------------------
0    	160000.00   	0.250   	0.0000  	[5.4, 5.4, 5.4, 5.4]	[-, -, -, -]	[-, -, -, -]
1    	159016.58   	0.241   	0.0469  	[5.4, 5.4, 5.4, 5.4]	[up, up, up, up]	[1952.2791, 3904.5582, 3904.5582, 1952.2791]
2    	157814.44   	0.229   	0.1875  	[10.8, 10.8, 10.8, 10.8]	[up, up, up, up]	[1899.2280, 3782.3355, 3801.2436, 1899.3108]
3    	156209.30   	0.217   	0.4219  	[16.2, 16.2, 16.2, 16.2]	[up, up, up, up]	[1779.4319, 3583.2448, 2437.7233, 1779.5831]
4    	153855.85   	0.205   	0.6275  	[21.7, 21.7, 21.7, 21.7]	[front, up, left, back]	[1759.1056, 2954.8453, 1876.5322, 1754.9680]
5    	151347.38   	0.195   	0.7339  	[21.7, 27.1, 21.7, 21.7]	[front, left, front, back]	[1648.0970, 2091.7374, 1587.4884, 1628.5564]
6    	148852.58   	0.185   	0.7925  	[21.7, 27.1, 21.7, 21.7]	[up, front, front, up]	[1568.1300, 1466.8993, 1502.8304, 1565.9948]
7    	145715.28   	0.176   	0.8717  	[27.1, 27.1, 21.7, 27.1]	[front, right, front, back]	[1592.4923, 1022.7507, 1504.0717, 1598.3321]
8    	141780.01   	0.167   	0.8827  	[27.1, 27.1, 21.7, 27.1]	[front, right, front, back]	[1509.3195, 1011.7201, 1507.3504, 1502.2988]
9    	136887.10   	0.158   	0.8936  	[27.1, 27.1, 21.7, 27.1]	[front, right, front, back]	[1401.9392, 1121.8237, 1518.3965, 1392.4657]
10   	131250.67   	0.149   	0.9098  	[27.1, 27.1, 21.7, 27.1]	[front, right, front, back]	[1339.8008, 1230.2995, 1524.5640, 1346.9502]
11   	125551.35   	0.141   	0.9286  	[27.1, 27.1, 21.7, 27.1]	[front, right, front, back]	[1336.1245, 1274.0124, 1517.4789, 1336.3481]
12   	120112.94   	0.132   	0.9395  	[27.1, 27.1, 21.7, 27.1]	[front, right, front, back]	[1335.0400, 1089.4284, 1530.8090, 1336.9288]
13   	114332.86   	0.124   	0.9483  	[27.1, 27.1, 21.7, 27.1]	[front, back, left, back]	[1329.3915, 941.0773, 1433.4352, 1327.0778]
14   	107964.92   	0.116   	0.9483  	[27.1, 27.1, 21.7, 27.1]	[front, back, left, back]	[1333.6378, 982.7883, 1446.3696, 1330.4930]
15   	101097.09   	0.107   	0.9483  	[27.1, 27.1, 21.7, 27.1]	[front, back, left, back]	[1318.5009, 1104.1816, 1489.5554, 1339.8923]
16   	94346.05    	0.098   	0.9508  	[27.1, 27.1, 21.7, 27.1]	[left, back, left, left]	[1238.9593, 1198.5117, 1522.4382, 1262.7651]
17   	88298.66    	0.091   	0.9523  	[27.1, 27.1, 21.7, 27.1]	[left, back, left, left]	[938.1625, 1237.9075, 1520.8674, 1250.2904]
18   	82749.05    	0.083   	0.9752  	[27.1, 27.1, 21.7, 27.1]	[hover, back, up, left]	[542.5309, 1062.8151, 1555.5421, 1279.6823]
19   	77770.13    	0.076   	0.9953  	[27.1, 27.1, 27.1, 27.1]	[back, left, left, front]	[279.5669, 835.0759, 1562.1104, 861.0204]
20   	73556.77    	0.071   	0.9953  	[27.1, 27.1, 27.1, 27.1]	[back, left, left, front]	[205.4366, 696.0419, 1364.1828, 596.1174]
21   	69993.13    	0.067   	0.9953  	[27.1, 27.1, 27.1, 27.1]	[back, left, back, front]	[196.0183, 655.6771, 1076.0599, 469.7338]
22   	66385.63    	0.063   	0.9953  	[27.1, 27.1, 27.1, 27.1]	[back, left, back, front]	[196.6706, 658.3903, 1010.1972, 427.5774]
23   	62526.31    	0.059   	0.9953  	[27.1, 27.1, 27.1, 27.1]	[back, left, back, front]	[196.1003, 679.4196, 1013.4708, 411.4305]
24   	58314.68    	0.055   	0.9953  	[27.1, 27.1, 27.1, 27.1]	[back, left, back, front]	[195.7989, 773.2568, 1024.6438, 411.5044]
25   	54375.10    	0.051   	0.9953  	[27.1, 27.1, 27.1, 27.1]	[hover, left, back, hover]	[123.5477, 641.9985, 1033.5115, 255.4516]
26   	50724.03    	0.048   	0.9953  	[27.1, 27.1, 27.1, 27.1]	[hover, front, back, hover]	[66.0075, 386.4468, 1049.2397, 133.3238]
27   	47989.88    	0.046   	0.9953  	[27.1, 27.1, 27.1, 27.1]	[hover, front, back, hover]	[33.4425, 223.1720, 729.0412, 63.9280]
28   	46449.59    	0.045   	0.9953  	[27.1, 27.1, 27.1, 27.1]	[hover, front, down, hover]	[18.7101, 150.7400, 522.7443, 33.8976]
29   	45474.27    	0.044   	0.9953  	[27.1, 27.1, 21.7, 27.1]	[hover, front, back, hover]	[12.1410, 125.6832, 312.7646, 21.4660]
30   	44815.79    	0.044   	0.9953  	[27.1, 27.1, 21.7, 27.1]	[right, front, left, hover]	[10.1148, 118.1095, 190.1760, 15.9801]
31   	44252.28    	0.043   	0.9953  	[27.1, 27.1, 21.7, 27.1]	[right, front, hover, hover]	[15.2795, 163.0774, 80.3200, 12.8569]
32   	43013.51    	0.042   	0.9953  	[27.1, 27.1, 21.7, 27.1]	[right, front, hover, back]	[518.1210, 279.9145, 40.9287, 11.5528]
33   	40916.36    	0.040   	0.9953  	[27.1, 27.1, 21.7, 27.1]	[right, hover, hover, back]	[922.3290, 199.6223, 25.3685, 13.2173]
34   	38549.03    	0.037   	0.9953  	[27.1, 27.1, 21.7, 27.1]	[right, right, hover, back]	[1153.8689, 122.4880, 17.8479, 18.6359]
35   	36420.33    	0.035   	0.9953  	[27.1, 27.1, 21.7, 27.1]	[right, right, right, back]	[1247.4439, 77.9869, 15.0122, 29.9390]
36   	34630.26    	0.033   	0.9953  	[27.1, 27.1, 21.7, 27.1]	[right, right, right, back]	[1082.4249, 67.9495, 13.5618, 61.9265]
37   	33022.74    	0.031   	0.9953  	[27.1, 27.1, 21.7, 27.1]	[front, right, right, back]	[803.1569, 70.1967, 17.0405, 132.3403]
38   	31781.66    	0.029   	0.9959  	[27.1, 27.1, 21.7, 27.1]	[front, right, right, hover]	[669.2169, 80.0347, 13.8617, 66.6488]
39   	30631.12    	0.028   	0.9975  	[27.1, 27.1, 21.7, 27.1]	[front, right, right, right]	[629.7509, 111.8009, 14.3889, 36.0766]
40   	29311.32    	0.026   	0.9991  	[27.1, 27.1, 21.7, 27.1]	[front, right, right, right]	[632.3553, 130.2210, 14.7163, 62.8663]
41   	27764.59    	0.025   	1.0000  	[27.1, 27.1, 21.7, 27.1]	[front, hover, right, right]	[657.3615, 70.9960, 12.9143, 114.0540]
42   	25743.58    	0.022   	1.0000  	[27.1, 27.1, 21.7, 27.1]	[front, hover, right, right]	[711.6316, 33.6706, 13.1335, 563.9153]
43   	23093.54    	0.020   	1.0000  	[27.1, 27.1, 21.7, 27.1]	[hover, hover, right, right]	[428.4601, 19.3370, 89.6981, 950.8147]
44   	20155.78    	0.017   	1.0000  	[27.1, 27.1, 21.7, 27.1]	[hover, hover, front, right]	[213.7876, 13.7503, 53.2188, 1182.6941]
45   	17764.24    	0.015   	1.0000  	[27.1, 27.1, 21.7, 27.1]	[hover, hover, front, front]	[89.4443, 10.2356, 40.6324, 840.8198]
46   	16020.32    	0.014   	1.0000  	[27.1, 27.1, 21.7, 27.1]	[left, hover, front, front]	[43.0453, 8.1874, 38.8659, 588.3143]
47   	14749.45    	0.013   	1.0000  	[27.1, 27.1, 21.7, 27.1]	[right, back, front, front]	[25.7134, 7.5256, 39.2915, 462.1944]
48   	13636.38    	0.012   	1.0000  	[27.1, 27.1, 21.7, 27.1]	[left, back, front, front]	[18.5149, 9.1871, 42.0424, 416.8473]
49   	12543.35    	0.011   	1.0000  	[27.1, 27.1, 21.7, 27.1]	[left, back, front, front]	[15.7366, 10.5541, 54.4882, 409.8225]
50   	11465.20    	0.010   	1.0000  	[27.1, 27.1, 21.7, 27.1]	[left, back, front, front]	[15.2617, 14.2929, 84.5715, 407.6883]
51   	10493.22    	0.009   	1.0000  	[27.1, 27.1, 21.7, 27.1]	[left, back, front, hover]	[13.9986, 23.5310, 156.8920, 248.4507]
52   	9324.55     	0.008   	1.0000  	[27.1, 27.1, 21.7, 27.1]	[left, back, front, hover]	[16.6940, 46.1266, 485.7308, 119.7703]
53   	8429.09     	0.008   	1.0000  	[27.1, 27.1, 21.7, 27.1]	[left, back, left, hover]	[27.6805, 65.9992, 278.5296, 49.6771]
54   	7958.33     	0.007   	1.0000  	[27.1, 27.1, 21.7, 27.1]	[left, hover, right, hover]	[33.6619, 35.7954, 123.0564, 21.0283]
55   	7751.34     	0.007   	1.0000  	[27.1, 27.1, 21.7, 27.1]	[hover, hover, hover, hover]	[18.2224, 21.0524, 42.1614, 11.0351]
56   	7644.96     	0.007   	1.0000  	[27.1, 27.1, 21.7, 27.1]	[hover, hover, left, back]	[11.8555, 14.0629, 19.1159, 7.9296]
57   	7562.65     	0.007   	1.0000  	[27.1, 27.1, 21.7, 27.1]	[down, down, left, back]	[9.2383, 10.1899, 20.2961, 8.4984]
58   	7465.45     	0.007   	1.0000  	[21.7, 21.7, 21.7, 27.1]	[left, back, left, back]	[10.6631, 12.4532, 20.5561, 12.7871]
59   	7321.37     	0.007   	1.0000  	[21.7, 21.7, 21.7, 27.1]	[front, right, left, back]	[10.0770, 12.8048, 26.0399, 23.2835]
60   	7097.68     	0.007   	1.0000  	[21.7, 21.7, 21.7, 27.1]	[down, down, left, back]	[7.4893, 9.3685, 30.5427, 56.7766]
61   	6765.41     	0.006   	1.0000  	[16.2, 16.2, 21.7, 27.1]	[left, back, left, back]	[9.9969, 11.7013, 31.5434, 109.0995]
62   	6524.04     	0.006   	1.0000  	[16.2, 16.2, 21.7, 27.1]	[front, right, left, hover]	[9.4028, 11.3987, 45.1292, 58.5277]
63   	6259.88     	0.006   	1.0000  	[16.2, 16.2, 21.7, 27.1]	[hover, hover, left, hover]	[9.1507, 9.4094, 87.2504, 29.6769]
64   	5944.62     	0.006   	1.0000  	[16.2, 16.2, 21.7, 27.1]	[hover, hover, left, hover]	[7.5260, 7.4932, 147.6864, 16.5604]
65   	5779.80     	0.005   	1.0000  	[16.2, 16.2, 21.7, 27.1]	[hover, hover, hover, hover]	[5.6624, 6.7559, 65.8603, 12.4181]
66   	5708.99     	0.005   	1.0000  	[16.2, 16.2, 21.7, 27.1]	[back, down, hover, hover]	[4.3961, 5.0862, 28.3849, 9.6876]
67   	5669.53     	0.005   	1.0000  	[16.2, 10.8, 21.7, 27.1]	[back, right, hover, down]	[4.6087, 4.8528, 17.4058, 8.8075]
68   	5636.62     	0.005   	1.0000  	[16.2, 10.8, 21.7, 21.7]	[hover, hover, hover, back]	[4.3248, 4.4175, 11.8024, 9.5976]
69   	5612.60     	0.005   	1.0000  	[16.2, 10.8, 21.7, 21.7]	[back, left, down, right]	[3.4849, 3.9377, 9.4767, 12.0031]
70   	5584.53     	0.005   	1.0000  	[16.2, 10.8, 16.2, 21.7]	[back, hover, left, hover]	[3.7655, 3.5001, 11.1405, 10.3115]
71   	5568.27     	0.005   	1.0000  	[16.2, 10.8, 16.2, 21.7]	[back, right, left, down]	[4.5629, 3.6442, 9.1624, 9.7037]
72   	5553.17     	0.005   	1.0000  	[16.2, 10.8, 16.2, 16.2]	[back, left, down, right]	[5.7537, 3.9010, 7.9063, 9.7143]
73   	5530.02     	0.005   	1.0000  	[16.2, 10.8, 10.8, 16.2]	[back, hover, back, back]	[8.1368, 2.9678, 9.8551, 11.3337]
74   	5507.24     	0.005   	1.0000  	[16.2, 10.8, 10.8, 16.2]	[back, right, left, hover]	[7.0880, 2.7911, 8.9351, 9.8800]
75   	5488.33     	0.005   	1.0000  	[16.2, 10.8, 10.8, 16.2]	[left, back, hover, hover]	[7.0266, 2.6426, 6.7302, 9.0429]
76   	5468.97     	0.005   	1.0000  	[16.2, 10.8, 10.8, 16.2]	[down, front, hover, hover]	[8.3250, 2.4405, 6.5215, 7.2971]
77   	5453.54     	0.005   	1.0000  	[10.8, 10.8, 10.8, 16.2]	[back, hover, hover, hover]	[6.4986, 1.4538, 6.0058, 5.7360]
78   	5441.79     	0.005   	1.0000  	[10.8, 10.8, 10.8, 16.2]	[hover, hover, hover, hover]	[4.6851, 1.0967, 3.7917, 5.1676]
79   	5432.37     	0.005   	1.0000  	[10.8, 10.8, 10.8, 16.2]	[hover, back, up, hover]	[4.1651, 0.6541, 2.8349, 4.0192]
80   	5427.37     	0.005   	1.0000  	[10.8, 10.8, 16.2, 16.2]	[back, left, back, hover]	[3.3237, 0.6436, 2.8818, 2.8524]
81   	5415.86     	0.005   	1.0000  	[10.8, 10.8, 16.2, 16.2]	[back, up, back, hover]	[8.8135, 1.0021, 2.6194, 2.8373]
82   	5409.01     	0.005   	1.0000  	[10.8, 16.2, 16.2, 16.2]	[left, left, back, front]	[3.6545, 2.0559, 2.9028, 2.0778]
83   	5398.56     	0.005   	1.0000  	[10.8, 16.2, 16.2, 16.2]	[hover, left, back, back]	[3.2347, 1.9955, 5.9094, 2.1070]
84   	5389.86     	0.005   	1.0000  	[10.8, 16.2, 16.2, 16.2]	[hover, left, right, hover]	[2.6411, 3.4856, 5.3926, 2.2190]
85   	5379.02     	0.005   	1.0000  	[10.8, 16.2, 16.2, 16.2]	[up, left, back, hover]	[1.5535, 3.7741, 5.5697, 1.8740]
86   	5365.95     	0.005   	1.0000  	[16.2, 16.2, 16.2, 16.2]	[front, left, back, hover]	[1.9979, 5.4426, 5.4276, 1.8389]
87   	5347.00     	0.005   	1.0000  	[16.2, 16.2, 16.2, 16.2]	[right, left, back, down]	[1.1445, 12.6576, 5.8495, 2.3560]
88   	5310.86     	0.005   	1.0000  	[16.2, 16.2, 16.2, 10.8]	[front, left, back, right]	[1.2454, 17.9003, 7.1872, 1.3489]
89   	5258.02     	0.005   	1.0000  	[16.2, 16.2, 16.2, 10.8]	[front, left, right, back]	[1.6900, 31.7563, 6.8918, 1.1898]
90   	5175.89     	0.004   	1.0000  	[16.2, 16.2, 16.2, 10.8]	[down, left, hover, hover]	[1.2526, 51.7712, 6.1516, 1.1743]
91   	5009.34     	0.004   	1.0000  	[10.8, 16.2, 16.2, 10.8]	[right, left, hover, hover]	[1.8451, 114.3832, 5.4758, 0.6131]
92   	4842.18     	0.004   	1.0000  	[10.8, 16.2, 16.2, 10.8]	[front, left, front, front]	[1.6886, 120.5731, 3.8885, 1.4753]
93   	4764.06     	0.004   	1.0000  	[10.8, 16.2, 16.2, 10.8]	[back, front, back, front]	[1.7114, 56.7146, 2.7377, 2.3781]
94   	4728.21     	0.004   	1.0000  	[10.8, 16.2, 16.2, 10.8]	[hover, hover, front, back]	[1.8659, 26.6706, 2.4834, 1.6302]
95   	4707.94     	0.004   	1.0000  	[10.8, 16.2, 16.2, 10.8]	[front, front, hover, back]	[2.0176, 18.0634, 1.7897, 1.6939]
96   	4690.85     	0.004   	1.0000  	[10.8, 16.2, 16.2, 10.8]	[back, down, back, hover]	[1.4409, 16.7188, 2.0179, 1.4434]
97   	4678.26     	0.004   	1.0000  	[10.8, 10.8, 16.2, 10.8]	[front, front, front, hover]	[0.5505, 13.2575, 1.8855, 1.1968]
98   	4667.67     	0.004   	1.0000  	[10.8, 10.8, 16.2, 10.8]	[front, left, hover, hover]	[0.8871, 10.8442, 1.7612, 1.1110]
99   	4654.80     	0.004   	1.0000  	[10.8, 10.8, 16.2, 10.8]	[hover, right, front, hover]	[1.1074, 10.3166, 2.1011, 0.6489]
[2025-12-18T14:53:00]
Strategy: greedy_ig
Pairwise: biased
News mode: IG
Num agents: 4
Iteration: 3
Error margin: None
Gaussian radius 5 
Grid info: range: 0-50-50, cell_size:0.125, map shape: (400, 400), center:True
init UAV positions: [(0.0, -10.0, 5.4), (-5.0, 15.0, 5.4), (15.0, -5.0, 5.4), (20.0, 20.0, 5.4)]
mcts_params: {}
Step	Entropy	MSE	Coverage	Heights	Actions	IGs
------------------------------------------------------------------------------------------------------------------------
0    	160000.00   	0.250   	0.0000  	[5.4, 5.4, 5.4, 5.4]	[-, -, -, -]	[-, -, -, -]
1    	158749.78   	0.238   	0.0625  	[5.4, 5.4, 5.4, 5.4]	[up, up, up, up]	[3904.5582, 3904.5582, 3904.5582, 3162.6921]
2    	157220.33   	0.225   	0.2381  	[10.8, 10.8, 10.8, 10.8]	[up, up, up, up]	[3793.6876, 3792.2506, 3784.5429, 1843.5263]
3    	155288.11   	0.211   	0.4839  	[16.2, 16.2, 16.2, 16.2]	[up, up, up, back]	[3586.7652, 2967.7464, 2972.2953, 1457.7599]
4    	152818.75   	0.199   	0.7106  	[21.7, 21.7, 21.7, 16.2]	[up, back, left, left]	[2858.8845, 2265.4276, 2283.5596, 1409.4178]
5    	149156.21   	0.187   	0.8036  	[27.1, 21.7, 21.7, 16.2]	[front, up, up, up]	[2081.3777, 1983.3109, 1986.7576, 1450.9536]
6    	144360.86   	0.176   	0.8536  	[27.1, 27.1, 27.1, 21.7]	[front, back, left, back]	[1620.2256, 1812.3836, 1806.1628, 1445.3515]
7    	139109.26   	0.166   	0.8598  	[27.1, 27.1, 27.1, 21.7]	[front, back, left, left]	[1419.3281, 1577.7561, 1564.5304, 1427.9030]
8    	133833.38   	0.157   	0.8661  	[27.1, 27.1, 27.1, 21.7]	[front, back, left, left]	[1354.4526, 1412.3975, 1401.2840, 1419.0561]
9    	128472.67   	0.148   	0.8723  	[27.1, 27.1, 27.1, 21.7]	[front, back, left, left]	[1333.4629, 1352.5489, 1344.8008, 1445.4259]
10   	123029.28   	0.139   	0.8797  	[27.1, 27.1, 27.1, 21.7]	[front, back, left, left]	[1324.3051, 1341.9196, 1328.0851, 1463.2751]
11   	117973.68   	0.131   	0.8867  	[27.1, 27.1, 27.1, 21.7]	[right, back, left, left]	[1236.5056, 1343.2193, 1326.7238, 1456.2297]
12   	113132.10   	0.122   	0.9145  	[27.1, 27.1, 27.1, 21.7]	[right, left, front, left]	[1248.2982, 1268.2012, 1256.1736, 1458.1056]
13   	108153.47   	0.114   	0.9339  	[27.1, 27.1, 27.1, 21.7]	[right, back, front, left]	[1282.4099, 1159.9759, 1260.6270, 1449.9466]
14   	103503.14   	0.107   	0.9444  	[27.1, 27.1, 27.1, 21.7]	[back, left, front, left]	[855.7797, 853.9201, 1293.6768, 1455.7869]
15   	99338.28    	0.101   	0.9620  	[27.1, 27.1, 27.1, 21.7]	[back, hover, front, left]	[586.2553, 486.9571, 1320.7054, 1454.1447]
16   	95635.06    	0.096   	0.9739  	[27.1, 27.1, 27.1, 21.7]	[back, hover, left, back]	[465.2543, 234.5151, 1158.8427, 1433.8378]
17   	91988.14    	0.091   	0.9827  	[27.1, 27.1, 27.1, 21.7]	[back, front, front, back]	[436.0862, 139.6652, 970.9068, 1458.7947]
18   	88581.12    	0.087   	0.9836  	[27.1, 27.1, 27.1, 21.7]	[back, front, hover, back]	[478.0456, 148.2140, 570.1346, 1496.5998]
19   	85317.80    	0.083   	0.9906  	[27.1, 27.1, 27.1, 21.7]	[back, front, right, back]	[638.9272, 170.5461, 307.1370, 1514.4793]
20   	82218.33    	0.079   	1.0000  	[27.1, 27.1, 27.1, 21.7]	[hover, front, right, back]	[383.7355, 188.8982, 375.2350, 1536.5402]
21   	79145.17    	0.076   	1.0000  	[27.1, 27.1, 27.1, 21.7]	[hover, front, right, back]	[184.9824, 203.5889, 491.1160, 1542.5172]
22   	75975.27    	0.072   	1.0000  	[27.1, 27.1, 27.1, 21.7]	[left, front, right, back]	[104.5184, 224.8767, 573.6133, 1544.1744]
23   	73265.39    	0.069   	1.0000  	[27.1, 27.1, 27.1, 21.7]	[left, front, right, back]	[87.2711, 179.9934, 614.1586, 1527.9968]
24   	70525.30    	0.065   	1.0000  	[27.1, 27.1, 27.1, 21.7]	[left, hover, right, right]	[116.7818, 92.3227, 638.9508, 1433.0488]
25   	67104.87    	0.062   	1.0000  	[27.1, 27.1, 27.1, 21.7]	[left, hover, right, right]	[554.4255, 44.7614, 461.4593, 1466.8501]
26   	62985.60    	0.058   	1.0000  	[27.1, 27.1, 27.1, 21.7]	[left, right, down, right]	[926.8861, 24.8570, 318.3162, 1513.2043]
27   	58747.86    	0.054   	1.0000  	[27.1, 27.1, 21.7, 21.7]	[left, right, right, right]	[1148.1801, 54.9663, 206.5955, 1526.0085]
28   	54636.12    	0.049   	1.0000  	[27.1, 27.1, 21.7, 21.7]	[front, right, front, right]	[833.2097, 494.2698, 149.9321, 1529.1093]
29   	50394.87    	0.045   	1.0000  	[27.1, 27.1, 21.7, 21.7]	[front, right, hover, right]	[588.4354, 854.5547, 63.6333, 1531.0721]
30   	45836.08    	0.040   	1.0000  	[27.1, 27.1, 21.7, 21.7]	[front, right, hover, right]	[473.1624, 1061.9685, 29.2529, 1542.2064]
31   	41249.25    	0.036   	1.0000  	[27.1, 27.1, 21.7, 21.7]	[front, right, down, right]	[436.2549, 1159.1861, 19.3997, 1254.9224]
32   	37175.01    	0.032   	1.0000  	[27.1, 27.1, 16.2, 21.7]	[front, right, right, back]	[451.2450, 1017.1993, 16.2399, 811.1376]
33   	33652.15    	0.029   	1.0000  	[27.1, 27.1, 16.2, 21.7]	[front, back, front, hover]	[512.7332, 817.0981, 13.5714, 375.2072]
34   	30921.14    	0.027   	1.0000  	[27.1, 27.1, 16.2, 21.7]	[front, back, down, left]	[405.3245, 676.4780, 10.0393, 143.3483]
35   	28523.36    	0.025   	1.0000  	[27.1, 27.1, 10.8, 21.7]	[hover, back, hover, up]	[230.8540, 631.3615, 7.7305, 117.5786]
36   	26457.08    	0.023   	1.0000  	[27.1, 27.1, 10.8, 27.1]	[hover, back, hover, front]	[111.0045, 631.9149, 6.8285, 72.4303]
37   	24661.82    	0.022   	1.0000  	[27.1, 27.1, 10.8, 27.1]	[right, back, left, left]	[55.5102, 647.8016, 5.4558, 42.0552]
38   	22995.28    	0.021   	1.0000  	[27.1, 27.1, 10.8, 27.1]	[right, back, up, left]	[42.8387, 679.7066, 5.0406, 45.0761]
39   	21565.58    	0.019   	1.0000  	[27.1, 27.1, 16.2, 27.1]	[right, back, left, left]	[41.1507, 681.3909, 5.4883, 51.4369]
40   	20527.80    	0.018   	1.0000  	[27.1, 27.1, 16.2, 27.1]	[right, hover, left, left]	[56.8500, 414.1082, 6.1759, 59.3575]
41   	19750.94    	0.017   	1.0000  	[27.1, 27.1, 16.2, 27.1]	[right, hover, hover, left]	[84.1582, 210.5568, 7.0361, 75.2374]
42   	19015.48    	0.017   	1.0000  	[27.1, 27.1, 16.2, 27.1]	[right, hover, left, left]	[136.9042, 96.0959, 5.9037, 114.6530]
43   	18441.68    	0.016   	1.0000  	[27.1, 27.1, 16.2, 27.1]	[hover, hover, left, left]	[72.4770, 48.1855, 7.3539, 248.7856]
44   	18014.50    	0.016   	1.0000  	[27.1, 27.1, 16.2, 27.1]	[hover, down, left, hover]	[34.1252, 27.6593, 9.7106, 178.7548]
45   	17716.46    	0.015   	1.0000  	[27.1, 21.7, 16.2, 27.1]	[hover, back, left, front]	[16.8835, 34.6843, 13.3355, 108.0426]
46   	17488.73    	0.015   	1.0000  	[27.1, 21.7, 16.2, 27.1]	[hover, right, left, front]	[11.0949, 31.1526, 16.2226, 72.7308]
47   	17289.71    	0.015   	1.0000  	[27.1, 21.7, 16.2, 27.1]	[down, hover, left, front]	[9.3451, 23.3536, 19.8872, 60.8643]
48   	17063.99    	0.014   	1.0000  	[21.7, 21.7, 16.2, 27.1]	[right, down, left, front]	[11.7121, 19.6739, 48.6762, 58.0312]
49   	16707.64    	0.014   	1.0000  	[21.7, 16.2, 16.2, 27.1]	[front, right, left, front]	[9.5901, 19.5821, 182.7080, 60.3279]
50   	16378.57    	0.014   	1.0000  	[21.7, 16.2, 16.2, 27.1]	[down, back, back, front]	[8.9006, 17.3670, 83.0759, 77.5181]
51   	16041.42    	0.014   	1.0000  	[16.2, 16.2, 16.2, 27.1]	[right, down, back, front]	[9.2318, 14.2665, 50.5080, 90.7772]
52   	15831.24    	0.013   	1.0000  	[16.2, 10.8, 16.2, 27.1]	[hover, back, back, hover]	[7.0623, 11.5839, 47.0037, 46.6684]
53   	15705.51    	0.013   	1.0000  	[16.2, 10.8, 16.2, 27.1]	[back, hover, back, hover]	[5.1639, 9.8982, 45.9229, 22.6060]
54   	15511.82    	0.013   	1.0000  	[16.2, 10.8, 16.2, 27.1]	[hover, hover, back, hover]	[5.0762, 10.0102, 130.5334, 11.2495]
55   	15224.76    	0.013   	1.0000  	[16.2, 10.8, 16.2, 27.1]	[hover, up, back, hover]	[4.9973, 8.0826, 210.3966, 6.7236]
56   	14888.98    	0.013   	1.0000  	[16.2, 16.2, 16.2, 27.1]	[hover, front, back, hover]	[3.9650, 5.9065, 262.8618, 5.0591]
57   	14429.89    	0.012   	1.0000  	[16.2, 16.2, 16.2, 27.1]	[front, front, back, hover]	[3.6210, 6.1713, 357.2747, 4.2811]
58   	13804.14    	0.012   	1.0000  	[16.2, 16.2, 16.2, 27.1]	[left, up, back, hover]	[3.3068, 5.4954, 510.5591, 3.8159]
59   	12627.46    	0.010   	1.0000  	[16.2, 21.7, 16.2, 27.1]	[left, left, back, down]	[3.4513, 6.3299, 1085.5029, 3.6138]
60   	11648.91    	0.010   	1.0000  	[16.2, 21.7, 16.2, 21.7]	[right, left, back, right]	[3.4331, 5.9774, 845.3560, 3.2889]
61   	11026.71    	0.009   	1.0000  	[16.2, 21.7, 16.2, 21.7]	[front, front, right, right]	[3.1268, 5.0651, 488.2520, 3.1531]
62   	10506.99    	0.009   	1.0000  	[16.2, 21.7, 16.2, 21.7]	[left, front, right, down]	[2.4583, 4.9756, 385.2853, 3.0837]
63   	10036.82    	0.008   	1.0000  	[16.2, 21.7, 16.2, 16.2]	[down, front, right, back]	[2.7241, 6.6335, 364.3723, 3.3849]
64   	9558.06     	0.008   	1.0000  	[10.8, 21.7, 16.2, 16.2]	[left, front, right, right]	[1.9792, 9.0352, 371.7593, 2.7045]
65   	9047.11     	0.008   	1.0000  	[10.8, 21.7, 16.2, 16.2]	[hover, front, right, right]	[2.9052, 10.5951, 381.8640, 2.3501]
66   	8523.62     	0.007   	1.0000  	[10.8, 21.7, 16.2, 16.2]	[hover, front, right, right]	[2.0475, 15.0652, 375.2462, 2.3002]
67   	8008.92     	0.007   	1.0000  	[10.8, 21.7, 16.2, 16.2]	[front, front, right, right]	[0.9808, 26.4168, 370.3608, 2.6941]
68   	7349.95     	0.006   	1.0000  	[10.8, 21.7, 16.2, 16.2]	[right, up, right, right]	[2.1640, 49.0579, 375.5154, 4.0465]
69   	6713.82     	0.006   	1.0000  	[10.8, 27.1, 16.2, 16.2]	[hover, front, right, right]	[2.2535, 36.9218, 397.4779, 9.2812]
70   	6035.05     	0.005   	1.0000  	[10.8, 27.1, 16.2, 16.2]	[right, hover, right, right]	[1.7188, 20.0147, 460.5918, 27.3780]
71   	5643.26     	0.005   	1.0000  	[10.8, 27.1, 16.2, 16.2]	[hover, down, right, back]	[1.7782, 13.6307, 273.0548, 9.0424]
72   	5488.58     	0.005   	1.0000  	[10.8, 21.7, 16.2, 16.2]	[right, front, hover, front]	[1.3580, 12.9386, 92.9880, 3.6188]
73   	5422.74     	0.005   	1.0000  	[10.8, 21.7, 16.2, 16.2]	[up, right, front, hover]	[1.6847, 13.7294, 31.5517, 2.2582]
74   	5392.95     	0.005   	1.0000  	[16.2, 21.7, 16.2, 16.2]	[back, down, front, up]	[1.5891, 10.6957, 14.3703, 1.8202]
75   	5366.78     	0.005   	1.0000  	[16.2, 16.2, 16.2, 21.7]	[hover, right, back, left]	[1.4314, 12.2480, 8.9819, 1.9728]
76   	5343.24     	0.005   	1.0000  	[16.2, 16.2, 16.2, 21.7]	[hover, front, back, back]	[1.0850, 10.8822, 9.2506, 2.1990]
77   	5329.87     	0.005   	1.0000  	[16.2, 16.2, 16.2, 21.7]	[hover, back, down, hover]	[0.7962, 9.8268, 5.7079, 1.8357]
78   	5317.74     	0.005   	1.0000  	[16.2, 16.2, 10.8, 21.7]	[down, down, back, hover]	[1.6965, 8.1734, 5.4799, 1.4593]
79   	5308.63     	0.005   	1.0000  	[10.8, 10.8, 10.8, 21.7]	[left, right, right, left]	[1.0441, 7.7885, 4.9154, 0.8422]
80   	5300.84     	0.005   	1.0000  	[10.8, 10.8, 10.8, 21.7]	[front, hover, hover, up]	[0.4926, 4.7555, 3.5520, 0.8517]
81   	5291.67     	0.005   	1.0000  	[10.8, 10.8, 10.8, 27.1]	[hover, hover, front, back]	[0.9581, 4.4483, 2.4028, 1.5362]
82   	5283.51     	0.005   	1.0000  	[10.8, 10.8, 10.8, 27.1]	[hover, up, left, back]	[1.4015, 3.4860, 1.3029, 2.7502]
83   	5274.91     	0.005   	1.0000  	[10.8, 16.2, 10.8, 27.1]	[hover, left, left, back]	[0.4389, 3.5730, 1.7749, 3.7683]
84   	5266.82     	0.005   	1.0000  	[10.8, 16.2, 10.8, 27.1]	[hover, hover, left, back]	[0.5556, 3.5398, 2.0395, 3.4321]
85   	5256.00     	0.005   	1.0000  	[10.8, 16.2, 10.8, 27.1]	[hover, hover, left, down]	[1.2919, 4.0348, 1.7077, 3.7992]
86   	5244.97     	0.005   	1.0000  	[10.8, 16.2, 10.8, 21.7]	[hover, hover, left, right]	[1.3458, 4.4296, 1.8028, 4.0625]
87   	5236.45     	0.005   	1.0000  	[10.8, 16.2, 10.8, 21.7]	[hover, down, up, back]	[0.8938, 4.0124, 2.8652, 3.6317]
88   	5223.93     	0.005   	1.0000  	[10.8, 10.8, 16.2, 21.7]	[left, back, front, back]	[0.4897, 3.2446, 5.1190, 4.7955]
89   	5211.79     	0.005   	1.0000  	[10.8, 10.8, 16.2, 21.7]	[left, right, left, back]	[0.2229, 2.1576, 5.4652, 4.2524]
90   	5201.23     	0.005   	1.0000  	[10.8, 10.8, 16.2, 21.7]	[back, hover, front, down]	[0.1809, 2.5132, 5.7626, 3.4851]
91   	5191.61     	0.004   	1.0000  	[10.8, 10.8, 16.2, 16.2]	[back, left, front, right]	[0.3900, 1.1718, 5.9345, 4.3431]
92   	5184.91     	0.004   	1.0000  	[10.8, 10.8, 16.2, 16.2]	[left, left, front, back]	[0.5174, 0.8001, 4.9446, 3.4019]
93   	5177.22     	0.004   	1.0000  	[10.8, 10.8, 16.2, 16.2]	[left, right, down, back]	[1.2715, 0.9558, 4.5351, 2.6208]
94   	5170.57     	0.004   	1.0000  	[10.8, 10.8, 10.8, 16.2]	[left, right, front, hover]	[2.5028, 0.9540, 3.8705, 2.5600]
95   	5161.84     	0.004   	1.0000  	[10.8, 10.8, 10.8, 16.2]	[left, hover, back, hover]	[3.7618, 1.1465, 3.4331, 2.8679]
96   	5153.55     	0.004   	1.0000  	[10.8, 10.8, 10.8, 16.2]	[up, hover, up, hover]	[4.0183, 1.3500, 2.5170, 2.0154]
97   	5137.11     	0.004   	1.0000  	[16.2, 10.8, 16.2, 16.2]	[left, hover, back, hover]	[9.1825, 1.6782, 2.7547, 1.5285]
98   	5113.05     	0.004   	1.0000  	[16.2, 10.8, 16.2, 16.2]	[left, left, back, hover]	[16.0075, 0.7395, 2.8212, 1.5245]
99   	5066.95     	0.004   	1.0000  	[16.2, 10.8, 16.2, 16.2]	[left, hover, left, hover]	[32.8494, 0.6913, 2.6763, 1.6578]
[2025-12-18T14:53:12]
Strategy: greedy_ig
Pairwise: biased
News mode: IG
Num agents: 4
Iteration: 4
Error margin: None
Gaussian radius 5 
Grid info: range: 0-50-50, cell_size:0.125, map shape: (400, 400), center:True
init UAV positions: [(-10.0, 0.0, 5.4), (-20.0, 0.0, 5.4), (15.0, -20.0, 5.4), (5.0, 15.0, 5.4)]
mcts_params: {}
Step	Entropy	MSE	Coverage	Heights	Actions	IGs
------------------------------------------------------------------------------------------------------------------------
0    	160000.00   	0.250   	0.0000  	[5.4, 5.4, 5.4, 5.4]	[-, -, -, -]	[-, -, -, -]
1    	158644.25   	0.238   	0.0625  	[5.4, 5.4, 5.4, 5.4]	[up, up, up, up]	[3904.5582, 3514.1024, 3514.1024, 3904.5582]
2    	156805.65   	0.225   	0.2250  	[10.8, 10.8, 10.8, 10.8]	[up, up, up, up]	[3791.9289, 2678.0582, 2678.8427, 3801.1871]
3    	154516.67   	0.212   	0.4256  	[16.2, 16.2, 16.2, 16.2]	[up, up, front, up]	[3594.4418, 2270.6191, 2048.3391, 2989.9405]
4    	151722.25   	0.200   	0.5913  	[21.7, 21.7, 16.2, 21.7]	[up, right, up, back]	[2865.8988, 2016.3432, 1729.8198, 2308.9945]
5    	148580.20   	0.188   	0.7253  	[27.1, 21.7, 21.7, 21.7]	[right, right, front, up]	[2098.4846, 1725.4173, 1650.2882, 2004.4937]
6    	144826.43   	0.178   	0.7970  	[27.1, 21.7, 21.7, 27.1]	[right, up, left, back]	[1628.0222, 1749.9074, 1492.3137, 1813.7271]
7    	140058.16   	0.167   	0.8087  	[27.1, 27.1, 21.7, 27.1]	[right, right, front, back]	[1412.3947, 1743.6310, 1454.0018, 1572.0571]
8    	134406.92   	0.158   	0.8134  	[27.1, 27.1, 21.7, 27.1]	[right, right, front, back]	[1354.5336, 1560.1793, 1471.2408, 1412.6643]
9    	127945.20   	0.149   	0.8181  	[27.1, 27.1, 21.7, 27.1]	[right, right, front, back]	[1337.7292, 1406.1066, 1508.9755, 1346.5402]
10   	121141.03   	0.140   	0.8272  	[27.1, 27.1, 21.7, 27.1]	[right, right, front, back]	[1339.0353, 1349.2609, 1525.5971, 1328.4956]
11   	114449.30   	0.131   	0.8491  	[27.1, 27.1, 21.7, 27.1]	[front, right, front, back]	[1254.5490, 1320.6322, 1528.1911, 1334.4783]
12   	107942.33   	0.123   	0.8662  	[27.1, 27.1, 21.7, 27.1]	[front, right, front, right]	[1246.4457, 1317.3060, 1545.8091, 1248.8901]
13   	101875.03   	0.114   	0.8709  	[27.1, 27.1, 21.7, 27.1]	[front, right, front, back]	[1274.4659, 1325.7572, 1557.1454, 1142.5237]
14   	96631.91    	0.107   	0.8825  	[27.1, 27.1, 21.7, 27.1]	[left, front, front, right]	[856.8317, 1246.9593, 1550.2466, 850.6648]
15   	91701.42    	0.101   	0.8842  	[27.1, 27.1, 21.7, 27.1]	[left, front, left, hover]	[594.2110, 1244.5784, 1452.8772, 485.1210]
16   	86661.57    	0.095   	0.8936  	[27.1, 27.1, 21.7, 27.1]	[left, front, left, hover]	[468.3541, 1285.5699, 1471.5580, 230.9186]
17   	82087.40    	0.091   	0.9053  	[27.1, 27.1, 21.7, 27.1]	[left, right, left, front]	[442.9773, 933.5167, 1500.4657, 133.6563]
18   	78542.54    	0.086   	0.9219  	[27.1, 27.1, 21.7, 27.1]	[left, hover, left, front]	[483.7428, 524.9816, 1515.7610, 143.3718]
19   	75917.55    	0.083   	0.9336  	[27.1, 27.1, 21.7, 27.1]	[left, hover, left, front]	[634.1443, 241.1985, 1521.7060, 166.0346]
20   	73763.31    	0.079   	0.9430  	[27.1, 27.1, 21.7, 27.1]	[hover, left, left, front]	[370.6598, 139.5142, 1521.9234, 185.4511]
21   	71774.84    	0.076   	0.9430  	[27.1, 27.1, 21.7, 27.1]	[back, left, left, front]	[181.0733, 225.1525, 1521.5279, 199.7547]
22   	69854.63    	0.073   	0.9430  	[27.1, 27.1, 21.7, 27.1]	[back, left, left, front]	[114.3248, 312.6877, 1373.3016, 220.8643]
23   	67734.71    	0.070   	0.9430  	[27.1, 27.1, 21.7, 27.1]	[back, left, back, front]	[131.6197, 371.7214, 1316.5337, 177.8324]
24   	65386.80    	0.067   	0.9430  	[27.1, 27.1, 21.7, 27.1]	[back, left, back, down]	[560.7934, 396.1262, 1382.0501, 95.7855]
25   	62725.67    	0.063   	0.9609  	[27.1, 27.1, 21.7, 21.7]	[back, left, back, front]	[925.3855, 413.2289, 1459.2073, 77.2936]
26   	60031.14    	0.058   	0.9789  	[27.1, 27.1, 21.7, 21.7]	[back, left, back, right]	[1146.3458, 363.6121, 1488.1969, 72.8404]
27   	57594.78    	0.055   	1.0000  	[27.1, 27.1, 21.7, 21.7]	[right, hover, back, hover]	[833.0730, 212.9146, 1512.6578, 33.6561]
28   	55597.26    	0.051   	1.0000  	[27.1, 27.1, 21.7, 21.7]	[right, hover, back, hover]	[585.0767, 107.3900, 1525.4998, 16.2941]
29   	53980.66    	0.048   	1.0000  	[27.1, 27.1, 21.7, 21.7]	[right, hover, back, front]	[464.3885, 51.1314, 1525.5512, 9.4406]
30   	52645.94    	0.046   	1.0000  	[27.1, 27.1, 21.7, 21.7]	[right, hover, back, down]	[441.1005, 27.4877, 1221.2278, 7.7299]
31   	51556.46    	0.044   	1.0000  	[27.1, 27.1, 21.7, 16.2]	[right, hover, right, right]	[462.8597, 17.6303, 605.4065, 8.0852]
32   	50629.45    	0.043   	1.0000  	[27.1, 27.1, 21.7, 16.2]	[right, down, left, back]	[526.6030, 14.0633, 251.4144, 6.1228]
33   	49951.47    	0.042   	1.0000  	[27.1, 21.7, 21.7, 16.2]	[right, front, right, down]	[419.9974, 16.5736, 92.3865, 5.5249]
34   	49530.97    	0.041   	1.0000  	[27.1, 21.7, 21.7, 10.8]	[hover, left, left, right]	[246.5991, 14.9903, 49.2515, 7.2713]
35   	49294.87    	0.041   	1.0000  	[27.1, 21.7, 21.7, 10.8]	[hover, hover, right, hover]	[129.6150, 12.0254, 24.0886, 6.0443]
36   	49166.59    	0.041   	1.0000  	[27.1, 21.7, 21.7, 10.8]	[front, right, left, hover]	[68.8990, 10.3522, 18.8514, 4.2958]
37   	49074.03    	0.041   	1.0000  	[27.1, 21.7, 21.7, 10.8]	[front, right, right, hover]	[48.5899, 8.9761, 13.0107, 2.8244]
38   	48980.37    	0.041   	1.0000  	[27.1, 21.7, 21.7, 10.8]	[front, hover, right, front]	[43.9073, 8.7686, 13.7137, 2.4068]
39   	48857.84    	0.040   	1.0000  	[27.1, 21.7, 21.7, 10.8]	[front, hover, right, front]	[53.2393, 8.3066, 7.1458, 2.1248]
40   	48655.70    	0.040   	1.0000  	[27.1, 21.7, 21.7, 10.8]	[front, left, right, back]	[82.8571, 8.2539, 6.3696, 1.7427]
41   	48372.33    	0.040   	1.0000  	[27.1, 21.7, 21.7, 10.8]	[front, left, hover, back]	[135.6640, 7.3269, 4.7067, 2.0719]
42   	48212.31    	0.040   	1.0000  	[27.1, 21.7, 21.7, 10.8]	[hover, hover, right, back]	[74.1325, 6.6446, 4.1224, 2.5431]
43   	48127.86    	0.040   	1.0000  	[27.1, 21.7, 21.7, 10.8]	[hover, hover, right, front]	[37.6167, 6.3109, 3.6189, 1.6214]
44   	48081.31    	0.040   	1.0000  	[27.1, 21.7, 21.7, 10.8]	[hover, hover, right, hover]	[20.0867, 5.5292, 4.1109, 1.3587]
45   	48057.69    	0.040   	1.0000  	[27.1, 21.7, 21.7, 10.8]	[down, hover, front, back]	[14.1726, 5.6974, 4.1526, 0.6290]
46   	48028.16    	0.040   	1.0000  	[21.7, 21.7, 21.7, 10.8]	[front, hover, front, front]	[19.3953, 4.6300, 3.8098, 0.3113]
47   	48003.79    	0.039   	1.0000  	[21.7, 21.7, 21.7, 10.8]	[right, right, hover, left]	[15.0232, 4.2889, 3.5355, 0.8928]
48   	47983.13    	0.039   	1.0000  	[21.7, 21.7, 21.7, 10.8]	[left, right, hover, hover]	[12.1463, 3.9103, 3.1982, 1.5855]
49   	47961.93    	0.039   	1.0000  	[21.7, 21.7, 21.7, 10.8]	[hover, right, front, hover]	[10.4686, 4.4235, 2.9158, 1.7709]
50   	47940.01    	0.039   	1.0000  	[21.7, 21.7, 21.7, 10.8]	[right, right, up, right]	[8.1496, 5.3139, 3.2133, 1.6151]
51   	47807.66    	0.039   	1.0000  	[21.7, 21.7, 27.1, 10.8]	[left, right, right, hover]	[6.9313, 6.7685, 64.5538, 1.6970]
52   	47656.82    	0.039   	1.0000  	[21.7, 21.7, 27.1, 10.8]	[left, right, front, hover]	[6.4560, 8.9302, 53.4548, 1.4197]
53   	47505.40    	0.039   	1.0000  	[21.7, 21.7, 27.1, 10.8]	[left, right, front, hover]	[7.0774, 12.4850, 45.6194, 1.3926]
54   	47312.28    	0.039   	1.0000  	[21.7, 21.7, 27.1, 10.8]	[left, right, front, hover]	[8.8884, 16.7182, 54.7574, 1.3958]
55   	46861.86    	0.038   	1.0000  	[21.7, 21.7, 27.1, 10.8]	[left, right, front, hover]	[9.5405, 72.4038, 96.7167, 1.6929]
56   	46343.99    	0.038   	1.0000  	[21.7, 21.7, 27.1, 10.8]	[left, back, front, hover]	[10.0569, 32.2107, 234.2010, 0.6799]
57   	45819.43    	0.038   	1.0000  	[21.7, 21.7, 27.1, 10.8]	[left, back, left, back]	[20.7347, 20.5071, 178.7492, 0.2343]
58   	45308.25    	0.037   	1.0000  	[21.7, 21.7, 27.1, 10.8]	[left, back, left, front]	[44.3468, 74.7775, 112.8377, 0.5257]
59   	44759.55    	0.037   	1.0000  	[21.7, 21.7, 27.1, 10.8]	[left, back, left, front]	[84.5474, 157.2602, 73.7349, 0.6121]
60   	44119.42    	0.036   	1.0000  	[21.7, 21.7, 27.1, 10.8]	[hover, back, left, front]	[40.2733, 268.0517, 60.2725, 0.8403]
61   	42863.55    	0.035   	1.0000  	[21.7, 21.7, 27.1, 10.8]	[hover, back, left, left]	[20.5852, 810.3272, 59.4348, 1.3953]
62   	40920.13    	0.033   	1.0000  	[21.7, 21.7, 27.1, 10.8]	[hover, back, left, hover]	[12.0934, 1184.8069, 79.0077, 0.9518]
63   	38601.99    	0.031   	1.0000  	[21.7, 21.7, 27.1, 10.8]	[hover, back, left, back]	[9.6298, 1351.2111, 106.4302, 1.1370]
64   	36826.49    	0.030   	1.0000  	[21.7, 21.7, 27.1, 10.8]	[hover, left, hover, hover]	[6.6680, 963.4313, 55.2464, 1.4534]
65   	35522.40    	0.029   	1.0000  	[21.7, 21.7, 27.1, 10.8]	[hover, left, hover, hover]	[4.8609, 700.4964, 27.8746, 1.3617]
66   	34499.10    	0.028   	1.0000  	[21.7, 21.7, 27.1, 10.8]	[down, left, hover, hover]	[3.6471, 602.9161, 14.1284, 1.5210]
67   	33661.40    	0.028   	1.0000  	[16.2, 21.7, 27.1, 10.8]	[left, left, hover, hover]	[3.2044, 582.7874, 8.3706, 1.4266]
68   	33027.20    	0.027   	1.0000  	[16.2, 21.7, 27.1, 10.8]	[back, left, hover, hover]	[4.2254, 572.0344, 5.6891, 0.8159]
69   	32489.83    	0.026   	1.0000  	[16.2, 21.7, 27.1, 10.8]	[back, left, hover, hover]	[3.8807, 579.9671, 4.5752, 1.3689]
70   	31964.13    	0.025   	1.0000  	[16.2, 21.7, 27.1, 10.8]	[back, left, hover, hover]	[3.7084, 592.1589, 3.8061, 1.5561]
71   	31479.38    	0.025   	1.0000  	[16.2, 21.7, 27.1, 10.8]	[back, left, hover, hover]	[6.9702, 600.8379, 3.3075, 0.6052]
72   	31078.90    	0.024   	1.0000  	[16.2, 21.7, 27.1, 10.8]	[back, left, hover, front]	[11.8502, 501.1474, 3.3027, 0.7116]
73   	30850.74    	0.024   	1.0000  	[16.2, 21.7, 27.1, 10.8]	[back, hover, hover, left]	[11.3248, 251.0731, 2.9030, 1.0256]
74   	30726.77    	0.023   	1.0000  	[16.2, 21.7, 27.1, 10.8]	[back, hover, hover, left]	[50.3513, 101.1638, 2.4774, 0.3686]
75   	30601.35    	0.023   	1.0000  	[16.2, 21.7, 27.1, 10.8]	[back, hover, down, up]	[132.6741, 38.2241, 2.2094, 0.8119]
76   	30399.95    	0.023   	1.0000  	[16.2, 21.7, 21.7, 16.2]	[back, hover, front, left]	[274.2824, 18.7634, 2.9218, 1.5253]
77   	30309.10    	0.023   	1.0000  	[16.2, 21.7, 21.7, 16.2]	[hover, hover, hover, left]	[101.7121, 10.8099, 2.5883, 4.3653]
78   	30246.58    	0.023   	1.0000  	[16.2, 21.7, 21.7, 16.2]	[hover, hover, hover, left]	[33.2991, 7.1107, 2.1052, 23.1822]
79   	30001.86    	0.022   	1.0000  	[16.2, 21.7, 21.7, 16.2]	[hover, right, hover, left]	[12.9329, 5.0871, 2.0853, 161.1871]
80   	29173.98    	0.022   	1.0000  	[16.2, 21.7, 21.7, 16.2]	[right, front, hover, left]	[8.9958, 4.2103, 1.6965, 704.5999]
81   	27926.94    	0.021   	1.0000  	[16.2, 21.7, 21.7, 16.2]	[right, left, hover, left]	[8.7198, 3.7913, 1.3846, 985.6089]
82   	26537.83    	0.020   	1.0000  	[16.2, 21.7, 21.7, 16.2]	[right, hover, left, left]	[7.8899, 3.5199, 1.3529, 1063.8873]
83   	25135.50    	0.019   	1.0000  	[16.2, 21.7, 21.7, 16.2]	[right, right, right, left]	[8.9270, 3.2832, 1.4756, 1076.3708]
84   	23776.55    	0.018   	1.0000  	[16.2, 21.7, 21.7, 16.2]	[right, back, hover, back]	[8.7637, 3.1332, 1.3197, 1046.7455]
85   	22419.10    	0.017   	1.0000  	[16.2, 21.7, 21.7, 16.2]	[right, hover, hover, back]	[11.9538, 3.2325, 1.3885, 1032.5295]
86   	21074.36    	0.016   	1.0000  	[16.2, 21.7, 21.7, 16.2]	[right, hover, hover, back]	[15.2534, 3.2316, 1.2851, 1030.8416]
87   	19437.91    	0.014   	1.0000  	[16.2, 21.7, 21.7, 16.2]	[right, front, hover, up]	[18.6999, 3.0171, 1.4123, 1065.5115]
88   	17651.12    	0.013   	1.0000  	[16.2, 21.7, 21.7, 21.7]	[right, front, hover, back]	[25.1282, 2.6349, 1.3669, 1018.7907]
89   	15931.43    	0.012   	1.0000  	[16.2, 21.7, 21.7, 21.7]	[right, left, hover, back]	[54.1904, 2.1376, 1.2458, 941.2768]
90   	14352.38    	0.010   	1.0000  	[16.2, 21.7, 21.7, 21.7]	[right, front, hover, back]	[45.9322, 1.9843, 1.1196, 895.6765]
91   	12799.85    	0.009   	1.0000  	[16.2, 21.7, 21.7, 21.7]	[hover, front, hover, back]	[25.7805, 2.0690, 1.3167, 897.7600]
92   	11215.09    	0.008   	1.0000  	[16.2, 21.7, 21.7, 21.7]	[hover, right, hover, back]	[19.8880, 2.2275, 1.4648, 917.0013]
93   	9502.25     	0.007   	1.0000  	[16.2, 21.7, 21.7, 21.7]	[hover, hover, hover, back]	[14.0966, 1.9398, 1.4098, 957.4299]
94   	7730.96     	0.006   	1.0000  	[16.2, 21.7, 21.7, 21.7]	[front, hover, hover, back]	[10.7185, 1.8103, 1.4085, 999.5577]
95   	5964.39     	0.004   	1.0000  	[16.2, 21.7, 21.7, 21.7]	[back, up, left, back]	[8.9253, 1.5943, 1.0905, 988.0412]
96   	4885.16     	0.004   	1.0000  	[16.2, 27.1, 21.7, 21.7]	[front, front, hover, hover]	[7.8642, 1.7212, 0.9346, 499.1007]
97   	4441.91     	0.003   	1.0000  	[16.2, 27.1, 21.7, 21.7]	[back, front, hover, hover]	[6.2739, 1.7007, 0.7755, 187.5269]
98   	4297.94     	0.003   	1.0000  	[16.2, 27.1, 21.7, 21.7]	[left, front, hover, right]	[5.2726, 1.6107, 0.8579, 63.8598]
99   	4235.85     	0.003   	1.0000  	[16.2, 27.1, 21.7, 21.7]	[right, hover, hover, right]	[4.6023, 1.5824, 0.8255, 30.5241]
[2025-12-18T14:53:23]
Strategy: greedy_ig
Pairwise: biased
News mode: IG
Num agents: 4
Iteration: 5
Error margin: None
Gaussian radius 5 
Grid info: range: 0-50-50, cell_size:0.125, map shape: (400, 400), center:True
init UAV positions: [(-25.0, -5.0, 5.4), (-10.0, 20.0, 5.4), (10.0, -15.0, 5.4), (0.0, 0.0, 5.4)]
mcts_params: {}
Step	Entropy	MSE	Coverage	Heights	Actions	IGs
------------------------------------------------------------------------------------------------------------------------
0    	160000.00   	0.250   	0.0000  	[5.4, 5.4, 5.4, 5.4]	[-, -, -, -]	[-, -, -, -]
1    	158882.99   	0.239   	0.0547  	[5.4, 5.4, 5.4, 5.4]	[up, up, up, up]	[1952.2791, 3514.1024, 3904.5582, 3904.5582]
2    	157528.19   	0.227   	0.2125  	[10.8, 10.8, 10.8, 10.8]	[up, up, up, up]	[1897.4051, 2653.9137, 3803.2554, 3791.1633]
3    	155642.32   	0.214   	0.4462  	[16.2, 16.2, 16.2, 16.2]	[up, up, up, up]	[1796.8411, 2249.1646, 2992.1686, 3580.5670]
4    	152947.12   	0.201   	0.6850  	[21.7, 21.7, 21.7, 21.7]	[right, back, front, up]	[1768.9510, 2009.5263, 2296.4460, 2946.7410]
5    	149701.59   	0.190   	0.7436  	[21.7, 21.7, 21.7, 27.1]	[right, back, up, back]	[1643.4819, 1723.7491, 1895.8555, 2078.8556]
6    	145956.15   	0.179   	0.8005  	[21.7, 21.7, 27.1, 27.1]	[up, up, front, back]	[1568.0832, 1656.0038, 1727.8242, 1632.5161]
7    	141337.25   	0.168   	0.8656  	[27.1, 27.1, 27.1, 27.1]	[right, back, front, back]	[1600.6552, 1654.6961, 1508.4252, 1428.9311]
8    	136111.55   	0.158   	0.8898  	[27.1, 27.1, 27.1, 27.1]	[right, back, front, right]	[1523.9887, 1503.9834, 1356.1139, 1269.5314]
9    	130566.31   	0.149   	0.9016  	[27.1, 27.1, 27.1, 27.1]	[right, back, front, right]	[1420.2574, 1368.7286, 1307.7940, 1263.8841]
10   	124987.52   	0.140   	0.9158  	[27.1, 27.1, 27.1, 27.1]	[right, back, front, right]	[1356.5485, 1328.5711, 1308.6488, 1293.3776]
11   	119888.78   	0.131   	0.9400  	[27.1, 27.1, 27.1, 27.1]	[right, back, front, front]	[1339.0368, 1318.1089, 1314.5974, 876.2374]
12   	114754.87   	0.123   	0.9642  	[27.1, 27.1, 27.1, 27.1]	[right, back, left, front]	[1338.6693, 1315.9087, 1260.5556, 655.0456]
13   	109260.90   	0.115   	0.9642  	[27.1, 27.1, 27.1, 27.1]	[right, back, left, front]	[1342.5085, 1320.4789, 1257.0795, 777.0192]
14   	103158.28   	0.107   	0.9759  	[27.1, 27.1, 27.1, 27.1]	[right, right, left, front]	[1350.1263, 1262.7564, 1282.6350, 961.2227]
15   	96466.95    	0.098   	0.9759  	[27.1, 27.1, 27.1, 27.1]	[right, right, left, front]	[1359.2979, 1259.3748, 1298.2051, 1133.7677]
16   	89550.32    	0.089   	0.9759  	[27.1, 27.1, 27.1, 27.1]	[back, right, left, front]	[1274.2867, 1287.2166, 1313.3993, 1252.2279]
17   	82926.55    	0.081   	0.9953  	[27.1, 27.1, 27.1, 27.1]	[back, right, left, left]	[960.6899, 1308.7802, 1323.3538, 904.9217]
18   	77034.26    	0.075   	0.9953  	[27.1, 27.1, 27.1, 27.1]	[hover, right, front, left]	[554.1320, 1325.9369, 1147.4468, 665.8706]
19   	71900.89    	0.069   	0.9953  	[27.1, 27.1, 27.1, 27.1]	[left, right, left, left]	[288.6941, 1338.8819, 760.6631, 590.8567]
20   	67449.50    	0.065   	0.9953  	[27.1, 27.1, 27.1, 27.1]	[left, front, hover, left]	[215.7438, 1058.4634, 397.9653, 835.8489]
21   	63378.13    	0.060   	0.9953  	[27.1, 27.1, 27.1, 27.1]	[left, front, back, left]	[202.5747, 889.8909, 204.6596, 1075.0376]
22   	59223.70    	0.056   	0.9953  	[27.1, 27.1, 27.1, 27.1]	[left, front, back, left]	[197.6591, 816.3717, 420.3466, 1222.6724]
23   	55260.55    	0.051   	0.9969  	[27.1, 27.1, 27.1, 27.1]	[left, front, back, back]	[195.0522, 800.8508, 621.3792, 853.1072]
24   	51485.25    	0.047   	0.9984  	[27.1, 27.1, 27.1, 27.1]	[left, front, back, back]	[195.5742, 813.2103, 748.0235, 597.4861]
25   	48122.73    	0.043   	1.0000  	[27.1, 27.1, 27.1, 27.1]	[hover, front, back, back]	[119.4185, 702.1595, 805.0731, 471.1027]
26   	45100.41    	0.040   	1.0000  	[27.1, 27.1, 27.1, 27.1]	[hover, right, back, back]	[61.4690, 505.0946, 842.3119, 435.8269]
27   	42607.35    	0.037   	1.0000  	[27.1, 27.1, 27.1, 27.1]	[hover, hover, back, back]	[29.2352, 276.0041, 592.0288, 457.2118]
28   	40703.28    	0.036   	1.0000  	[27.1, 27.1, 27.1, 27.1]	[hover, hover, down, back]	[16.7700, 130.5579, 450.1721, 522.3482]
29   	39487.78    	0.034   	1.0000  	[27.1, 27.1, 21.7, 27.1]	[hover, hover, back, hover]	[12.5327, 59.4603, 267.4275, 311.9864]
30   	38840.84    	0.034   	1.0000  	[27.1, 27.1, 21.7, 27.1]	[front, back, left, hover]	[9.9481, 38.6892, 130.6860, 153.4472]
31   	38469.99    	0.033   	1.0000  	[27.1, 27.1, 21.7, 27.1]	[front, back, hover, hover]	[16.7849, 37.7232, 55.7352, 70.7396]
32   	37526.73    	0.032   	1.0000  	[27.1, 27.1, 21.7, 27.1]	[front, back, down, hover]	[519.6475, 41.4519, 32.0678, 36.8607]
33   	35522.52    	0.031   	1.0000  	[27.1, 27.1, 16.2, 27.1]	[front, back, left, right]	[924.8113, 56.1550, 25.6035, 23.5601]
34   	32696.73    	0.028   	1.0000  	[27.1, 27.1, 16.2, 27.1]	[front, back, back, left]	[1159.3354, 91.0807, 17.9283, 18.1212]
35   	29463.77    	0.026   	1.0000  	[27.1, 27.1, 16.2, 27.1]	[front, back, right, hover]	[1260.7391, 147.5630, 16.6273, 14.8977]
36   	26433.47    	0.023   	1.0000  	[27.1, 27.1, 16.2, 27.1]	[front, back, front, hover]	[1095.8086, 268.6957, 12.4657, 12.3761]
37   	24015.35    	0.022   	1.0000  	[27.1, 27.1, 16.2, 27.1]	[right, left, front, hover]	[819.4678, 200.2083, 9.7506, 10.6737]
38   	22133.43    	0.020   	1.0000  	[27.1, 27.1, 16.2, 27.1]	[right, left, right, right]	[685.3410, 126.2840, 7.9926, 9.6166]
39   	20438.97    	0.019   	1.0000  	[27.1, 27.1, 16.2, 27.1]	[right, left, up, right]	[644.7669, 88.0424, 7.1802, 12.9838]
40   	18794.24    	0.017   	1.0000  	[27.1, 27.1, 21.7, 27.1]	[right, left, front, right]	[642.7427, 78.0704, 10.8546, 13.7547]
41   	17073.13    	0.016   	1.0000  	[27.1, 27.1, 21.7, 27.1]	[right, left, front, right]	[661.5641, 86.4124, 11.2383, 29.7957]
42   	15091.31    	0.014   	1.0000  	[27.1, 27.1, 21.7, 27.1]	[right, left, front, right]	[711.8647, 113.8347, 13.0516, 59.2427]
43   	13403.21    	0.013   	1.0000  	[27.1, 27.1, 21.7, 27.1]	[hover, left, front, right]	[433.4246, 141.9585, 12.4848, 115.8069]
44   	12420.40    	0.012   	1.0000  	[27.1, 27.1, 21.7, 27.1]	[hover, hover, front, hover]	[220.9703, 79.7313, 12.9634, 63.1795]
45   	11949.15    	0.012   	1.0000  	[27.1, 27.1, 21.7, 27.1]	[hover, hover, front, hover]	[99.8839, 41.2358, 14.6525, 31.3307]
46   	11687.42    	0.011   	1.0000  	[27.1, 27.1, 21.7, 27.1]	[back, hover, front, hover]	[52.5098, 23.4464, 15.0725, 17.9581]
47   	11340.26    	0.011   	1.0000  	[27.1, 27.1, 21.7, 27.1]	[front, down, front, hover]	[34.1869, 17.0497, 124.5663, 12.7431]
48   	11166.71    	0.011   	1.0000  	[27.1, 21.7, 21.7, 27.1]	[down, left, left, front]	[24.7343, 19.8239, 55.9298, 10.8086]
49   	11021.77    	0.011   	1.0000  	[21.7, 21.7, 21.7, 27.1]	[right, back, right, front]	[27.5641, 18.4708, 26.3956, 11.4158]
50   	10880.40    	0.010   	1.0000  	[21.7, 21.7, 21.7, 27.1]	[front, hover, right, front]	[25.7282, 15.3559, 26.0721, 15.7435]
51   	10646.43    	0.010   	1.0000  	[21.7, 21.7, 21.7, 27.1]	[down, hover, right, front]	[19.6655, 12.2662, 75.4667, 24.8394]
52   	10293.25    	0.010   	1.0000  	[16.2, 21.7, 21.7, 27.1]	[right, hover, right, front]	[18.1303, 10.2758, 117.3102, 57.6081]
53   	9835.90     	0.009   	1.0000  	[16.2, 21.7, 21.7, 27.1]	[front, hover, right, front]	[16.6922, 9.2195, 148.7257, 110.1486]
54   	9412.48     	0.009   	1.0000  	[16.2, 21.7, 21.7, 27.1]	[hover, front, right, hover]	[13.3096, 8.4055, 170.5902, 58.7600]
55   	9000.80     	0.009   	1.0000  	[16.2, 21.7, 21.7, 27.1]	[left, front, right, hover]	[11.8947, 7.9405, 197.3643, 31.0550]
56   	8492.79     	0.008   	1.0000  	[16.2, 21.7, 21.7, 27.1]	[right, front, right, hover]	[9.1329, 9.2476, 254.4684, 18.3616]
57   	7875.20     	0.008   	1.0000  	[16.2, 21.7, 21.7, 27.1]	[back, front, right, hover]	[8.1387, 9.5780, 312.9837, 12.7958]
58   	7524.87     	0.007   	1.0000  	[16.2, 21.7, 21.7, 27.1]	[back, front, hover, hover]	[8.0700, 9.9169, 153.1678, 10.3358]
59   	7350.98     	0.007   	1.0000  	[16.2, 21.7, 21.7, 27.1]	[back, front, hover, hover]	[6.7244, 9.2503, 67.6683, 7.9668]
60   	7253.08     	0.007   	1.0000  	[16.2, 21.7, 21.7, 27.1]	[back, front, hover, hover]	[9.0530, 12.8942, 30.7942, 6.5585]
61   	7158.55     	0.007   	1.0000  	[16.2, 21.7, 21.7, 27.1]	[back, front, hover, left]	[16.1568, 21.1242, 18.7913, 5.8842]
62   	7055.52     	0.007   	1.0000  	[16.2, 21.7, 21.7, 27.1]	[back, front, hover, left]	[26.7463, 28.5789, 14.4535, 7.1140]
63   	6941.91     	0.007   	1.0000  	[16.2, 21.7, 21.7, 27.1]	[back, hover, back, left]	[36.7271, 11.2674, 10.9223, 13.7542]
64   	6798.96     	0.007   	1.0000  	[16.2, 21.7, 21.7, 27.1]	[back, hover, hover, left]	[45.0685, 5.3981, 8.7686, 26.3016]
65   	6575.23     	0.006   	1.0000  	[16.2, 21.7, 21.7, 27.1]	[back, hover, hover, left]	[47.6021, 4.2007, 7.9819, 53.1600]
66   	6203.82     	0.006   	1.0000  	[16.2, 21.7, 21.7, 27.1]	[back, back, hover, left]	[82.5550, 3.6292, 6.5368, 108.0536]
67   	5960.39     	0.006   	1.0000  	[16.2, 21.7, 21.7, 27.1]	[back, back, hover, hover]	[84.8436, 3.3252, 5.7854, 57.2221]
68   	5839.80     	0.006   	1.0000  	[16.2, 21.7, 21.7, 27.1]	[hover, back, hover, hover]	[35.8416, 3.5365, 5.2084, 28.8791]
69   	5767.80     	0.006   	1.0000  	[16.2, 21.7, 21.7, 27.1]	[hover, back, front, hover]	[21.7349, 4.4386, 5.0668, 16.2753]
70   	5716.96     	0.005   	1.0000  	[16.2, 21.7, 21.7, 27.1]	[hover, back, left, hover]	[14.4934, 4.0562, 4.4379, 11.1565]
71   	5678.71     	0.005   	1.0000  	[16.2, 21.7, 21.7, 27.1]	[front, back, hover, hover]	[11.8313, 4.2934, 3.8365, 8.8410]
72   	5649.99     	0.005   	1.0000  	[16.2, 21.7, 21.7, 27.1]	[back, right, right, hover]	[8.6051, 4.2100, 3.1812, 7.7130]
73   	5625.22     	0.005   	1.0000  	[16.2, 21.7, 21.7, 27.1]	[front, hover, back, hover]	[7.3287, 3.5329, 3.0755, 6.7657]
74   	5602.56     	0.005   	1.0000  	[16.2, 21.7, 21.7, 27.1]	[front, back, back, hover]	[6.1758, 3.0286, 3.1751, 6.0626]
75   	5584.94     	0.005   	1.0000  	[16.2, 21.7, 21.7, 27.1]	[back, back, back, down]	[6.1741, 3.4742, 3.4931, 5.2703]
76   	5558.96     	0.005   	1.0000  	[16.2, 21.7, 21.7, 21.7]	[hover, back, back, left]	[6.3889, 4.8997, 3.3749, 6.5399]
77   	5532.82     	0.005   	1.0000  	[16.2, 21.7, 21.7, 21.7]	[back, right, back, front]	[5.3683, 3.8125, 4.8085, 6.5254]
78   	5498.43     	0.005   	1.0000  	[16.2, 21.7, 21.7, 21.7]	[front, right, back, hover]	[5.7628, 3.8880, 13.3233, 5.2696]
79   	5433.22     	0.005   	1.0000  	[16.2, 21.7, 21.7, 21.7]	[front, right, back, back]	[5.6457, 5.0084, 27.6830, 4.8099]
80   	5310.07     	0.005   	1.0000  	[16.2, 21.7, 21.7, 21.7]	[hover, right, back, back]	[5.7908, 7.7925, 55.4264, 3.9956]
81   	5137.14     	0.005   	1.0000  	[16.2, 21.7, 21.7, 21.7]	[hover, right, back, back]	[4.7028, 12.1518, 73.9300, 5.0502]
82   	5047.68     	0.005   	1.0000  	[16.2, 21.7, 21.7, 21.7]	[hover, right, hover, back]	[4.0864, 18.0104, 27.5804, 5.2514]
83   	4947.81     	0.005   	1.0000  	[16.2, 21.7, 21.7, 21.7]	[left, right, back, hover]	[3.7005, 38.0804, 12.1240, 5.0249]
84   	4859.40     	0.005   	1.0000  	[16.2, 21.7, 21.7, 21.7]	[left, right, hover, back]	[4.0660, 37.9838, 7.4891, 3.8743]
85   	4812.15     	0.004   	1.0000  	[16.2, 21.7, 21.7, 21.7]	[left, hover, hover, back]	[5.1084, 18.7416, 5.9373, 4.5439]
86   	4791.38     	0.004   	1.0000  	[16.2, 21.7, 21.7, 21.7]	[left, down, hover, back]	[4.5579, 9.9985, 5.3510, 5.5507]
87   	4763.18     	0.004   	1.0000  	[16.2, 16.2, 21.7, 21.7]	[left, right, hover, back]	[4.2874, 12.4234, 4.7276, 6.7728]
88   	4739.47     	0.004   	1.0000  	[16.2, 16.2, 21.7, 21.7]	[back, back, hover, hover]	[3.6237, 11.2405, 3.6600, 6.6381]
89   	4717.25     	0.004   	1.0000  	[16.2, 16.2, 21.7, 21.7]	[left, front, hover, hover]	[5.0212, 8.4272, 3.1916, 5.4675]
90   	4694.75     	0.004   	1.0000  	[16.2, 16.2, 21.7, 21.7]	[left, front, hover, hover]	[7.5083, 7.7442, 3.2341, 3.8788]
91   	4673.88     	0.004   	1.0000  	[16.2, 16.2, 21.7, 21.7]	[hover, back, hover, hover]	[6.9729, 6.6529, 2.7407, 3.5988]
92   	4657.50     	0.004   	1.0000  	[16.2, 16.2, 21.7, 21.7]	[hover, down, left, right]	[5.9472, 6.0664, 2.4446, 3.5242]
93   	4643.01     	0.004   	1.0000  	[16.2, 10.8, 21.7, 21.7]	[hover, hover, right, left]	[4.3715, 6.1273, 2.3282, 3.1196]
94   	4631.41     	0.004   	1.0000  	[16.2, 10.8, 21.7, 21.7]	[up, left, left, right]	[3.7461, 5.4561, 2.2957, 2.6001]
95   	4618.51     	0.004   	1.0000  	[21.7, 10.8, 21.7, 21.7]	[left, back, left, front]	[4.3630, 4.3922, 2.1277, 2.5419]
96   	4600.61     	0.004   	1.0000  	[21.7, 10.8, 21.7, 21.7]	[left, back, down, left]	[6.2614, 4.1329, 2.1993, 2.3571]
97   	4588.93     	0.004   	1.0000  	[21.7, 10.8, 16.2, 21.7]	[hover, hover, left, right]	[4.4452, 3.5520, 2.0574, 2.0638]
98   	4578.28     	0.004   	1.0000  	[21.7, 10.8, 16.2, 21.7]	[hover, right, left, hover]	[3.8557, 2.6223, 2.8370, 1.7390]
99   	4572.37     	0.004   	1.0000  	[21.7, 10.8, 16.2, 21.7]	[hover, right, right, hover]	[3.8033, 2.9638, 1.6495, 1.6304]
[2025-12-18T14:53:37]
Strategy: greedy_ig
Pairwise: biased
News mode: IG
Num agents: 4
Iteration: 6
Error margin: None
Gaussian radius 5 
Grid info: range: 0-50-50, cell_size:0.125, map shape: (400, 400), center:True
init UAV positions: [(-25.0, -15.0, 5.4), (-15.0, 15.0, 5.4), (20.0, -10.0, 5.4), (0.0, 20.0, 5.4)]
mcts_params: {}
Step	Entropy	MSE	Coverage	Heights	Actions	IGs
------------------------------------------------------------------------------------------------------------------------
0    	160000.00   	0.250   	0.0000  	[5.4, 5.4, 5.4, 5.4]	[-, -, -, -]	[-, -, -, -]
1    	158915.03   	0.240   	0.0547  	[5.4, 5.4, 5.4, 5.4]	[up, up, up, up]	[1952.2791, 3904.5582, 3514.1024, 3514.1024]
2    	157616.30   	0.229   	0.2062  	[10.8, 10.8, 10.8, 10.8]	[up, up, up, up]	[1897.2960, 3773.1153, 2681.3926, 2669.6962]
3    	156052.70   	0.218   	0.4059  	[16.2, 16.2, 16.2, 16.2]	[right, up, up, up]	[1750.9411, 2448.1606, 2246.7876, 2267.6003]
4    	154544.47   	0.209   	0.5763  	[16.2, 21.7, 21.7, 21.7]	[right, back, left, back]	[1592.8532, 1872.4543, 2021.0742, 2015.1659]
5    	153061.10   	0.201   	0.6778  	[16.2, 21.7, 21.7, 21.7]	[up, right, left, back]	[1591.1190, 1579.6411, 1737.0602, 1729.6884]
6    	151165.83   	0.191   	0.7761  	[21.7, 21.7, 21.7, 21.7]	[right, right, up, up]	[1606.6379, 1484.9749, 1655.9073, 1733.8882]
7    	148596.11   	0.182   	0.9056  	[21.7, 21.7, 27.1, 27.1]	[right, right, left, back]	[1491.8468, 1498.6793, 1655.2251, 1726.3739]
8    	145332.66   	0.173   	0.9203  	[21.7, 21.7, 27.1, 27.1]	[front, right, left, back]	[1453.8453, 1519.7617, 1504.7922, 1552.1202]
9    	141371.09   	0.164   	0.9273  	[21.7, 21.7, 27.1, 27.1]	[front, right, left, back]	[1470.7306, 1522.0620, 1380.2707, 1396.1899]
10   	136900.63   	0.155   	0.9273  	[21.7, 21.7, 27.1, 27.1]	[front, right, left, back]	[1510.8674, 1514.4301, 1328.1180, 1344.6262]
11   	132433.62   	0.147   	0.9320  	[21.7, 21.7, 27.1, 27.1]	[front, right, left, back]	[1526.4924, 1519.7810, 1315.7513, 1328.7628]
12   	128272.55   	0.139   	0.9555  	[21.7, 21.7, 27.1, 27.1]	[front, right, left, back]	[1532.4654, 1522.5359, 1309.2465, 1321.2226]
13   	124029.18   	0.130   	0.9789  	[21.7, 21.7, 27.1, 27.1]	[front, back, left, back]	[1530.1514, 1424.5165, 1308.9330, 1331.2570]
14   	119267.88   	0.122   	0.9789  	[21.7, 21.7, 27.1, 27.1]	[front, back, front, left]	[1544.5646, 1453.9825, 1254.8591, 1264.7339]
15   	113688.71   	0.114   	0.9789  	[21.7, 21.7, 27.1, 27.1]	[front, back, front, left]	[1546.2301, 1490.0515, 1261.0261, 1263.9137]
16   	107251.90   	0.106   	0.9789  	[21.7, 21.7, 27.1, 27.1]	[right, back, front, left]	[1431.3818, 1503.4158, 1299.0388, 1295.2057]
17   	100564.05   	0.098   	0.9789  	[21.7, 21.7, 27.1, 27.1]	[right, back, front, back]	[1445.0704, 1525.4737, 1314.7214, 945.8255]
18   	93659.27    	0.090   	0.9789  	[21.7, 21.7, 27.1, 27.1]	[right, up, front, hover]	[1495.1462, 1549.6536, 1324.9143, 535.1854]
19   	86847.62    	0.083   	0.9852  	[21.7, 27.1, 27.1, 27.1]	[right, back, front, hover]	[1517.6575, 1557.1096, 1328.8758, 252.3755]
20   	80733.58    	0.076   	0.9852  	[21.7, 27.1, 27.1, 27.1]	[right, back, right, front]	[1527.6999, 1365.2465, 1043.7875, 149.3178]
21   	74725.45    	0.070   	0.9852  	[21.7, 27.1, 27.1, 27.1]	[up, left, right, front]	[1552.0738, 1082.4051, 881.4168, 228.7002]
22   	68305.30    	0.063   	0.9859  	[27.1, 27.1, 27.1, 27.1]	[right, left, right, front]	[1556.6641, 1008.1863, 815.0083, 314.7863]
23   	62038.55    	0.057   	0.9867  	[27.1, 27.1, 27.1, 27.1]	[right, left, right, front]	[1458.4543, 1001.7859, 807.4800, 370.6114]
24   	56314.23    	0.051   	1.0000  	[27.1, 27.1, 27.1, 27.1]	[back, left, right, front]	[1157.1611, 1018.0528, 805.9650, 395.5396]
25   	50650.22    	0.045   	1.0000  	[27.1, 27.1, 27.1, 27.1]	[back, left, right, front]	[1069.6683, 1036.9805, 691.0766, 410.4945]
26   	45155.23    	0.040   	1.0000  	[27.1, 27.1, 27.1, 27.1]	[back, left, front, front]	[1062.1298, 1052.3668, 504.6569, 357.2694]
27   	40643.37    	0.036   	1.0000  	[27.1, 27.1, 27.1, 27.1]	[back, left, hover, hover]	[1063.6737, 731.0361, 280.5280, 206.8748]
28   	37313.90    	0.033   	1.0000  	[27.1, 27.1, 27.1, 27.1]	[back, down, hover, hover]	[1061.8581, 541.1491, 133.6374, 99.1200]
29   	34703.44    	0.030   	1.0000  	[27.1, 21.7, 27.1, 27.1]	[back, left, hover, hover]	[1075.8701, 331.8057, 62.8280, 43.5873]
30   	32810.06    	0.028   	1.0000  	[27.1, 21.7, 27.1, 27.1]	[back, back, left, hover]	[752.7351, 217.6952, 35.0790, 22.5471]
31   	31792.20    	0.027   	1.0000  	[27.1, 21.7, 27.1, 27.1]	[down, hover, left, down]	[538.1267, 95.8409, 36.4512, 15.3807]
32   	31186.90    	0.027   	1.0000  	[21.7, 21.7, 27.1, 21.7]	[back, hover, left, left]	[326.9080, 44.7763, 40.4701, 17.3849]
33   	30784.76    	0.026   	1.0000  	[21.7, 21.7, 27.1, 21.7]	[right, hover, left, front]	[224.0443, 26.7517, 53.7439, 19.2108]
34   	30455.61    	0.026   	1.0000  	[21.7, 21.7, 27.1, 21.7]	[hover, hover, left, hover]	[99.3803, 21.3803, 81.2899, 12.4855]
35   	30101.31    	0.025   	1.0000  	[21.7, 21.7, 27.1, 21.7]	[hover, right, left, hover]	[47.6019, 18.7462, 136.9877, 9.9624]
36   	29626.30    	0.025   	1.0000  	[21.7, 21.7, 27.1, 21.7]	[hover, hover, left, back]	[26.6004, 15.4347, 264.5396, 9.5869]
37   	29142.10    	0.024   	1.0000  	[21.7, 21.7, 27.1, 21.7]	[hover, front, back, hover]	[19.2902, 13.2503, 198.4081, 9.2207]
38   	28767.58    	0.024   	1.0000  	[21.7, 21.7, 27.1, 21.7]	[down, front, back, hover]	[15.8638, 14.5258, 127.7746, 8.3188]
39   	28507.84    	0.024   	1.0000  	[16.2, 21.7, 27.1, 21.7]	[right, up, back, hover]	[13.6467, 15.9095, 86.5565, 6.7696]
40   	28256.24    	0.024   	1.0000  	[16.2, 27.1, 27.1, 21.7]	[back, front, back, hover]	[11.2670, 15.8419, 81.6233, 5.4821]
41   	28008.58    	0.023   	1.0000  	[16.2, 27.1, 27.1, 21.7]	[left, front, back, hover]	[8.1092, 12.8310, 84.4770, 5.2811]
42   	27668.64    	0.023   	1.0000  	[16.2, 27.1, 27.1, 21.7]	[left, front, back, back]	[8.8325, 10.9960, 108.6731, 4.7453]
43   	27243.82    	0.023   	1.0000  	[16.2, 27.1, 27.1, 21.7]	[left, front, back, back]	[11.5343, 10.8668, 139.1948, 7.9694]
44   	26970.45    	0.023   	1.0000  	[16.2, 27.1, 27.1, 21.7]	[left, front, hover, back]	[12.8259, 9.0742, 76.8096, 10.2083]
45   	26702.24    	0.022   	1.0000  	[16.2, 27.1, 27.1, 21.7]	[left, front, hover, back]	[13.2761, 72.0405, 38.4442, 12.6868]
46   	26509.17    	0.022   	1.0000  	[16.2, 27.1, 27.1, 21.7]	[left, right, hover, back]	[10.1220, 49.2659, 22.4317, 12.2510]
47   	26365.47    	0.022   	1.0000  	[16.2, 27.1, 27.1, 21.7]	[left, right, hover, back]	[6.6035, 35.9902, 15.3476, 14.7112]
48   	26231.91    	0.022   	1.0000  	[16.2, 27.1, 27.1, 21.7]	[front, right, hover, back]	[4.3406, 31.6241, 11.5966, 20.6273]
49   	26003.15    	0.022   	1.0000  	[16.2, 27.1, 27.1, 21.7]	[front, right, down, back]	[5.1240, 32.8738, 10.0253, 70.7408]
50   	25830.33    	0.022   	1.0000  	[16.2, 27.1, 21.7, 21.7]	[front, right, back, right]	[4.1238, 48.9861, 11.9683, 35.3171]
51   	25630.64    	0.021   	1.0000  	[16.2, 27.1, 21.7, 21.7]	[front, right, left, right]	[4.9074, 92.7166, 11.8394, 25.4768]
52   	25161.42    	0.021   	1.0000  	[16.2, 27.1, 21.7, 21.7]	[up, right, hover, right]	[5.6659, 297.0534, 9.6539, 89.5858]
53   	24594.29    	0.020   	1.0000  	[21.7, 27.1, 21.7, 21.7]	[left, hover, hover, right]	[5.4547, 195.7713, 7.9282, 168.3108]
54   	23967.88    	0.019   	1.0000  	[21.7, 27.1, 21.7, 21.7]	[front, hover, hover, right]	[6.9922, 104.2930, 6.6997, 264.9169]
55   	22699.58    	0.018   	1.0000  	[21.7, 27.1, 21.7, 21.7]	[up, back, hover, right]	[8.6177, 49.2803, 6.3953, 816.8687]
56   	20737.60    	0.017   	1.0000  	[27.1, 27.1, 21.7, 21.7]	[front, back, front, right]	[14.0809, 25.6497, 6.2459, 1187.1936]
57   	18469.74    	0.015   	1.0000  	[27.1, 27.1, 21.7, 21.7]	[front, back, front, right]	[29.2593, 22.5749, 6.7758, 1335.3501]
58   	16490.67    	0.013   	1.0000  	[27.1, 27.1, 21.7, 21.7]	[front, back, front, front]	[66.6426, 23.3431, 8.1334, 946.6928]
59   	14617.35    	0.012   	1.0000  	[27.1, 27.1, 21.7, 21.7]	[front, back, front, front]	[271.6738, 26.9790, 8.8297, 671.6101]
60   	12932.36    	0.011   	1.0000  	[27.1, 27.1, 21.7, 21.7]	[hover, back, front, front]	[178.6034, 50.7753, 7.7058, 592.8099]
61   	11402.48    	0.010   	1.0000  	[27.1, 27.1, 21.7, 21.7]	[hover, back, front, front]	[93.5904, 86.6635, 10.2432, 574.1313]
62   	10164.50    	0.009   	1.0000  	[27.1, 27.1, 21.7, 21.7]	[hover, hover, front, front]	[38.9835, 47.5166, 19.7636, 568.6857]
63   	8996.40     	0.008   	1.0000  	[27.1, 27.1, 21.7, 21.7]	[right, hover, front, front]	[20.5798, 25.0614, 37.4401, 578.1684]
64   	7927.04     	0.007   	1.0000  	[27.1, 27.1, 21.7, 21.7]	[right, hover, front, front]	[17.0226, 15.4988, 35.1530, 582.0509]
65   	6882.44     	0.006   	1.0000  	[27.1, 27.1, 21.7, 21.7]	[right, hover, hover, front]	[19.4710, 11.1131, 15.8894, 605.8533]
66   	6004.63     	0.005   	1.0000  	[27.1, 27.1, 21.7, 21.7]	[right, hover, hover, front]	[25.3033, 8.9654, 10.4640, 511.1343]
67   	5364.20     	0.005   	1.0000  	[27.1, 27.1, 21.7, 21.7]	[right, hover, hover, hover]	[54.4835, 7.7414, 7.4619, 249.8808]
68   	4870.88     	0.004   	1.0000  	[27.1, 27.1, 21.7, 21.7]	[right, down, right, hover]	[104.1190, 7.4477, 6.0013, 90.9760]
69   	4618.32     	0.004   	1.0000  	[27.1, 21.7, 21.7, 21.7]	[hover, back, right, hover]	[52.8671, 10.0482, 6.0507, 31.4355]
70   	4506.71     	0.004   	1.0000  	[27.1, 21.7, 21.7, 21.7]	[hover, right, right, front]	[25.0532, 8.3903, 5.7634, 12.0086]
71   	4449.88     	0.004   	1.0000  	[27.1, 21.7, 21.7, 21.7]	[hover, down, back, down]	[15.0329, 7.9948, 5.8693, 8.1387]
72   	4402.93     	0.004   	1.0000  	[27.1, 16.2, 21.7, 16.2]	[hover, back, hover, right]	[11.5988, 10.3706, 5.5388, 7.6279]
73   	4363.58     	0.004   	1.0000  	[27.1, 16.2, 21.7, 16.2]	[hover, right, right, down]	[9.1145, 9.7291, 5.8030, 5.4089]
74   	4326.28     	0.004   	1.0000  	[27.1, 16.2, 21.7, 10.8]	[hover, hover, right, right]	[8.3019, 7.0527, 6.5051, 5.7508]
75   	4298.48     	0.004   	1.0000  	[27.1, 16.2, 21.7, 10.8]	[down, hover, right, back]	[7.6953, 5.2389, 7.4643, 4.3482]
76   	4267.50     	0.004   	1.0000  	[21.7, 16.2, 21.7, 10.8]	[right, left, right, hover]	[10.1015, 4.0858, 9.4223, 3.2346]
77   	4231.26     	0.004   	1.0000  	[21.7, 16.2, 21.7, 10.8]	[front, right, right, hover]	[9.5785, 3.4729, 12.9857, 2.7012]
78   	4176.79     	0.004   	1.0000  	[21.7, 16.2, 21.7, 10.8]	[hover, down, right, hover]	[7.5170, 3.4501, 24.9791, 2.5673]
79   	4134.27     	0.004   	1.0000  	[21.7, 10.8, 21.7, 10.8]	[hover, back, front, left]	[6.3777, 3.5357, 19.3150, 2.9278]
80   	4101.64     	0.004   	1.0000  	[21.7, 10.8, 21.7, 10.8]	[hover, right, hover, hover]	[5.7102, 4.4127, 13.6401, 1.6354]
81   	4075.59     	0.003   	1.0000  	[21.7, 10.8, 21.7, 10.8]	[down, left, hover, left]	[5.2405, 3.2954, 10.8985, 3.0683]
82   	4047.25     	0.003   	1.0000  	[16.2, 10.8, 21.7, 10.8]	[right, right, hover, left]	[7.1645, 2.2080, 10.1427, 2.8059]
83   	4021.97     	0.003   	1.0000  	[16.2, 10.8, 21.7, 10.8]	[hover, hover, hover, left]	[6.4853, 2.0120, 8.3791, 3.0969]
84   	4006.41     	0.003   	1.0000  	[16.2, 10.8, 21.7, 10.8]	[hover, hover, down, back]	[4.4078, 2.0718, 6.7772, 2.0274]
85   	3989.76     	0.003   	1.0000  	[16.2, 10.8, 16.2, 10.8]	[hover, left, right, up]	[3.0169, 1.9546, 8.3417, 1.7321]
86   	3978.97     	0.003   	1.0000  	[16.2, 10.8, 16.2, 16.2]	[hover, right, hover, back]	[2.6123, 1.9193, 5.9834, 1.9129]
87   	3969.52     	0.003   	1.0000  	[16.2, 10.8, 16.2, 16.2]	[hover, front, hover, hover]	[2.5679, 2.4745, 4.2327, 1.9250]
88   	3960.88     	0.003   	1.0000  	[16.2, 10.8, 16.2, 16.2]	[hover, hover, down, left]	[2.7422, 1.4246, 3.3135, 2.1135]
89   	3951.75     	0.003   	1.0000  	[16.2, 10.8, 10.8, 16.2]	[hover, back, right, back]	[2.2221, 1.3815, 3.2731, 2.7380]
90   	3945.45     	0.003   	1.0000  	[16.2, 10.8, 10.8, 16.2]	[hover, up, back, hover]	[2.1952, 0.7362, 3.3570, 1.9851]
91   	3937.27     	0.003   	1.0000  	[16.2, 16.2, 10.8, 16.2]	[hover, left, hover, up]	[1.6272, 0.9571, 3.0996, 1.1850]
92   	3928.68     	0.003   	1.0000  	[16.2, 16.2, 10.8, 21.7]	[hover, left, hover, back]	[1.5260, 1.7197, 4.0229, 1.5471]
93   	3921.86     	0.003   	1.0000  	[16.2, 16.2, 10.8, 21.7]	[front, back, hover, back]	[1.4851, 1.8105, 2.8957, 1.6260]
94   	3911.75     	0.003   	1.0000  	[16.2, 16.2, 10.8, 21.7]	[hover, right, front, back]	[1.6374, 1.7704, 3.0790, 3.4269]
95   	3897.83     	0.003   	1.0000  	[16.2, 16.2, 10.8, 21.7]	[hover, hover, hover, back]	[1.6506, 1.2677, 2.6566, 7.9560]
96   	3885.91     	0.003   	1.0000  	[16.2, 16.2, 10.8, 21.7]	[hover, hover, hover, right]	[1.7347, 1.4839, 1.8430, 9.0241]
97   	3865.86     	0.003   	1.0000  	[16.2, 16.2, 10.8, 21.7]	[hover, hover, back, right]	[1.5620, 1.6704, 1.4369, 13.6742]
98   	3760.44     	0.003   	1.0000  	[16.2, 16.2, 10.8, 21.7]	[hover, left, back, up]	[1.9295, 1.7336, 1.5830, 30.0448]
99   	3666.71     	0.003   	1.0000  	[16.2, 16.2, 10.8, 27.1]	[hover, right, left, back]	[2.5496, 1.6667, 1.4568, 32.6119]
[2025-12-18T14:53:49]
Strategy: greedy_ig
Pairwise: biased
News mode: IG
Num agents: 4
Iteration: 7
Error margin: None
Gaussian radius 5 
Grid info: range: 0-50-50, cell_size:0.125, map shape: (400, 400), center:True
init UAV positions: [(-25.0, -15.0, 5.4), (0.0, 15.0, 5.4), (0.0, -15.0, 5.4), (15.0, 15.0, 5.4)]
mcts_params: {}
Step	Entropy	MSE	Coverage	Heights	Actions	IGs
------------------------------------------------------------------------------------------------------------------------
0    	160000.00   	0.250   	0.0000  	[5.4, 5.4, 5.4, 5.4]	[-, -, -, -]	[-, -, -, -]
1    	158850.27   	0.239   	0.0547  	[5.4, 5.4, 5.4, 5.4]	[up, up, up, up]	[1952.2791, 3904.5582, 3904.5582, 3904.5582]
2    	157293.28   	0.226   	0.2188  	[10.8, 10.8, 10.8, 10.8]	[up, up, up, up]	[1897.2960, 3780.4056, 3797.5505, 3790.9769]
3    	155416.78   	0.213   	0.4641  	[16.2, 16.2, 16.2, 16.2]	[right, up, up, up]	[1771.5026, 2972.1918, 2970.3251, 2463.7018]
4    	153396.89   	0.203   	0.6562  	[16.2, 21.7, 21.7, 21.7]	[right, back, front, left]	[1604.6306, 2286.4239, 2255.0492, 1877.6159]
5    	150870.49   	0.193   	0.7063  	[16.2, 21.7, 21.7, 21.7]	[up, up, up, back]	[1599.4804, 1981.0661, 1972.5934, 1585.7026]
6    	147406.02   	0.182   	0.8047  	[21.7, 27.1, 27.1, 21.7]	[right, back, front, back]	[1596.6285, 1797.2530, 1798.1074, 1495.4634]
7    	143401.89   	0.173   	0.8156  	[21.7, 27.1, 27.1, 21.7]	[right, back, front, back]	[1494.0380, 1562.1394, 1557.7852, 1511.8494]
8    	139190.08   	0.165   	0.8266  	[21.7, 27.1, 27.1, 21.7]	[front, back, front, back]	[1464.9498, 1398.9122, 1403.7025, 1527.8164]
9    	134856.13   	0.156   	0.8492  	[21.7, 27.1, 27.1, 21.7]	[front, back, front, back]	[1479.7490, 1345.2835, 1349.7974, 1531.3535]
10   	130458.39   	0.148   	0.8719  	[21.7, 27.1, 27.1, 21.7]	[front, back, front, back]	[1520.8175, 1336.6608, 1334.4507, 1538.4503]
11   	126051.23   	0.139   	0.8945  	[21.7, 27.1, 27.1, 21.7]	[front, back, front, back]	[1541.4722, 1332.1526, 1328.7688, 1538.8672]
12   	122046.66   	0.131   	0.9172  	[21.7, 27.1, 27.1, 21.7]	[front, left, right, back]	[1526.5068, 1254.3592, 1247.5450, 1533.3309]
13   	117724.43   	0.123   	0.9398  	[21.7, 27.1, 27.1, 21.7]	[front, left, right, left]	[1531.5746, 1259.4652, 1253.2898, 1426.2272]
14   	112875.84   	0.114   	0.9516  	[21.7, 27.1, 27.1, 21.7]	[front, left, right, left]	[1529.7866, 1289.8143, 1287.6641, 1457.9473]
15   	107847.43   	0.107   	0.9661  	[21.7, 27.1, 27.1, 21.7]	[front, back, front, left]	[1518.9068, 1141.4670, 1137.7635, 1495.7285]
16   	102533.52   	0.100   	0.9778  	[21.7, 27.1, 27.1, 21.7]	[right, hover, hover, left]	[1421.7027, 702.9795, 690.9784, 1515.9797]
17   	97253.43    	0.095   	0.9778  	[21.7, 27.1, 27.1, 21.7]	[right, hover, hover, left]	[1440.3480, 348.0275, 339.0993, 1524.0942]
18   	92012.34    	0.090   	0.9778  	[21.7, 27.1, 27.1, 21.7]	[right, right, left, up]	[1499.7612, 173.7868, 166.7935, 1550.6362]
19   	86552.45    	0.085   	0.9778  	[21.7, 27.1, 27.1, 27.1]	[right, right, left, left]	[1527.5952, 166.4522, 163.9916, 1556.4502]
20   	80997.81    	0.079   	0.9778  	[21.7, 27.1, 27.1, 27.1]	[up, right, up, left]	[1503.3946, 219.6103, 123.3365, 1368.2835]
21   	76129.23    	0.073   	0.9778  	[27.1, 27.1, 32.5, 27.1]	[hover, right, back, front]	[1047.0256, 623.1523, 120.5299, 1077.9727]
22   	71234.31    	0.068   	0.9809  	[27.1, 27.1, 32.5, 27.1]	[right, right, left, front]	[1041.1036, 963.3477, 340.7203, 1013.1677]
23   	65802.23    	0.060   	0.9872  	[27.1, 27.1, 32.5, 27.1]	[right, right, left, front]	[1119.8303, 1165.4937, 556.0316, 1017.1323]
24   	59607.44    	0.053   	0.9969  	[27.1, 27.1, 32.5, 27.1]	[right, front, left, front]	[1222.1278, 837.7200, 736.8500, 1022.1881]
25   	52958.00    	0.047   	1.0000  	[27.1, 27.1, 32.5, 27.1]	[back, front, back, front]	[1118.3500, 579.8197, 592.6472, 1038.1006]
26   	46392.57    	0.041   	1.0000  	[27.1, 27.1, 32.5, 27.1]	[back, front, back, front]	[1047.1685, 457.7980, 438.1331, 1052.7183]
27   	40574.15    	0.036   	1.0000  	[27.1, 27.1, 32.5, 27.1]	[back, front, back, front]	[1036.5585, 419.6566, 336.0926, 732.1616]
28   	35647.32    	0.033   	1.0000  	[27.1, 27.1, 32.5, 27.1]	[back, front, back, down]	[1044.2750, 418.5901, 297.2146, 521.2410]
29   	31330.14    	0.029   	1.0000  	[27.1, 27.1, 32.5, 21.7]	[back, front, back, front]	[1054.5948, 430.2162, 227.2911, 309.8927]
30   	27890.72    	0.026   	1.0000  	[27.1, 27.1, 32.5, 21.7]	[back, front, down, left]	[1078.8762, 320.9478, 168.2643, 212.2834]
31   	25336.05    	0.023   	1.0000  	[27.1, 27.1, 27.1, 21.7]	[back, hover, left, hover]	[753.7489, 172.8100, 180.7640, 99.6969]
32   	23943.93    	0.022   	1.0000  	[27.1, 27.1, 27.1, 21.7]	[down, hover, back, hover]	[524.5655, 79.2293, 132.1550, 50.6379]
33   	23211.79    	0.021   	1.0000  	[21.7, 27.1, 27.1, 21.7]	[back, hover, hover, hover]	[313.5144, 36.4331, 76.1474, 29.6174]
34   	22824.32    	0.021   	1.0000  	[21.7, 27.1, 27.1, 21.7]	[right, hover, hover, back]	[217.4622, 18.4118, 44.8168, 20.0395]
35   	22613.84    	0.021   	1.0000  	[21.7, 27.1, 27.1, 21.7]	[hover, left, hover, back]	[89.9019, 12.3666, 29.6252, 16.8155]
36   	22475.23    	0.020   	1.0000  	[21.7, 27.1, 27.1, 21.7]	[hover, left, front, back]	[41.7646, 10.4138, 23.6261, 16.1230]
37   	22233.01    	0.020   	1.0000  	[21.7, 27.1, 27.1, 21.7]	[hover, left, front, back]	[25.4426, 53.1906, 24.0378, 18.9278]
38   	21728.24    	0.020   	1.0000  	[21.7, 27.1, 27.1, 21.7]	[front, left, front, back]	[17.9171, 300.2756, 30.8766, 21.5823]
39   	20755.67    	0.019   	1.0000  	[21.7, 27.1, 27.1, 21.7]	[front, left, front, back]	[13.6877, 522.2607, 42.5651, 28.5358]
40   	19316.33    	0.017   	1.0000  	[21.7, 27.1, 27.1, 21.7]	[hover, left, front, back]	[12.1935, 682.1342, 60.2659, 37.5825]
41   	17957.23    	0.016   	1.0000  	[21.7, 27.1, 27.1, 21.7]	[back, hover, front, back]	[10.3170, 438.2475, 96.5735, 77.4887]
42   	16711.86    	0.015   	1.0000  	[21.7, 27.1, 27.1, 21.7]	[down, hover, front, back]	[8.8025, 223.6367, 138.5043, 206.8491]
43   	16116.98    	0.015   	1.0000  	[16.2, 27.1, 27.1, 21.7]	[right, back, hover, hover]	[7.0522, 97.5076, 81.5798, 87.6897]
44   	15830.85    	0.014   	1.0000  	[16.2, 27.1, 27.1, 21.7]	[back, front, hover, right]	[7.7405, 46.7800, 47.7251, 42.3357]
45   	15652.58    	0.014   	1.0000  	[16.2, 27.1, 27.1, 21.7]	[back, back, hover, right]	[7.0330, 27.8501, 30.8103, 31.7651]
46   	15463.15    	0.014   	1.0000  	[16.2, 27.1, 27.1, 21.7]	[front, back, hover, right]	[5.6285, 21.9099, 23.4281, 50.5874]
47   	15237.54    	0.014   	1.0000  	[16.2, 27.1, 27.1, 21.7]	[hover, back, hover, right]	[4.9872, 20.2469, 19.5598, 84.7797]
48   	15003.30    	0.014   	1.0000  	[16.2, 27.1, 27.1, 21.7]	[front, back, hover, right]	[4.9798, 19.5911, 16.1378, 120.2280]
49   	14746.78    	0.013   	1.0000  	[16.2, 27.1, 27.1, 21.7]	[left, back, hover, right]	[5.1986, 19.0528, 14.1037, 154.1953]
50   	14500.58    	0.013   	1.0000  	[16.2, 27.1, 27.1, 21.7]	[left, back, hover, right]	[5.4580, 17.9386, 12.9875, 192.2213]
51   	14198.90    	0.012   	1.0000  	[16.2, 27.1, 27.1, 21.7]	[left, back, hover, right]	[6.6871, 21.9520, 11.4694, 271.3536]
52   	13929.95    	0.012   	1.0000  	[16.2, 27.1, 27.1, 21.7]	[left, hover, hover, right]	[6.0751, 12.7873, 10.1359, 274.0468]
53   	13738.22    	0.012   	1.0000  	[16.2, 27.1, 27.1, 21.7]	[up, down, hover, hover]	[9.7004, 10.9898, 9.5542, 143.8254]
54   	13614.00    	0.012   	1.0000  	[21.7, 21.7, 27.1, 21.7]	[back, left, hover, front]	[11.0765, 11.1857, 9.1688, 62.0481]
55   	13507.03    	0.012   	1.0000  	[21.7, 21.7, 27.1, 21.7]	[left, back, hover, front]	[7.0810, 11.1514, 8.9757, 36.0476]
56   	13431.06    	0.011   	1.0000  	[21.7, 21.7, 27.1, 21.7]	[left, hover, hover, front]	[4.4821, 10.3373, 8.0367, 24.2094]
57   	13371.37    	0.011   	1.0000  	[21.7, 21.7, 27.1, 21.7]	[left, hover, back, front]	[4.1174, 9.1762, 7.3661, 20.9583]
58   	13306.23    	0.011   	1.0000  	[21.7, 21.7, 27.1, 21.7]	[left, hover, back, front]	[6.3771, 8.3589, 7.3311, 22.5558]
59   	13243.43    	0.011   	1.0000  	[21.7, 21.7, 27.1, 21.7]	[left, hover, back, front]	[6.3706, 7.6963, 8.6623, 22.5870]
60   	13187.26    	0.011   	1.0000  	[21.7, 21.7, 27.1, 21.7]	[hover, hover, back, front]	[4.3301, 6.8553, 9.4140, 21.8665]
61   	13121.23    	0.011   	1.0000  	[21.7, 21.7, 27.1, 21.7]	[hover, hover, back, front]	[3.3780, 6.8613, 10.3610, 28.6933]
62   	13013.30    	0.011   	1.0000  	[21.7, 21.7, 27.1, 21.7]	[hover, hover, back, front]	[2.4401, 6.3268, 10.8274, 45.6932]
63   	12957.94    	0.011   	1.0000  	[21.7, 21.7, 27.1, 21.7]	[hover, front, back, left]	[1.8904, 5.2116, 11.7936, 15.1487]
64   	12929.18    	0.011   	1.0000  	[21.7, 21.7, 27.1, 21.7]	[front, front, down, left]	[1.4737, 5.2817, 10.5087, 8.0672]
65   	12902.67    	0.011   	1.0000  	[21.7, 21.7, 21.7, 21.7]	[front, front, back, left]	[2.3800, 6.2310, 10.5607, 6.4209]
66   	12868.27    	0.011   	1.0000  	[21.7, 21.7, 21.7, 21.7]	[front, front, left, left]	[4.2031, 7.1941, 13.5502, 6.4971]
67   	12831.69    	0.011   	1.0000  	[21.7, 21.7, 21.7, 21.7]	[front, front, hover, hover]	[7.5186, 7.4192, 12.0638, 6.0484]
68   	12789.85    	0.011   	1.0000  	[21.7, 21.7, 21.7, 21.7]	[front, front, hover, left]	[10.8539, 7.9786, 11.5765, 5.5748]
69   	12745.14    	0.011   	1.0000  	[21.7, 21.7, 21.7, 21.7]	[front, front, hover, down]	[14.2697, 7.3742, 11.5396, 5.6982]
70   	12620.06    	0.011   	1.0000  	[21.7, 21.7, 21.7, 16.2]	[front, front, hover, back]	[43.5160, 11.5285, 10.8535, 5.6544]
71   	12349.80    	0.010   	1.0000  	[21.7, 21.7, 21.7, 16.2]	[front, front, hover, front]	[114.8470, 11.7611, 10.0474, 5.5792]
72   	11802.29    	0.010   	1.0000  	[21.7, 21.7, 21.7, 16.2]	[front, hover, front, hover]	[324.6549, 9.4333, 8.1829, 5.0030]
73   	11431.87    	0.010   	1.0000  	[21.7, 21.7, 21.7, 16.2]	[hover, hover, back, left]	[178.2181, 7.7024, 6.9422, 2.9156]
74   	11256.10    	0.009   	1.0000  	[21.7, 21.7, 21.7, 16.2]	[hover, hover, hover, down]	[72.6861, 6.4688, 6.1135, 4.3976]
75   	11187.32    	0.009   	1.0000  	[21.7, 21.7, 21.7, 10.8]	[hover, hover, hover, hover]	[25.8250, 5.5920, 5.7420, 3.0636]
76   	11151.65    	0.009   	1.0000  	[21.7, 21.7, 21.7, 10.8]	[hover, hover, front, hover]	[11.2315, 4.9207, 5.0139, 3.0286]
77   	11125.34    	0.009   	1.0000  	[21.7, 21.7, 21.7, 10.8]	[right, hover, front, hover]	[6.5557, 4.8040, 5.0764, 3.5537]
78   	11103.74    	0.009   	1.0000  	[21.7, 21.7, 21.7, 10.8]	[right, back, front, hover]	[7.7229, 4.6698, 5.3856, 2.5104]
79   	11077.12    	0.009   	1.0000  	[21.7, 21.7, 21.7, 10.8]	[right, hover, front, hover]	[7.0097, 3.9759, 5.4703, 2.3880]
80   	11051.04    	0.009   	1.0000  	[21.7, 21.7, 21.7, 10.8]	[right, hover, front, left]	[7.8422, 3.7120, 5.5676, 2.3045]
81   	11013.89    	0.009   	1.0000  	[21.7, 21.7, 21.7, 10.8]	[right, hover, front, right]	[13.3361, 3.3802, 6.0538, 2.7501]
82   	10913.41    	0.009   	1.0000  	[21.7, 21.7, 21.7, 10.8]	[right, hover, front, left]	[40.0096, 3.2229, 6.8971, 2.0001]
83   	10718.52    	0.009   	1.0000  	[21.7, 21.7, 21.7, 10.8]	[right, hover, front, up]	[92.6448, 3.1099, 8.1988, 0.7783]
84   	10364.71    	0.009   	1.0000  	[21.7, 21.7, 21.7, 16.2]	[right, hover, front, up]	[177.0567, 2.6515, 8.3296, 3.0156]
85   	10187.16    	0.008   	1.0000  	[21.7, 21.7, 21.7, 21.7]	[hover, front, hover, left]	[79.9850, 2.3133, 7.6767, 2.9450]
86   	10096.99    	0.008   	1.0000  	[21.7, 21.7, 21.7, 21.7]	[hover, down, hover, left]	[32.7059, 2.2895, 7.2620, 3.9034]
87   	10049.80    	0.008   	1.0000  	[21.7, 16.2, 21.7, 21.7]	[hover, left, hover, back]	[15.7814, 3.2183, 6.5998, 4.4569]
88   	10017.11    	0.008   	1.0000  	[21.7, 16.2, 21.7, 21.7]	[hover, left, hover, hover]	[9.0164, 2.6601, 5.5687, 4.2753]
89   	9993.89     	0.008   	1.0000  	[21.7, 16.2, 21.7, 21.7]	[back, down, down, back]	[5.6328, 2.6046, 5.4274, 3.9688]
90   	9977.15     	0.008   	1.0000  	[21.7, 10.8, 16.2, 21.7]	[front, back, left, hover]	[4.2841, 2.0163, 5.9724, 3.8210]
91   	9962.91     	0.008   	1.0000  	[21.7, 10.8, 16.2, 21.7]	[back, back, front, back]	[3.5854, 2.3953, 5.4878, 3.2720]
92   	9947.92     	0.008   	1.0000  	[21.7, 10.8, 16.2, 21.7]	[down, back, hover, back]	[3.3065, 1.6250, 6.9310, 5.5165]
93   	9931.33     	0.008   	1.0000  	[16.2, 10.8, 16.2, 21.7]	[right, back, hover, back]	[2.8885, 1.9740, 6.2741, 5.9870]
94   	9916.45     	0.008   	1.0000  	[16.2, 10.8, 16.2, 21.7]	[back, hover, hover, back]	[2.9712, 1.5576, 6.2137, 6.6933]
95   	9897.11     	0.008   	1.0000  	[16.2, 10.8, 16.2, 21.7]	[hover, hover, hover, back]	[2.3448, 1.5519, 6.0512, 7.1778]
96   	9876.92     	0.008   	1.0000  	[16.2, 10.8, 16.2, 21.7]	[hover, hover, hover, back]	[1.3648, 1.6137, 4.9742, 8.3041]
97   	9847.77     	0.008   	1.0000  	[16.2, 10.8, 16.2, 21.7]	[left, hover, hover, back]	[2.0182, 1.6110, 3.4591, 13.1124]
98   	9833.51     	0.008   	1.0000  	[16.2, 10.8, 16.2, 21.7]	[left, hover, hover, hover]	[2.0531, 1.5666, 3.7749, 6.6238]
99   	9820.79     	0.008   	1.0000  	[16.2, 10.8, 16.2, 21.7]	[left, hover, hover, hover]	[1.6526, 1.3809, 3.3703, 5.3512]
[2025-12-18T14:54:01]
Strategy: greedy_ig
Pairwise: biased
News mode: IG
Num agents: 4
Iteration: 8
Error margin: None
Gaussian radius 5 
Grid info: range: 0-50-50, cell_size:0.125, map shape: (400, 400), center:True
init UAV positions: [(-5.0, -5.0, 5.4), (-5.0, 25.0, 5.4), (20.0, -10.0, 5.4), (5.0, 25.0, 5.4)]
mcts_params: {}
Step	Entropy	MSE	Coverage	Heights	Actions	IGs
------------------------------------------------------------------------------------------------------------------------
0    	160000.00   	0.250   	0.0000  	[5.4, 5.4, 5.4, 5.4]	[-, -, -, -]	[-, -, -, -]
1    	158990.25   	0.241   	0.0469  	[5.4, 5.4, 5.4, 5.4]	[up, up, up, up]	[3904.5582, 1952.2791, 3514.1024, 1952.2791]
2    	157675.80   	0.231   	0.1750  	[10.8, 10.8, 10.8, 10.8]	[up, up, up, up]	[3790.0103, 1887.5453, 2681.3926, 1890.9655]
3    	156076.09   	0.219   	0.3563  	[16.2, 16.2, 16.2, 16.2]	[up, up, up, up]	[3591.4557, 1784.4501, 2258.0021, 1772.2855]
4    	154094.30   	0.207   	0.6000  	[21.7, 21.7, 21.7, 21.7]	[up, back, left, back]	[2956.5602, 1758.1232, 2021.2967, 1745.9753]
5    	151807.47   	0.197   	0.7438  	[27.1, 21.7, 21.7, 21.7]	[back, back, left, back]	[2084.7315, 1635.0982, 1728.1927, 1627.2235]
6    	149039.79   	0.186   	0.7867  	[27.1, 21.7, 21.7, 21.7]	[right, up, up, up]	[1461.6119, 1562.6585, 1648.6064, 1571.0110]
7    	145151.74   	0.175   	0.8692  	[27.1, 27.1, 27.1, 27.1]	[right, back, left, back]	[1314.8962, 1596.8337, 1652.1284, 1598.6996]
8    	140191.64   	0.165   	0.8708  	[27.1, 27.1, 27.1, 27.1]	[right, back, left, back]	[1311.0841, 1507.3462, 1516.2721, 1495.8125]
9    	134565.12   	0.156   	0.8723  	[27.1, 27.1, 27.1, 27.1]	[right, back, left, back]	[1321.9840, 1405.6732, 1376.2699, 1389.6337]
10   	128448.68   	0.146   	0.8758  	[27.1, 27.1, 27.1, 27.1]	[front, back, left, back]	[1185.4052, 1355.6800, 1314.6759, 1339.9807]
11   	122195.12   	0.137   	0.8805  	[27.1, 27.1, 27.1, 27.1]	[front, back, left, back]	[1145.6660, 1339.6109, 1297.9768, 1329.7747]
12   	115881.94   	0.128   	0.8852  	[27.1, 27.1, 27.1, 27.1]	[front, back, left, back]	[1195.4033, 1332.1666, 1293.8705, 1327.8250]
13   	109598.36   	0.119   	0.8898  	[27.1, 27.1, 27.1, 27.1]	[front, back, left, back]	[1260.3581, 1334.1755, 1303.8422, 1326.4251]
14   	103142.29   	0.110   	0.9313  	[27.1, 27.1, 27.1, 27.1]	[front, back, front, back]	[1291.1008, 1337.6245, 1256.5485, 1330.0401]
15   	96507.93    	0.101   	0.9383  	[27.1, 27.1, 27.1, 27.1]	[front, back, front, back]	[1109.6601, 1345.8453, 1262.2496, 1331.5379]
16   	90627.23    	0.093   	0.9441  	[27.1, 27.1, 27.1, 27.1]	[right, left, front, right]	[880.5773, 1273.9251, 1297.9530, 1253.3862]
17   	85993.45    	0.086   	0.9625  	[27.1, 27.1, 27.1, 27.1]	[hover, left, front, right]	[523.6352, 957.8355, 1314.4626, 950.4594]
18   	82400.85    	0.081   	0.9820  	[27.1, 27.1, 27.1, 27.1]	[hover, hover, front, hover]	[265.0762, 552.6808, 1324.6886, 550.6694]
19   	79587.65    	0.078   	0.9859  	[27.1, 27.1, 27.1, 27.1]	[left, front, front, front]	[125.8615, 291.1683, 1324.4327, 293.4873]
20   	76760.63    	0.074   	0.9914  	[27.1, 27.1, 27.1, 27.1]	[left, front, right, front]	[337.6075, 219.0274, 1043.6339, 214.2254]
21   	74018.64    	0.071   	0.9930  	[27.1, 27.1, 27.1, 27.1]	[left, front, right, front]	[517.7870, 206.8419, 879.2636, 196.6859]
22   	71431.97    	0.068   	0.9945  	[27.1, 27.1, 27.1, 27.1]	[left, front, right, front]	[629.0025, 203.6023, 820.0051, 196.6259]
23   	69002.99    	0.064   	0.9961  	[27.1, 27.1, 27.1, 27.1]	[left, front, right, front]	[764.8057, 201.3670, 804.2041, 195.1020]
24   	66741.59    	0.060   	0.9977  	[27.1, 27.1, 27.1, 27.1]	[left, front, right, front]	[938.3090, 197.0534, 806.8584, 193.8223]
25   	64767.45    	0.057   	1.0000  	[27.1, 27.1, 27.1, 27.1]	[left, hover, right, hover]	[807.3371, 122.4829, 688.4637, 119.9316]
26   	63289.67    	0.055   	1.0000  	[27.1, 27.1, 27.1, 27.1]	[back, hover, front, hover]	[531.8294, 66.0567, 500.4885, 62.3878]
27   	62339.58    	0.054   	1.0000  	[27.1, 27.1, 27.1, 27.1]	[back, hover, hover, hover]	[346.5730, 33.9555, 277.6180, 30.7504]
28   	61737.12    	0.053   	1.0000  	[27.1, 27.1, 27.1, 27.1]	[back, hover, hover, hover]	[273.7536, 18.4847, 136.0244, 17.2593]
29   	61307.21    	0.052   	1.0000  	[27.1, 27.1, 27.1, 27.1]	[back, right, hover, hover]	[255.6443, 12.1099, 62.3769, 11.3999]
30   	60905.23    	0.052   	1.0000  	[27.1, 27.1, 27.1, 27.1]	[back, right, left, hover]	[259.2524, 14.1993, 37.7635, 8.5046]
31   	59675.61    	0.050   	1.0000  	[27.1, 27.1, 27.1, 27.1]	[back, right, left, back]	[310.0109, 517.5708, 38.0460, 7.3464]
32   	57361.54    	0.048   	1.0000  	[27.1, 27.1, 27.1, 27.1]	[back, right, left, back]	[368.0793, 918.8647, 43.0316, 7.9659]
33   	54327.18    	0.045   	1.0000  	[27.1, 27.1, 27.1, 27.1]	[hover, right, left, back]	[236.4954, 1149.9771, 55.9984, 10.9621]
34   	51050.52    	0.043   	1.0000  	[27.1, 27.1, 27.1, 27.1]	[right, right, left, back]	[128.9731, 1253.0295, 85.8386, 18.3613]
35   	47932.48    	0.040   	1.0000  	[27.1, 27.1, 27.1, 27.1]	[right, right, left, back]	[77.8361, 1095.4471, 139.6047, 30.6678]
36   	45393.88    	0.038   	1.0000  	[27.1, 27.1, 27.1, 27.1]	[right, back, left, back]	[68.6265, 814.7090, 261.6331, 70.5144]
37   	43223.55    	0.036   	1.0000  	[27.1, 27.1, 27.1, 27.1]	[right, back, back, left]	[75.8395, 673.2835, 199.7131, 68.1192]
38   	41099.17    	0.034   	1.0000  	[27.1, 27.1, 27.1, 27.1]	[right, back, back, left]	[111.4696, 629.3064, 132.5764, 111.1592]
39   	38408.77    	0.032   	1.0000  	[27.1, 27.1, 27.1, 27.1]	[right, back, back, left]	[162.3828, 629.0031, 91.0665, 564.4273]
40   	34565.33    	0.028   	1.0000  	[27.1, 27.1, 27.1, 27.1]	[right, back, back, left]	[302.5462, 655.9866, 81.2400, 946.1044]
41   	29780.88    	0.024   	1.0000  	[27.1, 27.1, 27.1, 27.1]	[hover, back, back, left]	[206.0641, 712.3580, 86.5126, 1176.4900]
42   	25126.76    	0.021   	1.0000  	[27.1, 27.1, 27.1, 27.1]	[hover, hover, back, left]	[111.2831, 435.3770, 114.6194, 1274.6749]
43   	21286.07    	0.018   	1.0000  	[27.1, 27.1, 27.1, 27.1]	[front, hover, back, left]	[50.6707, 219.4561, 147.3466, 1106.5285]
44   	18556.04    	0.016   	1.0000  	[27.1, 27.1, 27.1, 27.1]	[back, hover, hover, front]	[27.1815, 97.7767, 84.3860, 824.2780]
45   	16603.47    	0.015   	1.0000  	[27.1, 27.1, 27.1, 27.1]	[front, hover, hover, front]	[16.8265, 47.8717, 44.8847, 672.7702]
46   	14952.02    	0.013   	1.0000  	[27.1, 27.1, 27.1, 27.1]	[front, hover, hover, front]	[15.5926, 28.6199, 24.8345, 625.7698]
47   	13394.68    	0.012   	1.0000  	[27.1, 27.1, 27.1, 27.1]	[front, left, hover, front]	[15.6710, 19.5458, 16.9059, 619.0570]
48   	11836.56    	0.011   	1.0000  	[27.1, 27.1, 27.1, 27.1]	[front, left, down, front]	[16.6435, 18.2017, 13.4292, 621.6174]
49   	10302.83    	0.010   	1.0000  	[27.1, 27.1, 21.7, 27.1]	[front, left, left, front]	[15.9591, 18.7210, 12.9502, 624.9831]
50   	9098.39     	0.009   	1.0000  	[27.1, 27.1, 21.7, 27.1]	[front, left, back, hover]	[17.6907, 19.1298, 14.2650, 390.0899]
51   	8388.24     	0.008   	1.0000  	[27.1, 27.1, 21.7, 27.1]	[front, left, hover, hover]	[20.1426, 17.3052, 9.9649, 195.8488]
52   	8001.64     	0.008   	1.0000  	[27.1, 27.1, 21.7, 27.1]	[hover, left, hover, hover]	[12.9410, 28.7674, 8.1411, 86.7587]
53   	7775.51     	0.008   	1.0000  	[27.1, 27.1, 21.7, 27.1]	[hover, left, hover, hover]	[9.3516, 33.0337, 8.2919, 42.5697]
54   	7667.47     	0.008   	1.0000  	[27.1, 27.1, 21.7, 27.1]	[down, hover, hover, down]	[7.3618, 19.4632, 6.9981, 28.4527]
55   	7568.43     	0.008   	1.0000  	[21.7, 27.1, 21.7, 21.7]	[front, down, right, front]	[9.2823, 13.6069, 7.1070, 31.8978]
56   	7487.06     	0.007   	1.0000  	[21.7, 21.7, 21.7, 21.7]	[right, back, right, left]	[9.0451, 14.8205, 6.7382, 27.2224]
57   	7424.37     	0.007   	1.0000  	[21.7, 21.7, 21.7, 21.7]	[hover, left, right, down]	[7.0800, 17.1463, 5.6062, 19.3016]
58   	7372.08     	0.007   	1.0000  	[21.7, 21.7, 21.7, 16.2]	[hover, down, right, front]	[6.3644, 12.6898, 6.0340, 20.0170]
59   	7323.50     	0.007   	1.0000  	[21.7, 16.2, 21.7, 16.2]	[left, left, right, left]	[5.5611, 12.7732, 6.8005, 17.9656]
60   	7283.74     	0.007   	1.0000  	[21.7, 16.2, 21.7, 16.2]	[hover, back, right, back]	[4.3706, 13.5725, 7.5609, 12.6563]
61   	7244.37     	0.007   	1.0000  	[21.7, 16.2, 21.7, 16.2]	[hover, hover, right, back]	[3.6240, 10.0137, 9.9044, 12.3656]
62   	7178.97     	0.007   	1.0000  	[21.7, 16.2, 21.7, 16.2]	[hover, hover, right, back]	[3.3348, 7.0982, 22.4045, 14.9675]
63   	7101.87     	0.007   	1.0000  	[21.7, 16.2, 21.7, 16.2]	[left, front, right, back]	[3.5188, 5.2717, 31.5037, 12.7398]
64   	7052.83     	0.007   	1.0000  	[21.7, 16.2, 21.7, 16.2]	[left, hover, back, back]	[3.8385, 4.0726, 14.7231, 16.7893]
65   	7006.99     	0.007   	1.0000  	[21.7, 16.2, 21.7, 16.2]	[left, back, down, back]	[4.8082, 2.8780, 8.3830, 24.2101]
66   	6928.11     	0.007   	1.0000  	[21.7, 16.2, 16.2, 16.2]	[left, front, right, back]	[8.7430, 2.2670, 10.0626, 42.4916]
67   	6811.44     	0.007   	1.0000  	[21.7, 16.2, 16.2, 16.2]	[left, front, back, back]	[15.9427, 2.7069, 5.8215, 60.7906]
68   	6566.22     	0.006   	1.0000  	[21.7, 16.2, 16.2, 16.2]	[left, front, back, back]	[39.8432, 2.4076, 4.2258, 120.8102]
69   	6103.10     	0.006   	1.0000  	[21.7, 16.2, 16.2, 16.2]	[left, front, hover, back]	[83.5132, 3.2396, 3.1722, 243.7320]
70   	5825.42     	0.006   	1.0000  	[21.7, 16.2, 16.2, 16.2]	[left, front, hover, hover]	[83.8192, 5.5210, 2.3394, 97.5716]
71   	5709.01     	0.006   	1.0000  	[21.7, 16.2, 16.2, 16.2]	[hover, front, hover, hover]	[39.3310, 6.6292, 2.1453, 37.5582]
72   	5643.61     	0.006   	1.0000  	[21.7, 16.2, 16.2, 16.2]	[hover, front, hover, hover]	[20.3872, 6.2862, 2.2930, 18.5950]
73   	5599.31     	0.005   	1.0000  	[21.7, 16.2, 16.2, 16.2]	[hover, front, hover, hover]	[11.8862, 6.6717, 2.2391, 13.0908]
74   	5572.89     	0.005   	1.0000  	[21.7, 16.2, 16.2, 16.2]	[back, front, down, right]	[7.8132, 6.0215, 2.2541, 7.8614]
75   	5549.30     	0.005   	1.0000  	[21.7, 16.2, 10.8, 16.2]	[back, front, up, up]	[7.2602, 8.2665, 1.3429, 6.0729]
76   	5529.14     	0.005   	1.0000  	[21.7, 16.2, 16.2, 21.7]	[back, hover, left, right]	[8.0043, 5.2491, 1.1825, 6.6809]
77   	5509.93     	0.005   	1.0000  	[21.7, 16.2, 16.2, 21.7]	[back, hover, left, front]	[9.2616, 3.8050, 1.5844, 6.1215]
78   	5485.60     	0.005   	1.0000  	[21.7, 16.2, 16.2, 21.7]	[back, hover, left, hover]	[11.3010, 2.7992, 2.1623, 5.5682]
79   	5460.66     	0.005   	1.0000  	[21.7, 16.2, 16.2, 21.7]	[back, hover, right, right]	[11.1229, 2.0351, 1.8569, 4.9993]
80   	5420.33     	0.005   	1.0000  	[21.7, 16.2, 16.2, 21.7]	[back, hover, right, right]	[18.5410, 2.2718, 0.9985, 4.6834]
81   	5357.78     	0.005   	1.0000  	[21.7, 16.2, 16.2, 21.7]	[back, back, right, right]	[28.7131, 2.2130, 0.8858, 5.0654]
82   	5281.60     	0.005   	1.0000  	[21.7, 16.2, 16.2, 21.7]	[back, back, hover, right]	[33.2320, 2.4852, 0.8509, 6.7466]
83   	5236.08     	0.005   	1.0000  	[21.7, 16.2, 16.2, 21.7]	[hover, back, hover, right]	[18.6203, 2.4320, 0.9249, 7.6592]
84   	5204.70     	0.005   	1.0000  	[21.7, 16.2, 16.2, 21.7]	[hover, back, hover, right]	[11.7992, 2.2836, 0.6975, 8.7169]
85   	5174.58     	0.005   	1.0000  	[21.7, 16.2, 16.2, 21.7]	[hover, hover, hover, right]	[7.1343, 2.9949, 0.4497, 11.6490]
86   	5138.41     	0.005   	1.0000  	[21.7, 16.2, 16.2, 21.7]	[hover, back, hover, right]	[4.7195, 2.4263, 0.5407, 18.5731]
87   	5114.20     	0.005   	1.0000  	[21.7, 16.2, 16.2, 21.7]	[hover, hover, hover, hover]	[4.1551, 2.3132, 0.5706, 11.9676]
88   	5102.35     	0.005   	1.0000  	[21.7, 16.2, 16.2, 21.7]	[down, hover, hover, down]	[4.1885, 2.5127, 0.5144, 9.6798]
89   	5085.37     	0.005   	1.0000  	[16.2, 16.2, 16.2, 16.2]	[left, right, left, right]	[5.0814, 2.1928, 0.2953, 10.4205]
90   	5064.93     	0.005   	1.0000  	[16.2, 16.2, 16.2, 16.2]	[front, right, left, back]	[5.5672, 2.3156, 0.5604, 11.8507]
91   	5045.81     	0.005   	1.0000  	[16.2, 16.2, 16.2, 16.2]	[hover, up, left, hover]	[4.1517, 1.9488, 0.7215, 9.5129]
92   	5035.00     	0.005   	1.0000  	[16.2, 21.7, 16.2, 16.2]	[hover, hover, front, down]	[4.2720, 2.2054, 0.6108, 6.6904]
93   	5025.40     	0.005   	1.0000  	[16.2, 21.7, 16.2, 10.8]	[front, hover, up, right]	[3.2263, 2.2376, 1.0104, 5.1951]
94   	5013.46     	0.005   	1.0000  	[16.2, 21.7, 21.7, 10.8]	[front, hover, left, back]	[2.9074, 2.1057, 1.6839, 3.7226]
95   	5003.05     	0.005   	1.0000  	[16.2, 21.7, 21.7, 10.8]	[front, hover, left, hover]	[4.0310, 2.0148, 1.9102, 3.7671]
96   	4994.94     	0.005   	1.0000  	[16.2, 21.7, 21.7, 10.8]	[front, hover, down, front]	[4.6121, 2.0395, 1.9953, 3.9307]
97   	4987.78     	0.005   	1.0000  	[16.2, 21.7, 16.2, 10.8]	[front, hover, front, left]	[5.7838, 2.3543, 2.0527, 2.3788]
98   	4978.66     	0.005   	1.0000  	[16.2, 21.7, 16.2, 10.8]	[front, hover, left, up]	[5.5110, 2.5903, 2.2870, 2.4673]
99   	4968.38     	0.005   	1.0000  	[16.2, 21.7, 16.2, 16.2]	[front, hover, left, left]	[5.1001, 2.4713, 2.4262, 2.8019]
[2025-12-18T14:54:13]
Strategy: greedy_ig
Pairwise: biased
News mode: IG
Num agents: 4
Iteration: 9
Error margin: None
Gaussian radius 5 
Grid info: range: 0-50-50, cell_size:0.125, map shape: (400, 400), center:True
init UAV positions: [(-15.0, 0.0, 5.4), (0.0, 5.0, 5.4), (10.0, -20.0, 5.4), (5.0, 5.0, 5.4)]
mcts_params: {}
Step	Entropy	MSE	Coverage	Heights	Actions	IGs
------------------------------------------------------------------------------------------------------------------------
0    	160000.00   	0.250   	0.0000  	[5.4, 5.4, 5.4, 5.4]	[-, -, -, -]	[-, -, -, -]
1    	158390.63   	0.238   	0.0594  	[5.4, 5.4, 5.4, 5.4]	[up, up, up, up]	[3904.5582, 3904.5582, 3514.1024, 3904.5582]
2    	156135.07   	0.224   	0.2062  	[10.8, 10.8, 10.8, 10.8]	[up, up, up, up]	[3792.9858, 3796.3528, 2670.0878, 3802.4309]
3    	152999.66   	0.208   	0.4059  	[16.2, 16.2, 16.2, 16.2]	[up, up, up, up]	[2993.2993, 3564.0298, 2257.8840, 3594.7881]
4    	148570.43   	0.192   	0.6200  	[21.7, 21.7, 21.7, 21.7]	[right, up, front, up]	[2319.1613, 2934.7540, 2018.6371, 2955.5841]
5    	143618.68   	0.180   	0.7052  	[21.7, 27.1, 21.7, 27.1]	[up, right, front, front]	[2007.2329, 2063.1362, 1753.3302, 2081.0261]
6    	138751.09   	0.168   	0.7864  	[27.1, 27.1, 21.7, 27.1]	[right, right, up, right]	[1820.1573, 1624.3392, 1666.2017, 1465.3905]
7    	132968.33   	0.158   	0.8547  	[27.1, 27.1, 27.1, 27.1]	[right, right, front, back]	[1567.2148, 1422.9169, 1659.2394, 1024.2071]
8    	126845.18   	0.149   	0.8641  	[27.1, 27.1, 27.1, 27.1]	[right, front, front, back]	[1405.1884, 1268.6094, 1501.8727, 1008.5762]
9    	120627.28   	0.141   	0.8656  	[27.1, 27.1, 27.1, 27.1]	[right, front, front, back]	[1355.5119, 956.0684, 1352.3670, 1123.4262]
10   	114333.31   	0.133   	0.8822  	[27.1, 27.1, 27.1, 27.1]	[right, hover, front, back]	[1337.4414, 540.9563, 1303.5806, 1237.9438]
11   	108072.08   	0.126   	0.8845  	[27.1, 27.1, 27.1, 27.1]	[right, left, front, back]	[1332.0489, 282.7361, 1306.6137, 1293.8697]
12   	102362.52   	0.118   	0.8884  	[27.1, 27.1, 27.1, 27.1]	[front, left, front, back]	[1251.0335, 262.9141, 1304.9396, 1122.0322]
13   	97047.78    	0.111   	0.8938  	[27.1, 27.1, 27.1, 27.1]	[front, left, front, left]	[1249.3878, 540.3637, 1306.8698, 973.6906]
14   	91820.50    	0.104   	0.9109  	[27.1, 27.1, 27.1, 27.1]	[front, left, left, left]	[1278.6375, 788.7978, 1259.6465, 1000.4988]
15   	86537.23    	0.096   	0.9344  	[27.1, 27.1, 27.1, 27.1]	[right, left, left, left]	[1129.6322, 1005.7247, 1256.0254, 1113.1386]
16   	81610.83    	0.088   	0.9578  	[27.1, 27.1, 27.1, 27.1]	[hover, left, left, left]	[690.3552, 1141.6409, 1284.1597, 1209.5798]
17   	77320.29    	0.081   	0.9812  	[27.1, 27.1, 27.1, 27.1]	[hover, back, left, left]	[344.1365, 897.1504, 1307.7258, 1254.8743]
18   	73497.08    	0.076   	0.9930  	[27.1, 27.1, 27.1, 27.1]	[back, back, left, left]	[161.6778, 703.1650, 1318.5175, 1078.8330]
19   	69321.86    	0.070   	1.0000  	[27.1, 27.1, 27.1, 27.1]	[back, back, left, front]	[158.5363, 871.7710, 1330.9916, 849.1437]
20   	64544.94    	0.065   	1.0000  	[27.1, 27.1, 27.1, 27.1]	[back, back, back, front]	[210.5864, 1088.9184, 1053.6018, 702.7966]
21   	59156.90    	0.059   	1.0000  	[27.1, 27.1, 27.1, 27.1]	[back, back, back, front]	[613.5779, 1235.9971, 897.4625, 660.0801]
22   	53412.85    	0.052   	1.0000  	[27.1, 27.1, 27.1, 27.1]	[back, back, back, front]	[955.6202, 1299.2797, 827.9436, 667.8930]
23   	47882.89    	0.046   	1.0000  	[27.1, 27.1, 27.1, 27.1]	[back, back, back, front]	[1158.1211, 1112.1073, 805.9476, 681.7069]
24   	42721.74    	0.040   	1.0000  	[27.1, 27.1, 27.1, 27.1]	[left, right, back, front]	[842.4637, 819.5203, 810.3528, 781.6858]
25   	38353.77    	0.035   	1.0000  	[27.1, 27.1, 27.1, 27.1]	[left, right, back, front]	[594.5446, 675.7818, 701.1212, 651.5755]
26   	34475.18    	0.031   	1.0000  	[27.1, 27.1, 27.1, 27.1]	[left, right, left, right]	[468.7353, 633.2484, 504.1676, 394.4576]
27   	31099.87    	0.029   	1.0000  	[27.1, 27.1, 27.1, 27.1]	[left, right, hover, right]	[425.3119, 624.1236, 274.1294, 220.6955]
28   	28127.00    	0.026   	1.0000  	[27.1, 27.1, 27.1, 27.1]	[left, right, hover, right]	[424.1434, 646.1556, 131.6656, 139.8251]
29   	25308.28    	0.024   	1.0000  	[27.1, 27.1, 27.1, 27.1]	[left, right, hover, right]	[440.7042, 706.5946, 64.6875, 118.2617]
30   	23184.63    	0.022   	1.0000  	[27.1, 27.1, 27.1, 27.1]	[left, hover, front, right]	[323.7849, 432.0238, 40.7245, 118.6871]
31   	21779.32    	0.021   	1.0000  	[27.1, 27.1, 27.1, 27.1]	[hover, hover, front, right]	[170.5224, 214.7594, 42.3440, 171.7931]
32   	20805.11    	0.020   	1.0000  	[27.1, 27.1, 27.1, 27.1]	[hover, hover, front, right]	[78.3583, 95.9836, 50.2627, 284.8456]
33   	20048.09    	0.019   	1.0000  	[27.1, 27.1, 27.1, 27.1]	[hover, hover, front, hover]	[37.4063, 50.1925, 64.1865, 199.2834]
34   	19494.21    	0.019   	1.0000  	[27.1, 27.1, 27.1, 27.1]	[down, front, front, back]	[21.0356, 31.3669, 85.3441, 116.2892]
35   	19028.32    	0.018   	1.0000  	[21.7, 27.1, 27.1, 27.1]	[back, front, front, back]	[22.0319, 24.7506, 137.4607, 78.4278]
36   	18502.56    	0.017   	1.0000  	[21.7, 27.1, 27.1, 27.1]	[left, front, front, back]	[21.1813, 21.2620, 260.9799, 68.6690]
37   	17935.79    	0.017   	1.0000  	[21.7, 27.1, 27.1, 27.1]	[hover, front, right, back]	[14.5267, 20.0574, 201.2575, 69.5101]
38   	17405.62    	0.016   	1.0000  	[21.7, 27.1, 27.1, 27.1]	[hover, front, right, back]	[11.7815, 18.9883, 125.3778, 84.7023]
39   	16852.41    	0.016   	1.0000  	[21.7, 27.1, 27.1, 27.1]	[right, front, right, back]	[9.9868, 28.3019, 86.3438, 114.8087]
40   	16319.02    	0.015   	1.0000  	[21.7, 27.1, 27.1, 27.1]	[hover, front, right, back]	[8.2316, 31.3209, 76.0298, 126.1771]
41   	15912.92    	0.015   	1.0000  	[21.7, 27.1, 27.1, 27.1]	[left, hover, right, hover]	[7.3272, 17.2368, 84.7002, 68.0521]
42   	15502.89    	0.014   	1.0000  	[21.7, 27.1, 27.1, 27.1]	[hover, hover, right, hover]	[6.0523, 9.8559, 112.7873, 35.4688]
43   	15053.70    	0.014   	1.0000  	[21.7, 27.1, 27.1, 27.1]	[hover, down, right, hover]	[6.1095, 7.2477, 146.6845, 19.9976]
44   	14776.33    	0.014   	1.0000  	[21.7, 21.7, 27.1, 27.1]	[right, right, hover, hover]	[4.7479, 9.8000, 80.2703, 13.3731]
45   	14634.79    	0.014   	1.0000  	[21.7, 21.7, 27.1, 27.1]	[left, front, hover, down]	[3.9949, 9.5109, 39.9954, 12.1724]
46   	14548.86    	0.013   	1.0000  	[21.7, 21.7, 27.1, 21.7]	[hover, down, hover, back]	[3.9962, 8.1902, 22.1557, 12.9239]
47   	14491.85    	0.013   	1.0000  	[21.7, 16.2, 27.1, 21.7]	[hover, right, hover, right]	[4.0500, 9.1162, 14.4649, 11.4091]
48   	14461.55    	0.013   	1.0000  	[21.7, 16.2, 27.1, 21.7]	[right, hover, down, down]	[3.2502, 8.0924, 10.9353, 9.5553]
49   	14428.21    	0.013   	1.0000  	[21.7, 16.2, 21.7, 16.2]	[right, front, right, back]	[3.4239, 7.0472, 13.3202, 9.7728]
50   	14386.10    	0.013   	1.0000  	[21.7, 16.2, 21.7, 16.2]	[right, hover, front, right]	[6.1757, 6.2657, 13.5115, 8.7244]
51   	14345.80    	0.013   	1.0000  	[21.7, 16.2, 21.7, 16.2]	[right, hover, hover, hover]	[10.2548, 6.5148, 11.9302, 6.5665]
52   	14306.79    	0.013   	1.0000  	[21.7, 16.2, 21.7, 16.2]	[right, hover, down, hover]	[12.6417, 6.3582, 10.4718, 5.9326]
53   	14240.57    	0.013   	1.0000  	[21.7, 16.2, 16.2, 16.2]	[right, hover, right, hover]	[27.1662, 4.8561, 10.1209, 6.0891]
54   	14136.61    	0.013   	1.0000  	[21.7, 16.2, 16.2, 16.2]	[right, hover, front, hover]	[47.1986, 3.9763, 12.0243, 5.7577]
55   	13937.85    	0.013   	1.0000  	[21.7, 16.2, 16.2, 16.2]	[right, back, hover, hover]	[97.0503, 2.9479, 9.6837, 5.2377]
56   	13641.01    	0.012   	1.0000  	[21.7, 16.2, 16.2, 16.2]	[right, back, hover, left]	[166.4637, 2.9434, 7.8613, 3.7349]
57   	13483.97    	0.012   	1.0000  	[21.7, 16.2, 16.2, 16.2]	[hover, left, hover, left]	[81.6367, 2.8971, 6.6796, 3.4409]
58   	13407.30    	0.012   	1.0000  	[21.7, 16.2, 16.2, 16.2]	[hover, left, hover, left]	[37.2639, 3.5053, 6.2399, 3.3344]
59   	13366.81    	0.012   	1.0000  	[21.7, 16.2, 16.2, 16.2]	[hover, back, back, left]	[20.2048, 3.6273, 5.8808, 3.3481]
60   	13333.43    	0.012   	1.0000  	[21.7, 16.2, 16.2, 16.2]	[hover, left, hover, left]	[14.3073, 3.1920, 5.7415, 4.8288]
61   	13302.66    	0.012   	1.0000  	[21.7, 16.2, 16.2, 16.2]	[hover, back, hover, left]	[10.9453, 2.5995, 4.2846, 10.7336]
62   	13262.21    	0.012   	1.0000  	[21.7, 16.2, 16.2, 16.2]	[hover, up, hover, left]	[9.0943, 2.6043, 4.4188, 16.3575]
63   	13210.32    	0.012   	1.0000  	[21.7, 21.7, 16.2, 16.2]	[hover, back, hover, left]	[7.1307, 2.9747, 3.6133, 32.8903]
64   	13120.26    	0.012   	1.0000  	[21.7, 21.7, 16.2, 16.2]	[hover, back, hover, left]	[6.0444, 3.9179, 4.1716, 60.6821]
65   	12958.22    	0.012   	1.0000  	[21.7, 21.7, 16.2, 16.2]	[down, back, hover, left]	[4.7730, 7.5143, 3.1767, 130.6383]
66   	12766.85    	0.012   	1.0000  	[16.2, 21.7, 16.2, 16.2]	[right, back, front, left]	[6.0158, 8.0663, 3.4488, 175.1051]
67   	12667.88    	0.011   	1.0000  	[16.2, 21.7, 16.2, 16.2]	[back, back, left, hover]	[6.0404, 11.1270, 2.5037, 72.5682]
68   	12614.13    	0.011   	1.0000  	[16.2, 21.7, 16.2, 16.2]	[hover, right, left, hover]	[6.0414, 13.4671, 2.0402, 28.9214]
69   	12573.37    	0.011   	1.0000  	[16.2, 21.7, 16.2, 16.2]	[hover, back, left, front]	[5.1751, 16.2445, 2.6510, 15.9738]
70   	12525.38    	0.011   	1.0000  	[16.2, 21.7, 16.2, 16.2]	[hover, right, back, front]	[4.9821, 20.1308, 3.3835, 16.0782]
71   	12482.96    	0.011   	1.0000  	[16.2, 21.7, 16.2, 16.2]	[hover, hover, left, front]	[4.6112, 15.6039, 4.0828, 16.1814]
72   	12442.48    	0.011   	1.0000  	[16.2, 21.7, 16.2, 16.2]	[hover, hover, right, front]	[3.3810, 12.6264, 4.4513, 17.8717]
73   	12407.06    	0.011   	1.0000  	[16.2, 21.7, 16.2, 16.2]	[hover, hover, front, front]	[3.0440, 10.9571, 4.8038, 18.5619]
74   	12376.56    	0.011   	1.0000  	[16.2, 21.7, 16.2, 16.2]	[front, hover, left, front]	[2.0259, 9.7328, 4.3189, 20.7762]
75   	12338.60    	0.011   	1.0000  	[16.2, 21.7, 16.2, 16.2]	[hover, hover, left, front]	[1.8418, 8.5370, 5.7294, 24.5921]
76   	12290.45    	0.011   	1.0000  	[16.2, 21.7, 16.2, 16.2]	[back, hover, left, front]	[1.9550, 8.6434, 6.5304, 37.2626]
77   	12237.71    	0.011   	1.0000  	[16.2, 21.7, 16.2, 16.2]	[back, hover, left, front]	[2.3604, 7.7400, 6.9625, 55.7278]
78   	12147.64    	0.011   	1.0000  	[16.2, 21.7, 16.2, 16.2]	[back, hover, left, front]	[1.7665, 6.2334, 8.0260, 125.1973]
79   	12067.97    	0.010   	1.0000  	[16.2, 21.7, 16.2, 16.2]	[hover, hover, left, front]	[1.9343, 6.1322, 21.9893, 120.6666]
80   	11994.24    	0.010   	1.0000  	[16.2, 21.7, 16.2, 16.2]	[hover, hover, left, hover]	[2.2198, 5.8960, 67.5560, 50.4929]
81   	11942.78    	0.010   	1.0000  	[16.2, 21.7, 16.2, 16.2]	[hover, hover, left, hover]	[1.8128, 6.2045, 54.1142, 19.9706]
82   	11914.88    	0.010   	1.0000  	[16.2, 21.7, 16.2, 16.2]	[hover, hover, hover, back]	[1.7747, 5.8333, 21.6041, 9.8312]
83   	11895.65    	0.010   	1.0000  	[16.2, 21.7, 16.2, 16.2]	[hover, left, back, back]	[1.5269, 4.6797, 10.3340, 7.0795]
84   	11876.87    	0.010   	1.0000  	[16.2, 21.7, 16.2, 16.2]	[hover, right, front, back]	[1.0503, 4.0881, 8.5884, 7.5301]
85   	11861.48    	0.010   	1.0000  	[16.2, 21.7, 16.2, 16.2]	[hover, left, back, back]	[1.0320, 3.5539, 6.9800, 8.4925]
86   	11850.93    	0.010   	1.0000  	[16.2, 21.7, 16.2, 16.2]	[hover, hover, back, back]	[0.6511, 3.2959, 5.6598, 7.3542]
87   	11838.51    	0.010   	1.0000  	[16.2, 21.7, 16.2, 16.2]	[hover, left, back, right]	[0.6241, 3.1106, 6.5658, 6.3734]
88   	11821.95    	0.010   	1.0000  	[16.2, 21.7, 16.2, 16.2]	[hover, left, back, left]	[0.8513, 4.8134, 7.0882, 5.7883]
89   	11794.91    	0.010   	1.0000  	[16.2, 21.7, 16.2, 16.2]	[hover, left, back, back]	[0.9698, 9.3340, 8.0480, 4.0057]
90   	11745.05    	0.010   	1.0000  	[16.2, 21.7, 16.2, 16.2]	[left, left, back, back]	[0.8880, 19.6764, 10.8019, 5.3374]
91   	11656.97    	0.010   	1.0000  	[16.2, 21.7, 16.2, 16.2]	[left, left, back, back]	[1.2064, 35.6123, 11.3084, 5.3975]
92   	11491.20    	0.010   	1.0000  	[16.2, 21.7, 16.2, 16.2]	[left, left, back, back]	[1.0570, 75.1920, 12.1393, 5.9156]
93   	11174.47    	0.009   	1.0000  	[16.2, 21.7, 16.2, 16.2]	[front, left, back, back]	[1.2251, 151.5276, 13.0536, 5.4077]
94   	11021.80    	0.009   	1.0000  	[16.2, 21.7, 16.2, 16.2]	[left, hover, back, back]	[1.0318, 65.0196, 20.1864, 5.6270]
95   	10916.10    	0.009   	1.0000  	[16.2, 21.7, 16.2, 16.2]	[down, hover, back, hover]	[1.2396, 32.1357, 37.6829, 3.8134]
96   	10847.54    	0.009   	1.0000  	[10.8, 21.7, 16.2, 16.2]	[front, hover, right, front]	[1.7871, 20.1635, 28.9785, 2.7303]
97   	10798.60    	0.009   	1.0000  	[10.8, 21.7, 16.2, 16.2]	[front, front, hover, front]	[1.4841, 15.8186, 18.9883, 2.0488]
98   	10759.85    	0.009   	1.0000  	[10.8, 21.7, 16.2, 16.2]	[left, front, hover, right]	[1.2982, 13.3297, 13.7850, 1.9529]
99   	10726.98    	0.009   	1.0000  	[10.8, 21.7, 16.2, 16.2]	[hover, front, left, right]	[1.3772, 13.5372, 10.8417, 3.2883]
[2025-12-18T14:54:25]
Strategy: greedy_ig
Pairwise: biased
News mode: IG
Num agents: 4
Iteration: 10
Error margin: None
Gaussian radius 5 
Grid info: range: 0-50-50, cell_size:0.125, map shape: (400, 400), center:True
init UAV positions: [(0.0, -10.0, 5.4), (-20.0, 15.0, 5.4), (10.0, -10.0, 5.4), (20.0, 0.0, 5.4)]
mcts_params: {}
Step	Entropy	MSE	Coverage	Heights	Actions	IGs
------------------------------------------------------------------------------------------------------------------------
0    	160000.00   	0.250   	0.0000  	[5.4, 5.4, 5.4, 5.4]	[-, -, -, -]	[-, -, -, -]
1    	158620.11   	0.238   	0.0625  	[5.4, 5.4, 5.4, 5.4]	[up, up, up, up]	[3904.5582, 3514.1024, 3904.5582, 3514.1024]
2    	156579.86   	0.225   	0.2225  	[10.8, 10.8, 10.8, 10.8]	[up, up, up, up]	[3793.6876, 2674.1652, 3785.8857, 2674.6376]
3    	153797.13   	0.211   	0.4006  	[16.2, 16.2, 16.2, 16.2]	[up, right, up, up]	[3590.4520, 2057.1203, 3567.5879, 2270.1157]
4    	150226.32   	0.197   	0.5663  	[21.7, 16.2, 21.7, 21.7]	[up, up, up, left]	[2859.7451, 1739.1686, 2743.7259, 2029.9310]
5    	146304.42   	0.185   	0.7259  	[27.1, 21.7, 27.1, 21.7]	[front, right, front, left]	[2086.4078, 1657.0351, 2004.1085, 1742.9944]
6    	142314.36   	0.175   	0.7619  	[27.1, 21.7, 27.1, 21.7]	[front, back, front, up]	[1620.9170, 1478.1923, 1572.8425, 1738.5936]
7    	137817.40   	0.165   	0.8102  	[27.1, 21.7, 27.1, 27.1]	[front, right, front, left]	[1415.7680, 1439.9176, 1372.2448, 1730.3237]
8    	132669.37   	0.156   	0.8211  	[27.1, 21.7, 27.1, 27.1]	[front, right, front, left]	[1348.5830, 1455.7126, 1311.2971, 1554.3473]
9    	127223.82   	0.147   	0.8520  	[27.1, 21.7, 27.1, 27.1]	[front, right, front, left]	[1332.9234, 1494.8400, 1301.6456, 1411.6637]
10   	121837.00   	0.139   	0.8809  	[27.1, 21.7, 27.1, 27.1]	[front, right, front, left]	[1332.4933, 1513.6574, 1311.8838, 1358.0818]
11   	116163.17   	0.130   	0.9020  	[27.1, 21.7, 27.1, 27.1]	[right, right, left, left]	[1251.4551, 1523.3758, 1264.4755, 1339.7711]
12   	110083.04   	0.121   	0.9133  	[27.1, 21.7, 27.1, 27.1]	[right, right, left, left]	[1248.7977, 1520.5783, 1262.7589, 1340.0393]
13   	103888.83   	0.112   	0.9320  	[27.1, 21.7, 27.1, 27.1]	[right, right, left, left]	[1273.2628, 1532.2372, 1289.2020, 1331.8485]
14   	98063.55    	0.104   	0.9508  	[27.1, 21.7, 27.1, 27.1]	[back, right, left, back]	[846.8455, 1541.9391, 1314.1373, 1251.6599]
15   	92507.33    	0.097   	0.9609  	[27.1, 21.7, 27.1, 27.1]	[back, back, left, back]	[587.8867, 1437.4585, 1330.4990, 1255.2025]
16   	87201.83    	0.090   	0.9711  	[27.1, 21.7, 27.1, 27.1]	[back, back, left, back]	[468.2023, 1473.9172, 1335.7656, 1285.1863]
17   	82510.46    	0.083   	0.9828  	[27.1, 21.7, 27.1, 27.1]	[back, back, back, left]	[437.7913, 1510.9272, 1044.0095, 929.4567]
18   	78254.89    	0.078   	0.9934  	[27.1, 21.7, 27.1, 27.1]	[back, back, back, hover]	[474.8121, 1515.5708, 884.9680, 527.1540]
19   	74279.07    	0.073   	0.9934  	[27.1, 21.7, 27.1, 27.1]	[back, back, back, hover]	[632.4221, 1524.0502, 829.8376, 250.5234]
20   	70849.47    	0.068   	0.9934  	[27.1, 21.7, 27.1, 27.1]	[hover, back, back, right]	[371.3285, 1517.0043, 827.5869, 146.1202]
21   	67760.76    	0.064   	0.9934  	[27.1, 21.7, 27.1, 27.1]	[left, back, back, right]	[179.7425, 1521.5151, 858.8942, 223.5138]
22   	64806.46    	0.060   	0.9934  	[27.1, 21.7, 27.1, 27.1]	[left, back, back, right]	[114.3835, 1376.1178, 902.3857, 310.0650]
23   	61549.70    	0.056   	0.9934  	[27.1, 21.7, 27.1, 27.1]	[left, left, left, right]	[127.8426, 1330.5559, 622.8802, 368.8911]
24   	57641.68    	0.052   	0.9934  	[27.1, 21.7, 27.1, 27.1]	[left, left, hover, right]	[560.8434, 1394.4261, 332.8195, 395.4000]
25   	53135.28    	0.048   	0.9934  	[27.1, 21.7, 27.1, 27.1]	[left, left, hover, right]	[927.4355, 1451.6226, 154.1878, 411.2723]
26   	48319.00    	0.043   	0.9934  	[27.1, 21.7, 27.1, 27.1]	[left, left, right, right]	[1145.1927, 1468.0848, 74.0357, 367.6327]
27   	43872.99    	0.039   	0.9934  	[27.1, 21.7, 27.1, 27.1]	[front, left, right, hover]	[835.1375, 1471.0018, 75.8570, 219.5656]
28   	39909.45    	0.036   	0.9934  	[27.1, 21.7, 27.1, 27.1]	[front, left, right, hover]	[588.1593, 1488.0893, 80.5220, 109.1100]
29   	36219.68    	0.033   	0.9934  	[27.1, 21.7, 27.1, 27.1]	[front, left, right, hover]	[478.4429, 1500.4043, 80.0264, 51.5968]
30   	33155.81    	0.031   	0.9934  	[27.1, 21.7, 27.1, 27.1]	[front, left, right, hover]	[455.6098, 1202.9114, 79.6499, 28.0008]
31   	31057.43    	0.029   	0.9934  	[27.1, 21.7, 27.1, 27.1]	[front, front, right, hover]	[465.9427, 592.7020, 82.0876, 18.0325]
32   	29679.81    	0.027   	0.9934  	[27.1, 21.7, 27.1, 27.1]	[front, back, right, down]	[519.1158, 248.3323, 101.0696, 13.9199]
33   	28917.01    	0.026   	0.9934  	[27.1, 21.7, 27.1, 21.7]	[front, front, hover, right]	[404.2764, 88.0724, 51.0276, 14.9359]
34   	28515.82    	0.026   	0.9953  	[27.1, 21.7, 27.1, 21.7]	[hover, back, hover, back]	[226.3031, 44.5052, 27.1650, 15.9237]
35   	28314.56    	0.025   	0.9953  	[27.1, 21.7, 27.1, 21.7]	[hover, front, hover, down]	[106.9179, 19.7322, 17.0099, 14.0682]
36   	28198.47    	0.025   	0.9953  	[27.1, 21.7, 27.1, 16.2]	[right, front, hover, right]	[55.9165, 20.5618, 12.4407, 14.8323]
37   	28122.71    	0.025   	0.9961  	[27.1, 21.7, 27.1, 16.2]	[right, front, hover, back]	[43.5063, 15.1551, 9.9550, 16.4685]
38   	28058.96    	0.025   	0.9969  	[27.1, 21.7, 27.1, 16.2]	[right, front, front, back]	[41.9710, 11.9900, 8.7284, 14.4663]
39   	27978.40    	0.025   	0.9977  	[27.1, 21.7, 27.1, 16.2]	[right, down, front, down]	[55.8218, 10.7161, 8.9574, 13.1518]
40   	27851.92    	0.024   	0.9984  	[27.1, 16.2, 27.1, 10.8]	[right, left, front, right]	[84.3708, 10.1803, 14.6922, 10.2741]
41   	27673.18    	0.024   	0.9992  	[27.1, 16.2, 27.1, 10.8]	[right, back, front, left]	[139.8630, 8.0166, 25.8237, 8.4450]
42   	27520.84    	0.024   	1.0000  	[27.1, 16.2, 27.1, 10.8]	[hover, left, front, left]	[76.6236, 6.8565, 54.0930, 9.8916]
43   	27351.21    	0.023   	1.0000  	[27.1, 16.2, 27.1, 10.8]	[hover, back, front, hover]	[38.8851, 5.6757, 106.0377, 6.6572]
44   	27198.20    	0.023   	1.0000  	[27.1, 16.2, 27.1, 10.8]	[hover, hover, front, up]	[21.9006, 4.8907, 157.9371, 4.2188]
45   	27073.73    	0.023   	1.0000  	[27.1, 16.2, 27.1, 16.2]	[hover, hover, hover, right]	[14.7291, 3.8016, 107.8264, 4.3871]
46   	26992.86    	0.022   	1.0000  	[27.1, 16.2, 27.1, 16.2]	[down, hover, left, back]	[11.9477, 3.1647, 61.3643, 3.8919]
47   	26925.00    	0.022   	1.0000  	[21.7, 16.2, 27.1, 16.2]	[right, back, left, hover]	[15.1129, 3.3892, 43.3207, 3.2252]
48   	26855.36    	0.022   	1.0000  	[21.7, 16.2, 27.1, 16.2]	[front, down, left, hover]	[13.6705, 3.8973, 43.4528, 2.9140]
49   	26762.42    	0.022   	1.0000  	[21.7, 10.8, 27.1, 16.2]	[down, back, left, left]	[11.1444, 2.6489, 51.5933, 2.6493]
50   	26624.77    	0.022   	1.0000  	[16.2, 10.8, 27.1, 16.2]	[right, up, left, left]	[10.9467, 2.3624, 77.4676, 3.2142]
51   	26398.30    	0.022   	1.0000  	[16.2, 16.2, 27.1, 16.2]	[front, back, left, left]	[9.2527, 10.2218, 132.1457, 2.7932]
52   	26196.66    	0.021   	1.0000  	[16.2, 16.2, 27.1, 16.2]	[hover, right, left, left]	[8.3103, 4.0401, 136.5213, 2.4268]
53   	26058.00    	0.021   	1.0000  	[16.2, 16.2, 27.1, 16.2]	[left, front, hover, front]	[5.7283, 1.7755, 83.0682, 3.6952]
54   	25979.11    	0.021   	1.0000  	[16.2, 16.2, 27.1, 16.2]	[left, hover, hover, left]	[4.2744, 1.7368, 43.3632, 4.4711]
55   	25931.30    	0.021   	1.0000  	[16.2, 16.2, 27.1, 16.2]	[back, front, back, left]	[4.5344, 1.3128, 22.8849, 6.4979]
56   	25891.41    	0.021   	1.0000  	[16.2, 16.2, 27.1, 16.2]	[hover, front, back, left]	[4.1754, 1.3285, 14.6093, 9.9049]
57   	25855.08    	0.021   	1.0000  	[16.2, 16.2, 27.1, 16.2]	[up, front, back, left]	[3.7419, 1.8504, 12.5776, 9.4555]
58   	25812.16    	0.021   	1.0000  	[21.7, 16.2, 27.1, 16.2]	[right, front, back, left]	[3.9370, 2.4307, 12.0022, 15.0171]
59   	25756.47    	0.021   	1.0000  	[21.7, 16.2, 27.1, 16.2]	[back, front, back, left]	[3.7216, 3.1932, 14.4082, 23.6570]
60   	25634.64    	0.020   	1.0000  	[21.7, 16.2, 27.1, 16.2]	[down, front, back, left]	[3.6031, 4.0438, 16.3054, 79.3430]
61   	25538.06    	0.020   	1.0000  	[16.2, 16.2, 27.1, 16.2]	[right, left, back, front]	[3.5321, 2.8013, 16.4193, 51.1955]
62   	25470.13    	0.020   	1.0000  	[16.2, 16.2, 27.1, 16.2]	[hover, down, down, front]	[3.6092, 3.0352, 13.0437, 37.0996]
63   	25418.47    	0.020   	1.0000  	[16.2, 10.8, 21.7, 16.2]	[hover, front, back, front]	[2.9590, 2.7881, 12.9853, 30.0542]
64   	25365.55    	0.020   	1.0000  	[16.2, 10.8, 21.7, 16.2]	[hover, hover, left, front]	[2.5878, 2.5464, 13.2921, 29.5656]
65   	25321.22    	0.020   	1.0000  	[16.2, 10.8, 21.7, 16.2]	[hover, hover, down, front]	[2.4646, 2.2146, 10.4473, 29.3299]
66   	25151.27    	0.020   	1.0000  	[16.2, 10.8, 16.2, 16.2]	[left, hover, left, front]	[2.3578, 1.8013, 11.8320, 130.5673]
67   	24819.58    	0.020   	1.0000  	[16.2, 10.8, 16.2, 16.2]	[hover, hover, back, front]	[2.5927, 1.4579, 10.1103, 242.7247]
68   	24301.93    	0.019   	1.0000  	[16.2, 10.8, 16.2, 16.2]	[hover, hover, hover, front]	[2.3832, 0.9280, 9.6647, 389.1313]
69   	23083.34    	0.018   	1.0000  	[16.2, 10.8, 16.2, 16.2]	[hover, hover, front, front]	[2.0394, 0.3694, 7.8203, 983.2405]
70   	21485.61    	0.017   	1.0000  	[16.2, 10.8, 16.2, 16.2]	[right, back, back, front]	[1.8313, 0.1285, 6.7238, 1265.8788]
71   	19760.88    	0.016   	1.0000  	[16.2, 10.8, 16.2, 16.2]	[hover, back, right, front]	[1.7395, 0.6008, 5.0595, 1360.9841]
72   	18499.04    	0.015   	1.0000  	[16.2, 10.8, 16.2, 16.2]	[back, up, hover, right]	[1.6577, 0.5382, 5.0194, 969.2975]
73   	17460.58    	0.014   	1.0000  	[16.2, 16.2, 16.2, 16.2]	[hover, back, hover, right]	[0.9617, 0.8845, 3.9771, 802.1758]
74   	16446.59    	0.013   	1.0000  	[16.2, 16.2, 16.2, 16.2]	[hover, back, hover, right]	[1.2610, 1.0905, 4.8339, 774.9111]
75   	15482.72    	0.012   	1.0000  	[16.2, 16.2, 16.2, 16.2]	[hover, back, hover, right]	[1.3485, 1.0822, 4.3679, 763.6250]
76   	14519.47    	0.012   	1.0000  	[16.2, 16.2, 16.2, 16.2]	[hover, down, hover, right]	[1.0318, 1.1691, 3.2132, 769.6007]
77   	13533.54    	0.011   	1.0000  	[16.2, 10.8, 16.2, 16.2]	[hover, hover, hover, right]	[1.2692, 1.2382, 3.6245, 774.7457]
78   	12551.19    	0.010   	1.0000  	[16.2, 10.8, 16.2, 16.2]	[hover, hover, hover, right]	[0.8864, 1.0171, 3.8089, 768.3441]
79   	11591.24    	0.009   	1.0000  	[16.2, 10.8, 16.2, 16.2]	[hover, back, front, right]	[0.6136, 0.7176, 2.4087, 766.2962]
80   	10669.30    	0.009   	1.0000  	[16.2, 10.8, 16.2, 16.2]	[down, front, up, right]	[1.1982, 0.3719, 2.0760, 774.5034]
81   	9762.32     	0.008   	1.0000  	[10.8, 10.8, 21.7, 16.2]	[right, back, front, right]	[1.4820, 0.1410, 3.5048, 806.4374]
82   	9141.94     	0.007   	1.0000  	[10.8, 10.8, 21.7, 16.2]	[right, hover, front, right]	[1.6336, 0.2111, 4.1886, 645.9475]
83   	8918.32     	0.007   	1.0000  	[10.8, 10.8, 21.7, 16.2]	[hover, left, right, hover]	[0.9562, 0.3300, 4.5629, 232.3980]
84   	8853.10     	0.007   	1.0000  	[10.8, 10.8, 21.7, 16.2]	[hover, hover, front, hover]	[0.6944, 0.3950, 4.9348, 64.4998]
85   	8830.87     	0.007   	1.0000  	[10.8, 10.8, 21.7, 16.2]	[hover, hover, front, hover]	[1.4412, 0.3482, 5.4636, 19.3147]
86   	8820.44     	0.007   	1.0000  	[10.8, 10.8, 21.7, 16.2]	[hover, hover, hover, hover]	[1.4639, 0.2102, 5.0730, 8.7139]
87   	8813.80     	0.007   	1.0000  	[10.8, 10.8, 21.7, 16.2]	[hover, hover, hover, hover]	[0.4200, 0.3390, 4.6451, 5.8330]
88   	8804.63     	0.007   	1.0000  	[10.8, 10.8, 21.7, 16.2]	[hover, hover, hover, hover]	[0.5159, 0.3901, 4.8246, 5.2421]
89   	8797.99     	0.007   	1.0000  	[10.8, 10.8, 21.7, 16.2]	[hover, hover, hover, down]	[0.4885, 0.3176, 4.6654, 4.1875]
90   	8790.39     	0.007   	1.0000  	[10.8, 10.8, 21.7, 10.8]	[back, hover, hover, back]	[0.3984, 0.1928, 4.7626, 3.4725]
91   	8787.38     	0.007   	1.0000  	[10.8, 10.8, 21.7, 10.8]	[front, hover, hover, right]	[0.2044, 0.0963, 3.8361, 3.0306]
92   	8783.27     	0.007   	1.0000  	[10.8, 10.8, 21.7, 10.8]	[right, hover, hover, front]	[0.3517, 0.3881, 3.5740, 2.9989]
93   	8778.06     	0.007   	1.0000  	[10.8, 10.8, 21.7, 10.8]	[back, hover, left, front]	[0.2998, 0.3067, 3.2460, 3.2521]
94   	8773.48     	0.007   	1.0000  	[10.8, 10.8, 21.7, 10.8]	[back, hover, front, hover]	[0.1245, 0.1820, 3.2489, 1.6027]
95   	8764.32     	0.007   	1.0000  	[10.8, 10.8, 21.7, 10.8]	[back, hover, front, hover]	[3.4719, 0.3559, 3.7835, 1.5920]
96   	8750.95     	0.007   	1.0000  	[10.8, 10.8, 21.7, 10.8]	[back, hover, front, hover]	[6.2711, 0.3852, 4.8030, 1.1641]
97   	8723.27     	0.007   	1.0000  	[10.8, 10.8, 21.7, 10.8]	[back, hover, front, left]	[11.4015, 0.2953, 9.0929, 0.8619]
98   	8697.32     	0.007   	1.0000  	[10.8, 10.8, 21.7, 10.8]	[back, hover, front, left]	[20.3418, 0.1716, 7.5313, 1.2659]
99   	8659.01     	0.007   	1.0000  	[10.8, 10.8, 21.7, 10.8]	[back, hover, right, left]	[43.1116, 0.0836, 4.9064, 1.0705]
[2025-12-18T14:54:37]
Strategy: greedy_ig
Pairwise: biased
News mode: IG
Num agents: 4
Iteration: 11
Error margin: None
Gaussian radius 5 
Grid info: range: 0-50-50, cell_size:0.125, map shape: (400, 400), center:True
init UAV positions: [(-5.0, -25.0, 5.4), (-5.0, 20.0, 5.4), (20.0, -20.0, 5.4), (15.0, 25.0, 5.4)]
mcts_params: {}
Step	Entropy	MSE	Coverage	Heights	Actions	IGs
------------------------------------------------------------------------------------------------------------------------
0    	160000.00   	0.250   	0.0000  	[5.4, 5.4, 5.4, 5.4]	[-, -, -, -]	[-, -, -, -]
1    	159110.92   	0.241   	0.0469  	[5.4, 5.4, 5.4, 5.4]	[up, up, up, up]	[1952.2791, 3514.1024, 3162.6921, 1952.2791]
2    	158217.96   	0.233   	0.1694  	[10.8, 10.8, 10.8, 10.8]	[up, up, up, up]	[1899.2280, 2653.9137, 1863.1554, 1886.4186]
3    	157265.38   	0.225   	0.3311  	[16.2, 16.2, 16.2, 16.2]	[up, up, front, back]	[1780.6710, 2251.8402, 1471.3301, 1734.2544]
4    	156279.44   	0.217   	0.4850  	[21.7, 21.7, 16.2, 16.2]	[front, back, left, back]	[1760.6577, 2014.7819, 1391.9804, 1609.2278]
5    	155038.66   	0.209   	0.5905  	[21.7, 21.7, 16.2, 16.2]	[front, back, up, up]	[1624.1891, 1739.6156, 1451.7626, 1607.4733]
6    	153337.92   	0.200   	0.7030  	[21.7, 21.7, 21.7, 21.7]	[up, up, left, back]	[1559.5515, 1746.7747, 1454.6149, 1599.9942]
7    	151350.56   	0.190   	0.8538  	[27.1, 27.1, 21.7, 21.7]	[front, back, front, back]	[1594.1008, 1737.5181, 1430.9676, 1468.6844]
8    	148642.33   	0.181   	0.9053  	[27.1, 27.1, 21.7, 21.7]	[front, back, front, left]	[1498.7654, 1564.8207, 1419.0368, 1434.8670]
9    	145030.68   	0.173   	0.9125  	[27.1, 27.1, 21.7, 21.7]	[front, back, front, left]	[1397.5299, 1407.5622, 1432.6902, 1447.1050]
10   	140802.29   	0.164   	0.9125  	[27.1, 27.1, 21.7, 21.7]	[front, back, front, left]	[1346.2184, 1345.6658, 1434.5569, 1498.6544]
11   	136280.43   	0.156   	0.9125  	[27.1, 27.1, 21.7, 21.7]	[front, back, front, left]	[1325.7640, 1326.9562, 1436.2069, 1516.3574]
12   	131575.39   	0.147   	0.9125  	[27.1, 27.1, 21.7, 21.7]	[front, back, front, left]	[1330.5259, 1328.7667, 1430.6682, 1530.9612]
13   	126737.48   	0.139   	0.9125  	[27.1, 27.1, 21.7, 21.7]	[front, back, front, left]	[1332.7101, 1337.1436, 1433.4589, 1533.4965]
14   	122022.58   	0.131   	0.9125  	[27.1, 27.1, 21.7, 21.7]	[front, left, front, left]	[1336.3269, 1264.0565, 1460.0517, 1521.5565]
15   	117545.50   	0.123   	0.9516  	[27.1, 27.1, 21.7, 21.7]	[front, back, front, left]	[1327.2506, 955.1955, 1468.9897, 1522.2797]
16   	113239.42   	0.116   	0.9663  	[27.1, 27.1, 21.7, 21.7]	[left, left, left, back]	[1243.2313, 699.9581, 1439.6110, 1424.2892]
17   	108802.44   	0.110   	0.9897  	[27.1, 27.1, 21.7, 21.7]	[left, hover, left, back]	[938.5101, 397.6505, 1465.1650, 1469.8440]
18   	104278.86   	0.104   	1.0000  	[27.1, 27.1, 21.7, 21.7]	[hover, front, left, back]	[541.7905, 219.1972, 1510.7899, 1519.1296]
19   	99928.94    	0.099   	1.0000  	[27.1, 27.1, 21.7, 21.7]	[back, front, left, back]	[275.0752, 175.9219, 1514.9918, 1544.0101]
20   	95642.54    	0.095   	1.0000  	[27.1, 27.1, 21.7, 21.7]	[back, front, left, back]	[207.2470, 178.5518, 1513.5033, 1533.9300]
21   	90954.24    	0.090   	1.0000  	[27.1, 27.1, 21.7, 21.7]	[back, front, left, up]	[195.3555, 191.3108, 1517.4792, 1551.9862]
22   	85856.61    	0.084   	1.0000  	[27.1, 27.1, 21.7, 27.1]	[back, front, left, back]	[193.7825, 196.7395, 1512.9792, 1557.1839]
23   	81036.39    	0.079   	1.0000  	[27.1, 27.1, 21.7, 27.1]	[back, front, left, back]	[192.1611, 202.1447, 1517.2058, 1460.6313]
24   	76537.57    	0.074   	1.0000  	[27.1, 27.1, 21.7, 27.1]	[back, front, back, right]	[193.9493, 179.8198, 1433.3880, 1153.3988]
25   	72117.13    	0.070   	1.0000  	[27.1, 27.1, 21.7, 27.1]	[hover, hover, back, right]	[117.6505, 102.5481, 1459.2760, 1063.3220]
26   	67899.74    	0.066   	1.0000  	[27.1, 27.1, 21.7, 27.1]	[hover, hover, back, right]	[61.4025, 52.9755, 1501.0717, 1051.2246]
27   	64170.50    	0.063   	1.0000  	[27.1, 27.1, 21.7, 27.1]	[hover, hover, back, right]	[29.1217, 26.1820, 1518.0647, 1058.1019]
28   	60665.02    	0.059   	1.0000  	[27.1, 27.1, 21.7, 27.1]	[hover, down, back, right]	[16.1132, 14.7905, 1540.5659, 1071.3852]
29   	57274.74    	0.055   	1.0000  	[27.1, 21.7, 21.7, 27.1]	[hover, front, back, right]	[10.4473, 13.2598, 1551.8344, 1089.3317]
30   	54023.53    	0.052   	1.0000  	[27.1, 21.7, 21.7, 27.1]	[hover, left, back, right]	[7.9590, 12.4422, 1557.5125, 759.7664]
31   	51584.62    	0.049   	1.0000  	[27.1, 21.7, 21.7, 27.1]	[front, hover, back, down]	[7.1989, 8.9147, 1243.1612, 545.5679]
32   	50034.84    	0.048   	1.0000  	[27.1, 21.7, 21.7, 21.7]	[front, hover, left, right]	[9.2388, 7.4733, 806.2108, 330.5066]
33   	49173.30    	0.047   	1.0000  	[27.1, 21.7, 21.7, 21.7]	[front, back, hover, back]	[11.8093, 6.0452, 376.4852, 231.0213]
34   	48801.23    	0.046   	1.0000  	[27.1, 21.7, 21.7, 21.7]	[front, back, right, hover]	[14.7410, 6.3593, 138.2628, 99.7301]
35   	48421.26    	0.046   	1.0000  	[27.1, 21.7, 21.7, 21.7]	[front, back, up, hover]	[22.2408, 8.3973, 101.5640, 46.5543]
36   	48104.86    	0.046   	1.0000  	[27.1, 21.7, 27.1, 21.7]	[front, back, front, down]	[66.6521, 9.5643, 67.2285, 30.3766]
37   	47770.08    	0.045   	1.0000  	[27.1, 21.7, 27.1, 16.2]	[right, back, front, back]	[69.1713, 12.4513, 57.3474, 30.5463]
38   	47332.82    	0.045   	1.0000  	[27.1, 21.7, 27.1, 16.2]	[right, back, front, right]	[109.8176, 12.4827, 57.4762, 23.0886]
39   	46625.63    	0.044   	1.0000  	[27.1, 21.7, 27.1, 16.2]	[right, back, front, left]	[561.2440, 19.0337, 60.1656, 17.4940]
40   	45480.31    	0.042   	1.0000  	[27.1, 21.7, 27.1, 16.2]	[right, back, front, hover]	[937.7505, 33.5913, 63.2574, 15.5497]
41   	43860.89    	0.040   	1.0000  	[27.1, 21.7, 27.1, 16.2]	[right, back, front, left]	[1162.6973, 85.4690, 76.7168, 12.3964]
42   	42056.82    	0.037   	1.0000  	[27.1, 21.7, 27.1, 16.2]	[right, right, front, left]	[1264.2576, 48.3488, 113.8545, 9.3671]
43   	40203.39    	0.035   	1.0000  	[27.1, 21.7, 27.1, 16.2]	[right, right, front, left]	[1101.5474, 32.4586, 248.7346, 12.8510]
44   	38554.37    	0.033   	1.0000  	[27.1, 21.7, 27.1, 16.2]	[back, right, hover, left]	[818.3180, 78.5328, 176.7852, 14.0828]
45   	36991.88    	0.031   	1.0000  	[27.1, 21.7, 27.1, 16.2]	[back, right, right, left]	[677.6299, 223.0337, 106.5793, 14.8281]
46   	35141.90    	0.029   	1.0000  	[27.1, 21.7, 27.1, 16.2]	[back, right, right, left]	[635.7312, 791.5992, 66.8922, 21.5401]
47   	32676.34    	0.026   	1.0000  	[27.1, 21.7, 27.1, 16.2]	[back, right, right, left]	[629.5284, 1180.2629, 57.9416, 30.6861]
48   	29727.69    	0.023   	1.0000  	[27.1, 21.7, 27.1, 16.2]	[back, right, right, left]	[621.9578, 1345.1828, 57.9367, 49.5121]
49   	26230.10    	0.020   	1.0000  	[27.1, 21.7, 27.1, 16.2]	[back, right, right, left]	[613.6176, 1404.8397, 64.4333, 134.6774]
50   	22846.82    	0.017   	1.0000  	[27.1, 21.7, 27.1, 16.2]	[hover, right, right, left]	[377.9884, 1144.5517, 80.6904, 310.3528]
51   	20352.49    	0.016   	1.0000  	[27.1, 21.7, 27.1, 16.2]	[hover, front, right, hover]	[191.7435, 952.0611, 88.3409, 116.0003]
52   	18451.65    	0.014   	1.0000  	[27.1, 21.7, 27.1, 16.2]	[hover, front, hover, front]	[85.9358, 877.4035, 47.8688, 55.2385]
53   	16693.42    	0.013   	1.0000  	[27.1, 21.7, 27.1, 16.2]	[hover, front, hover, front]	[41.8224, 876.9725, 22.7220, 54.8891]
54   	15034.10    	0.011   	1.0000  	[27.1, 21.7, 27.1, 16.2]	[hover, front, hover, front]	[24.0461, 874.6968, 10.8579, 43.9017]
55   	13431.78    	0.010   	1.0000  	[27.1, 21.7, 27.1, 16.2]	[hover, front, hover, front]	[17.7952, 868.1769, 5.6810, 50.6687]
56   	11849.69    	0.009   	1.0000  	[27.1, 21.7, 27.1, 16.2]	[down, front, hover, front]	[15.0100, 876.5322, 4.1993, 77.0413]
57   	10215.16    	0.008   	1.0000  	[21.7, 21.7, 27.1, 16.2]	[back, front, hover, front]	[18.6694, 893.3067, 3.1961, 127.0541]
58   	8490.08     	0.006   	1.0000  	[21.7, 21.7, 27.1, 16.2]	[right, front, down, front]	[18.8007, 912.2475, 2.7830, 181.5329]
59   	6906.05     	0.005   	1.0000  	[21.7, 21.7, 21.7, 16.2]	[hover, front, front, front]	[14.9451, 755.0186, 3.4841, 221.1342]
60   	5845.90     	0.004   	1.0000  	[21.7, 21.7, 21.7, 16.2]	[hover, hover, hover, front]	[12.2265, 356.0869, 2.7329, 274.0058]
61   	5090.48     	0.004   	1.0000  	[21.7, 21.7, 21.7, 16.2]	[hover, hover, hover, front]	[9.8785, 124.8747, 2.5140, 391.2315]
62   	4819.01     	0.004   	1.0000  	[21.7, 21.7, 21.7, 16.2]	[hover, hover, hover, hover]	[8.3078, 38.5952, 2.3881, 140.6049]
63   	4732.59     	0.004   	1.0000  	[21.7, 21.7, 21.7, 16.2]	[down, hover, hover, hover]	[7.4498, 16.8568, 2.0974, 37.6906]
64   	4701.51     	0.004   	1.0000  	[16.2, 21.7, 21.7, 16.2]	[right, down, hover, hover]	[7.1472, 11.3694, 2.2243, 9.6150]
65   	4676.42     	0.004   	1.0000  	[16.2, 16.2, 21.7, 16.2]	[back, front, right, hover]	[7.0833, 12.2234, 2.2643, 3.7366]
66   	4656.56     	0.004   	1.0000  	[16.2, 16.2, 21.7, 16.2]	[hover, right, front, back]	[7.0694, 9.4767, 1.9589, 3.5333]
67   	4641.89     	0.004   	1.0000  	[16.2, 16.2, 21.7, 16.2]	[hover, left, down, back]	[6.5334, 6.0107, 2.2489, 3.8407]
68   	4625.31     	0.004   	1.0000  	[16.2, 16.2, 16.2, 16.2]	[hover, back, right, back]	[6.1915, 4.5963, 2.8204, 2.2835]
69   	4614.59     	0.003   	1.0000  	[16.2, 16.2, 16.2, 16.2]	[hover, hover, hover, right]	[4.5760, 4.8311, 2.7570, 2.7147]
70   	4604.69     	0.003   	1.0000  	[16.2, 16.2, 16.2, 16.2]	[hover, hover, hover, up]	[3.9753, 4.3976, 2.5692, 2.6955]
71   	4597.30     	0.003   	1.0000  	[16.2, 16.2, 16.2, 21.7]	[front, right, hover, right]	[3.8269, 3.3731, 1.8715, 3.5203]
72   	4590.88     	0.003   	1.0000  	[16.2, 16.2, 16.2, 21.7]	[hover, left, hover, right]	[3.5461, 2.5243, 1.3229, 3.7404]
73   	4585.62     	0.003   	1.0000  	[16.2, 16.2, 16.2, 21.7]	[hover, hover, down, back]	[3.6794, 2.1281, 1.8058, 3.2698]
74   	4578.11     	0.003   	1.0000  	[16.2, 16.2, 10.8, 21.7]	[hover, right, back, left]	[3.8515, 2.4097, 2.0551, 3.1585]
75   	4571.17     	0.003   	1.0000  	[16.2, 16.2, 10.8, 21.7]	[hover, front, back, back]	[3.6806, 2.2553, 1.2636, 3.8446]
76   	4561.25     	0.003   	1.0000  	[16.2, 16.2, 10.8, 21.7]	[back, back, right, left]	[3.0245, 2.3830, 0.7601, 3.7323]
77   	4556.15     	0.003   	1.0000  	[16.2, 16.2, 10.8, 21.7]	[down, down, left, back]	[2.3228, 2.2691, 0.8514, 3.4283]
78   	4548.62     	0.003   	1.0000  	[10.8, 10.8, 10.8, 21.7]	[back, front, right, back]	[2.5476, 2.1409, 0.4105, 4.2511]
79   	4538.81     	0.003   	1.0000  	[10.8, 10.8, 10.8, 21.7]	[back, left, hover, back]	[1.6967, 1.8553, 0.3604, 4.6703]
80   	4511.65     	0.003   	1.0000  	[10.8, 10.8, 10.8, 21.7]	[left, right, hover, back]	[1.4877, 1.4267, 0.3945, 11.7882]
81   	4502.58     	0.003   	1.0000  	[10.8, 10.8, 10.8, 21.7]	[left, left, hover, hover]	[1.0015, 0.6886, 0.2849, 4.8627]
82   	4497.21     	0.003   	1.0000  	[10.8, 10.8, 10.8, 21.7]	[up, front, hover, hover]	[1.1472, 0.8601, 0.0804, 3.6578]
83   	4491.25     	0.003   	1.0000  	[16.2, 10.8, 10.8, 21.7]	[down, back, left, hover]	[1.2245, 0.4466, 0.0752, 3.0034]
84   	4485.20     	0.003   	1.0000  	[10.8, 10.8, 10.8, 21.7]	[front, right, right, right]	[1.2800, 0.2848, 0.4397, 2.8153]
85   	4482.46     	0.003   	1.0000  	[10.8, 10.8, 10.8, 21.7]	[left, back, left, right]	[1.4776, 0.4242, 0.2512, 2.0153]
86   	4479.35     	0.003   	1.0000  	[10.8, 10.8, 10.8, 21.7]	[front, right, right, right]	[1.7838, 0.3125, 0.4600, 2.0533]
87   	4475.58     	0.003   	1.0000  	[10.8, 10.8, 10.8, 21.7]	[hover, left, right, right]	[1.2261, 0.2360, 0.2523, 2.8160]
88   	4471.30     	0.003   	1.0000  	[10.8, 10.8, 10.8, 21.7]	[hover, back, hover, right]	[0.7910, 0.4168, 0.0637, 3.4427]
89   	4464.86     	0.003   	1.0000  	[10.8, 10.8, 10.8, 21.7]	[hover, hover, hover, right]	[0.6769, 0.4211, 0.2420, 3.9494]
90   	4456.64     	0.003   	1.0000  	[10.8, 10.8, 10.8, 21.7]	[hover, left, hover, right]	[0.5043, 0.3670, 0.3873, 5.9965]
91   	4446.07     	0.003   	1.0000  	[10.8, 10.8, 10.8, 21.7]	[right, left, hover, right]	[0.4721, 0.1243, 0.2494, 6.5342]
92   	4436.84     	0.003   	1.0000  	[10.8, 10.8, 10.8, 21.7]	[right, left, hover, right]	[0.3472, 0.2678, 0.0635, 6.5149]
93   	4426.33     	0.003   	1.0000  	[10.8, 10.8, 10.8, 21.7]	[back, left, hover, front]	[0.5732, 2.2965, 0.2491, 6.5123]
94   	4412.79     	0.003   	1.0000  	[10.8, 10.8, 10.8, 21.7]	[right, back, hover, front]	[0.9370, 2.4678, 0.4270, 6.3253]
95   	4393.93     	0.003   	1.0000  	[10.8, 10.8, 10.8, 21.7]	[back, back, hover, front]	[1.3537, 3.2323, 0.4216, 6.7393]
96   	4378.86     	0.003   	1.0000  	[10.8, 10.8, 10.8, 21.7]	[hover, up, hover, front]	[0.8762, 3.0754, 0.4483, 4.3739]
97   	4362.19     	0.003   	1.0000  	[10.8, 16.2, 10.8, 21.7]	[hover, back, hover, front]	[0.3961, 3.8304, 0.2526, 6.9564]
98   	4349.67     	0.003   	1.0000  	[10.8, 16.2, 10.8, 21.7]	[right, back, hover, front]	[0.3135, 3.4831, 0.0639, 5.5747]
99   	4337.48     	0.003   	1.0000  	[10.8, 16.2, 10.8, 21.7]	[left, back, hover, front]	[0.7405, 4.5681, 0.0121, 4.1509]
[2025-12-18T14:54:48]
Strategy: greedy_ig
Pairwise: biased
News mode: IG
Num agents: 4
Iteration: 12
Error margin: None
Gaussian radius 5 
Grid info: range: 0-50-50, cell_size:0.125, map shape: (400, 400), center:True
init UAV positions: [(-20.0, -20.0, 5.4), (-20.0, 15.0, 5.4), (15.0, -25.0, 5.4), (25.0, 15.0, 5.4)]
mcts_params: {}
Step	Entropy	MSE	Coverage	Heights	Actions	IGs
------------------------------------------------------------------------------------------------------------------------
0    	160000.00   	0.250   	0.0000  	[5.4, 5.4, 5.4, 5.4]	[-, -, -, -]	[-, -, -, -]
1    	159109.08   	0.241   	0.0469  	[5.4, 5.4, 5.4, 5.4]	[up, up, up, up]	[3162.6921, 3514.1024, 1952.2791, 1952.2791]
2    	158222.21   	0.233   	0.1694  	[10.8, 10.8, 10.8, 10.8]	[up, up, up, up]	[1829.6626, 2669.8023, 1906.5646, 1886.9336]
3    	157416.20   	0.227   	0.3311  	[16.2, 16.2, 16.2, 16.2]	[right, right, front, left]	[1441.1500, 2056.0716, 1769.3896, 1733.4349]
4    	156664.65   	0.220   	0.4194  	[16.2, 16.2, 16.2, 16.2]	[front, up, front, left]	[1384.6310, 1736.6583, 1603.9269, 1594.3070]
5    	155809.57   	0.212   	0.5425  	[16.2, 21.7, 16.2, 16.2]	[up, right, up, up]	[1463.9752, 1638.5034, 1582.6094, 1592.5571]
6    	154879.93   	0.204   	0.7214  	[21.7, 21.7, 21.7, 21.7]	[front, back, front, left]	[1482.5308, 1473.7001, 1579.3158, 1576.5854]
7    	153960.52   	0.197   	0.8331  	[21.7, 21.7, 21.7, 21.7]	[right, right, front, left]	[1464.3268, 1439.7677, 1467.6079, 1451.4372]
8    	152740.44   	0.190   	0.9339  	[21.7, 21.7, 21.7, 21.7]	[right, right, left, back]	[1425.4611, 1471.2709, 1440.2857, 1442.7575]
9    	150679.50   	0.182   	0.9936  	[21.7, 21.7, 21.7, 21.7]	[right, right, left, back]	[1438.5480, 1501.9036, 1447.0989, 1459.8366]
10   	147998.89   	0.175   	0.9944  	[21.7, 21.7, 21.7, 21.7]	[right, right, left, back]	[1454.8361, 1512.7788, 1488.0116, 1500.4782]
11   	144962.07   	0.167   	0.9952  	[21.7, 21.7, 21.7, 21.7]	[right, right, left, back]	[1473.8452, 1522.8910, 1508.1507, 1519.0204]
12   	141728.47   	0.159   	0.9959  	[21.7, 21.7, 21.7, 21.7]	[right, right, left, back]	[1466.7178, 1531.5557, 1515.0188, 1517.3452]
13   	138331.83   	0.152   	0.9967  	[21.7, 21.7, 21.7, 21.7]	[right, right, left, back]	[1454.9536, 1524.1625, 1523.0727, 1524.8658]
14   	134800.12   	0.144   	0.9975  	[21.7, 21.7, 21.7, 21.7]	[right, right, left, back]	[1453.6350, 1520.0574, 1523.1284, 1526.1592]
15   	130672.83   	0.137   	0.9983  	[21.7, 21.7, 21.7, 21.7]	[right, back, left, back]	[1451.4895, 1425.6258, 1521.8526, 1528.3478]
16   	125536.98   	0.129   	0.9991  	[21.7, 21.7, 21.7, 21.7]	[front, back, front, left]	[1428.1522, 1444.3632, 1431.1742, 1448.0371]
17   	119676.08   	0.122   	0.9991  	[21.7, 21.7, 21.7, 21.7]	[front, back, front, left]	[1450.1091, 1478.0286, 1445.2688, 1467.4840]
18   	113494.91   	0.114   	0.9991  	[21.7, 21.7, 21.7, 21.7]	[front, back, front, left]	[1484.7321, 1501.9816, 1483.8235, 1517.3416]
19   	107342.17   	0.107   	0.9991  	[21.7, 21.7, 21.7, 21.7]	[front, back, front, left]	[1499.4094, 1507.6466, 1517.8871, 1535.8565]
20   	101207.74   	0.099   	0.9991  	[21.7, 21.7, 21.7, 21.7]	[front, back, front, left]	[1505.7183, 1516.5520, 1545.9902, 1539.1082]
21   	94520.28    	0.090   	0.9991  	[21.7, 21.7, 21.7, 21.7]	[front, back, up, up]	[1517.2589, 1520.6199, 1563.3913, 1559.1542]
22   	87615.35    	0.081   	0.9997  	[21.7, 21.7, 27.1, 27.1]	[front, back, front, left]	[1535.1145, 1380.1800, 1563.4441, 1556.1943]
23   	81045.40    	0.072   	0.9997  	[21.7, 21.7, 27.1, 27.1]	[front, left, front, left]	[1535.4454, 1313.1495, 1455.7817, 1450.4541]
24   	74641.04    	0.065   	1.0000  	[21.7, 21.7, 27.1, 27.1]	[left, left, right, front]	[1433.6303, 1382.8198, 1164.5794, 1143.6592]
25   	67394.37    	0.057   	1.0000  	[21.7, 21.7, 27.1, 27.1]	[left, left, right, front]	[1461.3468, 1457.2037, 1069.5101, 1059.5616]
26   	59425.63    	0.050   	1.0000  	[21.7, 21.7, 27.1, 27.1]	[left, left, right, front]	[1498.0060, 1475.8409, 1043.5645, 1046.9614]
27   	51009.50    	0.042   	1.0000  	[21.7, 21.7, 27.1, 27.1]	[left, left, right, front]	[1512.2571, 1484.6963, 1046.3142, 1055.9529]
28   	42175.97    	0.035   	1.0000  	[21.7, 21.7, 27.1, 27.1]	[left, left, right, front]	[1531.8646, 1497.3436, 1061.0188, 1065.1600]
29   	32979.68    	0.027   	1.0000  	[21.7, 21.7, 27.1, 27.1]	[left, left, right, front]	[1544.1637, 1506.0574, 1085.7718, 1087.6224]
30   	25294.66    	0.021   	1.0000  	[21.7, 21.7, 27.1, 27.1]	[left, left, right, front]	[1538.1074, 1200.8490, 755.3156, 757.0404]
31   	20379.32    	0.017   	1.0000  	[21.7, 21.7, 27.1, 27.1]	[left, front, down, down]	[1227.5648, 594.0808, 527.8606, 527.8431]
32   	17882.46    	0.015   	1.0000  	[21.7, 21.7, 21.7, 21.7]	[front, back, right, front]	[793.9934, 253.6665, 305.7216, 317.9370]
33   	16481.90    	0.013   	1.0000  	[21.7, 21.7, 21.7, 21.7]	[hover, front, front, left]	[373.4765, 92.6015, 222.0239, 223.6905]
34   	15888.30    	0.013   	1.0000  	[21.7, 21.7, 21.7, 21.7]	[hover, back, hover, hover]	[140.8344, 46.1951, 97.7302, 95.5335]
35   	15547.21    	0.013   	1.0000  	[21.7, 21.7, 21.7, 21.7]	[back, front, hover, hover]	[89.7662, 22.4339, 43.8267, 46.2689]
36   	15270.56    	0.012   	1.0000  	[21.7, 21.7, 21.7, 21.7]	[up, front, hover, hover]	[65.3853, 20.5274, 23.4954, 27.6904]
37   	15100.69    	0.012   	1.0000  	[27.1, 21.7, 21.7, 21.7]	[right, front, left, right]	[55.4887, 12.6974, 17.0303, 21.4246]
38   	14962.45    	0.012   	1.0000  	[27.1, 21.7, 21.7, 21.7]	[right, front, left, right]	[53.8865, 9.7977, 14.1778, 15.9181]
39   	14817.22    	0.012   	1.0000  	[27.1, 21.7, 21.7, 21.7]	[right, right, left, right]	[53.6611, 8.7886, 13.6005, 14.6958]
40   	14667.88    	0.012   	1.0000  	[27.1, 21.7, 21.7, 21.7]	[right, hover, left, right]	[56.2051, 7.6959, 14.3806, 11.3337]
41   	14498.69    	0.011   	1.0000  	[27.1, 21.7, 21.7, 21.7]	[right, hover, left, down]	[61.2893, 7.4918, 15.0568, 7.9952]
42   	14272.55    	0.011   	1.0000  	[27.1, 21.7, 21.7, 16.2]	[right, down, left, front]	[76.4076, 7.2149, 20.6898, 6.9938]
43   	13916.32    	0.011   	1.0000  	[27.1, 16.2, 21.7, 16.2]	[right, up, left, back]	[113.6765, 6.2879, 43.8499, 6.4866]
44   	13391.86    	0.010   	1.0000  	[27.1, 21.7, 21.7, 16.2]	[right, hover, left, back]	[250.5856, 5.8374, 97.5953, 4.7432]
45   	12655.76    	0.010   	1.0000  	[27.1, 21.7, 21.7, 16.2]	[hover, hover, left, back]	[178.4898, 5.2191, 220.2358, 4.7333]
46   	12287.17    	0.009   	1.0000  	[27.1, 21.7, 21.7, 16.2]	[back, hover, hover, back]	[106.9418, 4.3804, 88.5098, 3.5963]
47   	12127.31    	0.009   	1.0000  	[27.1, 21.7, 21.7, 16.2]	[back, up, back, left]	[65.8296, 4.1303, 35.4193, 3.7349]
48   	11988.48    	0.009   	1.0000  	[27.1, 27.1, 21.7, 16.2]	[back, hover, back, left]	[56.4960, 3.9704, 33.0957, 5.9188]
49   	11802.59    	0.009   	1.0000  	[27.1, 27.1, 21.7, 16.2]	[back, hover, back, left]	[58.4967, 3.5988, 48.8136, 8.0800]
50   	11557.31    	0.009   	1.0000  	[27.1, 27.1, 21.7, 16.2]	[back, hover, back, back]	[63.3937, 3.4997, 80.4915, 9.4825]
51   	11268.34    	0.008   	1.0000  	[27.1, 27.1, 21.7, 16.2]	[back, hover, back, back]	[80.0233, 3.4324, 113.7295, 14.3223]
52   	10918.50    	0.008   	1.0000  	[27.1, 27.1, 21.7, 16.2]	[back, hover, back, left]	[91.3545, 3.4426, 148.7274, 16.7951]
53   	10513.21    	0.008   	1.0000  	[27.1, 27.1, 21.7, 16.2]	[hover, hover, back, up]	[47.9487, 3.2027, 195.8816, 20.7642]
54   	10049.95    	0.007   	1.0000  	[27.1, 27.1, 21.7, 21.7]	[hover, hover, back, back]	[23.6562, 2.9145, 268.7269, 23.8390]
55   	9769.14     	0.007   	1.0000  	[27.1, 27.1, 21.7, 21.7]	[hover, hover, hover, back]	[12.2783, 2.5524, 123.4748, 42.0182]
56   	9488.14     	0.007   	1.0000  	[27.1, 27.1, 21.7, 21.7]	[hover, hover, hover, back]	[7.2792, 2.4482, 47.1239, 98.0092]
57   	8996.31     	0.006   	1.0000  	[27.1, 27.1, 21.7, 21.7]	[hover, down, hover, back]	[5.0766, 2.1667, 16.1113, 231.5425]
58   	8765.27     	0.006   	1.0000  	[27.1, 21.7, 21.7, 21.7]	[hover, up, hover, hover]	[4.0063, 1.8731, 8.2096, 103.4233]
59   	8667.23     	0.006   	1.0000  	[27.1, 27.1, 21.7, 21.7]	[down, down, hover, hover]	[3.8277, 1.8726, 4.1341, 45.0565]
60   	8599.96     	0.006   	1.0000  	[21.7, 21.7, 21.7, 21.7]	[back, back, right, right]	[4.1351, 1.7339, 3.1572, 30.9144]
61   	8531.20     	0.006   	1.0000  	[21.7, 21.7, 21.7, 21.7]	[right, right, front, right]	[4.2939, 1.7243, 3.2309, 29.7920]
62   	8429.55     	0.006   	1.0000  	[21.7, 21.7, 21.7, 21.7]	[down, back, front, right]	[3.9628, 2.0257, 3.4958, 52.5109]
63   	8272.14     	0.006   	1.0000  	[16.2, 21.7, 21.7, 21.7]	[right, right, front, right]	[3.9889, 2.2052, 3.9273, 84.8094]
64   	8080.68     	0.006   	1.0000  	[16.2, 21.7, 21.7, 21.7]	[back, right, front, right]	[4.8096, 2.8600, 3.8696, 121.1592]
65   	7795.72     	0.005   	1.0000  	[16.2, 21.7, 21.7, 21.7]	[back, up, up, right]	[3.9656, 4.4016, 3.8752, 154.1159]
66   	7437.35     	0.005   	1.0000  	[16.2, 27.1, 27.1, 21.7]	[down, back, front, right]	[3.3157, 5.0525, 3.5956, 201.1538]
67   	7021.67     	0.005   	1.0000  	[10.8, 27.1, 27.1, 21.7]	[right, right, front, right]	[2.9498, 7.1589, 5.1123, 266.6704]
68   	6730.68     	0.004   	1.0000  	[10.8, 27.1, 27.1, 21.7]	[hover, right, front, hover]	[3.1442, 20.6664, 9.5760, 125.6209]
69   	6446.52     	0.004   	1.0000  	[10.8, 27.1, 27.1, 21.7]	[hover, right, hover, hover]	[3.1228, 57.3669, 5.0867, 49.9227]
70   	6039.20     	0.004   	1.0000  	[10.8, 27.1, 27.1, 21.7]	[hover, right, down, hover]	[2.1744, 224.0744, 3.8447, 19.6153]
71   	5586.17     	0.003   	1.0000  	[10.8, 27.1, 21.7, 21.7]	[hover, front, left, hover]	[1.2883, 172.8200, 3.8483, 11.1518]
72   	5216.98     	0.003   	1.0000  	[10.8, 27.1, 21.7, 21.7]	[front, front, front, hover]	[0.4274, 113.7825, 4.1061, 7.7413]
73   	4990.15     	0.003   	1.0000  	[10.8, 27.1, 21.7, 21.7]	[hover, front, hover, hover]	[0.6167, 73.9180, 3.0246, 5.4636]
74   	4804.98     	0.003   	1.0000  	[10.8, 27.1, 21.7, 21.7]	[hover, front, right, hover]	[1.0145, 63.5560, 2.4151, 4.1279]
75   	4567.97     	0.003   	1.0000  	[10.8, 27.1, 21.7, 21.7]	[hover, front, right, down]	[1.5199, 79.1226, 3.3225, 3.3688]
76   	4202.81     	0.003   	1.0000  	[10.8, 27.1, 21.7, 16.2]	[hover, front, right, right]	[1.4243, 118.3265, 3.7726, 4.1426]
77   	3859.58     	0.002   	1.0000  	[10.8, 27.1, 21.7, 16.2]	[hover, front, right, back]	[1.0875, 152.6849, 3.1711, 3.2551]
78   	3589.44     	0.002   	1.0000  	[10.8, 27.1, 21.7, 16.2]	[hover, hover, right, down]	[1.0265, 99.5043, 3.7084, 3.8268]
79   	3406.68     	0.002   	1.0000  	[10.8, 27.1, 21.7, 10.8]	[hover, hover, right, right]	[0.9798, 53.9916, 3.7699, 4.3626]
80   	3322.85     	0.002   	1.0000  	[10.8, 27.1, 21.7, 10.8]	[hover, hover, right, left]	[1.3565, 25.4652, 3.8807, 2.9826]
81   	3273.65     	0.002   	1.0000  	[10.8, 27.1, 21.7, 10.8]	[hover, left, right, back]	[1.4240, 13.0722, 4.7452, 3.0328]
82   	3244.35     	0.002   	1.0000  	[10.8, 27.1, 21.7, 10.8]	[hover, right, right, back]	[0.9864, 7.8459, 5.0185, 1.6925]
83   	3218.78     	0.002   	1.0000  	[10.8, 27.1, 21.7, 10.8]	[hover, hover, back, up]	[0.9420, 5.4900, 5.8254, 1.0441]
84   	3200.50     	0.002   	1.0000  	[10.8, 27.1, 21.7, 16.2]	[hover, left, back, hover]	[0.9398, 3.8924, 4.2980, 0.8795]
85   	3173.68     	0.002   	1.0000  	[10.8, 27.1, 21.7, 16.2]	[back, left, back, hover]	[0.6720, 3.7533, 6.2793, 1.0702]
86   	3154.59     	0.002   	1.0000  	[10.8, 27.1, 21.7, 16.2]	[hover, left, hover, down]	[1.0284, 3.8792, 3.4059, 0.7188]
87   	3129.53     	0.002   	1.0000  	[10.8, 27.1, 21.7, 10.8]	[hover, left, up, hover]	[0.9598, 5.0335, 2.2568, 0.6775]
88   	3107.28     	0.002   	1.0000  	[10.8, 27.1, 27.1, 10.8]	[hover, left, back, hover]	[0.7659, 4.3635, 3.6090, 1.0656]
89   	3084.70     	0.002   	1.0000  	[10.8, 27.1, 27.1, 10.8]	[hover, left, back, left]	[1.1769, 4.0762, 3.1089, 0.5071]
90   	3066.46     	0.002   	1.0000  	[10.8, 27.1, 27.1, 10.8]	[hover, left, back, front]	[1.5322, 3.1065, 3.6775, 0.6961]
91   	3055.51     	0.002   	1.0000  	[10.8, 27.1, 27.1, 10.8]	[hover, hover, back, right]	[0.8829, 1.7686, 2.9538, 0.2475]
92   	3051.13     	0.002   	1.0000  	[10.8, 27.1, 27.1, 10.8]	[hover, right, down, left]	[0.2885, 1.0044, 3.1914, 0.5055]
93   	3046.31     	0.002   	1.0000  	[10.8, 27.1, 21.7, 10.8]	[hover, left, left, left]	[0.0956, 0.9595, 2.7040, 0.9932]
94   	3042.09     	0.002   	1.0000  	[10.8, 27.1, 21.7, 10.8]	[left, right, back, left]	[0.3113, 0.7785, 2.3970, 0.9749]
95   	3036.78     	0.002   	1.0000  	[10.8, 27.1, 21.7, 10.8]	[left, hover, back, left]	[1.3779, 0.9025, 2.0884, 1.3017]
96   	3032.89     	0.002   	1.0000  	[10.8, 27.1, 21.7, 10.8]	[left, hover, right, hover]	[1.7025, 0.7751, 2.0023, 1.5757]
97   	3029.60     	0.002   	1.0000  	[10.8, 27.1, 21.7, 10.8]	[left, hover, down, left]	[1.8668, 0.7170, 2.4633, 1.6015]
98   	3020.98     	0.002   	1.0000  	[10.8, 27.1, 16.2, 10.8]	[left, back, right, left]	[2.0570, 0.7522, 2.2462, 4.8419]
99   	3013.89     	0.002   	1.0000  	[10.8, 27.1, 16.2, 10.8]	[front, back, back, left]	[1.8538, 0.8601, 2.2812, 3.7087]
[2025-12-18T14:55:00]
Strategy: greedy_ig
Pairwise: biased
News mode: IG
Num agents: 4
Iteration: 13
Error margin: None
Gaussian radius 5 
Grid info: range: 0-50-50, cell_size:0.125, map shape: (400, 400), center:True
init UAV positions: [(0.0, -5.0, 5.4), (-5.0, 25.0, 5.4), (5.0, -20.0, 5.4), (20.0, 5.0, 5.4)]
mcts_params: {}
Step	Entropy	MSE	Coverage	Heights	Actions	IGs
------------------------------------------------------------------------------------------------------------------------
0    	160000.00   	0.250   	0.0000  	[5.4, 5.4, 5.4, 5.4]	[-, -, -, -]	[-, -, -, -]
1    	158915.45   	0.240   	0.0547  	[5.4, 5.4, 5.4, 5.4]	[up, up, up, up]	[3904.5582, 1952.2791, 3514.1024, 3514.1024]
2    	157606.82   	0.229   	0.2062  	[10.8, 10.8, 10.8, 10.8]	[up, up, up, up]	[3792.3962, 1887.5453, 2680.2454, 2663.6923]
3    	155723.26   	0.216   	0.4059  	[16.2, 16.2, 16.2, 16.2]	[up, up, up, up]	[3560.2660, 1791.8340, 2252.0747, 2272.1902]
4    	153092.54   	0.204   	0.6150  	[21.7, 21.7, 21.7, 21.7]	[up, back, front, left]	[2942.6157, 1778.1136, 2008.3980, 2017.2315]
5    	149948.41   	0.194   	0.7050  	[27.1, 21.7, 21.7, 21.7]	[front, back, front, left]	[2081.5458, 1632.2274, 1733.4932, 1723.2417]
6    	146108.59   	0.183   	0.7073  	[27.1, 21.7, 21.7, 21.7]	[front, up, up, up]	[1625.1662, 1554.5832, 1739.3289, 1744.6679]
7    	141178.57   	0.171   	0.7972  	[27.1, 27.1, 27.1, 27.1]	[front, back, front, left]	[1423.1988, 1590.5324, 1732.5384, 1740.8028]
8    	135143.21   	0.161   	0.8034  	[27.1, 27.1, 27.1, 27.1]	[front, back, front, left]	[1359.3940, 1510.0307, 1562.7839, 1571.3963]
9    	128306.22   	0.151   	0.8147  	[27.1, 27.1, 27.1, 27.1]	[left, back, front, left]	[1266.7204, 1411.0678, 1395.8854, 1416.7669]
10   	120951.32   	0.142   	0.8233  	[27.1, 27.1, 27.1, 27.1]	[left, back, front, left]	[1259.2754, 1359.2583, 1345.3083, 1354.5217]
11   	113826.43   	0.133   	0.8428  	[27.1, 27.1, 27.1, 27.1]	[left, back, front, left]	[1281.2854, 1345.0283, 1340.6253, 1319.4012]
12   	107171.91   	0.124   	0.8881  	[27.1, 27.1, 27.1, 27.1]	[front, back, front, left]	[1022.7665, 1345.4105, 1345.1904, 1306.7450]
13   	101607.69   	0.116   	0.8977  	[27.1, 27.1, 27.1, 27.1]	[hover, back, front, left]	[611.4278, 1346.6999, 1353.9412, 1311.0020]
14   	97265.79    	0.109   	0.9145  	[27.1, 27.1, 27.1, 27.1]	[hover, back, right, back]	[310.3812, 1346.7884, 1272.2976, 1245.1063]
15   	93652.43    	0.102   	0.9311  	[27.1, 27.1, 27.1, 27.1]	[back, back, right, back]	[157.3017, 1344.5875, 960.1483, 1249.9579]
16   	90279.22    	0.096   	0.9491  	[27.1, 27.1, 27.1, 27.1]	[back, left, front, back]	[235.1414, 1266.0051, 701.6650, 1285.6593]
17   	87196.65    	0.090   	0.9680  	[27.1, 27.1, 27.1, 27.1]	[back, left, hover, back]	[330.5391, 958.9167, 398.6502, 1309.2212]
18   	84453.34    	0.086   	0.9748  	[27.1, 27.1, 27.1, 27.1]	[back, hover, left, back]	[437.1834, 553.1556, 216.5602, 1109.7134]
19   	81637.08    	0.082   	0.9748  	[27.1, 27.1, 27.1, 27.1]	[back, front, left, right]	[702.1480, 285.2761, 193.4143, 809.0925]
20   	78443.74    	0.078   	0.9748  	[27.1, 27.1, 27.1, 27.1]	[back, front, left, right]	[923.9796, 206.5422, 583.5385, 669.2166]
21   	74625.95    	0.074   	0.9748  	[27.1, 27.1, 27.1, 27.1]	[back, front, left, right]	[803.7068, 198.7673, 916.9964, 629.9069]
22   	70490.12    	0.070   	0.9748  	[27.1, 27.1, 27.1, 27.1]	[right, front, left, right]	[547.4343, 198.4407, 1115.8771, 621.9302]
23   	66670.40    	0.065   	0.9748  	[27.1, 27.1, 27.1, 27.1]	[right, front, left, right]	[388.7032, 197.9007, 1201.3544, 632.1633]
24   	63418.04    	0.062   	0.9892  	[27.1, 27.1, 27.1, 27.1]	[right, front, left, right]	[350.4129, 197.3896, 1044.2741, 545.9127]
25   	60651.14    	0.058   	1.0000  	[27.1, 27.1, 27.1, 27.1]	[right, hover, back, hover]	[665.5923, 125.0547, 826.3911, 313.8908]
26   	57990.31    	0.055   	1.0000  	[27.1, 27.1, 27.1, 27.1]	[right, hover, back, hover]	[952.4474, 64.9891, 682.4266, 155.4110]
27   	55390.15    	0.052   	1.0000  	[27.1, 27.1, 27.1, 27.1]	[right, hover, back, hover]	[1127.2172, 29.1551, 633.9557, 75.0193]
28   	53010.83    	0.049   	1.0000  	[27.1, 27.1, 27.1, 27.1]	[front, hover, back, down]	[840.7047, 16.5710, 622.7159, 44.2795]
29   	50924.00    	0.047   	1.0000  	[27.1, 27.1, 27.1, 21.7]	[front, down, back, right]	[575.9534, 12.1529, 623.6624, 50.0971]
30   	48985.95    	0.045   	1.0000  	[27.1, 21.7, 27.1, 21.7]	[front, front, back, back]	[461.0127, 12.4893, 630.8616, 39.1654]
31   	47235.70    	0.043   	1.0000  	[27.1, 21.7, 27.1, 21.7]	[front, left, back, back]	[441.6866, 11.5922, 543.8435, 27.4302]
32   	45843.87    	0.041   	1.0000  	[27.1, 21.7, 27.1, 21.7]	[front, left, hover, down]	[458.9993, 8.8598, 317.8826, 24.7949]
33   	44858.76    	0.040   	1.0000  	[27.1, 21.7, 27.1, 16.2]	[front, down, hover, right]	[507.4498, 8.2763, 154.3919, 25.0164]
34   	44178.94    	0.039   	1.0000  	[27.1, 16.2, 27.1, 16.2]	[front, back, hover, hover]	[511.4932, 7.5251, 68.5162, 19.1576]
35   	43760.66    	0.038   	1.0000  	[27.1, 16.2, 27.1, 16.2]	[hover, back, hover, hover]	[313.9526, 8.4793, 33.2100, 14.2514]
36   	43521.66    	0.038   	1.0000  	[27.1, 16.2, 27.1, 16.2]	[hover, back, down, front]	[164.2738, 8.6077, 24.1988, 12.5215]
37   	43379.82    	0.037   	1.0000  	[27.1, 16.2, 21.7, 16.2]	[hover, back, back, hover]	[78.5397, 12.0403, 23.5509, 10.9210]
38   	43294.68    	0.037   	1.0000  	[27.1, 16.2, 21.7, 16.2]	[hover, back, left, back]	[39.0425, 13.7976, 20.0005, 9.5506]
39   	43224.32    	0.037   	1.0000  	[27.1, 16.2, 21.7, 16.2]	[left, back, hover, hover]	[24.1071, 19.1830, 14.8283, 8.3312]
40   	43156.01    	0.037   	1.0000  	[27.1, 16.2, 21.7, 16.2]	[right, back, hover, hover]	[18.8292, 26.6224, 12.9420, 6.9874]
41   	43076.32    	0.037   	1.0000  	[27.1, 16.2, 21.7, 16.2]	[down, back, hover, hover]	[13.7500, 56.6241, 10.0800, 5.7050]
42   	42923.08    	0.037   	1.0000  	[21.7, 16.2, 21.7, 16.2]	[right, back, front, hover]	[15.6333, 137.8263, 9.2569, 4.8150]
43   	42823.18    	0.036   	1.0000  	[21.7, 16.2, 21.7, 16.2]	[front, right, front, left]	[17.4192, 63.4004, 10.5156, 4.3687]
44   	42743.00    	0.036   	1.0000  	[21.7, 16.2, 21.7, 16.2]	[hover, right, front, front]	[13.5994, 41.0405, 10.5612, 4.6122]
45   	42652.05    	0.036   	1.0000  	[21.7, 16.2, 21.7, 16.2]	[hover, right, front, left]	[10.5746, 44.3303, 14.2351, 4.9568]
46   	42566.33    	0.036   	1.0000  	[21.7, 16.2, 21.7, 16.2]	[hover, right, front, left]	[7.6171, 39.5406, 18.7394, 6.0201]
47   	42312.59    	0.036   	1.0000  	[21.7, 16.2, 21.7, 16.2]	[hover, right, front, left]	[5.8739, 148.4128, 25.6220, 9.6176]
48   	41836.61    	0.035   	1.0000  	[21.7, 16.2, 21.7, 16.2]	[hover, right, front, left]	[5.4805, 309.0765, 40.4479, 9.2663]
49   	40476.77    	0.034   	1.0000  	[21.7, 16.2, 21.7, 16.2]	[front, right, front, left]	[5.5476, 1046.1505, 85.7404, 15.7899]
50   	38596.73    	0.033   	1.0000  	[21.7, 16.2, 21.7, 16.2]	[hover, right, front, up]	[5.2570, 1405.8325, 90.2159, 25.6750]
51   	36605.43    	0.031   	1.0000  	[21.7, 16.2, 21.7, 21.7]	[hover, right, hover, left]	[4.4716, 1519.5553, 40.5585, 37.8717]
52   	34999.80    	0.029   	1.0000  	[21.7, 16.2, 21.7, 21.7]	[hover, right, hover, left]	[4.2540, 1532.0195, 22.6082, 72.9861]
53   	33835.16    	0.028   	1.0000  	[21.7, 16.2, 21.7, 21.7]	[down, right, hover, left]	[3.7885, 1163.4452, 13.7854, 161.4563]
54   	32295.85    	0.026   	1.0000  	[16.2, 16.2, 21.7, 21.7]	[right, front, hover, left]	[3.4073, 1095.0735, 10.1596, 358.2332]
55   	30512.88    	0.025   	1.0000  	[16.2, 16.2, 21.7, 21.7]	[hover, front, right, front]	[3.1741, 1144.2893, 7.7090, 239.8201]
56   	28779.49    	0.024   	1.0000  	[16.2, 16.2, 21.7, 21.7]	[hover, front, right, front]	[4.0429, 1170.4508, 6.9143, 143.0748]
57   	27057.93    	0.022   	1.0000  	[16.2, 16.2, 21.7, 21.7]	[hover, front, right, front]	[4.6259, 1171.6504, 8.5080, 110.7985]
58   	25368.16    	0.021   	1.0000  	[16.2, 16.2, 21.7, 21.7]	[hover, front, right, front]	[3.9624, 1166.9961, 10.1736, 109.1914]
59   	23673.94    	0.020   	1.0000  	[16.2, 16.2, 21.7, 21.7]	[back, front, right, front]	[3.0507, 1171.9861, 11.0881, 129.7246]
60   	21899.39    	0.018   	1.0000  	[16.2, 16.2, 21.7, 21.7]	[down, front, right, front]	[2.6153, 1191.0723, 15.3003, 180.7218]
61   	19884.76    	0.017   	1.0000  	[10.8, 16.2, 21.7, 21.7]	[up, front, right, front]	[1.8589, 1210.5547, 19.2817, 269.8942]
62   	17369.67    	0.015   	1.0000  	[16.2, 16.2, 21.7, 21.7]	[front, front, right, front]	[1.7648, 1212.3211, 41.5675, 811.7696]
63   	14861.07    	0.012   	1.0000  	[16.2, 16.2, 21.7, 21.7]	[hover, front, right, front]	[1.8793, 1197.8233, 80.7611, 785.8767]
64   	13449.09    	0.011   	1.0000  	[16.2, 16.2, 21.7, 21.7]	[hover, hover, back, right]	[1.8914, 473.8209, 41.5488, 502.0911]
65   	12666.63    	0.010   	1.0000  	[16.2, 16.2, 21.7, 21.7]	[hover, hover, back, right]	[1.6962, 117.4110, 32.4155, 333.8290]
66   	11970.66    	0.010   	1.0000  	[16.2, 16.2, 21.7, 21.7]	[hover, hover, back, right]	[1.6104, 22.4806, 93.5521, 280.0453]
67   	11227.47    	0.009   	1.0000  	[16.2, 16.2, 21.7, 21.7]	[hover, front, back, right]	[0.9778, 6.5311, 171.6240, 271.5024]
68   	10361.73    	0.009   	1.0000  	[16.2, 16.2, 21.7, 21.7]	[back, left, back, right]	[1.0240, 4.7894, 230.3979, 271.6538]
69   	9456.13     	0.008   	1.0000  	[16.2, 16.2, 21.7, 21.7]	[right, left, back, right]	[0.7414, 4.5107, 262.6631, 273.3912]
70   	8548.73     	0.007   	1.0000  	[16.2, 16.2, 21.7, 21.7]	[down, left, back, right]	[1.0224, 4.1413, 274.8666, 279.0274]
71   	7562.44     	0.006   	1.0000  	[10.8, 16.2, 21.7, 21.7]	[back, back, back, right]	[0.9168, 3.9813, 303.0298, 297.7370]
72   	6698.90     	0.006   	1.0000  	[10.8, 16.2, 21.7, 21.7]	[left, back, back, right]	[1.2221, 5.3938, 261.1745, 253.4053]
73   	6260.93     	0.005   	1.0000  	[10.8, 16.2, 21.7, 21.7]	[right, back, hover, front]	[1.2001, 5.2044, 120.9735, 119.1500]
74   	6081.57     	0.005   	1.0000  	[10.8, 16.2, 21.7, 21.7]	[hover, back, hover, hover]	[0.7510, 6.6652, 48.2434, 44.6870]
75   	6017.39     	0.005   	1.0000  	[10.8, 16.2, 21.7, 21.7]	[left, back, hover, hover]	[0.1177, 5.7854, 17.9364, 16.3206]
76   	5989.41     	0.005   	1.0000  	[10.8, 16.2, 21.7, 21.7]	[right, left, down, hover]	[0.0332, 4.6088, 11.8716, 7.7214]
77   	5969.82     	0.005   	1.0000  	[10.8, 16.2, 16.2, 21.7]	[hover, left, right, left]	[0.0392, 4.3962, 8.8204, 5.0170]
78   	5958.43     	0.005   	1.0000  	[10.8, 16.2, 16.2, 21.7]	[hover, back, back, back]	[0.2904, 3.4473, 8.3543, 2.9993]
79   	5947.39     	0.005   	1.0000  	[10.8, 16.2, 16.2, 21.7]	[hover, back, down, back]	[0.3045, 4.8016, 7.6285, 2.6626]
80   	5933.78     	0.005   	1.0000  	[10.8, 16.2, 10.8, 21.7]	[hover, back, back, back]	[0.7863, 6.7733, 6.6480, 2.6001]
81   	5921.37     	0.005   	1.0000  	[10.8, 16.2, 10.8, 21.7]	[hover, back, left, left]	[0.3655, 8.5077, 4.8048, 2.1987]
82   	5909.69     	0.005   	1.0000  	[10.8, 16.2, 10.8, 21.7]	[hover, back, hover, back]	[0.1966, 7.2587, 3.8080, 1.8526]
83   	5897.80     	0.005   	1.0000  	[10.8, 16.2, 10.8, 21.7]	[left, right, hover, hover]	[0.5960, 8.3449, 3.2137, 1.6172]
84   	5890.54     	0.005   	1.0000  	[10.8, 16.2, 10.8, 21.7]	[hover, right, hover, hover]	[0.6190, 6.4064, 2.3408, 1.6341]
85   	5870.86     	0.005   	1.0000  	[10.8, 16.2, 10.8, 21.7]	[hover, up, right, back]	[0.5162, 10.0392, 1.7950, 1.7408]
86   	5821.00     	0.005   	1.0000  	[10.8, 21.7, 10.8, 21.7]	[hover, right, right, right]	[1.1755, 24.5123, 2.8295, 1.6774]
87   	5737.64     	0.005   	1.0000  	[10.8, 21.7, 10.8, 21.7]	[right, right, hover, left]	[0.8487, 47.9725, 2.0870, 1.4436]
88   	5707.47     	0.005   	1.0000  	[10.8, 21.7, 10.8, 21.7]	[hover, hover, hover, back]	[0.8030, 16.9667, 2.5090, 1.5400]
89   	5694.69     	0.005   	1.0000  	[10.8, 21.7, 10.8, 21.7]	[hover, hover, hover, back]	[0.4949, 7.2415, 3.1875, 1.9602]
90   	5689.27     	0.005   	1.0000  	[10.8, 21.7, 10.8, 21.7]	[hover, down, hover, back]	[0.8194, 4.0389, 2.4274, 2.5676]
91   	5680.97     	0.005   	1.0000  	[10.8, 16.2, 10.8, 21.7]	[hover, right, hover, back]	[1.0549, 4.7307, 1.8990, 3.2518]
92   	5674.23     	0.005   	1.0000  	[10.8, 16.2, 10.8, 21.7]	[hover, back, hover, down]	[0.6333, 4.4527, 1.8400, 3.3262]
93   	5669.08     	0.005   	1.0000  	[10.8, 16.2, 10.8, 16.2]	[hover, back, hover, back]	[0.3928, 3.2872, 1.3962, 3.1125]
94   	5663.60     	0.005   	1.0000  	[10.8, 16.2, 10.8, 16.2]	[right, back, hover, left]	[0.4373, 3.4884, 1.0917, 2.7083]
95   	5660.47     	0.005   	1.0000  	[10.8, 16.2, 10.8, 16.2]	[hover, hover, hover, back]	[0.2902, 2.6130, 0.9716, 2.1476]
96   	5655.57     	0.005   	1.0000  	[10.8, 16.2, 10.8, 16.2]	[hover, hover, left, left]	[0.4248, 2.0372, 0.7579, 3.1229]
97   	5651.98     	0.005   	1.0000  	[10.8, 16.2, 10.8, 16.2]	[hover, hover, left, left]	[0.4724, 1.5819, 1.0706, 2.8980]
98   	5646.04     	0.005   	1.0000  	[10.8, 16.2, 10.8, 16.2]	[hover, hover, hover, up]	[0.2850, 1.4339, 0.7572, 3.2153]
99   	5639.38     	0.005   	1.0000  	[10.8, 16.2, 10.8, 21.7]	[hover, hover, hover, left]	[0.3752, 1.1545, 0.8622, 3.7116]
[2025-12-18T14:55:11]
Strategy: greedy_ig
Pairwise: biased
News mode: IG
Num agents: 4
Iteration: 14
Error margin: None
Gaussian radius 5 
Grid info: range: 0-50-50, cell_size:0.125, map shape: (400, 400), center:True
init UAV positions: [(-15.0, -5.0, 5.4), (-15.0, 0.0, 5.4), (25.0, 0.0, 5.4), (15.0, 20.0, 5.4)]
mcts_params: {}
Step	Entropy	MSE	Coverage	Heights	Actions	IGs
------------------------------------------------------------------------------------------------------------------------
0    	160000.00   	0.250   	0.0000  	[5.4, 5.4, 5.4, 5.4]	[-, -, -, -]	[-, -, -, -]
1    	158554.61   	0.239   	0.0516  	[5.4, 5.4, 5.4, 5.4]	[up, up, up, up]	[3904.5582, 3904.5582, 1952.2791, 3514.1024]
2    	156632.21   	0.227   	0.1750  	[10.8, 10.8, 10.8, 10.8]	[up, up, up, up]	[3792.1290, 3797.5538, 1889.5594, 2678.1710]
3    	154419.61   	0.215   	0.3563  	[16.2, 16.2, 16.2, 16.2]	[up, up, up, back]	[2978.8600, 2998.2063, 1778.2922, 2071.7970]
4    	152250.77   	0.205   	0.5025  	[21.7, 21.7, 21.7, 16.2]	[right, right, left, up]	[2280.4386, 2298.0733, 1740.4078, 1737.6740]
5    	149912.84   	0.194   	0.5986  	[21.7, 21.7, 21.7, 21.7]	[up, up, left, back]	[1988.9282, 1992.6702, 1611.1503, 1651.4287]
6    	147101.66   	0.183   	0.7266  	[27.1, 27.1, 21.7, 21.7]	[right, right, up, left]	[1820.3184, 1816.4831, 1557.2989, 1482.4540]
7    	143070.66   	0.174   	0.7848  	[27.1, 27.1, 27.1, 21.7]	[right, right, left, back]	[1575.6650, 1568.7397, 1591.6975, 1432.4375]
8    	137617.27   	0.164   	0.7911  	[27.1, 27.1, 27.1, 21.7]	[right, right, left, back]	[1416.9222, 1406.9105, 1510.0608, 1446.2185]
9    	131188.15   	0.155   	0.7973  	[27.1, 27.1, 27.1, 21.7]	[right, right, left, back]	[1366.5229, 1349.1265, 1416.1842, 1500.1799]
10   	124165.30   	0.146   	0.8036  	[27.1, 27.1, 27.1, 21.7]	[right, right, left, back]	[1342.7134, 1336.9767, 1362.3100, 1526.9701]
11   	116731.52   	0.137   	0.8098  	[27.1, 27.1, 27.1, 21.7]	[right, right, left, back]	[1328.6903, 1333.3284, 1345.6428, 1538.1355]
12   	110163.68   	0.129   	0.8161  	[27.1, 27.1, 27.1, 21.7]	[back, front, left, back]	[1241.9409, 1251.8704, 1339.0979, 1541.7449]
13   	104796.23   	0.120   	0.8667  	[27.1, 27.1, 27.1, 21.7]	[right, front, left, back]	[1142.2345, 1254.8630, 1332.7450, 1550.3411]
14   	100697.12   	0.112   	0.8836  	[27.1, 27.1, 27.1, 21.7]	[back, front, left, back]	[846.1072, 1288.6514, 1328.2121, 1556.8017]
15   	96653.78    	0.105   	0.9091  	[27.1, 27.1, 27.1, 21.7]	[hover, right, left, left]	[480.6425, 1139.4719, 1324.8146, 1463.0046]
16   	92865.29    	0.099   	0.9091  	[27.1, 27.1, 27.1, 21.7]	[hover, hover, front, left]	[234.0380, 692.9481, 1246.3699, 1480.6493]
17   	89455.95    	0.094   	0.9294  	[27.1, 27.1, 27.1, 21.7]	[left, hover, front, left]	[141.6656, 348.7896, 1261.5249, 1522.7025]
18   	86437.56    	0.089   	0.9528  	[27.1, 27.1, 27.1, 21.7]	[left, back, front, left]	[147.0419, 167.4743, 1286.5621, 1527.1598]
19   	83456.49    	0.085   	0.9786  	[27.1, 27.1, 27.1, 21.7]	[left, back, right, left]	[171.4838, 160.4460, 855.9333, 1526.1242]
20   	80418.70    	0.081   	0.9841  	[27.1, 27.1, 27.1, 21.7]	[left, back, right, left]	[192.6656, 212.8710, 588.9386, 1514.2451]
21   	77318.43    	0.077   	0.9895  	[27.1, 27.1, 27.1, 21.7]	[left, back, right, left]	[204.9082, 620.7162, 467.6076, 1520.3238]
22   	74092.98    	0.073   	0.9950  	[27.1, 27.1, 27.1, 21.7]	[left, back, right, left]	[228.7410, 964.8518, 427.0454, 1383.5489]
23   	70405.43    	0.068   	0.9997  	[27.1, 27.1, 27.1, 21.7]	[left, back, right, front]	[185.0525, 1174.4452, 417.4411, 1331.3578]
24   	66561.61    	0.064   	1.0000  	[27.1, 27.1, 27.1, 21.7]	[hover, left, right, front]	[96.1257, 851.8903, 418.0178, 1405.9295]
25   	63051.15    	0.060   	1.0000  	[27.1, 27.1, 27.1, 21.7]	[hover, left, hover, front]	[43.8799, 593.9978, 258.9710, 1455.1074]
26   	60246.40    	0.057   	1.0000  	[27.1, 27.1, 27.1, 21.7]	[front, left, hover, front]	[24.3744, 464.9670, 126.8627, 1476.3817]
27   	57982.18    	0.054   	1.0000  	[27.1, 27.1, 27.1, 21.7]	[front, left, hover, front]	[60.6251, 419.0921, 55.1811, 1480.3350]
28   	55679.60    	0.051   	1.0000  	[27.1, 27.1, 27.1, 21.7]	[front, left, hover, front]	[499.5985, 412.3126, 26.4395, 1466.4856]
29   	52782.79    	0.047   	1.0000  	[27.1, 27.1, 27.1, 21.7]	[front, left, down, front]	[863.8726, 434.8918, 17.7901, 1470.4469]
30   	49567.48    	0.043   	1.0000  	[27.1, 27.1, 21.7, 21.7]	[front, left, front, front]	[1080.5573, 323.5645, 19.1236, 1211.2661]
31   	46785.39    	0.040   	1.0000  	[27.1, 27.1, 21.7, 21.7]	[front, hover, right, right]	[1171.2530, 166.0991, 20.6284, 589.3642]
32   	44650.12    	0.037   	1.0000  	[27.1, 27.1, 21.7, 21.7]	[front, hover, front, left]	[1019.6360, 76.1813, 15.3310, 254.8163]
33   	42965.02    	0.036   	1.0000  	[27.1, 27.1, 21.7, 21.7]	[right, hover, hover, hover]	[821.5939, 39.0631, 11.3393, 89.1609]
34   	41454.62    	0.034   	1.0000  	[27.1, 27.1, 21.7, 21.7]	[right, hover, down, right]	[678.6071, 21.9920, 9.5099, 48.9784]
35   	39940.05    	0.033   	1.0000  	[27.1, 27.1, 16.2, 21.7]	[right, down, right, right]	[633.5785, 15.4072, 12.0387, 25.0225]
36   	38399.58    	0.032   	1.0000  	[27.1, 21.7, 16.2, 21.7]	[right, back, front, left]	[632.5256, 16.6816, 10.6948, 11.1868]
37   	36802.75    	0.031   	1.0000  	[27.1, 21.7, 16.2, 21.7]	[right, left, hover, left]	[647.4677, 13.3310, 8.8884, 14.3861]
38   	35154.90    	0.029   	1.0000  	[27.1, 21.7, 16.2, 21.7]	[right, hover, hover, hover]	[679.8102, 10.0283, 8.2064, 6.7310]
39   	33467.71    	0.028   	1.0000  	[27.1, 21.7, 16.2, 21.7]	[right, hover, front, right]	[687.6531, 7.8728, 5.8686, 4.2966]
40   	32212.05    	0.027   	1.0000  	[27.1, 21.7, 16.2, 21.7]	[hover, down, left, right]	[421.9418, 7.2150, 4.7310, 4.9921]
41   	31489.28    	0.027   	1.0000  	[27.1, 16.2, 16.2, 21.7]	[hover, left, left, back]	[214.0120, 7.8859, 5.3868, 4.0142]
42   	31151.90    	0.026   	1.0000  	[27.1, 16.2, 16.2, 21.7]	[hover, back, left, back]	[98.6229, 7.7408, 7.6171, 4.5830]
43   	30986.60    	0.026   	1.0000  	[27.1, 16.2, 16.2, 21.7]	[hover, hover, back, back]	[48.6291, 7.2239, 7.5751, 5.7554]
44   	30916.49    	0.026   	1.0000  	[27.1, 16.2, 16.2, 21.7]	[down, right, back, back]	[31.0578, 5.9451, 6.8999, 5.5829]
45   	30846.50    	0.026   	1.0000  	[21.7, 16.2, 16.2, 21.7]	[right, left, left, left]	[33.6232, 4.3964, 5.6089, 7.7845]
46   	30780.02    	0.026   	1.0000  	[21.7, 16.2, 16.2, 21.7]	[front, down, left, up]	[26.6956, 4.1204, 10.0966, 9.7735]
47   	30718.14    	0.026   	1.0000  	[21.7, 10.8, 16.2, 27.1]	[hover, hover, left, back]	[19.2190, 2.7491, 16.8980, 12.5214]
48   	30638.87    	0.026   	1.0000  	[21.7, 10.8, 16.2, 27.1]	[hover, left, left, back]	[15.5079, 1.6938, 23.4578, 23.6803]
49   	30490.34    	0.026   	1.0000  	[21.7, 10.8, 16.2, 27.1]	[hover, front, left, back]	[13.1624, 1.8440, 50.8640, 57.7156]
50   	30170.11    	0.025   	1.0000  	[21.7, 10.8, 16.2, 27.1]	[hover, up, left, back]	[11.8149, 1.5242, 142.3467, 225.6332]
51   	29701.11    	0.024   	1.0000  	[21.7, 16.2, 16.2, 27.1]	[hover, front, left, right]	[9.4735, 2.6342, 333.4910, 172.7643]
52   	29441.37    	0.024   	1.0000  	[21.7, 16.2, 16.2, 27.1]	[left, front, hover, right]	[8.3178, 2.6538, 120.3500, 115.6441]
53   	29270.29    	0.024   	1.0000  	[21.7, 16.2, 16.2, 27.1]	[back, front, back, right]	[8.2563, 4.1618, 54.6977, 77.7339]
54   	29114.76    	0.024   	1.0000  	[21.7, 16.2, 16.2, 27.1]	[back, front, back, right]	[7.5469, 14.2806, 44.0684, 69.8499]
55   	28912.58    	0.023   	1.0000  	[21.7, 16.2, 16.2, 27.1]	[back, front, back, right]	[8.1590, 26.5868, 42.8501, 87.6424]
56   	28471.72    	0.023   	1.0000  	[21.7, 16.2, 16.2, 27.1]	[right, front, back, right]	[10.9835, 162.9099, 47.5660, 126.1808]
57   	27285.81    	0.022   	1.0000  	[21.7, 16.2, 16.2, 27.1]	[back, front, back, right]	[12.0741, 706.1453, 90.1411, 160.5050]
58   	25675.71    	0.020   	1.0000  	[21.7, 16.2, 16.2, 27.1]	[back, front, back, hover]	[15.9294, 966.4841, 148.4334, 105.2435]
59   	23885.23    	0.019   	1.0000  	[21.7, 16.2, 16.2, 27.1]	[back, front, back, hover]	[18.7327, 1044.9257, 292.9217, 56.4656]
60   	21415.68    	0.017   	1.0000  	[21.7, 16.2, 16.2, 27.1]	[back, right, back, hover]	[23.5514, 866.9890, 1042.1631, 27.3771]
61   	18795.20    	0.015   	1.0000  	[21.7, 16.2, 16.2, 27.1]	[back, right, back, front]	[26.3346, 558.3467, 1392.3890, 15.2196]
62   	16602.31    	0.013   	1.0000  	[21.7, 16.2, 16.2, 27.1]	[back, right, back, front]	[32.2129, 177.4128, 1497.2814, 10.4659]
63   	15225.00    	0.012   	1.0000  	[21.7, 16.2, 16.2, 27.1]	[hover, right, right, front]	[19.1131, 54.7632, 963.0890, 8.3343]
64   	14094.38    	0.011   	1.0000  	[21.7, 16.2, 16.2, 27.1]	[hover, right, right, front]	[13.1421, 32.1963, 798.3118, 7.9169]
65   	13060.86    	0.011   	1.0000  	[21.7, 16.2, 16.2, 27.1]	[down, right, right, front]	[11.9221, 30.5582, 757.2699, 7.1110]
66   	11998.42    	0.010   	1.0000  	[16.2, 16.2, 16.2, 27.1]	[right, right, right, front]	[14.0180, 33.3163, 771.4871, 6.7561]
67   	10954.23    	0.009   	1.0000  	[16.2, 16.2, 16.2, 27.1]	[back, right, right, front]	[13.7096, 31.0326, 775.4493, 5.4632]
68   	9922.28     	0.008   	1.0000  	[16.2, 16.2, 16.2, 27.1]	[hover, right, right, hover]	[11.8237, 26.7288, 779.3001, 3.0601]
69   	8924.21     	0.007   	1.0000  	[16.2, 16.2, 16.2, 27.1]	[front, right, right, back]	[10.5169, 28.5874, 773.3700, 2.3841]
70   	7948.07     	0.007   	1.0000  	[16.2, 16.2, 16.2, 27.1]	[back, right, right, hover]	[9.7199, 36.0009, 774.2695, 2.2473]
71   	6952.26     	0.006   	1.0000  	[16.2, 16.2, 16.2, 27.1]	[front, right, right, back]	[8.2031, 63.9596, 786.2120, 1.9850]
72   	6037.01     	0.005   	1.0000  	[16.2, 16.2, 16.2, 27.1]	[back, hover, right, back]	[6.3367, 26.9821, 810.2885, 1.9120]
73   	5654.14     	0.005   	1.0000  	[16.2, 16.2, 16.2, 27.1]	[hover, back, back, back]	[5.5830, 16.4626, 321.3778, 2.7352]
74   	5527.12     	0.005   	1.0000  	[16.2, 16.2, 16.2, 27.1]	[back, front, hover, back]	[3.8755, 11.6174, 96.0377, 3.7980]
75   	5483.67     	0.004   	1.0000  	[16.2, 16.2, 16.2, 27.1]	[hover, back, hover, back]	[3.5759, 10.5004, 27.0819, 3.7507]
76   	5457.53     	0.004   	1.0000  	[16.2, 16.2, 16.2, 27.1]	[hover, back, hover, back]	[3.5226, 9.0076, 10.7791, 5.6515]
77   	5429.44     	0.004   	1.0000  	[16.2, 16.2, 16.2, 27.1]	[hover, back, hover, hover]	[3.3429, 10.1937, 8.1330, 4.3373]
78   	5413.03     	0.004   	1.0000  	[16.2, 16.2, 16.2, 27.1]	[down, hover, down, down]	[3.4648, 7.8817, 7.1961, 4.3156]
79   	5393.60     	0.004   	1.0000  	[10.8, 16.2, 10.8, 21.7]	[front, front, right, back]	[3.4583, 6.0702, 6.7008, 6.2232]
80   	5378.83     	0.004   	1.0000  	[10.8, 16.2, 10.8, 21.7]	[right, down, front, right]	[3.3084, 4.1928, 6.0390, 5.8539]
81   	5368.31     	0.004   	1.0000  	[10.8, 10.8, 10.8, 21.7]	[hover, hover, left, down]	[2.8251, 4.1571, 4.4797, 5.8008]
82   	5357.56     	0.004   	1.0000  	[10.8, 10.8, 10.8, 16.2]	[front, hover, left, back]	[2.0704, 3.9582, 4.8605, 5.8249]
83   	5347.61     	0.004   	1.0000  	[10.8, 10.8, 10.8, 16.2]	[up, hover, left, right]	[1.9280, 3.5825, 4.6726, 4.7830]
84   	5336.06     	0.004   	1.0000  	[16.2, 10.8, 10.8, 16.2]	[left, right, left, back]	[3.3096, 3.1025, 4.9116, 4.9196]
85   	5323.48     	0.004   	1.0000  	[16.2, 10.8, 10.8, 16.2]	[hover, hover, left, hover]	[3.5775, 3.4193, 7.7241, 3.2617]
86   	5312.50     	0.004   	1.0000  	[16.2, 10.8, 10.8, 16.2]	[hover, up, front, left]	[3.4459, 2.2925, 6.5464, 3.4877]
87   	5299.21     	0.004   	1.0000  	[16.2, 16.2, 10.8, 16.2]	[hover, front, left, hover]	[2.9076, 2.9158, 6.8919, 3.2580]
88   	5283.54     	0.004   	1.0000  	[16.2, 16.2, 10.8, 16.2]	[hover, front, front, hover]	[2.8401, 3.7669, 7.1173, 2.8748]
89   	5269.23     	0.004   	1.0000  	[16.2, 16.2, 10.8, 16.2]	[hover, left, left, down]	[2.8135, 2.3060, 6.4383, 2.2615]
90   	5258.57     	0.004   	1.0000  	[16.2, 16.2, 10.8, 10.8]	[hover, left, left, right]	[2.1083, 1.9537, 4.5315, 2.4922]
91   	5251.43     	0.004   	1.0000  	[16.2, 16.2, 10.8, 10.8]	[hover, left, up, right]	[1.5745, 2.2407, 4.0218, 2.1394]
92   	5244.62     	0.004   	1.0000  	[16.2, 16.2, 16.2, 10.8]	[hover, back, front, front]	[1.1480, 1.7634, 4.9235, 1.8065]
93   	5235.98     	0.004   	1.0000  	[16.2, 16.2, 16.2, 10.8]	[hover, up, left, left]	[0.9959, 2.4623, 5.5185, 1.7532]
94   	5226.59     	0.004   	1.0000  	[16.2, 21.7, 16.2, 10.8]	[hover, back, front, back]	[1.1557, 2.5669, 7.2781, 1.4517]
95   	5208.71     	0.004   	1.0000  	[16.2, 21.7, 16.2, 10.8]	[hover, back, left, hover]	[1.5822, 3.1852, 9.1230, 1.6212]
96   	5189.98     	0.004   	1.0000  	[16.2, 21.7, 16.2, 10.8]	[left, right, left, hover]	[1.1770, 4.4081, 9.5694, 2.1784]
97   	5170.52     	0.004   	1.0000  	[16.2, 21.7, 16.2, 10.8]	[left, back, back, hover]	[1.8457, 4.7514, 8.8836, 1.4347]
98   	5142.81     	0.004   	1.0000  	[16.2, 21.7, 16.2, 10.8]	[left, back, back, left]	[2.7642, 8.8089, 9.1954, 0.8746]
99   	5072.83     	0.004   	1.0000  	[16.2, 21.7, 16.2, 10.8]	[up, back, back, left]	[2.9333, 14.2154, 31.1672, 1.1958]
[2025-12-18T14:55:23]
Strategy: greedy_ig
Pairwise: biased
News mode: IG
Num agents: 4
Iteration: 15
Error margin: None
Gaussian radius 5 
Grid info: range: 0-50-50, cell_size:0.125, map shape: (400, 400), center:True
init UAV positions: [(-25.0, -5.0, 5.4), (-5.0, 10.0, 5.4), (25.0, 0.0, 5.4), (25.0, 10.0, 5.4)]
mcts_params: {}
Step	Entropy	MSE	Coverage	Heights	Actions	IGs
------------------------------------------------------------------------------------------------------------------------
0    	160000.00   	0.250   	0.0000  	[5.4, 5.4, 5.4, 5.4]	[-, -, -, -]	[-, -, -, -]
1    	159119.79   	0.242   	0.0391  	[5.4, 5.4, 5.4, 5.4]	[up, up, up, up]	[1952.2791, 3904.5582, 1952.2791, 1952.2791]
2    	157899.45   	0.233   	0.1500  	[10.8, 10.8, 10.8, 10.8]	[up, up, up, up]	[1897.4051, 3777.7557, 1906.1593, 1892.2418]
3    	156296.33   	0.221   	0.3187  	[16.2, 16.2, 16.2, 16.2]	[up, up, up, up]	[1797.2198, 3575.9791, 1785.4781, 1782.9880]
4    	154312.52   	0.210   	0.5300  	[21.7, 21.7, 21.7, 21.7]	[right, up, left, left]	[1781.3847, 2845.9907, 1756.8352, 1755.0528]
5    	151957.00   	0.200   	0.6847  	[21.7, 27.1, 21.7, 21.7]	[right, back, left, left]	[1650.8388, 2083.3639, 1637.9965, 1617.6665]
6    	149093.39   	0.190   	0.7238  	[21.7, 27.1, 21.7, 21.7]	[up, back, up, left]	[1567.3918, 1633.0855, 1562.6477, 1550.6600]
7    	145691.79   	0.179   	0.8073  	[27.1, 27.1, 27.1, 21.7]	[right, back, left, up]	[1606.1603, 1425.9057, 1593.9903, 1575.2326]
8    	141636.98   	0.169   	0.8373  	[27.1, 27.1, 27.1, 27.1]	[right, back, left, left]	[1525.1799, 1350.2632, 1515.9209, 1598.6610]
9    	136462.33   	0.159   	0.8511  	[27.1, 27.1, 27.1, 27.1]	[right, back, left, left]	[1418.0515, 1339.1602, 1418.1561, 1496.8301]
10   	130435.61   	0.150   	0.8664  	[27.1, 27.1, 27.1, 27.1]	[right, back, left, left]	[1355.5655, 1340.2563, 1354.3419, 1353.8191]
11   	124144.44   	0.140   	0.9055  	[27.1, 27.1, 27.1, 27.1]	[right, left, left, left]	[1340.7660, 1257.8956, 1343.5700, 1307.5053]
12   	118086.50   	0.132   	0.9139  	[27.1, 27.1, 27.1, 27.1]	[right, left, left, left]	[1341.0922, 946.7117, 1339.0580, 1298.4750]
13   	112589.87   	0.123   	0.9220  	[27.1, 27.1, 27.1, 27.1]	[right, back, left, left]	[1334.4243, 590.0156, 1336.6754, 1291.4442]
14   	107514.45   	0.116   	0.9356  	[27.1, 27.1, 27.1, 27.1]	[right, hover, left, left]	[1341.3013, 311.3294, 1340.1345, 1293.3260]
15   	102855.54   	0.109   	0.9491  	[27.1, 27.1, 27.1, 27.1]	[right, right, left, left]	[1339.1293, 159.8525, 1338.1001, 1301.4601]
16   	97809.60    	0.102   	0.9741  	[27.1, 27.1, 27.1, 27.1]	[front, right, front, back]	[1244.8907, 151.7122, 1258.6781, 1259.8219]
17   	91656.91    	0.094   	0.9748  	[27.1, 27.1, 27.1, 27.1]	[front, right, front, back]	[1241.4432, 547.3024, 1262.2776, 1263.0052]
18   	84680.61    	0.086   	0.9803  	[27.1, 27.1, 27.1, 27.1]	[front, right, front, back]	[1280.6756, 881.6630, 1283.9525, 1288.9653]
19   	77736.49    	0.078   	0.9858  	[27.1, 27.1, 27.1, 27.1]	[front, right, right, back]	[1310.3180, 1084.5412, 857.7188, 1317.7842]
20   	71530.05    	0.071   	0.9912  	[27.1, 27.1, 27.1, 27.1]	[front, right, right, back]	[1117.7017, 1172.5556, 583.6302, 1335.7896]
21   	66358.92    	0.064   	0.9967  	[27.1, 27.1, 27.1, 27.1]	[left, right, right, back]	[820.7741, 1022.3560, 462.0200, 1333.3498]
22   	61810.67    	0.059   	1.0000  	[27.1, 27.1, 27.1, 27.1]	[left, front, right, right]	[673.1490, 823.4452, 428.0822, 1046.0586]
23   	57396.75    	0.054   	1.0000  	[27.1, 27.1, 27.1, 27.1]	[left, front, right, right]	[630.5174, 675.1620, 417.3927, 877.6022]
24   	52931.89    	0.050   	1.0000  	[27.1, 27.1, 27.1, 27.1]	[left, front, right, right]	[614.6925, 628.9171, 413.8253, 821.1899]
25   	48571.06    	0.046   	1.0000  	[27.1, 27.1, 27.1, 27.1]	[left, front, hover, right]	[615.4889, 626.6230, 258.7260, 808.8833]
26   	44533.30    	0.042   	1.0000  	[27.1, 27.1, 27.1, 27.1]	[left, front, hover, right]	[616.7616, 634.1368, 134.9585, 807.3988]
27   	40708.78    	0.038   	1.0000  	[27.1, 27.1, 27.1, 27.1]	[hover, front, hover, right]	[386.4386, 675.1161, 60.4279, 819.7204]
28   	37386.26    	0.035   	1.0000  	[27.1, 27.1, 27.1, 27.1]	[hover, front, hover, back]	[196.4688, 759.3468, 29.4344, 603.1938]
29   	35244.47    	0.033   	1.0000  	[27.1, 27.1, 27.1, 27.1]	[hover, hover, hover, hover]	[87.6285, 447.6853, 17.1000, 328.9810]
30   	34154.11    	0.032   	1.0000  	[27.1, 27.1, 27.1, 27.1]	[hover, left, hover, hover]	[44.0858, 227.6815, 11.8491, 153.0649]
31   	33600.31    	0.032   	1.0000  	[27.1, 27.1, 27.1, 27.1]	[hover, left, hover, hover]	[26.0319, 122.2712, 9.6180, 68.6896]
32   	33241.91    	0.032   	1.0000  	[27.1, 27.1, 27.1, 27.1]	[back, left, down, left]	[19.4447, 91.5913, 8.8347, 38.8409]
33   	32926.45    	0.031   	1.0000  	[27.1, 27.1, 21.7, 27.1]	[hover, left, front, left]	[15.4483, 85.4471, 9.8582, 37.6044]
34   	32551.11    	0.031   	1.0000  	[27.1, 27.1, 21.7, 27.1]	[back, left, right, left]	[12.6028, 117.3004, 9.8136, 43.8606]
35   	31861.79    	0.030   	1.0000  	[27.1, 27.1, 21.7, 27.1]	[down, left, hover, left]	[11.8514, 380.8835, 8.7302, 55.3381]
36   	30923.98    	0.029   	1.0000  	[21.7, 27.1, 21.7, 27.1]	[left, left, hover, left]	[11.3627, 423.3514, 8.2079, 88.4840]
37   	30077.24    	0.028   	1.0000  	[21.7, 27.1, 21.7, 27.1]	[back, hover, hover, left]	[11.1225, 267.1314, 7.8135, 145.4423]
38   	29611.49    	0.028   	1.0000  	[21.7, 27.1, 21.7, 27.1]	[back, hover, hover, hover]	[11.7332, 129.5740, 7.4148, 82.6815]
39   	29407.02    	0.028   	1.0000  	[21.7, 27.1, 21.7, 27.1]	[hover, hover, left, hover]	[10.0863, 55.1574, 6.8792, 42.6909]
40   	29286.22    	0.027   	1.0000  	[21.7, 27.1, 21.7, 27.1]	[back, back, hover, hover]	[8.2241, 29.8809, 6.1605, 25.1785]
41   	29189.19    	0.027   	1.0000  	[21.7, 27.1, 21.7, 27.1]	[back, back, hover, hover]	[27.3235, 22.0426, 5.8024, 16.1743]
42   	28604.50    	0.026   	1.0000  	[21.7, 27.1, 21.7, 27.1]	[back, back, hover, front]	[755.4550, 21.7394, 5.1230, 13.0149]
43   	27867.83    	0.025   	1.0000  	[21.7, 27.1, 21.7, 27.1]	[back, back, right, front]	[794.0766, 20.4931, 5.1662, 11.8723]
44   	27362.01    	0.024   	1.0000  	[21.7, 27.1, 21.7, 27.1]	[right, back, hover, front]	[482.1731, 20.7545, 4.5822, 14.1982]
45   	26992.55    	0.024   	1.0000  	[21.7, 27.1, 21.7, 27.1]	[right, back, left, front]	[336.5941, 19.3490, 4.2888, 19.9932]
46   	26608.11    	0.023   	1.0000  	[21.7, 27.1, 21.7, 27.1]	[right, back, left, front]	[298.6367, 16.4625, 4.2076, 34.1865]
47   	26169.51    	0.023   	1.0000  	[21.7, 27.1, 21.7, 27.1]	[right, hover, left, front]	[291.3726, 10.7957, 7.1225, 58.7846]
48   	25674.84    	0.022   	1.0000  	[21.7, 27.1, 21.7, 27.1]	[right, hover, left, front]	[295.1399, 8.3196, 12.3133, 92.1042]
49   	25228.98    	0.022   	1.0000  	[21.7, 27.1, 21.7, 27.1]	[right, down, left, hover]	[314.8983, 7.5845, 18.8869, 51.6139]
50   	24758.90    	0.021   	1.0000  	[21.7, 21.7, 21.7, 27.1]	[right, left, left, hover]	[357.0525, 9.3429, 41.1638, 26.7866]
51   	24093.37    	0.020   	1.0000  	[21.7, 21.7, 21.7, 27.1]	[right, back, left, hover]	[456.1876, 9.6202, 98.3115, 14.8023]
52   	23418.93    	0.020   	1.0000  	[21.7, 21.7, 21.7, 27.1]	[hover, hover, left, hover]	[225.5292, 8.4000, 214.4299, 10.8996]
53   	23094.39    	0.019   	1.0000  	[21.7, 21.7, 21.7, 27.1]	[hover, hover, hover, hover]	[89.8710, 6.7942, 96.5264, 9.3026]
54   	22965.56    	0.019   	1.0000  	[21.7, 21.7, 21.7, 27.1]	[hover, down, hover, down]	[36.2816, 5.7772, 39.2496, 8.3705]
55   	22873.87    	0.019   	1.0000  	[21.7, 16.2, 21.7, 21.7]	[front, left, back, left]	[19.6930, 7.4420, 29.2460, 8.9958]
56   	22792.09    	0.019   	1.0000  	[21.7, 16.2, 21.7, 21.7]	[front, hover, back, front]	[17.2278, 6.5669, 26.5780, 9.3756]
57   	22665.48    	0.019   	1.0000  	[21.7, 16.2, 21.7, 21.7]	[hover, front, back, hover]	[13.8205, 5.2314, 55.7370, 7.7299]
58   	22443.76    	0.018   	1.0000  	[21.7, 16.2, 21.7, 21.7]	[hover, hover, back, hover]	[12.3292, 4.9822, 104.4836, 7.1292]
59   	22042.25    	0.018   	1.0000  	[21.7, 16.2, 21.7, 21.7]	[front, right, back, hover]	[10.2484, 3.9709, 198.3734, 5.8565]
60   	20880.16    	0.017   	1.0000  	[21.7, 16.2, 21.7, 21.7]	[front, up, back, hover]	[9.1896, 2.9735, 834.3930, 4.9949]
61   	18817.46    	0.015   	1.0000  	[21.7, 21.7, 21.7, 21.7]	[front, front, back, hover]	[17.5815, 3.9963, 1277.0082, 4.9299]
62   	16329.79    	0.013   	1.0000  	[21.7, 21.7, 21.7, 21.7]	[front, front, back, right]	[28.6848, 4.0563, 1462.5892, 4.4997]
63   	14467.83    	0.012   	1.0000  	[21.7, 21.7, 21.7, 21.7]	[front, front, right, left]	[46.5317, 3.8792, 953.0830, 4.2718]
64   	13004.89    	0.011   	1.0000  	[21.7, 21.7, 21.7, 21.7]	[front, front, right, right]	[95.2438, 4.8220, 688.3211, 3.5303]
65   	11704.88    	0.010   	1.0000  	[21.7, 21.7, 21.7, 21.7]	[front, front, right, hover]	[133.0936, 4.9469, 600.3899, 3.7963]
66   	10600.67    	0.009   	1.0000  	[21.7, 21.7, 21.7, 21.7]	[hover, front, right, hover]	[62.2863, 4.5147, 575.0302, 3.2493]
67   	9581.70     	0.008   	1.0000  	[21.7, 21.7, 21.7, 21.7]	[hover, front, right, hover]	[27.3264, 9.6501, 570.6415, 3.2168]
68   	8636.04     	0.008   	1.0000  	[21.7, 21.7, 21.7, 21.7]	[hover, front, right, hover]	[14.4954, 15.3020, 574.0039, 2.8306]
69   	7676.69     	0.007   	1.0000  	[21.7, 21.7, 21.7, 21.7]	[hover, hover, right, hover]	[10.1723, 9.4988, 587.2452, 3.1084]
70   	6723.63     	0.006   	1.0000  	[21.7, 21.7, 21.7, 21.7]	[hover, hover, right, hover]	[8.9871, 6.7124, 598.0134, 3.1779]
71   	6107.37     	0.006   	1.0000  	[21.7, 21.7, 21.7, 21.7]	[hover, hover, back, left]	[6.5378, 5.3879, 316.6953, 2.8089]
72   	5850.23     	0.005   	1.0000  	[21.7, 21.7, 21.7, 21.7]	[left, hover, back, hover]	[5.4689, 4.4516, 122.7513, 2.6655]
73   	5760.26     	0.005   	1.0000  	[21.7, 21.7, 21.7, 21.7]	[left, right, hover, hover]	[5.3310, 3.9186, 44.2806, 2.7803]
74   	5718.43     	0.005   	1.0000  	[21.7, 21.7, 21.7, 21.7]	[down, hover, hover, hover]	[5.1211, 3.1113, 18.9521, 2.5941]
75   	5697.05     	0.005   	1.0000  	[16.2, 21.7, 21.7, 21.7]	[front, right, hover, hover]	[4.9242, 3.1447, 9.9749, 2.3586]
76   	5684.04     	0.005   	1.0000  	[16.2, 21.7, 21.7, 21.7]	[right, left, down, hover]	[4.4174, 3.2192, 7.3631, 2.1606]
77   	5669.33     	0.005   	1.0000  	[16.2, 21.7, 16.2, 21.7]	[hover, left, right, right]	[4.1340, 2.9079, 9.5195, 2.5287]
78   	5658.88     	0.005   	1.0000  	[16.2, 21.7, 16.2, 21.7]	[hover, right, back, hover]	[4.3261, 2.3527, 7.8944, 2.3794]
79   	5646.34     	0.005   	1.0000  	[16.2, 21.7, 16.2, 21.7]	[hover, right, hover, hover]	[3.6204, 2.5826, 6.9631, 2.2924]
80   	5636.41     	0.005   	1.0000  	[16.2, 21.7, 16.2, 21.7]	[hover, right, hover, hover]	[4.0760, 2.3696, 6.2199, 2.1255]
81   	5625.34     	0.005   	1.0000  	[16.2, 21.7, 16.2, 21.7]	[hover, right, hover, hover]	[3.2222, 2.8380, 6.2709, 2.1321]
82   	5607.66     	0.005   	1.0000  	[16.2, 21.7, 16.2, 21.7]	[left, right, hover, right]	[3.0844, 6.6873, 5.1809, 1.6024]
83   	5582.24     	0.005   	1.0000  	[16.2, 21.7, 16.2, 21.7]	[hover, right, hover, right]	[2.3376, 11.7197, 3.9187, 1.4094]
84   	5543.54     	0.005   	1.0000  	[16.2, 21.7, 16.2, 21.7]	[hover, right, down, right]	[2.0594, 17.7213, 3.2600, 2.0216]
85   	5465.57     	0.005   	1.0000  	[16.2, 21.7, 10.8, 21.7]	[hover, right, up, right]	[2.4349, 38.6095, 2.1972, 2.9534]
86   	5346.32     	0.005   	1.0000  	[16.2, 21.7, 16.2, 21.7]	[hover, right, hover, right]	[2.8204, 58.4026, 2.4408, 4.2691]
87   	5282.76     	0.005   	1.0000  	[16.2, 21.7, 16.2, 21.7]	[right, hover, hover, right]	[2.3066, 27.6497, 1.9276, 7.9715]
88   	5206.44     	0.005   	1.0000  	[16.2, 21.7, 16.2, 21.7]	[down, hover, hover, right]	[2.2138, 14.5522, 2.3913, 25.5681]
89   	5165.18     	0.005   	1.0000  	[10.8, 21.7, 16.2, 21.7]	[front, down, hover, front]	[2.2584, 10.0235, 2.3160, 12.8643]
90   	5141.20     	0.005   	1.0000  	[10.8, 16.2, 16.2, 21.7]	[hover, right, hover, front]	[1.8003, 8.9669, 2.3363, 6.1272]
91   	5122.89     	0.005   	1.0000  	[10.8, 16.2, 16.2, 21.7]	[hover, front, hover, front]	[1.3213, 9.1076, 1.7395, 3.2135]
92   	5116.55     	0.005   	1.0000  	[10.8, 16.2, 16.2, 21.7]	[hover, hover, hover, down]	[1.1354, 5.8028, 1.4357, 1.8291]
93   	5110.37     	0.005   	1.0000  	[10.8, 16.2, 16.2, 16.2]	[hover, hover, down, right]	[0.7687, 5.1808, 1.1155, 1.7931]
94   	5105.11     	0.005   	1.0000  	[10.8, 16.2, 10.8, 16.2]	[right, back, front, back]	[0.6185, 4.4744, 1.1728, 1.7523]
95   	5098.15     	0.005   	1.0000  	[10.8, 16.2, 10.8, 16.2]	[right, back, right, down]	[0.9640, 6.4064, 1.6442, 1.6788]
96   	5087.03     	0.005   	1.0000  	[10.8, 16.2, 10.8, 10.8]	[up, back, front, right]	[1.7307, 7.3104, 1.6199, 1.5773]
97   	5073.18     	0.005   	1.0000  	[16.2, 16.2, 10.8, 10.8]	[back, back, hover, hover]	[1.4459, 7.7250, 1.1853, 1.1887]
98   	5058.15     	0.005   	1.0000  	[16.2, 16.2, 10.8, 10.8]	[back, back, hover, hover]	[1.5600, 9.2254, 1.2321, 0.5508]
99   	5044.72     	0.005   	1.0000  	[16.2, 16.2, 10.8, 10.8]	[back, back, hover, hover]	[1.7653, 7.6880, 1.1551, 0.4175]
[2025-12-18T14:55:35]
Strategy: greedy_ig
Pairwise: biased
News mode: IG
Num agents: 4
Iteration: 16
Error margin: None
Gaussian radius 5 
Grid info: range: 0-50-50, cell_size:0.125, map shape: (400, 400), center:True
init UAV positions: [(-10.0, -20.0, 5.4), (-10.0, 25.0, 5.4), (25.0, -20.0, 5.4), (15.0, 5.0, 5.4)]
mcts_params: {}
Step	Entropy	MSE	Coverage	Heights	Actions	IGs
------------------------------------------------------------------------------------------------------------------------
0    	160000.00   	0.250   	0.0000  	[5.4, 5.4, 5.4, 5.4]	[-, -, -, -]	[-, -, -, -]
1    	159063.46   	0.241   	0.0469  	[5.4, 5.4, 5.4, 5.4]	[up, up, up, up]	[3514.1024, 1952.2791, 1757.0512, 3904.5582]
2    	158050.54   	0.232   	0.1781  	[10.8, 10.8, 10.8, 10.8]	[up, up, left, up]	[2667.7266, 1885.2589, 1418.9847, 3782.4447]
3    	156955.96   	0.221   	0.3609  	[16.2, 16.2, 10.8, 16.2]	[up, up, up, up]	[2257.9489, 1783.4144, 1395.6685, 2958.7987]
4    	155809.57   	0.212   	0.5969  	[21.7, 21.7, 16.2, 21.7]	[front, back, left, left]	[2009.6759, 1759.8308, 1327.3754, 2276.2067]
5    	154506.04   	0.203   	0.6945  	[21.7, 21.7, 16.2, 21.7]	[front, back, front, up]	[1709.3370, 1624.6786, 1303.5492, 1989.8717]
6    	152660.83   	0.194   	0.8148  	[21.7, 21.7, 16.2, 27.1]	[up, back, up, left]	[1647.6747, 1537.1918, 1377.4747, 1815.2391]
7    	150168.45   	0.184   	0.9261  	[27.1, 21.7, 21.7, 27.1]	[front, up, left, left]	[1645.5356, 1571.0226, 1424.4349, 1567.9536]
8    	146764.07   	0.174   	0.9661  	[27.1, 27.1, 21.7, 27.1]	[front, back, front, left]	[1492.0498, 1598.8164, 1387.4733, 1408.5352]
9    	142519.50   	0.165   	0.9661  	[27.1, 27.1, 21.7, 27.1]	[front, back, left, left]	[1367.5940, 1487.0772, 1418.9319, 1357.8597]
10   	137667.85   	0.156   	0.9661  	[27.1, 27.1, 21.7, 27.1]	[front, back, front, left]	[1324.1959, 1351.3114, 1445.0960, 1333.4322]
11   	132406.15   	0.148   	0.9661  	[27.1, 27.1, 21.7, 27.1]	[front, back, front, left]	[1317.4204, 1307.2914, 1470.5554, 1322.4980]
12   	127125.14   	0.139   	0.9661  	[27.1, 27.1, 21.7, 27.1]	[front, back, front, back]	[1314.7338, 1306.5804, 1501.1974, 1243.1351]
13   	122073.26   	0.130   	0.9661  	[27.1, 27.1, 21.7, 27.1]	[front, back, front, back]	[1318.4171, 1306.3838, 1509.8956, 1248.8938]
14   	117144.92   	0.121   	0.9661  	[27.1, 27.1, 21.7, 27.1]	[right, back, front, back]	[1266.3875, 1305.6197, 1513.6533, 1279.2267]
15   	112127.29   	0.113   	0.9700  	[27.1, 27.1, 21.7, 27.1]	[right, back, front, back]	[1269.0798, 1306.8249, 1515.9773, 1308.6247]
16   	106739.25   	0.104   	0.9739  	[27.1, 27.1, 21.7, 27.1]	[right, right, front, left]	[1295.2108, 1252.3749, 1515.3278, 1148.4196]
17   	101405.10   	0.096   	0.9778  	[27.1, 27.1, 21.7, 27.1]	[right, right, front, back]	[1307.5410, 1246.4763, 1523.9558, 968.9242]
18   	95816.21    	0.089   	0.9903  	[27.1, 27.1, 21.7, 27.1]	[right, right, left, hover]	[1318.0416, 1273.9041, 1430.8243, 573.4380]
19   	89924.86    	0.082   	0.9903  	[27.1, 27.1, 21.7, 27.1]	[right, right, left, right]	[1318.9869, 1307.0213, 1472.5806, 302.3312]
20   	83670.38    	0.075   	0.9903  	[27.1, 27.1, 21.7, 27.1]	[back, right, left, right]	[1036.4868, 1326.4634, 1512.4641, 375.9623]
21   	77357.29    	0.068   	0.9903  	[27.1, 27.1, 21.7, 27.1]	[back, right, left, right]	[880.5789, 1324.0667, 1518.0452, 487.8411]
22   	70932.07    	0.062   	0.9903  	[27.1, 27.1, 21.7, 27.1]	[back, front, left, right]	[815.7979, 1036.8196, 1516.0507, 570.1068]
23   	64275.88    	0.056   	0.9903  	[27.1, 27.1, 21.7, 27.1]	[back, front, left, right]	[803.4687, 876.5685, 1524.5521, 611.8772]
24   	57386.82    	0.050   	0.9903  	[27.1, 27.1, 21.7, 27.1]	[back, front, left, right]	[815.6052, 812.4353, 1533.9889, 638.6920]
25   	51252.73    	0.045   	0.9903  	[27.1, 27.1, 21.7, 27.1]	[right, front, left, right]	[612.7277, 796.6952, 1523.2818, 458.6220]
26   	46095.25    	0.041   	0.9903  	[27.1, 27.1, 21.7, 27.1]	[hover, front, back, down]	[335.8310, 802.3984, 1435.0102, 307.5417]
27   	41534.67    	0.036   	0.9903  	[27.1, 27.1, 21.7, 21.7]	[up, front, back, right]	[175.8759, 818.9698, 1463.3819, 195.9616]
28   	37523.60    	0.033   	0.9997  	[32.5, 27.1, 21.7, 21.7]	[left, right, back, back]	[122.6710, 614.1358, 1491.7617, 139.7043]
29   	34011.35    	0.030   	1.0000  	[32.5, 27.1, 21.7, 21.7]	[hover, hover, back, hover]	[82.0890, 344.7279, 1523.9300, 65.3470]
30   	30842.10    	0.027   	1.0000  	[32.5, 27.1, 21.7, 21.7]	[hover, hover, back, hover]	[47.4338, 160.4901, 1541.4004, 33.5173]
31   	28032.63    	0.025   	1.0000  	[32.5, 27.1, 21.7, 21.7]	[hover, hover, back, down]	[26.0132, 73.6578, 1532.2831, 22.3084]
32   	25343.72    	0.023   	1.0000  	[32.5, 27.1, 21.7, 16.2]	[front, back, back, back]	[17.9105, 41.1409, 1533.2603, 22.6534]
33   	22991.79    	0.021   	1.0000  	[32.5, 27.1, 21.7, 16.2]	[front, back, back, right]	[26.7384, 39.5188, 1235.9742, 19.7029]
34   	21510.21    	0.020   	1.0000  	[32.5, 27.1, 21.7, 16.2]	[front, back, right, hover]	[38.5896, 45.4571, 576.4104, 12.0208]
35   	20683.67    	0.019   	1.0000  	[32.5, 27.1, 21.7, 16.2]	[front, back, left, hover]	[64.3278, 57.3647, 247.5199, 10.3734]
36   	20081.52    	0.019   	1.0000  	[32.5, 27.1, 21.7, 16.2]	[front, back, right, left]	[143.4476, 85.8263, 86.8556, 8.7748]
37   	19448.47    	0.018   	1.0000  	[32.5, 27.1, 21.7, 16.2]	[left, back, left, hover]	[119.8462, 140.7305, 48.0375, 7.5732]
38   	19041.70    	0.018   	1.0000  	[32.5, 27.1, 21.7, 16.2]	[left, hover, right, right]	[91.3905, 75.2956, 22.0885, 6.1760]
39   	18753.67    	0.017   	1.0000  	[32.5, 27.1, 21.7, 16.2]	[left, hover, right, left]	[71.0581, 39.8752, 22.0417, 5.7362]
40   	18516.40    	0.017   	1.0000  	[32.5, 27.1, 21.7, 16.2]	[left, hover, right, hover]	[68.2341, 23.8358, 15.4203, 4.7671]
41   	18305.02    	0.017   	1.0000  	[32.5, 27.1, 21.7, 16.2]	[left, hover, right, hover]	[76.7525, 17.4795, 9.3550, 4.8719]
42   	18167.89    	0.016   	1.0000  	[32.5, 27.1, 21.7, 16.2]	[hover, left, right, hover]	[45.9483, 14.0202, 7.8731, 4.5707]
43   	18082.12    	0.016   	1.0000  	[32.5, 27.1, 21.7, 16.2]	[hover, right, down, back]	[26.4128, 12.2088, 8.1463, 4.7350]
44   	18021.89    	0.016   	1.0000  	[32.5, 27.1, 16.2, 16.2]	[hover, left, back, hover]	[15.8496, 10.5358, 8.5885, 3.7360]
45   	17974.43    	0.016   	1.0000  	[32.5, 27.1, 16.2, 16.2]	[hover, left, down, hover]	[10.5936, 9.7287, 6.6344, 3.6506]
46   	17933.48    	0.016   	1.0000  	[32.5, 27.1, 10.8, 16.2]	[down, left, right, hover]	[8.3779, 10.3448, 4.9955, 3.1095]
47   	17874.10    	0.016   	1.0000  	[27.1, 27.1, 10.8, 16.2]	[front, left, back, left]	[10.5350, 15.7440, 4.3998, 2.8228]
48   	17764.28    	0.016   	1.0000  	[27.1, 27.1, 10.8, 16.2]	[left, left, right, left]	[11.7444, 27.8239, 3.3265, 5.8073]
49   	17567.45    	0.016   	1.0000  	[27.1, 27.1, 10.8, 16.2]	[hover, left, right, left]	[10.0344, 54.8264, 5.0198, 7.5693]
50   	17322.44    	0.015   	1.0000  	[27.1, 27.1, 10.8, 16.2]	[hover, left, right, left]	[8.9954, 91.6473, 2.9313, 9.0674]
51   	17180.46    	0.015   	1.0000  	[27.1, 27.1, 10.8, 16.2]	[hover, hover, right, left]	[8.2671, 47.8328, 2.9203, 10.3576]
52   	17097.35    	0.015   	1.0000  	[27.1, 27.1, 10.8, 16.2]	[hover, hover, hover, left]	[7.3708, 25.5177, 1.6845, 13.5621]
53   	17036.59    	0.015   	1.0000  	[27.1, 27.1, 10.8, 16.2]	[down, hover, hover, left]	[6.9220, 16.2548, 1.7874, 15.2141]
54   	16977.53    	0.015   	1.0000  	[21.7, 27.1, 10.8, 16.2]	[left, hover, hover, left]	[8.0624, 12.5995, 1.8757, 21.6843]
55   	16902.90    	0.015   	1.0000  	[21.7, 27.1, 10.8, 16.2]	[front, hover, left, left]	[7.9289, 11.3389, 0.9748, 37.6843]
56   	16681.57    	0.015   	1.0000  	[21.7, 27.1, 10.8, 16.2]	[hover, hover, left, left]	[6.7245, 10.2330, 0.8766, 159.1269]
57   	16548.40    	0.014   	1.0000  	[21.7, 27.1, 10.8, 16.2]	[hover, hover, left, front]	[6.8270, 9.2646, 1.1201, 92.8964]
58   	16457.81    	0.014   	1.0000  	[21.7, 27.1, 10.8, 16.2]	[hover, hover, left, front]	[6.0475, 7.9237, 1.6528, 57.7291]
59   	16379.29    	0.014   	1.0000  	[21.7, 27.1, 10.8, 16.2]	[hover, down, up, front]	[4.9836, 7.1198, 1.5793, 51.7196]
60   	16303.75    	0.014   	1.0000  	[21.7, 21.7, 16.2, 16.2]	[hover, left, front, front]	[4.9910, 10.1004, 1.3376, 47.2821]
61   	16232.16    	0.014   	1.0000  	[21.7, 21.7, 16.2, 16.2]	[back, front, front, front]	[4.0525, 9.4874, 1.5877, 45.2312]
62   	16057.73    	0.014   	1.0000  	[21.7, 21.7, 16.2, 16.2]	[back, front, front, front]	[3.8684, 8.5566, 2.3225, 132.3105]
63   	15782.48    	0.014   	1.0000  	[21.7, 21.7, 16.2, 16.2]	[back, front, left, front]	[4.2691, 9.4282, 1.3835, 208.0308]
64   	15452.61    	0.013   	1.0000  	[21.7, 21.7, 16.2, 16.2]	[back, front, front, front]	[5.6725, 8.5000, 1.0582, 275.6961]
65   	14963.13    	0.013   	1.0000  	[21.7, 21.7, 16.2, 16.2]	[back, hover, front, front]	[7.1082, 6.8142, 1.1677, 374.5622]
66   	14303.28    	0.013   	1.0000  	[21.7, 21.7, 16.2, 16.2]	[hover, back, front, front]	[6.2265, 6.8748, 2.6742, 515.9662]
67   	13110.08    	0.012   	1.0000  	[21.7, 21.7, 16.2, 16.2]	[back, back, right, front]	[5.9109, 6.9708, 2.6748, 1088.0531]
68   	12186.54    	0.011   	1.0000  	[21.7, 21.7, 16.2, 16.2]	[back, back, front, front]	[10.1331, 6.4879, 2.8635, 862.3041]
69   	11645.72    	0.010   	1.0000  	[21.7, 21.7, 16.2, 16.2]	[back, front, front, right]	[21.0355, 6.2073, 3.5198, 489.2548]
70   	11144.09    	0.010   	1.0000  	[21.7, 21.7, 16.2, 16.2]	[back, back, front, right]	[29.7242, 5.4082, 5.0984, 386.9214]
71   	10704.10    	0.009   	1.0000  	[21.7, 21.7, 16.2, 16.2]	[hover, hover, front, right]	[11.4414, 5.0591, 7.9314, 366.1474]
72   	10253.21    	0.009   	1.0000  	[21.7, 21.7, 16.2, 16.2]	[hover, front, up, right]	[5.1542, 3.5951, 20.6281, 372.4309]
73   	9506.24     	0.008   	1.0000  	[21.7, 21.7, 21.7, 16.2]	[hover, front, front, right]	[2.9926, 3.4361, 304.1069, 372.1918]
74   	8713.60     	0.007   	1.0000  	[21.7, 21.7, 21.7, 16.2]	[right, front, right, right]	[2.1188, 4.0480, 250.2415, 364.3023]
75   	7954.14     	0.007   	1.0000  	[21.7, 21.7, 21.7, 16.2]	[right, front, right, right]	[3.8809, 4.0990, 243.8526, 358.7053]
76   	7371.57     	0.006   	1.0000  	[21.7, 21.7, 21.7, 16.2]	[right, front, hover, right]	[10.4344, 5.4332, 101.0328, 358.6683]
77   	6795.55     	0.006   	1.0000  	[21.7, 21.7, 21.7, 16.2]	[right, front, hover, right]	[16.9506, 20.7612, 33.1683, 403.1678]
78   	6175.40     	0.005   	1.0000  	[21.7, 21.7, 21.7, 16.2]	[right, hover, left, right]	[18.0883, 9.1119, 13.2453, 460.2522]
79   	5775.38     	0.005   	1.0000  	[21.7, 21.7, 21.7, 16.2]	[right, hover, left, right]	[17.6530, 4.7062, 28.9468, 267.1475]
80   	5555.96     	0.005   	1.0000  	[21.7, 21.7, 21.7, 16.2]	[right, hover, left, hover]	[20.1129, 3.1795, 49.1071, 86.4515]
81   	5377.00     	0.005   	1.0000  	[21.7, 21.7, 21.7, 16.2]	[right, hover, left, back]	[21.3289, 2.5135, 62.8501, 30.5963]
82   	5201.03     	0.004   	1.0000  	[21.7, 21.7, 21.7, 16.2]	[right, hover, left, back]	[19.9164, 1.9310, 72.5182, 14.6315]
83   	5024.93     	0.004   	1.0000  	[21.7, 21.7, 21.7, 16.2]	[hover, hover, left, hover]	[15.7894, 1.3315, 82.7542, 7.2088]
84   	4788.71     	0.004   	1.0000  	[21.7, 21.7, 21.7, 16.2]	[down, hover, left, front]	[13.6111, 1.2856, 113.4516, 4.4288]
85   	4429.47     	0.004   	1.0000  	[16.2, 21.7, 21.7, 16.2]	[back, hover, left, front]	[17.7902, 1.4396, 186.4025, 8.4708]
86   	4250.12     	0.004   	1.0000  	[16.2, 21.7, 21.7, 16.2]	[hover, right, hover, down]	[13.2087, 1.3198, 85.8399, 2.3106]
87   	4171.99     	0.004   	1.0000  	[16.2, 21.7, 21.7, 10.8]	[right, right, hover, front]	[10.2157, 2.4462, 33.4626, 2.3383]
88   	4126.22     	0.004   	1.0000  	[16.2, 21.7, 21.7, 10.8]	[left, right, hover, back]	[10.2248, 7.8224, 13.9609, 2.3935]
89   	4089.52     	0.003   	1.0000  	[16.2, 21.7, 21.7, 10.8]	[hover, right, hover, right]	[9.4207, 10.0091, 6.6972, 1.2141]
90   	4047.92     	0.003   	1.0000  	[16.2, 21.7, 21.7, 10.8]	[left, right, back, hover]	[8.1955, 13.6942, 5.1037, 1.1642]
91   	4015.06     	0.003   	1.0000  	[16.2, 21.7, 21.7, 10.8]	[hover, right, hover, back]	[6.7658, 14.0870, 4.1171, 0.8149]
92   	3976.89     	0.003   	1.0000  	[16.2, 21.7, 21.7, 10.8]	[hover, right, hover, back]	[6.1486, 17.1066, 3.7666, 1.2087]
93   	3939.76     	0.003   	1.0000  	[16.2, 21.7, 21.7, 10.8]	[hover, right, back, back]	[6.2751, 17.5673, 3.0897, 1.2173]
94   	3906.72     	0.003   	1.0000  	[16.2, 21.7, 21.7, 10.8]	[right, right, back, up]	[5.6853, 16.8608, 3.4945, 1.2745]
95   	3878.82     	0.003   	1.0000  	[16.2, 21.7, 21.7, 16.2]	[hover, hover, back, down]	[6.7618, 13.1849, 5.1894, 0.6278]
96   	3855.28     	0.003   	1.0000  	[16.2, 21.7, 21.7, 10.8]	[hover, hover, back, right]	[6.0270, 9.8586, 5.0711, 0.8002]
97   	3839.32     	0.003   	1.0000  	[16.2, 21.7, 21.7, 10.8]	[hover, down, hover, hover]	[5.7828, 8.9465, 4.7096, 0.6979]
98   	3822.66     	0.003   	1.0000  	[16.2, 16.2, 21.7, 10.8]	[hover, front, hover, front]	[3.9310, 9.9814, 4.5096, 0.5293]
99   	3806.77     	0.003   	1.0000  	[16.2, 16.2, 21.7, 10.8]	[right, right, hover, front]	[4.0197, 10.2994, 4.0755, 0.3406]
[2025-12-18T14:55:47]
Strategy: greedy_ig
Pairwise: biased
News mode: IG
Num agents: 4
Iteration: 17
Error margin: None
Gaussian radius 5 
Grid info: range: 0-50-50, cell_size:0.125, map shape: (400, 400), center:True
init UAV positions: [(-5.0, -10.0, 5.4), (-5.0, 20.0, 5.4), (15.0, -25.0, 5.4), (20.0, 10.0, 5.4)]
mcts_params: {}
Step	Entropy	MSE	Coverage	Heights	Actions	IGs
------------------------------------------------------------------------------------------------------------------------
0    	160000.00   	0.250   	0.0000  	[5.4, 5.4, 5.4, 5.4]	[-, -, -, -]	[-, -, -, -]
1    	158915.91   	0.240   	0.0547  	[5.4, 5.4, 5.4, 5.4]	[up, up, up, up]	[3904.5582, 3514.1024, 1952.2791, 3514.1024]
2    	157747.18   	0.229   	0.2062  	[10.8, 10.8, 10.8, 10.8]	[up, up, up, up]	[3790.6593, 2667.6712, 1900.1437, 2668.0671]
3    	156430.26   	0.217   	0.4266  	[16.2, 16.2, 16.2, 16.2]	[up, up, front, up]	[3564.1983, 2262.1321, 1755.7248, 2276.6066]
4    	154764.79   	0.205   	0.6863  	[21.7, 21.7, 16.2, 21.7]	[up, back, front, left]	[2843.6657, 2015.3752, 1614.5172, 2023.9245]
5    	152458.34   	0.195   	0.8273  	[27.1, 21.7, 16.2, 21.7]	[front, back, up, left]	[2085.2389, 1726.7370, 1610.3349, 1724.3350]
6    	149363.30   	0.184   	0.8531  	[27.1, 21.7, 21.7, 21.7]	[front, up, front, up]	[1638.4745, 1740.0901, 1598.1676, 1654.0126]
7    	145267.77   	0.174   	0.9125  	[27.1, 27.1, 21.7, 27.1]	[front, back, front, left]	[1428.4439, 1729.3494, 1476.3280, 1651.2848]
8    	140422.57   	0.165   	0.9125  	[27.1, 27.1, 21.7, 27.1]	[front, back, left, left]	[1354.5991, 1559.8326, 1446.0076, 1501.4330]
9    	135341.88   	0.156   	0.9125  	[27.1, 27.1, 21.7, 27.1]	[front, back, left, left]	[1336.2432, 1406.3585, 1447.0714, 1376.7929]
10   	130140.51   	0.147   	0.9125  	[27.1, 27.1, 21.7, 27.1]	[front, back, left, left]	[1329.9975, 1347.7992, 1481.2022, 1330.9566]
11   	125145.03   	0.138   	0.9125  	[27.1, 27.1, 21.7, 27.1]	[left, back, left, left]	[1255.6575, 1331.9775, 1508.2320, 1312.6425]
12   	120369.76   	0.130   	0.9516  	[27.1, 27.1, 21.7, 27.1]	[left, back, left, left]	[949.4639, 1333.7310, 1525.8471, 1309.6891]
13   	115930.91   	0.122   	0.9672  	[27.1, 27.1, 21.7, 27.1]	[front, back, left, left]	[605.3305, 1345.0907, 1523.4865, 1311.8792]
14   	111616.08   	0.115   	0.9683  	[27.1, 27.1, 21.7, 27.1]	[hover, left, left, back]	[321.8391, 1266.1924, 1521.1664, 1258.0603]
15   	107186.77   	0.109   	0.9894  	[27.1, 27.1, 21.7, 27.1]	[right, back, left, back]	[162.4411, 954.0919, 1517.9988, 1262.6656]
16   	102159.76   	0.103   	0.9909  	[27.1, 27.1, 21.7, 27.1]	[right, left, front, back]	[155.7597, 698.2205, 1429.1335, 1285.5484]
17   	96450.92    	0.098   	1.0000  	[27.1, 27.1, 21.7, 27.1]	[right, hover, front, back]	[547.8669, 394.8261, 1453.2722, 1317.6907]
18   	90252.48    	0.091   	1.0000  	[27.1, 27.1, 21.7, 27.1]	[right, front, front, back]	[884.7504, 217.8753, 1510.9094, 1338.5486]
19   	83972.92    	0.085   	1.0000  	[27.1, 27.1, 21.7, 27.1]	[right, front, front, back]	[1087.3337, 172.4003, 1532.2017, 1341.1771]
20   	78132.20    	0.079   	1.0000  	[27.1, 27.1, 21.7, 27.1]	[right, front, front, right]	[1171.6041, 177.1174, 1542.0697, 1050.5507]
21   	72753.73    	0.072   	1.0000  	[27.1, 27.1, 21.7, 27.1]	[right, front, up, right]	[1012.8467, 189.1898, 1559.7848, 882.5377]
22   	67572.92    	0.066   	1.0000  	[27.1, 27.1, 27.1, 27.1]	[back, front, front, right]	[809.1025, 194.3778, 1560.8967, 818.5738]
23   	62700.76    	0.061   	1.0000  	[27.1, 27.1, 27.1, 27.1]	[back, front, front, right]	[667.6808, 199.4547, 1466.1273, 806.8638]
24   	58393.40    	0.056   	1.0000  	[27.1, 27.1, 27.1, 27.1]	[back, front, right, right]	[622.4831, 174.2710, 1171.1364, 812.2771]
25   	54490.38    	0.051   	1.0000  	[27.1, 27.1, 27.1, 27.1]	[back, hover, right, right]	[612.0276, 99.4091, 1075.2714, 700.1323]
26   	51089.56    	0.047   	1.0000  	[27.1, 27.1, 27.1, 27.1]	[back, hover, right, back]	[619.6360, 48.3971, 1054.7630, 508.0086]
27   	48127.44    	0.044   	1.0000  	[27.1, 27.1, 27.1, 27.1]	[back, hover, right, hover]	[654.3777, 22.1652, 1059.3783, 281.0834]
28   	45362.47    	0.040   	1.0000  	[27.1, 27.1, 27.1, 27.1]	[back, down, right, hover]	[741.3973, 11.9981, 1068.6310, 137.2667]
29   	43056.51    	0.037   	1.0000  	[27.1, 21.7, 27.1, 27.1]	[hover, front, right, hover]	[442.1363, 10.5704, 1083.0269, 68.3941]
30   	41443.06    	0.035   	1.0000  	[27.1, 21.7, 27.1, 27.1]	[left, left, right, left]	[227.3284, 10.3430, 745.3046, 40.8580]
31   	40573.45    	0.034   	1.0000  	[27.1, 21.7, 27.1, 27.1]	[left, back, down, left]	[123.0321, 7.0027, 511.1392, 39.0761]
32   	39933.72    	0.034   	1.0000  	[27.1, 21.7, 21.7, 27.1]	[left, hover, right, left]	[93.8412, 6.0389, 309.2031, 45.1911]
33   	39359.94    	0.033   	1.0000  	[27.1, 21.7, 21.7, 27.1]	[left, back, front, left]	[86.2391, 4.7607, 226.7286, 54.9296]
34   	38778.17    	0.032   	1.0000  	[27.1, 21.7, 21.7, 27.1]	[left, back, hover, left]	[118.2843, 5.7179, 99.9350, 83.7345]
35   	37934.38    	0.031   	1.0000  	[27.1, 21.7, 21.7, 27.1]	[left, back, hover, left]	[380.6662, 8.6130, 49.5572, 137.8821]
36   	36933.05    	0.030   	1.0000  	[27.1, 21.7, 21.7, 27.1]	[left, back, left, left]	[420.9872, 11.3215, 28.3851, 259.6682]
37   	36096.67    	0.029   	1.0000  	[27.1, 21.7, 21.7, 27.1]	[hover, back, hover, front]	[258.9115, 10.3770, 19.0077, 194.8215]
38   	35541.55    	0.028   	1.0000  	[27.1, 21.7, 21.7, 27.1]	[hover, back, left, front]	[126.0797, 16.9187, 14.8873, 123.6865]
39   	35193.65    	0.028   	1.0000  	[27.1, 21.7, 21.7, 27.1]	[hover, back, left, front]	[54.0091, 31.5420, 13.7049, 84.8586]
40   	34823.89    	0.028   	1.0000  	[27.1, 21.7, 21.7, 27.1]	[front, back, left, front]	[29.8002, 71.4193, 15.4504, 77.4504]
41   	34479.45    	0.027   	1.0000  	[27.1, 21.7, 21.7, 27.1]	[front, right, left, front]	[22.2084, 37.2908, 16.1537, 91.0581]
42   	34066.19    	0.027   	1.0000  	[27.1, 21.7, 21.7, 27.1]	[front, right, left, front]	[20.1124, 32.9558, 22.8185, 117.3730]
43   	33443.25    	0.026   	1.0000  	[27.1, 21.7, 21.7, 27.1]	[front, right, left, front]	[20.7933, 80.9209, 41.9356, 152.1515]
44   	32614.47    	0.026   	1.0000  	[27.1, 21.7, 21.7, 27.1]	[front, right, left, hover]	[20.8634, 230.8377, 92.2428, 87.4021]
45   	30860.20    	0.024   	1.0000  	[27.1, 21.7, 21.7, 27.1]	[front, right, left, hover]	[21.6704, 800.0330, 229.4867, 46.0198]
46   	28706.95    	0.023   	1.0000  	[27.1, 21.7, 21.7, 27.1]	[front, right, hover, hover]	[20.0386, 1183.6980, 94.0850, 24.4856]
47   	26334.73    	0.021   	1.0000  	[27.1, 21.7, 21.7, 27.1]	[hover, right, back, down]	[13.6495, 1349.0832, 37.9790, 15.8824]
48   	23949.62    	0.019   	1.0000  	[27.1, 21.7, 21.7, 21.7]	[down, right, back, front]	[9.9413, 1401.0488, 35.1378, 18.0897]
49   	21805.56    	0.017   	1.0000  	[21.7, 21.7, 21.7, 21.7]	[left, right, back, left]	[11.1670, 1149.1973, 51.7093, 17.6206]
50   	19974.13    	0.016   	1.0000  	[21.7, 21.7, 21.7, 21.7]	[front, front, back, hover]	[13.1139, 950.1917, 86.5223, 14.3069]
51   	18255.50    	0.015   	1.0000  	[21.7, 21.7, 21.7, 21.7]	[hover, front, back, hover]	[10.7372, 865.5903, 118.8193, 10.7368]
52   	16520.74    	0.013   	1.0000  	[21.7, 21.7, 21.7, 21.7]	[hover, front, back, right]	[8.7285, 859.8842, 149.2292, 9.1379]
53   	14642.85    	0.012   	1.0000  	[21.7, 21.7, 21.7, 21.7]	[right, front, back, hover]	[6.9388, 869.4892, 192.2518, 8.7489]
54   	12694.33    	0.010   	1.0000  	[21.7, 21.7, 21.7, 21.7]	[left, front, back, hover]	[6.1675, 867.3762, 259.5132, 7.6937]
55   	10995.71    	0.009   	1.0000  	[21.7, 21.7, 21.7, 21.7]	[right, front, hover, back]	[5.8745, 872.6134, 118.5017, 6.1832]
56   	9432.55     	0.008   	1.0000  	[21.7, 21.7, 21.7, 21.7]	[right, front, hover, hover]	[4.9096, 889.5275, 41.1923, 5.7028]
57   	7899.01     	0.007   	1.0000  	[21.7, 21.7, 21.7, 21.7]	[right, front, hover, back]	[4.6491, 905.6737, 15.5688, 5.3610]
58   	6574.98     	0.006   	1.0000  	[21.7, 21.7, 21.7, 21.7]	[right, front, hover, back]	[5.2680, 757.3737, 8.5198, 5.6235]
59   	5825.83     	0.005   	1.0000  	[21.7, 21.7, 21.7, 21.7]	[right, hover, hover, back]	[11.8786, 362.8108, 5.8495, 7.4184]
60   	5504.03     	0.005   	1.0000  	[21.7, 21.7, 21.7, 21.7]	[right, hover, front, back]	[20.9865, 130.6145, 4.0929, 7.9603]
61   	5340.77     	0.005   	1.0000  	[21.7, 21.7, 21.7, 21.7]	[right, hover, front, left]	[31.7635, 41.8842, 3.4701, 10.4790]
62   	5181.14     	0.005   	1.0000  	[21.7, 21.7, 21.7, 21.7]	[right, down, front, back]	[61.2961, 17.5771, 3.1451, 11.2709]
63   	4980.77     	0.004   	1.0000  	[21.7, 16.2, 21.7, 21.7]	[right, front, front, back]	[80.5284, 16.7711, 4.0041, 15.8207]
64   	4835.77     	0.004   	1.0000  	[21.7, 16.2, 21.7, 21.7]	[hover, right, front, back]	[34.7268, 10.7961, 4.5724, 33.6991]
65   	4726.51     	0.004   	1.0000  	[21.7, 16.2, 21.7, 21.7]	[hover, hover, front, back]	[16.3252, 6.9079, 6.2126, 35.6876]
66   	4674.59     	0.004   	1.0000  	[21.7, 16.2, 21.7, 21.7]	[down, down, front, hover]	[10.2351, 4.9853, 7.6789, 15.4949]
67   	4606.46     	0.004   	1.0000  	[16.2, 10.8, 21.7, 21.7]	[right, left, front, hover]	[13.9889, 4.1849, 16.5547, 8.7826]
68   	4571.63     	0.004   	1.0000  	[16.2, 10.8, 21.7, 21.7]	[hover, left, hover, hover]	[9.6212, 2.4710, 7.9702, 6.8475]
69   	4548.60     	0.004   	1.0000  	[16.2, 10.8, 21.7, 21.7]	[hover, up, down, down]	[8.2227, 2.2501, 6.1952, 6.0870]
70   	4528.60     	0.004   	1.0000  	[16.2, 16.2, 16.2, 16.2]	[hover, back, front, left]	[5.9315, 2.5630, 6.3367, 6.3441]
71   	4512.08     	0.004   	1.0000  	[16.2, 16.2, 16.2, 16.2]	[front, left, left, hover]	[4.7377, 3.0194, 5.4141, 5.0126]
72   	4496.74     	0.004   	1.0000  	[16.2, 16.2, 16.2, 16.2]	[back, back, hover, hover]	[4.3576, 3.6542, 4.4216, 4.9386]
73   	4481.49     	0.004   	1.0000  	[16.2, 16.2, 16.2, 16.2]	[front, back, back, front]	[2.9851, 5.2393, 3.2672, 5.3940]
74   	4471.96     	0.004   	1.0000  	[16.2, 16.2, 16.2, 16.2]	[left, hover, hover, down]	[2.8045, 4.6306, 2.4057, 5.1750]
75   	4464.31     	0.004   	1.0000  	[16.2, 16.2, 16.2, 10.8]	[hover, hover, hover, front]	[2.2626, 3.6660, 2.3457, 4.0317]
76   	4456.88     	0.004   	1.0000  	[16.2, 16.2, 16.2, 10.8]	[right, left, hover, left]	[2.3959, 3.5834, 2.5435, 3.9163]
77   	4447.36     	0.004   	1.0000  	[16.2, 16.2, 16.2, 10.8]	[left, left, back, hover]	[2.1973, 4.2875, 1.6360, 4.7124]
78   	4438.27     	0.004   	1.0000  	[16.2, 16.2, 16.2, 10.8]	[left, hover, hover, hover]	[1.9316, 3.5899, 1.9336, 4.4261]
79   	4432.24     	0.004   	1.0000  	[16.2, 16.2, 16.2, 10.8]	[left, right, hover, hover]	[2.0479, 2.1951, 1.7053, 3.7780]
80   	4425.88     	0.004   	1.0000  	[16.2, 16.2, 16.2, 10.8]	[hover, down, hover, up]	[2.2315, 2.0833, 1.9118, 1.7081]
81   	4419.73     	0.004   	1.0000  	[16.2, 10.8, 16.2, 16.2]	[back, back, hover, back]	[2.0069, 1.8977, 2.1738, 1.6944]
82   	4414.19     	0.004   	1.0000  	[16.2, 10.8, 16.2, 16.2]	[back, back, right, back]	[2.2345, 1.3669, 1.3963, 2.2416]
83   	4405.78     	0.004   	1.0000  	[16.2, 10.8, 16.2, 16.2]	[hover, up, front, right]	[2.0959, 2.2279, 1.3661, 2.7299]
84   	4394.98     	0.004   	1.0000  	[16.2, 16.2, 16.2, 16.2]	[back, back, front, up]	[2.2398, 4.4104, 1.4996, 1.9593]
85   	4383.56     	0.004   	1.0000  	[16.2, 16.2, 16.2, 21.7]	[back, back, back, right]	[2.5555, 4.9809, 0.7525, 2.4282]
86   	4373.71     	0.004   	1.0000  	[16.2, 16.2, 16.2, 21.7]	[back, back, right, hover]	[2.7003, 5.1755, 0.6891, 2.2167]
87   	4359.83     	0.004   	1.0000  	[16.2, 16.2, 16.2, 21.7]	[right, back, right, hover]	[2.4198, 7.6304, 1.4620, 2.0143]
88   	4344.03     	0.004   	1.0000  	[16.2, 16.2, 16.2, 21.7]	[up, back, right, hover]	[3.3643, 7.4612, 1.6074, 1.9741]
89   	4315.63     	0.004   	1.0000  	[21.7, 16.2, 16.2, 21.7]	[back, up, right, front]	[5.9922, 8.4201, 1.7171, 1.6278]
90   	4271.74     	0.004   	1.0000  	[21.7, 21.7, 16.2, 21.7]	[back, right, right, front]	[8.9470, 14.2707, 3.1518, 1.6732]
91   	4177.54     	0.003   	1.0000  	[21.7, 21.7, 16.2, 21.7]	[back, right, right, front]	[15.7678, 35.1315, 3.2629, 2.1197]
92   	4004.61     	0.003   	1.0000  	[21.7, 21.7, 16.2, 21.7]	[up, right, right, front]	[24.5944, 55.8303, 4.8470, 2.1714]
93   	3833.78     	0.003   	1.0000  	[27.1, 21.7, 16.2, 21.7]	[back, hover, right, front]	[36.0640, 23.3869, 5.3966, 2.1414]
94   	3759.58     	0.003   	1.0000  	[27.1, 21.7, 16.2, 21.7]	[hover, hover, front, right]	[16.6517, 9.7946, 7.9715, 2.7888]
95   	3716.71     	0.003   	1.0000  	[27.1, 21.7, 16.2, 21.7]	[hover, hover, right, up]	[9.2374, 6.5211, 9.2443, 2.5141]
96   	3687.40     	0.003   	1.0000  	[27.1, 21.7, 16.2, 27.1]	[down, down, right, front]	[7.2995, 5.5505, 9.9366, 2.8579]
97   	3664.83     	0.003   	1.0000  	[21.7, 16.2, 16.2, 27.1]	[back, right, hover, right]	[8.5921, 6.2592, 5.4881, 2.7362]
98   	3646.07     	0.003   	1.0000  	[21.7, 16.2, 16.2, 27.1]	[right, down, left, hover]	[9.6068, 5.7054, 3.9227, 2.5737]
99   	3629.91     	0.003   	1.0000  	[21.7, 10.8, 16.2, 27.1]	[hover, right, right, hover]	[8.7903, 4.1260, 3.2084, 2.4400]
[2025-12-18T14:55:59]
Strategy: greedy_ig
Pairwise: biased
News mode: IG
Num agents: 4
Iteration: 18
Error margin: None
Gaussian radius 5 
Grid info: range: 0-50-50, cell_size:0.125, map shape: (400, 400), center:True
init UAV positions: [(-20.0, -20.0, 5.4), (-15.0, 0.0, 5.4), (25.0, -25.0, 5.4), (25.0, 25.0, 5.4)]
mcts_params: {}
Step	Entropy	MSE	Coverage	Heights	Actions	IGs
------------------------------------------------------------------------------------------------------------------------
0    	160000.00   	0.250   	0.0000  	[5.4, 5.4, 5.4, 5.4]	[-, -, -, -]	[-, -, -, -]
1    	159241.64   	0.243   	0.0391  	[5.4, 5.4, 5.4, 5.4]	[up, up, up, up]	[3162.6921, 3904.5582, 976.1395, 976.1395]
2    	158445.54   	0.235   	0.1444  	[10.8, 10.8, 10.8, 10.8]	[up, up, up, up]	[1829.6626, 3799.3315, 949.1727, 945.6309]
3    	157460.34   	0.228   	0.2936  	[16.2, 16.2, 16.2, 16.2]	[front, up, up, up]	[1444.7773, 2996.7616, 902.3715, 886.8756]
4    	156460.57   	0.221   	0.4219  	[16.2, 21.7, 21.7, 21.7]	[right, right, front, left]	[1395.4782, 2308.5335, 888.7515, 866.9070]
5    	155263.67   	0.214   	0.5000  	[16.2, 21.7, 21.7, 21.7]	[up, up, left, back]	[1458.7931, 1995.3892, 913.5390, 913.2310]
6    	153869.41   	0.207   	0.6320  	[21.7, 27.1, 21.7, 21.7]	[front, right, left, back]	[1475.0195, 1817.1698, 944.0273, 941.0698]
7    	152488.16   	0.199   	0.7086  	[21.7, 27.1, 21.7, 21.7]	[right, right, front, left]	[1456.8384, 1571.9880, 1047.1399, 1053.6243]
8    	151034.90   	0.192   	0.7797  	[21.7, 27.1, 21.7, 21.7]	[right, right, front, back]	[1415.5045, 1406.7403, 1102.9338, 1123.3234]
9    	149243.03   	0.185   	0.8367  	[21.7, 27.1, 21.7, 21.7]	[right, right, left, left]	[1433.8213, 1345.5455, 1211.0056, 1239.4381]
10   	146945.58   	0.178   	0.8727  	[21.7, 27.1, 21.7, 21.7]	[right, right, front, back]	[1456.6989, 1341.2476, 1292.8959, 1302.9071]
11   	143991.61   	0.170   	0.8945  	[21.7, 27.1, 21.7, 21.7]	[right, right, left, left]	[1459.4639, 1349.9576, 1413.9596, 1417.0607]
12   	140773.23   	0.162   	0.9062  	[21.7, 27.1, 21.7, 21.7]	[right, front, left, left]	[1453.3480, 1271.4144, 1447.5483, 1464.6836]
13   	137436.56   	0.154   	0.9250  	[21.7, 27.1, 21.7, 21.7]	[right, front, left, left]	[1443.7678, 1268.4860, 1497.2437, 1490.6201]
14   	134030.10   	0.146   	0.9359  	[21.7, 27.1, 21.7, 21.7]	[right, front, left, left]	[1434.4423, 1290.7093, 1515.1678, 1508.7620]
15   	130732.21   	0.138   	0.9414  	[21.7, 27.1, 21.7, 21.7]	[right, right, left, left]	[1442.0984, 1140.9442, 1519.0339, 1507.1097]
16   	127519.66   	0.131   	0.9531  	[21.7, 27.1, 21.7, 21.7]	[front, hover, left, left]	[1430.1098, 697.6067, 1518.8480, 1510.5284]
17   	124458.04   	0.125   	0.9648  	[21.7, 27.1, 21.7, 21.7]	[front, hover, left, left]	[1445.4690, 345.7122, 1528.0504, 1514.7483]
18   	121491.20   	0.119   	0.9766  	[21.7, 27.1, 21.7, 21.7]	[front, back, left, left]	[1476.4833, 165.6605, 1531.7276, 1534.2125]
19   	118493.90   	0.113   	0.9883  	[21.7, 27.1, 21.7, 21.7]	[front, back, left, left]	[1511.6703, 164.2322, 1532.5674, 1546.1230]
20   	114711.76   	0.107   	1.0000  	[21.7, 27.1, 21.7, 21.7]	[front, back, front, back]	[1531.5779, 220.7237, 1445.0460, 1448.2841]
21   	109773.16   	0.100   	1.0000  	[21.7, 27.1, 21.7, 21.7]	[front, back, front, back]	[1522.8405, 622.5695, 1454.7160, 1473.0977]
22   	103811.85   	0.093   	1.0000  	[21.7, 27.1, 21.7, 21.7]	[front, back, front, back]	[1522.8943, 959.1623, 1490.5193, 1513.4735]
23   	97351.86    	0.085   	1.0000  	[21.7, 27.1, 21.7, 21.7]	[front, back, front, back]	[1534.7314, 1162.2774, 1521.3384, 1529.2560]
24   	90853.21    	0.078   	1.0000  	[21.7, 27.1, 21.7, 21.7]	[left, left, front, back]	[1440.2970, 837.3278, 1546.9237, 1526.0118]
25   	84576.18    	0.071   	1.0000  	[21.7, 27.1, 21.7, 21.7]	[left, left, front, back]	[1459.3530, 582.0410, 1535.1635, 1540.6769]
26   	78545.67    	0.064   	1.0000  	[21.7, 27.1, 21.7, 21.7]	[left, left, front, back]	[1479.7624, 463.3040, 1526.6204, 1526.9044]
27   	72495.84    	0.058   	1.0000  	[21.7, 27.1, 21.7, 21.7]	[left, left, front, back]	[1505.0267, 423.2237, 1531.4355, 1518.0751]
28   	65606.53    	0.051   	1.0000  	[21.7, 27.1, 21.7, 21.7]	[left, left, right, right]	[1513.1979, 421.1625, 1436.1558, 1425.7753]
29   	57805.49    	0.045   	1.0000  	[21.7, 27.1, 21.7, 21.7]	[left, left, right, right]	[1521.3067, 438.4564, 1452.9116, 1460.7957]
30   	49904.77    	0.039   	1.0000  	[21.7, 27.1, 21.7, 21.7]	[left, left, right, right]	[1521.9947, 325.2234, 1481.7438, 1491.9085]
31   	42562.37    	0.033   	1.0000  	[21.7, 27.1, 21.7, 21.7]	[left, hover, right, right]	[1234.6341, 172.8238, 1496.9043, 1513.1083]
32   	36253.67    	0.028   	1.0000  	[21.7, 27.1, 21.7, 21.7]	[front, hover, right, right]	[812.8675, 81.8893, 1515.8080, 1518.8296]
33   	30559.23    	0.024   	1.0000  	[21.7, 27.1, 21.7, 21.7]	[hover, hover, right, right]	[385.5847, 37.4084, 1533.1121, 1533.5496]
34   	25323.42    	0.019   	1.0000  	[21.7, 27.1, 21.7, 21.7]	[hover, down, right, right]	[149.8667, 20.5412, 1535.7499, 1547.1661]
35   	20510.84    	0.015   	1.0000  	[21.7, 21.7, 21.7, 21.7]	[back, back, right, right]	[106.8014, 20.8137, 1537.8684, 1547.0965]
36   	17562.38    	0.013   	1.0000  	[21.7, 21.7, 21.7, 21.7]	[up, left, hover, hover]	[71.7769, 21.3691, 797.8916, 793.3005]
37   	16282.53    	0.012   	1.0000  	[27.1, 21.7, 21.7, 21.7]	[right, hover, hover, front]	[56.3868, 15.2560, 298.6343, 316.4497]
38   	15727.25    	0.012   	1.0000  	[27.1, 21.7, 21.7, 21.7]	[right, hover, back, back]	[52.8172, 11.7869, 115.6725, 116.1436]
39   	15449.88    	0.012   	1.0000  	[27.1, 21.7, 21.7, 21.7]	[right, hover, front, front]	[52.6978, 8.9553, 37.6996, 45.0149]
40   	15243.47    	0.011   	1.0000  	[27.1, 21.7, 21.7, 21.7]	[right, hover, back, back]	[55.0320, 6.6881, 20.9967, 22.0638]
41   	15045.76    	0.011   	1.0000  	[27.1, 21.7, 21.7, 21.7]	[right, hover, back, front]	[59.8463, 4.9421, 12.9165, 14.6202]
42   	14806.70    	0.011   	1.0000  	[27.1, 21.7, 21.7, 21.7]	[right, right, back, hover]	[76.9243, 4.3899, 7.8314, 8.6440]
43   	14449.27    	0.011   	1.0000  	[27.1, 21.7, 21.7, 21.7]	[right, right, hover, front]	[115.5773, 4.1164, 5.8690, 7.7518]
44   	13949.06    	0.010   	1.0000  	[27.1, 21.7, 21.7, 21.7]	[right, right, hover, back]	[252.0377, 8.3115, 5.2351, 5.6510]
45   	13410.34    	0.010   	1.0000  	[27.1, 21.7, 21.7, 21.7]	[hover, right, left, back]	[180.9913, 11.0252, 4.7826, 5.9454]
46   	13052.30    	0.010   	1.0000  	[27.1, 21.7, 21.7, 21.7]	[back, right, hover, back]	[106.4024, 13.3944, 3.9271, 5.3057]
47   	12824.97    	0.009   	1.0000  	[27.1, 21.7, 21.7, 21.7]	[back, right, hover, back]	[68.2473, 24.0447, 2.9837, 4.4319]
48   	12586.65    	0.009   	1.0000  	[27.1, 21.7, 21.7, 21.7]	[back, right, up, hover]	[59.3501, 41.4316, 2.7236, 4.0818]
49   	12282.96    	0.009   	1.0000  	[27.1, 21.7, 27.1, 21.7]	[back, right, back, hover]	[57.3807, 92.0255, 3.0379, 3.8794]
50   	11921.80    	0.009   	1.0000  	[27.1, 21.7, 27.1, 21.7]	[back, right, back, hover]	[63.5137, 152.4347, 2.9390, 3.2982]
51   	11599.08    	0.008   	1.0000  	[27.1, 21.7, 27.1, 21.7]	[back, hover, back, hover]	[81.0139, 69.3367, 3.3536, 2.6982]
52   	11274.75    	0.008   	1.0000  	[27.1, 21.7, 27.1, 21.7]	[back, hover, down, hover]	[90.5420, 29.1429, 3.3766, 2.4982]
53   	11099.43    	0.008   	1.0000  	[27.1, 21.7, 21.7, 21.7]	[hover, hover, back, back]	[46.1627, 15.5911, 3.7584, 2.5009]
54   	11016.84    	0.008   	1.0000  	[27.1, 21.7, 21.7, 21.7]	[hover, front, right, hover]	[22.4232, 11.0005, 3.6768, 2.4856]
55   	10972.58    	0.008   	1.0000  	[27.1, 21.7, 21.7, 21.7]	[hover, back, left, hover]	[12.1559, 9.7511, 3.0602, 2.0156]
56   	10949.85    	0.008   	1.0000  	[27.1, 21.7, 21.7, 21.7]	[hover, down, hover, hover]	[7.7968, 8.9249, 2.8223, 1.7685]
57   	10935.98    	0.008   	1.0000  	[27.1, 16.2, 21.7, 21.7]	[down, right, hover, hover]	[6.4063, 10.0396, 2.5384, 1.4464]
58   	10918.91    	0.008   	1.0000  	[21.7, 16.2, 21.7, 21.7]	[right, back, right, left]	[7.8230, 8.5742, 1.8372, 1.3037]
59   	10900.86    	0.008   	1.0000  	[21.7, 16.2, 21.7, 21.7]	[back, hover, left, left]	[7.4517, 7.5243, 1.7198, 1.3840]
60   	10890.15    	0.008   	1.0000  	[21.7, 16.2, 21.7, 21.7]	[down, hover, hover, left]	[5.6457, 7.8486, 1.7023, 1.7471]
61   	10875.27    	0.008   	1.0000  	[16.2, 16.2, 21.7, 21.7]	[right, hover, right, left]	[5.6567, 6.6219, 1.5762, 2.3668]
62   	10852.29    	0.008   	1.0000  	[16.2, 16.2, 21.7, 21.7]	[back, hover, back, left]	[6.2253, 5.1970, 1.8603, 6.6143]
63   	10804.87    	0.008   	1.0000  	[16.2, 16.2, 21.7, 21.7]	[hover, left, down, left]	[5.8923, 4.6839, 2.0062, 15.3236]
64   	10720.99    	0.008   	1.0000  	[16.2, 16.2, 16.2, 21.7]	[hover, hover, right, left]	[4.5703, 4.1765, 2.7488, 34.1871]
65   	10546.28    	0.008   	1.0000  	[16.2, 16.2, 16.2, 21.7]	[hover, right, hover, left]	[3.6437, 3.6641, 2.5983, 108.4560]
66   	10464.69    	0.008   	1.0000  	[16.2, 16.2, 16.2, 21.7]	[hover, down, hover, front]	[3.3143, 3.3689, 2.4528, 46.6020]
67   	10430.92    	0.007   	1.0000  	[16.2, 10.8, 16.2, 21.7]	[hover, right, back, front]	[2.5771, 3.3752, 1.7768, 18.5443]
68   	10414.39    	0.007   	1.0000  	[16.2, 10.8, 16.2, 21.7]	[down, back, back, front]	[2.1682, 3.0917, 1.3970, 10.1675]
69   	10403.26    	0.007   	1.0000  	[10.8, 10.8, 16.2, 21.7]	[right, hover, back, hover]	[3.5362, 1.2635, 1.3240, 7.0773]
70   	10395.48    	0.007   	1.0000  	[10.8, 10.8, 16.2, 21.7]	[back, left, hover, front]	[1.8216, 0.9429, 1.2653, 5.9764]
71   	10388.49    	0.007   	1.0000  	[10.8, 10.8, 16.2, 21.7]	[hover, left, hover, front]	[0.9490, 1.3318, 1.0162, 6.5193]
72   	10379.49    	0.007   	1.0000  	[10.8, 10.8, 16.2, 21.7]	[hover, left, hover, front]	[0.5856, 1.7510, 1.2577, 6.9288]
73   	10369.69    	0.007   	1.0000  	[10.8, 10.8, 16.2, 21.7]	[hover, left, down, front]	[0.8990, 1.9667, 0.7332, 8.8490]
74   	10355.28    	0.007   	1.0000  	[10.8, 10.8, 10.8, 21.7]	[hover, left, right, front]	[0.7333, 1.6051, 0.7299, 10.6826]
75   	10334.96    	0.007   	1.0000  	[10.8, 10.8, 10.8, 21.7]	[hover, left, front, front]	[0.6605, 2.7469, 0.5395, 16.8757]
76   	10283.72    	0.007   	1.0000  	[10.8, 10.8, 10.8, 21.7]	[hover, hover, right, front]	[0.9072, 2.2974, 0.5856, 46.6464]
77   	10172.27    	0.007   	1.0000  	[10.8, 10.8, 10.8, 21.7]	[hover, hover, front, front]	[0.7617, 1.5836, 0.6053, 123.6224]
78   	10124.91    	0.007   	1.0000  	[10.8, 10.8, 10.8, 21.7]	[hover, front, hover, hover]	[0.6630, 1.6722, 0.3745, 48.5746]
79   	10106.67    	0.007   	1.0000  	[10.8, 10.8, 10.8, 21.7]	[left, front, hover, hover]	[0.3069, 1.8857, 0.1418, 18.0781]
80   	10096.41    	0.007   	1.0000  	[10.8, 10.8, 10.8, 21.7]	[right, hover, hover, right]	[0.0994, 1.9977, 0.1593, 8.5765]
81   	10089.40    	0.007   	1.0000  	[10.8, 10.8, 10.8, 21.7]	[hover, right, hover, hover]	[0.2809, 2.1036, 0.4372, 6.4499]
82   	10083.52    	0.007   	1.0000  	[10.8, 10.8, 10.8, 21.7]	[hover, hover, hover, left]	[0.1566, 1.2709, 0.6172, 5.5930]
83   	10077.53    	0.007   	1.0000  	[10.8, 10.8, 10.8, 21.7]	[hover, hover, hover, right]	[0.0864, 1.6174, 0.4592, 4.9459]
84   	10073.56    	0.007   	1.0000  	[10.8, 10.8, 10.8, 21.7]	[hover, hover, hover, hover]	[0.0550, 1.6512, 0.1521, 3.3319]
85   	10071.83    	0.007   	1.0000  	[10.8, 10.8, 10.8, 21.7]	[right, hover, hover, hover]	[0.1117, 1.3590, 0.0317, 2.4807]
86   	10069.59    	0.007   	1.0000  	[10.8, 10.8, 10.8, 21.7]	[hover, hover, hover, left]	[0.3209, 0.9638, 0.0058, 2.1622]
87   	10068.10    	0.007   	1.0000  	[10.8, 10.8, 10.8, 21.7]	[hover, hover, hover, right]	[0.3476, 0.6499, 0.0010, 1.6620]
88   	10066.45    	0.007   	1.0000  	[10.8, 10.8, 10.8, 21.7]	[hover, hover, hover, right]	[0.1232, 0.5330, 0.0002, 1.8062]
89   	10065.39    	0.007   	1.0000  	[10.8, 10.8, 10.8, 21.7]	[hover, hover, right, hover]	[0.0388, 0.3794, 0.0001, 1.7734]
90   	10065.31    	0.007   	1.0000  	[10.8, 10.8, 10.8, 21.7]	[hover, up, front, hover]	[0.1791, 0.1198, 0.0004, 1.4471]
91   	10063.77    	0.007   	1.0000  	[10.8, 16.2, 10.8, 21.7]	[hover, up, hover, hover]	[0.5227, 0.4216, 0.0006, 1.7395]
92   	10060.99    	0.007   	1.0000  	[10.8, 21.7, 10.8, 21.7]	[hover, front, hover, hover]	[0.4476, 0.9852, 0.0013, 1.8911]
93   	10058.58    	0.007   	1.0000  	[10.8, 21.7, 10.8, 21.7]	[hover, right, hover, hover]	[0.4957, 1.4906, 0.0001, 1.7188]
94   	10055.69    	0.007   	1.0000  	[10.8, 21.7, 10.8, 21.7]	[hover, front, hover, hover]	[0.1924, 1.5422, 0.0002, 1.9314]
95   	10052.73    	0.007   	1.0000  	[10.8, 21.7, 10.8, 21.7]	[hover, front, hover, hover]	[0.0697, 1.7857, 0.0000, 2.0594]
96   	10045.34    	0.007   	1.0000  	[10.8, 21.7, 10.8, 21.7]	[hover, front, hover, hover]	[0.0950, 3.7754, 0.0000, 2.0893]
97   	10035.07    	0.007   	1.0000  	[10.8, 21.7, 10.8, 21.7]	[hover, front, hover, hover]	[0.0239, 7.6206, 0.0001, 1.8085]
98   	9976.42     	0.007   	1.0000  	[10.8, 21.7, 10.8, 21.7]	[hover, up, front, left]	[0.0072, 19.2582, 0.0002, 1.7313]
99   	9755.87     	0.007   	1.0000  	[10.8, 27.1, 10.8, 21.7]	[hover, up, back, hover]	[0.0054, 69.8867, 0.0006, 1.7284]
[2025-12-18T14:56:09]
Strategy: greedy_ig
Pairwise: biased
News mode: IG
Num agents: 4
Iteration: 19
Error margin: None
Gaussian radius 5 
Grid info: range: 0-50-50, cell_size:0.125, map shape: (400, 400), center:True
init UAV positions: [(-15.0, -15.0, 5.4), (-5.0, 20.0, 5.4), (10.0, -5.0, 5.4), (20.0, 20.0, 5.4)]
mcts_params: {}
Step	Entropy	MSE	Coverage	Heights	Actions	IGs
------------------------------------------------------------------------------------------------------------------------
0    	160000.00   	0.250   	0.0000  	[5.4, 5.4, 5.4, 5.4]	[-, -, -, -]	[-, -, -, -]
1    	158780.19   	0.238   	0.0625  	[5.4, 5.4, 5.4, 5.4]	[up, up, up, up]	[3904.5582, 3514.1024, 3904.5582, 3162.6921]
2    	157495.59   	0.226   	0.2319  	[10.8, 10.8, 10.8, 10.8]	[up, up, up, up]	[3785.5715, 2667.6712, 3782.8798, 1844.6222]
3    	156193.91   	0.214   	0.4717  	[16.2, 16.2, 16.2, 16.2]	[up, up, up, back]	[2458.8986, 2262.0462, 3554.3336, 1466.6921]
4    	154625.32   	0.203   	0.7281  	[21.7, 21.7, 21.7, 16.2]	[front, back, up, left]	[1880.5634, 2018.4127, 2834.7091, 1409.7822]
5    	152338.61   	0.193   	0.8609  	[21.7, 21.7, 27.1, 16.2]	[right, back, left, up]	[1598.2924, 1723.5903, 2069.7446, 1457.0666]
6    	149401.87   	0.184   	0.8812  	[21.7, 21.7, 27.1, 21.7]	[right, up, left, back]	[1507.6164, 1741.0668, 1624.5991, 1451.8833]
7    	145931.34   	0.175   	0.9186  	[21.7, 27.1, 27.1, 21.7]	[right, back, left, left]	[1514.2176, 1733.2148, 1417.5948, 1435.8823]
8    	142077.87   	0.166   	0.9233  	[21.7, 27.1, 27.1, 21.7]	[right, back, left, left]	[1536.8618, 1567.2596, 1348.1482, 1415.0157]
9    	138059.46   	0.158   	0.9280  	[21.7, 27.1, 27.1, 21.7]	[right, back, left, left]	[1528.4879, 1412.5343, 1335.0689, 1430.9974]
10   	133964.44   	0.149   	0.9352  	[21.7, 27.1, 27.1, 21.7]	[right, back, left, left]	[1534.7445, 1360.5353, 1334.6392, 1443.1826]
11   	129920.36   	0.141   	0.9523  	[21.7, 27.1, 27.1, 21.7]	[right, back, front, left]	[1532.5381, 1337.0487, 1256.1925, 1449.1039]
12   	125812.99   	0.133   	0.9617  	[21.7, 27.1, 27.1, 21.7]	[right, back, front, left]	[1538.9455, 1335.8100, 1255.2820, 1451.8862]
13   	121207.30   	0.124   	0.9711  	[21.7, 27.1, 27.1, 21.7]	[front, back, front, left]	[1437.6034, 1341.1802, 1289.8851, 1449.2010]
14   	116027.48   	0.116   	0.9758  	[21.7, 27.1, 27.1, 21.7]	[front, right, front, left]	[1452.7232, 1262.0887, 1312.9152, 1449.5234]
15   	110682.91   	0.109   	0.9805  	[21.7, 27.1, 27.1, 21.7]	[front, right, front, left]	[1488.8195, 1259.0740, 1115.9576, 1442.7724]
16   	104857.74   	0.101   	0.9833  	[21.7, 27.1, 27.1, 21.7]	[front, right, right, back]	[1522.3417, 1290.2633, 831.7926, 1431.8497]
17   	98789.49    	0.094   	0.9833  	[21.7, 27.1, 27.1, 21.7]	[front, right, right, back]	[1525.9815, 1314.4809, 685.0042, 1474.3767]
18   	92575.84    	0.086   	0.9841  	[21.7, 27.1, 27.1, 21.7]	[up, right, right, back]	[1550.9457, 1117.1122, 638.2048, 1522.0555]
19   	86117.31    	0.079   	0.9864  	[27.1, 27.1, 27.1, 21.7]	[front, front, right, back]	[1558.9781, 823.2257, 633.5463, 1520.4933]
20   	79517.87    	0.073   	0.9864  	[27.1, 27.1, 27.1, 21.7]	[front, front, right, back]	[1357.3667, 674.3553, 667.7572, 1529.3379]
21   	72674.75    	0.066   	0.9864  	[27.1, 27.1, 27.1, 21.7]	[left, front, right, back]	[1073.2551, 627.3991, 761.3908, 1547.3981]
22   	65953.10    	0.060   	0.9864  	[27.1, 27.1, 27.1, 21.7]	[left, front, hover, back]	[1010.0558, 619.8084, 457.9511, 1534.6029]
23   	59857.38    	0.055   	0.9864  	[27.1, 27.1, 27.1, 21.7]	[left, front, back, back]	[1006.3776, 627.9772, 237.9919, 1524.3078]
24   	54022.48    	0.050   	0.9864  	[27.1, 27.1, 27.1, 21.7]	[left, front, back, right]	[1017.4780, 543.6860, 132.1961, 1420.8268]
25   	48454.10    	0.046   	0.9864  	[27.1, 27.1, 27.1, 21.7]	[left, hover, back, right]	[1034.9124, 314.7554, 93.1625, 1448.5379]
26   	43505.63    	0.041   	0.9864  	[27.1, 27.1, 27.1, 21.7]	[left, hover, back, right]	[1052.3802, 148.2658, 92.7508, 1489.6984]
27   	39514.34    	0.038   	0.9864  	[27.1, 27.1, 27.1, 21.7]	[left, down, back, right]	[734.9239, 63.0323, 127.3241, 1512.2059]
28   	35696.81    	0.034   	0.9925  	[27.1, 21.7, 27.1, 21.7]	[down, front, back, right]	[527.6795, 65.6144, 564.3487, 1527.3325]
29   	31994.09    	0.030   	0.9925  	[21.7, 21.7, 27.1, 21.7]	[left, right, back, right]	[309.6356, 42.4841, 636.1316, 1538.4741]
30   	28585.57    	0.027   	1.0000  	[21.7, 21.7, 27.1, 21.7]	[front, hover, left, right]	[213.2666, 25.2188, 447.6674, 1535.1161]
31   	26163.65    	0.025   	1.0000  	[21.7, 21.7, 27.1, 21.7]	[hover, down, left, right]	[89.5713, 17.5099, 293.4862, 1234.6237]
32   	24765.66    	0.024   	1.0000  	[21.7, 16.2, 27.1, 21.7]	[hover, right, left, back]	[39.2847, 17.7633, 234.5062, 815.4527]
33   	23899.48    	0.023   	1.0000  	[21.7, 16.2, 27.1, 21.7]	[down, front, left, hover]	[21.4953, 15.6736, 224.0540, 394.9471]
34   	23290.00    	0.022   	1.0000  	[16.2, 16.2, 27.1, 21.7]	[left, hover, left, hover]	[18.1991, 12.5423, 248.2462, 148.7077]
35   	22672.37    	0.021   	1.0000  	[16.2, 16.2, 27.1, 21.7]	[front, back, left, front]	[14.5962, 10.0851, 301.9559, 101.5439]
36   	22226.98    	0.020   	1.0000  	[16.2, 16.2, 27.1, 21.7]	[right, hover, left, up]	[10.3373, 8.6732, 269.2397, 71.0149]
37   	21956.78    	0.020   	1.0000  	[16.2, 16.2, 27.1, 27.1]	[hover, hover, hover, left]	[8.5652, 7.6239, 159.0267, 59.2154]
38   	21788.87    	0.020   	1.0000  	[16.2, 16.2, 27.1, 27.1]	[back, hover, front, left]	[5.5900, 6.8759, 85.5717, 55.7356]
39   	21661.84    	0.019   	1.0000  	[16.2, 16.2, 27.1, 27.1]	[back, hover, front, left]	[8.8396, 5.6789, 48.5072, 56.1096]
40   	21535.88    	0.019   	1.0000  	[16.2, 16.2, 27.1, 27.1]	[back, hover, front, left]	[8.4602, 4.6537, 43.4037, 57.4876]
41   	21386.65    	0.019   	1.0000  	[16.2, 16.2, 27.1, 27.1]	[up, hover, front, left]	[11.3542, 3.9528, 44.6860, 60.0500]
42   	21179.80    	0.019   	1.0000  	[21.7, 16.2, 27.1, 27.1]	[back, front, front, left]	[13.4070, 3.6592, 55.2065, 74.2575]
43   	20857.70    	0.018   	1.0000  	[21.7, 16.2, 27.1, 27.1]	[back, hover, front, left]	[16.7951, 3.3507, 89.1247, 109.6359]
44   	20445.22    	0.018   	1.0000  	[21.7, 16.2, 27.1, 27.1]	[back, back, front, left]	[15.8388, 3.0560, 105.0141, 244.3899]
45   	20104.09    	0.017   	1.0000  	[21.7, 16.2, 27.1, 27.1]	[back, front, hover, front]	[15.3455, 2.2956, 61.3604, 177.7437]
46   	19864.50    	0.017   	1.0000  	[21.7, 16.2, 27.1, 27.1]	[back, left, hover, front]	[11.8866, 2.2108, 34.7560, 115.0698]
47   	19713.06    	0.017   	1.0000  	[21.7, 16.2, 27.1, 27.1]	[back, left, hover, front]	[14.4452, 2.4554, 20.0514, 76.2131]
48   	19528.13    	0.016   	1.0000  	[21.7, 16.2, 27.1, 27.1]	[back, left, right, front]	[93.5312, 2.3035, 13.4912, 64.7043]
49   	19380.65    	0.016   	1.0000  	[21.7, 16.2, 27.1, 27.1]	[right, back, left, front]	[57.9071, 2.4740, 10.5612, 64.9666]
50   	19202.78    	0.016   	1.0000  	[21.7, 16.2, 27.1, 27.1]	[right, back, down, front]	[42.5695, 3.3296, 9.2716, 83.1075]
51   	18995.72    	0.016   	1.0000  	[21.7, 16.2, 21.7, 27.1]	[right, back, front, front]	[40.2629, 3.3970, 10.3882, 89.6012]
52   	18868.63    	0.015   	1.0000  	[21.7, 16.2, 21.7, 27.1]	[right, up, left, hover]	[40.7681, 4.3811, 8.8744, 44.9544]
53   	18779.27    	0.015   	1.0000  	[21.7, 21.7, 21.7, 27.1]	[right, back, right, hover]	[45.4765, 6.5210, 7.4278, 21.5132]
54   	18679.42    	0.015   	1.0000  	[21.7, 21.7, 21.7, 27.1]	[right, back, hover, hover]	[56.7773, 9.2799, 6.5104, 10.5408]
55   	18531.03    	0.015   	1.0000  	[21.7, 21.7, 21.7, 27.1]	[right, back, hover, hover]	[79.1483, 13.3516, 5.9070, 6.6835]
56   	18256.98    	0.015   	1.0000  	[21.7, 21.7, 21.7, 27.1]	[right, up, hover, back]	[153.9317, 20.0723, 5.5221, 5.1517]
57   	17544.13    	0.014   	1.0000  	[21.7, 27.1, 21.7, 27.1]	[right, back, right, back]	[483.5225, 34.3950, 5.2168, 5.2276]
58   	16892.60    	0.013   	1.0000  	[21.7, 27.1, 21.7, 27.1]	[front, back, right, back]	[273.1120, 67.2114, 6.3273, 6.0627]
59   	16290.97    	0.013   	1.0000  	[21.7, 27.1, 21.7, 27.1]	[back, back, right, back]	[122.0298, 238.1973, 7.6541, 5.6222]
60   	15622.19    	0.012   	1.0000  	[21.7, 27.1, 21.7, 27.1]	[front, right, right, back]	[46.9146, 227.2098, 10.0571, 6.8472]
61   	15141.44    	0.012   	1.0000  	[21.7, 27.1, 21.7, 27.1]	[front, hover, right, back]	[34.9776, 128.7757, 13.2484, 15.6656]
62   	14843.54    	0.012   	1.0000  	[21.7, 27.1, 21.7, 27.1]	[front, left, right, back]	[24.9533, 60.7972, 21.9193, 26.9357]
63   	14569.28    	0.011   	1.0000  	[21.7, 27.1, 21.7, 27.1]	[front, left, right, hover]	[22.3762, 56.3611, 40.4780, 13.1645]
64   	14219.28    	0.011   	1.0000  	[21.7, 27.1, 21.7, 27.1]	[front, left, right, hover]	[21.9586, 75.5785, 63.3609, 7.4102]
65   	13785.46    	0.011   	1.0000  	[21.7, 27.1, 21.7, 27.1]	[front, left, hover, hover]	[39.5494, 110.8687, 31.7125, 4.5147]
66   	13169.55    	0.010   	1.0000  	[21.7, 27.1, 21.7, 27.1]	[front, left, front, hover]	[48.6078, 165.7333, 19.8410, 3.4405]
67   	12030.49    	0.009   	1.0000  	[21.7, 27.1, 21.7, 27.1]	[front, left, down, hover]	[83.4990, 567.3996, 18.6232, 3.1833]
68   	10608.64    	0.008   	1.0000  	[21.7, 27.1, 16.2, 27.1]	[front, front, right, hover]	[146.2581, 447.2089, 16.8977, 2.9062]
69   	9316.59     	0.007   	1.0000  	[21.7, 27.1, 16.2, 27.1]	[hover, left, hover, down]	[68.0636, 471.6656, 12.5214, 2.9302]
70   	8410.05     	0.007   	1.0000  	[21.7, 27.1, 16.2, 21.7]	[front, front, hover, left]	[29.7969, 333.0318, 10.9791, 3.1937]
71   	7725.04     	0.006   	1.0000  	[21.7, 27.1, 16.2, 21.7]	[down, front, back, back]	[15.7128, 257.2040, 9.0593, 3.3275]
72   	7132.47     	0.006   	1.0000  	[16.2, 27.1, 16.2, 21.7]	[right, front, left, hover]	[18.3403, 218.6871, 8.0287, 3.2062]
73   	6622.70     	0.005   	1.0000  	[16.2, 27.1, 16.2, 21.7]	[hover, front, right, hover]	[12.9026, 202.5846, 7.0717, 2.6152]
74   	6088.98     	0.005   	1.0000  	[16.2, 27.1, 16.2, 21.7]	[hover, front, hover, front]	[9.5864, 207.6443, 6.3873, 2.3766]
75   	5560.55     	0.005   	1.0000  	[16.2, 27.1, 16.2, 21.7]	[hover, front, left, hover]	[7.7546, 185.7415, 5.2467, 2.0852]
76   	5218.77     	0.004   	1.0000  	[16.2, 27.1, 16.2, 21.7]	[left, hover, front, hover]	[6.0109, 105.6815, 5.3647, 1.9757]
77   	5045.38     	0.004   	1.0000  	[16.2, 27.1, 16.2, 21.7]	[left, hover, front, back]	[6.2736, 51.7599, 5.5358, 1.8321]
78   	4954.22     	0.004   	1.0000  	[16.2, 27.1, 16.2, 21.7]	[left, hover, right, hover]	[8.3691, 25.9440, 4.9777, 1.9939]
79   	4900.82     	0.004   	1.0000  	[16.2, 27.1, 16.2, 21.7]	[back, hover, down, hover]	[7.6635, 14.6633, 3.7618, 1.5801]
80   	4863.59     	0.004   	1.0000  	[16.2, 27.1, 10.8, 21.7]	[left, hover, left, hover]	[6.6704, 9.8622, 4.0282, 1.7800]
81   	4842.28     	0.004   	1.0000  	[16.2, 27.1, 10.8, 21.7]	[down, back, left, front]	[5.2148, 7.7134, 3.5854, 1.3047]
82   	4820.44     	0.004   	1.0000  	[10.8, 27.1, 10.8, 21.7]	[left, back, hover, front]	[4.3901, 8.1862, 2.6919, 1.1055]
83   	4793.89     	0.004   	1.0000  	[10.8, 27.1, 10.8, 21.7]	[up, back, back, front]	[2.6893, 10.5678, 2.7478, 1.4527]
84   	4749.45     	0.004   	1.0000  	[16.2, 27.1, 10.8, 21.7]	[up, back, left, front]	[3.7184, 16.0861, 2.8163, 1.6119]
85   	4665.91     	0.004   	1.0000  	[21.7, 27.1, 10.8, 21.7]	[left, back, hover, front]	[3.7474, 25.9703, 2.4281, 1.7647]
86   	4536.48     	0.004   	1.0000  	[21.7, 27.1, 10.8, 21.7]	[left, back, right, front]	[3.3605, 43.6698, 2.4368, 2.2023]
87   	4354.39     	0.004   	1.0000  	[21.7, 27.1, 10.8, 21.7]	[hover, back, front, front]	[2.2945, 66.2336, 2.2367, 1.8020]
88   	4242.76     	0.003   	1.0000  	[21.7, 27.1, 10.8, 21.7]	[back, hover, right, front]	[2.0629, 38.8707, 2.1002, 1.9588]
89   	4173.29     	0.003   	1.0000  	[21.7, 27.1, 10.8, 21.7]	[hover, hover, right, front]	[1.7255, 22.2112, 1.6832, 2.7874]
90   	4129.76     	0.003   	1.0000  	[21.7, 27.1, 10.8, 21.7]	[hover, hover, up, left]	[1.7218, 12.9267, 1.8467, 2.2069]
91   	4100.36     	0.003   	1.0000  	[21.7, 27.1, 16.2, 21.7]	[front, hover, down, hover]	[1.9373, 8.4195, 2.0795, 1.7276]
92   	4087.85     	0.003   	1.0000  	[21.7, 27.1, 10.8, 21.7]	[left, down, hover, hover]	[1.4800, 6.1144, 2.3023, 1.5798]
93   	4072.45     	0.003   	1.0000  	[21.7, 21.7, 10.8, 21.7]	[left, back, hover, down]	[1.5197, 7.6386, 1.4331, 1.1606]
94   	4059.32     	0.003   	1.0000  	[21.7, 21.7, 10.8, 16.2]	[hover, left, up, front]	[1.4487, 7.1526, 0.8092, 2.0722]
95   	4049.46     	0.003   	1.0000  	[21.7, 21.7, 16.2, 16.2]	[left, right, back, left]	[1.2621, 5.7078, 1.2036, 1.2324]
96   	4041.33     	0.003   	1.0000  	[21.7, 21.7, 16.2, 16.2]	[down, hover, back, down]	[1.4819, 4.0694, 1.1493, 1.4572]
97   	4036.57     	0.003   	1.0000  	[16.2, 21.7, 16.2, 10.8]	[back, left, hover, front]	[1.4819, 3.7701, 0.6361, 1.2947]
98   	4031.13     	0.003   	1.0000  	[16.2, 21.7, 16.2, 10.8]	[left, front, hover, left]	[1.5747, 3.4444, 0.7444, 0.2754]
99   	4025.93     	0.003   	1.0000  	[16.2, 21.7, 16.2, 10.8]	[down, front, hover, hover]	[1.4209, 3.6391, 0.7621, 0.3179]
